{"type":"FeatureCollection","features":[{"type":"Feature","properties":{"id":"osm:way:27244215","name":"象山公園","nameEn":"Xiangshan Park","category":"park","source":"osm"},"geometry":{"type":"Polygon","coordinates":[[[121.56976,25.03263],[121.56979,25.02853],[121.57037,25.02851],[121.5702,25.02956],[121.57041,25.03068],[121.57024,25.03163],[121.57038,25.03189],[121.57153,25.03241],[121.57112,25.03267],[121.56976,25.03263]]]}},{"type":"Feature","properties":{"id":"osm:way:27246849","name":"三犁公園","nameEn":"Sanli Park","category":"park","source":"osm"},"geometry":{"type":"Polygon","coordinates":[[[121.57023,25.02764],[121.56997,25.02779],[121.56989,25.02844],[121.57052,25.02823],[121.57022,25.0279],[121.57023,25.02764]]]}},{"type":"Feature","properties":{"id":"osm:way:43565999","name":"南湖右岸河濱公園","category":"park","source":"osm"},"geometry":{"type":"Polygon","coordinates":[[[121.60767,25.06017],[121.60486,25.05966],[121.59961,25.05928],[121.59817,25.05939],[121.59647,25.06009],[121.59463,25.06046],[121.59357,25.06038],[121.59195,25.05944],[121.59168,25.05991],[121.59293,25.06069],[121.59421,25.06098],[121.59562,25.06086],[121.59774,25.06005],[121.59915,25.05984],[121.60357,25.06005],[121.60725,25.06068],[121.60891,25.06125],[121.60949,25.06163],[121.61204,25.0646],[121.61282,25.06513],[121.61793,25.06575],[121.61778,25.0653],[121.61725,25.06484],[121.616,25.06451],[121.61397,25.06502],[121.6125,25.06459],[121.61206,25.06418],[121.61078,25.06209],[121.60888,25.06058],[121.60767,25.06017]]]}},{"type":"Feature","properties":{"id":"osm:way:54768343","name":"興隆公園","nameEn":"Xinglong Park","category":"park","source":"osm"},"geometry":{"type":"Polygon","coordinates":[[[121.55144,25.00081],[121.55043,25.00011],[121.55051,24.99989],[121.55114,24.99961],[121.55173,24.99978],[121.55212,25.00049],[121.55144,25.00081]]]}},{"type":"Feature","properties":{"id":"osm:way:55007694","name":"萬芳11號公園綠地","nameEn":"Wanfang Park No. 11","category":"park","source":"osm"},"geometry":{"type":"Polygon","coordinates":[[[121.56323,25.0033],[121.56339,25.00282],[121.56309,25.0026],[121.56282,25.00341],[121.56323,25.0033]]]}},{"type":"Feature","properties":{"id":"osm:way:55022611","name":"景華公園","nameEn":"Jinghua Park","category":"park","source":"osm"},"geometry":{"type":"Polygon","coordinates":[[[121.54294,24.99596],[121.54293,24.99508],[121.54454,24.9952],[121.54454,24.99606],[121.54294,24.99596]]]}},{"type":"Feature","properties":{"id":"osm:way:55227272","name":"和平公園","nameEn":"Heping Park","category":"park","source":"osm"},"geometry":{"type":"Polygon","coordinates":[[[121.54231,25.02372],[121.54226,25.0234],[121.54284,25.02332],[121.54285,25.02364],[121.54231,25.02372]]]}},{"type":"Feature","properties":{"id":"osm:way:55259184","name":"永康公園","nameEn":"Yongkang Park","category":"park","source":"osm"},"geometry":{"type":"Polygon","coordinates":[[[121.52971,25.0322],[121.52962,25.03133],[121.53006,25.03145],[121.52971,25.0322]]]}},{"type":"Feature","properties":{"id":"osm:way:55567828","name":"140高地公園","nameEn":"140 Hill Park","category":"park","source":"osm"},"geometry":{"type":"Polygon","coordinates":[[[121.56801,25.00462],[121.56755,25.00493],[121.5674,25.00471],[121.56634,25.00493],[121.56616,25.00521],[121.56339,25.00398],[121.56298,25.0035],[121.56321,25.0034],[121.56334,25.00371],[121.56471,25.00402],[121.56476,25.00362],[121.56826,25.00385],[121.56846,25.00356],[121.56941,25.00351],[121.56943,25.00387],[121.5691,25.00394],[121.56916,25.00447],[121.56801,25.00462]]]}},{"type":"Feature","properties":{"id":"osm:way:55567838","name":"仙岩公園","nameEn":"XianYan Park","category":"park","source":"osm"},"geometry":{"type":"Polygon","coordinates":[[[121.54902,24.99846],[121.54893,24.99785],[121.54945,24.99761],[121.5498,24.99765],[121.54983,24.99808],[121.54918,24.99856],[121.54902,24.99846]]]}},{"type":"Feature","properties":{"id":"osm:way:60730698","name":"玉泉公園","category":"park","source":"osm"},"geometry":{"type":"Polygon","coordinates":[[[121.50691,25.05047],[121.50645,25.04917],[121.50757,25.04887],[121.50796,25.05034],[121.50691,25.05047]]]}},{"type":"Feature","properties":{"id":"osm:way:60793441","name":"圓山公園","nameEn":"Yuanshan Park","category":"park","source":"osm"},"geometry":{"type":"Polygon","coordinates":[[[121.52175,25.07222],[121.52252,25.07221],[121.52317,25.07274],[121.52373,25.0726],[121.52323,25.07062],[121.5201,25.07049],[121.5203,25.07177],[121.52175,25.07222]]]}},{"type":"Feature","properties":{"id":"osm:way:72380602","name":"華固綠大地","category":"park","source":"osm"},"geometry":{"type":"Polygon","coordinates":[[[121.59482,25.05695],[121.59592,25.05733],[121.59567,25.05823],[121.59412,25.05819],[121.59482,25.05695]]]}},{"type":"Feature","properties":{"id":"osm:way:72663689","name":"東陽公園","nameEn":"DongYang Park","category":"park","source":"osm"},"geometry":{"type":"Polygon","coordinates":[[[121.59737,25.05844],[121.59819,25.05827],[121.5987,25.05728],[121.59799,25.057],[121.59737,25.05844]]]}},{"type":"Feature","properties":{"id":"osm:way:73567632","name":"南興公園","nameEn":"NanXing Park","category":"park","source":"osm"},"geometry":{"type":"Polygon","coordinates":[[[121.60636,25.05417],[121.60739,25.05435],[121.60752,25.05366],[121.60652,25.0535],[121.60636,25.05417]]]}},{"type":"Feature","properties":{"id":"osm:way:73750287","name":"東明公園","nameEn":"DongMing Park","category":"park","source":"osm"},"geometry":{"type":"Polygon","coordinates":[[[121.60316,25.05463],[121.60324,25.05427],[121.60358,25.05433],[121.60351,25.05462],[121.60394,25.05472],[121.60403,25.05531],[121.60316,25.05463]]]}},{"type":"Feature","properties":{"id":"osm:way:74370589","name":"三重世貿公園","nameEn":"Sanchong World Trade Park","category":"park","source":"osm"},"geometry":{"type":"Polygon","coordinates":[[[121.61422,25.05821],[121.61418,25.05779],[121.61655,25.05765],[121.61657,25.05805],[121.61422,25.05821]]]}},{"type":"Feature","properties":{"id":"osm:way:75035353","name":"興南公園","nameEn":"Xingnan Park","category":"park","source":"osm"},"geometry":{"type":"Polygon","coordinates":[[[121.60346,25.05764],[121.60419,25.05763],[121.6037,25.05719],[121.60346,25.05764]]]}},{"type":"Feature","properties":{"id":"osm:way:75045159","name":"重陽公園","nameEn":"Chongyang Park","category":"park","source":"osm"},"geometry":{"type":"Polygon","coordinates":[[[121.5989,25.05637],[121.59922,25.05652],[121.59948,25.056],[121.59869,25.05565],[121.59863,25.05577],[121.5991,25.05597],[121.5989,25.05637]]]}},{"type":"Feature","properties":{"id":"osm:way:75091370","name":"Park 75091370","category":"park","source":"osm"},"geometry":{"type":"Polygon","coordinates":[[[121.59674,25.05549],[121.59702,25.0552],[121.5981,25.05515],[121.59826,25.05496],[121.59688,25.0551],[121.59658,25.05541],[121.59674,25.05549]]]}},{"type":"Feature","properties":{"id":"osm:way:75844349","name":"向陽公園","nameEn":"XiangYang Park","category":"park","source":"osm"},"geometry":{"type":"Polygon","coordinates":[[[121.59272,25.05787],[121.59314,25.05708],[121.59266,25.05689],[121.59256,25.05761],[121.59272,25.05787]]]}},{"type":"Feature","properties":{"id":"osm:way:76157035","name":"關渡水岸公園","nameEn":"Guandu Riverside Park","category":"park","source":"osm"},"geometry":{"type":"Polygon","coordinates":[[[121.46304,25.11808],[121.46197,25.12309],[121.46255,25.12342],[121.46364,25.12338],[121.46407,25.12365],[121.46159,25.12368],[121.4613,25.12468],[121.46111,25.12458],[121.46203,25.1194],[121.46218,25.11941],[121.46245,25.11797],[121.46304,25.11808]]]}},{"type":"Feature","properties":{"id":"osm:way:77000045","name":"安康公園","nameEn":"Ankang Park","category":"park","source":"osm"},"geometry":{"type":"Polygon","coordinates":[[[121.6121,25.06711],[121.61332,25.06642],[121.61348,25.0666],[121.61249,25.06714],[121.6121,25.06711]]]}},{"type":"Feature","properties":{"id":"osm:way:83228945","name":"四分河濱公園","category":"park","source":"osm"},"geometry":{"type":"Polygon","coordinates":[[[121.6129,25.04889],[121.61263,25.04864],[121.61241,25.04749],[121.61274,25.04746],[121.61293,25.0488],[121.61389,25.04871],[121.61574,25.04814],[121.61565,25.04872],[121.6129,25.04889]]]}},{"type":"Feature","properties":{"id":"osm:way:83228948","name":"中研公園","nameEn":"Academia Park","category":"park","source":"osm"},"geometry":{"type":"Polygon","coordinates":[[[121.61245,25.04635],[121.6138,25.04636],[121.61375,25.04743],[121.61242,25.0474],[121.61245,25.04635]]]}},{"type":"Feature","properties":{"id":"osm:way:105778405","name":"蘆洲環河公園","category":"park","source":"osm"},"geometry":{"type":"Polygon","coordinates":[[[121.46067,25.09454],[121.46156,25.09351],[121.46133,25.09351],[121.46016,25.09472],[121.46002,25.0951],[121.46008,25.09555],[121.46115,25.09717],[121.46131,25.09714],[121.46049,25.09561],[121.46067,25.09454]]]}},{"type":"Feature","properties":{"id":"osm:way:105778441","name":"柳堤公園","nameEn":"Liuti Park","category":"park","source":"osm"},"geometry":{"type":"Polygon","coordinates":[[[121.46309,25.08854],[121.46334,25.0881],[121.46238,25.08759],[121.46196,25.08842],[121.46309,25.08854]]]}},{"type":"Feature","properties":{"id":"osm:way:105778470","name":"蘆洲捷運公園","nameEn":"Luzhou MRT Park","category":"park","source":"osm"},"geometry":{"type":"Polygon","coordinates":[[[121.46176,25.09343],[121.46157,25.09333],[121.4628,25.09221],[121.46402,25.09148],[121.46372,25.09213],[121.46251,25.09277],[121.46176,25.09343]]]}},{"type":"Feature","properties":{"id":"osm:way:105778494","name":"中原公園","nameEn":"Zhung Yuan Park","category":"park","source":"osm"},"geometry":{"type":"Polygon","coordinates":[[[121.46437,25.08423],[121.46359,25.08359],[121.46385,25.08337],[121.46465,25.08391],[121.46437,25.08423]]]}},{"type":"Feature","properties":{"id":"osm:way:106335624","name":"中央藝文公園","nameEn":"Central Art Park","category":"park","source":"osm"},"geometry":{"type":"Polygon","coordinates":[[[121.53035,25.04551],[121.53044,25.04591],[121.5258,25.04729],[121.52552,25.04604],[121.52865,25.04517],[121.52941,25.04534],[121.52937,25.04551],[121.52955,25.04555],[121.53035,25.04551]]]}},{"type":"Feature","properties":{"id":"osm:way:106335689","name":"林森公園","nameEn":"Linsen Park","category":"park","source":"osm"},"geometry":{"type":"Polygon","coordinates":[[[121.52734,25.05297],[121.52732,25.05377],[121.52551,25.05384],[121.52551,25.05226],[121.52742,25.05225],[121.52734,25.05297]]]}},{"type":"Feature","properties":{"id":"osm:way:111447445","name":"介壽公園","category":"park","source":"osm"},"geometry":{"type":"Polygon","coordinates":[[[121.46312,25.0092],[121.46201,25.00755],[121.46343,25.00786],[121.46312,25.0092]]]}},{"type":"Feature","properties":{"id":"osm:way:111447460","name":"Park 111447460","category":"park","source":"osm"},"geometry":{"type":"Polygon","coordinates":[[[121.45856,25.01415],[121.45852,25.01333],[121.45899,25.01367],[121.45856,25.01415]]]}},{"type":"Feature","properties":{"id":"osm:way:115493278","name":"玉成公園","nameEn":"Yucheng Park","category":"park","source":"osm"},"geometry":{"type":"Polygon","coordinates":[[[121.5837,25.0428],[121.58508,25.04345],[121.58574,25.04281],[121.58673,25.04306],[121.58747,25.0418],[121.58562,25.04164],[121.5837,25.0428]]]}},{"type":"Feature","properties":{"id":"osm:way:124350710","name":"八二三紀念公園(4號公園)","nameEn":"823 Memorial Park(No. 4 Park)","category":"park","source":"osm"},"geometry":{"type":"Polygon","coordinates":[[[121.51286,24.99894],[121.51244,24.9986],[121.5111,24.9996],[121.51095,25.00023],[121.51379,25.00353],[121.51449,25.00367],[121.51498,25.00146],[121.51286,24.99894]]]}},{"type":"Feature","properties":{"id":"osm:way:127293849","name":"兒童公園","category":"park","source":"osm"},"geometry":{"type":"Polygon","coordinates":[[[121.45969,24.99658],[121.46026,24.99667],[121.46028,24.99587],[121.45972,24.99578],[121.45969,24.99658]]]}},{"type":"Feature","properties":{"id":"osm:way:131457251","name":"介壽公園","nameEn":"Jieshou Park","category":"park","source":"osm"},"geometry":{"type":"Polygon","coordinates":[[[121.51404,25.03955],[121.51391,25.03881],[121.51516,25.03872],[121.51521,25.0394],[121.51404,25.03955]]]}},{"type":"Feature","properties":{"id":"osm:way:134900817","name":"榮星花園公園","nameEn":"Rongxing Park","category":"park","source":"osm"},"geometry":{"type":"Polygon","coordinates":[[[121.53738,25.06401],[121.53736,25.06425],[121.54087,25.06424],[121.54084,25.0625],[121.53733,25.06252],[121.53738,25.06401]]]}},{"type":"Feature","properties":{"id":"osm:way:135130400","name":"下埤公園","nameEn":"Xiapi Park","category":"park","source":"osm"},"geometry":{"type":"Polygon","coordinates":[[[121.54208,25.06731],[121.54208,25.06685],[121.54274,25.06685],[121.54208,25.06731]]]}},{"type":"Feature","properties":{"id":"osm:way:138840350","name":"金華公園","nameEn":"Jinhua Park","category":"park","source":"osm"},"geometry":{"type":"Polygon","coordinates":[[[121.53068,25.02971],[121.53065,25.02934],[121.5317,25.0295],[121.53153,25.02995],[121.53068,25.02971]]]}},{"type":"Feature","properties":{"id":"osm:way:153585181","name":"內雙溪森林藥用植物園","nameEn":"Neishuangxi Medicinal Plant Garden","category":"park","source":"osm"},"geometry":{"type":"Polygon","coordinates":[[[121.57725,25.11525],[121.57651,25.11624],[121.57619,25.11617],[121.576,25.1159],[121.57609,25.11558],[121.57646,25.11537],[121.57639,25.11465],[121.57654,25.1145],[121.57623,25.11427],[121.57718,25.11457],[121.57725,25.11525]]]}},{"type":"Feature","properties":{"id":"osm:way:155780482","name":"舊莊公園","nameEn":"Jiuzhuang Park","category":"park","source":"osm"},"geometry":{"type":"Polygon","coordinates":[[[121.62025,25.04176],[121.61983,25.04139],[121.6207,25.04113],[121.62025,25.04176]]]}},{"type":"Feature","properties":{"id":"osm:way:155800172","name":"理想公園","category":"park","source":"osm"},"geometry":{"type":"Polygon","coordinates":[[[121.6213,25.03993],[121.6219,25.03962],[121.62222,25.0398],[121.62145,25.04016],[121.6213,25.03993]]]}},{"type":"Feature","properties":{"id":"osm:way:155815990","name":"慶城公園","nameEn":"Qingcheng Park","category":"park","source":"osm"},"geometry":{"type":"Polygon","coordinates":[[[121.54664,25.05386],[121.54668,25.05291],[121.54589,25.05293],[121.54664,25.05386]]]}},{"type":"Feature","properties":{"id":"osm:way:155963951","name":"Park 155963951","category":"park","source":"osm"},"geometry":{"type":"Polygon","coordinates":[[[121.6156,25.0389],[121.61554,25.03901],[121.61613,25.03898],[121.61587,25.03803],[121.6156,25.0389]]]}},{"type":"Feature","properties":{"id":"osm:way:156432982","name":"福山公園","nameEn":"Fushan Park","category":"park","source":"osm"},"geometry":{"type":"Polygon","coordinates":[[[121.61789,25.04521],[121.61749,25.04458],[121.61762,25.04437],[121.61798,25.04445],[121.61825,25.04427],[121.61838,25.04438],[121.61789,25.04521]]]}},{"type":"Feature","properties":{"id":"osm:way:156439492","name":"福德坑環保復育公園","nameEn":"Fudekeng Eco-park","category":"park","source":"osm"},"geometry":{"type":"Polygon","coordinates":[[[121.5897,25.01162],[121.58963,25.01195],[121.59028,25.01255],[121.592,25.012],[121.59063,25.01191],[121.59119,25.01095],[121.59181,25.01057],[121.59191,25.01157],[121.59227,25.01196],[121.59219,25.01219],[121.59245,25.01266],[121.59297,25.01292],[121.59346,25.01301],[121.59464,25.01247],[121.59545,25.01254],[121.59605,25.01235],[121.59624,25.01198],[121.59632,25.01065],[121.59546,25.007],[121.59559,25.00601],[121.59516,25.00643],[121.59464,25.00611],[121.59358,25.00636],[121.5933,25.00571],[121.59298,25.00568],[121.59168,25.00588],[121.59071,25.00671],[121.58996,25.00681],[121.58982,25.00695],[121.59008,25.00738],[121.59002,25.00806],[121.58974,25.00845],[121.58887,25.00875],[121.58855,25.00943],[121.58893,25.01134],[121.58934,25.01135],[121.58943,25.01052],[121.58988,25.01057],[121.58958,25.01101],[121.5897,25.01162]]]}},{"type":"Feature","properties":{"id":"osm:way:165064561","name":"洲子二號公園","nameEn":"Zhouzhi Park No.2","category":"park","source":"osm"},"geometry":{"type":"Polygon","coordinates":[[[121.56848,25.07999],[121.56834,25.07958],[121.56813,25.07957],[121.56889,25.07921],[121.56914,25.07969],[121.56848,25.07999]]]}},{"type":"Feature","properties":{"id":"osm:way:166322259","name":"臥龍公園","nameEn":"Wolong Park","category":"park","source":"osm"},"geometry":{"type":"Polygon","coordinates":[[[121.5505,25.01649],[121.55045,25.01627],[121.54929,25.0172],[121.5505,25.01649]]]}},{"type":"Feature","properties":{"id":"osm:way:168955498","name":"美崙公園","nameEn":"Meilun Park","category":"park","source":"osm"},"geometry":{"type":"Polygon","coordinates":[[[121.51562,25.09843],[121.51844,25.09883],[121.51929,25.09692],[121.51748,25.09635],[121.51562,25.09843]]]}},{"type":"Feature","properties":{"id":"osm:way:172957179","name":"北勢湖環保公園","nameEn":"Beishi Lake Environmental Park","category":"park","source":"osm"},"geometry":{"type":"Polygon","coordinates":[[[121.56121,25.08428],[121.56156,25.08325],[121.56227,25.08374],[121.56121,25.08428]]]}},{"type":"Feature","properties":{"id":"osm:way:173109421","name":"西康公園","nameEn":"Xikang Park","category":"park","source":"osm"},"geometry":{"type":"Polygon","coordinates":[[[121.56487,25.08332],[121.56412,25.08333],[121.56398,25.08314],[121.56488,25.08269],[121.56487,25.08332]]]}},{"type":"Feature","properties":{"id":"osm:way:174142793","name":"關渡自然公園","nameEn":"Guandu Nature Park","category":"park","source":"osm"},"geometry":{"type":"Polygon","coordinates":[[[121.47816,25.12008],[121.46931,25.11987],[121.46912,25.11815],[121.4672,25.11742],[121.46597,25.11745],[121.46541,25.11534],[121.47063,25.11543],[121.47218,25.11525],[121.47528,25.1144],[121.47535,25.11466],[121.47821,25.11411],[121.47816,25.12008]]]}},{"type":"Feature","properties":{"id":"osm:way:178101901","name":"六福公園","nameEn":"Liufu Park","category":"park","source":"osm"},"geometry":{"type":"Polygon","coordinates":[[[121.6165,25.04806],[121.61615,25.04725],[121.61653,25.04684],[121.61704,25.04685],[121.6165,25.04806]]]}},{"type":"Feature","properties":{"id":"osm:way:182810254","name":"萬坪都會公園","category":"park","source":"osm"},"geometry":{"type":"Polygon","coordinates":[[[121.46208,25.01364],[121.46154,25.01286],[121.46177,25.0127],[121.46123,25.01211],[121.46048,25.01265],[121.4615,25.014],[121.46208,25.01364]]]}},{"type":"Feature","properties":{"id":"osm:way:182810255","name":"板橋車站站前廣場","category":"park","source":"osm"},"geometry":{"type":"Polygon","coordinates":[[[121.46322,25.01601],[121.46373,25.01566],[121.4622,25.01387],[121.46174,25.01422],[121.46322,25.01601]]]}},{"type":"Feature","properties":{"id":"osm:way:182876068","name":"明德公園","category":"park","source":"osm"},"geometry":{"type":"Polygon","coordinates":[[[121.46843,24.99885],[121.46889,24.99871],[121.4683,24.9962],[121.46796,24.99675],[121.46843,24.99885]]]}},{"type":"Feature","properties":{"id":"osm:way:182876069","name":"Park 182876069","category":"park","source":"osm"},"geometry":{"type":"Polygon","coordinates":[[[121.46734,24.99506],[121.46781,24.99482],[121.46808,24.99549],[121.46827,24.99611],[121.46793,24.99662],[121.46734,24.99506]]]}},{"type":"Feature","properties":{"id":"osm:way:183430710","name":"培英公園","nameEn":"Peiying Park","category":"park","source":"osm"},"geometry":{"type":"Polygon","coordinates":[[[121.54467,25.08281],[121.54525,25.08286],[121.54524,25.08172],[121.54494,25.08166],[121.54495,25.08126],[121.54467,25.08124],[121.54467,25.08281]]]}},{"type":"Feature","properties":{"id":"osm:way:183801913","name":"圓山自然景觀公園","nameEn":"Yuanshan Natural Landscape Park","category":"park","source":"osm"},"geometry":{"type":"Polygon","coordinates":[[[121.52149,25.07465],[121.52216,25.07605],[121.5236,25.0753],[121.52428,25.07408],[121.52334,25.07277],[121.52277,25.07231],[121.52215,25.07212],[121.52175,25.07222],[121.52165,25.07272],[121.52125,25.0728],[121.521,25.07313],[121.52106,25.0735],[121.52184,25.07439],[121.52149,25.07465]]]}},{"type":"Feature","properties":{"id":"osm:way:183864396","name":"金泰公園","nameEn":"Jintai Park","category":"park","source":"osm"},"geometry":{"type":"Polygon","coordinates":[[[121.56325,25.07655],[121.56327,25.07618],[121.56475,25.07622],[121.56788,25.07729],[121.56793,25.07744],[121.56738,25.0776],[121.56735,25.07742],[121.56464,25.07656],[121.56325,25.07655]]]}},{"type":"Feature","properties":{"id":"osm:way:183864397","name":"永直公園","nameEn":"YongZhi Park","category":"park","source":"osm"},"geometry":{"type":"Polygon","coordinates":[[[121.55068,25.08193],[121.55086,25.08111],[121.55036,25.08109],[121.55034,25.08188],[121.55068,25.08193]]]}},{"type":"Feature","properties":{"id":"osm:way:183864398","name":"上塔悠公園","category":"park","source":"osm"},"geometry":{"type":"Polygon","coordinates":[[[121.55137,25.0774],[121.5517,25.07766],[121.55619,25.07752],[121.5562,25.07725],[121.55137,25.0774]]]}},{"type":"Feature","properties":{"id":"osm:way:183865341","name":"中431公園","category":"park","source":"osm"},"geometry":{"type":"Polygon","coordinates":[[[121.56502,25.07768],[121.56498,25.07717],[121.56578,25.07742],[121.56502,25.07768]]]}},{"type":"Feature","properties":{"id":"osm:way:185632838","name":"興華公園","nameEn":"Xinghua Park","category":"park","source":"osm"},"geometry":{"type":"Polygon","coordinates":[[[121.48493,25.06035],[121.48356,25.06049],[121.48308,25.06018],[121.4849,25.06008],[121.48493,25.06035]]]}},{"type":"Feature","properties":{"id":"osm:way:186083454","name":"眷村文化公園","nameEn":"Military Families Community Park","category":"park","source":"osm"},"geometry":{"type":"Polygon","coordinates":[[[121.56135,25.03203],[121.56232,25.03201],[121.56207,25.03089],[121.56164,25.03097],[121.56133,25.03077],[121.56135,25.03203]]]}},{"type":"Feature","properties":{"id":"osm:way:188722647","name":"Park 188722647","category":"park","source":"osm"},"geometry":{"type":"Polygon","coordinates":[[[121.5926,25.06633],[121.59258,25.06609],[121.59132,25.06658],[121.59134,25.06682],[121.5926,25.06633]]]}},{"type":"Feature","properties":{"id":"osm:way:188843384","name":"三重綜合運動場","category":"park","source":"osm"},"geometry":{"type":"Polygon","coordinates":[[[121.48941,25.06304],[121.48892,25.0615],[121.49231,25.06152],[121.49152,25.06232],[121.48941,25.06304]]]}},{"type":"Feature","properties":{"id":"osm:way:189157159","name":"Park 189157159","category":"park","source":"osm"},"geometry":{"type":"Polygon","coordinates":[[[121.59331,25.0638],[121.59339,25.06303],[121.59504,25.06356],[121.59331,25.0638]]]}},{"type":"Feature","properties":{"id":"osm:way:189485366","name":"下灣公園","nameEn":"Siawan Park","category":"park","source":"osm"},"geometry":{"type":"Polygon","coordinates":[[[121.59435,25.06567],[121.59563,25.06521],[121.59558,25.06496],[121.59428,25.06544],[121.59435,25.06567]]]}},{"type":"Feature","properties":{"id":"osm:way:189781448","name":"上灣公園","category":"park","source":"osm"},"geometry":{"type":"Polygon","coordinates":[[[121.59572,25.06519],[121.59959,25.06648],[121.59964,25.06617],[121.59588,25.06491],[121.59572,25.06519]]]}},{"type":"Feature","properties":{"id":"osm:way:189784276","name":"大湖公園","nameEn":"Dahu Park","category":"park","source":"osm"},"geometry":{"type":"Polygon","coordinates":[[[121.60233,25.08136],[121.60263,25.0806],[121.60602,25.07997],[121.60619,25.07971],[121.6062,25.07855],[121.60697,25.07832],[121.60701,25.08073],[121.60626,25.08205],[121.60584,25.08244],[121.60519,25.08276],[121.6034,25.08302],[121.60228,25.08366],[121.60233,25.08136]]]}},{"type":"Feature","properties":{"id":"osm:way:190288494","name":"西松公園","category":"park","source":"osm"},"geometry":{"type":"Polygon","coordinates":[[[121.56397,25.05404],[121.56394,25.05346],[121.56438,25.05344],[121.56439,25.05407],[121.56397,25.05404]]]}},{"type":"Feature","properties":{"id":"osm:way:193048630","name":"交通公園","category":"park","source":"osm"},"geometry":{"type":"Polygon","coordinates":[[[121.53775,24.9767],[121.53858,24.97589],[121.53924,24.97652],[121.5384,24.97731],[121.53775,24.9767]]]}},{"type":"Feature","properties":{"id":"osm:way:196634563","name":"歐洲公園","nameEn":"Europe Park","category":"park","source":"osm"},"geometry":{"type":"Polygon","coordinates":[[[121.53495,25.00792],[121.53575,25.00794],[121.5356,25.00849],[121.53496,25.00849],[121.53495,25.00792]]]}},{"type":"Feature","properties":{"id":"osm:way:197114667","name":"中山堂廣場","nameEn":"Sen-yat-sen Hall Square","category":"park","source":"osm"},"geometry":{"type":"Polygon","coordinates":[[[121.51,25.04352],[121.51019,25.04409],[121.51068,25.04406],[121.51071,25.04258],[121.50968,25.04229],[121.50983,25.04281],[121.51029,25.04307],[121.51,25.04352]]]}},{"type":"Feature","properties":{"id":"osm:way:197214079","name":"Park 197214079","category":"park","source":"osm"},"geometry":{"type":"Polygon","coordinates":[[[121.52353,24.97892],[121.52367,24.97807],[121.52433,24.97885],[121.52411,24.979],[121.52353,24.97892]]]}},{"type":"Feature","properties":{"id":"osm:way:197316117","name":"臺北好好看","category":"park","source":"osm"},"geometry":{"type":"Polygon","coordinates":[[[121.50142,25.03465],[121.50224,25.03464],[121.50225,25.03507],[121.50146,25.03509],[121.50158,25.0349],[121.50142,25.03465]]]}},{"type":"Feature","properties":{"id":"osm:way:197475260","name":"居安公園","category":"park","source":"osm"},"geometry":{"type":"Polygon","coordinates":[[[121.54907,25.0299],[121.54906,25.02951],[121.54959,25.02951],[121.5496,25.02989],[121.54907,25.0299]]]}},{"type":"Feature","properties":{"id":"osm:way:197614303","name":"生態池","category":"park","source":"osm"},"geometry":{"type":"Polygon","coordinates":[[[121.53628,25.00854],[121.53664,25.00869],[121.53686,25.00825],[121.53624,25.00817],[121.53628,25.00854]]]}},{"type":"Feature","properties":{"id":"osm:way:198112848","name":"南昌公園","nameEn":"Nanchang Park","category":"park","source":"osm"},"geometry":{"type":"Polygon","coordinates":[[[121.51998,25.02677],[121.52074,25.02695],[121.52014,25.02746],[121.51998,25.02677]]]}},{"type":"Feature","properties":{"id":"osm:way:198269014","name":"敦親公園","nameEn":"Dunqing Park","category":"park","source":"osm"},"geometry":{"type":"Polygon","coordinates":[[[121.54104,25.02316],[121.54064,25.02257],[121.54109,25.02238],[121.54104,25.02316]]]}},{"type":"Feature","properties":{"id":"osm:way:198408687","name":"疏洪生態公園","category":"park","source":"osm"},"geometry":{"type":"Polygon","coordinates":[[[121.45649,25.10266],[121.45632,25.10268],[121.45529,25.10081],[121.45406,25.09991],[121.4554,25.0976],[121.45697,25.0975],[121.46059,25.09817],[121.46089,25.09827],[121.46182,25.0993],[121.46197,25.09967],[121.46101,25.09967],[121.46093,25.09997],[121.45982,25.09991],[121.4584,25.10033],[121.45734,25.10133],[121.45649,25.10266]]]}},{"type":"Feature","properties":{"id":"osm:way:201280861","name":"朝陽茶葉公園","nameEn":"Zhaoyang Tea Park","category":"park","source":"osm"},"geometry":{"type":"Polygon","coordinates":[[[121.51372,25.05619],[121.51255,25.05594],[121.51256,25.05568],[121.51379,25.05594],[121.51372,25.05619]]]}},{"type":"Feature","properties":{"id":"osm:way:201280870","name":"迪化休閒運動公園","nameEn":"Dihua Park","category":"park","source":"osm"},"geometry":{"type":"Polygon","coordinates":[[[121.50936,25.0755],[121.50926,25.07386],[121.51111,25.07376],[121.51169,25.07556],[121.50936,25.0755]]]}},{"type":"Feature","properties":{"id":"osm:way:203547781","name":"康樂公園","nameEn":"Kangle Park","category":"park","source":"osm"},"geometry":{"type":"Polygon","coordinates":[[[121.52532,25.05386],[121.52531,25.05229],[121.52453,25.05229],[121.52454,25.05292],[121.52438,25.05318],[121.52455,25.05331],[121.52457,25.05387],[121.52532,25.05386]]]}},{"type":"Feature","properties":{"id":"osm:way:203755088","name":"中全公園","nameEn":"Zhongquan Park","category":"park","source":"osm"},"geometry":{"type":"Polygon","coordinates":[[[121.57456,25.03887],[121.57544,25.03886],[121.57561,25.03869],[121.57484,25.03819],[121.57455,25.03855],[121.57456,25.03887]]]}},{"type":"Feature","properties":{"id":"osm:way:203799178","name":"永盛公園","nameEn":"Yongsheng Park","category":"park","source":"osm"},"geometry":{"type":"Polygon","coordinates":[[[121.52449,25.05909],[121.52479,25.05865],[121.52529,25.05894],[121.52519,25.05928],[121.52447,25.05931],[121.52449,25.05909]]]}},{"type":"Feature","properties":{"id":"osm:way:204011425","name":"廣福公園","nameEn":"Guangfu Park","category":"park","source":"osm"},"geometry":{"type":"Polygon","coordinates":[[[121.46242,24.99145],[121.46251,24.99111],[121.46291,24.99113],[121.46438,24.99194],[121.46416,24.9923],[121.46242,24.99145]]]}},{"type":"Feature","properties":{"id":"osm:way:204011428","name":"五權公園","nameEn":"Wuquan Park","category":"park","source":"osm"},"geometry":{"type":"Polygon","coordinates":[[[121.46422,24.99233],[121.46444,24.99199],[121.46615,24.99306],[121.46588,24.99336],[121.46422,24.99233]]]}},{"type":"Feature","properties":{"id":"osm:way:204616539","name":"臺北行旅廣場","nameEn":"Taipei Travel Plaza","category":"park","source":"osm"},"geometry":{"type":"Polygon","coordinates":[[[121.51345,25.04809],[121.51346,25.04754],[121.51487,25.04701],[121.51503,25.04761],[121.51345,25.04809]]]}},{"type":"Feature","properties":{"id":"osm:way:205578322","name":"逸仙公園","category":"park","source":"osm"},"geometry":{"type":"Polygon","coordinates":[[[121.51982,25.04804],[121.51966,25.04751],[121.52022,25.04746],[121.52041,25.0479],[121.51982,25.04804]]]}},{"type":"Feature","properties":{"id":"osm:way:207150141","name":"西康二號公園","nameEn":"Xikang No. 2 Park","category":"park","source":"osm"},"geometry":{"type":"Polygon","coordinates":[[[121.56386,25.08538],[121.56361,25.08458],[121.5642,25.08458],[121.56425,25.08502],[121.56478,25.08503],[121.56479,25.08537],[121.56386,25.08538]]]}},{"type":"Feature","properties":{"id":"osm:way:207471181","name":"景行公園","nameEn":"Jingxing Park","category":"park","source":"osm"},"geometry":{"type":"Polygon","coordinates":[[[121.54247,24.99266],[121.54286,24.9922],[121.54315,24.99269],[121.54247,24.99279],[121.54247,24.99266]]]}},{"type":"Feature","properties":{"id":"osm:way:207614905","name":"文光公園","category":"park","source":"osm"},"geometry":{"type":"Polygon","coordinates":[[[121.53051,25.03918],[121.53069,25.0389],[121.53113,25.03889],[121.53105,25.03929],[121.53051,25.03918]]]}},{"type":"Feature","properties":{"id":"osm:way:208647656","name":"仙樹公園綠地","category":"park","source":"osm"},"geometry":{"type":"Polygon","coordinates":[[[121.56911,25.08634],[121.5705,25.08635],[121.57028,25.08515],[121.56904,25.08537],[121.56813,25.08486],[121.56814,25.08527],[121.56883,25.08567],[121.56911,25.08634]]]}},{"type":"Feature","properties":{"id":"osm:way:210057163","name":"復興公園","nameEn":"Fuxing Park","category":"park","source":"osm"},"geometry":{"type":"Polygon","coordinates":[[[121.50227,24.99157],[121.50224,24.99084],[121.5028,24.99083],[121.50276,24.99139],[121.50227,24.99157]]]}},{"type":"Feature","properties":{"id":"osm:way:210687179","name":"五分埔公園","nameEn":"Wu-fen-pu Park","category":"park","source":"osm"},"geometry":{"type":"Polygon","coordinates":[[[121.58037,25.04756],[121.58047,25.04682],[121.58004,25.04682],[121.58003,25.04657],[121.57982,25.0466],[121.57967,25.0469],[121.58,25.0474],[121.58037,25.04756]]]}},{"type":"Feature","properties":{"id":"osm:way:210687184","name":"春光公園","nameEn":"Chunguang Park","category":"park","source":"osm"},"geometry":{"type":"Polygon","coordinates":[[[121.58044,25.04222],[121.58084,25.04168],[121.58105,25.04277],[121.58044,25.04222]]]}},{"type":"Feature","properties":{"id":"osm:way:210720172","name":"進安公園","nameEn":"Jin'an Park","category":"park","source":"osm"},"geometry":{"type":"Polygon","coordinates":[[[121.49417,25.08663],[121.49372,25.08623],[121.49346,25.08653],[121.49388,25.08688],[121.49417,25.08663]]]}},{"type":"Feature","properties":{"id":"osm:way:212404916","name":"蔣渭水先生紀念廣場","category":"park","source":"osm"},"geometry":{"type":"Polygon","coordinates":[[[121.55924,25.02276],[121.55902,25.02355],[121.55952,25.02341],[121.5598,25.02309],[121.5604,25.02306],[121.5603,25.02241],[121.56014,25.02241],[121.56024,25.02222],[121.56136,25.02199],[121.56108,25.02164],[121.56008,25.02187],[121.55978,25.02239],[121.55924,25.02276]]]}},{"type":"Feature","properties":{"id":"osm:way:212768739","name":"萬有二號公園","nameEn":"Wanyu No. 2 Park","category":"park","source":"osm"},"geometry":{"type":"Polygon","coordinates":[[[121.54148,25.00075],[121.54182,25.0012],[121.54241,25.00053],[121.54222,25.00031],[121.54148,25.00075]]]}},{"type":"Feature","properties":{"id":"osm:way:212768741","name":"萬和二號公園","nameEn":"Wanhe 2nd Park","category":"park","source":"osm"},"geometry":{"type":"Polygon","coordinates":[[[121.53638,25.001],[121.53647,25.00203],[121.53681,25.00203],[121.53659,25.00096],[121.53638,25.001]]]}},{"type":"Feature","properties":{"id":"osm:way:212768745","name":"萬和三號公園","nameEn":"Wanhe 3rd Park","category":"park","source":"osm"},"geometry":{"type":"Polygon","coordinates":[[[121.53627,25.00338],[121.53667,25.00341],[121.53681,25.00212],[121.53645,25.00216],[121.53627,25.00338]]]}},{"type":"Feature","properties":{"id":"osm:way:213539113","name":"三民公園","category":"park","source":"osm"},"geometry":{"type":"Polygon","coordinates":[[[121.53761,24.97187],[121.53707,24.97105],[121.53734,24.97089],[121.53792,24.9717],[121.53761,24.97187]]]}},{"type":"Feature","properties":{"id":"osm:way:214920043","name":"石雕公園","nameEn":"Stone Carving Park","category":"park","source":"osm"},"geometry":{"type":"Polygon","coordinates":[[[121.46922,25.03023],[121.47022,25.03033],[121.47035,25.02932],[121.47066,25.02928],[121.47036,25.02848],[121.4695,25.02847],[121.46922,25.03023]]]}},{"type":"Feature","properties":{"id":"osm:way:215191242","name":"音樂公園","nameEn":"Yinyue Park","category":"park","source":"osm"},"geometry":{"type":"Polygon","coordinates":[[[121.48009,25.02832],[121.48043,25.02861],[121.48108,25.0285],[121.48139,25.02734],[121.47984,25.02634],[121.47973,25.02647],[121.48023,25.02685],[121.47918,25.02778],[121.48009,25.02832]]]}},{"type":"Feature","properties":{"id":"osm:way:215191243","name":"Park 215191243","category":"park","source":"osm"},"geometry":{"type":"Polygon","coordinates":[[[121.47728,25.02545],[121.47962,25.02641],[121.4797,25.02629],[121.47912,25.0259],[121.47737,25.02527],[121.47728,25.02545]]]}},{"type":"Feature","properties":{"id":"osm:way:215191246","name":"八德公園","nameEn":"Bade Park","category":"park","source":"osm"},"geometry":{"type":"Polygon","coordinates":[[[121.4766,25.02531],[121.4769,25.02544],[121.47707,25.02508],[121.47548,25.02376],[121.47483,25.02362],[121.47474,25.02454],[121.47524,25.0251],[121.47643,25.0256],[121.4766,25.02531]]]}},{"type":"Feature","properties":{"id":"osm:way:215191247","name":"農村公園","nameEn":"Banqiao Rural Community Park","category":"park","source":"osm"},"geometry":{"type":"Polygon","coordinates":[[[121.47052,25.03041],[121.47126,25.03055],[121.47164,25.03025],[121.47071,25.02939],[121.47052,25.03041]]]}},{"type":"Feature","properties":{"id":"osm:way:215191249","name":"六海園","category":"park","source":"osm"},"geometry":{"type":"Polygon","coordinates":[[[121.46764,25.02427],[121.46833,25.02391],[121.46804,25.02346],[121.46764,25.02427]]]}},{"type":"Feature","properties":{"id":"osm:way:215191250","name":"中山公園","nameEn":"Zhongshan Park","category":"park","source":"osm"},"geometry":{"type":"Polygon","coordinates":[[[121.47103,25.0236],[121.47236,25.02343],[121.4716,25.02258],[121.47103,25.0236]]]}},{"type":"Feature","properties":{"id":"osm:way:215225488","name":"Park 215225488","category":"park","source":"osm"},"geometry":{"type":"Polygon","coordinates":[[[121.46408,25.09188],[121.46517,25.09165],[121.46523,25.09134],[121.46611,25.09088],[121.46632,25.091],[121.46651,25.09073],[121.46437,25.09133],[121.46408,25.09188]]]}},{"type":"Feature","properties":{"id":"osm:way:215457120","name":"彩虹兒童公園","nameEn":"Caihong Children's Park","category":"park","source":"osm"},"geometry":{"type":"Polygon","coordinates":[[[121.46458,25.08866],[121.46502,25.08893],[121.46537,25.08847],[121.46493,25.0882],[121.46458,25.08866]]]}},{"type":"Feature","properties":{"id":"osm:way:215457121","name":"三民公園","nameEn":"Sanmin Park","category":"park","source":"osm"},"geometry":{"type":"Polygon","coordinates":[[[121.45963,25.09493],[121.46022,25.0942],[121.46004,25.09399],[121.45922,25.09445],[121.45963,25.09493]]]}},{"type":"Feature","properties":{"id":"osm:way:215457122","name":"永平公園","nameEn":"Yongping Park","category":"park","source":"osm"},"geometry":{"type":"Polygon","coordinates":[[[121.4588,25.09073],[121.45918,25.09056],[121.45897,25.09017],[121.45941,25.08998],[121.4593,25.08977],[121.45848,25.09012],[121.4588,25.09073]]]}},{"type":"Feature","properties":{"id":"osm:way:215457123","name":"永康公園","nameEn":"Yongkang Park","category":"park","source":"osm"},"geometry":{"type":"Polygon","coordinates":[[[121.45807,25.08487],[121.45884,25.08518],[121.45902,25.08491],[121.4583,25.08452],[121.45807,25.08487]]]}},{"type":"Feature","properties":{"id":"osm:way:215471183","name":"尼加拉瓜公園","nameEn":"Nicaragua Park","category":"park","source":"osm"},"geometry":{"type":"Polygon","coordinates":[[[121.48149,25.08463],[121.48186,25.0845],[121.48151,25.08372],[121.48114,25.08385],[121.48149,25.08463]]]}},{"type":"Feature","properties":{"id":"osm:way:215471184","name":"三蘆公園","nameEn":"Sanlu Park","category":"park","source":"osm"},"geometry":{"type":"Polygon","coordinates":[[[121.48375,25.08545],[121.48398,25.08464],[121.48347,25.08491],[121.48375,25.08545]]]}},{"type":"Feature","properties":{"id":"osm:way:215471185","name":"太陽公園","nameEn":"Taiyang Park","category":"park","source":"osm"},"geometry":{"type":"Polygon","coordinates":[[[121.4858,25.08662],[121.48609,25.08642],[121.48554,25.08593],[121.48529,25.08616],[121.4858,25.08662]]]}},{"type":"Feature","properties":{"id":"osm:way:215471187","name":"碧華公園","nameEn":"Bihua Park","category":"park","source":"osm"},"geometry":{"type":"Polygon","coordinates":[[[121.48512,25.08493],[121.48552,25.08525],[121.48571,25.08486],[121.48704,25.08426],[121.48752,25.08382],[121.48749,25.08362],[121.48719,25.08349],[121.48633,25.08444],[121.4856,25.08413],[121.48512,25.08493]]]}},{"type":"Feature","properties":{"id":"osm:way:215552057","name":"龍門公園","nameEn":"Longmen Park","category":"park","source":"osm"},"geometry":{"type":"Polygon","coordinates":[[[121.49731,25.07434],[121.49772,25.07446],[121.49765,25.07466],[121.49845,25.0749],[121.49866,25.07432],[121.49745,25.07395],[121.49731,25.07434]]]}},{"type":"Feature","properties":{"id":"osm:way:215552058","name":"三德公園","nameEn":"Sante Park","category":"park","source":"osm"},"geometry":{"type":"Polygon","coordinates":[[[121.50017,25.0756],[121.50086,25.07583],[121.50125,25.07494],[121.50049,25.07498],[121.50017,25.0756]]]}},{"type":"Feature","properties":{"id":"osm:way:215552059","name":"龍濱公園","category":"park","source":"osm"},"geometry":{"type":"Polygon","coordinates":[[[121.50186,25.07368],[121.50219,25.07378],[121.50242,25.07308],[121.5021,25.07298],[121.50186,25.07368]]]}},{"type":"Feature","properties":{"id":"osm:way:215552060","name":"正義公園","nameEn":"Zhengyi Park","category":"park","source":"osm"},"geometry":{"type":"Polygon","coordinates":[[[121.497,25.06874],[121.49768,25.06887],[121.49787,25.06831],[121.49713,25.06814],[121.497,25.06874]]]}},{"type":"Feature","properties":{"id":"osm:way:215552061","name":"六張公園","nameEn":"Liuzhang Park","category":"park","source":"osm"},"geometry":{"type":"Polygon","coordinates":[[[121.49305,25.06997],[121.49401,25.07027],[121.49414,25.06942],[121.49331,25.06915],[121.49305,25.06997]]]}},{"type":"Feature","properties":{"id":"osm:way:215552062","name":"三張公園","nameEn":"Sanzhang Park","category":"park","source":"osm"},"geometry":{"type":"Polygon","coordinates":[[[121.48906,25.07035],[121.49069,25.07084],[121.49102,25.07029],[121.49017,25.07001],[121.48906,25.07035]]]}},{"type":"Feature","properties":{"id":"osm:way:215552067","name":"六合公園","nameEn":"Liuhe Park","category":"park","source":"osm"},"geometry":{"type":"Polygon","coordinates":[[[121.48782,25.06971],[121.48849,25.06922],[121.48796,25.06861],[121.4873,25.06908],[121.48782,25.06971]]]}},{"type":"Feature","properties":{"id":"osm:way:215552068","name":"永德公園","category":"park","source":"osm"},"geometry":{"type":"Polygon","coordinates":[[[121.48774,25.07294],[121.48857,25.07272],[121.48776,25.07248],[121.48774,25.07294]]]}},{"type":"Feature","properties":{"id":"osm:way:215552069","name":"後竹圍公園","nameEn":"Houzhuwei Park","category":"park","source":"osm"},"geometry":{"type":"Polygon","coordinates":[[[121.49096,25.07298],[121.49146,25.07326],[121.49157,25.07275],[121.49099,25.07258],[121.49125,25.07198],[121.49072,25.07275],[121.491,25.07285],[121.49096,25.07298]]]}},{"type":"Feature","properties":{"id":"osm:way:215552072","name":"信義公園","nameEn":"Xinyi Park","category":"park","source":"osm"},"geometry":{"type":"Polygon","coordinates":[[[121.49802,25.06532],[121.4988,25.06552],[121.49902,25.06484],[121.49817,25.0647],[121.49802,25.06532]]]}},{"type":"Feature","properties":{"id":"osm:way:215552073","name":"大同公園","category":"park","source":"osm"},"geometry":{"type":"Polygon","coordinates":[[[121.49045,25.06648],[121.49156,25.06588],[121.49126,25.06533],[121.49013,25.06584],[121.49045,25.06648]]]}},{"type":"Feature","properties":{"id":"osm:way:215552076","name":"大智公園","nameEn":"Dazhi Park","category":"park","source":"osm"},"geometry":{"type":"Polygon","coordinates":[[[121.49411,25.06349],[121.49494,25.06365],[121.49515,25.06313],[121.49428,25.06294],[121.49411,25.06349]]]}},{"type":"Feature","properties":{"id":"osm:way:215552078","name":"三民公園","nameEn":"Sanmin Park","category":"park","source":"osm"},"geometry":{"type":"Polygon","coordinates":[[[121.48259,25.06592],[121.48342,25.06536],[121.48319,25.06506],[121.48237,25.06562],[121.48259,25.06592]]]}},{"type":"Feature","properties":{"id":"osm:way:215552085","name":"聯邦公園","nameEn":"Lian Bang Park","category":"park","source":"osm"},"geometry":{"type":"Polygon","coordinates":[[[121.48368,25.06449],[121.48458,25.06383],[121.48367,25.06384],[121.48368,25.06449]]]}},{"type":"Feature","properties":{"id":"osm:way:215552086","name":"福田公園","category":"park","source":"osm"},"geometry":{"type":"Polygon","coordinates":[[[121.47913,25.06761],[121.47937,25.06787],[121.47999,25.06739],[121.47972,25.06708],[121.47913,25.06761]]]}},{"type":"Feature","properties":{"id":"osm:way:215552087","name":"仙公公園","category":"park","source":"osm"},"geometry":{"type":"Polygon","coordinates":[[[121.47421,25.07176],[121.47499,25.07194],[121.47492,25.0722],[121.47824,25.07292],[121.47758,25.07319],[121.4739,25.07267],[121.47374,25.07242],[121.47421,25.07176]]]}},{"type":"Feature","properties":{"id":"osm:way:215554734","name":"開元公園","category":"park","source":"osm"},"geometry":{"type":"Polygon","coordinates":[[[121.50337,25.06669],[121.50427,25.06679],[121.50429,25.06528],[121.50378,25.06554],[121.50337,25.06669]]]}},{"type":"Feature","properties":{"id":"osm:way:215554735","name":"永盛公園","nameEn":"YongSheng Park","category":"park","source":"osm"},"geometry":{"type":"Polygon","coordinates":[[[121.48454,25.07645],[121.48531,25.07607],[121.4842,25.07564],[121.48454,25.07645]]]}},{"type":"Feature","properties":{"id":"osm:way:215554736","name":"永福公園","nameEn":"Yongfu Park","category":"park","source":"osm"},"geometry":{"type":"Polygon","coordinates":[[[121.48077,25.07702],[121.48166,25.07714],[121.4818,25.07653],[121.4809,25.07641],[121.48077,25.07702]]]}},{"type":"Feature","properties":{"id":"osm:way:215554738","name":"永豐公園","category":"park","source":"osm"},"geometry":{"type":"Polygon","coordinates":[[[121.47811,25.07473],[121.47881,25.07476],[121.47912,25.07447],[121.47887,25.07429],[121.47822,25.07445],[121.47811,25.07473]]]}},{"type":"Feature","properties":{"id":"osm:way:215554739","name":"永安兒童公園","nameEn":"Yongan Children's Park","category":"park","source":"osm"},"geometry":{"type":"Polygon","coordinates":[[[121.48205,25.08238],[121.48236,25.08223],[121.48192,25.08147],[121.48161,25.08157],[121.48205,25.08238]]]}},{"type":"Feature","properties":{"id":"osm:way:215554741","name":"慈生公園","category":"park","source":"osm"},"geometry":{"type":"Polygon","coordinates":[[[121.48434,25.07991],[121.48531,25.08019],[121.48537,25.07998],[121.48442,25.07972],[121.48434,25.07991]]]}},{"type":"Feature","properties":{"id":"osm:way:215554742","name":"慈祐公園","category":"park","source":"osm"},"geometry":{"type":"Polygon","coordinates":[[[121.49087,25.0817],[121.49127,25.08193],[121.49161,25.08146],[121.49123,25.08124],[121.49087,25.0817]]]}},{"type":"Feature","properties":{"id":"osm:way:215554743","name":"慈化公園","nameEn":"Cihua Park","category":"park","source":"osm"},"geometry":{"type":"Polygon","coordinates":[[[121.48824,25.08486],[121.48892,25.08435],[121.48851,25.08413],[121.48801,25.08453],[121.48824,25.08486]]]}},{"type":"Feature","properties":{"id":"osm:way:215554744","name":"五華公園","nameEn":"Wuhua Park","category":"park","source":"osm"},"geometry":{"type":"Polygon","coordinates":[[[121.49355,25.08413],[121.49419,25.08452],[121.49432,25.08435],[121.49379,25.08379],[121.49355,25.08413]]]}},{"type":"Feature","properties":{"id":"osm:way:215557459","name":"同安公園","nameEn":"Tong An Park","category":"park","source":"osm"},"geometry":{"type":"Polygon","coordinates":[[[121.50049,25.05965],[121.50158,25.05977],[121.50161,25.05961],[121.50069,25.05843],[121.50049,25.05965]]]}},{"type":"Feature","properties":{"id":"osm:way:215557460","name":"同安公園","nameEn":"Tong An Park","category":"park","source":"osm"},"geometry":{"type":"Polygon","coordinates":[[[121.49904,25.05745],[121.49986,25.05756],[121.49921,25.05705],[121.49904,25.05745]]]}},{"type":"Feature","properties":{"id":"osm:way:215557461","name":"光興公園","category":"park","source":"osm"},"geometry":{"type":"Polygon","coordinates":[[[121.49889,25.05836],[121.5005,25.05857],[121.50053,25.05824],[121.50032,25.05802],[121.50033,25.05842],[121.49929,25.05834],[121.49931,25.05819],[121.49893,25.05813],[121.49889,25.05836]]]}},{"type":"Feature","properties":{"id":"osm:way:215557464","name":"玫瑰公園","category":"park","source":"osm"},"geometry":{"type":"Polygon","coordinates":[[[121.48911,25.05495],[121.49021,25.05521],[121.49048,25.05437],[121.48935,25.05412],[121.48911,25.05495]]]}},{"type":"Feature","properties":{"id":"osm:way:215557467","name":"過圳公園","nameEn":"Guozun Park","category":"park","source":"osm"},"geometry":{"type":"Polygon","coordinates":[[[121.48802,25.06025],[121.48803,25.06052],[121.48918,25.06049],[121.48828,25.05989],[121.48802,25.06025]]]}},{"type":"Feature","properties":{"id":"osm:way:215557468","name":"重陽公園","category":"park","source":"osm"},"geometry":{"type":"Polygon","coordinates":[[[121.483,25.0581],[121.48359,25.05827],[121.48377,25.0578],[121.48441,25.0578],[121.48331,25.05745],[121.483,25.0581]]]}},{"type":"Feature","properties":{"id":"osm:way:215625995","name":"溪墘公園","nameEn":"Si Cian Park","category":"park","source":"osm"},"geometry":{"type":"Polygon","coordinates":[[[121.47539,25.08015],[121.47605,25.08034],[121.47636,25.07963],[121.47575,25.07941],[121.47539,25.08015]]]}},{"type":"Feature","properties":{"id":"osm:way:216617725","name":"錦州公園","nameEn":"Jinzhou Park","category":"park","source":"osm"},"geometry":{"type":"Polygon","coordinates":[[[121.52899,25.06079],[121.52975,25.06079],[121.52974,25.0604],[121.529,25.06041],[121.52899,25.06079]]]}},{"type":"Feature","properties":{"id":"osm:way:216932143","name":"Park 216932143","category":"park","source":"osm"},"geometry":{"type":"Polygon","coordinates":[[[121.45625,25.03251],[121.45606,25.03156],[121.45657,25.03069],[121.46202,25.03383],[121.46141,25.03463],[121.4611,25.03467],[121.45867,25.03393],[121.45625,25.03251]]]}},{"type":"Feature","properties":{"id":"osm:way:216932147","name":"新海三期人工溼地","category":"park","source":"osm"},"geometry":{"type":"Polygon","coordinates":[[[121.45,25.02531],[121.45073,25.0256],[121.45119,25.0265],[121.45348,25.02782],[121.45367,25.02833],[121.45454,25.02853],[121.45543,25.0293],[121.455,25.02991],[121.4539,25.03027],[121.45274,25.02855],[121.45124,25.0274],[121.45,25.02597],[121.45,25.02531]]]}},{"type":"Feature","properties":{"id":"osm:way:217454598","name":"四維公園","nameEn":"Siwei Park","category":"park","source":"osm"},"geometry":{"type":"Polygon","coordinates":[[[121.46254,25.02557],[121.4636,25.02619],[121.46436,25.02497],[121.46328,25.0244],[121.46254,25.02557]]]}},{"type":"Feature","properties":{"id":"osm:way:217454600","name":"華江公園","category":"park","source":"osm"},"geometry":{"type":"Polygon","coordinates":[[[121.47092,25.01936],[121.47219,25.0201],[121.47312,25.02008],[121.47133,25.01883],[121.47092,25.01936]]]}},{"type":"Feature","properties":{"id":"osm:way:217454601","name":"莊敬公園","nameEn":"Zhuangjing Park","category":"park","source":"osm"},"geometry":{"type":"Polygon","coordinates":[[[121.47013,25.02048],[121.47085,25.0209],[121.4708,25.02054],[121.47128,25.01981],[121.47081,25.0195],[121.47013,25.02048]]]}},{"type":"Feature","properties":{"id":"osm:way:217454602","name":"永豐公園","category":"park","source":"osm"},"geometry":{"type":"Polygon","coordinates":[[[121.47654,25.02094],[121.4774,25.02123],[121.47711,25.02019],[121.47654,25.02094]]]}},{"type":"Feature","properties":{"id":"osm:way:217454609","name":"永安公園","nameEn":"Yong'an Park","category":"park","source":"osm"},"geometry":{"type":"Polygon","coordinates":[[[121.47789,25.02407],[121.47724,25.02481],[121.47614,25.02391],[121.47694,25.02444],[121.47734,25.02398],[121.47789,25.02407]]]}},{"type":"Feature","properties":{"id":"osm:way:218489810","name":"永春崗公園","nameEn":"Yongchunggang Park","category":"park","source":"osm"},"geometry":{"type":"Polygon","coordinates":[[[121.57679,25.03081],[121.57759,25.03062],[121.57768,25.03135],[121.57807,25.03195],[121.57722,25.03206],[121.57749,25.0325],[121.57716,25.03237],[121.57679,25.03081]]]}},{"type":"Feature","properties":{"id":"osm:way:218906239","name":"虎林公園","category":"park","source":"osm"},"geometry":{"type":"Polygon","coordinates":[[[121.57459,25.03151],[121.57536,25.03153],[121.57528,25.03093],[121.57425,25.03092],[121.57403,25.03129],[121.57459,25.03128],[121.57459,25.03151]]]}},{"type":"Feature","properties":{"id":"osm:way:220208103","name":"美善公園","category":"park","source":"osm"},"geometry":{"type":"Polygon","coordinates":[[[121.57827,25.05716],[121.57855,25.05672],[121.57893,25.05692],[121.57865,25.05737],[121.57827,25.05716]]]}},{"type":"Feature","properties":{"id":"osm:way:220327857","name":"福志公園","nameEn":"Fuzhi Park","category":"park","source":"osm"},"geometry":{"type":"Polygon","coordinates":[[[121.53402,25.1002],[121.53471,25.10019],[121.5345,25.09856],[121.53386,25.09859],[121.53402,25.1002]]]}},{"type":"Feature","properties":{"id":"osm:way:220903945","name":"七星公園","category":"park","source":"osm"},"geometry":{"type":"Polygon","coordinates":[[[121.55635,25.16437],[121.55737,25.16431],[121.55795,25.16477],[121.55817,25.16454],[121.55762,25.16388],[121.5576,25.16359],[121.55732,25.16351],[121.55677,25.16378],[121.55635,25.16437]]]}},{"type":"Feature","properties":{"id":"osm:way:221636307","name":"內湖運動公園","nameEn":"Neihu Sports Park","category":"park","source":"osm"},"geometry":{"type":"Polygon","coordinates":[[[121.57332,25.06919],[121.57451,25.06903],[121.57447,25.0669],[121.57424,25.06691],[121.57423,25.06624],[121.57317,25.06625],[121.57312,25.06784],[121.57332,25.06919]]]}},{"type":"Feature","properties":{"id":"osm:way:225901788","name":"頭前運動公園","nameEn":"Touqian Sports Park","category":"park","source":"osm"},"geometry":{"type":"Polygon","coordinates":[[[121.4621,25.05004],[121.46335,25.05004],[121.46362,25.0523],[121.46211,25.05228],[121.4621,25.05004]]]}},{"type":"Feature","properties":{"id":"osm:way:225901789","name":"新莊運動公園","nameEn":"Xinchuang Sports Park","category":"park","source":"osm"},"geometry":{"type":"Polygon","coordinates":[[[121.45,25.04311],[121.45258,25.04355],[121.45257,25.04152],[121.45227,25.04013],[121.45,25.03967],[121.45,25.04311]]]}},{"type":"Feature","properties":{"id":"osm:way:225901790","name":"塭仔底溼地公園","category":"park","source":"osm"},"geometry":{"type":"Polygon","coordinates":[[[121.45226,25.0564],[121.45229,25.05723],[121.4545,25.05721],[121.45448,25.05639],[121.45226,25.0564]]]}},{"type":"Feature","properties":{"id":"osm:way:226555953","name":"崇仰公園","category":"park","source":"osm"},"geometry":{"type":"Polygon","coordinates":[[[121.51096,25.12636],[121.51094,25.12541],[121.51194,25.12578],[121.51245,25.12632],[121.51171,25.12602],[121.51096,25.12636]]]}},{"type":"Feature","properties":{"id":"osm:way:227653853","name":"丹鳳公園","category":"park","source":"osm"},"geometry":{"type":"Polygon","coordinates":[[[121.51091,25.12647],[121.5103,25.12691],[121.50945,25.12672],[121.50947,25.12642],[121.51091,25.12647]]]}},{"type":"Feature","properties":{"id":"osm:way:228920406","name":"巴洛克花園","nameEn":"Baroque Garden","category":"park","source":"osm"},"geometry":{"type":"Polygon","coordinates":[[[121.56112,25.0439],[121.56107,25.04338],[121.56014,25.04343],[121.5602,25.04392],[121.56112,25.0439]]]}},{"type":"Feature","properties":{"id":"osm:way:229733673","name":"古莊公園","category":"park","source":"osm"},"geometry":{"type":"Polygon","coordinates":[[[121.52691,25.02263],[121.52758,25.02259],[121.52757,25.02215],[121.52691,25.02263]]]}},{"type":"Feature","properties":{"id":"osm:way:230842168","name":"福壽公園","nameEn":"Fushou Park","category":"park","source":"osm"},"geometry":{"type":"Polygon","coordinates":[[[121.45683,25.05225],[121.45781,25.05227],[121.4576,25.05153],[121.45681,25.05175],[121.45683,25.05225]]]}},{"type":"Feature","properties":{"id":"osm:way:231656630","name":"福美公園","nameEn":"Fumei Park","category":"park","source":"osm"},"geometry":{"type":"Polygon","coordinates":[[[121.46083,25.056],[121.46141,25.05603],[121.46144,25.05502],[121.46076,25.05504],[121.46083,25.056]]]}},{"type":"Feature","properties":{"id":"osm:way:231702839","name":"思賢公園","category":"park","source":"osm"},"geometry":{"type":"Polygon","coordinates":[[[121.45582,25.04812],[121.45669,25.04792],[121.45652,25.04758],[121.45682,25.04746],[121.45682,25.04692],[121.45582,25.04691],[121.45582,25.04812]]]}},{"type":"Feature","properties":{"id":"osm:way:232226576","name":"興化公園","nameEn":"Xinhua Park","category":"park","source":"osm"},"geometry":{"type":"Polygon","coordinates":[[[121.46015,25.06445],[121.46167,25.06476],[121.461,25.0653],[121.46015,25.06445]]]}},{"type":"Feature","properties":{"id":"osm:way:232563225","name":"西本願寺廣場","nameEn":"Nishi Hongahji Square","category":"park","source":"osm"},"geometry":{"type":"Polygon","coordinates":[[[121.50719,25.03952],[121.50646,25.03964],[121.50639,25.04061],[121.50742,25.0405],[121.50719,25.03952]]]}},{"type":"Feature","properties":{"id":"osm:way:232674053","name":"老松公園","category":"park","source":"osm"},"geometry":{"type":"Polygon","coordinates":[[[121.50301,25.03875],[121.50291,25.03825],[121.50251,25.03832],[121.50258,25.03884],[121.50301,25.03875]]]}},{"type":"Feature","properties":{"id":"osm:way:232744980","name":"景聯廣場","category":"park","source":"osm"},"geometry":{"type":"Polygon","coordinates":[[[121.5604,25.03248],[121.56039,25.03215],[121.55974,25.03215],[121.55994,25.03249],[121.5604,25.03248]]]}},{"type":"Feature","properties":{"id":"osm:way:233076434","name":"板橋福德公園","nameEn":"Banqiao Fude Park","category":"park","source":"osm"},"geometry":{"type":"Polygon","coordinates":[[[121.46735,25.01172],[121.46813,25.01209],[121.46849,25.01148],[121.46772,25.01112],[121.46735,25.01172]]]}},{"type":"Feature","properties":{"id":"osm:way:233626113","name":"中港綠堤","category":"park","source":"osm"},"geometry":{"type":"Polygon","coordinates":[[[121.45377,25.0455],[121.45406,25.04545],[121.45404,25.0462],[121.45334,25.04749],[121.45303,25.04871],[121.45326,25.0511],[121.45222,25.05392],[121.4522,25.05309],[121.45294,25.05135],[121.4528,25.04825],[121.45376,25.04615],[121.45377,25.0455]]]}},{"type":"Feature","properties":{"id":"osm:way:233666147","name":"松壽廣場","nameEn":"Sōngshòu Square Park","category":"park","source":"osm"},"geometry":{"type":"Polygon","coordinates":[[[121.56579,25.03709],[121.56647,25.03708],[121.56649,25.03785],[121.5658,25.03786],[121.56579,25.03709]]]}},{"type":"Feature","properties":{"id":"osm:way:233926867","name":"仁愛公園","nameEn":"Renai Park","category":"park","source":"osm"},"geometry":{"type":"Polygon","coordinates":[[[121.50501,25.01158],[121.5067,25.0128],[121.50815,25.01144],[121.50509,25.00933],[121.50495,25.00938],[121.50501,25.01158]]]}},{"type":"Feature","properties":{"id":"osm:way:234586708","name":"景勤2號公園","nameEn":"Jingqin No.2 Park","category":"park","source":"osm"},"geometry":{"type":"Polygon","coordinates":[[[121.55901,25.02702],[121.55908,25.02605],[121.55768,25.02622],[121.55835,25.02704],[121.55901,25.02702]]]}},{"type":"Feature","properties":{"id":"osm:way:234587009","name":"景勤一號公園","category":"park","source":"osm"},"geometry":{"type":"Polygon","coordinates":[[[121.56177,25.02672],[121.56161,25.0266],[121.56118,25.02709],[121.56059,25.02711],[121.5606,25.02742],[121.56151,25.02787],[121.56219,25.02704],[121.56177,25.02672]]]}},{"type":"Feature","properties":{"id":"osm:way:234754531","name":"經貿公園","nameEn":"Jingmao Park","category":"park","source":"osm"},"geometry":{"type":"Polygon","coordinates":[[[121.6172,25.06199],[121.61677,25.06255],[121.61505,25.06329],[121.6172,25.06199]]]}},{"type":"Feature","properties":{"id":"osm:way:234754533","name":"港後公園","nameEn":"Ganghou Park","category":"park","source":"osm"},"geometry":{"type":"Polygon","coordinates":[[[121.61453,25.0632],[121.61452,25.06339],[121.6148,25.06333],[121.61571,25.0628],[121.61561,25.06242],[121.61501,25.06307],[121.61453,25.0632]]]}},{"type":"Feature","properties":{"id":"osm:way:236287293","name":"安華公園","category":"park","source":"osm"},"geometry":{"type":"Polygon","coordinates":[[[121.53525,24.97352],[121.53569,24.97414],[121.536,24.97396],[121.53554,24.9733],[121.53525,24.97352]]]}},{"type":"Feature","properties":{"id":"osm:way:236392422","name":"山腳公園","nameEn":"Shangeau Park","category":"park","source":"osm"},"geometry":{"type":"Polygon","coordinates":[[[121.57943,25.08455],[121.5792,25.08407],[121.5792,25.08324],[121.58013,25.08331],[121.58022,25.08411],[121.58054,25.0842],[121.58061,25.08461],[121.57943,25.08455]]]}},{"type":"Feature","properties":{"id":"osm:way:244114770","name":"港墘公園","category":"park","source":"osm"},"geometry":{"type":"Polygon","coordinates":[[[121.57637,25.0812],[121.57673,25.08108],[121.57652,25.08057],[121.57616,25.08068],[121.57637,25.0812]]]}},{"type":"Feature","properties":{"id":"osm:way:244115900","name":"瑞湖公園","nameEn":"Ruihu Park","category":"park","source":"osm"},"geometry":{"type":"Polygon","coordinates":[[[121.57654,25.06968],[121.57735,25.06948],[121.57714,25.06892],[121.57654,25.06909],[121.57654,25.06968]]]}},{"type":"Feature","properties":{"id":"osm:way:244115936","name":"瑞光公園","category":"park","source":"osm"},"geometry":{"type":"Polygon","coordinates":[[[121.5765,25.07117],[121.57773,25.07127],[121.57841,25.07174],[121.57955,25.07325],[121.5798,25.07301],[121.57778,25.07104],[121.57772,25.0708],[121.57843,25.07017],[121.57927,25.07056],[121.57973,25.07009],[121.57938,25.06957],[121.57654,25.07047],[121.5765,25.07117]]]}},{"type":"Feature","properties":{"id":"osm:way:244116145","name":"長青公園","category":"park","source":"osm"},"geometry":{"type":"Polygon","coordinates":[[[121.58096,25.08166],[121.58121,25.08165],[121.58159,25.08121],[121.5816,25.08083],[121.58143,25.08069],[121.58092,25.08076],[121.58096,25.08166]]]}},{"type":"Feature","properties":{"id":"osm:way:247163508","name":"建成公園","nameEn":"Tsiancheng Park","category":"park","source":"osm"},"geometry":{"type":"Polygon","coordinates":[[[121.51869,25.0549],[121.51958,25.05486],[121.51922,25.0539],[121.51804,25.05373],[121.51827,25.0545],[121.51859,25.05442],[121.51869,25.0549]]]}},{"type":"Feature","properties":{"id":"osm:way:249409411","name":"百福公園","nameEn":"Baifu Park","category":"park","source":"osm"},"geometry":{"type":"Polygon","coordinates":[[[121.58834,25.03897],[121.58789,25.03881],[121.58805,25.03849],[121.58853,25.03835],[121.58834,25.03897]]]}},{"type":"Feature","properties":{"id":"osm:way:249754979","name":"興福公園","category":"park","source":"osm"},"geometry":{"type":"Polygon","coordinates":[[[121.54642,24.99736],[121.54597,24.99684],[121.54576,24.99697],[121.54575,24.99724],[121.54642,24.99736]]]}},{"type":"Feature","properties":{"id":"osm:way:250168823","name":"林口公園","nameEn":"Linkou Park","category":"park","source":"osm"},"geometry":{"type":"Polygon","coordinates":[[[121.57885,25.03952],[121.57911,25.03951],[121.57915,25.03876],[121.57895,25.03872],[121.57885,25.03952]]]}},{"type":"Feature","properties":{"id":"osm:way:250474551","name":"天母運動公園","nameEn":"Tienmu Sports Park","category":"park","source":"osm"},"geometry":{"type":"Polygon","coordinates":[[[121.53311,25.11475],[121.53418,25.11423],[121.53446,25.11304],[121.53653,25.11341],[121.53654,25.11558],[121.53479,25.11553],[121.53395,25.11588],[121.53311,25.11475]]]}},{"type":"Feature","properties":{"id":"osm:way:250475186","name":"忠誠公園","nameEn":"Zhongcheng Park","category":"park","source":"osm"},"geometry":{"type":"Polygon","coordinates":[[[121.52658,25.10402],[121.52504,25.10376],[121.52584,25.10232],[121.52592,25.10293],[121.52641,25.10308],[121.52658,25.10402]]]}},{"type":"Feature","properties":{"id":"osm:way:250475197","name":"蘭雅一號公園","nameEn":"Lanya No.1 Park","category":"park","source":"osm"},"geometry":{"type":"Polygon","coordinates":[[[121.52875,25.1102],[121.52941,25.11013],[121.52929,25.1095],[121.52862,25.10959],[121.52875,25.1102]]]}},{"type":"Feature","properties":{"id":"osm:way:251603606","name":"成功廣場","category":"park","source":"osm"},"geometry":{"type":"Polygon","coordinates":[[[121.45861,25.08555],[121.45884,25.08518],[121.45807,25.08487],[121.45786,25.08526],[121.45861,25.08555]]]}},{"type":"Feature","properties":{"id":"osm:way:252752803","name":"關渡公園","category":"park","source":"osm"},"geometry":{"type":"Polygon","coordinates":[[[121.46409,25.1204],[121.46377,25.11887],[121.46418,25.11917],[121.46392,25.11868],[121.46409,25.11858],[121.46427,25.11884],[121.46429,25.11866],[121.46348,25.11765],[121.46334,25.11855],[121.46347,25.12049],[121.46409,25.1204]]]}},{"type":"Feature","properties":{"id":"osm:way:252763395","name":"德行公園","nameEn":"Dexing Park","category":"park","source":"osm"},"geometry":{"type":"Polygon","coordinates":[[[121.52382,25.10443],[121.52332,25.10444],[121.52359,25.10476],[121.52312,25.10545],[121.52386,25.10591],[121.52382,25.10443]]]}},{"type":"Feature","properties":{"id":"osm:way:253207984","name":"富民生態公園","category":"park","source":"osm"},"geometry":{"type":"Polygon","coordinates":[[[121.5655,25.06055],[121.56551,25.06072],[121.56519,25.06065],[121.5644,25.06023],[121.56343,25.06014],[121.56343,25.05998],[121.5639,25.05988],[121.56483,25.06005],[121.5655,25.06055]]]}},{"type":"Feature","properties":{"id":"osm:way:253668350","name":"錦和運動公園","category":"park","source":"osm"},"geometry":{"type":"Polygon","coordinates":[[[121.48609,24.99343],[121.48697,24.99346],[121.48698,24.99286],[121.48704,24.99346],[121.48789,24.99348],[121.4879,24.9932],[121.48843,24.99319],[121.48846,24.99348],[121.49056,24.9935],[121.49069,24.99286],[121.49059,24.99151],[121.48838,24.99175],[121.48796,24.99199],[121.48712,24.99199],[121.48711,24.99232],[121.48611,24.99234],[121.48609,24.99343]]]}},{"type":"Feature","properties":{"id":"osm:way:253766607","name":"時光的斷章","category":"park","source":"osm"},"geometry":{"type":"Polygon","coordinates":[[[121.61144,25.04],[121.61191,25.04057],[121.61101,25.04051],[121.6111,25.04015],[121.61144,25.04]]]}},{"type":"Feature","properties":{"id":"osm:way:254291323","name":"Park 254291323","category":"park","source":"osm"},"geometry":{"type":"Polygon","coordinates":[[[121.61391,25.04243],[121.61433,25.04255],[121.61458,25.04285],[121.61446,25.043],[121.61408,25.04298],[121.61391,25.04243]]]}},{"type":"Feature","properties":{"id":"osm:way:254652469","name":"五常公園","nameEn":"Wuchang Park","category":"park","source":"osm"},"geometry":{"type":"Polygon","coordinates":[[[121.57479,25.04737],[121.57481,25.04823],[121.57342,25.04749],[121.57479,25.04737]]]}},{"type":"Feature","properties":{"id":"osm:way:255393982","name":"幸福公園","category":"park","source":"osm"},"geometry":{"type":"Polygon","coordinates":[[[121.61558,25.04597],[121.61573,25.04612],[121.61676,25.04621],[121.61687,25.04604],[121.61582,25.04586],[121.61551,25.04551],[121.61558,25.04597]]]}},{"type":"Feature","properties":{"id":"osm:way:255993128","name":"景新公園","nameEn":"Jingxin Park","category":"park","source":"osm"},"geometry":{"type":"Polygon","coordinates":[[[121.56262,25.02989],[121.56169,25.03093],[121.5621,25.0309],[121.56312,25.03023],[121.56262,25.02989]]]}},{"type":"Feature","properties":{"id":"osm:way:256162551","name":"鷺鷥草原","category":"park","source":"osm"},"geometry":{"type":"Polygon","coordinates":[[[121.46811,25.13162],[121.4678,25.13236],[121.46714,25.13282],[121.46668,25.13235],[121.4669,25.13222],[121.46667,25.13184],[121.46633,25.13147],[121.46617,25.13154],[121.4661,25.13119],[121.46653,25.13057],[121.46726,25.13125],[121.46811,25.13162]]]}},{"type":"Feature","properties":{"id":"osm:way:256181476","name":"秀山公園","category":"park","source":"osm"},"geometry":{"type":"Polygon","coordinates":[[[121.524,24.99521],[121.52304,24.99542],[121.52305,24.99585],[121.52355,24.99584],[121.52352,24.99567],[121.52375,24.99563],[121.52379,24.99581],[121.52402,24.99576],[121.524,24.99521]]]}},{"type":"Feature","properties":{"id":"osm:way:256190304","name":"復興公園","nameEn":"Fusing Park","category":"park","source":"osm"},"geometry":{"type":"Polygon","coordinates":[[[121.50293,25.14023],[121.5043,25.14036],[121.50442,25.14015],[121.50252,25.13843],[121.50204,25.13889],[121.50293,25.14023]]]}},{"type":"Feature","properties":{"id":"osm:way:256190305","name":"七星公園","category":"park","source":"osm"},"geometry":{"type":"Polygon","coordinates":[[[121.50389,25.13675],[121.50174,25.13666],[121.50187,25.13596],[121.50147,25.13563],[121.50244,25.13568],[121.50259,25.13617],[121.50321,25.13623],[121.50389,25.13675]]]}},{"type":"Feature","properties":{"id":"osm:way:256934670","name":"陽光運動園區","nameEn":"Sunshine Sports Park","category":"park","source":"osm"},"geometry":{"type":"Polygon","coordinates":[[[121.52355,24.97433],[121.52496,24.97554],[121.52355,24.97705],[121.52258,24.98039],[121.52027,24.98067],[121.52016,24.98108],[121.51989,24.98117],[121.5196,24.98073],[121.51879,24.98072],[121.51799,24.9798],[121.51681,24.97903],[121.5167,24.97831],[121.5173,24.97745],[121.5175,24.97756],[121.51773,24.97733],[121.51754,24.97713],[121.52098,24.97477],[121.52138,24.97439],[121.52139,24.97389],[121.52152,24.97388],[121.52169,24.97478],[121.52214,24.97451],[121.52253,24.97465],[121.52296,24.9742],[121.52209,24.97344],[121.52224,24.97331],[121.52269,24.97344],[121.52355,24.97433]]]}},{"type":"Feature","properties":{"id":"osm:way:257354146","name":"樹德公園","nameEn":"Shude Park","category":"park","source":"osm"},"geometry":{"type":"Polygon","coordinates":[[[121.516,25.06725],[121.51608,25.06647],[121.51657,25.06646],[121.51656,25.06725],[121.516,25.06725]]]}},{"type":"Feature","properties":{"id":"osm:way:257924458","name":"寧安公園","nameEn":"Ning'an Park","category":"park","source":"osm"},"geometry":{"type":"Polygon","coordinates":[[[121.55498,25.05122],[121.55468,25.05016],[121.55504,25.05016],[121.55498,25.05122]]]}},{"type":"Feature","properties":{"id":"osm:way:258432691","name":"蔡瑞月舞蹈研究社","category":"park","source":"osm"},"geometry":{"type":"Polygon","coordinates":[[[121.52176,25.05552],[121.52177,25.05581],[121.52233,25.05578],[121.52232,25.05545],[121.52176,25.05552]]]}},{"type":"Feature","properties":{"id":"osm:way:258534752","name":"一江公園","nameEn":"Yijiang Park","category":"park","source":"osm"},"geometry":{"type":"Polygon","coordinates":[[[121.53146,25.05299],[121.53147,25.05358],[121.53111,25.05359],[121.53111,25.05299],[121.53146,25.05299]]]}},{"type":"Feature","properties":{"id":"osm:way:258534756","name":"蔣渭水紀念公園","nameEn":"Chiang Wei-shui Memorial Park","category":"park","source":"osm"},"geometry":{"type":"Polygon","coordinates":[[[121.51725,25.06008],[121.51735,25.05966],[121.51642,25.05944],[121.51624,25.05984],[121.51725,25.06008]]]}},{"type":"Feature","properties":{"id":"osm:way:258626708","name":"天和公園","nameEn":"Tianhe Park","category":"park","source":"osm"},"geometry":{"type":"Polygon","coordinates":[[[121.53344,25.11994],[121.53429,25.11917],[121.53482,25.11997],[121.53477,25.12019],[121.53461,25.12017],[121.53464,25.11992],[121.5344,25.11991],[121.53433,25.12029],[121.53455,25.12041],[121.53478,25.1211],[121.5347,25.12149],[121.53344,25.11994]]]}},{"type":"Feature","properties":{"id":"osm:way:258892618","name":"榮富公園","nameEn":"Rongfu Park","category":"park","source":"osm"},"geometry":{"type":"Polygon","coordinates":[[[121.52451,25.11496],[121.52478,25.11493],[121.52515,25.11377],[121.52422,25.11376],[121.52451,25.11496]]]}},{"type":"Feature","properties":{"id":"osm:way:259077218","name":"蘆洲公園","category":"park","source":"osm"},"geometry":{"type":"Polygon","coordinates":[[[121.47391,25.08522],[121.47513,25.0855],[121.47541,25.0852],[121.47437,25.0848],[121.47391,25.08522]]]}},{"type":"Feature","properties":{"id":"osm:way:259080204","name":"福林公園","nameEn":"Fulin Park","category":"park","source":"osm"},"geometry":{"type":"Polygon","coordinates":[[[121.52831,25.09407],[121.52837,25.09501],[121.52942,25.09519],[121.52929,25.09591],[121.53173,25.09632],[121.52831,25.09407]]]}},{"type":"Feature","properties":{"id":"osm:way:259080206","name":"前港公園","nameEn":"Qiangang Park","category":"park","source":"osm"},"geometry":{"type":"Polygon","coordinates":[[[121.51956,25.08672],[121.5213,25.08672],[121.52129,25.08484],[121.51943,25.08516],[121.51956,25.08672]]]}},{"type":"Feature","properties":{"id":"osm:way:259084320","name":"大稻埕公園","nameEn":"Dadaocheng Park","category":"park","source":"osm"},"geometry":{"type":"Polygon","coordinates":[[[121.5106,25.05834],[121.51061,25.05915],[121.51017,25.0591],[121.51022,25.0583],[121.5106,25.05834]]]}},{"type":"Feature","properties":{"id":"osm:way:259714747","name":"天母公園","nameEn":"Tianmu Park","category":"park","source":"osm"},"geometry":{"type":"Polygon","coordinates":[[[121.53055,25.12497],[121.5304,25.12471],[121.53025,25.12479],[121.53046,25.12523],[121.52988,25.12551],[121.52992,25.12595],[121.53138,25.1274],[121.53145,25.12792],[121.53174,25.12795],[121.53216,25.12691],[121.53093,25.12572],[121.53055,25.12497]]]}},{"type":"Feature","properties":{"id":"osm:way:259856104","name":"蘭興公園","nameEn":"Lanxing Park","category":"park","source":"osm"},"geometry":{"type":"Polygon","coordinates":[[[121.5258,25.11365],[121.52647,25.11294],[121.52543,25.11082],[121.52487,25.11094],[121.5254,25.11125],[121.52605,25.11256],[121.5258,25.11365]]]}},{"type":"Feature","properties":{"id":"osm:way:259860100","name":"Park 259860100","category":"park","source":"osm"},"geometry":{"type":"Polygon","coordinates":[[[121.50934,25.11709],[121.50937,25.11675],[121.50953,25.11675],[121.50948,25.11722],[121.50923,25.11754],[121.50923,25.11733],[121.50891,25.11733],[121.50892,25.11707],[121.50934,25.11709]]]}},{"type":"Feature","properties":{"id":"osm:way:259860102","name":"石牌公園","category":"park","source":"osm"},"geometry":{"type":"Polygon","coordinates":[[[121.51006,25.11678],[121.5101,25.11609],[121.51134,25.11613],[121.51006,25.11678]]]}},{"type":"Feature","properties":{"id":"osm:way:259860404","name":"大豐公園","nameEn":"Dafong Park","category":"park","source":"osm"},"geometry":{"type":"Polygon","coordinates":[[[121.50301,25.13287],[121.50359,25.13186],[121.50375,25.13102],[121.50442,25.13116],[121.50399,25.13172],[121.50411,25.13179],[121.50376,25.13252],[121.50312,25.13297],[121.50301,25.13287]]]}},{"type":"Feature","properties":{"id":"osm:way:259901807","name":"名山公園","nameEn":"Mingshin Park","category":"park","source":"osm"},"geometry":{"type":"Polygon","coordinates":[[[121.53086,25.10087],[121.53286,25.10149],[121.53195,25.10185],[121.53198,25.10147],[121.53122,25.10128],[121.53086,25.10087]]]}},{"type":"Feature","properties":{"id":"osm:way:260037653","name":"芝山文化生態綠園","category":"park","source":"osm"},"geometry":{"type":"Polygon","coordinates":[[[121.53285,25.10408],[121.5324,25.10383],[121.53234,25.10358],[121.53182,25.1034],[121.53127,25.10397],[121.532,25.10427],[121.53285,25.10408]]]}},{"type":"Feature","properties":{"id":"osm:way:260122177","name":"寶清公園","nameEn":"Baoqing Park","category":"park","source":"osm"},"geometry":{"type":"Polygon","coordinates":[[[121.56737,25.05228],[121.56737,25.05195],[121.5681,25.05193],[121.56797,25.05227],[121.56737,25.05228]]]}},{"type":"Feature","properties":{"id":"osm:way:260887590","name":"文山公園","nameEn":"Wenshan Park","category":"park","source":"osm"},"geometry":{"type":"Polygon","coordinates":[[[121.5707,24.99044],[121.5701,24.98997],[121.57049,24.98956],[121.57014,24.98921],[121.57056,24.98927],[121.5707,24.99044]]]}},{"type":"Feature","properties":{"id":"osm:way:261084893","name":"恆光國小預定地","category":"park","source":"osm"},"geometry":{"type":"Polygon","coordinates":[[[121.56568,24.986],[121.5656,24.98525],[121.56669,24.98483],[121.56732,24.98557],[121.56675,24.98592],[121.56568,24.986]]]}},{"type":"Feature","properties":{"id":"osm:way:261638492","name":"連雲公園","nameEn":"Lianyun Park","category":"park","source":"osm"},"geometry":{"type":"Polygon","coordinates":[[[121.53146,25.0351],[121.53214,25.03544],[121.53214,25.03508],[121.53146,25.0351]]]}},{"type":"Feature","properties":{"id":"osm:way:261647304","name":"信義廣場","nameEn":"Xinyi Square","category":"park","source":"osm"},"geometry":{"type":"Polygon","coordinates":[[[121.56643,25.03312],[121.56664,25.03311],[121.56666,25.03388],[121.56562,25.0339],[121.5656,25.03319],[121.56643,25.03312]]]}},{"type":"Feature","properties":{"id":"osm:way:261647346","name":"Park 261647346","category":"park","source":"osm"},"geometry":{"type":"Polygon","coordinates":[[[121.57803,25.03001],[121.57829,25.03021],[121.57826,25.03064],[121.57785,25.03049],[121.57789,25.02994],[121.57803,25.03001]]]}},{"type":"Feature","properties":{"id":"osm:way:262398494","name":"大安公園","category":"park","source":"osm"},"geometry":{"type":"Polygon","coordinates":[[[121.54303,25.04301],[121.54296,25.04218],[121.54254,25.04303],[121.54303,25.04301]]]}},{"type":"Feature","properties":{"id":"osm:way:262721113","name":"青年公園","nameEn":"Youth Park","category":"park","source":"osm"},"geometry":{"type":"Polygon","coordinates":[[[121.50632,25.02593],[121.50381,25.02514],[121.50299,25.02429],[121.50263,25.02124],[121.5042,25.02011],[121.50838,25.02297],[121.5082,25.02407],[121.50746,25.02483],[121.50737,25.02462],[121.50733,25.02501],[121.50632,25.02593]]]}},{"type":"Feature","properties":{"id":"osm:way:263782236","name":"中和中坑公園","category":"park","source":"osm"},"geometry":{"type":"Polygon","coordinates":[[[121.48288,24.98516],[121.48402,24.98555],[121.48384,24.98507],[121.48344,24.98477],[121.48288,24.98516]]]}},{"type":"Feature","properties":{"id":"osm:way:263789581","name":"華齡綠地","category":"park","source":"osm"},"geometry":{"type":"Polygon","coordinates":[[[121.50296,25.12057],[121.5033,25.12038],[121.5026,25.11985],[121.50296,25.12057]]]}},{"type":"Feature","properties":{"id":"osm:way:268276308","name":"嘉穗公園","category":"park","source":"osm"},"geometry":{"type":"Polygon","coordinates":[[[121.47758,24.99598],[121.47723,24.9964],[121.47764,24.99667],[121.47787,24.99752],[121.47874,24.99796],[121.47929,24.99794],[121.48011,24.99858],[121.48081,24.99845],[121.48005,24.9967],[121.47932,24.99617],[121.47827,24.99581],[121.47758,24.99598]]]}},{"type":"Feature","properties":{"id":"osm:way:268317320","name":"景新公園","nameEn":"Jingxin Park","category":"park","source":"osm"},"geometry":{"type":"Polygon","coordinates":[[[121.5153,24.98858],[121.5159,24.9885],[121.51613,24.98809],[121.51638,24.98812],[121.51644,24.98839],[121.5169,24.98841],[121.51759,24.98817],[121.5177,24.98798],[121.51725,24.98806],[121.5169,24.98766],[121.51691,24.9874],[121.51653,24.98725],[121.51585,24.98734],[121.51524,24.98821],[121.5153,24.98858]]]}},{"type":"Feature","properties":{"id":"osm:way:270519275","name":"Park 270519275","category":"park","source":"osm"},"geometry":{"type":"Polygon","coordinates":[[[121.52392,25.04023],[121.52479,25.04004],[121.52488,25.04036],[121.52402,25.04057],[121.52392,25.04023]]]}},{"type":"Feature","properties":{"id":"osm:way:271667492","name":"國光公園","nameEn":"Guoguang Park","category":"park","source":"osm"},"geometry":{"type":"Polygon","coordinates":[[[121.45324,25.02117],[121.45265,25.02118],[121.45216,25.02016],[121.45353,25.01944],[121.45398,25.01967],[121.45324,25.02117]]]}},{"type":"Feature","properties":{"id":"osm:way:272074271","name":"民生公園","nameEn":"Minsheng Park","category":"park","source":"osm"},"geometry":{"type":"Polygon","coordinates":[[[121.47529,25.0136],[121.4759,25.01301],[121.47698,25.01367],[121.47652,25.01431],[121.47529,25.0136]]]}},{"type":"Feature","properties":{"id":"osm:way:272726057","name":"山水綠生態公園","category":"park","source":"osm"},"geometry":{"type":"Polygon","coordinates":[[[121.62156,25.02957],[121.62157,25.02972],[121.62267,25.02984],[121.6228,25.02963],[121.62573,25.02933],[121.62608,25.02869],[121.62678,25.02826],[121.62675,25.02796],[121.62708,25.02747],[121.62661,25.0269],[121.6267,25.02588],[121.62705,25.02546],[121.62675,25.02517],[121.62674,25.02393],[121.6264,25.02329],[121.62663,25.02226],[121.62694,25.02186],[121.62681,25.02153],[121.62619,25.02124],[121.62561,25.02146],[121.6247,25.02093],[121.62463,25.02044],[121.62493,25.02001],[121.6246,25.01996],[121.62416,25.01876],[121.62359,25.01824],[121.62348,25.01896],[121.62256,25.01956],[121.62261,25.02059],[121.62439,25.02183],[121.62485,25.02511],[121.62407,25.02598],[121.62358,25.02613],[121.62392,25.02668],[121.62385,25.02735],[121.62293,25.02767],[121.62258,25.02834],[121.62269,25.02871],[121.62236,25.02922],[121.62179,25.02927],[121.62144,25.02945],[121.62156,25.02957]]]}},{"type":"Feature","properties":{"id":"osm:way:273202836","name":"松榮公園","nameEn":"Song Rong Park","category":"park","source":"osm"},"geometry":{"type":"Polygon","coordinates":[[[121.55497,25.06026],[121.55503,25.05995],[121.55684,25.06006],[121.55693,25.0604],[121.55497,25.06026]]]}},{"type":"Feature","properties":{"id":"osm:way:273202837","name":"民權公園","nameEn":"Minquan Park","category":"park","source":"osm"},"geometry":{"type":"Polygon","coordinates":[[[121.55709,25.06097],[121.55705,25.06184],[121.56014,25.06228],[121.5602,25.06146],[121.55709,25.06097]]]}},{"type":"Feature","properties":{"id":"osm:way:273202842","name":"富錦二號公園","category":"park","source":"osm"},"geometry":{"type":"Polygon","coordinates":[[[121.55945,25.05997],[121.5598,25.05999],[121.55984,25.05937],[121.5595,25.05935],[121.55945,25.05997]]]}},{"type":"Feature","properties":{"id":"osm:way:273644605","name":"延和社區公園","category":"park","source":"osm"},"geometry":{"type":"Polygon","coordinates":[[[121.46885,24.99027],[121.46886,24.99002],[121.46915,24.98992],[121.46908,24.98934],[121.46895,24.98952],[121.46874,24.98944],[121.46844,24.98985],[121.46885,24.99027]]]}},{"type":"Feature","properties":{"id":"osm:way:274467965","name":"德厚公園","category":"park","source":"osm"},"geometry":{"type":"Polygon","coordinates":[[[121.47824,25.04929],[121.47842,25.04899],[121.4792,25.04939],[121.47916,25.04972],[121.47824,25.04929]]]}},{"type":"Feature","properties":{"id":"osm:way:274475666","name":"富錦三號公園","category":"park","source":"osm"},"geometry":{"type":"Polygon","coordinates":[[[121.55874,25.06057],[121.55878,25.05999],[121.55911,25.06001],[121.55907,25.0606],[121.55874,25.06057]]]}},{"type":"Feature","properties":{"id":"osm:way:274475668","name":"新中公園","nameEn":"Xinzhong Park","category":"park","source":"osm"},"geometry":{"type":"Polygon","coordinates":[[[121.56042,25.06065],[121.56045,25.06034],[121.56139,25.06039],[121.56136,25.06071],[121.56042,25.06065]]]}},{"type":"Feature","properties":{"id":"osm:way:275949148","name":"開放空間","category":"park","source":"osm"},"geometry":{"type":"Polygon","coordinates":[[[121.54996,25.0997],[121.55023,25.09938],[121.54978,25.09908],[121.54952,25.09941],[121.54996,25.0997]]]}},{"type":"Feature","properties":{"id":"osm:way:276923956","name":"敦北公園","nameEn":"Dunbei Park","category":"park","source":"osm"},"geometry":{"type":"Polygon","coordinates":[[[121.55106,25.06138],[121.55096,25.06121],[121.55128,25.06087],[121.55244,25.061],[121.55215,25.06149],[121.55106,25.06138]]]}},{"type":"Feature","properties":{"id":"osm:way:276923957","name":"富錦公園","category":"park","source":"osm"},"geometry":{"type":"Polygon","coordinates":[[[121.55094,25.06109],[121.55062,25.06047],[121.55118,25.06024],[121.55116,25.06081],[121.55094,25.06109]]]}},{"type":"Feature","properties":{"id":"osm:way:281081715","name":"北投社三層崎公園","nameEn":"Beitou 22nd Park (under construction)","category":"park","source":"osm"},"geometry":{"type":"Polygon","coordinates":[[[121.49228,25.14492],[121.49282,25.14696],[121.49241,25.14672],[121.49166,25.14684],[121.49123,25.14657],[121.48985,25.14645],[121.4903,25.14617],[121.49024,25.14488],[121.49072,25.14435],[121.49108,25.14415],[121.49228,25.14492]]]}},{"type":"Feature","properties":{"id":"osm:way:282728946","name":"昌平公園","nameEn":"Changping Park","category":"park","source":"osm"},"geometry":{"type":"Polygon","coordinates":[[[121.45803,25.05749],[121.45782,25.05856],[121.45876,25.05855],[121.45877,25.05748],[121.45803,25.05749]]]}},{"type":"Feature","properties":{"id":"osm:way:282728947","name":"Park 282728947","category":"park","source":"osm"},"geometry":{"type":"Polygon","coordinates":[[[121.45696,25.05664],[121.45696,25.05721],[121.45783,25.0572],[121.45785,25.05665],[121.45696,25.05664]]]}},{"type":"Feature","properties":{"id":"osm:way:283908555","name":"台北城南文學公園","category":"park","source":"osm"},"geometry":{"type":"Polygon","coordinates":[[[121.52038,25.02163],[121.5209,25.02159],[121.52082,25.02141],[121.52118,25.02124],[121.52089,25.02082],[121.52027,25.02095],[121.52038,25.02163]]]}},{"type":"Feature","properties":{"id":"osm:way:284068952","name":"萬慶公園","nameEn":"Wangcheng Park","category":"park","source":"osm"},"geometry":{"type":"Polygon","coordinates":[[[121.53727,24.99428],[121.53773,24.99303],[121.53691,24.99064],[121.53698,24.98968],[121.53824,24.9932],[121.53801,24.99378],[121.53727,24.99428]]]}},{"type":"Feature","properties":{"id":"osm:way:284359015","name":"四維公園","category":"park","source":"osm"},"geometry":{"type":"Polygon","coordinates":[[[121.54514,25.0303],[121.54551,25.03029],[121.54552,25.03098],[121.54516,25.03098],[121.54514,25.0303]]]}},{"type":"Feature","properties":{"id":"osm:way:284784730","name":"金瑞公園","nameEn":"Jinrui Park","category":"park","source":"osm"},"geometry":{"type":"Polygon","coordinates":[[[121.58749,25.08821],[121.58821,25.08755],[121.58847,25.08779],[121.58774,25.08843],[121.58749,25.08821]]]}},{"type":"Feature","properties":{"id":"osm:way:286687104","name":"永昌公園","nameEn":"Yongchang Park","category":"park","source":"osm"},"geometry":{"type":"Polygon","coordinates":[[[121.50957,25.02631],[121.51051,25.02594],[121.51062,25.02628],[121.51056,25.02656],[121.50957,25.02631]]]}},{"type":"Feature","properties":{"id":"osm:way:287217250","name":"Park 287217250","category":"park","source":"osm"},"geometry":{"type":"Polygon","coordinates":[[[121.56818,25.0591],[121.56822,25.05855],[121.56881,25.0586],[121.56837,25.05912],[121.56818,25.0591]]]}},{"type":"Feature","properties":{"id":"osm:way:287217252","name":"鵬程公園","nameEn":"Pengcheng Park","category":"park","source":"osm"},"geometry":{"type":"Polygon","coordinates":[[[121.56844,25.05602],[121.56878,25.05607],[121.56898,25.05509],[121.56861,25.05508],[121.56844,25.05602]]]}},{"type":"Feature","properties":{"id":"osm:way:287217253","name":"健康公園","category":"park","source":"osm"},"geometry":{"type":"Polygon","coordinates":[[[121.56864,25.0543],[121.56916,25.05433],[121.56919,25.05398],[121.56865,25.05396],[121.56864,25.0543]]]}},{"type":"Feature","properties":{"id":"osm:way:287674440","name":"神農公園","nameEn":"Shennong Park","category":"park","source":"osm"},"geometry":{"type":"Polygon","coordinates":[[[121.4762,25.05128],[121.476,25.05127],[121.47587,25.05092],[121.4767,25.05096],[121.47692,25.05061],[121.47677,25.05124],[121.4762,25.05128]]]}},{"type":"Feature","properties":{"id":"osm:way:287823047","name":"群光公園","nameEn":"Chicony Park","category":"park","source":"osm"},"geometry":{"type":"Polygon","coordinates":[[[121.47411,25.05657],[121.47342,25.05656],[121.47343,25.05602],[121.4741,25.05604],[121.47411,25.05657]]]}},{"type":"Feature","properties":{"id":"osm:way:287823151","name":"頂崁公園","nameEn":"Dingkan Park","category":"park","source":"osm"},"geometry":{"type":"Polygon","coordinates":[[[121.47551,25.05497],[121.47612,25.05504],[121.47613,25.05477],[121.47548,25.05467],[121.47551,25.05497]]]}},{"type":"Feature","properties":{"id":"osm:way:288140442","name":"永豐公園","category":"park","source":"osm"},"geometry":{"type":"Polygon","coordinates":[[[121.47761,25.01952],[121.47802,25.01945],[121.47795,25.01919],[121.47857,25.01882],[121.47854,25.01834],[121.47761,25.01952]]]}},{"type":"Feature","properties":{"id":"osm:way:288140446","name":"正隆公園","nameEn":"Zhenglong Park","category":"park","source":"osm"},"geometry":{"type":"Polygon","coordinates":[[[121.47781,25.01171],[121.47797,25.01169],[121.47796,25.012],[121.47672,25.01303],[121.47693,25.01264],[121.47676,25.0123],[121.47781,25.01171]]]}},{"type":"Feature","properties":{"id":"osm:way:289000032","name":"光復簡易公園","category":"park","source":"osm"},"geometry":{"type":"Polygon","coordinates":[[[121.48346,25.01784],[121.48359,25.01751],[121.48629,25.01868],[121.48623,25.01891],[121.48424,25.01833],[121.48346,25.01784]]]}},{"type":"Feature","properties":{"id":"osm:way:289004432","name":"廟美綠林小徑","category":"park","source":"osm"},"geometry":{"type":"Polygon","coordinates":[[[121.50057,25.00264],[121.50067,25.00238],[121.50173,25.00209],[121.50216,25.0012],[121.50197,25.00178],[121.50209,25.00236],[121.50192,25.00255],[121.50127,25.00237],[121.50093,25.00245],[121.50084,25.00268],[121.50057,25.00264]]]}},{"type":"Feature","properties":{"id":"osm:way:289578419","name":"福民公園","category":"park","source":"osm"},"geometry":{"type":"Polygon","coordinates":[[[121.53297,24.97318],[121.53243,24.97351],[121.53219,24.97317],[121.53272,24.97286],[121.53312,24.97298],[121.53297,24.97318]]]}},{"type":"Feature","properties":{"id":"osm:way:291865748","name":"保儀公園","category":"park","source":"osm"},"geometry":{"type":"Polygon","coordinates":[[[121.56307,24.98371],[121.56322,24.98336],[121.56383,24.98345],[121.56372,24.98381],[121.56307,24.98371]]]}},{"type":"Feature","properties":{"id":"osm:way:292258043","name":"朱崙公園","nameEn":"Zhulun Park","category":"park","source":"osm"},"geometry":{"type":"Polygon","coordinates":[[[121.54134,25.0492],[121.54203,25.04921],[121.54203,25.04951],[121.54135,25.0495],[121.54134,25.0492]]]}},{"type":"Feature","properties":{"id":"osm:way:292395658","name":"百齡公園","nameEn":"Bailing Park","category":"park","source":"osm"},"geometry":{"type":"Polygon","coordinates":[[[121.45,25.16489],[121.45012,25.16502],[121.45032,25.16479],[121.45082,25.16388],[121.45,25.16452],[121.45,25.16489]]]}},{"type":"Feature","properties":{"id":"osm:way:292549898","name":"運動公園","nameEn":"Sports Park","category":"park","source":"osm"},"geometry":{"type":"Polygon","coordinates":[[[121.45104,25.16587],[121.45094,25.16579],[121.4507,25.16672],[121.45092,25.16693],[121.4517,25.16646],[121.45104,25.16587]]]}},{"type":"Feature","properties":{"id":"osm:way:293151415","name":"大屯自然公園","category":"park","source":"osm"},"geometry":{"type":"Polygon","coordinates":[[[121.52505,25.18651],[121.52405,25.18834],[121.52247,25.18804],[121.52121,25.18803],[121.52134,25.18733],[121.52209,25.18696],[121.52255,25.18603],[121.52084,25.18546],[121.52021,25.18549],[121.5201,25.18527],[121.52026,25.18481],[121.52082,25.18442],[121.5221,25.18506],[121.52278,25.18514],[121.52336,25.18575],[121.52417,25.18581],[121.52406,25.186],[121.52421,25.18617],[121.52505,25.18651]]]}},{"type":"Feature","properties":{"id":"osm:way:293271725","name":"竹圍公園","nameEn":"Chuwei Park","category":"park","source":"osm"},"geometry":{"type":"Polygon","coordinates":[[[121.46337,25.13826],[121.46343,25.138],[121.46274,25.13786],[121.46265,25.13812],[121.46337,25.13826]]]}},{"type":"Feature","properties":{"id":"osm:way:295650678","name":"Park 295650678","category":"park","source":"osm"},"geometry":{"type":"Polygon","coordinates":[[[121.50213,25.0729],[121.50245,25.07299],[121.50266,25.07242],[121.50251,25.0723],[121.50235,25.07226],[121.50213,25.0729]]]}},{"type":"Feature","properties":{"id":"osm:way:296116955","name":"希望花園","category":"park","source":"osm"},"geometry":{"type":"Polygon","coordinates":[[[121.60709,25.05752],[121.60765,25.05763],[121.60772,25.05731],[121.60716,25.0572],[121.60709,25.05752]]]}},{"type":"Feature","properties":{"id":"osm:way:296208077","name":"臺北市電影主題公園","nameEn":"Taipei Movie Park","category":"park","source":"osm"},"geometry":{"type":"Polygon","coordinates":[[[121.50296,25.04456],[121.5032,25.04546],[121.50346,25.04541],[121.50349,25.04506],[121.50372,25.045],[121.50366,25.04477],[121.50352,25.04479],[121.50342,25.04444],[121.50296,25.04456]]]}},{"type":"Feature","properties":{"id":"osm:way:296797212","name":"康湖公園","category":"park","source":"osm"},"geometry":{"type":"Polygon","coordinates":[[[121.6086,25.07526],[121.60892,25.07526],[121.60893,25.07447],[121.60917,25.07433],[121.60902,25.07361],[121.60854,25.07362],[121.6086,25.07526]]]}},{"type":"Feature","properties":{"id":"osm:way:296797213","name":"開放空間","category":"park","source":"osm"},"geometry":{"type":"Polygon","coordinates":[[[121.60855,25.07356],[121.60905,25.07355],[121.60883,25.07206],[121.60822,25.07233],[121.60857,25.07306],[121.60855,25.07356]]]}},{"type":"Feature","properties":{"id":"osm:way:297678829","name":"和平青草園","category":"park","source":"osm"},"geometry":{"type":"Polygon","coordinates":[[[121.49685,25.03288],[121.49765,25.033],[121.49714,25.03206],[121.49685,25.03288]]]}},{"type":"Feature","properties":{"id":"osm:way:298056521","name":"臺北流行音樂中心 (南基地)","nameEn":"Taipei Music Center (South Site)","category":"park","source":"osm"},"geometry":{"type":"Polygon","coordinates":[[[121.59565,25.05145],[121.60334,25.05254],[121.60345,25.05186],[121.59588,25.05094],[121.59565,25.05145]]]}},{"type":"Feature","properties":{"id":"osm:way:298063022","name":"忠信廣場","nameEn":"Zhongxin Plaza","category":"park","source":"osm"},"geometry":{"type":"Polygon","coordinates":[[[121.56745,25.04012],[121.56747,25.04097],[121.56833,25.04091],[121.56833,25.0401],[121.56745,25.04012]]]}},{"type":"Feature","properties":{"id":"osm:way:299297074","name":"社正公園","nameEn":"Shezheng Park","category":"park","source":"osm"},"geometry":{"type":"Polygon","coordinates":[[[121.51016,25.08794],[121.51057,25.08813],[121.51071,25.08753],[121.51027,25.08725],[121.51016,25.08794]]]}},{"type":"Feature","properties":{"id":"osm:way:299403735","name":"社子公園","nameEn":"Shezi Park","category":"park","source":"osm"},"geometry":{"type":"Polygon","coordinates":[[[121.50589,25.0902],[121.50657,25.09032],[121.50692,25.09114],[121.50606,25.0914],[121.50589,25.0902]]]}},{"type":"Feature","properties":{"id":"osm:way:299815319","name":"鹿鳴廣場","category":"park","source":"osm"},"geometry":{"type":"Polygon","coordinates":[[[121.53799,25.0156],[121.53829,25.01526],[121.53798,25.01503],[121.53767,25.01543],[121.53799,25.0156]]]}},{"type":"Feature","properties":{"id":"osm:way:300655793","name":"Park 300655793","category":"park","source":"osm"},"geometry":{"type":"Polygon","coordinates":[[[121.51031,25.02973],[121.51058,25.02961],[121.5101,25.0291],[121.50955,25.02954],[121.50968,25.02969],[121.51011,25.02944],[121.51031,25.02973]]]}},{"type":"Feature","properties":{"id":"osm:way:301750980","name":"海光公園","nameEn":"Haiguang Park","category":"park","source":"osm"},"geometry":{"type":"Polygon","coordinates":[[[121.5075,25.08242],[121.50794,25.08255],[121.50829,25.08157],[121.50807,25.08142],[121.50823,25.08118],[121.50842,25.08122],[121.50869,25.08057],[121.50823,25.08027],[121.5075,25.08242]]]}},{"type":"Feature","properties":{"id":"osm:way:301771092","name":"湖山六號公園","nameEn":"Hushan Park No. 6","category":"park","source":"osm"},"geometry":{"type":"Polygon","coordinates":[[[121.60136,25.08374],[121.60163,25.08401],[121.60201,25.08373],[121.60217,25.08231],[121.60181,25.08226],[121.60176,25.08292],[121.60136,25.08374]]]}},{"type":"Feature","properties":{"id":"osm:way:301926727","name":"景美河濱公園","nameEn":"Jingmei Riverside Park","category":"park","source":"osm"},"geometry":{"type":"Polygon","coordinates":[[[121.53517,24.99588],[121.53684,24.99433],[121.53725,24.99354],[121.53721,24.99291],[121.53602,24.99079],[121.53625,24.98945],[121.53738,24.98845],[121.5381,24.98815],[121.53882,24.98799],[121.54076,24.98804],[121.54077,24.98837],[121.53813,24.98855],[121.53701,24.98934],[121.53678,24.99042],[121.53748,24.99263],[121.53745,24.99352],[121.53706,24.9944],[121.53581,24.99564],[121.53543,24.99656],[121.53517,24.99588]]]}},{"type":"Feature","properties":{"id":"osm:way:301926728","name":"溪洲河濱公園","nameEn":"Xizhou Riverside Park","category":"park","source":"osm"},"geometry":{"type":"Polygon","coordinates":[[[121.53404,25.0094],[121.53244,25.00863],[121.53408,25.0036],[121.53409,25.00343],[121.53377,25.00358],[121.5337,25.00315],[121.53375,25.00236],[121.53401,25.00183],[121.53429,24.99884],[121.53505,24.99881],[121.53501,24.99784],[121.53485,24.99784],[121.53495,24.99662],[121.53455,24.99627],[121.53497,24.99604],[121.53541,24.99668],[121.53522,25.00015],[121.53541,25.00269],[121.53513,25.00424],[121.53392,25.00637],[121.53404,25.0094]]]}},{"type":"Feature","properties":{"id":"osm:way:301927905","name":"古亭河濱公園","category":"park","source":"osm"},"geometry":{"type":"Polygon","coordinates":[[[121.52476,25.01445],[121.52418,25.01493],[121.52344,25.01626],[121.52364,25.01631],[121.52317,25.01743],[121.52338,25.01781],[121.52187,25.01874],[121.52127,25.01942],[121.51942,25.02055],[121.51663,25.02143],[121.51671,25.02154],[121.5226,25.02009],[121.52811,25.01172],[121.5279,25.01153],[121.52708,25.0119],[121.52623,25.01263],[121.52476,25.01445]]]}},{"type":"Feature","properties":{"id":"osm:way:302249040","name":"公館水岸廣場","category":"park","source":"osm"},"geometry":{"type":"Polygon","coordinates":[[[121.52988,25.01054],[121.52931,25.01078],[121.52845,25.01172],[121.52807,25.0114],[121.52726,25.01175],[121.52919,25.01034],[121.52976,25.01035],[121.52988,25.01054]]]}},{"type":"Feature","properties":{"id":"osm:way:302249051","name":"永福河濱公園","nameEn":"Yongfu Riverside Park","category":"park","source":"osm"},"geometry":{"type":"Polygon","coordinates":[[[121.5309,25.00984],[121.53244,25.00863],[121.53421,25.00975],[121.53338,25.01032],[121.53107,25.01003],[121.5309,25.00984]]]}},{"type":"Feature","properties":{"id":"osm:way:303275607","name":"新龍公園","category":"park","source":"osm"},"geometry":{"type":"Polygon","coordinates":[[[121.53977,25.02773],[121.54049,25.02782],[121.54048,25.02747],[121.53977,25.02773]]]}},{"type":"Feature","properties":{"id":"osm:way:303826473","name":"復華公園","category":"park","source":"osm"},"geometry":{"type":"Polygon","coordinates":[[[121.53951,25.05336],[121.5395,25.05288],[121.5398,25.05288],[121.54004,25.05333],[121.53951,25.05336]]]}},{"type":"Feature","properties":{"id":"osm:way:303852587","name":"德安公園","category":"park","source":"osm"},"geometry":{"type":"Polygon","coordinates":[[[121.54753,25.03505],[121.54801,25.03504],[121.54802,25.03467],[121.54755,25.03467],[121.54753,25.03505]]]}},{"type":"Feature","properties":{"id":"osm:way:303853362","name":"敦安公園","nameEn":"Dunan Park","category":"park","source":"osm"},"geometry":{"type":"Polygon","coordinates":[[[121.55371,25.0348],[121.55343,25.0346],[121.55342,25.03432],[121.55417,25.03427],[121.55371,25.0348]]]}},{"type":"Feature","properties":{"id":"osm:way:304126325","name":"聯成公園","category":"park","source":"osm"},"geometry":{"type":"Polygon","coordinates":[[[121.5884,25.04854],[121.58882,25.04865],[121.589,25.04823],[121.58857,25.04808],[121.5884,25.04854]]]}},{"type":"Feature","properties":{"id":"osm:way:304152729","name":"嘉興公園","nameEn":"Jiaxing Park","category":"park","source":"osm"},"geometry":{"type":"Polygon","coordinates":[[[121.55142,25.02144],[121.55204,25.02195],[121.55266,25.02142],[121.55204,25.02089],[121.55142,25.02144]]]}},{"type":"Feature","properties":{"id":"osm:way:304205591","name":"樟新公園","category":"park","source":"osm"},"geometry":{"type":"Polygon","coordinates":[[[121.55677,24.97939],[121.55688,24.97887],[121.55706,24.97889],[121.5574,24.97955],[121.55677,24.97939]]]}},{"type":"Feature","properties":{"id":"osm:way:304601213","name":"中吉公園","nameEn":"Zhongji Park","category":"park","source":"osm"},"geometry":{"type":"Polygon","coordinates":[[[121.53177,25.05675],[121.53204,25.05674],[121.53204,25.05608],[121.5316,25.05608],[121.53177,25.05675]]]}},{"type":"Feature","properties":{"id":"osm:way:304603882","name":"新喜公園","nameEn":"Xinxi Park","category":"park","source":"osm"},"geometry":{"type":"Polygon","coordinates":[[[121.53183,25.06558],[121.53262,25.06557],[121.53261,25.06524],[121.53182,25.06526],[121.53183,25.06558]]]}},{"type":"Feature","properties":{"id":"osm:way:304618177","name":"萬芳六號公園","category":"park","source":"osm"},"geometry":{"type":"Polygon","coordinates":[[[121.56891,25.00039],[121.56923,25.00057],[121.5696,24.99939],[121.56939,24.99934],[121.56947,24.99878],[121.56916,24.9989],[121.56891,25.00039]]]}},{"type":"Feature","properties":{"id":"osm:way:305950387","name":"成功公園綠地","category":"park","source":"osm"},"geometry":{"type":"Polygon","coordinates":[[[121.59786,25.0845],[121.59854,25.08384],[121.59886,25.08384],[121.59864,25.08365],[121.599,25.08336],[121.59959,25.08357],[121.59936,25.0833],[121.59948,25.08298],[121.59926,25.0828],[121.59948,25.08194],[121.59715,25.08279],[121.59696,25.08264],[121.59656,25.08305],[121.59678,25.08342],[121.59753,25.08385],[121.59736,25.08404],[121.59669,25.08387],[121.59658,25.08435],[121.59786,25.0845]]]}},{"type":"Feature","properties":{"id":"osm:way:306485616","name":"日善公園","category":"park","source":"osm"},"geometry":{"type":"Polygon","coordinates":[[[121.49643,25.02612],[121.49684,25.02637],[121.4969,25.02673],[121.49627,25.02648],[121.49643,25.02612]]]}},{"type":"Feature","properties":{"id":"osm:way:308542440","name":"學成社區公園","category":"park","source":"osm"},"geometry":{"type":"Polygon","coordinates":[[[121.45091,24.98839],[121.45056,24.98798],[121.45109,24.9876],[121.45148,24.98802],[121.45091,24.98839]]]}},{"type":"Feature","properties":{"id":"osm:way:309001985","name":"龍鳳谷公園","nameEn":"Longfenggu Park","category":"park","source":"osm"},"geometry":{"type":"Polygon","coordinates":[[[121.52854,25.1434],[121.52879,25.1432],[121.52871,25.14269],[121.52821,25.14305],[121.52854,25.1434]]]}},{"type":"Feature","properties":{"id":"osm:way:309157011","name":"台北市民廣場","nameEn":"Taipei Civic Square","category":"park","source":"osm"},"geometry":{"type":"Polygon","coordinates":[[[121.56345,25.03904],[121.56335,25.036],[121.56207,25.03602],[121.56209,25.03775],[121.5623,25.03775],[121.56233,25.03909],[121.56345,25.03904]]]}},{"type":"Feature","properties":{"id":"osm:way:309347705","name":"中港厝休閒廣場","category":"park","source":"osm"},"geometry":{"type":"Polygon","coordinates":[[[121.45188,25.04638],[121.45219,25.04634],[121.45194,25.04687],[121.45204,25.04701],[121.45234,25.04639],[121.45271,25.04654],[121.45279,25.04637],[121.45246,25.04624],[121.45272,25.04568],[121.45306,25.04562],[121.45295,25.04541],[121.45264,25.04558],[121.45234,25.04619],[121.45202,25.04607],[121.45188,25.04638]]]}},{"type":"Feature","properties":{"id":"osm:way:310321226","name":"延吉公園","nameEn":"Yanji Park","category":"park","source":"osm"},"geometry":{"type":"Polygon","coordinates":[[[121.55579,25.04285],[121.556,25.04288],[121.55617,25.04264],[121.55609,25.04238],[121.55568,25.04239],[121.55566,25.04282],[121.55579,25.04285]]]}},{"type":"Feature","properties":{"id":"osm:way:311471062","name":"福基公園","nameEn":"Fuji Park","category":"park","source":"osm"},"geometry":{"type":"Polygon","coordinates":[[[121.46073,25.05872],[121.46076,25.05814],[121.46146,25.05816],[121.46146,25.05873],[121.46073,25.05872]]]}},{"type":"Feature","properties":{"id":"osm:way:311471483","name":"化成公園","nameEn":"Huacheng Park","category":"park","source":"osm"},"geometry":{"type":"Polygon","coordinates":[[[121.46135,25.04783],[121.46135,25.04729],[121.46203,25.04729],[121.46203,25.04784],[121.46135,25.04783]]]}},{"type":"Feature","properties":{"id":"osm:way:311536532","name":"Park 311536532","category":"park","source":"osm"},"geometry":{"type":"Polygon","coordinates":[[[121.54244,25.01988],[121.54188,25.01989],[121.54186,25.02065],[121.54314,25.02063],[121.54318,25.02048],[121.5429,25.02048],[121.54312,25.0204],[121.54281,25.02037],[121.54278,25.0199],[121.54244,25.01988]]]}},{"type":"Feature","properties":{"id":"osm:way:312025194","name":"昌隆公園","nameEn":"Changlong Park","category":"park","source":"osm"},"geometry":{"type":"Polygon","coordinates":[[[121.53867,25.04447],[121.53958,25.0444],[121.53959,25.04411],[121.53863,25.04406],[121.53867,25.04447]]]}},{"type":"Feature","properties":{"id":"osm:way:312715979","name":"龍江公園","nameEn":"Longjiang Park","category":"park","source":"osm"},"geometry":{"type":"Polygon","coordinates":[[[121.54204,25.05947],[121.54233,25.05947],[121.54235,25.06012],[121.54206,25.06012],[121.54204,25.05947]]]}},{"type":"Feature","properties":{"id":"osm:way:312820722","name":"朱昌公園","nameEn":"Zhuchang Park","category":"park","source":"osm"},"geometry":{"type":"Polygon","coordinates":[[[121.53865,25.05574],[121.53863,25.05518],[121.53904,25.05518],[121.53905,25.05574],[121.53865,25.05574]]]}},{"type":"Feature","properties":{"id":"osm:way:313584134","name":"錫口廊道","category":"park","source":"osm"},"geometry":{"type":"Polygon","coordinates":[[[121.57992,25.0514],[121.57958,25.05045],[121.57977,25.0505],[121.58011,25.05115],[121.58014,25.0514],[121.57992,25.0514]]]}},{"type":"Feature","properties":{"id":"osm:way:313680581","name":"復盛公園","nameEn":"Fusheng Park","category":"park","source":"osm"},"geometry":{"type":"Polygon","coordinates":[[[121.56126,25.04674],[121.56229,25.0472],[121.56222,25.04744],[121.56175,25.04742],[121.5616,25.04798],[121.56108,25.04792],[121.56126,25.04674]]]}},{"type":"Feature","properties":{"id":"osm:way:314207072","name":"Park 314207072","category":"park","source":"osm"},"geometry":{"type":"Polygon","coordinates":[[[121.45,25.05991],[121.45011,25.05903],[121.452,25.05903],[121.45093,25.06034],[121.45,25.06021],[121.45,25.05991]]]}},{"type":"Feature","properties":{"id":"osm:way:314211284","name":"碧湖公園","nameEn":"Bihu Park","category":"park","source":"osm"},"geometry":{"type":"Polygon","coordinates":[[[121.58603,25.08116],[121.58613,25.0819],[121.58599,25.08239],[121.58529,25.08255],[121.58518,25.08274],[121.5839,25.08292],[121.58379,25.0831],[121.58499,25.08355],[121.5847,25.08375],[121.58285,25.08429],[121.58284,25.08452],[121.58197,25.08455],[121.58211,25.08389],[121.58102,25.08365],[121.58127,25.08188],[121.58274,25.07988],[121.58603,25.08116]]]}},{"type":"Feature","properties":{"id":"osm:way:315858480","name":"三興公園","nameEn":"Sanxing Park","category":"park","source":"osm"},"geometry":{"type":"Polygon","coordinates":[[[121.55953,25.0289],[121.55984,25.02871],[121.55985,25.02833],[121.5592,25.02835],[121.55953,25.0289]]]}},{"type":"Feature","properties":{"id":"osm:way:317031161","name":"美麗獅子公圜","category":"park","source":"osm"},"geometry":{"type":"Polygon","coordinates":[[[121.60732,25.0674],[121.60744,25.06797],[121.60768,25.06797],[121.60803,25.06777],[121.60801,25.06754],[121.60847,25.06706],[121.60732,25.0674]]]}},{"type":"Feature","properties":{"id":"osm:way:317033086","name":"東湖四號公園","category":"park","source":"osm"},"geometry":{"type":"Polygon","coordinates":[[[121.61811,25.07021],[121.61825,25.07071],[121.61783,25.07074],[121.61775,25.07032],[121.61811,25.07021]]]}},{"type":"Feature","properties":{"id":"osm:way:317033137","name":"東湖二號公園","nameEn":"Donghu No. 2 Park","category":"park","source":"osm"},"geometry":{"type":"Polygon","coordinates":[[[121.61086,25.07424],[121.61058,25.07398],[121.61113,25.07337],[121.61117,25.07392],[121.61086,25.07424]]]}},{"type":"Feature","properties":{"id":"osm:way:317033139","name":"東湖一號公園","nameEn":"Donghu No. 1 Park","category":"park","source":"osm"},"geometry":{"type":"Polygon","coordinates":[[[121.61256,25.07597],[121.61206,25.07583],[121.61158,25.07541],[121.61238,25.07536],[121.61256,25.07597]]]}},{"type":"Feature","properties":{"id":"osm:way:317034785","name":"康寧公園","category":"park","source":"osm"},"geometry":{"type":"Polygon","coordinates":[[[121.60985,25.06941],[121.60907,25.06861],[121.60994,25.0686],[121.61021,25.06915],[121.60985,25.06941]]]}},{"type":"Feature","properties":{"id":"osm:way:322490478","name":"中正公園","category":"park","source":"osm"},"geometry":{"type":"Polygon","coordinates":[[[121.54319,24.97042],[121.543,24.96997],[121.54341,24.96982],[121.54359,24.97023],[121.54319,24.97042]]]}},{"type":"Feature","properties":{"id":"osm:way:322722625","name":"Park 322722625","category":"park","source":"osm"},"geometry":{"type":"Polygon","coordinates":[[[121.53384,24.99178],[121.53366,24.99185],[121.53378,24.99217],[121.53512,24.99408],[121.5354,24.99409],[121.53384,24.99178]]]}},{"type":"Feature","properties":{"id":"osm:way:322722644","name":"大鵬堤外公園","category":"park","source":"osm"},"geometry":{"type":"Polygon","coordinates":[[[121.53488,24.99437],[121.53526,24.99505],[121.53619,24.99417],[121.53654,24.99356],[121.53627,24.99265],[121.53579,24.99403],[121.53488,24.99437]]]}},{"type":"Feature","properties":{"id":"osm:way:324504885","name":"和平公園","category":"park","source":"osm"},"geometry":{"type":"Polygon","coordinates":[[[121.46422,24.99778],[121.46453,24.99711],[121.46477,24.99705],[121.46524,24.99822],[121.46422,24.99778]]]}},{"type":"Feature","properties":{"id":"osm:way:324504886","name":"華福公園","category":"park","source":"osm"},"geometry":{"type":"Polygon","coordinates":[[[121.46477,24.99705],[121.46519,24.99694],[121.46524,24.99822],[121.46477,24.99705]]]}},{"type":"Feature","properties":{"id":"osm:way:324949341","name":"維也納藝術廣場","category":"park","source":"osm"},"geometry":{"type":"Polygon","coordinates":[[[121.5713,25.03832],[121.5718,25.03832],[121.57181,25.03894],[121.57131,25.03895],[121.5713,25.03832]]]}},{"type":"Feature","properties":{"id":"osm:way:327553837","name":"長壽公園","nameEn":"Changshou Park","category":"park","source":"osm"},"geometry":{"type":"Polygon","coordinates":[[[121.5588,25.05367],[121.55878,25.05303],[121.55919,25.05302],[121.55916,25.0537],[121.5588,25.05367]]]}},{"type":"Feature","properties":{"id":"osm:way:328231678","name":"Park 328231678","category":"park","source":"osm"},"geometry":{"type":"Polygon","coordinates":[[[121.45811,25.08776],[121.45861,25.08776],[121.45856,25.08817],[121.45814,25.08818],[121.45811,25.08776]]]}},{"type":"Feature","properties":{"id":"osm:way:329422773","name":"泉源公園","category":"park","source":"osm"},"geometry":{"type":"Polygon","coordinates":[[[121.50974,25.14153],[121.5081,25.14147],[121.50803,25.14125],[121.50753,25.14172],[121.50581,25.1415],[121.50719,25.14229],[121.50792,25.14193],[121.51009,25.14181],[121.51021,25.14159],[121.50974,25.14153]]]}},{"type":"Feature","properties":{"id":"osm:way:329664606","name":"玫瑰公園","nameEn":"Rose Park","category":"park","source":"osm"},"geometry":{"type":"Polygon","coordinates":[[[121.45484,25.02651],[121.45529,25.02628],[121.45524,25.02484],[121.45607,25.02354],[121.45705,25.02318],[121.45676,25.02288],[121.45445,25.02443],[121.45484,25.02651]]]}},{"type":"Feature","properties":{"id":"osm:way:330187845","name":"三張里公園","category":"park","source":"osm"},"geometry":{"type":"Polygon","coordinates":[[[121.56643,25.03051],[121.56646,25.03188],[121.56709,25.03187],[121.56707,25.0305],[121.56643,25.03051]]]}},{"type":"Feature","properties":{"id":"osm:way:331698696","name":"木南公園","nameEn":"Munan Park","category":"park","source":"osm"},"geometry":{"type":"Polygon","coordinates":[[[121.57105,24.98603],[121.5708,24.98605],[121.57077,24.98729],[121.57105,24.98603]]]}},{"type":"Feature","properties":{"id":"osm:way:333290667","name":"歸綏戲曲公園","nameEn":"Guisui Theater Park","category":"park","source":"osm"},"geometry":{"type":"Polygon","coordinates":[[[121.51353,25.05816],[121.51355,25.05782],[121.51276,25.05782],[121.51277,25.05815],[121.51353,25.05816]]]}},{"type":"Feature","properties":{"id":"osm:way:344200572","name":"Park 344200572","category":"park","source":"osm"},"geometry":{"type":"Polygon","coordinates":[[[121.45,25.02443],[121.45235,25.02673],[121.45557,25.02909],[121.45545,25.02923],[121.4543,25.02837],[121.45368,25.02827],[121.45355,25.02778],[121.45131,25.02646],[121.45102,25.02571],[121.45,25.02511],[121.45,25.02443]]]}},{"type":"Feature","properties":{"id":"osm:way:344200573","name":"Park 344200573","category":"park","source":"osm"},"geometry":{"type":"Polygon","coordinates":[[[121.45596,25.02941],[121.46262,25.03315],[121.46229,25.03387],[121.45547,25.02996],[121.45596,25.02941]]]}},{"type":"Feature","properties":{"id":"osm:way:344200574","name":"江子翠河口景觀河濱公園","category":"park","source":"osm"},"geometry":{"type":"Polygon","coordinates":[[[121.46293,25.0333],[121.4716,25.03677],[121.47776,25.03795],[121.48005,25.03784],[121.48121,25.03713],[121.48161,25.03611],[121.48173,25.03363],[121.48211,25.0321],[121.4837,25.02772],[121.48477,25.02808],[121.48288,25.03156],[121.48233,25.03354],[121.48275,25.03788],[121.48321,25.04026],[121.47841,25.03989],[121.47723,25.03926],[121.47206,25.03837],[121.46969,25.03741],[121.46959,25.03782],[121.46391,25.03592],[121.46296,25.03547],[121.46255,25.03406],[121.46293,25.0333]]]}},{"type":"Feature","properties":{"id":"osm:way:344200576","name":"三重環保河濱公園","category":"park","source":"osm"},"geometry":{"type":"Polygon","coordinates":[[[121.47116,25.04263],[121.47125,25.04247],[121.47215,25.0428],[121.47231,25.04259],[121.47182,25.04193],[121.47279,25.04156],[121.47481,25.04195],[121.47533,25.04181],[121.47558,25.04263],[121.47676,25.0432],[121.47682,25.04356],[121.47663,25.04385],[121.47685,25.04453],[121.47805,25.04498],[121.47808,25.04557],[121.47116,25.04263]]]}},{"type":"Feature","properties":{"id":"osm:way:344208112","name":"二重疏洪運動公園","category":"park","source":"osm"},"geometry":{"type":"Polygon","coordinates":[[[121.4802,25.04655],[121.48261,25.04683],[121.48681,25.04623],[121.48657,25.04723],[121.48537,25.0487],[121.48397,25.0511],[121.48002,25.04933],[121.47985,25.0476],[121.4802,25.04655]]]}},{"type":"Feature","properties":{"id":"osm:way:344208113","name":"幸福水漾公園","category":"park","source":"osm"},"geometry":{"type":"Polygon","coordinates":[[[121.47984,25.05002],[121.48358,25.05175],[121.48368,25.05195],[121.47874,25.06133],[121.47529,25.06123],[121.47445,25.06086],[121.47821,25.05461],[121.47984,25.05002]]]}},{"type":"Feature","properties":{"id":"osm:way:344208115","name":"疏洪荷花公園","category":"park","source":"osm"},"geometry":{"type":"Polygon","coordinates":[[[121.47343,25.06176],[121.47853,25.06169],[121.47646,25.06414],[121.47511,25.06517],[121.47229,25.06653],[121.47216,25.06263],[121.47343,25.06176]]]}},{"type":"Feature","properties":{"id":"osm:way:344208116","name":"疏洪親水公園","category":"park","source":"osm"},"geometry":{"type":"Polygon","coordinates":[[[121.46667,25.06837],[121.46574,25.06655],[121.46586,25.06579],[121.47199,25.06257],[121.47202,25.06673],[121.47009,25.0676],[121.46667,25.06837]]]}},{"type":"Feature","properties":{"id":"osm:way:344208117","name":"疏洪中央公園","category":"park","source":"osm"},"geometry":{"type":"Polygon","coordinates":[[[121.45948,25.07443],[121.45536,25.07324],[121.45515,25.07247],[121.45804,25.06995],[121.46545,25.06641],[121.46689,25.06941],[121.46255,25.0718],[121.45948,25.07443]]]}},{"type":"Feature","properties":{"id":"osm:way:344208118","name":"疏洪沼澤公園","category":"park","source":"osm"},"geometry":{"type":"Polygon","coordinates":[[[121.45412,25.08084],[121.45076,25.07968],[121.45068,25.07884],[121.45134,25.07697],[121.45353,25.0742],[121.45404,25.0738],[121.45821,25.07505],[121.45573,25.07782],[121.45478,25.08023],[121.45412,25.08084]]]}},{"type":"Feature","properties":{"id":"osm:way:344208120","name":"疏洪圳邊公園","category":"park","source":"osm"},"geometry":{"type":"Polygon","coordinates":[[[121.45,25.08752],[121.45111,25.08974],[121.45107,25.0966],[121.45086,25.09656],[121.45,25.09446],[121.45,25.08752]]]}},{"type":"Feature","properties":{"id":"osm:way:344209377","name":"Park 344209377","category":"park","source":"osm"},"geometry":{"type":"Polygon","coordinates":[[[121.4969,25.05393],[121.49731,25.05367],[121.49689,25.05342],[121.49693,25.05318],[121.49588,25.05238],[121.49574,25.05198],[121.4936,25.05041],[121.49169,25.0475],[121.48883,25.04651],[121.48693,25.04623],[121.48691,25.0467],[121.48842,25.04687],[121.48994,25.04791],[121.49209,25.05006],[121.4969,25.05393]]]}},{"type":"Feature","properties":{"id":"osm:way:345967875","name":"信義公園","nameEn":"Xinyi Park","category":"park","source":"osm"},"geometry":{"type":"Polygon","coordinates":[[[121.45623,24.9962],[121.45646,24.99627],[121.45616,24.99484],[121.45633,24.99401],[121.45614,24.99476],[121.45623,24.9962]]]}},{"type":"Feature","properties":{"id":"osm:way:345987914","name":"仁愛公園","category":"park","source":"osm"},"geometry":{"type":"Polygon","coordinates":[[[121.46027,24.98077],[121.4607,24.98034],[121.46037,24.98013],[121.46002,24.98055],[121.46027,24.98077]]]}},{"type":"Feature","properties":{"id":"osm:way:347801811","name":"敦中公園","nameEn":"Dunzhong Park","category":"park","source":"osm"},"geometry":{"type":"Polygon","coordinates":[[[121.54562,25.05014],[121.54561,25.04973],[121.54616,25.04972],[121.54617,25.05013],[121.54562,25.05014]]]}},{"type":"Feature","properties":{"id":"osm:way:347985893","name":"撫順公園","nameEn":"Fushun Park","category":"park","source":"osm"},"geometry":{"type":"Polygon","coordinates":[[[121.52174,25.06471],[121.52221,25.06392],[121.52209,25.06482],[121.52174,25.06471]]]}},{"type":"Feature","properties":{"id":"osm:way:349570046","name":"中正河濱公園","category":"park","source":"osm"},"geometry":{"type":"Polygon","coordinates":[[[121.51626,25.02148],[121.51639,25.02176],[121.51595,25.02311],[121.51531,25.02363],[121.51247,25.02385],[121.51154,25.02335],[121.50871,25.02254],[121.50638,25.021],[121.50676,25.02063],[121.50771,25.02159],[121.50903,25.0223],[121.5118,25.0227],[121.51474,25.02206],[121.51626,25.02148]]]}},{"type":"Feature","properties":{"id":"osm:way:349570048","name":"延平河濱公園","nameEn":"Yanping Riverside Park","category":"park","source":"osm"},"geometry":{"type":"Polygon","coordinates":[[[121.49537,25.09463],[121.49917,25.09145],[121.50159,25.08982],[121.50374,25.08782],[121.50531,25.08579],[121.50714,25.08251],[121.50823,25.07862],[121.50917,25.06976],[121.50837,25.06128],[121.50836,25.05792],[121.50689,25.05212],[121.50579,25.0494],[121.50475,25.04995],[121.50481,25.05068],[121.50617,25.05416],[121.50756,25.05682],[121.50801,25.05845],[121.50901,25.06964],[121.50886,25.07227],[121.5079,25.07643],[121.50731,25.08023],[121.50625,25.08361],[121.50322,25.08741],[121.5015,25.08947],[121.49673,25.09348],[121.4952,25.09443],[121.49537,25.09463]]]}},{"type":"Feature","properties":{"id":"osm:way:349570054","name":"華中河濱公園","nameEn":"Huazhong Riverside Park","category":"park","source":"osm"},"geometry":{"type":"Polygon","coordinates":[[[121.50205,25.01856],[121.49923,25.01668],[121.49825,25.01627],[121.49686,25.01611],[121.49459,25.01671],[121.49337,25.01802],[121.48901,25.0275],[121.48838,25.02745],[121.48911,25.02631],[121.49045,25.02302],[121.49069,25.02167],[121.49045,25.01766],[121.49117,25.01586],[121.4939,25.01203],[121.49597,25.01153],[121.4979,25.0126],[121.5035,25.01717],[121.50205,25.01856]]]}},{"type":"Feature","properties":{"id":"osm:way:349570056","name":"華江雁鴨自然公園","category":"park","source":"osm"},"geometry":{"type":"Polygon","coordinates":[[[121.48609,25.03587],[121.49031,25.0357],[121.49174,25.03686],[121.49535,25.03873],[121.49635,25.03944],[121.49593,25.03952],[121.49397,25.03845],[121.49188,25.03848],[121.49049,25.03791],[121.49024,25.03746],[121.48956,25.03736],[121.48959,25.03718],[121.49007,25.03726],[121.4898,25.0369],[121.48732,25.03664],[121.48721,25.03639],[121.48685,25.03634],[121.48693,25.03616],[121.48652,25.03616],[121.48609,25.03587]]]}},{"type":"Feature","properties":{"id":"osm:way:349570058","name":"雙園河濱公園","category":"park","source":"osm"},"geometry":{"type":"Polygon","coordinates":[[[121.48822,25.0307],[121.48655,25.03142],[121.48622,25.03213],[121.48618,25.03487],[121.48643,25.03548],[121.49005,25.0353],[121.4886,25.03272],[121.48822,25.0307]]]}},{"type":"Feature","properties":{"id":"osm:way:349570062","name":"馬場町紀念公園","nameEn":"Machangding Memorial Park","category":"park","source":"osm"},"geometry":{"type":"Polygon","coordinates":[[[121.50638,25.021],[121.50676,25.02063],[121.50481,25.01866],[121.50358,25.01806],[121.5035,25.01717],[121.50205,25.01856],[121.50452,25.01974],[121.50638,25.021]]]}},{"type":"Feature","properties":{"id":"osm:way:349570064","name":"龍山河濱公園","category":"park","source":"osm"},"geometry":{"type":"Polygon","coordinates":[[[121.5046,25.04938],[121.50552,25.04894],[121.50434,25.04755],[121.50085,25.04436],[121.49989,25.04221],[121.49788,25.04053],[121.49775,25.04065],[121.50036,25.04394],[121.50302,25.04661],[121.5046,25.04938]]]}},{"type":"Feature","properties":{"id":"osm:way:350096445","name":"葫蘆洲運動公園","category":"park","source":"osm"},"geometry":{"type":"Polygon","coordinates":[[[121.60358,25.06177],[121.60524,25.06201],[121.60476,25.06305],[121.60348,25.06284],[121.60358,25.06177]]]}},{"type":"Feature","properties":{"id":"osm:way:352252813","name":"秀朗清溪河濱公園","category":"park","source":"osm"},"geometry":{"type":"Polygon","coordinates":[[[121.5296,24.98883],[121.53018,24.98878],[121.53005,24.98838],[121.52917,24.98763],[121.52736,24.98538],[121.52304,24.982],[121.52259,24.98124],[121.52255,24.98073],[121.52171,24.9809],[121.52181,24.98202],[121.52236,24.98305],[121.52424,24.98476],[121.5296,24.98883]]]}},{"type":"Feature","properties":{"id":"osm:way:352454042","name":"永和綠光河岸公園","category":"park","source":"osm"},"geometry":{"type":"Polygon","coordinates":[[[121.51575,25.01817],[121.5157,25.01867],[121.5161,25.02002],[121.51671,25.02006],[121.51781,25.01963],[121.51883,25.01885],[121.52015,25.01742],[121.5214,25.01516],[121.5244,25.012],[121.52547,25.01058],[121.52571,25.01038],[121.52604,25.01057],[121.52666,25.01039],[121.52556,25.00942],[121.52518,25.00984],[121.52481,25.01087],[121.52289,25.01262],[121.52056,25.01584],[121.51843,25.01738],[121.51575,25.01817]]]}},{"type":"Feature","properties":{"id":"osm:way:352454043","name":"永和綠寶石河濱公園","category":"park","source":"osm"},"geometry":{"type":"Polygon","coordinates":[[[121.51534,25.01863],[121.51521,25.01837],[121.51324,25.01838],[121.51094,25.01799],[121.50903,25.01722],[121.50677,25.01562],[121.50239,25.01158],[121.49871,25.00882],[121.49851,25.00921],[121.50028,25.01056],[121.50217,25.01256],[121.50427,25.01509],[121.50666,25.01838],[121.50806,25.01979],[121.50945,25.02045],[121.51082,25.02082],[121.51313,25.02074],[121.51587,25.02007],[121.51534,25.01863]]]}},{"type":"Feature","properties":{"id":"osm:way:352454046","name":"秀朗追風園區","nameEn":"Xiulang Leisure Park","category":"park","source":"osm"},"geometry":{"type":"Polygon","coordinates":[[[121.52988,24.99801],[121.53089,24.99534],[121.53036,24.9942],[121.53021,24.99259],[121.52944,24.99126],[121.52884,24.99087],[121.52812,24.98986],[121.52741,24.99005],[121.52741,24.99037],[121.5288,24.99713],[121.52951,24.99725],[121.52988,24.99801]]]}},{"type":"Feature","properties":{"id":"osm:way:352622127","name":"光復賞鳥河濱公園","category":"park","source":"osm"},"geometry":{"type":"Polygon","coordinates":[[[121.48504,25.0243],[121.48705,25.02481],[121.48756,25.02349],[121.48766,25.02217],[121.48711,25.01915],[121.48785,25.01509],[121.48735,25.01495],[121.4861,25.02122],[121.48504,25.0243]]]}},{"type":"Feature","properties":{"id":"osm:way:352622128","name":"江翠礫間水岸公園","category":"park","source":"osm"},"geometry":{"type":"Polygon","coordinates":[[[121.48381,25.02747],[121.48495,25.0279],[121.48538,25.02748],[121.48705,25.02481],[121.48504,25.0243],[121.48381,25.02747]]]}},{"type":"Feature","properties":{"id":"osm:way:353461494","name":"民樂人行廣場","category":"park","source":"osm"},"geometry":{"type":"Polygon","coordinates":[[[121.48193,25.00177],[121.48197,25.00122],[121.48203,25.00158],[121.48295,25.00162],[121.48295,25.0018],[121.48193,25.00177]]]}},{"type":"Feature","properties":{"id":"osm:way:359921414","name":"明美公園","nameEn":"MingMei Park","category":"park","source":"osm"},"geometry":{"type":"Polygon","coordinates":[[[121.58498,25.06274],[121.58517,25.06292],[121.58616,25.06247],[121.58725,25.0607],[121.58674,25.06043],[121.58556,25.06237],[121.58498,25.06274]]]}},{"type":"Feature","properties":{"id":"osm:way:359992450","name":"木柵河濱公園","category":"park","source":"osm"},"geometry":{"type":"Polygon","coordinates":[[[121.54488,24.98702],[121.54515,24.98679],[121.54524,24.98431],[121.546,24.98377],[121.54593,24.9836],[121.54506,24.98395],[121.5446,24.98456],[121.54456,24.98563],[121.54488,24.98702]]]}},{"type":"Feature","properties":{"id":"osm:way:361260575","name":"景豐公園","nameEn":"JingFeng Park","category":"park","source":"osm"},"geometry":{"type":"Polygon","coordinates":[[[121.54493,24.99983],[121.54542,25.00001],[121.54523,25.00052],[121.54469,25.0003],[121.54493,24.99983]]]}},{"type":"Feature","properties":{"id":"osm:way:361491769","name":"振興公園","nameEn":"Cheng Hsin Park","category":"park","source":"osm"},"geometry":{"type":"Polygon","coordinates":[[[121.52372,25.11867],[121.5233,25.11772],[121.52346,25.11695],[121.52305,25.11698],[121.52254,25.11666],[121.52242,25.1172],[121.52298,25.11766],[121.52322,25.1188],[121.52372,25.11867]]]}},{"type":"Feature","properties":{"id":"osm:way:362289790","name":"Park 362289790","category":"park","source":"osm"},"geometry":{"type":"Polygon","coordinates":[[[121.57042,25.04926],[121.57169,25.04944],[121.57187,25.04924],[121.57042,25.04926]]]}},{"type":"Feature","properties":{"id":"osm:way:363365674","name":"新興公園","category":"park","source":"osm"},"geometry":{"type":"Polygon","coordinates":[[[121.48704,25.13961],[121.48772,25.13953],[121.48765,25.1391],[121.48697,25.13919],[121.48704,25.13961]]]}},{"type":"Feature","properties":{"id":"osm:way:366347688","name":"奇岩一號公園","nameEn":"Qiyan No.1 Park","category":"park","source":"osm"},"geometry":{"type":"Polygon","coordinates":[[[121.50398,25.12991],[121.50419,25.12948],[121.50363,25.12923],[121.50412,25.12792],[121.50466,25.12823],[121.50479,25.12783],[121.50399,25.1274],[121.50407,25.12682],[121.50369,25.12675],[121.50333,25.12898],[121.50398,25.12991]]]}},{"type":"Feature","properties":{"id":"osm:way:366347689","name":"奇岩二號公園","nameEn":"Qiyan No.2 Park","category":"park","source":"osm"},"geometry":{"type":"Polygon","coordinates":[[[121.50375,25.12653],[121.50348,25.12521],[121.50439,25.12541],[121.50446,25.12516],[121.50356,25.1245],[121.50368,25.12428],[121.5031,25.12427],[121.50313,25.12539],[121.50339,25.12611],[121.5037,25.12663],[121.50414,25.12666],[121.50375,25.12653]]]}},{"type":"Feature","properties":{"id":"osm:way:366347690","name":"奇岩三號公園","nameEn":"Qiyan No.3 Park","category":"park","source":"osm"},"geometry":{"type":"Polygon","coordinates":[[[121.50428,25.12608],[121.50514,25.12627],[121.5053,25.12589],[121.5045,25.12519],[121.50428,25.12608]]]}},{"type":"Feature","properties":{"id":"osm:way:366347692","name":"公館公園","nameEn":"Gong-guan Park","category":"park","source":"osm"},"geometry":{"type":"Polygon","coordinates":[[[121.50642,25.1278],[121.50662,25.12737],[121.50639,25.1273],[121.50578,25.12841],[121.50598,25.12874],[121.5066,25.1285],[121.507,25.12798],[121.50642,25.1278]]]}},{"type":"Feature","properties":{"id":"osm:way:368398133","name":"Park 368398133","category":"park","source":"osm"},"geometry":{"type":"Polygon","coordinates":[[[121.51069,25.13635],[121.51024,25.13662],[121.5108,25.1368],[121.51095,25.13646],[121.51069,25.13635]]]}},{"type":"Feature","properties":{"id":"osm:way:368398134","name":"北投兒童樂園","category":"park","source":"osm"},"geometry":{"type":"Polygon","coordinates":[[[121.50617,25.13694],[121.50761,25.13689],[121.50845,25.13722],[121.50833,25.13738],[121.50779,25.13723],[121.50725,25.13761],[121.50616,25.13735],[121.506,25.13708],[121.50617,25.13694]]]}},{"type":"Feature","properties":{"id":"osm:way:368435594","name":"民生公園","nameEn":"Minsheng Park","category":"park","source":"osm"},"geometry":{"type":"Polygon","coordinates":[[[121.55717,25.05762],[121.55897,25.05774],[121.55902,25.05728],[121.55721,25.05714],[121.55717,25.05762]]]}},{"type":"Feature","properties":{"id":"osm:way:368610535","name":"重陽公園","nameEn":"Chong Yang Park","category":"park","source":"osm"},"geometry":{"type":"Polygon","coordinates":[[[121.48309,25.08609],[121.48338,25.08585],[121.48401,25.08648],[121.48365,25.08682],[121.48309,25.08609]]]}},{"type":"Feature","properties":{"id":"osm:way:370829279","name":"清白公園","nameEn":"Qingbai Park","category":"park","source":"osm"},"geometry":{"type":"Polygon","coordinates":[[[121.593,25.08192],[121.5937,25.0826],[121.5939,25.08242],[121.59405,25.08277],[121.59443,25.08296],[121.59511,25.08269],[121.59573,25.08204],[121.59534,25.08175],[121.59564,25.08119],[121.59514,25.08095],[121.59453,25.08097],[121.59411,25.08134],[121.59403,25.0818],[121.59334,25.08153],[121.593,25.08192]]]}},{"type":"Feature","properties":{"id":"osm:way:371462656","name":"民有公園","nameEn":"Minyou Park","category":"park","source":"osm"},"geometry":{"type":"Polygon","coordinates":[[[121.47481,25.00834],[121.47469,25.00877],[121.47398,25.00828],[121.47405,25.00812],[121.47481,25.00834]]]}},{"type":"Feature","properties":{"id":"osm:way:371495952","name":"天壽公園","category":"park","source":"osm"},"geometry":{"type":"Polygon","coordinates":[[[121.52517,25.11629],[121.52434,25.11693],[121.52458,25.11717],[121.52537,25.11649],[121.52551,25.11577],[121.52534,25.11467],[121.52562,25.11446],[121.52595,25.11371],[121.52569,25.11382],[121.52533,25.11461],[121.52534,25.11588],[121.52517,25.11629]]]}},{"type":"Feature","properties":{"id":"osm:way:371541994","name":"Park 371541994","category":"park","source":"osm"},"geometry":{"type":"Polygon","coordinates":[[[121.61655,25.03706],[121.61618,25.03658],[121.61689,25.03646],[121.61695,25.03706],[121.61655,25.03706]]]}},{"type":"Feature","properties":{"id":"osm:way:374307293","name":"Park 374307293","category":"park","source":"osm"},"geometry":{"type":"Polygon","coordinates":[[[121.52228,25.10494],[121.52201,25.10479],[121.52117,25.10608],[121.52135,25.10641],[121.52228,25.10494]]]}},{"type":"Feature","properties":{"id":"osm:way:374307294","name":"Park 374307294","category":"park","source":"osm"},"geometry":{"type":"Polygon","coordinates":[[[121.52103,25.10687],[121.52084,25.10654],[121.52004,25.10777],[121.52033,25.10793],[121.52103,25.10687]]]}},{"type":"Feature","properties":{"id":"osm:way:374307295","name":"Park 374307295","category":"park","source":"osm"},"geometry":{"type":"Polygon","coordinates":[[[121.52023,25.10803],[121.51993,25.10787],[121.51939,25.10867],[121.51968,25.10884],[121.52023,25.10803]]]}},{"type":"Feature","properties":{"id":"osm:way:374307296","name":"Park 374307296","category":"park","source":"osm"},"geometry":{"type":"Polygon","coordinates":[[[121.51732,25.11182],[121.51716,25.11204],[121.51749,25.11221],[121.5184,25.11074],[121.51807,25.11053],[121.51732,25.11182]]]}},{"type":"Feature","properties":{"id":"osm:way:374307297","name":"Park 374307297","category":"park","source":"osm"},"geometry":{"type":"Polygon","coordinates":[[[121.51738,25.11235],[121.5169,25.1121],[121.51621,25.11324],[121.51652,25.11342],[121.51738,25.11235]]]}},{"type":"Feature","properties":{"id":"osm:way:374307298","name":"Park 374307298","category":"park","source":"osm"},"geometry":{"type":"Polygon","coordinates":[[[121.51464,25.11614],[121.51434,25.11595],[121.51329,25.11748],[121.51356,25.11768],[121.51464,25.11614]]]}},{"type":"Feature","properties":{"id":"osm:way:374307300","name":"Park 374307300","category":"park","source":"osm"},"geometry":{"type":"Polygon","coordinates":[[[121.51346,25.11784],[121.51319,25.11762],[121.5122,25.11894],[121.51265,25.11894],[121.51346,25.11784]]]}},{"type":"Feature","properties":{"id":"osm:way:374307302","name":"Park 374307302","category":"park","source":"osm"},"geometry":{"type":"Polygon","coordinates":[[[121.50889,25.12053],[121.50874,25.12021],[121.50811,25.12033],[121.50819,25.12065],[121.50889,25.12053]]]}},{"type":"Feature","properties":{"id":"osm:way:374307303","name":"Park 374307303","category":"park","source":"osm"},"geometry":{"type":"Polygon","coordinates":[[[121.50482,25.12129],[121.50475,25.12095],[121.5039,25.1211],[121.50284,25.12151],[121.50287,25.12182],[121.50482,25.12129]]]}},{"type":"Feature","properties":{"id":"osm:way:374312125","name":"Park 374312125","category":"park","source":"osm"},"geometry":{"type":"Polygon","coordinates":[[[121.50269,25.12196],[121.5026,25.12156],[121.50229,25.12178],[121.50143,25.12334],[121.50168,25.12349],[121.50228,25.12224],[121.50269,25.12196]]]}},{"type":"Feature","properties":{"id":"osm:way:374312126","name":"Park 374312126","category":"park","source":"osm"},"geometry":{"type":"Polygon","coordinates":[[[121.50167,25.12373],[121.50137,25.12359],[121.50116,25.12458],[121.50147,25.12465],[121.50167,25.12373]]]}},{"type":"Feature","properties":{"id":"osm:way:374312127","name":"Park 374312127","category":"park","source":"osm"},"geometry":{"type":"Polygon","coordinates":[[[121.50099,25.12693],[121.50073,25.12689],[121.50056,25.12766],[121.50083,25.1277],[121.50099,25.12693]]]}},{"type":"Feature","properties":{"id":"osm:way:374312128","name":"Park 374312128","category":"park","source":"osm"},"geometry":{"type":"Polygon","coordinates":[[[121.50053,25.12785],[121.50082,25.12789],[121.50071,25.12855],[121.50011,25.13028],[121.4998,25.13019],[121.5002,25.12941],[121.50053,25.12785]]]}},{"type":"Feature","properties":{"id":"osm:way:374312129","name":"Park 374312129","category":"park","source":"osm"},"geometry":{"type":"Polygon","coordinates":[[[121.50015,25.13049],[121.49972,25.13036],[121.49919,25.13091],[121.49959,25.13118],[121.50015,25.13049]]]}},{"type":"Feature","properties":{"id":"osm:way:374312130","name":"Park 374312130","category":"park","source":"osm"},"geometry":{"type":"Polygon","coordinates":[[[121.4976,25.13333],[121.49733,25.13318],[121.49703,25.13353],[121.49666,25.13444],[121.49691,25.13416],[121.49707,25.13431],[121.4976,25.13333]]]}},{"type":"Feature","properties":{"id":"osm:way:374914308","name":"挹翠園","nameEn":"Yicui Garden","category":"park","source":"osm"},"geometry":{"type":"Polygon","coordinates":[[[121.50826,25.18513],[121.50829,25.18471],[121.50766,25.1849],[121.50723,25.18473],[121.50765,25.18506],[121.50826,25.18513]]]}},{"type":"Feature","properties":{"id":"osm:way:375033743","name":"島頭公園","category":"park","source":"osm"},"geometry":{"type":"Polygon","coordinates":[[[121.46677,25.11004],[121.46652,25.10996],[121.46622,25.10945],[121.46641,25.10871],[121.46556,25.10959],[121.46511,25.1104],[121.46655,25.11028],[121.46677,25.11004]]]}},{"type":"Feature","properties":{"id":"osm:way:375180591","name":"建民公園","nameEn":"Jian-min Park","category":"park","source":"osm"},"geometry":{"type":"Polygon","coordinates":[[[121.52051,25.10626],[121.52067,25.10618],[121.52022,25.10534],[121.52001,25.10571],[121.52051,25.10626]]]}},{"type":"Feature","properties":{"id":"osm:way:375260837","name":"榮華公園","nameEn":"Rong-hua Park","category":"park","source":"osm"},"geometry":{"type":"Polygon","coordinates":[[[121.52139,25.11032],[121.52171,25.11007],[121.52234,25.11017],[121.5225,25.11095],[121.52365,25.11131],[121.52361,25.11157],[121.5221,25.11139],[121.52197,25.11094],[121.52163,25.11081],[121.52139,25.11032]]]}},{"type":"Feature","properties":{"id":"osm:way:375260838","name":"Park 375260838","category":"park","source":"osm"},"geometry":{"type":"Polygon","coordinates":[[[121.5246,25.11285],[121.52506,25.11328],[121.5248,25.11362],[121.52519,25.1137],[121.52523,25.11334],[121.5254,25.11327],[121.52513,25.11319],[121.52543,25.11321],[121.52556,25.11275],[121.5252,25.11253],[121.52537,25.1124],[121.52512,25.11168],[121.5241,25.11138],[121.52505,25.11241],[121.5246,25.11285]]]}},{"type":"Feature","properties":{"id":"osm:way:375299580","name":"致遠公園","category":"park","source":"osm"},"geometry":{"type":"Polygon","coordinates":[[[121.51556,25.1117],[121.51564,25.11158],[121.51461,25.11088],[121.51451,25.11102],[121.51556,25.1117]]]}},{"type":"Feature","properties":{"id":"osm:way:375299581","name":"榮光公園","nameEn":"Rongguang park","category":"park","source":"osm"},"geometry":{"type":"Polygon","coordinates":[[[121.51386,25.11456],[121.51456,25.11487],[121.51468,25.11457],[121.51412,25.11419],[121.51386,25.11456]]]}},{"type":"Feature","properties":{"id":"osm:way:375327792","name":"Park 375327792","category":"park","source":"osm"},"geometry":{"type":"Polygon","coordinates":[[[121.50382,25.13084],[121.50443,25.13096],[121.50442,25.13061],[121.50393,25.13023],[121.50382,25.13084]]]}},{"type":"Feature","properties":{"id":"osm:way:375338650","name":"石牌公園","nameEn":"Shipai Park","category":"park","source":"osm"},"geometry":{"type":"Polygon","coordinates":[[[121.50893,25.11801],[121.50994,25.11775],[121.50959,25.1172],[121.50893,25.11801]]]}},{"type":"Feature","properties":{"id":"osm:way:375338653","name":"吉利公園","category":"park","source":"osm"},"geometry":{"type":"Polygon","coordinates":[[[121.5079,25.11903],[121.50767,25.11903],[121.50767,25.11919],[121.50947,25.11936],[121.50863,25.11897],[121.50867,25.11868],[121.50825,25.11887],[121.5083,25.11866],[121.5081,25.11865],[121.5079,25.11903]]]}},{"type":"Feature","properties":{"id":"osm:way:375469277","name":"北投3號廣場","category":"park","source":"osm"},"geometry":{"type":"Polygon","coordinates":[[[121.49761,25.1324],[121.49827,25.13158],[121.49775,25.13183],[121.49761,25.1324]]]}},{"type":"Feature","properties":{"id":"osm:way:375670714","name":"Park 375670714","category":"park","source":"osm"},"geometry":{"type":"Polygon","coordinates":[[[121.50212,25.12417],[121.50236,25.12407],[121.50256,25.12421],[121.50279,25.12476],[121.50281,25.1241],[121.50222,25.12388],[121.50212,25.12417]]]}},{"type":"Feature","properties":{"id":"osm:way:375776545","name":"Park 375776545","category":"park","source":"osm"},"geometry":{"type":"Polygon","coordinates":[[[121.52495,25.12169],[121.52502,25.12207],[121.52551,25.12256],[121.52537,25.12164],[121.52495,25.12169]]]}},{"type":"Feature","properties":{"id":"osm:way:375776575","name":"行義公園","category":"park","source":"osm"},"geometry":{"type":"Polygon","coordinates":[[[121.52444,25.12565],[121.52444,25.12599],[121.52478,25.12595],[121.52508,25.12582],[121.52518,25.12543],[121.52475,25.12536],[121.52444,25.12565]]]}},{"type":"Feature","properties":{"id":"osm:way:375788666","name":"同德公園","nameEn":"Tongde Park","category":"park","source":"osm"},"geometry":{"type":"Polygon","coordinates":[[[121.52938,25.1257],[121.52942,25.12595],[121.52975,25.12612],[121.52958,25.12442],[121.52938,25.12427],[121.52924,25.12432],[121.52938,25.1257]]]}},{"type":"Feature","properties":{"id":"osm:way:375788728","name":"天溪綠地","category":"park","source":"osm"},"geometry":{"type":"Polygon","coordinates":[[[121.53005,25.13581],[121.53039,25.13563],[121.53012,25.13463],[121.52947,25.13462],[121.52959,25.13518],[121.52978,25.13516],[121.53005,25.13581]]]}},{"type":"Feature","properties":{"id":"osm:way:375985517","name":"長安公園","category":"park","source":"osm"},"geometry":{"type":"Polygon","coordinates":[[[121.50181,25.13355],[121.49984,25.13504],[121.50052,25.13619],[121.50065,25.136],[121.50046,25.1348],[121.50191,25.13364],[121.50181,25.13355]]]}},{"type":"Feature","properties":{"id":"osm:way:375985569","name":"Park 375985569","category":"park","source":"osm"},"geometry":{"type":"Polygon","coordinates":[[[121.4963,25.13598],[121.49646,25.13627],[121.49699,25.13603],[121.49672,25.13556],[121.4963,25.13598]]]}},{"type":"Feature","properties":{"id":"osm:way:375985585","name":"Park 375985585","category":"park","source":"osm"},"geometry":{"type":"Polygon","coordinates":[[[121.497,25.13711],[121.49722,25.13684],[121.49656,25.13649],[121.49631,25.1366],[121.497,25.13711]]]}},{"type":"Feature","properties":{"id":"osm:way:377243876","name":"Park 377243876","category":"park","source":"osm"},"geometry":{"type":"Polygon","coordinates":[[[121.50329,25.11455],[121.50321,25.11471],[121.50406,25.11517],[121.50396,25.11462],[121.50329,25.11455]]]}},{"type":"Feature","properties":{"id":"osm:way:377325626","name":"軟橋公園","nameEn":"Ruanqiao Park","category":"park","source":"osm"},"geometry":{"type":"Polygon","coordinates":[[[121.51711,25.10304],[121.51716,25.1026],[121.51792,25.10267],[121.51811,25.10314],[121.51711,25.10304]]]}},{"type":"Feature","properties":{"id":"osm:way:377457783","name":"華聲公園","nameEn":"Huasheng Park","category":"park","source":"osm"},"geometry":{"type":"Polygon","coordinates":[[[121.52216,25.09572],[121.52301,25.09592],[121.52297,25.09625],[121.52211,25.09608],[121.52216,25.09572]]]}},{"type":"Feature","properties":{"id":"osm:way:377457828","name":"承德公園","nameEn":"Chengde Park","category":"park","source":"osm"},"geometry":{"type":"Polygon","coordinates":[[[121.52189,25.0892],[121.52144,25.08973],[121.52216,25.09021],[121.52252,25.08975],[121.52189,25.0892]]]}},{"type":"Feature","properties":{"id":"osm:way:377649921","name":"桃源原生植物公園","category":"park","source":"osm"},"geometry":{"type":"Polygon","coordinates":[[[121.48237,25.13783],[121.48321,25.13815],[121.48258,25.13875],[121.48233,25.13872],[121.48221,25.13819],[121.48237,25.13783]]]}},{"type":"Feature","properties":{"id":"osm:way:377714262","name":"知行公園","category":"park","source":"osm"},"geometry":{"type":"Polygon","coordinates":[[[121.46638,25.11926],[121.46653,25.12004],[121.46695,25.11999],[121.46686,25.11961],[121.46638,25.11926]]]}},{"type":"Feature","properties":{"id":"osm:way:378002390","name":"關渡自然公園西南賞鳥廣場","category":"park","source":"osm"},"geometry":{"type":"Polygon","coordinates":[[[121.46743,25.11527],[121.46742,25.11612],[121.46781,25.11639],[121.46859,25.1163],[121.46911,25.11549],[121.4691,25.11535],[121.46743,25.11527]]]}},{"type":"Feature","properties":{"id":"osm:way:378002395","name":"關渡自然公園東南賞鳥廣場","category":"park","source":"osm"},"geometry":{"type":"Polygon","coordinates":[[[121.4761,25.11447],[121.47633,25.11512],[121.47666,25.11526],[121.47704,25.11509],[121.47721,25.11473],[121.47715,25.11429],[121.4761,25.11447]]]}},{"type":"Feature","properties":{"id":"osm:way:378622961","name":"煙波庭","category":"park","source":"osm"},"geometry":{"type":"Polygon","coordinates":[[[121.59936,25.08624],[121.59935,25.08677],[121.59871,25.08677],[121.59872,25.08623],[121.59936,25.08624]]]}},{"type":"Feature","properties":{"id":"osm:way:378623049","name":"大溝溪生態治水園區","category":"park","source":"osm"},"geometry":{"type":"Polygon","coordinates":[[[121.59859,25.08865],[121.59838,25.0897],[121.5968,25.09092],[121.59736,25.09164],[121.5969,25.09197],[121.59633,25.09103],[121.59631,25.09062],[121.59651,25.09026],[121.59715,25.08994],[121.59805,25.0884],[121.59859,25.08865]]]}},{"type":"Feature","properties":{"id":"osm:way:380017350","name":"安和公園","nameEn":"Anhe Park","category":"park","source":"osm"},"geometry":{"type":"Polygon","coordinates":[[[121.51822,24.97347],[121.51864,24.97337],[121.51859,24.9732],[121.51817,24.97196],[121.51775,24.97201],[121.51822,24.97347]]]}},{"type":"Feature","properties":{"id":"osm:way:380192415","name":"樟興公園","category":"park","source":"osm"},"geometry":{"type":"Polygon","coordinates":[[[121.55371,24.98125],[121.5547,24.98025],[121.55401,24.98069],[121.55371,24.98125]]]}},{"type":"Feature","properties":{"id":"osm:way:380192877","name":"新榮公園","category":"park","source":"osm"},"geometry":{"type":"Polygon","coordinates":[[[121.56991,24.98336],[121.57004,24.98305],[121.57078,24.98388],[121.56991,24.98336]]]}},{"type":"Feature","properties":{"id":"osm:way:381670130","name":"田心仔綠地","category":"park","source":"osm"},"geometry":{"type":"Polygon","coordinates":[[[121.49566,25.13434],[121.49591,25.13434],[121.49535,25.13428],[121.49047,25.13671],[121.4924,25.13597],[121.49536,25.13435],[121.49566,25.13434]]]}},{"type":"Feature","properties":{"id":"osm:way:382534910","name":"至善公園","nameEn":"Zhishan Park","category":"park","source":"osm"},"geometry":{"type":"Polygon","coordinates":[[[121.53706,25.09903],[121.53677,25.09945],[121.537,25.09984],[121.53931,25.0983],[121.54209,25.0974],[121.5399,25.09762],[121.53801,25.09815],[121.53706,25.09903]]]}},{"type":"Feature","properties":{"id":"osm:way:382774204","name":"中興公園","category":"park","source":"osm"},"geometry":{"type":"Polygon","coordinates":[[[121.559,25.0344],[121.559,25.03406],[121.55938,25.03407],[121.55969,25.03449],[121.559,25.0344]]]}},{"type":"Feature","properties":{"id":"osm:way:383656976","name":"三重親水公園","nameEn":"Triple hydrophilic Park","category":"park","source":"osm"},"geometry":{"type":"Polygon","coordinates":[[[121.49024,25.09117],[121.49052,25.09101],[121.49014,25.09046],[121.48981,25.09058],[121.49024,25.09117]]]}},{"type":"Feature","properties":{"id":"osm:way:385036400","name":"Park 385036400","category":"park","source":"osm"},"geometry":{"type":"Polygon","coordinates":[[[121.46016,25.12839],[121.46049,25.12908],[121.46049,25.12941],[121.46029,25.12958],[121.45985,25.12917],[121.46016,25.12839]]]}},{"type":"Feature","properties":{"id":"osm:way:385941045","name":"迎風河濱公園","nameEn":"Yingfeng Riverside Park","category":"park","source":"osm"},"geometry":{"type":"Polygon","coordinates":[[[121.54466,25.07567],[121.54469,25.07355],[121.55105,25.07363],[121.55143,25.07341],[121.55529,25.07334],[121.55722,25.07305],[121.56188,25.07157],[121.56869,25.07093],[121.57128,25.07096],[121.57107,25.07266],[121.5706,25.07388],[121.56974,25.07509],[121.56894,25.07538],[121.56818,25.07518],[121.56491,25.07273],[121.56258,25.07183],[121.56064,25.07215],[121.5577,25.07374],[121.55441,25.07481],[121.54911,25.07552],[121.54466,25.07567]]]}},{"type":"Feature","properties":{"id":"osm:way:385941046","name":"美堤河濱公園","nameEn":"Meiti Riverside Park","category":"park","source":"osm"},"geometry":{"type":"Polygon","coordinates":[[[121.54643,25.07677],[121.54437,25.07687],[121.54436,25.07728],[121.55736,25.07703],[121.56216,25.07606],[121.56456,25.07601],[121.56804,25.07708],[121.56901,25.07708],[121.56984,25.07685],[121.57062,25.07634],[121.57244,25.07392],[121.57277,25.07307],[121.57296,25.0708],[121.57267,25.07082],[121.57234,25.0729],[121.57195,25.07393],[121.57081,25.07569],[121.5703,25.07614],[121.56941,25.07648],[121.56823,25.07624],[121.56313,25.07339],[121.56199,25.0732],[121.56115,25.07332],[121.55765,25.07505],[121.55519,25.07579],[121.55629,25.07694],[121.55591,25.07698],[121.5559,25.07665],[121.55495,25.07591],[121.54643,25.07677]]]}},{"type":"Feature","properties":{"id":"osm:way:392097085","name":"Park 392097085","category":"park","source":"osm"},"geometry":{"type":"Polygon","coordinates":[[[121.57596,25.04936],[121.57593,25.04919],[121.57226,25.04925],[121.57227,25.04947],[121.57596,25.04936]]]}},{"type":"Feature","properties":{"id":"osm:way:393240479","name":"Park 393240479","category":"park","source":"osm"},"geometry":{"type":"Polygon","coordinates":[[[121.5028,25.08923],[121.50301,25.08951],[121.5016,25.09031],[121.5028,25.08923]]]}},{"type":"Feature","properties":{"id":"osm:way:397571681","name":"外雙溪公園","category":"park","source":"osm"},"geometry":{"type":"Polygon","coordinates":[[[121.55221,25.101],[121.55239,25.10074],[121.55268,25.10104],[121.55283,25.10184],[121.55221,25.101]]]}},{"type":"Feature","properties":{"id":"osm:way:398094684","name":"至德園","category":"park","source":"osm"},"geometry":{"type":"Polygon","coordinates":[[[121.54583,25.09805],[121.54643,25.09834],[121.54668,25.0991],[121.54687,25.09902],[121.54689,25.09975],[121.54632,25.09922],[121.54626,25.09849],[121.54573,25.09824],[121.54583,25.09805]]]}},{"type":"Feature","properties":{"id":"osm:way:403554089","name":"附中公園","category":"park","source":"osm"},"geometry":{"type":"Polygon","coordinates":[[[121.54202,25.03664],[121.54258,25.03663],[121.54255,25.03616],[121.54202,25.03618],[121.54202,25.03664]]]}},{"type":"Feature","properties":{"id":"osm:way:407219173","name":"前山公園","category":"park","source":"osm"},"geometry":{"type":"Polygon","coordinates":[[[121.5484,25.14921],[121.54924,25.14918],[121.54927,25.14967],[121.54945,25.14982],[121.54873,25.15049],[121.54887,25.15104],[121.54918,25.15134],[121.54891,25.15193],[121.54826,25.15227],[121.54815,25.15181],[121.54758,25.15147],[121.5479,25.15098],[121.5477,25.15049],[121.5484,25.14921]]]}},{"type":"Feature","properties":{"id":"osm:way:416084896","name":"Park 416084896","category":"park","source":"osm"},"geometry":{"type":"Polygon","coordinates":[[[121.46719,25.06931],[121.46687,25.06866],[121.46991,25.06786],[121.47002,25.06806],[121.46719,25.06931]]]}},{"type":"Feature","properties":{"id":"osm:way:420085013","name":"興業里鄰里公園","category":"park","source":"osm"},"geometry":{"type":"Polygon","coordinates":[[[121.5525,24.99821],[121.55281,24.99853],[121.55268,24.99868],[121.55278,24.99886],[121.55302,24.99884],[121.55272,24.99896],[121.55227,24.99866],[121.55215,24.99851],[121.5525,24.99821]]]}},{"type":"Feature","properties":{"id":"osm:way:420571823","name":"民福簡易綠地","category":"park","source":"osm"},"geometry":{"type":"Polygon","coordinates":[[[121.54465,25.06634],[121.54586,25.06535],[121.54593,25.06545],[121.54465,25.06634]]]}},{"type":"Feature","properties":{"id":"osm:way:420571827","name":"興安公園","nameEn":"Xingan Park","category":"park","source":"osm"},"geometry":{"type":"Polygon","coordinates":[[[121.54154,25.05598],[121.54153,25.05542],[121.54205,25.05541],[121.54207,25.05597],[121.54154,25.05598]]]}},{"type":"Feature","properties":{"id":"osm:way:421746412","name":"杜鵑茶花園","category":"park","source":"osm"},"geometry":{"type":"Polygon","coordinates":[[[121.54434,25.15417],[121.54441,25.1536],[121.54288,25.15329],[121.54272,25.15396],[121.54434,25.15417]]]}},{"type":"Feature","properties":{"id":"osm:way:421952569","name":"水泥地空間","category":"park","source":"osm"},"geometry":{"type":"Polygon","coordinates":[[[121.51482,25.12265],[121.51526,25.12266],[121.5152,25.1229],[121.5149,25.12289],[121.51488,25.12313],[121.51462,25.12313],[121.51464,25.12283],[121.514,25.12288],[121.51402,25.12262],[121.51482,25.12265]]]}},{"type":"Feature","properties":{"id":"osm:way:423053803","name":"Park 423053803","category":"park","source":"osm"},"geometry":{"type":"Polygon","coordinates":[[[121.52679,25.08429],[121.52695,25.0838],[121.52745,25.08393],[121.52751,25.08533],[121.52686,25.08542],[121.5267,25.08496],[121.52679,25.08429]]]}},{"type":"Feature","properties":{"id":"osm:way:423746100","name":"興泰公園","nameEn":"Sing Tai Park","category":"park","source":"osm"},"geometry":{"type":"Polygon","coordinates":[[[121.55552,25.00489],[121.55592,25.00497],[121.55583,25.00522],[121.55521,25.00541],[121.55552,25.00489]]]}},{"type":"Feature","properties":{"id":"osm:way:429330950","name":"大清水運動公園","category":"park","source":"osm"},"geometry":{"type":"Polygon","coordinates":[[[121.46642,24.98079],[121.46564,24.98115],[121.46547,24.9809],[121.46611,24.98077],[121.46597,24.98046],[121.4653,24.98055],[121.46524,24.98034],[121.46563,24.97992],[121.46598,24.97991],[121.46643,24.9802],[121.46665,24.97989],[121.46646,24.97967],[121.46653,24.97945],[121.46693,24.97908],[121.46753,24.97972],[121.46738,24.97991],[121.46682,24.97975],[121.46739,24.98022],[121.46736,24.98069],[121.46642,24.98079]]]}},{"type":"Feature","properties":{"id":"osm:way:429330952","name":"清和社區公園","category":"park","source":"osm"},"geometry":{"type":"Polygon","coordinates":[[[121.46149,24.97661],[121.46207,24.97613],[121.46228,24.97653],[121.46211,24.9768],[121.46233,24.97698],[121.46217,24.97724],[121.46193,24.97711],[121.46173,24.97747],[121.46144,24.97757],[121.46118,24.97747],[121.46151,24.97699],[121.46149,24.97661]]]}},{"type":"Feature","properties":{"id":"osm:way:429648148","name":"青山公園","category":"park","source":"osm"},"geometry":{"type":"Polygon","coordinates":[[[121.46412,24.97806],[121.46436,24.97776],[121.46386,24.97736],[121.46406,24.97717],[121.46506,24.97798],[121.4649,24.97815],[121.46466,24.97794],[121.46406,24.97854],[121.4638,24.97822],[121.46412,24.97806]]]}},{"type":"Feature","properties":{"id":"osm:way:429791324","name":"中興公園","nameEn":"Zhongxing Park","category":"park","source":"osm"},"geometry":{"type":"Polygon","coordinates":[[[121.50058,24.98814],[121.50089,24.98802],[121.50083,24.98775],[121.50009,24.9869],[121.49975,24.9869],[121.49961,24.98715],[121.49927,24.98695],[121.49901,24.98706],[121.49899,24.98748],[121.49997,24.98811],[121.49972,24.98839],[121.50014,24.98841],[121.50058,24.98814]]]}},{"type":"Feature","properties":{"id":"osm:way:429822499","name":"新北大都會公園","nameEn":"New Taipei Metropolitan Park","category":"park","source":"osm"},"geometry":{"type":"Polygon","coordinates":[[[121.47969,25.04621],[121.48105,25.04664],[121.48292,25.04683],[121.48586,25.04664],[121.48682,25.04629],[121.48672,25.04714],[121.4861,25.04773],[121.48351,25.05211],[121.47815,25.06242],[121.47715,25.0636],[121.47553,25.0649],[121.47342,25.06582],[121.46203,25.0721],[121.45984,25.07416],[121.45707,25.07763],[121.45514,25.08445],[121.4549,25.0859],[121.45496,25.08747],[121.45527,25.08884],[121.45569,25.09007],[121.45844,25.09457],[121.45968,25.09603],[121.46164,25.09931],[121.46218,25.0998],[121.46155,25.1002],[121.46162,25.09976],[121.46104,25.09971],[121.46095,25.10001],[121.45939,25.09998],[121.45834,25.10044],[121.45748,25.10122],[121.45636,25.10277],[121.456,25.10231],[121.45483,25.10275],[121.45191,25.09888],[121.45,25.09486],[121.45,25.08025],[121.45072,25.07948],[121.45079,25.07789],[121.45267,25.07517],[121.45688,25.07078],[121.4595,25.06891],[121.46942,25.06376],[121.47207,25.06271],[121.47434,25.06082],[121.47602,25.05843],[121.47803,25.0548],[121.47922,25.05204],[121.47999,25.04914],[121.47969,25.04621]]]}},{"type":"Feature","properties":{"id":"osm:way:431544605","name":"東華公園","nameEn":"Donghua Park","category":"park","source":"osm"},"geometry":{"type":"Polygon","coordinates":[[[121.50406,25.12155],[121.50426,25.1215],[121.50455,25.12178],[121.50443,25.12203],[121.50457,25.12211],[121.50525,25.1224],[121.50571,25.12237],[121.50672,25.12138],[121.50718,25.12148],[121.50766,25.12084],[121.5081,25.12078],[121.50837,25.12222],[121.5071,25.1229],[121.50669,25.12266],[121.50607,25.12305],[121.5057,25.12301],[121.50442,25.12249],[121.50407,25.12204],[121.50406,25.12155]]]}},{"type":"Feature","properties":{"id":"osm:way:435039503","name":"學園公園","category":"park","source":"osm"},"geometry":{"type":"Polygon","coordinates":[[[121.46571,25.12759],[121.46589,25.12697],[121.46682,25.12816],[121.4669,25.12845],[121.46675,25.12862],[121.46607,25.12874],[121.46625,25.12911],[121.46609,25.12913],[121.46571,25.12759]]]}},{"type":"Feature","properties":{"id":"osm:way:435039508","name":"玫瑰園","category":"park","source":"osm"},"geometry":{"type":"Polygon","coordinates":[[[121.53036,25.09254],[121.53084,25.09264],[121.53064,25.09352],[121.53028,25.09345],[121.53034,25.09319],[121.5302,25.09316],[121.53036,25.09254]]]}},{"type":"Feature","properties":{"id":"osm:way:435181715","name":"中式花園","category":"park","source":"osm"},"geometry":{"type":"Polygon","coordinates":[[[121.53,25.09172],[121.53049,25.09181],[121.53034,25.09245],[121.52985,25.09236],[121.53,25.09172]]]}},{"type":"Feature","properties":{"id":"osm:way:435181720","name":"西式花園","category":"park","source":"osm"},"geometry":{"type":"Polygon","coordinates":[[[121.53054,25.09184],[121.53102,25.09194],[121.53087,25.09255],[121.53039,25.09246],[121.53054,25.09184]]]}},{"type":"Feature","properties":{"id":"osm:way:435671644","name":"華山公園","category":"park","source":"osm"},"geometry":{"type":"Polygon","coordinates":[[[121.52328,25.04729],[121.5224,25.04751],[121.52246,25.0477],[121.52398,25.04763],[121.52367,25.04652],[121.52358,25.04699],[121.52328,25.04729]]]}},{"type":"Feature","properties":{"id":"osm:way:439499694","name":"水生植物園","category":"park","source":"osm"},"geometry":{"type":"Polygon","coordinates":[[[121.58458,24.99531],[121.58461,24.99496],[121.58385,24.99512],[121.58405,24.9955],[121.58458,24.99531]]]}},{"type":"Feature","properties":{"id":"osm:way:442156945","name":"稚匯公園","nameEn":"Zhihui Park","category":"park","source":"osm"},"geometry":{"type":"Polygon","coordinates":[[[121.47176,25.03538],[121.47282,25.03567],[121.47303,25.03524],[121.47235,25.03505],[121.47237,25.03479],[121.47201,25.03469],[121.47176,25.03538]]]}},{"type":"Feature","properties":{"id":"osm:way:442156946","name":"華江123木頭公園","category":"park","source":"osm"},"geometry":{"type":"Polygon","coordinates":[[[121.47525,25.03636],[121.47559,25.03643],[121.47574,25.03577],[121.47535,25.0357],[121.47525,25.03636]]]}},{"type":"Feature","properties":{"id":"osm:way:442156948","name":"溪頭河濱公園","nameEn":"Xitou Park","category":"park","source":"osm"},"geometry":{"type":"Polygon","coordinates":[[[121.46913,25.03373],[121.46932,25.03316],[121.4668,25.03243],[121.46662,25.03294],[121.46913,25.03373]]]}},{"type":"Feature","properties":{"id":"osm:way:442156949","name":"時光公園","nameEn":"Time Park","category":"park","source":"osm"},"geometry":{"type":"Polygon","coordinates":[[[121.47754,25.03753],[121.47936,25.03748],[121.4789,25.03715],[121.47891,25.03665],[121.47841,25.03718],[121.47754,25.03753]]]}},{"type":"Feature","properties":{"id":"osm:way:442161082","name":"懷石公園","category":"park","source":"osm"},"geometry":{"type":"Polygon","coordinates":[[[121.48096,25.031],[121.48128,25.0311],[121.48148,25.03061],[121.48105,25.03049],[121.48096,25.031]]]}},{"type":"Feature","properties":{"id":"osm:way:445895115","name":"道南河濱公園右岸","nameEn":"Daonan Riverside Park Right side","category":"park","source":"osm"},"geometry":{"type":"Polygon","coordinates":[[[121.56518,24.98159],[121.56165,24.97995],[121.56067,24.97994],[121.55902,24.9803],[121.55813,24.98],[121.55733,24.97884],[121.55715,24.97755],[121.55677,24.97706],[121.55608,24.97686],[121.5561,24.97672],[121.55706,24.97705],[121.55733,24.97751],[121.55753,24.97893],[121.558,24.97964],[121.55868,24.98014],[121.5615,24.9798],[121.56479,24.98126],[121.56756,24.98087],[121.57082,24.98219],[121.57125,24.9827],[121.57145,24.98468],[121.57231,24.98693],[121.57161,24.98876],[121.57156,24.98958],[121.57215,24.99455],[121.57183,24.99479],[121.57117,24.99132],[121.57126,24.99038],[121.5709,24.98994],[121.57077,24.989],[121.57176,24.98775],[121.57184,24.98734],[121.57156,24.98672],[121.57123,24.9844],[121.5705,24.98325],[121.56745,24.9814],[121.56688,24.98133],[121.56518,24.98159]]]}},{"type":"Feature","properties":{"id":"osm:way:445900419","name":"黎雙公園","nameEn":"Lishuang Park","category":"park","source":"osm"},"geometry":{"type":"Polygon","coordinates":[[[121.56033,25.02462],[121.56024,25.0239],[121.56036,25.02381],[121.56064,25.02425],[121.56033,25.02462]]]}},{"type":"Feature","properties":{"id":"osm:way:447659750","name":"菜寮公園","category":"park","source":"osm"},"geometry":{"type":"Polygon","coordinates":[[[121.49248,25.05802],[121.49293,25.05835],[121.49315,25.05806],[121.4928,25.05751],[121.49248,25.05802]]]}},{"type":"Feature","properties":{"id":"osm:way:453947668","name":"惠安公園","category":"park","source":"osm"},"geometry":{"type":"Polygon","coordinates":[[[121.5643,25.02497],[121.56411,25.02488],[121.56414,25.02455],[121.56388,25.02448],[121.56403,25.02424],[121.56448,25.02426],[121.56468,25.02394],[121.56498,25.0239],[121.56495,25.0242],[121.56532,25.02427],[121.56549,25.02454],[121.56494,25.02491],[121.5643,25.02497]]]}},{"type":"Feature","properties":{"id":"osm:way:456206430","name":"台北數位產業園區","category":"park","source":"osm"},"geometry":{"type":"Polygon","coordinates":[[[121.51995,25.07401],[121.52057,25.07379],[121.52103,25.07478],[121.52035,25.07498],[121.51995,25.07401]]]}},{"type":"Feature","properties":{"id":"osm:way:456293323","name":"萬芳9號綠地","category":"park","source":"osm"},"geometry":{"type":"Polygon","coordinates":[[[121.56126,25.00169],[121.5621,25.00113],[121.56234,25.00165],[121.56168,25.00197],[121.56126,25.00169]]]}},{"type":"Feature","properties":{"id":"osm:way:458218182","name":"福中公園","nameEn":"Fuzhong Park","category":"park","source":"osm"},"geometry":{"type":"Polygon","coordinates":[[[121.5188,25.08832],[121.51911,25.08826],[121.51891,25.08746],[121.51863,25.08754],[121.5188,25.08832]]]}},{"type":"Feature","properties":{"id":"osm:way:458784720","name":"主題園","category":"park","source":"osm"},"geometry":{"type":"Polygon","coordinates":[[[121.5308,25.09321],[121.53127,25.09331],[121.53139,25.09279],[121.53092,25.0927],[121.5308,25.09321]]]}},{"type":"Feature","properties":{"id":"osm:way:458784721","name":"中花園","category":"park","source":"osm"},"geometry":{"type":"Polygon","coordinates":[[[121.53152,25.09342],[121.53129,25.0934],[121.53144,25.09277],[121.53193,25.09288],[121.53182,25.09325],[121.53152,25.09342]]]}},{"type":"Feature","properties":{"id":"osm:way:458784722","name":"生態園","nameEn":"Ecological Garden","category":"park","source":"osm"},"geometry":{"type":"Polygon","coordinates":[[[121.53146,25.09272],[121.53195,25.09283],[121.53201,25.09264],[121.53162,25.09213],[121.53146,25.09272]]]}},{"type":"Feature","properties":{"id":"osm:way:461391425","name":"中430公園","category":"park","source":"osm"},"geometry":{"type":"Polygon","coordinates":[[[121.56184,25.07811],[121.56243,25.07808],[121.56243,25.0785],[121.56185,25.07851],[121.56184,25.07811]]]}},{"type":"Feature","properties":{"id":"osm:way:463818561","name":"民享藝文特區","category":"park","source":"osm"},"geometry":{"type":"Polygon","coordinates":[[[121.47527,25.00382],[121.4753,25.00337],[121.47584,25.00348],[121.47577,25.00393],[121.47527,25.00382]]]}},{"type":"Feature","properties":{"id":"osm:way:468371626","name":"觀山河濱公園","nameEn":"Guanshan Riverside Park","category":"park","source":"osm"},"geometry":{"type":"Polygon","coordinates":[[[121.56869,25.07093],[121.5688,25.06988],[121.5682,25.06549],[121.56829,25.06457],[121.56859,25.06291],[121.56902,25.06245],[121.56911,25.06206],[121.57019,25.05501],[121.57081,25.05191],[121.57105,25.05156],[121.57188,25.05203],[121.57126,25.05275],[121.57102,25.05351],[121.57088,25.05746],[121.56989,25.06107],[121.56938,25.06233],[121.56919,25.06221],[121.56911,25.06238],[121.56931,25.06252],[121.56919,25.06279],[121.56899,25.06262],[121.56893,25.06273],[121.56871,25.06398],[121.5688,25.06457],[121.57071,25.06778],[121.57131,25.07],[121.57128,25.07096],[121.56869,25.07093]]]}},{"type":"Feature","properties":{"id":"osm:way:468610703","name":"正義公園","category":"park","source":"osm"},"geometry":{"type":"Polygon","coordinates":[[[121.45992,25.08371],[121.46017,25.08385],[121.46082,25.08322],[121.4604,25.08293],[121.45992,25.08371]]]}},{"type":"Feature","properties":{"id":"osm:way:468610704","name":"長安公園","nameEn":"Chang'an Park","category":"park","source":"osm"},"geometry":{"type":"Polygon","coordinates":[[[121.46145,25.08198],[121.46089,25.08148],[121.46136,25.08105],[121.4619,25.08144],[121.46145,25.08198]]]}},{"type":"Feature","properties":{"id":"osm:way:468638347","name":"文心公園","category":"park","source":"osm"},"geometry":{"type":"Polygon","coordinates":[[[121.58401,25.06586],[121.58391,25.06515],[121.58453,25.06512],[121.58441,25.06565],[121.58401,25.06586]]]}},{"type":"Feature","properties":{"id":"osm:way:468673899","name":"新莊公園","category":"park","source":"osm"},"geometry":{"type":"Polygon","coordinates":[[[121.45721,25.03792],[121.45694,25.03761],[121.45708,25.03708],[121.45768,25.03738],[121.45721,25.03792]]]}},{"type":"Feature","properties":{"id":"osm:way:469091929","name":"大山公園","category":"park","source":"osm"},"geometry":{"type":"Polygon","coordinates":[[[121.48867,25.08861],[121.48909,25.0882],[121.48966,25.08866],[121.48867,25.08861]]]}},{"type":"Feature","properties":{"id":"osm:way:474286345","name":"金龍公園","category":"park","source":"osm"},"geometry":{"type":"Polygon","coordinates":[[[121.63133,25.06913],[121.63167,25.06928],[121.63146,25.0697],[121.63111,25.06956],[121.63133,25.06913]]]}},{"type":"Feature","properties":{"id":"osm:way:475868778","name":"Park 475868778","category":"park","source":"osm"},"geometry":{"type":"Polygon","coordinates":[[[121.61085,25.07508],[121.6102,25.07438],[121.61037,25.07421],[121.61105,25.07499],[121.61085,25.07508]]]}},{"type":"Feature","properties":{"id":"osm:way:475869368","name":"Park 475869368","category":"park","source":"osm"},"geometry":{"type":"Polygon","coordinates":[[[121.61191,25.07631],[121.6112,25.07583],[121.6109,25.07518],[121.61129,25.075],[121.61137,25.0757],[121.61203,25.07615],[121.61191,25.07631]]]}},{"type":"Feature","properties":{"id":"osm:way:478078158","name":"福智公園","nameEn":"Fuzhi Park","category":"park","source":"osm"},"geometry":{"type":"Polygon","coordinates":[[[121.45345,25.0607],[121.45122,25.06069],[121.45123,25.06112],[121.45348,25.06133],[121.45345,25.0607]]]}},{"type":"Feature","properties":{"id":"osm:way:478078159","name":"福慧都會公園","nameEn":"Fuhui Metropolitan Park","category":"park","source":"osm"},"geometry":{"type":"Polygon","coordinates":[[[121.45483,25.06206],[121.45744,25.06204],[121.45758,25.06117],[121.45478,25.06115],[121.45483,25.06206]]]}},{"type":"Feature","properties":{"id":"osm:way:478078161","name":"福聚公園","nameEn":"Fuju Park","category":"park","source":"osm"},"geometry":{"type":"Polygon","coordinates":[[[121.46206,25.06284],[121.46366,25.06308],[121.46366,25.06256],[121.46354,25.06231],[121.46239,25.06212],[121.46207,25.0623],[121.46206,25.06284]]]}},{"type":"Feature","properties":{"id":"osm:way:478378149","name":"怡情園","category":"park","source":"osm"},"geometry":{"type":"Polygon","coordinates":[[[121.52851,25.06983],[121.52844,25.06876],[121.52863,25.06871],[121.52871,25.06979],[121.52851,25.06983]]]}},{"type":"Feature","properties":{"id":"osm:way:483136169","name":"原住民公園","category":"park","source":"osm"},"geometry":{"type":"Polygon","coordinates":[[[121.64101,25.07162],[121.64197,25.07187],[121.64153,25.07098],[121.64138,25.07114],[121.64092,25.07109],[121.64101,25.07162]]]}},{"type":"Feature","properties":{"id":"osm:way:489181663","name":"忠孝公園","category":"park","source":"osm"},"geometry":{"type":"Polygon","coordinates":[[[121.47935,25.06344],[121.47985,25.06341],[121.4798,25.06302],[121.4793,25.06306],[121.47935,25.06344]]]}},{"type":"Feature","properties":{"id":"osm:way:491353750","name":"Park 491353750","category":"park","source":"osm"},"geometry":{"type":"Polygon","coordinates":[[[121.56363,24.99617],[121.56329,24.99595],[121.56335,24.99564],[121.56386,24.99568],[121.56384,24.99629],[121.56363,24.99617]]]}},{"type":"Feature","properties":{"id":"osm:way:491782010","name":"二重公園","category":"park","source":"osm"},"geometry":{"type":"Polygon","coordinates":[[[121.47462,25.06673],[121.47564,25.06674],[121.47566,25.06575],[121.47456,25.06628],[121.47462,25.06673]]]}},{"type":"Feature","properties":{"id":"osm:way:494080590","name":"埔墘公園","category":"park","source":"osm"},"geometry":{"type":"Polygon","coordinates":[[[121.48137,25.01556],[121.48192,25.01559],[121.48205,25.01509],[121.48129,25.01508],[121.48137,25.01556]]]}},{"type":"Feature","properties":{"id":"osm:way:494737325","name":"中安公園","category":"park","source":"osm"},"geometry":{"type":"Polygon","coordinates":[[[121.52367,25.05638],[121.52372,25.05668],[121.52435,25.05666],[121.5244,25.05633],[121.52367,25.05638]]]}},{"type":"Feature","properties":{"id":"osm:way:497314116","name":"內雙溪森林自然中心","nameEn":"Nei Shuang Xi Nature Park","category":"park","source":"osm"},"geometry":{"type":"Polygon","coordinates":[[[121.57721,25.11577],[121.57667,25.11609],[121.57668,25.11641],[121.57758,25.11714],[121.57796,25.11712],[121.57819,25.11736],[121.57836,25.11713],[121.58032,25.11626],[121.58092,25.1147],[121.58062,25.11456],[121.5805,25.1141],[121.57994,25.11436],[121.57997,25.1146],[121.57925,25.115],[121.57923,25.11599],[121.57826,25.11661],[121.57776,25.11591],[121.57721,25.11577]]]}},{"type":"Feature","properties":{"id":"osm:way:497972745","name":"Park 497972745","category":"park","source":"osm"},"geometry":{"type":"Polygon","coordinates":[[[121.56918,24.98216],[121.56994,24.98257],[121.57024,24.98202],[121.56922,24.98159],[121.56918,24.98216]]]}},{"type":"Feature","properties":{"id":"osm:way:498565863","name":"撫遠公園","nameEn":"Fuyuan Park","category":"park","source":"osm"},"geometry":{"type":"Polygon","coordinates":[[[121.56666,25.06501],[121.56781,25.06518],[121.56786,25.06491],[121.56741,25.06485],[121.56704,25.06395],[121.56709,25.06364],[121.56691,25.06361],[121.56666,25.06501]]]}},{"type":"Feature","properties":{"id":"osm:way:502223114","name":"雙溪濕地公園","nameEn":"Shuangxi Ecological Park","category":"park","source":"osm"},"geometry":{"type":"Polygon","coordinates":[[[121.51243,25.09764],[121.51312,25.0977],[121.51328,25.09728],[121.51166,25.09649],[121.51079,25.09639],[121.51088,25.09706],[121.51243,25.09764]]]}},{"type":"Feature","properties":{"id":"osm:way:507031314","name":"Park 507031314","category":"park","source":"osm"},"geometry":{"type":"Polygon","coordinates":[[[121.4767,25.00018],[121.47737,24.99998],[121.47775,25.00094],[121.47708,25.00114],[121.4767,25.00018]]]}},{"type":"Feature","properties":{"id":"osm:way:508044209","name":"嗄嘮別公園","nameEn":"Shalaobie Park","category":"park","source":"osm"},"geometry":{"type":"Polygon","coordinates":[[[121.48443,25.14025],[121.4847,25.14029],[121.48489,25.14057],[121.4847,25.14089],[121.48479,25.14212],[121.48426,25.14255],[121.48346,25.14194],[121.48345,25.14174],[121.48383,25.14095],[121.48443,25.14025]]]}},{"type":"Feature","properties":{"id":"osm:way:515896352","name":"大公雞公園","category":"park","source":"osm"},"geometry":{"type":"Polygon","coordinates":[[[121.6394,25.07785],[121.63917,25.07709],[121.63915,25.07592],[121.64022,25.07614],[121.6409,25.07594],[121.6411,25.07722],[121.6394,25.07785]]]}},{"type":"Feature","properties":{"id":"osm:way:516129748","name":"雅祥公園","nameEn":"Yaxiang Park","category":"park","source":"osm"},"geometry":{"type":"Polygon","coordinates":[[[121.57165,25.04733],[121.57204,25.04732],[121.57206,25.04788],[121.57166,25.04789],[121.57165,25.04733]]]}},{"type":"Feature","properties":{"id":"osm:way:538617831","name":"八二三砲戰紀念公園","category":"park","source":"osm"},"geometry":{"type":"Polygon","coordinates":[[[121.52621,25.0769],[121.52711,25.07673],[121.52757,25.07705],[121.52747,25.07744],[121.52694,25.07789],[121.52653,25.07758],[121.52621,25.0769]]]}},{"type":"Feature","properties":{"id":"osm:way:539967059","name":"雞南自然園區","category":"park","source":"osm"},"geometry":{"type":"Polygon","coordinates":[[[121.55064,25.08684],[121.55163,25.08676],[121.55218,25.08621],[121.55263,25.08604],[121.5526,25.08587],[121.55029,25.08634],[121.55064,25.08684]]]}},{"type":"Feature","properties":{"id":"osm:way:539967068","name":"敬業公園","category":"park","source":"osm"},"geometry":{"type":"Polygon","coordinates":[[[121.55594,25.08606],[121.55601,25.08579],[121.55626,25.08583],[121.55644,25.08555],[121.55558,25.0858],[121.55564,25.08602],[121.55594,25.08606]]]}},{"type":"Feature","properties":{"id":"osm:way:542373682","name":"南汐公園","nameEn":"Nanxi Park","category":"park","source":"osm"},"geometry":{"type":"Polygon","coordinates":[[[121.61755,25.0549],[121.61925,25.05462],[121.6166,25.05437],[121.61675,25.05499],[121.61755,25.0549]]]}},{"type":"Feature","properties":{"id":"osm:way:542441807","name":"百齡左岸河濱公園","category":"park","source":"osm"},"geometry":{"type":"Polygon","coordinates":[[[121.50088,25.09522],[121.50358,25.09383],[121.50778,25.09326],[121.50909,25.09327],[121.50981,25.09258],[121.51023,25.09296],[121.51079,25.09251],[121.51039,25.09205],[121.51128,25.09114],[121.51186,25.09144],[121.51025,25.09332],[121.50798,25.09477],[121.5025,25.09485],[121.50088,25.09522]]]}},{"type":"Feature","properties":{"id":"osm:way:543156591","name":"中山21號廣場","category":"park","source":"osm"},"geometry":{"type":"Polygon","coordinates":[[[121.55646,25.084],[121.55723,25.08399],[121.55725,25.08432],[121.55647,25.08445],[121.55646,25.084]]]}},{"type":"Feature","properties":{"id":"osm:way:543500244","name":"時光公園","nameEn":"Time Park","category":"park","source":"osm"},"geometry":{"type":"Polygon","coordinates":[[[121.47943,25.03744],[121.48081,25.03706],[121.48119,25.0366],[121.48127,25.03606],[121.4794,25.03625],[121.4789,25.03689],[121.47902,25.03724],[121.47943,25.03744]]]}},{"type":"Feature","properties":{"id":"osm:way:544454686","name":"Park 544454686","category":"park","source":"osm"},"geometry":{"type":"Polygon","coordinates":[[[121.45439,25],[121.45523,24.99941],[121.45419,24.99829],[121.45389,24.99837],[121.45439,25]]]}},{"type":"Feature","properties":{"id":"osm:way:544685621","name":"Park 544685621","category":"park","source":"osm"},"geometry":{"type":"Polygon","coordinates":[[[121.45,24.9797],[121.45042,24.98001],[121.45,24.9804],[121.45,24.9797]]]}},{"type":"Feature","properties":{"id":"osm:way:545016462","name":"文丘公園","category":"park","source":"osm"},"geometry":{"type":"Polygon","coordinates":[[[121.45,25.02364],[121.45058,25.0233],[121.45032,25.02281],[121.45,25.02295],[121.45,25.02364]]]}},{"type":"Feature","properties":{"id":"osm:way:545016463","name":"藝香公園","category":"park","source":"osm"},"geometry":{"type":"Polygon","coordinates":[[[121.4507,25.02228],[121.45091,25.02216],[121.45025,25.02105],[121.45007,25.02119],[121.4507,25.02228]]]}},{"type":"Feature","properties":{"id":"osm:way:546759771","name":"Park 546759771","category":"park","source":"osm"},"geometry":{"type":"Polygon","coordinates":[[[121.4726,25.12128],[121.47229,25.12151],[121.4724,25.12187],[121.47297,25.12156],[121.4726,25.12128]]]}},{"type":"Feature","properties":{"id":"osm:way:546983673","name":"華德公園","category":"park","source":"osm"},"geometry":{"type":"Polygon","coordinates":[[[121.45341,24.99289],[121.45356,24.99298],[121.45391,24.99254],[121.45342,24.99157],[121.4528,24.99198],[121.45341,24.99289]]]}},{"type":"Feature","properties":{"id":"osm:way:547786787","name":"Park 547786787","category":"park","source":"osm"},"geometry":{"type":"Polygon","coordinates":[[[121.45669,25.02937],[121.45687,25.02904],[121.45655,25.02882],[121.45636,25.02896],[121.45669,25.02937]]]}},{"type":"Feature","properties":{"id":"osm:way:547805172","name":"大港墘公園","nameEn":"Dagangqian Park","category":"park","source":"osm"},"geometry":{"type":"Polygon","coordinates":[[[121.57354,25.07889],[121.57482,25.0785],[121.57397,25.07696],[121.57295,25.07749],[121.57354,25.07889]]]}},{"type":"Feature","properties":{"id":"osm:way:548527807","name":"Park 548527807","category":"park","source":"osm"},"geometry":{"type":"Polygon","coordinates":[[[121.57653,24.9963],[121.5789,24.99772],[121.57915,24.99732],[121.57728,24.9963],[121.5767,24.99614],[121.57653,24.9963]]]}},{"type":"Feature","properties":{"id":"osm:way:548595402","name":"十四張歷史公園","category":"park","source":"osm"},"geometry":{"type":"Polygon","coordinates":[[[121.52765,24.98078],[121.52915,24.97981],[121.52836,24.97884],[121.52683,24.97988],[121.52765,24.98078]]]}},{"type":"Feature","properties":{"id":"osm:way:548732928","name":"仁愛廣場公園","nameEn":"Ren-Ai Plaza Park","category":"park","source":"osm"},"geometry":{"type":"Polygon","coordinates":[[[121.47121,25.09057],[121.47101,25.09058],[121.47072,25.09104],[121.47095,25.09054],[121.47068,25.09041],[121.4705,25.09058],[121.47021,25.09029],[121.47041,25.08999],[121.47135,25.09035],[121.47126,25.09045],[121.47158,25.09061],[121.47121,25.09057]]]}},{"type":"Feature","properties":{"id":"osm:way:549062316","name":"Park 549062316","category":"park","source":"osm"},"geometry":{"type":"Polygon","coordinates":[[[121.48726,24.99785],[121.48727,24.99707],[121.48619,24.99706],[121.48618,24.99784],[121.48726,24.99785]]]}},{"type":"Feature","properties":{"id":"osm:way:549537074","name":"Park 549537074","category":"park","source":"osm"},"geometry":{"type":"Polygon","coordinates":[[[121.51138,25.07903],[121.51154,25.07873],[121.51328,25.07991],[121.51138,25.07903]]]}},{"type":"Feature","properties":{"id":"osm:way:549537081","name":"大龍公園","nameEn":"Dalong Park","category":"park","source":"osm"},"geometry":{"type":"Polygon","coordinates":[[[121.51531,25.0701],[121.51585,25.0701],[121.51585,25.07047],[121.51531,25.07047],[121.51531,25.0701]]]}},{"type":"Feature","properties":{"id":"osm:way:549570619","name":"後港公園","nameEn":"Hougang Park","category":"park","source":"osm"},"geometry":{"type":"Polygon","coordinates":[[[121.51427,25.09301],[121.51489,25.09323],[121.51472,25.09363],[121.51401,25.09338],[121.51427,25.09301]]]}},{"type":"Feature","properties":{"id":"osm:way:549713794","name":"錦德公園","nameEn":"Jinde Park","category":"park","source":"osm"},"geometry":{"type":"Polygon","coordinates":[[[121.49275,25.02336],[121.49258,25.02361],[121.49203,25.02333],[121.49214,25.02306],[121.49275,25.02336]]]}},{"type":"Feature","properties":{"id":"osm:way:549714684","name":"萬芳10號公園綠地","category":"park","source":"osm"},"geometry":{"type":"Polygon","coordinates":[[[121.56162,25.00215],[121.56105,25.0033],[121.56095,25.0029],[121.56124,25.00221],[121.56149,25.00203],[121.56162,25.00215]]]}},{"type":"Feature","properties":{"id":"osm:way:550803995","name":"蘆洲自然公園","category":"park","source":"osm"},"geometry":{"type":"Polygon","coordinates":[[[121.48672,25.08843],[121.48723,25.08917],[121.48757,25.08927],[121.48688,25.08828],[121.48672,25.08843]]]}},{"type":"Feature","properties":{"id":"osm:way:554306635","name":"Park 554306635","category":"park","source":"osm"},"geometry":{"type":"Polygon","coordinates":[[[121.52821,25.01907],[121.52848,25.01883],[121.52784,25.01829],[121.52758,25.01854],[121.52821,25.01907]]]}},{"type":"Feature","properties":{"id":"osm:way:555117276","name":"台北世貿廣場","category":"park","source":"osm"},"geometry":{"type":"Polygon","coordinates":[[[121.56118,25.03476],[121.56168,25.03451],[121.56203,25.03481],[121.562,25.03585],[121.56147,25.03581],[121.56091,25.03489],[121.56118,25.03476]]]}},{"type":"Feature","properties":{"id":"osm:way:555866062","name":"松仁綠地","category":"park","source":"osm"},"geometry":{"type":"Polygon","coordinates":[[[121.56755,25.03269],[121.56805,25.03268],[121.56808,25.03238],[121.56755,25.03234],[121.56755,25.03259],[121.56659,25.03262],[121.56755,25.03269]]]}},{"type":"Feature","properties":{"id":"osm:way:555973082","name":"星光橋公園","category":"park","source":"osm"},"geometry":{"type":"Polygon","coordinates":[[[121.66229,25.07693],[121.66128,25.07651],[121.66195,25.07698],[121.66187,25.07711],[121.66287,25.07762],[121.66304,25.07728],[121.66229,25.07693]]]}},{"type":"Feature","properties":{"id":"osm:way:556415400","name":"碧山公園","category":"park","source":"osm"},"geometry":{"type":"Polygon","coordinates":[[[121.59179,25.08744],[121.59181,25.08679],[121.5922,25.08678],[121.59223,25.08744],[121.59179,25.08744]]]}},{"type":"Feature","properties":{"id":"osm:way:556419964","name":"綠地","category":"park","source":"osm"},"geometry":{"type":"Polygon","coordinates":[[[121.58075,25.07533],[121.58095,25.07489],[121.58142,25.07507],[121.58106,25.07542],[121.58075,25.07533]]]}},{"type":"Feature","properties":{"id":"osm:way:556426478","name":"中427公園","category":"park","source":"osm"},"geometry":{"type":"Polygon","coordinates":[[[121.5558,25.08015],[121.55621,25.08015],[121.55621,25.08075],[121.5558,25.08081],[121.5558,25.08015]]]}},{"type":"Feature","properties":{"id":"osm:way:556426486","name":"週美綠地","category":"park","source":"osm"},"geometry":{"type":"Polygon","coordinates":[[[121.57913,25.05567],[121.57919,25.05558],[121.58145,25.05683],[121.57913,25.05567]]]}},{"type":"Feature","properties":{"id":"osm:way:556426487","name":"Park 556426487","category":"park","source":"osm"},"geometry":{"type":"Polygon","coordinates":[[[121.57681,25.05442],[121.57701,25.0544],[121.57912,25.05554],[121.57681,25.05442]]]}},{"type":"Feature","properties":{"id":"osm:way:556426489","name":"行善公園","nameEn":"Xingshan Park","category":"park","source":"osm"},"geometry":{"type":"Polygon","coordinates":[[[121.5751,25.05319],[121.57602,25.05309],[121.57572,25.05354],[121.5751,25.05319]]]}},{"type":"Feature","properties":{"id":"osm:way:556426490","name":"Park 556426490","category":"park","source":"osm"},"geometry":{"type":"Polygon","coordinates":[[[121.57503,25.05423],[121.5759,25.05474],[121.57489,25.05512],[121.57503,25.05423]]]}},{"type":"Feature","properties":{"id":"osm:way:556426491","name":"扶輪親恩公園","nameEn":"Rotary Park","category":"park","source":"osm"},"geometry":{"type":"Polygon","coordinates":[[[121.57937,25.0664],[121.57922,25.06674],[121.58011,25.06707],[121.58028,25.06675],[121.57937,25.0664]]]}},{"type":"Feature","properties":{"id":"osm:way:556427797","name":"文德一號公園","category":"park","source":"osm"},"geometry":{"type":"Polygon","coordinates":[[[121.58214,25.07909],[121.58223,25.07886],[121.58165,25.07882],[121.58163,25.07866],[121.58122,25.07877],[121.58126,25.079],[121.58214,25.07909]]]}},{"type":"Feature","properties":{"id":"osm:way:556427798","name":"文德一號公園","category":"park","source":"osm"},"geometry":{"type":"Polygon","coordinates":[[[121.58294,25.07949],[121.58311,25.07921],[121.58293,25.07895],[121.58303,25.07868],[121.58261,25.07867],[121.58258,25.07897],[121.58228,25.07895],[121.58219,25.07915],[121.58233,25.07927],[121.58273,25.07912],[121.58294,25.07949]]]}},{"type":"Feature","properties":{"id":"osm:way:558414477","name":"元隆公園","nameEn":"Yuanlung Park","category":"park","source":"osm"},"geometry":{"type":"Polygon","coordinates":[[[121.48468,25.00678],[121.48504,25.00677],[121.48546,25.00752],[121.48478,25.00781],[121.48468,25.00678]]]}},{"type":"Feature","properties":{"id":"osm:way:558419124","name":"Park 558419124","category":"park","source":"osm"},"geometry":{"type":"Polygon","coordinates":[[[121.62044,25.0752],[121.62095,25.07559],[121.62072,25.0759],[121.62024,25.07543],[121.62044,25.0752]]]}},{"type":"Feature","properties":{"id":"osm:way:559134531","name":"劍南蝶園","category":"park","source":"osm"},"geometry":{"type":"Polygon","coordinates":[[[121.5536,25.08658],[121.55535,25.08686],[121.55577,25.08732],[121.55579,25.08777],[121.55485,25.08771],[121.55433,25.08807],[121.55391,25.08753],[121.55357,25.08747],[121.55304,25.08786],[121.5528,25.08717],[121.55282,25.08653],[121.5536,25.08658]]]}},{"type":"Feature","properties":{"id":"osm:way:562940443","name":"內湖金瑞治水園區","category":"park","source":"osm"},"geometry":{"type":"Polygon","coordinates":[[[121.58299,25.09108],[121.58297,25.09079],[121.58186,25.09058],[121.58056,25.09118],[121.58039,25.09153],[121.58164,25.09124],[121.58254,25.09128],[121.58299,25.09108]]]}},{"type":"Feature","properties":{"id":"osm:way:566743086","name":"小坑一號公園","category":"park","source":"osm"},"geometry":{"type":"Polygon","coordinates":[[[121.58712,24.98666],[121.58738,24.98651],[121.58721,24.9859],[121.58676,24.98557],[121.58659,24.98596],[121.58712,24.98666]]]}},{"type":"Feature","properties":{"id":"osm:way:569810141","name":"水尾灣園區","category":"park","source":"osm"},"geometry":{"type":"Polygon","coordinates":[[[121.64832,25.0722],[121.64801,25.07054],[121.64907,25.0721],[121.64832,25.0722]]]}},{"type":"Feature","properties":{"id":"osm:way:570408681","name":"裕民廣場","category":"park","source":"osm"},"geometry":{"type":"Polygon","coordinates":[[[121.45304,24.98505],[121.45344,24.98524],[121.45377,24.98505],[121.45414,24.98545],[121.4538,24.98529],[121.45327,24.98593],[121.45355,24.98552],[121.45304,24.98505]]]}},{"type":"Feature","properties":{"id":"osm:way:572764804","name":"克強公園","nameEn":"Keqiang Park","category":"park","source":"osm"},"geometry":{"type":"Polygon","coordinates":[[[121.52143,25.10657],[121.52157,25.10644],[121.52262,25.10909],[121.52248,25.10918],[121.5214,25.10874],[121.52156,25.10693],[121.52143,25.10657]]]}},{"type":"Feature","properties":{"id":"osm:way:573632770","name":"忠順萊茵公園","nameEn":"Zhongshun Rhine Park","category":"park","source":"osm"},"geometry":{"type":"Polygon","coordinates":[[[121.56507,24.98693],[121.56527,24.98647],[121.56437,24.98641],[121.56471,24.98689],[121.56507,24.98693]]]}},{"type":"Feature","properties":{"id":"osm:way:573704123","name":"萬福生態公園","category":"park","source":"osm"},"geometry":{"type":"Polygon","coordinates":[[[121.6028,25.00348],[121.60192,25.00443],[121.60227,25.00471],[121.60293,25.00451],[121.60286,25.00409],[121.60317,25.00387],[121.6028,25.00348]]]}},{"type":"Feature","properties":{"id":"osm:way:575412833","name":"Park 575412833","category":"park","source":"osm"},"geometry":{"type":"Polygon","coordinates":[[[121.60821,25.06654],[121.60973,25.06727],[121.61137,25.06726],[121.61128,25.06711],[121.60977,25.06715],[121.6084,25.06648],[121.60821,25.06654]]]}},{"type":"Feature","properties":{"id":"osm:way:577448201","name":"天山公園","category":"park","source":"osm"},"geometry":{"type":"Polygon","coordinates":[[[121.51759,24.98659],[121.51779,24.98667],[121.51745,24.98744],[121.517,24.98734],[121.51693,24.98684],[121.51746,24.98678],[121.51759,24.98659]]]}},{"type":"Feature","properties":{"id":"osm:way:583175432","name":"清穗公園","category":"park","source":"osm"},"geometry":{"type":"Polygon","coordinates":[[[121.46853,24.99918],[121.46845,24.99895],[121.46948,24.99861],[121.46964,24.99882],[121.46853,24.99918]]]}},{"type":"Feature","properties":{"id":"osm:way:586068484","name":"椰城公園","nameEn":"Yeh Cheng Park","category":"park","source":"osm"},"geometry":{"type":"Polygon","coordinates":[[[121.56902,25.00615],[121.56859,25.00631],[121.56854,25.00675],[121.56914,25.00672],[121.56902,25.00615]]]}},{"type":"Feature","properties":{"id":"osm:way:587411731","name":"Park 587411731","category":"park","source":"osm"},"geometry":{"type":"Polygon","coordinates":[[[121.45,25.01533],[121.45059,25.01428],[121.45139,25.01136],[121.45167,25.01086],[121.45101,25.01368],[121.45,25.01636],[121.45,25.01533]]]}},{"type":"Feature","properties":{"id":"osm:way:588528707","name":"彩虹河濱公園","nameEn":"Rainbow Riverside Park","category":"park","source":"osm"},"geometry":{"type":"Polygon","coordinates":[[[121.57432,25.0533],[121.57305,25.05263],[121.57212,25.05358],[121.57199,25.05778],[121.57126,25.06055],[121.57023,25.06321],[121.57007,25.06436],[121.57199,25.06786],[121.57255,25.06944],[121.57267,25.07082],[121.57296,25.0708],[121.57289,25.06978],[121.57204,25.0665],[121.57227,25.0635],[121.57387,25.054],[121.57432,25.0533]]]}},{"type":"Feature","properties":{"id":"osm:way:588628968","name":"成美右岸河濱公園","nameEn":"Chengmei Riverside Park North","category":"park","source":"osm"},"geometry":{"type":"Polygon","coordinates":[[[121.57432,25.0533],[121.57305,25.05263],[121.57342,25.05238],[121.57503,25.05224],[121.58261,25.05391],[121.5855,25.05476],[121.58828,25.05628],[121.59195,25.05944],[121.59168,25.05991],[121.58795,25.05724],[121.58229,25.05461],[121.58117,25.05392],[121.57617,25.05287],[121.57432,25.0533]]]}},{"type":"Feature","properties":{"id":"osm:way:590528773","name":"新新公園","nameEn":"Hsin Hsin Park","category":"park","source":"osm"},"geometry":{"type":"Polygon","coordinates":[[[121.58875,25.05185],[121.589,25.0506],[121.59082,25.05085],[121.59055,25.05205],[121.58875,25.05185]]]}},{"type":"Feature","properties":{"id":"osm:way:592227591","name":"羅馬廣場","nameEn":"Roman Square","category":"park","source":"osm"},"geometry":{"type":"Polygon","coordinates":[[[121.52903,25.02761],[121.52895,25.0272],[121.52967,25.02709],[121.52975,25.0275],[121.52903,25.02761]]]}},{"type":"Feature","properties":{"id":"osm:way:595254366","name":"防災體健公園","category":"park","source":"osm"},"geometry":{"type":"Polygon","coordinates":[[[121.45377,25.10486],[121.45422,25.10357],[121.45388,25.1024],[121.45291,25.10412],[121.45293,25.10474],[121.45377,25.10486]]]}},{"type":"Feature","properties":{"id":"osm:way:595895230","name":"成德公園","nameEn":"Chengde Park","category":"park","source":"osm"},"geometry":{"type":"Polygon","coordinates":[[[121.45295,25.10489],[121.45295,25.10549],[121.4532,25.10548],[121.45365,25.10502],[121.45295,25.10489]]]}},{"type":"Feature","properties":{"id":"osm:way:596306247","name":"成美左岸河濱公園","nameEn":"Chengmei Riverside Park South","category":"park","source":"osm"},"geometry":{"type":"Polygon","coordinates":[[[121.57105,25.05156],[121.57212,25.05095],[121.57424,25.05095],[121.58297,25.05291],[121.58649,25.05393],[121.58906,25.0554],[121.59004,25.05618],[121.59169,25.05795],[121.59254,25.05845],[121.59237,25.05876],[121.59207,25.05856],[121.58869,25.0555],[121.5864,25.05418],[121.5834,25.05334],[121.58326,25.05306],[121.58259,25.05287],[121.58251,25.05306],[121.57452,25.05131],[121.57271,25.05153],[121.57188,25.05203],[121.57105,25.05156]]]}},{"type":"Feature","properties":{"id":"osm:way:596361020","name":"圓山河濱公園","category":"park","source":"osm"},"geometry":{"type":"Polygon","coordinates":[[[121.52132,25.07858],[121.52125,25.07836],[121.52369,25.07682],[121.52585,25.0736],[121.52675,25.07317],[121.52728,25.07331],[121.52759,25.07368],[121.52736,25.07617],[121.52873,25.07728],[121.53032,25.07771],[121.53147,25.07779],[121.53328,25.07756],[121.54215,25.07716],[121.54437,25.07687],[121.54436,25.07728],[121.53129,25.07799],[121.53044,25.07789],[121.52867,25.07753],[121.52722,25.07641],[121.52701,25.07497],[121.52663,25.07441],[121.52598,25.07401],[121.52382,25.07699],[121.52132,25.07858]]]}},{"type":"Feature","properties":{"id":"osm:way:596364977","name":"百齡右岸河濱公園","category":"park","source":"osm"},"geometry":{"type":"Polygon","coordinates":[[[121.5097,25.09579],[121.51083,25.09617],[121.51271,25.09458],[121.51399,25.09297],[121.51509,25.0904],[121.51595,25.08459],[121.51657,25.08273],[121.51764,25.08107],[121.51838,25.08037],[121.51958,25.07947],[121.52132,25.07858],[121.52125,25.07836],[121.51776,25.08006],[121.51675,25.08085],[121.51544,25.08236],[121.51477,25.08451],[121.51434,25.0887],[121.5135,25.09187],[121.51245,25.09339],[121.5097,25.09579]]]}},{"type":"Feature","properties":{"id":"osm:way:596404737","name":"南湖左岸河濱公園","category":"park","source":"osm"},"geometry":{"type":"Polygon","coordinates":[[[121.62215,25.05821],[121.62231,25.05826],[121.62202,25.05889],[121.62108,25.06024],[121.61931,25.0619],[121.61737,25.06302],[121.61413,25.06397],[121.61304,25.06364],[121.61126,25.06153],[121.60942,25.06009],[121.60665,25.05921],[121.60005,25.05863],[121.59799,25.05872],[121.59558,25.05961],[121.59478,25.05968],[121.59391,25.0596],[121.59284,25.05917],[121.59237,25.05876],[121.59254,25.05845],[121.59421,25.05912],[121.59539,25.05917],[121.59759,25.05854],[121.59911,25.05837],[121.60351,25.05865],[121.60687,25.05917],[121.60936,25.05996],[121.61015,25.06041],[121.61111,25.06119],[121.6132,25.06357],[121.61405,25.06377],[121.6171,25.0629],[121.61866,25.06212],[121.62084,25.06019],[121.62215,25.05821]]]}},{"type":"Feature","properties":{"id":"osm:way:596404742","name":"內湖復育園區","category":"park","source":"osm"},"geometry":{"type":"Polygon","coordinates":[[[121.60286,25.06101],[121.60302,25.06007],[121.6049,25.0602],[121.60725,25.06068],[121.60891,25.06125],[121.6101,25.06217],[121.60963,25.06305],[121.60833,25.06258],[121.60797,25.06256],[121.60787,25.06277],[121.60507,25.06137],[121.60286,25.06101]]]}},{"type":"Feature","properties":{"id":"osm:way:600941751","name":"七虎公園","category":"park","source":"osm"},"geometry":{"type":"Polygon","coordinates":[[[121.50153,25.13583],[121.50101,25.13634],[121.50105,25.1366],[121.50164,25.13663],[121.50177,25.13598],[121.50153,25.13583]]]}},{"type":"Feature","properties":{"id":"osm:way:602172200","name":"Park 602172200","category":"park","source":"osm"},"geometry":{"type":"Polygon","coordinates":[[[121.54996,25.14942],[121.55037,25.14925],[121.55059,25.14959],[121.55014,25.14979],[121.54988,25.14972],[121.55005,25.1496],[121.54996,25.14942]]]}},{"type":"Feature","properties":{"id":"osm:way:608547428","name":"萬福公園","category":"park","source":"osm"},"geometry":{"type":"Polygon","coordinates":[[[121.58417,25.0463],[121.58457,25.04658],[121.58485,25.04615],[121.58439,25.04593],[121.58417,25.0463]]]}},{"type":"Feature","properties":{"id":"osm:way:608547430","name":"Park 608547430","category":"park","source":"osm"},"geometry":{"type":"Polygon","coordinates":[[[121.58509,25.04829],[121.58644,25.04892],[121.58651,25.04876],[121.58516,25.04816],[121.58509,25.04829]]]}},{"type":"Feature","properties":{"id":"osm:way:616079021","name":"交通8號廣場","category":"park","source":"osm"},"geometry":{"type":"Polygon","coordinates":[[[121.51308,25.0475],[121.51315,25.04821],[121.51163,25.04814],[121.51237,25.04766],[121.51308,25.0475]]]}},{"type":"Feature","properties":{"id":"osm:way:617310833","name":"Park 617310833","category":"park","source":"osm"},"geometry":{"type":"Polygon","coordinates":[[[121.54883,25.02988],[121.54897,25.02989],[121.54895,25.02822],[121.54882,25.02823],[121.54883,25.02988]]]}},{"type":"Feature","properties":{"id":"osm:way:617310834","name":"Park 617310834","category":"park","source":"osm"},"geometry":{"type":"Polygon","coordinates":[[[121.54889,25.03303],[121.54899,25.03099],[121.54883,25.03098],[121.54889,25.03303]]]}},{"type":"Feature","properties":{"id":"osm:way:617827761","name":"萬芳四號公園","category":"park","source":"osm"},"geometry":{"type":"Polygon","coordinates":[[[121.56792,25.00135],[121.56856,25.00147],[121.5688,25.0012],[121.56911,25.0012],[121.56968,25.00183],[121.56981,25.00135],[121.56946,25.00131],[121.56927,25.00078],[121.56884,25.00054],[121.56792,25.00135]]]}},{"type":"Feature","properties":{"id":"osm:way:617968587","name":"淡水河畔公園","category":"park","source":"osm"},"geometry":{"type":"Polygon","coordinates":[[[121.49929,25.08456],[121.49802,25.08566],[121.49737,25.08672],[121.49615,25.08775],[121.49602,25.08859],[121.49494,25.08967],[121.49456,25.09033],[121.49453,25.0909],[121.49368,25.09186],[121.49048,25.09388],[121.48959,25.0933],[121.49241,25.09084],[121.49233,25.09057],[121.49477,25.0885],[121.49682,25.08631],[121.50114,25.07913],[121.50214,25.07959],[121.50233,25.08044],[121.50162,25.08164],[121.50067,25.08223],[121.49963,25.08371],[121.49929,25.08456]]]}},{"type":"Feature","properties":{"id":"osm:way:628326031","name":"貴子坑水土保持教學園區","nameEn":"Guizikeng Soil and Water Conservation Education Park","category":"park","source":"osm"},"geometry":{"type":"Polygon","coordinates":[[[121.49363,25.15125],[121.49377,25.15265],[121.493,25.15261],[121.49295,25.15299],[121.49222,25.15299],[121.49194,25.15266],[121.49098,25.15296],[121.49074,25.15229],[121.49158,25.15055],[121.4921,25.15065],[121.49269,25.15135],[121.49363,25.15125]]]}},{"type":"Feature","properties":{"id":"osm:way:633231347","name":"福德公園","category":"park","source":"osm"},"geometry":{"type":"Polygon","coordinates":[[[121.46502,25.13223],[121.4646,25.13189],[121.46486,25.13165],[121.46527,25.13199],[121.46502,25.13223]]]}},{"type":"Feature","properties":{"id":"osm:way:639891319","name":"白雲公園","nameEn":"Baiyun Park","category":"park","source":"osm"},"geometry":{"type":"Polygon","coordinates":[[[121.61718,25.04727],[121.61736,25.0474],[121.61808,25.04717],[121.61755,25.04655],[121.61718,25.04727]]]}},{"type":"Feature","properties":{"id":"osm:way:651908263","name":"蕨園","category":"park","source":"osm"},"geometry":{"type":"Polygon","coordinates":[[[121.5809,24.99791],[121.58109,24.99801],[121.5805,24.99863],[121.58001,24.99828],[121.58049,24.99838],[121.5809,24.99791]]]}},{"type":"Feature","properties":{"id":"osm:way:652721799","name":"洲美運動公園","nameEn":"Choumei Sports Park","category":"park","source":"osm"},"geometry":{"type":"Polygon","coordinates":[[[121.49958,25.10917],[121.50042,25.10919],[121.50041,25.10955],[121.50198,25.10945],[121.50198,25.10982],[121.50005,25.11041],[121.49906,25.11035],[121.49908,25.10898],[121.49946,25.10898],[121.49958,25.10917]]]}},{"type":"Feature","properties":{"id":"osm:way:661059744","name":"水返腳公園","category":"park","source":"osm"},"geometry":{"type":"Polygon","coordinates":[[[121.65809,25.06827],[121.65805,25.06768],[121.65916,25.06749],[121.65916,25.06798],[121.65882,25.06825],[121.65876,25.06859],[121.65822,25.06851],[121.65809,25.06827]]]}},{"type":"Feature","properties":{"id":"osm:way:673856795","name":"至誠公園","nameEn":"Zhicheng Park","category":"park","source":"osm"},"geometry":{"type":"Polygon","coordinates":[[[121.53745,25.10078],[121.53734,25.10065],[121.53617,25.10128],[121.53528,25.10143],[121.53623,25.10149],[121.53745,25.10078]]]}},{"type":"Feature","properties":{"id":"osm:way:674609563","name":"三重綠地","category":"park","source":"osm"},"geometry":{"type":"Polygon","coordinates":[[[121.6141,25.05695],[121.61443,25.05693],[121.61438,25.05612],[121.61404,25.05614],[121.6141,25.05695]]]}},{"type":"Feature","properties":{"id":"osm:way:684970746","name":"嘉新公園","category":"park","source":"osm"},"geometry":{"type":"Polygon","coordinates":[[[121.47601,25.00066],[121.47619,25.0006],[121.47605,24.99994],[121.47568,24.99998],[121.47601,25.00066]]]}},{"type":"Feature","properties":{"id":"osm:way:686423550","name":"基河公園","nameEn":"Jihe Park","category":"park","source":"osm"},"geometry":{"type":"Polygon","coordinates":[[[121.52476,25.08229],[121.5244,25.0824],[121.5238,25.08006],[121.52412,25.08],[121.5243,25.08129],[121.52509,25.08241],[121.52476,25.08229]]]}},{"type":"Feature","properties":{"id":"osm:way:686621025","name":"福祿1號公園","nameEn":"Fulu No. 1 Park","category":"park","source":"osm"},"geometry":{"type":"Polygon","coordinates":[[[121.46379,25.06385],[121.46377,25.06301],[121.46421,25.063],[121.46438,25.06384],[121.46379,25.06385]]]}},{"type":"Feature","properties":{"id":"osm:way:686621027","name":"五工2號廣場","nameEn":"Wugong No.2 Square","category":"park","source":"osm"},"geometry":{"type":"Polygon","coordinates":[[[121.45932,25.06247],[121.45992,25.06202],[121.45982,25.06282],[121.45932,25.06247]]]}},{"type":"Feature","properties":{"id":"osm:way:686621028","name":"福祿3號公園","nameEn":"Fulu No. 3 Park","category":"park","source":"osm"},"geometry":{"type":"Polygon","coordinates":[[[121.46427,25.06395],[121.46479,25.06394],[121.46475,25.06451],[121.46428,25.0644],[121.46427,25.06395]]]}},{"type":"Feature","properties":{"id":"osm:way:686621029","name":"五工1號廣場","nameEn":"Wugong No. 1 Square","category":"park","source":"osm"},"geometry":{"type":"Polygon","coordinates":[[[121.45922,25.06256],[121.45974,25.06298],[121.45876,25.063],[121.45922,25.06256]]]}},{"type":"Feature","properties":{"id":"osm:way:689405991","name":"福和運動公園","nameEn":"Fuhe Sports Park","category":"park","source":"osm"},"geometry":{"type":"Polygon","coordinates":[[[121.52912,25.00676],[121.52745,25.00581],[121.52548,25.00888],[121.526,25.00917],[121.52912,25.00676]]]}},{"type":"Feature","properties":{"id":"osm:way:689560353","name":"富州河濱公園","category":"park","source":"osm"},"geometry":{"type":"Polygon","coordinates":[[[121.47462,25.10513],[121.47675,25.1047],[121.47698,25.10496],[121.4751,25.10549],[121.47462,25.10513]]]}},{"type":"Feature","properties":{"id":"osm:way:689716033","name":"Park 689716033","category":"park","source":"osm"},"geometry":{"type":"Polygon","coordinates":[[[121.49431,25.004],[121.49451,25.00411],[121.4947,25.00323],[121.4945,25.00307],[121.49431,25.004]]]}},{"type":"Feature","properties":{"id":"osm:way:689786497","name":"福安河濱公園","category":"park","source":"osm"},"geometry":{"type":"Polygon","coordinates":[[[121.49195,25.09774],[121.49171,25.09747],[121.49369,25.09599],[121.49507,25.09447],[121.4953,25.09466],[121.4942,25.09557],[121.49278,25.0972],[121.49195,25.09774]]]}},{"type":"Feature","properties":{"id":"osm:way:695599093","name":"Park 695599093","category":"park","source":"osm"},"geometry":{"type":"Polygon","coordinates":[[[121.53889,24.997],[121.53861,24.99656],[121.53928,24.99621],[121.53957,24.99666],[121.53889,24.997]]]}},{"type":"Feature","properties":{"id":"osm:way:706888509","name":"Park 706888509","category":"park","source":"osm"},"geometry":{"type":"Polygon","coordinates":[[[121.61193,25.05401],[121.61517,25.05438],[121.61327,25.05404],[121.61193,25.05401]]]}},{"type":"Feature","properties":{"id":"osm:way:706888511","name":"Park 706888511","category":"park","source":"osm"},"geometry":{"type":"Polygon","coordinates":[[[121.61136,25.05381],[121.61283,25.05394],[121.61139,25.0535],[121.61136,25.05381]]]}},{"type":"Feature","properties":{"id":"osm:way:723697465","name":"Park 723697465","category":"park","source":"osm"},"geometry":{"type":"Polygon","coordinates":[[[121.48232,25.07748],[121.48273,25.0773],[121.48279,25.07696],[121.48245,25.07682],[121.48291,25.07689],[121.48285,25.07731],[121.48308,25.07773],[121.48256,25.07799],[121.48232,25.07748]]]}},{"type":"Feature","properties":{"id":"osm:way:724449071","name":"光之公園","category":"park","source":"osm"},"geometry":{"type":"Polygon","coordinates":[[[121.48689,25.01162],[121.48738,25.01196],[121.48713,25.01229],[121.48659,25.01198],[121.48689,25.01162]]]}},{"type":"Feature","properties":{"id":"osm:way:727261750","name":"Garden91草山玉溪","category":"park","source":"osm"},"geometry":{"type":"Polygon","coordinates":[[[121.54538,25.1073],[121.54447,25.1078],[121.54466,25.10793],[121.54549,25.10751],[121.54538,25.1073]]]}},{"type":"Feature","properties":{"id":"osm:way:734380152","name":"Park 734380152","category":"park","source":"osm"},"geometry":{"type":"Polygon","coordinates":[[[121.45558,24.99931],[121.45754,24.99876],[121.45625,24.99898],[121.45618,24.99867],[121.45559,24.99865],[121.45544,24.99779],[121.45495,24.99755],[121.45465,24.99822],[121.45558,24.99931]]]}},{"type":"Feature","properties":{"id":"osm:way:749221445","name":"Park 749221445","category":"park","source":"osm"},"geometry":{"type":"Polygon","coordinates":[[[121.55638,24.98129],[121.55666,24.98132],[121.55673,24.98089],[121.55702,24.98103],[121.55707,24.98087],[121.55631,24.98076],[121.55638,24.98129]]]}},{"type":"Feature","properties":{"id":"osm:way:749221446","name":"Park 749221446","category":"park","source":"osm"},"geometry":{"type":"Polygon","coordinates":[[[121.55563,24.98122],[121.55614,24.98112],[121.55616,24.98078],[121.55578,24.98068],[121.55563,24.98122]]]}},{"type":"Feature","properties":{"id":"osm:way:749221450","name":"Park 749221450","category":"park","source":"osm"},"geometry":{"type":"Polygon","coordinates":[[[121.55579,24.98182],[121.55636,24.98188],[121.5564,24.98148],[121.55583,24.98142],[121.55579,24.98182]]]}},{"type":"Feature","properties":{"id":"osm:way:764011467","name":"Park 764011467","category":"park","source":"osm"},"geometry":{"type":"Polygon","coordinates":[[[121.52019,25.0705],[121.51984,25.06862],[121.52267,25.06852],[121.52323,25.07062],[121.52019,25.0705]]]}},{"type":"Feature","properties":{"id":"osm:way:764333154","name":"中山藝術公園","category":"park","source":"osm"},"geometry":{"type":"Polygon","coordinates":[[[121.49166,25.06091],[121.49166,25.06124],[121.49216,25.06124],[121.49245,25.06107],[121.49255,25.06071],[121.49221,25.06049],[121.49204,25.06067],[121.49169,25.06052],[121.49166,25.06091]]]}},{"type":"Feature","properties":{"id":"osm:way:775327742","name":"道南河濱公園左岸","nameEn":"Daonan Riverside Park Left side","category":"park","source":"osm"},"geometry":{"type":"Polygon","coordinates":[[[121.57276,24.98629],[121.57306,24.98629],[121.57304,24.98757],[121.57242,24.98895],[121.57235,24.98978],[121.57327,24.99309],[121.57369,24.99372],[121.57381,24.99499],[121.57441,24.99571],[121.57606,24.99668],[121.57593,24.99687],[121.57639,24.99719],[121.57624,24.99747],[121.5779,24.99846],[121.57754,24.99898],[121.57827,24.99929],[121.57921,24.99919],[121.57979,24.99866],[121.58097,24.99937],[121.58035,24.99918],[121.57811,24.99941],[121.57667,24.99896],[121.57603,24.99844],[121.57544,24.99698],[121.57366,24.99567],[121.57277,24.99466],[121.57206,24.989],[121.57285,24.98726],[121.57276,24.98629]]]}},{"type":"Feature","properties":{"id":"osm:way:775558638","name":"巨石花園","nameEn":"The Great Stones park","category":"park","source":"osm"},"geometry":{"type":"Polygon","coordinates":[[[121.50195,25.18509],[121.50145,25.18486],[121.50163,25.1842],[121.50229,25.18377],[121.5024,25.18397],[121.50189,25.18475],[121.50206,25.18494],[121.50195,25.18509]]]}},{"type":"Feature","properties":{"id":"osm:way:777210722","name":"Park 777210722","category":"park","source":"osm"},"geometry":{"type":"Polygon","coordinates":[[[121.49648,25.07917],[121.49625,25.07916],[121.49686,25.07946],[121.49764,25.07795],[121.49697,25.07793],[121.49708,25.0782],[121.49648,25.07917]]]}},{"type":"Feature","properties":{"id":"osm:way:777894207","name":"福文公園","nameEn":"Fuwen Park","category":"park","source":"osm"},"geometry":{"type":"Polygon","coordinates":[[[121.52731,25.09135],[121.52743,25.09133],[121.52735,25.09034],[121.52711,25.09034],[121.52696,25.09084],[121.52722,25.09095],[121.52731,25.09135]]]}},{"type":"Feature","properties":{"id":"osm:way:779317715","name":"仰德一號公園","nameEn":"Yangde Park No. 1","category":"park","source":"osm"},"geometry":{"type":"Polygon","coordinates":[[[121.5376,25.10058],[121.53738,25.10036],[121.53843,25.0995],[121.5376,25.10058]]]}},{"type":"Feature","properties":{"id":"osm:way:785852929","name":"公園","category":"park","source":"osm"},"geometry":{"type":"Polygon","coordinates":[[[121.47575,25.00054],[121.47588,25.00049],[121.47563,24.99998],[121.47531,25.00003],[121.47532,25.00027],[121.47575,25.00054]]]}},{"type":"Feature","properties":{"id":"osm:way:787186853","name":"河雙21號河濱公園","nameEn":"Heshuang NO. 21 Riverside Park","category":"park","source":"osm"},"geometry":{"type":"Polygon","coordinates":[[[121.50944,25.09769],[121.50963,25.09722],[121.51186,25.09804],[121.51199,25.09838],[121.51194,25.09851],[121.50944,25.09769]]]}},{"type":"Feature","properties":{"id":"osm:way:797027311","name":"磺溪公園","nameEn":"Huangxi Park","category":"park","source":"osm"},"geometry":{"type":"Polygon","coordinates":[[[121.52112,25.10596],[121.52126,25.10574],[121.52056,25.10461],[121.52045,25.10467],[121.52112,25.10596]]]}},{"type":"Feature","properties":{"id":"osm:way:798732465","name":"仰德二號公園","nameEn":"Yangde Park No. 2","category":"park","source":"osm"},"geometry":{"type":"Polygon","coordinates":[[[121.53844,25.09963],[121.53781,25.10039],[121.53806,25.10042],[121.53869,25.0996],[121.53844,25.09963]]]}},{"type":"Feature","properties":{"id":"osm:way:809597667","name":"廣慈綠帶","nameEn":"Guangci Park","category":"park","source":"osm"},"geometry":{"type":"Polygon","coordinates":[[[121.58045,25.03956],[121.58262,25.04038],[121.58282,25.03994],[121.58065,25.03912],[121.58045,25.03956]]]}},{"type":"Feature","properties":{"id":"osm:way:824890699","name":"Park 824890699","category":"park","source":"osm"},"geometry":{"type":"Polygon","coordinates":[[[121.60462,25.08663],[121.60503,25.08705],[121.60415,25.08766],[121.60387,25.08745],[121.60462,25.08663]]]}},{"type":"Feature","properties":{"id":"osm:way:827387183","name":"劍潭公園","nameEn":"Jiantan Park","category":"park","source":"osm"},"geometry":{"type":"Polygon","coordinates":[[[121.52453,25.08082],[121.52476,25.08081],[121.52531,25.07795],[121.52515,25.0779],[121.52453,25.08082]]]}},{"type":"Feature","properties":{"id":"osm:way:830061757","name":"Park 830061757","category":"park","source":"osm"},"geometry":{"type":"Polygon","coordinates":[[[121.48967,25.00155],[121.49066,25.00188],[121.49032,25.00254],[121.48948,25.00226],[121.48967,25.00155]]]}},{"type":"Feature","properties":{"id":"osm:way:831789361","name":"土庫樂活廣場","category":"park","source":"osm"},"geometry":{"type":"Polygon","coordinates":[[[121.63582,25.01064],[121.6356,25.01031],[121.63426,25.01031],[121.63394,25.01006],[121.63435,25.01006],[121.63439,25.0099],[121.63573,25.01022],[121.63582,25.01064]]]}},{"type":"Feature","properties":{"id":"osm:way:832076994","name":"公一公園","category":"park","source":"osm"},"geometry":{"type":"Polygon","coordinates":[[[121.50325,25.0112],[121.50316,25.01108],[121.50342,25.0108],[121.50415,25.01138],[121.50465,25.01085],[121.50465,25.01134],[121.50404,25.01196],[121.50325,25.0112]]]}},{"type":"Feature","properties":{"id":"osm:way:858936047","name":"玫瑰園","category":"park","source":"osm"},"geometry":{"type":"Polygon","coordinates":[[[121.52837,25.07064],[121.52837,25.07016],[121.52877,25.07034],[121.52919,25.07018],[121.52922,25.0706],[121.52837,25.07064]]]}},{"type":"Feature","properties":{"id":"osm:way:861114144","name":"芝山公園","nameEn":"Zhishan Park","category":"park","source":"osm"},"geometry":{"type":"Polygon","coordinates":[[[121.53052,25.10451],[121.53258,25.10431],[121.53319,25.10391],[121.53342,25.10331],[121.53349,25.10144],[121.53217,25.10203],[121.531,25.10191],[121.53025,25.1024],[121.52984,25.10234],[121.52887,25.10389],[121.52928,25.10419],[121.53052,25.10451]]]}},{"type":"Feature","properties":{"id":"osm:way:888100197","name":"Park 888100197","category":"park","source":"osm"},"geometry":{"type":"Polygon","coordinates":[[[121.63333,25.06458],[121.63347,25.06466],[121.63236,25.0659],[121.63223,25.06583],[121.63333,25.06458]]]}},{"type":"Feature","properties":{"id":"osm:way:908100401","name":"臺北流行音樂中心 (北基地)","nameEn":"Taipei Music Center (North Site)","category":"park","source":"osm"},"geometry":{"type":"Polygon","coordinates":[[[121.59957,25.05337],[121.5979,25.05382],[121.59783,25.05353],[121.59704,25.05298],[121.59799,25.05227],[121.598,25.05203],[121.59954,25.05223],[121.59957,25.05337]]]}},{"type":"Feature","properties":{"id":"osm:way:909711184","name":"三芝田心","category":"park","source":"osm"},"geometry":{"type":"Polygon","coordinates":[[[121.49067,25.20573],[121.49007,25.20578],[121.48995,25.20562],[121.49045,25.20537],[121.49138,25.20577],[121.49128,25.20593],[121.49067,25.20573]]]}},{"type":"Feature","properties":{"id":"osm:way:910296940","name":"洲美公園","nameEn":"Zhoumei Park","category":"park","source":"osm"},"geometry":{"type":"Polygon","coordinates":[[[121.50528,25.10039],[121.5053,25.09937],[121.50659,25.09941],[121.50656,25.1004],[121.50528,25.10039]]]}},{"type":"Feature","properties":{"id":"osm:way:912204529","name":"興華單車驛站","category":"park","source":"osm"},"geometry":{"type":"Polygon","coordinates":[[[121.50164,25.20334],[121.50177,25.20325],[121.50253,25.20379],[121.50236,25.20412],[121.50217,25.2042],[121.50164,25.20334]]]}},{"type":"Feature","properties":{"id":"osm:way:912207315","name":"口湖子原生植物復育園區","category":"park","source":"osm"},"geometry":{"type":"Polygon","coordinates":[[[121.47473,25.19222],[121.47549,25.19223],[121.47566,25.19201],[121.4756,25.19159],[121.47673,25.19164],[121.47628,25.19242],[121.47591,25.19268],[121.47565,25.19246],[121.47476,25.19243],[121.47473,25.19222]]]}},{"type":"Feature","properties":{"id":"osm:way:919696644","name":"陽明公園","nameEn":"Yangming Park","category":"park","source":"osm"},"geometry":{"type":"Polygon","coordinates":[[[121.53898,25.15951],[121.53965,25.1599],[121.54062,25.15952],[121.54072,25.1577],[121.54116,25.15702],[121.54111,25.15666],[121.54059,25.15644],[121.5404,25.15666],[121.53982,25.15672],[121.53917,25.1579],[121.5389,25.15902],[121.5391,25.15928],[121.53898,25.15951]]]}},{"type":"Feature","properties":{"id":"osm:way:923689546","name":"Park 923689546","category":"park","source":"osm"},"geometry":{"type":"Polygon","coordinates":[[[121.61715,25.05805],[121.61794,25.05803],[121.61802,25.05753],[121.61711,25.05754],[121.61715,25.05805]]]}},{"type":"Feature","properties":{"id":"osm:way:942638268","name":"福智2號廣場","nameEn":"Fuzhi No. 2 Square","category":"park","source":"osm"},"geometry":{"type":"Polygon","coordinates":[[[121.45359,25.06125],[121.45465,25.06139],[121.45465,25.06115],[121.45357,25.06102],[121.45359,25.06125]]]}},{"type":"Feature","properties":{"id":"osm:way:963114067","name":"坡內坑公園","nameEn":"Poneikeng Park","category":"park","source":"osm"},"geometry":{"type":"Polygon","coordinates":[[[121.57702,25.00171],[121.57688,25.00196],[121.57774,25.00245],[121.57793,25.00216],[121.57702,25.00171]]]}},{"type":"Feature","properties":{"id":"osm:way:963940039","name":"Park 963940039","category":"park","source":"osm"},"geometry":{"type":"Polygon","coordinates":[[[121.51983,25.06841],[121.51954,25.06842],[121.51904,25.06528],[121.51891,25.06407],[121.5191,25.06338],[121.51937,25.06343],[121.51927,25.0645],[121.51983,25.06841]]]}},{"type":"Feature","properties":{"id":"osm:way:971241208","name":"Park 971241208","category":"park","source":"osm"},"geometry":{"type":"Polygon","coordinates":[[[121.61522,25.03643],[121.61488,25.0359],[121.61423,25.03565],[121.61506,25.03568],[121.61522,25.03643]]]}},{"type":"Feature","properties":{"id":"osm:way:981499285","name":"公3公園","category":"park","source":"osm"},"geometry":{"type":"Polygon","coordinates":[[[121.45812,25.03017],[121.4571,25.02957],[121.45746,25.02895],[121.45854,25.0296],[121.45812,25.03017]]]}},{"type":"Feature","properties":{"id":"osm:way:992724451","name":"Park 992724451","category":"park","source":"osm"},"geometry":{"type":"Polygon","coordinates":[[[121.46622,25.01115],[121.46563,25.01087],[121.46628,25.01072],[121.4665,25.01096],[121.46622,25.01115]]]}},{"type":"Feature","properties":{"id":"osm:way:1002248746","name":"Park 1002248746","category":"park","source":"osm"},"geometry":{"type":"Polygon","coordinates":[[[121.52065,25.0603],[121.52038,25.06029],[121.52055,25.05773],[121.52079,25.05776],[121.52087,25.05907],[121.52065,25.0603]]]}},{"type":"Feature","properties":{"id":"osm:way:1002559386","name":"心中山線形公園","nameEn":"Xinzhongshan Linear Park","category":"park","source":"osm"},"geometry":{"type":"Polygon","coordinates":[[[121.52081,25.05759],[121.52054,25.05755],[121.5205,25.05676],[121.52027,25.05275],[121.52052,25.0527],[121.52081,25.05759]]]}},{"type":"Feature","properties":{"id":"osm:way:1005238681","name":"Park 1005238681","category":"park","source":"osm"},"geometry":{"type":"Polygon","coordinates":[[[121.52029,25.05255],[121.52003,25.05026],[121.5202,25.05022],[121.52043,25.05252],[121.52029,25.05255]]]}},{"type":"Feature","properties":{"id":"osm:way:1008806026","name":"市民廣場","category":"park","source":"osm"},"geometry":{"type":"Polygon","coordinates":[[[121.46529,25.01412],[121.46559,25.01408],[121.46608,25.01318],[121.46439,25.01244],[121.46388,25.01284],[121.46386,25.01307],[121.46529,25.01412]]]}},{"type":"Feature","properties":{"id":"osm:way:1012999968","name":"Park 1012999968","category":"park","source":"osm"},"geometry":{"type":"Polygon","coordinates":[[[121.4546,24.99679],[121.45538,24.99711],[121.45534,24.99669],[121.45494,24.99604],[121.4546,24.99679]]]}},{"type":"Feature","properties":{"id":"osm:way:1019780878","name":"Park 1019780878","category":"park","source":"osm"},"geometry":{"type":"Polygon","coordinates":[[[121.49438,25.07801],[121.49546,25.07753],[121.49475,25.07715],[121.49441,25.0767],[121.49365,25.07778],[121.49413,25.07772],[121.49438,25.07801]]]}},{"type":"Feature","properties":{"id":"osm:way:1050800220","name":"Park 1050800220","category":"park","source":"osm"},"geometry":{"type":"Polygon","coordinates":[[[121.5177,25.04045],[121.51766,25.04024],[121.51771,25.04039],[121.51739,25.04038],[121.5176,25.04068],[121.51669,25.04064],[121.51749,25.04077],[121.51779,25.04065],[121.5177,25.04045]]]}},{"type":"Feature","properties":{"id":"osm:way:1052759741","name":"Park 1052759741","category":"park","source":"osm"},"geometry":{"type":"Polygon","coordinates":[[[121.52267,25.03487],[121.52207,25.03386],[121.52163,25.03407],[121.52155,25.03394],[121.52214,25.03365],[121.5229,25.03493],[121.52231,25.03521],[121.52223,25.03508],[121.52267,25.03487]]]}},{"type":"Feature","properties":{"id":"osm:way:1072497338","name":"漳和濕地","nameEn":"Zhanghe Wetlands","category":"park","source":"osm"},"geometry":{"type":"Polygon","coordinates":[[[121.48573,24.99135],[121.48615,24.98994],[121.48612,24.98944],[121.48582,24.98892],[121.48487,24.98846],[121.48352,24.98867],[121.48319,24.98941],[121.48344,24.99015],[121.48573,24.99135]]]}},{"type":"Feature","properties":{"id":"osm:way:1084391209","name":"獅子頭景觀公園","nameEn":"Shizitou Landscape Park","category":"park","source":"osm"},"geometry":{"type":"Polygon","coordinates":[[[121.45265,25.10832],[121.45251,25.1077],[121.45227,25.10777],[121.4522,25.10841],[121.45265,25.10832]]]}},{"type":"Feature","properties":{"id":"osm:way:1086127029","name":"永德公園","category":"park","source":"osm"},"geometry":{"type":"Polygon","coordinates":[[[121.48566,25.07281],[121.48614,25.07297],[121.48617,25.07256],[121.4858,25.07245],[121.48566,25.07281]]]}},{"type":"Feature","properties":{"id":"osm:way:1089081174","name":"中正區運動中心","category":"park","source":"osm"},"geometry":{"type":"Polygon","coordinates":[[[121.51929,25.03887],[121.51971,25.03881],[121.5195,25.03807],[121.51909,25.03827],[121.51929,25.03887]]]}},{"type":"Feature","properties":{"id":"osm:way:1100734332","name":"Park 1100734332","category":"park","source":"osm"},"geometry":{"type":"Polygon","coordinates":[[[121.47167,25.00337],[121.47178,25.00263],[121.47194,25.00264],[121.47194,25.00339],[121.47167,25.00337]]]}},{"type":"Feature","properties":{"id":"osm:way:1101043148","name":"河堤公園","category":"park","source":"osm"},"geometry":{"type":"Polygon","coordinates":[[[121.46669,25.03564],[121.46693,25.03518],[121.46786,25.03556],[121.46762,25.03601],[121.46669,25.03564]]]}},{"type":"Feature","properties":{"id":"osm:way:1101044426","name":"Park 1101044426","category":"park","source":"osm"},"geometry":{"type":"Polygon","coordinates":[[[121.4719,24.99498],[121.47285,24.99549],[121.47361,24.9945],[121.47247,24.994],[121.4719,24.99498]]]}},{"type":"Feature","properties":{"id":"osm:way:1118509963","name":"振華公園","category":"park","source":"osm"},"geometry":{"type":"Polygon","coordinates":[[[121.51818,25.1158],[121.51925,25.11562],[121.51905,25.11468],[121.51798,25.11484],[121.51818,25.1158]]]}},{"type":"Feature","properties":{"id":"osm:way:1125181473","name":"Park 1125181473","category":"park","source":"osm"},"geometry":{"type":"Polygon","coordinates":[[[121.48344,25.13556],[121.48363,25.1352],[121.48428,25.13547],[121.48406,25.1359],[121.48344,25.13556]]]}},{"type":"Feature","properties":{"id":"osm:way:1157358532","name":"Park 1157358532","category":"park","source":"osm"},"geometry":{"type":"Polygon","coordinates":[[[121.52298,25.10971],[121.52285,25.1099],[121.52294,25.11071],[121.52444,25.11097],[121.52363,25.11046],[121.52298,25.10971]]]}},{"type":"Feature","properties":{"id":"osm:way:1158421218","name":"福星公園","nameEn":"Fuxing Park","category":"park","source":"osm"},"geometry":{"type":"Polygon","coordinates":[[[121.51193,25.10739],[121.51178,25.1099],[121.5137,25.1082],[121.51305,25.10749],[121.51193,25.10739]]]}},{"type":"Feature","properties":{"id":"osm:way:1163836243","name":"基河國宅中庭休憩園地","category":"park","source":"osm"},"geometry":{"type":"Polygon","coordinates":[[[121.59877,25.05751],[121.5991,25.05751],[121.5992,25.05733],[121.59953,25.05748],[121.59984,25.05714],[121.59999,25.05718],[121.5998,25.05754],[121.60032,25.05763],[121.59989,25.05794],[121.59951,25.05789],[121.59939,25.05815],[121.59877,25.05751]]]}},{"type":"Feature","properties":{"id":"osm:way:1168979636","name":"瑞陽公園","category":"park","source":"osm"},"geometry":{"type":"Polygon","coordinates":[[[121.57961,25.07781],[121.57922,25.0777],[121.57924,25.07722],[121.57973,25.07749],[121.57961,25.07781]]]}},{"type":"Feature","properties":{"id":"osm:way:1178553794","name":"游美公園","category":"park","source":"osm"},"geometry":{"type":"Polygon","coordinates":[[[121.59661,25.06449],[121.59765,25.06439],[121.59766,25.06466],[121.59661,25.06449]]]}},{"type":"Feature","properties":{"id":"osm:way:1183817827","name":"康誥坑公園","category":"park","source":"osm"},"geometry":{"type":"Polygon","coordinates":[[[121.65547,25.05711],[121.65627,25.05693],[121.65608,25.0572],[121.65539,25.05725],[121.65547,25.05711]]]}},{"type":"Feature","properties":{"id":"osm:way:1198202533","name":"Park 1198202533","category":"park","source":"osm"},"geometry":{"type":"Polygon","coordinates":[[[121.52762,24.99555],[121.52778,24.99611],[121.52824,24.99618],[121.5281,24.99547],[121.52762,24.99555]]]}},{"type":"Feature","properties":{"id":"osm:way:1198202534","name":"民本公園","category":"park","source":"osm"},"geometry":{"type":"Polygon","coordinates":[[[121.5269,24.99053],[121.52697,24.9902],[121.52741,24.99208],[121.52665,24.9921],[121.52653,24.99228],[121.52665,24.992],[121.52684,24.9921],[121.52696,24.99193],[121.52676,24.99181],[121.52709,24.99089],[121.5269,24.99053]]]}},{"type":"Feature","properties":{"id":"osm:way:1198233841","name":"Park 1198233841","category":"park","source":"osm"},"geometry":{"type":"Polygon","coordinates":[[[121.49986,25.00582],[121.50054,25.00489],[121.50035,25.00483],[121.49964,25.00577],[121.49986,25.00582]]]}},{"type":"Feature","properties":{"id":"osm:way:1198309631","name":"Park 1198309631","category":"park","source":"osm"},"geometry":{"type":"Polygon","coordinates":[[[121.52412,25.00352],[121.52417,25.00296],[121.52513,25.00304],[121.52511,25.00337],[121.52491,25.00348],[121.52412,25.00352]]]}},{"type":"Feature","properties":{"id":"osm:way:1210362879","name":"醫澤園","category":"park","source":"osm"},"geometry":{"type":"Polygon","coordinates":[[[121.59679,25.07157],[121.59653,25.07158],[121.59642,25.07083],[121.59697,25.07082],[121.59699,25.07151],[121.59679,25.07157]]]}},{"type":"Feature","properties":{"id":"osm:way:1227733215","name":"大安森林公園","nameEn":"Da-an Forest Park","category":"park","source":"osm"},"geometry":{"type":"Polygon","coordinates":[[[121.53305,25.03326],[121.5357,25.03333],[121.53574,25.03305],[121.53589,25.03305],[121.5359,25.03332],[121.53739,25.03318],[121.53738,25.0319],[121.53711,25.03191],[121.53711,25.03177],[121.53738,25.03177],[121.53729,25.02606],[121.53715,25.02595],[121.53534,25.0262],[121.53518,25.02636],[121.53514,25.02729],[121.5347,25.02886],[121.53305,25.03326]]]}},{"type":"Feature","properties":{"id":"osm:way:1230490452","name":"水利署防洪模型學習教育區","category":"park","source":"osm"},"geometry":{"type":"Polygon","coordinates":[[[121.51906,24.98421],[121.51908,24.98358],[121.51847,24.98354],[121.51839,24.9841],[121.51797,24.98404],[121.51791,24.98437],[121.51849,24.98443],[121.51868,24.98414],[121.51906,24.98421]]]}},{"type":"Feature","properties":{"id":"osm:way:1232312999","name":"Park 1232312999","category":"park","source":"osm"},"geometry":{"type":"Polygon","coordinates":[[[121.54424,25.15184],[121.5427,25.15171],[121.54355,25.15162],[121.54424,25.15184]]]}},{"type":"Feature","properties":{"id":"osm:way:1245720625","name":"Park 1245720625","category":"park","source":"osm"},"geometry":{"type":"Polygon","coordinates":[[[121.58644,25.13474],[121.58747,25.13432],[121.58697,25.1336],[121.58679,25.13446],[121.58644,25.13474]]]}},{"type":"Feature","properties":{"id":"osm:way:1246058836","name":"中和恐龍園區","category":"park","source":"osm"},"geometry":{"type":"Polygon","coordinates":[[[121.49805,25.00852],[121.49825,25.0086],[121.4979,25.0092],[121.49613,25.00856],[121.49354,25.0086],[121.49305,25.00878],[121.49267,25.00821],[121.49401,25.00792],[121.49554,25.00788],[121.49805,25.00852]]]}},{"type":"Feature","properties":{"id":"osm:way:1248749181","name":"北投地熱谷公園","nameEn":"Beitou Thermal Valley","category":"park","source":"osm"},"geometry":{"type":"Polygon","coordinates":[[[121.51099,25.13761],[121.51208,25.13775],[121.5125,25.13835],[121.51203,25.13853],[121.51165,25.13813],[121.51137,25.13814],[121.51099,25.13761]]]}},{"type":"Feature","properties":{"id":"osm:way:1258952986","name":"敦化北路苗圃","category":"park","source":"osm"},"geometry":{"type":"Polygon","coordinates":[[[121.55079,25.06215],[121.5506,25.06187],[121.55028,25.06236],[121.54772,25.06425],[121.54804,25.06446],[121.5501,25.06299],[121.55079,25.06215]]]}},{"type":"Feature","properties":{"id":"osm:way:1277797777","name":"水利署歷史倉庫文物典藏區","category":"park","source":"osm"},"geometry":{"type":"Polygon","coordinates":[[[121.51899,24.9846],[121.51919,24.98467],[121.51926,24.98359],[121.51908,24.98358],[121.51899,24.9846]]]}},{"type":"Feature","properties":{"id":"osm:way:1287639237","name":"親子夢遊天地公園","category":"park","source":"osm"},"geometry":{"type":"Polygon","coordinates":[[[121.53543,24.96628],[121.53572,24.96637],[121.53672,24.96607],[121.53651,24.96447],[121.53612,24.96451],[121.53634,24.96458],[121.53572,24.96606],[121.53554,24.966],[121.53543,24.96628]]]}},{"type":"Feature","properties":{"id":"osm:way:1287930706","name":"Park 1287930706","category":"park","source":"osm"},"geometry":{"type":"Polygon","coordinates":[[[121.45666,24.9912],[121.45674,24.9907],[121.45737,24.99078],[121.45711,24.99109],[121.4573,24.99126],[121.45707,24.99139],[121.45666,24.9912]]]}},{"type":"Feature","properties":{"id":"osm:way:1294716953","name":"Park 1294716953","category":"park","source":"osm"},"geometry":{"type":"Polygon","coordinates":[[[121.55221,25.01388],[121.55246,25.01433],[121.55291,25.01391],[121.55257,25.0136],[121.55221,25.01388]]]}},{"type":"Feature","properties":{"id":"osm:way:1299304433","name":"Park 1299304433","category":"park","source":"osm"},"geometry":{"type":"Polygon","coordinates":[[[121.54357,25.13382],[121.5432,25.13364],[121.54324,25.13348],[121.54373,25.13344],[121.54382,25.13371],[121.54357,25.13382]]]}},{"type":"Feature","properties":{"id":"osm:way:1299416496","name":"Park 1299416496","category":"park","source":"osm"},"geometry":{"type":"Polygon","coordinates":[[[121.55317,25.12182],[121.55296,25.12149],[121.55321,25.12119],[121.55387,25.12164],[121.55317,25.12182]]]}},{"type":"Feature","properties":{"id":"osm:way:1301427096","name":"板橋放送所","category":"park","source":"osm"},"geometry":{"type":"Polygon","coordinates":[[[121.46468,25.00764],[121.4644,25.00726],[121.46476,25.00713],[121.46481,25.00658],[121.46544,25.00645],[121.46546,25.0063],[121.4664,25.00642],[121.46636,25.0067],[121.46656,25.00695],[121.46468,25.00764]]]}},{"type":"Feature","properties":{"id":"osm:way:1302217244","name":"合謙上謙城中庭","category":"park","source":"osm"},"geometry":{"type":"Polygon","coordinates":[[[121.45795,24.98078],[121.45845,24.98057],[121.45848,24.98026],[121.45787,24.98034],[121.45795,24.98078]]]}},{"type":"Feature","properties":{"id":"osm:way:1303042472","name":"至善園","nameEn":"The Garden of Perfected Benevolence","category":"park","source":"osm"},"geometry":{"type":"Polygon","coordinates":[[[121.54909,25.10176],[121.54976,25.10045],[121.55001,25.10042],[121.55042,25.10103],[121.55002,25.10203],[121.55009,25.10247],[121.54974,25.10253],[121.54966,25.10203],[121.54909,25.10176]]]}},{"type":"Feature","properties":{"id":"osm:way:1304285318","name":"Park 1304285318","category":"park","source":"osm"},"geometry":{"type":"Polygon","coordinates":[[[121.56035,25.04316],[121.5613,25.04311],[121.56066,25.04283],[121.56035,25.04316]]]}},{"type":"Feature","properties":{"id":"osm:way:1307187854","name":"瑠公紀念生態園區","nameEn":"Liugong Memorial Ecological Park","category":"park","source":"osm"},"geometry":{"type":"Polygon","coordinates":[[[121.51791,24.96],[121.51825,24.96091],[121.51883,24.96143],[121.51928,24.96144],[121.51913,24.96],[121.51791,24.96]]]}},{"type":"Feature","properties":{"id":"osm:way:1308555831","name":"Park 1308555831","category":"park","source":"osm"},"geometry":{"type":"Polygon","coordinates":[[[121.59593,25.0717],[121.59637,25.07148],[121.59615,25.07105],[121.59573,25.0708],[121.59564,25.07093],[121.59602,25.07106],[121.59593,25.0717]]]}},{"type":"Feature","properties":{"id":"osm:way:1308555832","name":"Park 1308555832","category":"park","source":"osm"},"geometry":{"type":"Polygon","coordinates":[[[121.59553,25.07244],[121.59553,25.07268],[121.59601,25.0725],[121.59636,25.07178],[121.59586,25.07176],[121.59588,25.07235],[121.59553,25.07244]]]}},{"type":"Feature","properties":{"id":"osm:way:1308555833","name":"Park 1308555833","category":"park","source":"osm"},"geometry":{"type":"Polygon","coordinates":[[[121.59499,25.07231],[121.59472,25.07231],[121.59473,25.07262],[121.59536,25.07268],[121.59536,25.07239],[121.59499,25.07231]]]}},{"type":"Feature","properties":{"id":"osm:way:1308555835","name":"Park 1308555835","category":"park","source":"osm"},"geometry":{"type":"Polygon","coordinates":[[[121.59342,25.07264],[121.59361,25.07236],[121.5939,25.07264],[121.59468,25.07262],[121.59467,25.07231],[121.59413,25.0726],[121.59366,25.07232],[121.59323,25.07263],[121.59264,25.07239],[121.59296,25.07248],[121.59271,25.07266],[121.59342,25.07264]]]}},{"type":"Feature","properties":{"id":"osm:way:1309288743","name":"Park 1309288743","category":"park","source":"osm"},"geometry":{"type":"Polygon","coordinates":[[[121.59742,25.07243],[121.59754,25.07233],[121.59762,25.07251],[121.5976,25.0718],[121.59707,25.07179],[121.59715,25.07236],[121.59742,25.07243]]]}},{"type":"Feature","properties":{"id":"osm:way:1309355340","name":"Park 1309355340","category":"park","source":"osm"},"geometry":{"type":"Polygon","coordinates":[[[121.59663,25.07319],[121.59566,25.07319],[121.59554,25.07282],[121.59659,25.07268],[121.59649,25.07313],[121.59663,25.07319]]]}},{"type":"Feature","properties":{"id":"osm:way:1309355345","name":"Park 1309355345","category":"park","source":"osm"},"geometry":{"type":"Polygon","coordinates":[[[121.59499,25.07323],[121.59466,25.0732],[121.59451,25.07339],[121.59424,25.0732],[121.59459,25.07317],[121.59458,25.07273],[121.59538,25.07288],[121.59539,25.07312],[121.59499,25.07323]]]}},{"type":"Feature","properties":{"id":"osm:way:1309438908","name":"Park 1309438908","category":"park","source":"osm"},"geometry":{"type":"Polygon","coordinates":[[[121.598,25.06998],[121.59869,25.06981],[121.59861,25.07018],[121.59888,25.07003],[121.59905,25.07018],[121.59867,25.06977],[121.59793,25.06969],[121.59775,25.06981],[121.59764,25.07055],[121.59799,25.07059],[121.59769,25.07045],[121.59783,25.06998],[121.598,25.06998]]]}},{"type":"Feature","properties":{"id":"osm:way:1327484612","name":"Park 1327484612","category":"park","source":"osm"},"geometry":{"type":"Polygon","coordinates":[[[121.54687,25.02093],[121.54656,25.021],[121.54661,25.02121],[121.54683,25.02123],[121.54673,25.02137],[121.54661,25.02123],[121.54663,25.02138],[121.547,25.02127],[121.54695,25.021],[121.54721,25.02126],[121.54682,25.02156],[121.54662,25.02213],[121.54603,25.02208],[121.54606,25.02226],[121.54656,25.02229],[121.54724,25.02131],[121.54691,25.02086],[121.5467,25.02088],[121.54687,25.02093]]]}},{"type":"Feature","properties":{"id":"osm:way:1341042550","name":"信義21號廣場","category":"park","source":"osm"},"geometry":{"type":"Polygon","coordinates":[[[121.56362,25.03472],[121.56479,25.03453],[121.5648,25.0347],[121.56534,25.03469],[121.56535,25.03493],[121.56362,25.03497],[121.56362,25.03472]]]}},{"type":"Feature","properties":{"id":"osm:way:1353144832","name":"Park 1353144832","category":"park","source":"osm"},"geometry":{"type":"Polygon","coordinates":[[[121.49095,25.14494],[121.4914,25.14483],[121.49211,25.14549],[121.49095,25.14494]]]}},{"type":"Feature","properties":{"id":"osm:way:1364944770","name":"帕米爾公園","category":"park","source":"osm"},"geometry":{"type":"Polygon","coordinates":[[[121.59282,25.12169],[121.59354,25.1216],[121.5942,25.12194],[121.59452,25.12224],[121.59462,25.12275],[121.59445,25.12324],[121.59278,25.12416],[121.5926,25.12317],[121.59282,25.12169]]]}},{"type":"Feature","properties":{"id":"osm:way:1366740973","name":"集智綠地","category":"park","source":"osm"},"geometry":{"type":"Polygon","coordinates":[[[121.48711,25.08782],[121.48662,25.08735],[121.4869,25.08711],[121.48739,25.08758],[121.48711,25.08782]]]}},{"type":"Feature","properties":{"id":"osm:way:1372611058","name":"住六(公一)公園","nameEn":"Zhuliu(Gongyi)Park","category":"park","source":"osm"},"geometry":{"type":"Polygon","coordinates":[[[121.55859,25.13667],[121.55957,25.1369],[121.55954,25.13707],[121.55914,25.13711],[121.55859,25.13667]]]}},{"type":"Feature","properties":{"id":"osm:way:1372611059","name":"住六(公二)公園","nameEn":"Zhuliu(Gong'er)Park","category":"park","source":"osm"},"geometry":{"type":"Polygon","coordinates":[[[121.55716,25.13735],[121.55777,25.13747],[121.55761,25.13799],[121.55701,25.13775],[121.55716,25.13735]]]}},{"type":"Feature","properties":{"id":"osm:way:1376552260","name":"信義379號公園","category":"park","source":"osm"},"geometry":{"type":"Polygon","coordinates":[[[121.5758,25.01824],[121.57581,25.01747],[121.57627,25.01755],[121.5762,25.01819],[121.5758,25.01824]]]}},{"type":"Feature","properties":{"id":"osm:way:1411197675","name":"新陽綠地","category":"park","source":"osm"},"geometry":{"type":"Polygon","coordinates":[[[121.59995,25.05477],[121.6003,25.05467],[121.60063,25.05491],[121.60097,25.05488],[121.6009,25.05516],[121.60036,25.05511],[121.59995,25.05477]]]}},{"type":"Feature","properties":{"id":"osm:way:1432517645","name":"五常公園","category":"park","source":"osm"},"geometry":{"type":"Polygon","coordinates":[[[121.49549,25.08102],[121.49604,25.08135],[121.49648,25.0808],[121.49589,25.08045],[121.49549,25.08102]]]}},{"type":"Feature","properties":{"id":"osm:way:1434561804","name":"山水匯集廣場","category":"park","source":"osm"},"geometry":{"type":"Polygon","coordinates":[[[121.4576,25.1112],[121.45839,25.11238],[121.45743,25.11156],[121.45735,25.11141],[121.4576,25.1112]]]}},{"type":"Feature","properties":{"id":"osm:way:1442948967","name":"文景43號公園","category":"park","source":"osm"},"geometry":{"type":"Polygon","coordinates":[[[121.55871,25.00858],[121.55808,25.0111],[121.55897,25.01092],[121.5596,25.01001],[121.55947,25.00996],[121.55899,25.01064],[121.55869,25.01053],[121.55894,25.00946],[121.55871,25.00858]]]}},{"type":"Feature","properties":{"id":"osm:way:1453577336","name":"清水公園","category":"park","source":"osm"},"geometry":{"type":"Polygon","coordinates":[[[121.46268,24.98403],[121.46363,24.98399],[121.46338,24.98415],[121.46375,24.98413],[121.46359,24.98457],[121.46384,24.98493],[121.46365,24.98511],[121.46268,24.98403]]]}},{"type":"Feature","properties":{"id":"osm:way:1460554824","name":"Park 1460554824","category":"park","source":"osm"},"geometry":{"type":"Polygon","coordinates":[[[121.55952,25.01862],[121.55985,25.01814],[121.56012,25.01824],[121.55989,25.01884],[121.55971,25.0189],[121.55976,25.01876],[121.55952,25.01862]]]}},{"type":"Feature","properties":{"id":"osm:way:1462829503","name":"Park 1462829503","category":"park","source":"osm"},"geometry":{"type":"Polygon","coordinates":[[[121.5158,25.07214],[121.51536,25.07214],[121.51538,25.07292],[121.51557,25.07258],[121.51576,25.07273],[121.51561,25.07291],[121.5158,25.07293],[121.5158,25.07214]]]}},{"type":"Feature","properties":{"id":"osm:way:1467747007","name":"小碧潭公園","category":"park","source":"osm"},"geometry":{"type":"Polygon","coordinates":[[[121.52848,24.97061],[121.52896,24.97035],[121.52924,24.97078],[121.52891,24.97107],[121.52949,24.97154],[121.52796,24.97262],[121.52496,24.97554],[121.5243,24.97498],[121.52507,24.97382],[121.52636,24.97235],[121.52848,24.97061]]]}},{"type":"Feature","properties":{"id":"osm:way:1469141293","name":"軍功綠地","nameEn":"Jungong Greens","category":"park","source":"osm"},"geometry":{"type":"Polygon","coordinates":[[[121.57202,25.00187],[121.57311,25.00072],[121.57238,25.00209],[121.57202,25.00187]]]}},{"type":"Feature","properties":{"id":"osm:way:1473592571","name":"Park 1473592571","category":"park","source":"osm"},"geometry":{"type":"Polygon","coordinates":[[[121.51282,25.03491],[121.51299,25.03454],[121.51465,25.03435],[121.51449,25.03471],[121.51282,25.03491]]]}},{"type":"Feature","properties":{"id":"osm:way:1480458914","name":"神農百草公園","category":"park","source":"osm"},"geometry":{"type":"Polygon","coordinates":[[[121.47475,25.05079],[121.47536,25.05084],[121.4754,25.05062],[121.47564,25.05062],[121.47568,25.04993],[121.47482,25.04993],[121.47475,25.05079]]]}},{"type":"Feature","properties":{"id":"osm:way:1487121270","name":"Park 1487121270","category":"park","source":"osm"},"geometry":{"type":"Polygon","coordinates":[[[121.48137,25.01611],[121.4818,25.01616],[121.48191,25.01573],[121.48135,25.0157],[121.48137,25.01611]]]}},{"type":"Feature","properties":{"id":"osm:way:1549092880","name":"民生社區圓環綠地","category":"park","source":"osm"},"geometry":{"type":"Polygon","coordinates":[[[121.56341,25.0592],[121.56374,25.05888],[121.56335,25.05859],[121.5631,25.05873],[121.56308,25.05901],[121.56341,25.0592]]]}},{"type":"Feature","properties":{"id":"osm:relation:1506269","name":"中正紀念公園","nameEn":"Zhongzheng Memorial Park","category":"park","source":"osm"},"geometry":{"type":"Polygon","coordinates":[[[121.51691,25.0352],[121.52233,25.03259],[121.524,25.03537],[121.51791,25.03826],[121.51767,25.03817],[121.5175,25.03756],[121.51776,25.03714],[121.51719,25.03633],[121.51691,25.0352]]]}},{"type":"Feature","properties":{"id":"osm:relation:2991972","name":"奇岩四號綠地","nameEn":"Qiyan No.4 Green Space","category":"park","source":"osm"},"geometry":{"type":"Polygon","coordinates":[[[121.5061,25.12549],[121.50575,25.12525],[121.50519,25.12629],[121.50651,25.12701],[121.50644,25.12718],[121.50753,25.12751],[121.50556,25.12633],[121.5061,25.12549]]]}},{"type":"Feature","properties":{"id":"osm:relation:3297394","name":"洲子一號環保公園","category":"park","source":"osm"},"geometry":{"type":"Polygon","coordinates":[[[121.56442,25.07909],[121.56478,25.08035],[121.56385,25.08079],[121.56375,25.08071],[121.56444,25.07988],[121.56381,25.07958],[121.56442,25.07909]]]}},{"type":"Feature","properties":{"id":"osm:relation:3387901","name":"汐止公園","nameEn":"Xizhi Park","category":"park","source":"osm"},"geometry":{"type":"Polygon","coordinates":[[[121.65888,25.0684],[121.65927,25.06848],[121.65939,25.0681],[121.65973,25.06811],[121.65987,25.0678],[121.65973,25.06771],[121.65931,25.06799],[121.65945,25.06756],[121.65927,25.06748],[121.65922,25.06804],[121.65888,25.0684]]]}},{"type":"Feature","properties":{"id":"osm:relation:3477237","name":"志成公園","category":"park","source":"osm"},"geometry":{"type":"MultiPolygon","coordinates":[[[[121.52942,25.09667],[121.53011,25.09679],[121.53021,25.09634],[121.52952,25.09621],[121.52942,25.09667]]],[[[121.5302,25.09681],[121.53206,25.09715],[121.53199,25.09666],[121.5303,25.09635],[121.5302,25.09681]]]]}},{"type":"Feature","properties":{"id":"osm:relation:3920682","name":"Park 3920682","category":"park","source":"osm"},"geometry":{"type":"Polygon","coordinates":[[[121.59265,25.06598],[121.59267,25.0663],[121.59426,25.0657],[121.59419,25.0655],[121.59265,25.06598]]]}},{"type":"Feature","properties":{"id":"osm:relation:3920683","name":"湖興公園","category":"park","source":"osm"},"geometry":{"type":"Polygon","coordinates":[[[121.58839,25.06615],[121.59004,25.06701],[121.59048,25.06685],[121.5905,25.06711],[121.59,25.06727],[121.58803,25.06628],[121.58839,25.06615]]]}},{"type":"Feature","properties":{"id":"osm:relation:4505578","name":"傅園","nameEn":"Fu's Garden","category":"park","source":"osm"},"geometry":{"type":"Polygon","coordinates":[[[121.53396,25.01675],[121.53413,25.01675],[121.53414,25.01645],[121.53409,25.01564],[121.53392,25.01545],[121.53326,25.01609],[121.53396,25.01675]]]}},{"type":"Feature","properties":{"id":"osm:relation:4520362","name":"安邦公園","nameEn":"Anbang Park","category":"park","source":"osm"},"geometry":{"type":"MultiPolygon","coordinates":[[[[121.49623,24.99761],[121.49669,24.99679],[121.49619,24.99659],[121.49574,24.99736],[121.49623,24.99761]]],[[[121.49582,24.99639],[121.49673,24.99672],[121.49706,24.99621],[121.4965,24.99559],[121.49582,24.99639]]]]}},{"type":"Feature","properties":{"id":"osm:relation:4547788","name":"萬年公園","category":"park","source":"osm"},"geometry":{"type":"MultiPolygon","coordinates":[[[[121.53668,25.00655],[121.53649,25.0066],[121.53581,25.00483],[121.5363,25.0048],[121.53668,25.00655]]],[[[121.53657,25.00668],[121.53748,25.00755],[121.53675,25.00663],[121.53657,25.00668]]]]}},{"type":"Feature","properties":{"id":"osm:relation:4599224","name":"城中公園","category":"park","source":"osm"},"geometry":{"type":"Polygon","coordinates":[[[121.66031,25.07373],[121.6602,25.07381],[121.65994,25.07238],[121.66096,25.07342],[121.66031,25.07373]]]}},{"type":"Feature","properties":{"id":"osm:relation:4601743","name":"台北植物園","nameEn":"Taipei Botanical Garden","category":"park","source":"osm"},"geometry":{"type":"Polygon","coordinates":[[[121.50957,25.03325],[121.51004,25.03314],[121.51011,25.03366],[121.51061,25.03349],[121.51081,25.0336],[121.51085,25.03269],[121.51125,25.03278],[121.51139,25.03231],[121.51176,25.03196],[121.5115,25.03188],[121.51153,25.0317],[121.51078,25.03147],[121.51048,25.03159],[121.50958,25.03135],[121.50937,25.03107],[121.50946,25.03077],[121.50925,25.03072],[121.50801,25.03137],[121.50743,25.03211],[121.50797,25.03225],[121.50807,25.0335],[121.50812,25.03336],[121.50957,25.03325]]]}},{"type":"Feature","properties":{"id":"osm:relation:4603840","name":"自強公園","nameEn":"ZiQiang Park","category":"park","source":"osm"},"geometry":{"type":"MultiPolygon","coordinates":[[[[121.54811,25.0862],[121.54903,25.08672],[121.54944,25.08577],[121.54938,25.08506],[121.54924,25.0854],[121.54811,25.0862]]],[[[121.54957,25.08536],[121.54999,25.08519],[121.54952,25.08465],[121.54957,25.08536]]],[[[121.54957,25.08586],[121.55005,25.08622],[121.55036,25.08613],[121.55056,25.08574],[121.55032,25.08537],[121.54999,25.08531],[121.5497,25.08544],[121.54957,25.08586]]],[[[121.55058,25.08609],[121.55199,25.08595],[121.55064,25.08554],[121.55058,25.08609]]],[[[121.54903,25.08698],[121.54945,25.08697],[121.54969,25.08647],[121.54923,25.08636],[121.54903,25.08698]]]]}},{"type":"Feature","properties":{"id":"osm:relation:4615354","name":"大豐公園","nameEn":"Da-Feng Park","category":"park","source":"osm"},"geometry":{"type":"Polygon","coordinates":[[[121.53781,24.97709],[121.53744,24.97676],[121.53706,24.97704],[121.53656,24.97809],[121.53591,24.97847],[121.53579,24.97826],[121.53552,24.9784],[121.53585,24.97873],[121.53654,24.97845],[121.53781,24.97709]]]}},{"type":"Feature","properties":{"id":"osm:relation:4623524","name":"蘭雅公園","nameEn":"Lanya Park","category":"park","source":"osm"},"geometry":{"type":"Polygon","coordinates":[[[121.52955,25.1101],[121.52943,25.10947],[121.53023,25.10936],[121.53032,25.11001],[121.52955,25.1101]]]}},{"type":"Feature","properties":{"id":"osm:relation:4623527","name":"雙溪公園","nameEn":"Shuangxi Park","category":"park","source":"osm"},"geometry":{"type":"Polygon","coordinates":[[[121.53492,25.09796],[121.53485,25.09808],[121.5362,25.09889],[121.53651,25.09889],[121.53727,25.09828],[121.53492,25.09796]]]}},{"type":"Feature","properties":{"id":"osm:relation:4638980","name":"二二八和平公園","nameEn":"228 Peace Park","category":"park","source":"osm"},"geometry":{"type":"Polygon","coordinates":[[[121.51539,25.03983],[121.51397,25.04011],[121.51399,25.04033],[121.51439,25.04031],[121.5145,25.04098],[121.514,25.04093],[121.51415,25.04328],[121.51648,25.04314],[121.51539,25.03983]]]}},{"type":"Feature","properties":{"id":"osm:relation:4648683","name":"樂活共生實驗基地 x 好窩聚空間實驗計畫","category":"park","source":"osm"},"geometry":{"type":"Polygon","coordinates":[[[121.50983,25.00413],[121.51023,25.00423],[121.51041,25.00364],[121.51021,25.00359],[121.51027,25.00334],[121.50975,25.00338],[121.50983,25.00413]]]}},{"type":"Feature","properties":{"id":"osm:relation:4727715","name":"中山公園","nameEn":"Zhongshan Park","category":"park","source":"osm"},"geometry":{"type":"Polygon","coordinates":[[[121.55781,25.03953],[121.55777,25.03789],[121.56137,25.03781],[121.56145,25.04103],[121.55905,25.04109],[121.55902,25.03962],[121.55781,25.03953]]]}},{"type":"Feature","properties":{"id":"osm:relation:4730757","name":"明水公園","nameEn":"MingShui Park","category":"park","source":"osm"},"geometry":{"type":"Polygon","coordinates":[[[121.54884,25.07875],[121.54781,25.07876],[121.54804,25.07961],[121.54885,25.07957],[121.54884,25.07875]]]}},{"type":"Feature","properties":{"id":"osm:relation:4730990","name":"Park 4730990","category":"park","source":"osm"},"geometry":{"type":"Polygon","coordinates":[[[121.5602,25.07697],[121.55643,25.07751],[121.55641,25.07725],[121.56307,25.07618],[121.56306,25.07654],[121.5623,25.07651],[121.5602,25.07697]]]}},{"type":"Feature","properties":{"id":"osm:relation:4820139","name":"黎和生態公園","nameEn":"Leho Ecology Park","category":"park","source":"osm"},"geometry":{"type":"Polygon","coordinates":[[[121.56025,25.01572],[121.55924,25.01594],[121.55859,25.01566],[121.55887,25.01504],[121.55988,25.01473],[121.56027,25.01485],[121.56025,25.01572]]]}},{"type":"Feature","properties":{"id":"osm:relation:4820140","name":"富陽生態公園","nameEn":"Fuyang Eco Park","category":"park","source":"osm"},"geometry":{"type":"Polygon","coordinates":[[[121.558,25.01678],[121.558,25.01697],[121.55714,25.01699],[121.55717,25.01657],[121.55686,25.01654],[121.55655,25.01655],[121.55648,25.01683],[121.55613,25.01632],[121.55616,25.01544],[121.55682,25.01451],[121.55813,25.01449],[121.55838,25.01562],[121.558,25.01678]]]}},{"type":"Feature","properties":{"id":"osm:relation:4820141","name":"福州山公園","nameEn":"Fujhoushan Park","category":"park","source":"osm"},"geometry":{"type":"Polygon","coordinates":[[[121.55182,25.01529],[121.55299,25.01454],[121.55428,25.01426],[121.55607,25.01419],[121.55682,25.01451],[121.55616,25.01544],[121.55613,25.01632],[121.55648,25.01683],[121.55616,25.01781],[121.5558,25.01783],[121.55578,25.01802],[121.55393,25.0182],[121.55136,25.01764],[121.5511,25.01695],[121.55127,25.01685],[121.55136,25.01603],[121.55164,25.01589],[121.55182,25.01529]]]}},{"type":"Feature","properties":{"id":"osm:relation:4820142","name":"青峰公園","nameEn":"Qingfeng Park","category":"park","source":"osm"},"geometry":{"type":"Polygon","coordinates":[[[121.55136,25.01603],[121.55108,25.01579],[121.55182,25.01529],[121.55164,25.01589],[121.55136,25.01603]]]}},{"type":"Feature","properties":{"id":"osm:relation:5012215","name":"信義安康公園","nameEn":"Xinyi Ankang Park","category":"park","source":"osm"},"geometry":{"type":"Polygon","coordinates":[[[121.57036,25.03638],[121.57035,25.03651],[121.56977,25.03652],[121.56974,25.03485],[121.5703,25.03484],[121.57036,25.03638]]]}},{"type":"Feature","properties":{"id":"osm:relation:5117858","name":"Park 5117858","category":"park","source":"osm"},"geometry":{"type":"Polygon","coordinates":[[[121.59112,25.04617],[121.58991,25.04644],[121.59014,25.04551],[121.59121,25.0452],[121.59084,25.0457],[121.59112,25.04617]]]}},{"type":"Feature","properties":{"id":"osm:relation:5117861","name":"南港公園","nameEn":"Nangang Park","category":"park","source":"osm"},"geometry":{"type":"Polygon","coordinates":[[[121.59065,25.04093],[121.59085,25.04138],[121.59141,25.0414],[121.59211,25.0402],[121.59251,25.04009],[121.59328,25.04105],[121.59269,25.04356],[121.59291,25.04424],[121.59253,25.04495],[121.59267,25.04568],[121.59112,25.04617],[121.59084,25.0457],[121.59151,25.04437],[121.59137,25.04421],[121.59099,25.04442],[121.59051,25.04382],[121.59077,25.04367],[121.5904,25.04313],[121.59065,25.04093]]]}},{"type":"Feature","properties":{"id":"osm:relation:5117867","name":"後山埤公園","nameEn":"Houshanpe Park","category":"park","source":"osm"},"geometry":{"type":"Polygon","coordinates":[[[121.59121,25.0452],[121.59151,25.04437],[121.59137,25.04421],[121.59099,25.04442],[121.59062,25.04407],[121.59051,25.04382],[121.59077,25.04367],[121.5904,25.04313],[121.59064,25.04174],[121.59056,25.04049],[121.58968,25.04008],[121.58915,25.04079],[121.5893,25.04106],[121.58968,25.04065],[121.58994,25.04082],[121.5894,25.04173],[121.58959,25.04204],[121.589,25.0419],[121.58867,25.04255],[121.58895,25.04263],[121.58938,25.04352],[121.58858,25.04386],[121.58758,25.04248],[121.58722,25.04321],[121.58748,25.04409],[121.58767,25.04387],[121.58811,25.04391],[121.58987,25.04449],[121.59014,25.04551],[121.59121,25.0452]]]}},{"type":"Feature","properties":{"id":"osm:relation:5256957","name":"親情河濱公園","category":"park","source":"osm"},"geometry":{"type":"Polygon","coordinates":[[[121.53517,24.96385],[121.53435,24.96572],[121.53311,24.9673],[121.53348,24.96757],[121.53394,24.9674],[121.53516,24.96635],[121.53533,24.9664],[121.53606,24.96442],[121.53676,24.96419],[121.53683,24.96152],[121.53654,24.96174],[121.53637,24.96229],[121.53545,24.96288],[121.53517,24.96385]]]}},{"type":"Feature","properties":{"id":"osm:relation:5286459","name":"華山公園","nameEn":"Huashan Park","category":"park","source":"osm"},"geometry":{"type":"MultiPolygon","coordinates":[[[[121.52616,25.0478],[121.52611,25.04764],[121.52739,25.04726],[121.52745,25.04747],[121.52616,25.0478]]],[[[121.52527,25.04802],[121.52522,25.04785],[121.52603,25.04766],[121.52608,25.04781],[121.52527,25.04802]]],[[[121.52447,25.04825],[121.5244,25.04801],[121.52509,25.04787],[121.52517,25.04806],[121.52447,25.04825]]],[[[121.52356,25.04819],[121.52256,25.0484],[121.52249,25.04812],[121.52352,25.04806],[121.52356,25.04819]]],[[[121.52411,25.04803],[121.52416,25.04819],[121.52366,25.04834],[121.52358,25.04806],[121.52411,25.04803]]],[[[121.52166,25.04845],[121.5216,25.04817],[121.52235,25.04812],[121.52241,25.04831],[121.52166,25.04845]]]]}},{"type":"Feature","properties":{"id":"osm:relation:5307876","name":"瑠公公園","category":"park","source":"osm"},"geometry":{"type":"Polygon","coordinates":[[[121.542,24.96963],[121.54238,24.97066],[121.5423,24.97093],[121.54147,24.9701],[121.53935,24.96885],[121.53955,24.96863],[121.54129,24.96972],[121.542,24.96963]]]}},{"type":"Feature","properties":{"id":"osm:relation:5345140","name":"民族公園","nameEn":"Minzhu Park","category":"park","source":"osm"},"geometry":{"type":"Polygon","coordinates":[[[121.52723,25.07092],[121.52766,25.07115],[121.52765,25.06851],[121.52734,25.06851],[121.52742,25.07048],[121.52723,25.07092]]]}},{"type":"Feature","properties":{"id":"osm:relation:5359264","name":"大安125號綠地","nameEn":"Da'an No. 125 Green Field","category":"park","source":"osm"},"geometry":{"type":"Polygon","coordinates":[[[121.53394,25.04457],[121.53312,25.04422],[121.53411,25.04436],[121.53394,25.04457]]]}},{"type":"Feature","properties":{"id":"osm:relation:5376058","name":"金杭公園","category":"park","source":"osm"},"geometry":{"type":"Polygon","coordinates":[[[121.52686,25.03278],[121.52693,25.03298],[121.52439,25.0334],[121.52434,25.03318],[121.52686,25.03278]]]}},{"type":"Feature","properties":{"id":"osm:relation:5404612","name":"Park 5404612","category":"park","source":"osm"},"geometry":{"type":"Polygon","coordinates":[[[121.5216,25.11676],[121.52081,25.11683],[121.52151,25.11731],[121.52135,25.11712],[121.52181,25.11734],[121.52189,25.11713],[121.52202,25.11719],[121.52208,25.11747],[121.52202,25.11672],[121.5216,25.11676]]]}},{"type":"Feature","properties":{"id":"osm:relation:5435014","name":"馬公友誼公園","category":"park","source":"osm"},"geometry":{"type":"Polygon","coordinates":[[[121.5432,24.96822],[121.54309,24.96767],[121.54329,24.96773],[121.54338,24.96749],[121.54322,24.96735],[121.54178,24.96803],[121.54223,24.96839],[121.54228,24.96858],[121.54198,24.96865],[121.54205,24.96889],[121.5433,24.96844],[121.5432,24.96822]]]}},{"type":"Feature","properties":{"id":"osm:relation:5485431","name":"伊通公園","nameEn":"Yitong Park","category":"park","source":"osm"},"geometry":{"type":"Polygon","coordinates":[[[121.53453,25.05055],[121.53452,25.04979],[121.53497,25.04978],[121.53498,25.05055],[121.53453,25.05055]]]}},{"type":"Feature","properties":{"id":"osm:relation:5551454","name":"臺北市客家文化主題公園","nameEn":"Taipei City Hakka Cultural Park","category":"park","source":"osm"},"geometry":{"type":"Polygon","coordinates":[[[121.5243,25.01918],[121.52387,25.01972],[121.52293,25.02022],[121.52534,25.02075],[121.52612,25.01954],[121.52466,25.01874],[121.5243,25.01918]]]}},{"type":"Feature","properties":{"id":"osm:relation:5606935","name":"永春陂溼地公園","nameEn":"Yongchunpi Wetland Park","category":"park","source":"osm"},"geometry":{"type":"Polygon","coordinates":[[[121.57923,25.03114],[121.57953,25.03101],[121.57984,25.03127],[121.58056,25.03137],[121.58015,25.03197],[121.58101,25.03297],[121.58112,25.03422],[121.58018,25.03416],[121.58025,25.03386],[121.57908,25.0327],[121.5794,25.03205],[121.57923,25.03114]]]}},{"type":"Feature","properties":{"id":"osm:relation:5646792","name":"Park 5646792","category":"park","source":"osm"},"geometry":{"type":"MultiPolygon","coordinates":[[[[121.50497,25.0319],[121.50496,25.03164],[121.50545,25.03164],[121.50497,25.0319]]],[[[121.50575,25.03187],[121.50575,25.03164],[121.50592,25.03164],[121.50594,25.03186],[121.50575,25.03187]]],[[[121.50498,25.03152],[121.50498,25.03133],[121.50592,25.03133],[121.50592,25.03152],[121.50498,25.03152]]]]}},{"type":"Feature","properties":{"id":"osm:relation:5709048","name":"中興公園","nameEn":"Zhongxing Park","category":"park","source":"osm"},"geometry":{"type":"Polygon","coordinates":[[[121.54521,24.98114],[121.54554,24.98135],[121.54589,24.98119],[121.54597,24.98146],[121.54624,24.98131],[121.54591,24.9809],[121.54553,24.98116],[121.54475,24.98092],[121.54521,24.98114]]]}},{"type":"Feature","properties":{"id":"osm:relation:6171020","name":"士林官邸公園","nameEn":"Shilin Presidential Residence Park","category":"park","source":"osm"},"geometry":{"type":"Polygon","coordinates":[[[121.53134,25.09535],[121.53107,25.0956],[121.52927,25.09448],[121.52953,25.09305],[121.52916,25.09244],[121.52798,25.09219],[121.52779,25.09141],[121.52831,25.0913],[121.52836,25.0915],[121.52865,25.09144],[121.52868,25.09115],[121.529,25.09087],[121.52877,25.09001],[121.52906,25.09002],[121.52964,25.09061],[121.53131,25.09094],[121.53121,25.09124],[121.53178,25.09139],[121.53164,25.0921],[121.53202,25.09263],[121.53289,25.09282],[121.53317,25.09349],[121.53297,25.09386],[121.53213,25.09416],[121.53212,25.09434],[121.53158,25.09462],[121.53134,25.09535]]]}},{"type":"Feature","properties":{"id":"osm:relation:6247864","name":"瑠公公園","category":"park","source":"osm"},"geometry":{"type":"MultiPolygon","coordinates":[[[[121.54397,25.04267],[121.54397,25.04254],[121.54444,25.04254],[121.54444,25.04266],[121.54397,25.04267]]],[[[121.54453,25.04265],[121.54523,25.04245],[121.54524,25.04257],[121.54453,25.04265]]],[[[121.54533,25.04263],[121.54609,25.04262],[121.54608,25.04203],[121.54532,25.04245],[121.54533,25.04263]]]]}},{"type":"Feature","properties":{"id":"osm:relation:6407859","name":"原野運動公園","category":"park","source":"osm"},"geometry":{"type":"Polygon","coordinates":[[[121.5719,24.99771],[121.57147,24.99651],[121.57085,24.99661],[121.57118,24.99766],[121.5715,24.99782],[121.5719,24.99771]]]}},{"type":"Feature","properties":{"id":"osm:relation:6410362","name":"瑠公圳公園","category":"park","source":"osm"},"geometry":{"type":"Polygon","coordinates":[[[121.53835,25.04398],[121.53696,25.04398],[121.53696,25.04377],[121.54177,25.04399],[121.54284,25.04374],[121.54361,25.04313],[121.54362,25.0434],[121.54296,25.04387],[121.54158,25.04414],[121.53835,25.04398]]]}},{"type":"Feature","properties":{"id":"osm:relation:6425357","name":"信義350號綠地","category":"park","source":"osm"},"geometry":{"type":"MultiPolygon","coordinates":[[[[121.56256,25.03945],[121.56323,25.03944],[121.56292,25.03926],[121.56256,25.03927],[121.56256,25.03945]]],[[[121.56251,25.03927],[121.56164,25.03928],[121.56161,25.03946],[121.56252,25.03945],[121.56251,25.03927]]]]}},{"type":"Feature","properties":{"id":"osm:relation:6522148","name":"合成18號綠地","nameEn":"Hecheng Greens No. 18","category":"park","source":"osm"},"geometry":{"type":"MultiPolygon","coordinates":[[[[121.58352,25.04691],[121.58356,25.0467],[121.58486,25.04815],[121.58352,25.04691]]],[[[121.58337,25.04677],[121.58349,25.04655],[121.58316,25.04615],[121.583,25.04626],[121.58337,25.04677]]]]}},{"type":"Feature","properties":{"id":"osm:relation:6686949","name":"百喬廣場","category":"park","source":"osm"},"geometry":{"type":"Polygon","coordinates":[[[121.46444,24.98039],[121.46278,24.98206],[121.46289,24.98217],[121.46479,24.98031],[121.46467,24.98017],[121.46444,24.98039]]]}},{"type":"Feature","properties":{"id":"osm:relation:6710337","name":"新生公園","nameEn":"Xinsheng Park","category":"park","source":"osm"},"geometry":{"type":"MultiPolygon","coordinates":[[[[121.5282,25.06849],[121.52818,25.07069],[121.53156,25.07192],[121.53277,25.07121],[121.53307,25.06995],[121.53292,25.0684],[121.5282,25.06849]]],[[[121.5299,25.07202],[121.52994,25.07286],[121.53137,25.07226],[121.53105,25.07193],[121.53007,25.0715],[121.5299,25.07202]]]]}},{"type":"Feature","properties":{"id":"osm:relation:6743621","name":"力行3號公園","category":"park","source":"osm"},"geometry":{"type":"MultiPolygon","coordinates":[[[[121.53767,25.08538],[121.53691,25.08515],[121.53689,25.08488],[121.53657,25.08491],[121.53634,25.08593],[121.5369,25.08594],[121.53678,25.0856],[121.53692,25.0853],[121.53767,25.08538]]],[[[121.53798,25.08556],[121.53779,25.08535],[121.53758,25.08587],[121.53774,25.08594],[121.53798,25.08556]]]]}},{"type":"Feature","properties":{"id":"osm:relation:6744655","name":"安光公園","category":"park","source":"osm"},"geometry":{"type":"MultiPolygon","coordinates":[[[[121.51287,24.96368],[121.51273,24.96343],[121.51339,24.96366],[121.51358,24.96399],[121.51345,24.96426],[121.51287,24.96368]]],[[[121.51407,24.96444],[121.51368,24.96431],[121.51367,24.96405],[121.51461,24.96419],[121.51469,24.96444],[121.51407,24.96444]]]]}},{"type":"Feature","properties":{"id":"osm:relation:6812039","name":"石潭公園","nameEn":"Shitan Park","category":"park","source":"osm"},"geometry":{"type":"MultiPolygon","coordinates":[[[[121.59118,25.06159],[121.59157,25.06148],[121.59191,25.06162],[121.59214,25.06232],[121.59242,25.06222],[121.59265,25.06177],[121.59151,25.06081],[121.59118,25.06159]]],[[[121.59221,25.06247],[121.59261,25.06228],[121.59281,25.06195],[121.59338,25.06284],[121.59221,25.06247]]],[[[121.59096,25.06416],[121.5909,25.06343],[121.59111,25.06304],[121.59205,25.06271],[121.59331,25.06301],[121.5932,25.06382],[121.59096,25.06416]]],[[[121.59343,25.06286],[121.5935,25.06264],[121.5949,25.06272],[121.59567,25.06295],[121.59563,25.06309],[121.59463,25.06288],[121.59457,25.06307],[121.59343,25.06286]]]]}},{"type":"Feature","properties":{"id":"osm:relation:6815731","name":"雙城公園","nameEn":"Shuangcheng Park","category":"park","source":"osm"},"geometry":{"type":"MultiPolygon","coordinates":[[[[121.5244,25.06748],[121.5244,25.06715],[121.52484,25.06715],[121.52485,25.06747],[121.5244,25.06748]]],[[[121.52383,25.06749],[121.52429,25.06748],[121.52428,25.06716],[121.52383,25.06717],[121.52383,25.06749]]]]}},{"type":"Feature","properties":{"id":"osm:relation:6829094","name":"Park 6829094","category":"park","source":"osm"},"geometry":{"type":"MultiPolygon","coordinates":[[[[121.54117,24.97335],[121.5414,24.9732],[121.54177,24.97358],[121.54153,24.97387],[121.54117,24.97335]]],[[[121.54083,24.97416],[121.54147,24.97392],[121.5411,24.97445],[121.54083,24.97416]]],[[[121.54037,24.97262],[121.54048,24.97254],[121.54079,24.97294],[121.54068,24.97301],[121.54037,24.97262]]],[[[121.54069,24.97356],[121.54055,24.97336],[121.54094,24.97313],[121.54106,24.97332],[121.54069,24.97356]]]]}},{"type":"Feature","properties":{"id":"osm:relation:6834914","name":"西安公園","category":"park","source":"osm"},"geometry":{"type":"Polygon","coordinates":[[[121.56702,25.08778],[121.56789,25.08758],[121.56789,25.08703],[121.56668,25.08777],[121.56702,25.08778]]]}},{"type":"Feature","properties":{"id":"osm:relation:6923353","name":"湯泉公園","category":"park","source":"osm"},"geometry":{"type":"MultiPolygon","coordinates":[[[[121.52421,24.97919],[121.52444,24.97894],[121.52489,24.97939],[121.52445,24.97965],[121.52449,24.97984],[121.52421,24.97919]]],[[[121.52503,24.97847],[121.52467,24.97874],[121.52487,24.97899],[121.52517,24.9788],[121.52503,24.97847]]]]}},{"type":"Feature","properties":{"id":"osm:relation:6933087","name":"婦聯公園","category":"park","source":"osm"},"geometry":{"type":"Polygon","coordinates":[[[121.55904,25.05481],[121.55907,25.05446],[121.56033,25.05455],[121.56029,25.05492],[121.55904,25.05481]]]}},{"type":"Feature","properties":{"id":"osm:relation:6944854","name":"員山公園","category":"park","source":"osm"},"geometry":{"type":"Polygon","coordinates":[[[121.47814,25.00396],[121.47801,25.0042],[121.47895,25.00495],[121.47908,25.00479],[121.47891,25.00454],[121.47921,25.00428],[121.47946,25.00445],[121.48021,25.00412],[121.47956,25.00359],[121.47918,25.00368],[121.47847,25.00341],[121.47859,25.00227],[121.47837,25.00215],[121.4774,25.00296],[121.47758,25.00333],[121.47841,25.00382],[121.47814,25.00396]]]}},{"type":"Feature","properties":{"id":"osm:relation:6958707","name":"晴光公園","nameEn":"Qingguang Park","category":"park","source":"osm"},"geometry":{"type":"MultiPolygon","coordinates":[[[[121.52433,25.06409],[121.52402,25.0641],[121.52402,25.06376],[121.52435,25.06375],[121.52433,25.06409]]],[[[121.52473,25.06408],[121.52471,25.06374],[121.52447,25.06376],[121.52447,25.06407],[121.52473,25.06408]]]]}},{"type":"Feature","properties":{"id":"osm:relation:7009035","name":"北投公園","nameEn":"Beitou Park","category":"park","source":"osm"},"geometry":{"type":"Polygon","coordinates":[[[121.50947,25.13696],[121.50893,25.13663],[121.50805,25.13664],[121.50639,25.13599],[121.50444,25.13649],[121.50444,25.13682],[121.50553,25.13694],[121.50754,25.1368],[121.50943,25.13712],[121.51056,25.13689],[121.50991,25.13667],[121.50947,25.13696]]]}},{"type":"Feature","properties":{"id":"osm:relation:7034860","name":"木柵公園","nameEn":"Muzha Park","category":"park","source":"osm"},"geometry":{"type":"Polygon","coordinates":[[[121.55807,24.98773],[121.56045,24.98762],[121.56078,24.98669],[121.55786,24.98631],[121.55793,24.98686],[121.5569,24.98736],[121.55678,24.98775],[121.55729,24.98789],[121.55797,24.98736],[121.55812,24.98742],[121.55807,24.98773]]]}},{"type":"Feature","properties":{"id":"osm:relation:7339811","name":"萬有一號公園","nameEn":"Wanyu No. 1 Park","category":"park","source":"osm"},"geometry":{"type":"Polygon","coordinates":[[[121.54292,25.00019],[121.54315,25.0005],[121.54338,25.00024],[121.54275,24.99929],[121.54245,24.99941],[121.54292,25.00019]]]}},{"type":"Feature","properties":{"id":"osm:relation:7413818","name":"嘉禾新村","nameEn":"Jia Ho New Village","category":"park","source":"osm"},"geometry":{"type":"Polygon","coordinates":[[[121.52682,25.01555],[121.52662,25.01577],[121.52707,25.01628],[121.52762,25.01589],[121.52713,25.01528],[121.52682,25.01555]]]}},{"type":"Feature","properties":{"id":"osm:relation:7441862","name":"興家公園","category":"park","source":"osm"},"geometry":{"type":"MultiPolygon","coordinates":[[[[121.56011,24.99427],[121.56037,24.99424],[121.56058,24.99485],[121.5604,24.99464],[121.56009,24.99467],[121.56011,24.99427]]],[[[121.56089,24.99459],[121.56053,24.99448],[121.56064,24.99492],[121.56098,24.99487],[121.56089,24.99459]]]]}},{"type":"Feature","properties":{"id":"osm:relation:7499754","name":"自強公園","category":"park","source":"osm"},"geometry":{"type":"Polygon","coordinates":[[[121.47146,25.00024],[121.47061,25.00021],[121.47016,24.99946],[121.47074,24.99929],[121.47146,25.00024]]]}},{"type":"Feature","properties":{"id":"osm:relation:7772224","name":"西湖公園","nameEn":"Xihu Park","category":"park","source":"osm"},"geometry":{"type":"Polygon","coordinates":[[[121.57065,25.08403],[121.57039,25.0828],[121.57013,25.08285],[121.56988,25.08376],[121.57021,25.0843],[121.57066,25.08422],[121.57065,25.08403]]]}},{"type":"Feature","properties":{"id":"osm:relation:7813975","name":"清穗公園","category":"park","source":"osm"},"geometry":{"type":"Polygon","coordinates":[[[121.46616,24.99964],[121.46756,24.99923],[121.46755,24.99945],[121.46786,24.99941],[121.46633,24.99999],[121.46616,24.99964]]]}},{"type":"Feature","properties":{"id":"osm:relation:7832374","name":"塔城公園","category":"park","source":"osm"},"geometry":{"type":"Polygon","coordinates":[[[121.51109,25.05051],[121.51061,25.05059],[121.51059,25.05107],[121.51113,25.05111],[121.51109,25.05051]]]}},{"type":"Feature","properties":{"id":"osm:relation:7843882","name":"富生公園","nameEn":"Fusheng Park","category":"park","source":"osm"},"geometry":{"type":"MultiPolygon","coordinates":[[[[121.57064,25.0415],[121.57027,25.04148],[121.57045,25.04115],[121.57065,25.04115],[121.57064,25.0415]]],[[[121.57025,25.04173],[121.57043,25.04155],[121.57025,25.04159],[121.57025,25.04173]]],[[[121.56968,25.04227],[121.56968,25.04196],[121.57012,25.04195],[121.57013,25.04226],[121.56968,25.04227]]]]}},{"type":"Feature","properties":{"id":"osm:relation:7850141","name":"北門廣場","nameEn":"North Gate Square","category":"park","source":"osm"},"geometry":{"type":"Polygon","coordinates":[[[121.51011,25.04733],[121.51046,25.048],[121.51133,25.04791],[121.51195,25.04752],[121.51137,25.04753],[121.51114,25.04731],[121.51095,25.04754],[121.51052,25.04756],[121.51011,25.04733]],[[121.51112,25.04769],[121.51116,25.04781],[121.51133,25.04777],[121.51129,25.04765],[121.51112,25.04769]]]}},{"type":"Feature","properties":{"id":"osm:relation:7943978","name":"Park 7943978","category":"park","source":"osm"},"geometry":{"type":"MultiPolygon","coordinates":[[[[121.55954,25.08474],[121.55956,25.08456],[121.56066,25.08396],[121.56121,25.08311],[121.56059,25.08431],[121.55954,25.08474]]],[[[121.55861,25.08458],[121.55939,25.08461],[121.55939,25.08478],[121.5589,25.08484],[121.55861,25.08458]]]]}},{"type":"Feature","properties":{"id":"osm:relation:7943979","name":"文德二號公園","nameEn":"Wende Park No. 2","category":"park","source":"osm"},"geometry":{"type":"MultiPolygon","coordinates":[[[[121.58361,25.07508],[121.58377,25.07508],[121.58379,25.07597],[121.58362,25.07597],[121.58361,25.07508]]],[[[121.58381,25.07625],[121.58379,25.07708],[121.58364,25.07708],[121.58362,25.07609],[121.58381,25.07625]]],[[[121.58369,25.07838],[121.58383,25.07838],[121.58381,25.07716],[121.58366,25.07716],[121.58369,25.07838]]]]}},{"type":"Feature","properties":{"id":"osm:relation:8141663","name":"洲美蜆仔港公園","nameEn":"Zhoumei Xian Zai Gang Park","category":"park","source":"osm"},"geometry":{"type":"Polygon","coordinates":[[[121.51059,25.10122],[121.51212,25.10133],[121.51261,25.09893],[121.51168,25.09861],[121.51149,25.10009],[121.51059,25.10122]]]}},{"type":"Feature","properties":{"id":"osm:relation:8309043","name":"水返腳生態園區","category":"park","source":"osm"},"geometry":{"type":"Polygon","coordinates":[[[121.66465,25.07789],[121.66497,25.0789],[121.66595,25.07892],[121.6669,25.07946],[121.66687,25.07913],[121.66465,25.07789]]]}},{"type":"Feature","properties":{"id":"osm:relation:8340281","name":"師大公園","category":"park","source":"osm"},"geometry":{"type":"MultiPolygon","coordinates":[[[[121.52832,25.02261],[121.52834,25.0229],[121.52818,25.02291],[121.52815,25.02262],[121.52832,25.02261]]],[[[121.52822,25.02327],[121.52819,25.02297],[121.52835,25.02295],[121.52838,25.02326],[121.52822,25.02327]]],[[[121.52839,25.02333],[121.52841,25.02361],[121.52823,25.02362],[121.52822,25.02334],[121.52839,25.02333]]],[[[121.52841,25.02366],[121.52843,25.02397],[121.52828,25.02398],[121.52823,25.02367],[121.52841,25.02366]]],[[[121.52844,25.02405],[121.52847,25.02436],[121.52832,25.02438],[121.52827,25.02408],[121.52844,25.02405]]],[[[121.52849,25.02442],[121.52836,25.02498],[121.52832,25.02444],[121.52849,25.02442]]]]}},{"type":"Feature","properties":{"id":"osm:relation:8391399","name":"信義公園","category":"park","source":"osm"},"geometry":{"type":"MultiPolygon","coordinates":[[[[121.45671,24.9923],[121.45697,24.99182],[121.45738,24.99184],[121.45671,24.9923]]],[[[121.45832,24.99124],[121.45798,24.99123],[121.45707,24.99176],[121.45755,24.99175],[121.45832,24.99124]]]]}},{"type":"Feature","properties":{"id":"osm:relation:8410958","name":"花卉試驗中心","nameEn":"Floriculture Experiment Center","category":"park","source":"osm"},"geometry":{"type":"Polygon","coordinates":[[[121.54265,25.13506],[121.54301,25.13402],[121.5448,25.13437],[121.54485,25.13416],[121.54545,25.13428],[121.54572,25.13409],[121.5459,25.13521],[121.54574,25.13522],[121.54564,25.13564],[121.546,25.1357],[121.54608,25.13605],[121.54547,25.13619],[121.54324,25.13508],[121.54247,25.13555],[121.54265,25.13506]]]}},{"type":"Feature","properties":{"id":"osm:relation:9234025","name":"雙溪河濱公園","nameEn":"Shuangxi Riverside Park","category":"park","source":"osm"},"geometry":{"type":"MultiPolygon","coordinates":[[[[121.51199,25.09838],[121.51231,25.09818],[121.515,25.09926],[121.51705,25.09956],[121.5173,25.09974],[121.51755,25.09962],[121.51942,25.09982],[121.52096,25.09892],[121.52214,25.09878],[121.52366,25.09932],[121.5246,25.10015],[121.52545,25.1004],[121.52586,25.10031],[121.52596,25.10053],[121.52609,25.10018],[121.52654,25.10016],[121.5268,25.10022],[121.52673,25.10061],[121.5269,25.10063],[121.52702,25.10032],[121.52793,25.10041],[121.52799,25.10067],[121.52829,25.1007],[121.52826,25.10036],[121.52887,25.10001],[121.52987,25.09983],[121.53202,25.10063],[121.53347,25.10081],[121.53351,25.10106],[121.53363,25.1008],[121.5359,25.10069],[121.53695,25.10016],[121.53726,25.10055],[121.53549,25.10122],[121.5323,25.10109],[121.53019,25.10027],[121.52755,25.10074],[121.525,25.10038],[121.52354,25.09949],[121.52209,25.09902],[121.52122,25.09909],[121.51953,25.09985],[121.51836,25.09992],[121.51516,25.09952],[121.51194,25.09851],[121.51199,25.09838]]],[[[121.51338,25.09816],[121.51548,25.09868],[121.51867,25.09909],[121.51957,25.09896],[121.52101,25.09827],[121.52223,25.09818],[121.52329,25.09847],[121.52541,25.09963],[121.5279,25.09989],[121.5303,25.09928],[121.53262,25.10028],[121.53536,25.10036],[121.53591,25.10022],[121.5366,25.09971],[121.53686,25.10002],[121.53585,25.10057],[121.53413,25.1007],[121.5323,25.10052],[121.53054,25.09982],[121.52905,25.09962],[121.52827,25.10021],[121.5274,25.10021],[121.52628,25.09993],[121.52525,25.10015],[121.52436,25.0997],[121.52343,25.09882],[121.5222,25.09831],[121.52108,25.09835],[121.51938,25.09919],[121.51839,25.0993],[121.51536,25.09882],[121.51338,25.09816]]]]}},{"type":"Feature","properties":{"id":"osm:relation:9350171","name":"水景公園","category":"park","source":"osm"},"geometry":{"type":"Polygon","coordinates":[[[121.58424,24.98837],[121.58447,24.98851],[121.5861,24.98807],[121.58655,24.98758],[121.5872,24.98728],[121.58676,24.9873],[121.58608,24.98792],[121.58424,24.98837]]]}},{"type":"Feature","properties":{"id":"osm:relation:9483849","name":"遠東通訊園區北公園","category":"park","source":"osm"},"geometry":{"type":"Polygon","coordinates":[[[121.4553,24.99991],[121.45567,24.99958],[121.45645,24.99941],[121.45692,25.00035],[121.45653,25.0006],[121.45684,25.00105],[121.45651,25.00139],[121.45587,25.00131],[121.45546,24.99986],[121.4553,24.99991]]]}},{"type":"Feature","properties":{"id":"osm:relation:9483851","name":"忠孝公園","category":"park","source":"osm"},"geometry":{"type":"Polygon","coordinates":[[[121.45937,24.99752],[121.45934,24.99764],[121.46009,24.99783],[121.46027,24.99674],[121.45974,24.99663],[121.45954,24.99677],[121.45937,24.99752]]]}},{"type":"Feature","properties":{"id":"osm:relation:9483883","name":"南雅公園","category":"park","source":"osm"},"geometry":{"type":"Polygon","coordinates":[[[121.45458,25.00316],[121.4551,25.00389],[121.45525,25.00365],[121.45458,25.00316]]]}},{"type":"Feature","properties":{"id":"osm:relation:9494997","name":"紫陽公園","category":"park","source":"osm"},"geometry":{"type":"Polygon","coordinates":[[[121.5851,25.07817],[121.5847,25.07791],[121.58435,25.07804],[121.58434,25.07779],[121.58537,25.07757],[121.58573,25.07732],[121.58573,25.07698],[121.58638,25.07698],[121.58639,25.0766],[121.58809,25.07704],[121.58783,25.07715],[121.58692,25.07696],[121.58679,25.07715],[121.58638,25.07715],[121.5851,25.07817]]]}},{"type":"Feature","properties":{"id":"osm:relation:9495252","name":"胡適公園","nameEn":"Hushih Park","category":"park","source":"osm"},"geometry":{"type":"Polygon","coordinates":[[[121.61891,25.04024],[121.618,25.04108],[121.61753,25.04098],[121.61767,25.04062],[121.61747,25.03938],[121.6179,25.03874],[121.61875,25.03862],[121.61877,25.03904],[121.61917,25.03966],[121.61874,25.04],[121.61891,25.04024]]]}},{"type":"Feature","properties":{"id":"osm:relation:9926398","name":"金山公園","category":"park","source":"osm"},"geometry":{"type":"Polygon","coordinates":[[[121.52461,25.03079],[121.52457,25.03057],[121.52487,25.03052],[121.52496,25.03104],[121.52514,25.03102],[121.52518,25.0312],[121.5247,25.03127],[121.52461,25.03079]]]}},{"type":"Feature","properties":{"id":"osm:relation:10036590","name":"立農公園","category":"park","source":"osm"},"geometry":{"type":"Polygon","coordinates":[[[121.50444,25.11827],[121.50361,25.11801],[121.50295,25.11861],[121.50331,25.11931],[121.50377,25.11967],[121.50363,25.11992],[121.50375,25.12],[121.50405,25.11981],[121.50389,25.11934],[121.50444,25.11827]]]}},{"type":"Feature","properties":{"id":"osm:relation:10036593","name":"風之公園","category":"park","source":"osm"},"geometry":{"type":"Polygon","coordinates":[[[121.48825,25.00964],[121.48755,25.00979],[121.48818,25.01018],[121.48892,25.00977],[121.48825,25.00964]]]}},{"type":"Feature","properties":{"id":"osm:relation:10116389","name":"玉東公園","nameEn":"Yudong Park","category":"park","source":"osm"},"geometry":{"type":"Polygon","coordinates":[[[121.5836,25.05017],[121.58497,25.05071],[121.58528,25.05],[121.58393,25.04978],[121.5836,25.05017]]]}},{"type":"Feature","properties":{"id":"osm:relation:10279463","name":"辛亥生態公園","nameEn":"Hsinhai Ecology Park","category":"park","source":"osm"},"geometry":{"type":"Polygon","coordinates":[[[121.55681,25.00213],[121.55712,25.00274],[121.55689,25.00299],[121.5575,25.00398],[121.55684,25.00426],[121.55566,25.00245],[121.55681,25.00213]]]}},{"type":"Feature","properties":{"id":"osm:relation:10408501","name":"Park 10408501","category":"park","source":"osm"},"geometry":{"type":"Polygon","coordinates":[[[121.52517,24.9788],[121.52503,24.97872],[121.52598,24.97808],[121.52612,24.97781],[121.52749,24.97698],[121.5278,24.97697],[121.53086,24.97481],[121.53106,24.97512],[121.52517,24.9788]]]}},{"type":"Feature","properties":{"id":"osm:relation:10424055","name":"文山森林公園","nameEn":"Wenshan Forest Park","category":"park","source":"osm"},"geometry":{"type":"Polygon","coordinates":[[[121.54697,25.00352],[121.54691,25.00336],[121.54654,25.00342],[121.54617,25.0039],[121.54565,25.00371],[121.54591,25.00326],[121.54666,25.00282],[121.54631,25.00211],[121.54594,25.00209],[121.54568,25.00259],[121.54482,25.00275],[121.54417,25.00352],[121.54332,25.00282],[121.54284,25.00304],[121.54263,25.00332],[121.54284,25.00376],[121.54231,25.00403],[121.54313,25.0048],[121.54386,25.00467],[121.54412,25.00491],[121.54416,25.00446],[121.54445,25.00438],[121.54506,25.00474],[121.54624,25.00447],[121.54685,25.00457],[121.54691,25.00444],[121.54692,25.00461],[121.54729,25.00466],[121.5484,25.00452],[121.54815,25.00373],[121.54835,25.00359],[121.54834,25.00332],[121.54861,25.00328],[121.54851,25.00281],[121.54812,25.00284],[121.54773,25.00377],[121.54703,25.0037],[121.54697,25.00352]]]}},{"type":"Feature","properties":{"id":"osm:relation:10669267","name":"磅空頂綠地","nameEn":"Bang Kong Ding Greens","category":"park","source":"osm"},"geometry":{"type":"Polygon","coordinates":[[[121.46521,25.12236],[121.46589,25.12289],[121.46579,25.12319],[121.46488,25.12344],[121.46469,25.12212],[121.46495,25.12195],[121.46521,25.12236]]]}},{"type":"Feature","properties":{"id":"osm:relation:10721210","name":"原住民文化主題公園","nameEn":"Indigenous People's Park","category":"park","source":"osm"},"geometry":{"type":"Polygon","coordinates":[[[121.55182,25.10124],[121.55055,25.10045],[121.55061,25.10131],[121.55028,25.10197],[121.55043,25.10247],[121.55034,25.10317],[121.55121,25.10333],[121.55123,25.10312],[121.55166,25.10304],[121.55122,25.10223],[121.55055,25.10217],[121.55071,25.10161],[121.551,25.10173],[121.55182,25.10124]]]}},{"type":"Feature","properties":{"id":"osm:relation:11053035","name":"景美運動公園","nameEn":"Jingmei Sport Park","category":"park","source":"osm"},"geometry":{"type":"Polygon","coordinates":[[[121.54357,25.00295],[121.54384,25.0034],[121.54417,25.00352],[121.54482,25.00275],[121.54447,25.00261],[121.54444,25.00219],[121.54368,25.00195],[121.54332,25.00282],[121.54357,25.00295]]]}},{"type":"Feature","properties":{"id":"osm:relation:11725157","name":"華齡公園","nameEn":"HuaLing Park","category":"park","source":"osm"},"geometry":{"type":"MultiPolygon","coordinates":[[[[121.52141,25.08371],[121.52144,25.08348],[121.5228,25.08386],[121.52274,25.08409],[121.52141,25.08371]]],[[[121.52136,25.08343],[121.52132,25.08367],[121.52052,25.08321],[121.51957,25.08247],[121.51961,25.08215],[121.52136,25.08343]]]]}},{"type":"Feature","properties":{"id":"osm:relation:11791159","name":"大佳河濱公園","nameEn":"Dajia Park","category":"park","source":"osm"},"geometry":{"type":"MultiPolygon","coordinates":[[[[121.5389,25.07358],[121.53758,25.07344],[121.53645,25.074],[121.53451,25.07411],[121.53396,25.07436],[121.53391,25.07609],[121.54415,25.0755],[121.54408,25.07353],[121.5389,25.07358]]],[[[121.53353,25.07413],[121.53155,25.07422],[121.53125,25.074],[121.52978,25.07395],[121.52851,25.07434],[121.52852,25.07525],[121.52892,25.07577],[121.5298,25.07614],[121.53355,25.07615],[121.53368,25.07606],[121.53353,25.07413]]]]}},{"type":"Feature","properties":{"id":"osm:relation:11791971","name":"興旺公園","category":"park","source":"osm"},"geometry":{"type":"Polygon","coordinates":[[[121.55085,25.00588],[121.55017,25.00564],[121.55008,25.00585],[121.55075,25.00615],[121.55094,25.00602],[121.55085,25.00588]]]}},{"type":"Feature","properties":{"id":"osm:relation:12038586","name":"林家花園","nameEn":"Lin Family Mansion & Garden","category":"park","source":"osm"},"geometry":{"type":"Polygon","coordinates":[[[121.45406,25.01074],[121.45497,25.0098],[121.45581,25.00996],[121.45572,25.01022],[121.45593,25.01028],[121.45557,25.01144],[121.45425,25.01103],[121.45406,25.01074]]]}},{"type":"Feature","properties":{"id":"osm:relation:12080063","name":"Park 12080063","category":"park","source":"osm"},"geometry":{"type":"Polygon","coordinates":[[[121.50927,25.13768],[121.50961,25.13785],[121.51008,25.13775],[121.51016,25.13709],[121.50947,25.13736],[121.5083,25.13706],[121.50927,25.13768]]]}},{"type":"Feature","properties":{"id":"osm:relation:12375681","name":"壽德公園","category":"park","source":"osm"},"geometry":{"type":"MultiPolygon","coordinates":[[[[121.46684,24.99428],[121.46714,24.99464],[121.46751,24.99374],[121.46684,24.99428]]],[[[121.46591,24.99339],[121.46674,24.99411],[121.4674,24.99343],[121.46633,24.99291],[121.46591,24.99339]]]]}},{"type":"Feature","properties":{"id":"osm:relation:12464015","name":"牯嶺公園","category":"park","source":"osm"},"geometry":{"type":"MultiPolygon","coordinates":[[[[121.51847,25.02335],[121.51893,25.02332],[121.51893,25.02299],[121.51845,25.023],[121.51847,25.02335]]],[[[121.51847,25.02346],[121.51848,25.02363],[121.51893,25.0236],[121.51892,25.02344],[121.51847,25.02346]]]]}},{"type":"Feature","properties":{"id":"osm:relation:12528212","name":"原野公園","category":"park","source":"osm"},"geometry":{"type":"Polygon","coordinates":[[[121.54408,24.97287],[121.54408,24.97243],[121.54441,24.97225],[121.54474,24.97233],[121.54483,24.97265],[121.54549,24.97307],[121.54518,24.97346],[121.54408,24.97287]]]}},{"type":"Feature","properties":{"id":"osm:relation:12870466","name":"重三公園","category":"park","source":"osm"},"geometry":{"type":"Polygon","coordinates":[[[121.48957,25.13972],[121.48949,25.13995],[121.48912,25.13997],[121.4891,25.13973],[121.48848,25.13978],[121.48851,25.14006],[121.48948,25.14015],[121.48957,25.13972]]]}},{"type":"Feature","properties":{"id":"osm:relation:13198975","name":"松基公園","category":"park","source":"osm"},"geometry":{"type":"Polygon","coordinates":[[[121.5454,25.05506],[121.54511,25.05491],[121.54507,25.05461],[121.54483,25.0546],[121.54483,25.0552],[121.54503,25.0553],[121.54492,25.05552],[121.54631,25.05584],[121.54638,25.05552],[121.5454,25.05506]]]}},{"type":"Feature","properties":{"id":"osm:relation:14428042","name":"板橋區環河公園","category":"park","source":"osm"},"geometry":{"type":"MultiPolygon","coordinates":[[[[121.45057,25.01608],[121.45076,25.01494],[121.45134,25.01376],[121.45144,25.01653],[121.45064,25.01673],[121.45057,25.01608]]],[[[121.45065,25.01681],[121.45144,25.01664],[121.45152,25.01824],[121.45061,25.01796],[121.45065,25.01681]]]]}},{"type":"Feature","properties":{"id":"osm:relation:14636498","name":"文德三號公園","category":"park","source":"osm"},"geometry":{"type":"MultiPolygon","coordinates":[[[[121.57962,25.07809],[121.58103,25.07835],[121.5806,25.07787],[121.57964,25.0779],[121.57962,25.07809]]],[[[121.57857,25.07706],[121.57903,25.07738],[121.57836,25.07784],[121.57854,25.07808],[121.5792,25.07792],[121.5795,25.07805],[121.57961,25.07781],[121.57922,25.0777],[121.57924,25.07722],[121.57877,25.07687],[121.57857,25.07706]]],[[[121.57829,25.07677],[121.5785,25.07701],[121.57873,25.07685],[121.57857,25.07663],[121.57865,25.07632],[121.57847,25.07621],[121.57829,25.07677]]],[[[121.5771,25.07515],[121.57837,25.07581],[121.57846,25.07565],[121.57833,25.07536],[121.57741,25.07495],[121.5771,25.07515]]]]}},{"type":"Feature","properties":{"id":"osm:relation:15951562","name":"華興公園","nameEn":"Hua Sing Park","category":"park","source":"osm"},"geometry":{"type":"Polygon","coordinates":[[[121.55084,24.9893],[121.55015,24.98936],[121.55026,24.98886],[121.55088,24.98905],[121.55084,24.9893]]]}},{"type":"Feature","properties":{"id":"osm:relation:16051378","name":"合心廣場","category":"park","source":"osm"},"geometry":{"type":"Polygon","coordinates":[[[121.58254,25.04658],[121.583,25.04626],[121.58319,25.04652],[121.58283,25.04698],[121.58254,25.04658]]]}},{"type":"Feature","properties":{"id":"osm:relation:16051380","name":"合樂公園","nameEn":"Hele Park","category":"park","source":"osm"},"geometry":{"type":"Polygon","coordinates":[[[121.58231,25.04844],[121.58225,25.0487],[121.58157,25.04853],[121.5816,25.04828],[121.58231,25.04844]]]}},{"type":"Feature","properties":{"id":"osm:relation:16410525","name":"興國公園","nameEn":"XingGuo Park","category":"park","source":"osm"},"geometry":{"type":"Polygon","coordinates":[[[121.54174,25.05331],[121.54204,25.05331],[121.54203,25.05281],[121.54055,25.05284],[121.54056,25.05334],[121.54174,25.05331]]]}},{"type":"Feature","properties":{"id":"osm:relation:16741049","name":"量水室古蹟廣場","category":"park","source":"osm"},"geometry":{"type":"Polygon","coordinates":[[[121.53424,25.01262],[121.53375,25.01297],[121.53349,25.01286],[121.53374,25.01248],[121.53362,25.01212],[121.53424,25.01262]],[[121.53388,25.01234],[121.53383,25.01237],[121.5339,25.01235],[121.53388,25.01234]],[[121.53385,25.0124],[121.53392,25.01238],[121.53391,25.01235],[121.53385,25.0124]],[[121.53385,25.0124],[121.53413,25.01261],[121.53394,25.01237],[121.53385,25.0124]],[[121.53387,25.0125],[121.53389,25.01247],[121.53385,25.01246],[121.53384,25.01249],[121.53387,25.0125]],[[121.53397,25.01238],[121.53394,25.01237],[121.53392,25.0124],[121.53396,25.01242],[121.53397,25.01238]],[[121.53405,25.01272],[121.53402,25.01279],[121.53397,25.01277],[121.534,25.0127],[121.53405,25.01272]],[[121.53405,25.01272],[121.534,25.0127],[121.534,25.01268],[121.53405,25.01272]],[[121.53408,25.01272],[121.53408,25.01263],[121.53405,25.0127],[121.53408,25.01272]],[[121.53402,25.01279],[121.53395,25.01283],[121.53397,25.01277],[121.53402,25.01279]],[[121.53379,25.01272],[121.53385,25.01263],[121.53374,25.01259],[121.53379,25.01272]]]}},{"type":"Feature","properties":{"id":"osm:relation:17743535","name":"厚生廣場","nameEn":"Hòushēng Park","category":"park","source":"osm"},"geometry":{"type":"MultiPolygon","coordinates":[[[[121.5683,25.04314],[121.56871,25.04274],[121.5685,25.04313],[121.5683,25.04314]]],[[[121.56848,25.04317],[121.56803,25.04331],[121.56803,25.04353],[121.56761,25.04347],[121.56776,25.04318],[121.56848,25.04317]]]]}},{"type":"Feature","properties":{"id":"osm:relation:17946134","name":"Park 17946134","category":"park","source":"osm"},"geometry":{"type":"Polygon","coordinates":[[[121.59173,25.07197],[121.59118,25.0719],[121.59129,25.07177],[121.59116,25.07176],[121.59203,25.07166],[121.59204,25.07194],[121.59173,25.07197]],[[121.59186,25.07172],[121.59196,25.07181],[121.59187,25.07189],[121.59177,25.07181],[121.59186,25.07172]]]}},{"type":"Feature","properties":{"id":"osm:relation:17946135","name":"Park 17946135","category":"park","source":"osm"},"geometry":{"type":"Polygon","coordinates":[[[121.59539,25.07002],[121.59564,25.07069],[121.59537,25.07092],[121.59514,25.0707],[121.59539,25.07002]],[[121.59552,25.07069],[121.59541,25.07081],[121.59526,25.0707],[121.59537,25.07058],[121.59552,25.07069]]]}},{"type":"Feature","properties":{"id":"osm:relation:17974948","name":"中南公園","nameEn":"Zhongnan Park","category":"park","source":"osm"},"geometry":{"type":"MultiPolygon","coordinates":[[[[121.61461,25.05094],[121.61483,25.05119],[121.61461,25.05117],[121.61461,25.05094]]],[[[121.6134,25.05094],[121.61267,25.05066],[121.61266,25.0501],[121.61376,25.04981],[121.61491,25.05078],[121.61456,25.05095],[121.61402,25.05077],[121.6134,25.05094]]]]}},{"type":"Feature","properties":{"id":"osm:relation:18115491","name":"Park 18115491","category":"park","source":"osm"},"geometry":{"type":"MultiPolygon","coordinates":[[[[121.6244,25.03749],[121.6239,25.03744],[121.62316,25.03817],[121.62393,25.03756],[121.6244,25.03749]]],[[[121.62443,25.03709],[121.62462,25.03734],[121.62449,25.03742],[121.62443,25.03709]]]]}},{"type":"Feature","properties":{"id":"osm:relation:18155467","name":"綠湖公園","nameEn":"Green Lake Park","category":"park","source":"osm"},"geometry":{"type":"Polygon","coordinates":[[[121.54649,24.97978],[121.54704,24.97937],[121.54773,24.97951],[121.54855,24.97877],[121.54809,24.97838],[121.54892,24.97763],[121.5487,24.97744],[121.54857,24.97757],[121.54799,24.97711],[121.54753,24.97759],[121.54783,24.9781],[121.54771,24.97853],[121.54625,24.97952],[121.54649,24.97978]]]}},{"type":"Feature","properties":{"id":"osm:relation:18205008","name":"安康森林公園","category":"park","source":"osm"},"geometry":{"type":"MultiPolygon","coordinates":[[],[[[121.51169,24.96028],[121.51216,24.9603],[121.51212,24.96042],[121.51285,24.96066],[121.51281,24.96131],[121.513,24.96156],[121.51299,24.96069],[121.51275,24.96],[121.51143,24.96008],[121.51169,24.96028]]]]}},{"type":"Feature","properties":{"id":"osm:relation:18367478","name":"松智公園","category":"park","source":"osm"},"geometry":{"type":"MultiPolygon","coordinates":[[[[121.5656,25.03596],[121.56576,25.03596],[121.56578,25.037],[121.56559,25.03697],[121.5656,25.03596]]],[[[121.56565,25.03709],[121.56579,25.03709],[121.5658,25.03786],[121.56561,25.03783],[121.56565,25.03709]]],[[[121.56583,25.03903],[121.5658,25.03795],[121.56565,25.03795],[121.56563,25.03899],[121.56583,25.03903]]]]}},{"type":"Feature","properties":{"id":"osm:relation:18386549","name":"信義351號綠地","category":"park","source":"osm"},"geometry":{"type":"MultiPolygon","coordinates":[[[[121.56721,25.03937],[121.56721,25.03919],[121.56831,25.03919],[121.56831,25.03935],[121.56721,25.03937]]],[[[121.5662,25.03938],[121.56622,25.0392],[121.56706,25.03919],[121.56707,25.03937],[121.5662,25.03938]]],[[[121.566,25.03939],[121.56594,25.03921],[121.56467,25.03926],[121.56467,25.03941],[121.566,25.03939]]],[[[121.56452,25.03941],[121.56452,25.03926],[121.56375,25.03935],[121.56452,25.03941]]]]}},{"type":"Feature","properties":{"id":"osm:relation:18386574","name":"信義354號綠地","category":"park","source":"osm"},"geometry":{"type":"MultiPolygon","coordinates":[[[[121.56864,25.0374],[121.56855,25.03666],[121.56862,25.03666],[121.56864,25.0374]]],[[[121.56865,25.03761],[121.56859,25.03901],[121.56857,25.03745],[121.56865,25.03761]]],[[[121.56862,25.03654],[121.56852,25.03584],[121.56852,25.03654],[121.56862,25.03654]]],[[[121.56857,25.03398],[121.56852,25.03476],[121.56847,25.03398],[121.56857,25.03398]]],[[[121.56861,25.0358],[121.56851,25.0358],[121.56851,25.03485],[121.56861,25.0358]]],[[[121.56857,25.03394],[121.56854,25.03299],[121.56845,25.03307],[121.56857,25.03394]]]]}},{"type":"Feature","properties":{"id":"osm:relation:18418040","name":"松德公園","nameEn":"Songde Park","category":"park","source":"osm"},"geometry":{"type":"Polygon","coordinates":[[[121.57294,25.03643],[121.57288,25.03479],[121.57344,25.03479],[121.57349,25.03642],[121.57294,25.03643]]]}},{"type":"Feature","properties":{"id":"osm:relation:18447028","name":"東和公園","nameEn":"Dongha Park","category":"park","source":"osm"},"geometry":{"type":"MultiPolygon","coordinates":[[[[121.53341,25.12438],[121.53367,25.12459],[121.5339,25.12446],[121.53385,25.1233],[121.53402,25.12308],[121.53362,25.12281],[121.53338,25.1223],[121.53327,25.12422],[121.53341,25.12438]]],[[[121.53396,25.12275],[121.5344,25.12242],[121.53333,25.12111],[121.53365,25.12064],[121.53316,25.12032],[121.5329,25.12079],[121.53301,25.12112],[121.53379,25.12282],[121.53396,25.12275]]]]}},{"type":"Feature","properties":{"id":"osm:relation:18504258","name":"磺潭社區親水公園","category":"park","source":"osm"},"geometry":{"type":"MultiPolygon","coordinates":[[[[121.64563,25.20006],[121.64633,25.20006],[121.64629,25.20031],[121.64563,25.20039],[121.64563,25.20006]]],[[[121.64724,25.20021],[121.64741,25.20006],[121.64725,25.19898],[121.64671,25.19903],[121.64641,25.20031],[121.64687,25.20039],[121.64724,25.20021]]]]}},{"type":"Feature","properties":{"id":"osm:relation:18787631","name":"三民公園","nameEn":"Sanmin Park","category":"park","source":"osm"},"geometry":{"type":"MultiPolygon","coordinates":[[[[121.56656,25.06165],[121.56691,25.06108],[121.56829,25.06218],[121.5681,25.06334],[121.56786,25.06331],[121.56799,25.06261],[121.56767,25.06198],[121.56656,25.06165]]],[[[121.56674,25.06092],[121.56647,25.06131],[121.56556,25.06078],[121.56568,25.06049],[121.56674,25.06092]]]]}},{"type":"Feature","properties":{"id":"osm:relation:19324810","name":"重慶公園","category":"park","source":"osm"},"geometry":{"type":"MultiPolygon","coordinates":[[[[121.46342,25.00001],[121.46524,25.00013],[121.46519,24.99978],[121.46371,24.99965],[121.46342,25.00001]]],[[[121.46609,24.99966],[121.46627,25.00004],[121.46562,25.00027],[121.46533,25.00018],[121.46528,24.99982],[121.46609,24.99966]]]]}},{"type":"Feature","properties":{"id":"osm:relation:19470640","name":"萬芳國小開心農場","category":"park","source":"osm"},"geometry":{"type":"Polygon","coordinates":[[[121.56861,25.0005],[121.5689,24.99946],[121.56734,24.99988],[121.56876,24.99956],[121.56861,25.0005]]]}},{"type":"Feature","properties":{"id":"osm:relation:20251103","name":"樂活公園","nameEn":"Lohas Park","category":"park","source":"osm"},"geometry":{"type":"MultiPolygon","coordinates":[[[[121.61806,25.06802],[121.6177,25.0678],[121.61901,25.06805],[121.61977,25.06854],[121.6193,25.06895],[121.6191,25.06855],[121.61835,25.06839],[121.61806,25.06802]]],[[[121.62137,25.07011],[121.62055,25.06984],[121.6204,25.06935],[121.61941,25.06902],[121.61985,25.06861],[121.62109,25.06949],[121.62137,25.07011]]]]}},{"type":"Feature","properties":{"id":"osm:relation:20445326","name":"文景28號綠地","category":"park","source":"osm"},"geometry":{"type":"Polygon","coordinates":[[[121.55295,24.99722],[121.55234,24.99736],[121.55205,24.99615],[121.55165,24.99618],[121.55172,24.99675],[121.5514,24.99682],[121.55139,24.99651],[121.55108,24.99682],[121.55141,24.99642],[121.55132,24.99541],[121.55205,24.99556],[121.55295,24.99722]],[[121.55189,24.99592],[121.55216,24.99577],[121.55186,24.99552],[121.55189,24.99592]]]}},{"type":"Feature","properties":{"id":"osm:relation:21225582","name":"二二八紀念公園","category":"park","source":"osm"},"geometry":{"type":"MultiPolygon","coordinates":[[[[121.48491,25.07145],[121.48596,25.07177],[121.48609,25.07124],[121.48549,25.07092],[121.48491,25.07145]]],[[[121.48627,25.07108],[121.48772,25.07061],[121.4862,25.07037],[121.48572,25.07081],[121.48627,25.07108]]]]}}]}