{"type":"FeatureCollection","features":[{"type":"Feature","properties":{"id":"osm:node:663571409","name":"Mia C'bon","category":"supermarket","source":"osm"},"geometry":{"type":"Point","coordinates":[121.52245,25.02738]}},{"type":"Feature","properties":{"id":"osm:node:663578262","name":"家樂福超市","nameEn":"Carrefour Market","category":"supermarket","source":"osm","tags":{"operator":"Wellcome"}},"geometry":{"type":"Point","coordinates":[121.52136,25.02339]}},{"type":"Feature","properties":{"id":"osm:node:689409948","name":"全聯福利中心","nameEn":"Pxmart","category":"supermarket","source":"osm"},"geometry":{"type":"Point","coordinates":[121.55429,25.00067]}},{"type":"Feature","properties":{"id":"osm:node:689589826","name":"全聯福利中心","nameEn":"Pxmart","category":"supermarket","source":"osm"},"geometry":{"type":"Point","coordinates":[121.55023,25.00377]}},{"type":"Feature","properties":{"id":"osm:node:736754940","name":"家樂福","nameEn":"Carrefour","category":"supermarket","source":"osm"},"geometry":{"type":"Point","coordinates":[121.53157,25.01787]}},{"type":"Feature","properties":{"id":"osm:node:773936470","name":"家樂福超市","nameEn":"Carrefour Market","category":"supermarket","source":"osm"},"geometry":{"type":"Point","coordinates":[121.6193,25.07259]}},{"type":"Feature","properties":{"id":"osm:node:870621609","name":"家樂福超市","nameEn":"Carrefour Market","category":"supermarket","source":"osm"},"geometry":{"type":"Point","coordinates":[121.6313,25.07098]}},{"type":"Feature","properties":{"id":"osm:node:873134175","name":"全聯福利中心","nameEn":"Pxmart","category":"supermarket","source":"osm"},"geometry":{"type":"Point","coordinates":[121.60564,25.05446]}},{"type":"Feature","properties":{"id":"osm:node:887796362","name":"家樂福超市","nameEn":"Carrefour Market","category":"supermarket","source":"osm"},"geometry":{"type":"Point","coordinates":[121.60092,25.05469]}},{"type":"Feature","properties":{"id":"osm:node:995691168","name":"Jason's","nameEn":"Jason's","category":"supermarket","source":"osm"},"geometry":{"type":"Point","coordinates":[121.55132,25.02979]}},{"type":"Feature","properties":{"id":"osm:node:995691304","name":"全聯福利中心","nameEn":"Pxmart","category":"supermarket","source":"osm"},"geometry":{"type":"Point","coordinates":[121.55041,25.02956]}},{"type":"Feature","properties":{"id":"osm:node:1195384273","name":"家樂福超市","nameEn":"Carrefour Market","category":"supermarket","source":"osm"},"geometry":{"type":"Point","coordinates":[121.55128,25.05692]}},{"type":"Feature","properties":{"id":"osm:node:1501340099","name":"美廉社","nameEn":"Simple Mart","category":"supermarket","source":"osm","tags":{"operator":"三商企業集團"}},"geometry":{"type":"Point","coordinates":[121.55861,25.03527]}},{"type":"Feature","properties":{"id":"osm:node:1676468656","name":"台灣主婦聯盟生活消費合作社","category":"supermarket","source":"osm"},"geometry":{"type":"Point","coordinates":[121.61478,25.04728]}},{"type":"Feature","properties":{"id":"osm:node:1702068697","name":"全聯福利中心","nameEn":"Pxmart","category":"supermarket","source":"osm"},"geometry":{"type":"Point","coordinates":[121.54558,24.96959]}},{"type":"Feature","properties":{"id":"osm:node:1703008949","name":"大全聯","category":"supermarket","source":"osm"},"geometry":{"type":"Point","coordinates":[121.53732,24.96225]}},{"type":"Feature","properties":{"id":"osm:node:1720009130","name":"家樂福超市","nameEn":"Carrefour Market","category":"supermarket","source":"osm"},"geometry":{"type":"Point","coordinates":[121.54788,25.08223]}},{"type":"Feature","properties":{"id":"osm:node:1720016596","name":"全聯福利中心","nameEn":"Pxmart","category":"supermarket","source":"osm"},"geometry":{"type":"Point","coordinates":[121.54986,25.08292]}},{"type":"Feature","properties":{"id":"osm:node:1735966208","name":"安永鮮物","category":"supermarket","source":"osm"},"geometry":{"type":"Point","coordinates":[121.51938,25.02934]}},{"type":"Feature","properties":{"id":"osm:node:1837854043","name":"美廉社","nameEn":"Simple Mart","category":"supermarket","source":"osm","tags":{"operator":"三商企業集團"}},"geometry":{"type":"Point","coordinates":[121.56846,25.08452]}},{"type":"Feature","properties":{"id":"osm:node:1837969080","name":"全聯福利中心","nameEn":"Pxmart","category":"supermarket","source":"osm"},"geometry":{"type":"Point","coordinates":[121.58393,25.07836]}},{"type":"Feature","properties":{"id":"osm:node:1837973034","name":"737超商","category":"supermarket","source":"osm"},"geometry":{"type":"Point","coordinates":[121.57931,25.08031]}},{"type":"Feature","properties":{"id":"osm:node:1884910190","name":"美廉社","nameEn":"Simple Mart","category":"supermarket","source":"osm","tags":{"operator":"三商企業集團"}},"geometry":{"type":"Point","coordinates":[121.62109,25.04139]}},{"type":"Feature","properties":{"id":"osm:node:1884910192","name":"家樂福超市","nameEn":"Carrefour Market","category":"supermarket","source":"osm"},"geometry":{"type":"Point","coordinates":[121.622,25.03865]}},{"type":"Feature","properties":{"id":"osm:node:1926383150","name":"愛買","nameEn":"A.mart","category":"supermarket","source":"osm","tags":{"operator":"遠東百貨"}},"geometry":{"type":"Point","coordinates":[121.5737,25.0412]}},{"type":"Feature","properties":{"id":"osm:node:1963001372","name":"家樂福超市","nameEn":"Carrefour Market","category":"supermarket","source":"osm"},"geometry":{"type":"Point","coordinates":[121.50297,24.99037]}},{"type":"Feature","properties":{"id":"osm:node:1994678577","name":"家樂福","nameEn":"Carrefour","category":"supermarket","source":"osm"},"geometry":{"type":"Point","coordinates":[121.46607,24.99481]}},{"type":"Feature","properties":{"id":"osm:node:1994678937","name":"美廉社","nameEn":"Simple Mart","category":"supermarket","source":"osm","tags":{"operator":"三商企業集團"}},"geometry":{"type":"Point","coordinates":[121.46594,24.99521]}},{"type":"Feature","properties":{"id":"osm:node:1994679606","name":"美廉社","nameEn":"Simple Mart","category":"supermarket","source":"osm","tags":{"operator":"三商企業集團"}},"geometry":{"type":"Point","coordinates":[121.46466,24.99584]}},{"type":"Feature","properties":{"id":"osm:node:2011933333","name":"家樂福超市","nameEn":"Carrefour Market","category":"supermarket","source":"osm"},"geometry":{"type":"Point","coordinates":[121.5071,25.12772]}},{"type":"Feature","properties":{"id":"osm:node:2070021006","name":"美廉社","nameEn":"Simple Mart","category":"supermarket","source":"osm"},"geometry":{"type":"Point","coordinates":[121.52308,25.00737]}},{"type":"Feature","properties":{"id":"osm:node:2070023306","name":"美廉社","nameEn":"Simple Mart","category":"supermarket","source":"osm","tags":{"operator":"三商企業集團"}},"geometry":{"type":"Point","coordinates":[121.51802,25.01071]}},{"type":"Feature","properties":{"id":"osm:node:2077766641","name":"全聯福利中心","nameEn":"Pxmart","category":"supermarket","source":"osm"},"geometry":{"type":"Point","coordinates":[121.60595,25.0723]}},{"type":"Feature","properties":{"id":"osm:node:2083458282","name":"美廉社","nameEn":"Simple Mart","category":"supermarket","source":"osm","tags":{"operator":"三商企業集團"}},"geometry":{"type":"Point","coordinates":[121.61479,25.04734]}},{"type":"Feature","properties":{"id":"osm:node:2111807708","name":"美廉社","category":"supermarket","source":"osm"},"geometry":{"type":"Point","coordinates":[121.45104,25.10127]}},{"type":"Feature","properties":{"id":"osm:node:2128931501","name":"家樂福超市","nameEn":"Carrefour Market","category":"supermarket","source":"osm"},"geometry":{"type":"Point","coordinates":[121.54023,25.04137]}},{"type":"Feature","properties":{"id":"osm:node:2137955750","name":"supermarket 2137955750","category":"supermarket","source":"osm"},"geometry":{"type":"Point","coordinates":[121.52218,25.09637]}},{"type":"Feature","properties":{"id":"osm:node:2140224069","name":"家樂福超市","nameEn":"Carrefour Market","category":"supermarket","source":"osm"},"geometry":{"type":"Point","coordinates":[121.46391,24.9874]}},{"type":"Feature","properties":{"id":"osm:node:2162387146","name":"全聯福利中心","nameEn":"Pxmart","category":"supermarket","source":"osm","tags":{"operator":"全聯實業股份有限公司"}},"geometry":{"type":"Point","coordinates":[121.53637,25.00464]}},{"type":"Feature","properties":{"id":"osm:node:2170986895","name":"全聯福利中心","nameEn":"Pxmart","category":"supermarket","source":"osm"},"geometry":{"type":"Point","coordinates":[121.58712,25.08815]}},{"type":"Feature","properties":{"id":"osm:node:2172837183","name":"全聯福利中心","nameEn":"Pxmart","category":"supermarket","source":"osm"},"geometry":{"type":"Point","coordinates":[121.54712,25.0604]}},{"type":"Feature","properties":{"id":"osm:node:2175339633","name":"全聯福利中心","nameEn":"Pxmart","category":"supermarket","source":"osm","tags":{"operator":"三商行"}},"geometry":{"type":"Point","coordinates":[121.51282,24.96281]}},{"type":"Feature","properties":{"id":"osm:node:2176299359","name":"主婦聯盟","category":"supermarket","source":"osm"},"geometry":{"type":"Point","coordinates":[121.58089,25.08378]}},{"type":"Feature","properties":{"id":"osm:node:2183243060","name":"全聯福利中心","nameEn":"Pxmart","category":"supermarket","source":"osm"},"geometry":{"type":"Point","coordinates":[121.53054,25.03305]}},{"type":"Feature","properties":{"id":"osm:node:2238453416","name":"全聯福利中心","nameEn":"Pxmart","category":"supermarket","source":"osm"},"geometry":{"type":"Point","coordinates":[121.53994,24.96429]}},{"type":"Feature","properties":{"id":"osm:node:2259948569","name":"家樂福","nameEn":"Carrefour","category":"supermarket","source":"osm","tags":{"operator":"台灣家福"}},"geometry":{"type":"Point","coordinates":[121.45488,25.00947]}},{"type":"Feature","properties":{"id":"osm:node:2292591822","name":"美廉社","nameEn":"Simple Mart","category":"supermarket","source":"osm"},"geometry":{"type":"Point","coordinates":[121.51735,24.97514]}},{"type":"Feature","properties":{"id":"osm:node:2292708737","name":"全聯福利中心","nameEn":"Pxmart","category":"supermarket","source":"osm","tags":{"operator":"全聯實業股份有限公司"}},"geometry":{"type":"Point","coordinates":[121.54312,24.97789]}},{"type":"Feature","properties":{"id":"osm:node:2293278768","name":"全聯福利中心","nameEn":"Pxmart","category":"supermarket","source":"osm"},"geometry":{"type":"Point","coordinates":[121.54058,24.99299]}},{"type":"Feature","properties":{"id":"osm:node:2299035025","name":"艾薇拉SPA","category":"supermarket","source":"osm"},"geometry":{"type":"Point","coordinates":[121.59327,25.08081]}},{"type":"Feature","properties":{"id":"osm:node:2299091812","name":"塞爾提克體育館","category":"supermarket","source":"osm"},"geometry":{"type":"Point","coordinates":[121.59188,25.08252]}},{"type":"Feature","properties":{"id":"osm:node:2300974269","name":"大田蔬果行","category":"supermarket","source":"osm"},"geometry":{"type":"Point","coordinates":[121.59249,25.08008]}},{"type":"Feature","properties":{"id":"osm:node:2302612136","name":"ZUMU","category":"supermarket","source":"osm"},"geometry":{"type":"Point","coordinates":[121.5965,25.08282]}},{"type":"Feature","properties":{"id":"osm:node:2307156561","name":"生活工場","category":"supermarket","source":"osm"},"geometry":{"type":"Point","coordinates":[121.59293,25.08336]}},{"type":"Feature","properties":{"id":"osm:node:2311690629","name":"越南雜貨店","category":"supermarket","source":"osm"},"geometry":{"type":"Point","coordinates":[121.52834,25.02139]}},{"type":"Feature","properties":{"id":"osm:node:2311690630","name":"家樂福","nameEn":"Carrefour","category":"supermarket","source":"osm"},"geometry":{"type":"Point","coordinates":[121.52829,25.02172]}},{"type":"Feature","properties":{"id":"osm:node:2315944921","name":"全聯福利中心","nameEn":"Pxmart","category":"supermarket","source":"osm"},"geometry":{"type":"Point","coordinates":[121.54432,24.99231]}},{"type":"Feature","properties":{"id":"osm:node:2317166227","name":"美廉社","nameEn":"Simple Mart","category":"supermarket","source":"osm"},"geometry":{"type":"Point","coordinates":[121.48312,25.05873]}},{"type":"Feature","properties":{"id":"osm:node:2320119254","name":"家樂福超市","nameEn":"Carrefour Market","category":"supermarket","source":"osm","tags":{"operator":"統康生活事業股份有限公司北投分公司"}},"geometry":{"type":"Point","coordinates":[121.50449,25.13623]}},{"type":"Feature","properties":{"id":"osm:node:2321739243","name":"Mia C'bon 超市","category":"supermarket","source":"osm","tags":{"operator":"家福股份有限公司 PRESICARRE CORPORATION"}},"geometry":{"type":"Point","coordinates":[121.57652,24.98866]}},{"type":"Feature","properties":{"id":"osm:node:2338822733","name":"全聯福利中心","nameEn":"Pxmart","category":"supermarket","source":"osm"},"geometry":{"type":"Point","coordinates":[121.53041,25.06042]}},{"type":"Feature","properties":{"id":"osm:node:2341953899","name":"全聯福利中心","nameEn":"Pxmart","category":"supermarket","source":"osm"},"geometry":{"type":"Point","coordinates":[121.52457,25.02715]}},{"type":"Feature","properties":{"id":"osm:node:2347623334","name":"天和鮮物","nameEn":"天和 organic market","category":"supermarket","source":"osm"},"geometry":{"type":"Point","coordinates":[121.52572,25.0457]}},{"type":"Feature","properties":{"id":"osm:node:2355618192","name":"聖德科斯","nameEn":"Santa Cruz","category":"supermarket","source":"osm","tags":{"operator":"統一企業集團"}},"geometry":{"type":"Point","coordinates":[121.54087,24.96655]}},{"type":"Feature","properties":{"id":"osm:node:2382916264","name":"全聯福利中心","nameEn":"Pxmart","category":"supermarket","source":"osm"},"geometry":{"type":"Point","coordinates":[121.52625,25.02265]}},{"type":"Feature","properties":{"id":"osm:node:2386619737","name":"家樂福超市","nameEn":"Carrefour Market","category":"supermarket","source":"osm"},"geometry":{"type":"Point","coordinates":[121.46234,25.12934]}},{"type":"Feature","properties":{"id":"osm:node:2392735282","name":"全聯福利中心","nameEn":"Pxmart","category":"supermarket","source":"osm"},"geometry":{"type":"Point","coordinates":[121.48185,25.00123]}},{"type":"Feature","properties":{"id":"osm:node:2398287835","name":"昌明店","category":"supermarket","source":"osm","tags":{"operator":"美聯社"}},"geometry":{"type":"Point","coordinates":[121.45762,25.05238]}},{"type":"Feature","properties":{"id":"osm:node:2398287836","name":"家樂福超市","nameEn":"Carrefour Market","category":"supermarket","source":"osm"},"geometry":{"type":"Point","coordinates":[121.45739,25.0513]}},{"type":"Feature","properties":{"id":"osm:node:2414201450","name":"家樂福超市","nameEn":"Carrefour Market","category":"supermarket","source":"osm"},"geometry":{"type":"Point","coordinates":[121.50245,25.02836]}},{"type":"Feature","properties":{"id":"osm:node:2414201456","name":"全聯福利中心","nameEn":"Pxmart","category":"supermarket","source":"osm"},"geometry":{"type":"Point","coordinates":[121.50239,25.02865]}},{"type":"Feature","properties":{"id":"osm:node:2419919960","name":"全聯福利中心","nameEn":"Pxmart","category":"supermarket","source":"osm"},"geometry":{"type":"Point","coordinates":[121.55155,25.03036]}},{"type":"Feature","properties":{"id":"osm:node:2433586738","name":"美廉社","nameEn":"Simple Mart","category":"supermarket","source":"osm"},"geometry":{"type":"Point","coordinates":[121.57414,25.08196]}},{"type":"Feature","properties":{"id":"osm:node:2440534414","name":"億萬里特賣廣場","category":"supermarket","source":"osm"},"geometry":{"type":"Point","coordinates":[121.50027,25.03674]}},{"type":"Feature","properties":{"id":"osm:node:2461138529","name":"全聯福利中心","nameEn":"Pxmart","category":"supermarket","source":"osm"},"geometry":{"type":"Point","coordinates":[121.54058,25.04764]}},{"type":"Feature","properties":{"id":"osm:node:2462876031","name":"愛買","nameEn":"A.mart","category":"supermarket","source":"osm","tags":{"operator":"遠東百貨"}},"geometry":{"type":"Point","coordinates":[121.54238,24.99228]}},{"type":"Feature","properties":{"id":"osm:node:2518367445","name":"家樂福超市","nameEn":"Carrefour Market","category":"supermarket","source":"osm"},"geometry":{"type":"Point","coordinates":[121.53362,25.04854]}},{"type":"Feature","properties":{"id":"osm:node:2518367573","name":"家樂福","nameEn":"Carrefour","category":"supermarket","source":"osm","tags":{"operator":"統康生活事業股份有限公司景美分公司"}},"geometry":{"type":"Point","coordinates":[121.53936,24.99232]}},{"type":"Feature","properties":{"id":"osm:node:2527538923","name":"大全聯","category":"supermarket","source":"osm"},"geometry":{"type":"Point","coordinates":[121.54284,25.04592]}},{"type":"Feature","properties":{"id":"osm:node:2531692330","name":"全聯福利中心","nameEn":"Pxmart","category":"supermarket","source":"osm"},"geometry":{"type":"Point","coordinates":[121.54005,24.97226]}},{"type":"Feature","properties":{"id":"osm:node:2569337722","name":"全聯福利中心","nameEn":"Pxmart","category":"supermarket","source":"osm"},"geometry":{"type":"Point","coordinates":[121.51295,25.05406]}},{"type":"Feature","properties":{"id":"osm:node:2575892490","name":"公平超市","category":"supermarket","source":"osm"},"geometry":{"type":"Point","coordinates":[121.52951,25.04122]}},{"type":"Feature","properties":{"id":"osm:node:2592240179","name":"家樂福超市","nameEn":"Carrefour Market","category":"supermarket","source":"osm"},"geometry":{"type":"Point","coordinates":[121.51066,25.01294]}},{"type":"Feature","properties":{"id":"osm:node:2599141642","name":"全聯福利中心","nameEn":"Pxmart","category":"supermarket","source":"osm"},"geometry":{"type":"Point","coordinates":[121.59176,25.08283]}},{"type":"Feature","properties":{"id":"osm:node:2616251905","name":"全聯福利中心","nameEn":"Pxmart","category":"supermarket","source":"osm"},"geometry":{"type":"Point","coordinates":[121.6015,25.08614]}},{"type":"Feature","properties":{"id":"osm:node:2617010889","name":"美廉社","category":"supermarket","source":"osm"},"geometry":{"type":"Point","coordinates":[121.51618,24.96648]}},{"type":"Feature","properties":{"id":"osm:node:2618702195","name":"全聯福利中心","nameEn":"Pxmart","category":"supermarket","source":"osm","tags":{"operator":"全聯實業股份有限公司"}},"geometry":{"type":"Point","coordinates":[121.46102,25.13671]}},{"type":"Feature","properties":{"id":"osm:node:2619661258","name":"家樂福","nameEn":"Carrefour","category":"supermarket","source":"osm"},"geometry":{"type":"Point","coordinates":[121.58852,25.04089]}},{"type":"Feature","properties":{"id":"osm:node:2619665264","name":"美廉社","nameEn":"Simple Mart","category":"supermarket","source":"osm","tags":{"operator":"三商企業集團"}},"geometry":{"type":"Point","coordinates":[121.58458,25.04409]}},{"type":"Feature","properties":{"id":"osm:node:2625629075","name":"全聯福利中心","nameEn":"Pxmart","category":"supermarket","source":"osm"},"geometry":{"type":"Point","coordinates":[121.51381,24.9869]}},{"type":"Feature","properties":{"id":"osm:node:2630791514","name":"美廉社","nameEn":"Simple Mart","category":"supermarket","source":"osm"},"geometry":{"type":"Point","coordinates":[121.51444,24.98843]}},{"type":"Feature","properties":{"id":"osm:node:2632691824","name":"新東陽","nameEn":"Hsin Tung Yang","category":"supermarket","source":"osm"},"geometry":{"type":"Point","coordinates":[121.55547,25.04157]}},{"type":"Feature","properties":{"id":"osm:node:2636660230","name":"全聯福利中心","nameEn":"Pxmart","category":"supermarket","source":"osm","tags":{"operator":"全聯實業"}},"geometry":{"type":"Point","coordinates":[121.45169,25.05227]}},{"type":"Feature","properties":{"id":"osm:node:2636660233","name":"美廉社","nameEn":"Simple Mart","category":"supermarket","source":"osm","tags":{"operator":"三商企業集團"}},"geometry":{"type":"Point","coordinates":[121.45264,25.05324]}},{"type":"Feature","properties":{"id":"osm:node:2639372626","name":"大全聯","category":"supermarket","source":"osm"},"geometry":{"type":"Point","coordinates":[121.51616,24.9924]}},{"type":"Feature","properties":{"id":"osm:node:2667124117","name":"全聯福利中心","nameEn":"Pxmart","category":"supermarket","source":"osm"},"geometry":{"type":"Point","coordinates":[121.5378,24.98096]}},{"type":"Feature","properties":{"id":"osm:node:2668935835","name":"家樂福超市","nameEn":"Carrefour Market","category":"supermarket","source":"osm"},"geometry":{"type":"Point","coordinates":[121.48005,24.96212]}},{"type":"Feature","properties":{"id":"osm:node:2686002335","name":"家樂福超市","nameEn":"Carrefour Market","category":"supermarket","source":"osm"},"geometry":{"type":"Point","coordinates":[121.54604,25.13636]}},{"type":"Feature","properties":{"id":"osm:node:2691292092","name":"小北百貨","category":"supermarket","source":"osm"},"geometry":{"type":"Point","coordinates":[121.49618,24.99361]}},{"type":"Feature","properties":{"id":"osm:node:2691327768","name":"全聯福利中心","nameEn":"Pxmart","category":"supermarket","source":"osm"},"geometry":{"type":"Point","coordinates":[121.50031,24.99387]}},{"type":"Feature","properties":{"id":"osm:node:2708095316","name":"大全聯","nameEn":"Mega PX Mart","category":"supermarket","source":"osm"},"geometry":{"type":"Point","coordinates":[121.49913,25.00332]}},{"type":"Feature","properties":{"id":"osm:node:2713719850","name":"家樂福超市","nameEn":"Carrefour Market","category":"supermarket","source":"osm"},"geometry":{"type":"Point","coordinates":[121.53936,24.978]}},{"type":"Feature","properties":{"id":"osm:node:2736679442","name":"家樂福超市","nameEn":"Carrefour Market","category":"supermarket","source":"osm"},"geometry":{"type":"Point","coordinates":[121.51117,24.99099]}},{"type":"Feature","properties":{"id":"osm:node:2744857479","name":"全聯福利中心","nameEn":"Pxmart","category":"supermarket","source":"osm","tags":{"operator":"全聯實業股份有限公司"}},"geometry":{"type":"Point","coordinates":[121.52447,25.04432]}},{"type":"Feature","properties":{"id":"osm:node:2787513576","name":"太平洋鮮活超市","category":"supermarket","source":"osm"},"geometry":{"type":"Point","coordinates":[121.55167,25.04051]}},{"type":"Feature","properties":{"id":"osm:node:2799088224","name":"全聯福利中心","nameEn":"Pxmart","category":"supermarket","source":"osm"},"geometry":{"type":"Point","coordinates":[121.45325,25.04488]}},{"type":"Feature","properties":{"id":"osm:node:2799088232","name":"美聯社","category":"supermarket","source":"osm"},"geometry":{"type":"Point","coordinates":[121.45428,25.0453]}},{"type":"Feature","properties":{"id":"osm:node:2866653852","name":"家樂福超市","nameEn":"Carrefour Market","category":"supermarket","source":"osm"},"geometry":{"type":"Point","coordinates":[121.54351,24.99853]}},{"type":"Feature","properties":{"id":"osm:node:2887583314","name":"全聯福利中心","nameEn":"Pxmart","category":"supermarket","source":"osm","tags":{"operator":"全聯實業股份有限公司"}},"geometry":{"type":"Point","coordinates":[121.55482,25.05857]}},{"type":"Feature","properties":{"id":"osm:node:2908613469","name":"全聯福利中心","nameEn":"Pxmart","category":"supermarket","source":"osm","tags":{"operator":"全聯實業股份有限公司"}},"geometry":{"type":"Point","coordinates":[121.45038,25.1725]}},{"type":"Feature","properties":{"id":"osm:node:2918840647","name":"全聯福利中心","nameEn":"Pxmart","category":"supermarket","source":"osm"},"geometry":{"type":"Point","coordinates":[121.50408,25.04035]}},{"type":"Feature","properties":{"id":"osm:node:2924915550","name":"全聯福利中心","nameEn":"Pxmart","category":"supermarket","source":"osm"},"geometry":{"type":"Point","coordinates":[121.50303,24.99601]}},{"type":"Feature","properties":{"id":"osm:node:2924917844","name":"全聯福利中心","nameEn":"Pxmart","category":"supermarket","source":"osm"},"geometry":{"type":"Point","coordinates":[121.49861,24.99937]}},{"type":"Feature","properties":{"id":"osm:node:2924918333","name":"美廉社","nameEn":"Simple Mart","category":"supermarket","source":"osm","tags":{"operator":"三商企業集團"}},"geometry":{"type":"Point","coordinates":[121.50197,24.99838]}},{"type":"Feature","properties":{"id":"osm:node:2931294191","name":"家樂福超市","nameEn":"Carrefour Market","category":"supermarket","source":"osm"},"geometry":{"type":"Point","coordinates":[121.524,24.97784]}},{"type":"Feature","properties":{"id":"osm:node:2949646076","name":"全聯福利中心","nameEn":"Pxmart","category":"supermarket","source":"osm"},"geometry":{"type":"Point","coordinates":[121.5258,25.06525]}},{"type":"Feature","properties":{"id":"osm:node:2950841623","name":"全聯福利中心","nameEn":"Pxmart","category":"supermarket","source":"osm"},"geometry":{"type":"Point","coordinates":[121.51303,25.05686]}},{"type":"Feature","properties":{"id":"osm:node:2953696792","name":"全聯福利中心","nameEn":"Pxmart","category":"supermarket","source":"osm"},"geometry":{"type":"Point","coordinates":[121.56582,24.98856]}},{"type":"Feature","properties":{"id":"osm:node:2953726270","name":"全聯福利中心","nameEn":"Pxmart","category":"supermarket","source":"osm"},"geometry":{"type":"Point","coordinates":[121.5631,24.98453]}},{"type":"Feature","properties":{"id":"osm:node:2962738780","name":"全聯福利中心","nameEn":"Pxmart","category":"supermarket","source":"osm"},"geometry":{"type":"Point","coordinates":[121.54383,25.02597]}},{"type":"Feature","properties":{"id":"osm:node:2962739999","name":"全聯福利中心","nameEn":"Pxmart","category":"supermarket","source":"osm"},"geometry":{"type":"Point","coordinates":[121.56743,25.04345]}},{"type":"Feature","properties":{"id":"osm:node:2975425049","name":"全聯福利中心","nameEn":"Pxmart","category":"supermarket","source":"osm"},"geometry":{"type":"Point","coordinates":[121.5684,24.98855]}},{"type":"Feature","properties":{"id":"osm:node:2977303920","name":"美廉社","nameEn":"Simple Mart","category":"supermarket","source":"osm","tags":{"operator":"三商企業集團"}},"geometry":{"type":"Point","coordinates":[121.51176,25.00742]}},{"type":"Feature","properties":{"id":"osm:node:2977557660","name":"聖德科斯","nameEn":"Santa Cruz","category":"supermarket","source":"osm","tags":{"operator":"統一企業集團"}},"geometry":{"type":"Point","coordinates":[121.53143,25.01829]}},{"type":"Feature","properties":{"id":"osm:node:2978376919","name":"家樂福超市","nameEn":"Carrefour Market","category":"supermarket","source":"osm"},"geometry":{"type":"Point","coordinates":[121.51054,25.00225]}},{"type":"Feature","properties":{"id":"osm:node:2994429859","name":"全聯福利中心","nameEn":"Pxmart","category":"supermarket","source":"osm"},"geometry":{"type":"Point","coordinates":[121.61728,25.04465]}},{"type":"Feature","properties":{"id":"osm:node:3024920767","name":"美廉社","nameEn":"Simple Mart","category":"supermarket","source":"osm","tags":{"operator":"三商企業集團"}},"geometry":{"type":"Point","coordinates":[121.58864,25.03962]}},{"type":"Feature","properties":{"id":"osm:node:3028959467","name":"美廉社","nameEn":"Simple Mart","category":"supermarket","source":"osm","tags":{"operator":"三商企業集團"}},"geometry":{"type":"Point","coordinates":[121.58557,25.03992]}},{"type":"Feature","properties":{"id":"osm:node:3028959474","name":"全聯福利中心","nameEn":"Pxmart","category":"supermarket","source":"osm"},"geometry":{"type":"Point","coordinates":[121.58243,25.04392]}},{"type":"Feature","properties":{"id":"osm:node:3035134379","name":"全聯福利中心","nameEn":"Pxmart","category":"supermarket","source":"osm","tags":{"operator":"全聯實業股份有限公司"}},"geometry":{"type":"Point","coordinates":[121.50218,25.13845]}},{"type":"Feature","properties":{"id":"osm:node:3051314200","name":"全聯福利中心","nameEn":"Pxmart","category":"supermarket","source":"osm","tags":{"operator":"全聯"}},"geometry":{"type":"Point","coordinates":[121.46985,25.07214]}},{"type":"Feature","properties":{"id":"osm:node:3051933353","name":"泰國超市","nameEn":"Super Thai","category":"supermarket","source":"osm"},"geometry":{"type":"Point","coordinates":[121.50214,25.12641]}},{"type":"Feature","properties":{"id":"osm:node:3063125907","name":"台灣主婦聯盟生活消費合作社","category":"supermarket","source":"osm"},"geometry":{"type":"Point","coordinates":[121.55029,25.04549]}},{"type":"Feature","properties":{"id":"osm:node:3093798934","name":"全聯福利中心","nameEn":"Pxmart","category":"supermarket","source":"osm"},"geometry":{"type":"Point","coordinates":[121.51744,24.99985]}},{"type":"Feature","properties":{"id":"osm:node:3113986362","name":"美客超商","nameEn":"Miko Supermarket","category":"supermarket","source":"osm"},"geometry":{"type":"Point","coordinates":[121.53473,25.03515]}},{"type":"Feature","properties":{"id":"osm:node:3116012536","name":"愛買永和店","category":"supermarket","source":"osm"},"geometry":{"type":"Point","coordinates":[121.52095,24.99645]}},{"type":"Feature","properties":{"id":"osm:node:3130676948","name":"全聯福利中心","nameEn":"Pxmart","category":"supermarket","source":"osm"},"geometry":{"type":"Point","coordinates":[121.50211,25.032]}},{"type":"Feature","properties":{"id":"osm:node:3132920749","name":"全聯福利中心","nameEn":"Pxmart","category":"supermarket","source":"osm"},"geometry":{"type":"Point","coordinates":[121.45112,24.98636]}},{"type":"Feature","properties":{"id":"osm:node:3136788998","name":"聖德科斯","nameEn":"Santa Cruz","category":"supermarket","source":"osm","tags":{"operator":"統一企業集團"}},"geometry":{"type":"Point","coordinates":[121.52217,25.09464]}},{"type":"Feature","properties":{"id":"osm:node:3196909523","name":"聖德科斯","nameEn":"Santa Cruz","category":"supermarket","source":"osm","tags":{"operator":"統一企業集團"}},"geometry":{"type":"Point","coordinates":[121.55118,25.04803]}},{"type":"Feature","properties":{"id":"osm:node:3198287468","name":"全聯福利中心","nameEn":"Pxmart","category":"supermarket","source":"osm"},"geometry":{"type":"Point","coordinates":[121.4613,25.08357]}},{"type":"Feature","properties":{"id":"osm:node:3208685150","name":"美廉社","nameEn":"Simple Mart","category":"supermarket","source":"osm","tags":{"operator":"三商企業集團"}},"geometry":{"type":"Point","coordinates":[121.51259,25.01372]}},{"type":"Feature","properties":{"id":"osm:node:3210313411","name":"全聯福利中心","nameEn":"Pxmart","category":"supermarket","source":"osm"},"geometry":{"type":"Point","coordinates":[121.54525,25.02551]}},{"type":"Feature","properties":{"id":"osm:node:3230888014","name":"全聯福利中心","nameEn":"Pxmart","category":"supermarket","source":"osm"},"geometry":{"type":"Point","coordinates":[121.58594,25.06794]}},{"type":"Feature","properties":{"id":"osm:node:3232472250","name":"全聯福利中心","nameEn":"Pxmart","category":"supermarket","source":"osm"},"geometry":{"type":"Point","coordinates":[121.61342,25.06971]}},{"type":"Feature","properties":{"id":"osm:node:3232473746","name":"全聯福利中心","nameEn":"Pxmart","category":"supermarket","source":"osm"},"geometry":{"type":"Point","coordinates":[121.60926,25.06973]}},{"type":"Feature","properties":{"id":"osm:node:3232568867","name":"全聯福利中心","nameEn":"Pxmart","category":"supermarket","source":"osm"},"geometry":{"type":"Point","coordinates":[121.61619,25.06808]}},{"type":"Feature","properties":{"id":"osm:node:3234807768","name":"寶雅板橋南雅店","category":"supermarket","source":"osm","tags":{"operator":"寶雅國際"}},"geometry":{"type":"Point","coordinates":[121.456,25.00601]}},{"type":"Feature","properties":{"id":"osm:node:3235379084","name":"屈臣氏","category":"supermarket","source":"osm","tags":{"operator":"台灣屈臣氏個人用品商店"}},"geometry":{"type":"Point","coordinates":[121.45625,25.00653]}},{"type":"Feature","properties":{"id":"osm:node:3292266265","name":"全聯福利中心","nameEn":"Pxmart","category":"supermarket","source":"osm"},"geometry":{"type":"Point","coordinates":[121.53895,25.05412]}},{"type":"Feature","properties":{"id":"osm:node:3294413269","name":"大鵬福利站","category":"supermarket","source":"osm"},"geometry":{"type":"Point","coordinates":[121.5343,24.99094]}},{"type":"Feature","properties":{"id":"osm:node:3304641844","name":"全聯福利中心","nameEn":"Pxmart","category":"supermarket","source":"osm"},"geometry":{"type":"Point","coordinates":[121.5476,25.04105]}},{"type":"Feature","properties":{"id":"osm:node:3304642007","name":"家樂福超市","nameEn":"Carrefour Market","category":"supermarket","source":"osm"},"geometry":{"type":"Point","coordinates":[121.54681,25.04184]}},{"type":"Feature","properties":{"id":"osm:node:3305333376","name":"義美食品","category":"supermarket","source":"osm"},"geometry":{"type":"Point","coordinates":[121.57836,25.079]}},{"type":"Feature","properties":{"id":"osm:node:3320192390","name":"美廉社","nameEn":"Simple Mart","category":"supermarket","source":"osm"},"geometry":{"type":"Point","coordinates":[121.45895,24.97251]}},{"type":"Feature","properties":{"id":"osm:node:3336564662","name":"祥欣平價","category":"supermarket","source":"osm"},"geometry":{"type":"Point","coordinates":[121.47356,25.00059]}},{"type":"Feature","properties":{"id":"osm:node:3336564689","name":"美廉社","nameEn":"Simple Mart","category":"supermarket","source":"osm","tags":{"operator":"三商企業集團"}},"geometry":{"type":"Point","coordinates":[121.47302,25.00044]}},{"type":"Feature","properties":{"id":"osm:node:3338645440","name":"美廉社","nameEn":"Simple Mart","category":"supermarket","source":"osm","tags":{"operator":"三商企業集團"}},"geometry":{"type":"Point","coordinates":[121.51061,25.01307]}},{"type":"Feature","properties":{"id":"osm:node:3343597133","name":"全聯福利中心","nameEn":"Pxmart","category":"supermarket","source":"osm"},"geometry":{"type":"Point","coordinates":[121.473,25.02907]}},{"type":"Feature","properties":{"id":"osm:node:3359355294","name":"家樂福超市","nameEn":"Carrefour Market","category":"supermarket","source":"osm"},"geometry":{"type":"Point","coordinates":[121.66325,25.07285]}},{"type":"Feature","properties":{"id":"osm:node:3359356193","name":"全聯福利中心","nameEn":"Pxmart","category":"supermarket","source":"osm"},"geometry":{"type":"Point","coordinates":[121.66336,25.07322]}},{"type":"Feature","properties":{"id":"osm:node:3380936905","name":"家樂福超市","nameEn":"Carrefour Market","category":"supermarket","source":"osm"},"geometry":{"type":"Point","coordinates":[121.47986,25.00568]}},{"type":"Feature","properties":{"id":"osm:node:3384293547","name":"全聯福利中心","nameEn":"Pxmart","category":"supermarket","source":"osm"},"geometry":{"type":"Point","coordinates":[121.56162,24.98503]}},{"type":"Feature","properties":{"id":"osm:node:3417501603","name":"美廉社","nameEn":"Simple Mart","category":"supermarket","source":"osm","tags":{"operator":"三商企業集團"}},"geometry":{"type":"Point","coordinates":[121.49832,24.9957]}},{"type":"Feature","properties":{"id":"osm:node:3444671418","name":"全聯福利中心","nameEn":"Pxmart","category":"supermarket","source":"osm"},"geometry":{"type":"Point","coordinates":[121.46182,25.00646]}},{"type":"Feature","properties":{"id":"osm:node:3448496646","name":"全聯福利中心","nameEn":"Pxmart","category":"supermarket","source":"osm"},"geometry":{"type":"Point","coordinates":[121.51118,25.12014]}},{"type":"Feature","properties":{"id":"osm:node:3450799206","name":"大貿百貨生活館","category":"supermarket","source":"osm"},"geometry":{"type":"Point","coordinates":[121.49505,24.99631]}},{"type":"Feature","properties":{"id":"osm:node:3464721415","name":"裕豐商行","category":"supermarket","source":"osm"},"geometry":{"type":"Point","coordinates":[121.50403,24.99689]}},{"type":"Feature","properties":{"id":"osm:node:3474995694","name":"家樂福超市","nameEn":"Carrefour Market","category":"supermarket","source":"osm"},"geometry":{"type":"Point","coordinates":[121.57499,24.99903]}},{"type":"Feature","properties":{"id":"osm:node:3475002893","name":"美廉社","nameEn":"Simple Mart","category":"supermarket","source":"osm"},"geometry":{"type":"Point","coordinates":[121.56724,25.00203]}},{"type":"Feature","properties":{"id":"osm:node:3493014874","name":"美廉社","nameEn":"Simple Mart","category":"supermarket","source":"osm","tags":{"operator":"三商企業集團"}},"geometry":{"type":"Point","coordinates":[121.49817,24.99813]}},{"type":"Feature","properties":{"id":"osm:node:3510132659","name":"紅粧行 (Pretty Box)","category":"supermarket","source":"osm"},"geometry":{"type":"Point","coordinates":[121.4776,25.01795]}},{"type":"Feature","properties":{"id":"osm:node:3528629834","name":"全聯福利中心","nameEn":"Pxmart","category":"supermarket","source":"osm","tags":{"operator":"全聯實業股份有限公司"}},"geometry":{"type":"Point","coordinates":[121.51734,25.03143]}},{"type":"Feature","properties":{"id":"osm:node:3577957566","name":"全聯福利中心","nameEn":"Pxmart","category":"supermarket","source":"osm"},"geometry":{"type":"Point","coordinates":[121.45472,25.0114]}},{"type":"Feature","properties":{"id":"osm:node:3590042695","name":"美廉社","nameEn":"Simple Mart","category":"supermarket","source":"osm","tags":{"operator":"三商企業集團"}},"geometry":{"type":"Point","coordinates":[121.54076,24.97072]}},{"type":"Feature","properties":{"id":"osm:node:3595587208","name":"全聯福利中心","nameEn":"Pxmart","category":"supermarket","source":"osm","tags":{"operator":"全聯實業股份有限公司"}},"geometry":{"type":"Point","coordinates":[121.52026,25.03256]}},{"type":"Feature","properties":{"id":"osm:node:3612895893","name":"無毒的家","category":"supermarket","source":"osm"},"geometry":{"type":"Point","coordinates":[121.5572,25.04055]}},{"type":"Feature","properties":{"id":"osm:node:3617267762","name":"8more 鮮物專賣店","category":"supermarket","source":"osm"},"geometry":{"type":"Point","coordinates":[121.55499,25.04943]}},{"type":"Feature","properties":{"id":"osm:node:3617826824","name":"【漿自然】全鼎香食品","category":"supermarket","source":"osm"},"geometry":{"type":"Point","coordinates":[121.56237,25.08467]}},{"type":"Feature","properties":{"id":"osm:node:3622812490","name":"家樂福","nameEn":"Carrefour","category":"supermarket","source":"osm","tags":{"operator":"家福股份有限公司"}},"geometry":{"type":"Point","coordinates":[121.47948,25.01773]}},{"type":"Feature","properties":{"id":"osm:node:3643750725","name":"家樂福超市","nameEn":"Carrefour Market","category":"supermarket","source":"osm"},"geometry":{"type":"Point","coordinates":[121.65383,25.06598]}},{"type":"Feature","properties":{"id":"osm:node:3652836155","name":"全聯福利中心","nameEn":"Pxmart","category":"supermarket","source":"osm"},"geometry":{"type":"Point","coordinates":[121.536,24.97171]}},{"type":"Feature","properties":{"id":"osm:node:3652886213","name":"全聯福利中心","nameEn":"Pxmart","category":"supermarket","source":"osm"},"geometry":{"type":"Point","coordinates":[121.53631,24.97564]}},{"type":"Feature","properties":{"id":"osm:node:3670374300","name":"全聯福利中心","nameEn":"Pxmart","category":"supermarket","source":"osm"},"geometry":{"type":"Point","coordinates":[121.55447,25.04405]}},{"type":"Feature","properties":{"id":"osm:node:3671191751","name":"寶雅板橋重慶店","category":"supermarket","source":"osm"},"geometry":{"type":"Point","coordinates":[121.46342,25.00038]}},{"type":"Feature","properties":{"id":"osm:node:3695581476","name":"美廉社","nameEn":"Simple Mart","category":"supermarket","source":"osm","tags":{"operator":"三商企業集團"}},"geometry":{"type":"Point","coordinates":[121.54425,24.97149]}},{"type":"Feature","properties":{"id":"osm:node:3700823870","name":"家樂福","nameEn":"Carrefour","category":"supermarket","source":"osm","tags":{"operator":"家福股份有限公司"}},"geometry":{"type":"Point","coordinates":[121.45725,25.08817]}},{"type":"Feature","properties":{"id":"osm:node:3700965678","name":"全聯福利中心","nameEn":"Pxmart","category":"supermarket","source":"osm"},"geometry":{"type":"Point","coordinates":[121.46572,25.08035]}},{"type":"Feature","properties":{"id":"osm:node:3700965690","name":"鑫上億","category":"supermarket","source":"osm"},"geometry":{"type":"Point","coordinates":[121.46488,25.08129]}},{"type":"Feature","properties":{"id":"osm:node:3708200047","name":"美廉社","nameEn":"Simple Mart","category":"supermarket","source":"osm","tags":{"operator":"三商企業集團"}},"geometry":{"type":"Point","coordinates":[121.48377,25.00047]}},{"type":"Feature","properties":{"id":"osm:node:3710929584","name":"全聯福利中心","nameEn":"Pxmart","category":"supermarket","source":"osm"},"geometry":{"type":"Point","coordinates":[121.53131,25.02262]}},{"type":"Feature","properties":{"id":"osm:node:3720429048","name":"全聯福利中心","nameEn":"Pxmart","category":"supermarket","source":"osm"},"geometry":{"type":"Point","coordinates":[121.49843,25.06943]}},{"type":"Feature","properties":{"id":"osm:node:3720429188","name":"義美食品","category":"supermarket","source":"osm"},"geometry":{"type":"Point","coordinates":[121.49742,25.06424]}},{"type":"Feature","properties":{"id":"osm:node:3722705745","name":"我愛你學田","category":"supermarket","source":"osm"},"geometry":{"type":"Point","coordinates":[121.54011,25.02742]}},{"type":"Feature","properties":{"id":"osm:node:3727698330","name":"家樂福","nameEn":"Carrefour","category":"supermarket","source":"osm"},"geometry":{"type":"Point","coordinates":[121.50473,24.99323]}},{"type":"Feature","properties":{"id":"osm:node:3745521693","name":"Proud Cat Bike.co","category":"supermarket","source":"osm","tags":{"operator":"Proud Cat Bike.co"}},"geometry":{"type":"Point","coordinates":[121.50571,25.03284]}},{"type":"Feature","properties":{"id":"osm:node:3751092265","name":"美廉社","nameEn":"Simple Mart","category":"supermarket","source":"osm","tags":{"operator":"三商企業集團"}},"geometry":{"type":"Point","coordinates":[121.52986,25.06665]}},{"type":"Feature","properties":{"id":"osm:node:3759762857","name":"美廉社","nameEn":"Simple Mart","category":"supermarket","source":"osm"},"geometry":{"type":"Point","coordinates":[121.64578,25.08947]}},{"type":"Feature","properties":{"id":"osm:node:3778312616","name":"全聯福利中心","nameEn":"Pxmart","category":"supermarket","source":"osm"},"geometry":{"type":"Point","coordinates":[121.53293,25.06064]}},{"type":"Feature","properties":{"id":"osm:node:3784303383","name":"全聯福利中心","nameEn":"Pxmart","category":"supermarket","source":"osm"},"geometry":{"type":"Point","coordinates":[121.51925,25.11108]}},{"type":"Feature","properties":{"id":"osm:node:3785978440","name":"家樂福超市","nameEn":"Carrefour Market","category":"supermarket","source":"osm"},"geometry":{"type":"Point","coordinates":[121.52104,25.11158]}},{"type":"Feature","properties":{"id":"osm:node:3788212989","name":"全聯福利中心","nameEn":"Pxmart","category":"supermarket","source":"osm"},"geometry":{"type":"Point","coordinates":[121.51135,25.11707]}},{"type":"Feature","properties":{"id":"osm:node:3793248075","name":"全聯福利中心","nameEn":"Pxmart","category":"supermarket","source":"osm"},"geometry":{"type":"Point","coordinates":[121.49268,25.13781]}},{"type":"Feature","properties":{"id":"osm:node:3797638103","name":"美廉社","nameEn":"Simple Mart","category":"supermarket","source":"osm","tags":{"operator":"三商企業集團"}},"geometry":{"type":"Point","coordinates":[121.50912,25.01538]}},{"type":"Feature","properties":{"id":"osm:node:3812406120","name":"美廉社","nameEn":"Simple Mart","category":"supermarket","source":"osm","tags":{"operator":"三商企業集團"}},"geometry":{"type":"Point","coordinates":[121.5467,24.99577]}},{"type":"Feature","properties":{"id":"osm:node:3826876966","name":"家樂福超市","nameEn":"Carrefour Market","category":"supermarket","source":"osm"},"geometry":{"type":"Point","coordinates":[121.53455,25.0256]}},{"type":"Feature","properties":{"id":"osm:node:3831993357","name":"美廉社","nameEn":"Simple Mart","category":"supermarket","source":"osm","tags":{"operator":"三商企業集團"}},"geometry":{"type":"Point","coordinates":[121.48216,24.99748]}},{"type":"Feature","properties":{"id":"osm:node:3835316835","name":"家樂福超市","nameEn":"Carrefour Market","category":"supermarket","source":"osm"},"geometry":{"type":"Point","coordinates":[121.55797,24.98182]}},{"type":"Feature","properties":{"id":"osm:node:3835327758","name":"美廉社","nameEn":"Simple Mart","category":"supermarket","source":"osm","tags":{"operator":"三商企業集團"}},"geometry":{"type":"Point","coordinates":[121.55885,24.98349]}},{"type":"Feature","properties":{"id":"osm:node:3835339690","name":"家樂福超市","nameEn":"Carrefour Market","category":"supermarket","source":"osm"},"geometry":{"type":"Point","coordinates":[121.56883,24.98418]}},{"type":"Feature","properties":{"id":"osm:node:3835355487","name":"美廉社","nameEn":"Simple Mart","category":"supermarket","source":"osm","tags":{"operator":"三商企業集團"}},"geometry":{"type":"Point","coordinates":[121.55649,24.9805]}},{"type":"Feature","properties":{"id":"osm:node:3843183295","name":"永利行","category":"supermarket","source":"osm"},"geometry":{"type":"Point","coordinates":[121.50978,25.05805]}},{"type":"Feature","properties":{"id":"osm:node:3846209332","name":"全聯福利中心","nameEn":"Pxmart","category":"supermarket","source":"osm"},"geometry":{"type":"Point","coordinates":[121.56703,24.98266]}},{"type":"Feature","properties":{"id":"osm:node:3854656930","name":"全聯福利中心","nameEn":"Pxmart","category":"supermarket","source":"osm","tags":{"operator":"全聯"}},"geometry":{"type":"Point","coordinates":[121.5258,25.06455]}},{"type":"Feature","properties":{"id":"osm:node:3884769306","name":"全聯福利中心","nameEn":"Pxmart","category":"supermarket","source":"osm"},"geometry":{"type":"Point","coordinates":[121.63217,25.06575]}},{"type":"Feature","properties":{"id":"osm:node:3896400679","name":"全聯福利中心","nameEn":"Pxmart","category":"supermarket","source":"osm"},"geometry":{"type":"Point","coordinates":[121.59676,25.08096]}},{"type":"Feature","properties":{"id":"osm:node:3903935839","name":"全聯福利中心","nameEn":"Pxmart","category":"supermarket","source":"osm"},"geometry":{"type":"Point","coordinates":[121.51058,24.99629]}},{"type":"Feature","properties":{"id":"osm:node:3914586582","name":"愛維根超市","nameEn":"iVegan","category":"supermarket","source":"osm"},"geometry":{"type":"Point","coordinates":[121.53732,25.00078]}},{"type":"Feature","properties":{"id":"osm:node:3924732664","name":"全聯福利中心","nameEn":"Pxmart","category":"supermarket","source":"osm","tags":{"operator":"全聯實業股份有限公司"}},"geometry":{"type":"Point","coordinates":[121.50751,25.03376]}},{"type":"Feature","properties":{"id":"osm:node:3939158507","name":"家樂福超市","nameEn":"Carrefour Market","category":"supermarket","source":"osm"},"geometry":{"type":"Point","coordinates":[121.53068,25.02664]}},{"type":"Feature","properties":{"id":"osm:node:3953226311","name":"家樂福超市","nameEn":"Carrefour Market","category":"supermarket","source":"osm"},"geometry":{"type":"Point","coordinates":[121.46054,25.13507]}},{"type":"Feature","properties":{"id":"osm:node:4043621266","name":"南機場福利站","category":"supermarket","source":"osm"},"geometry":{"type":"Point","coordinates":[121.50393,25.02938]}},{"type":"Feature","properties":{"id":"osm:node:4043621674","name":"美廉社","nameEn":"Simple Mart","category":"supermarket","source":"osm","tags":{"operator":"三商企業集團"}},"geometry":{"type":"Point","coordinates":[121.50683,25.02952]}},{"type":"Feature","properties":{"id":"osm:node:4045352261","name":"全聯福利中心","nameEn":"Pxmart","category":"supermarket","source":"osm"},"geometry":{"type":"Point","coordinates":[121.49928,25.00542]}},{"type":"Feature","properties":{"id":"osm:node:4045352262","name":"全聯福利中心","nameEn":"Pxmart","category":"supermarket","source":"osm"},"geometry":{"type":"Point","coordinates":[121.52273,25.00784]}},{"type":"Feature","properties":{"id":"osm:node:4045352263","name":"全聯福利中心","nameEn":"Pxmart","category":"supermarket","source":"osm"},"geometry":{"type":"Point","coordinates":[121.51493,25.01031]}},{"type":"Feature","properties":{"id":"osm:node:4045381160","name":"全聯福利中心","nameEn":"Pxmart","category":"supermarket","source":"osm","tags":{"operator":"全聯實業股份有限公司"}},"geometry":{"type":"Point","coordinates":[121.46265,25.03095]}},{"type":"Feature","properties":{"id":"osm:node:4050767730","name":"安永鮮物","category":"supermarket","source":"osm"},"geometry":{"type":"Point","coordinates":[121.56353,25.05517]}},{"type":"Feature","properties":{"id":"osm:node:4050767771","name":"義美食品","category":"supermarket","source":"osm"},"geometry":{"type":"Point","coordinates":[121.56346,25.05592]}},{"type":"Feature","properties":{"id":"osm:node:4050767773","name":"里仁","nameEn":"Leezen","category":"supermarket","source":"osm"},"geometry":{"type":"Point","coordinates":[121.5634,25.05728]}},{"type":"Feature","properties":{"id":"osm:node:4058075231","name":"美廉社","nameEn":"Simple Mart","category":"supermarket","source":"osm","tags":{"operator":"三商企業集團"}},"geometry":{"type":"Point","coordinates":[121.57621,25.03896]}},{"type":"Feature","properties":{"id":"osm:node:4082740455","name":"美廉社","nameEn":"Simple Mart","category":"supermarket","source":"osm","tags":{"operator":"三商企業集團"}},"geometry":{"type":"Point","coordinates":[121.55341,25.0199]}},{"type":"Feature","properties":{"id":"osm:node:4085141427","name":"全聯福利中心","nameEn":"Pxmart","category":"supermarket","source":"osm"},"geometry":{"type":"Point","coordinates":[121.45199,24.99729]}},{"type":"Feature","properties":{"id":"osm:node:4102306889","name":"Mia C'bon","category":"supermarket","source":"osm"},"geometry":{"type":"Point","coordinates":[121.52564,25.05404]}},{"type":"Feature","properties":{"id":"osm:node:4108971712","name":"里仁","nameEn":"Leezen","category":"supermarket","source":"osm"},"geometry":{"type":"Point","coordinates":[121.5353,25.05172]}},{"type":"Feature","properties":{"id":"osm:node:4111168089","name":"家樂福超市","nameEn":"Carrefour Market","category":"supermarket","source":"osm"},"geometry":{"type":"Point","coordinates":[121.6424,25.06583]}},{"type":"Feature","properties":{"id":"osm:node:4138745203","name":"全聯福利中心","nameEn":"Pxmart","category":"supermarket","source":"osm"},"geometry":{"type":"Point","coordinates":[121.56361,25.0579]}},{"type":"Feature","properties":{"id":"osm:node:4138748294","name":"全聯福利中心","nameEn":"Pxmart","category":"supermarket","source":"osm"},"geometry":{"type":"Point","coordinates":[121.56246,25.05076]}},{"type":"Feature","properties":{"id":"osm:node:4147270453","name":"全聯福利中心","nameEn":"Pxmart","category":"supermarket","source":"osm"},"geometry":{"type":"Point","coordinates":[121.47729,25.03051]}},{"type":"Feature","properties":{"id":"osm:node:4149458765","name":"聖德科斯","nameEn":"Santa Cruz","category":"supermarket","source":"osm","tags":{"operator":"統一企業集團"}},"geometry":{"type":"Point","coordinates":[121.54543,25.07965]}},{"type":"Feature","properties":{"id":"osm:node:4179795024","name":"全聯福利中心","nameEn":"Pxmart","category":"supermarket","source":"osm"},"geometry":{"type":"Point","coordinates":[121.49411,25.07168]}},{"type":"Feature","properties":{"id":"osm:node:4198238513","name":"全聯福利中心","nameEn":"Pxmart","category":"supermarket","source":"osm"},"geometry":{"type":"Point","coordinates":[121.52873,25.05129]}},{"type":"Feature","properties":{"id":"osm:node:4200643955","name":"美廉社","nameEn":"Simple Mart","category":"supermarket","source":"osm","tags":{"operator":"三商企業集團"}},"geometry":{"type":"Point","coordinates":[121.55212,25.00003]}},{"type":"Feature","properties":{"id":"osm:node:4200643956","name":"美廉社","nameEn":"Simple Mart","category":"supermarket","source":"osm","tags":{"operator":"三商企業集團"}},"geometry":{"type":"Point","coordinates":[121.54961,25.0012]}},{"type":"Feature","properties":{"id":"osm:node:4205229645","name":"全聯福利中心","nameEn":"Pxmart","category":"supermarket","source":"osm"},"geometry":{"type":"Point","coordinates":[121.54639,25.05617]}},{"type":"Feature","properties":{"id":"osm:node:4205230072","name":"聖德科斯興安門市","category":"supermarket","source":"osm"},"geometry":{"type":"Point","coordinates":[121.54354,25.05616]}},{"type":"Feature","properties":{"id":"osm:node:4244705837","name":"全聯福利中心","nameEn":"Pxmart","category":"supermarket","source":"osm"},"geometry":{"type":"Point","coordinates":[121.52635,25.12427]}},{"type":"Feature","properties":{"id":"osm:node:4255816907","name":"supermarket 4255816907","category":"supermarket","source":"osm"},"geometry":{"type":"Point","coordinates":[121.51968,25.12008]}},{"type":"Feature","properties":{"id":"osm:node:4269582537","name":"餅之舖","category":"supermarket","source":"osm"},"geometry":{"type":"Point","coordinates":[121.5406,25.04135]}},{"type":"Feature","properties":{"id":"osm:node:4271736393","name":"蘆洲龍方雞鴨商","category":"supermarket","source":"osm"},"geometry":{"type":"Point","coordinates":[121.46375,25.08178]}},{"type":"Feature","properties":{"id":"osm:node:4285676175","name":"家樂福","nameEn":"Carrefour","category":"supermarket","source":"osm","tags":{"operator":"Carrefour"}},"geometry":{"type":"Point","coordinates":[121.64979,25.06228]}},{"type":"Feature","properties":{"id":"osm:node:4298923840","name":"樂菲有機超市","category":"supermarket","source":"osm"},"geometry":{"type":"Point","coordinates":[121.55726,25.03721]}},{"type":"Feature","properties":{"id":"osm:node:4298923844","name":"家樂福超市","nameEn":"Carrefour Market","category":"supermarket","source":"osm"},"geometry":{"type":"Point","coordinates":[121.55642,25.03731]}},{"type":"Feature","properties":{"id":"osm:node:4298940670","name":"全聯福利中心","nameEn":"Pxmart","category":"supermarket","source":"osm"},"geometry":{"type":"Point","coordinates":[121.55539,25.039]}},{"type":"Feature","properties":{"id":"osm:node:4307554239","name":"美簾社","category":"supermarket","source":"osm"},"geometry":{"type":"Point","coordinates":[121.51469,25.11897]}},{"type":"Feature","properties":{"id":"osm:node:4312433357","name":"棉花田生機園地","category":"supermarket","source":"osm"},"geometry":{"type":"Point","coordinates":[121.59065,25.08021]}},{"type":"Feature","properties":{"id":"osm:node:4317096444","name":"家樂福超市","nameEn":"Carrefour Market","category":"supermarket","source":"osm","tags":{"operator":"統康生活事業股份有限公司"}},"geometry":{"type":"Point","coordinates":[121.51427,25.05225]}},{"type":"Feature","properties":{"id":"osm:node:4325693438","name":"全聯福利中心","nameEn":"Pxmart","category":"supermarket","source":"osm"},"geometry":{"type":"Point","coordinates":[121.56491,25.02901]}},{"type":"Feature","properties":{"id":"osm:node:4325693439","name":"全聯福利中心","nameEn":"Pxmart","category":"supermarket","source":"osm"},"geometry":{"type":"Point","coordinates":[121.55863,25.03177]}},{"type":"Feature","properties":{"id":"osm:node:4325694176","name":"聚祥平價商店","category":"supermarket","source":"osm"},"geometry":{"type":"Point","coordinates":[121.61212,25.00104]}},{"type":"Feature","properties":{"id":"osm:node:4328118606","name":"美廉社","nameEn":"Simple Mart","category":"supermarket","source":"osm","tags":{"operator":"三商企業集團"}},"geometry":{"type":"Point","coordinates":[121.57048,25.04342]}},{"type":"Feature","properties":{"id":"osm:node:4329768666","name":"全聯福利中心","nameEn":"Pxmart","category":"supermarket","source":"osm"},"geometry":{"type":"Point","coordinates":[121.49899,25.13053]}},{"type":"Feature","properties":{"id":"osm:node:4333498892","name":"家樂福超市","nameEn":"Carrefour Market","category":"supermarket","source":"osm"},"geometry":{"type":"Point","coordinates":[121.53327,25.10933]}},{"type":"Feature","properties":{"id":"osm:node:4338081989","name":"家樂福","nameEn":"Carrefour","category":"supermarket","source":"osm"},"geometry":{"type":"Point","coordinates":[121.51676,25.05542]}},{"type":"Feature","properties":{"id":"osm:node:4338393491","name":"勝立特賣商場","category":"supermarket","source":"osm"},"geometry":{"type":"Point","coordinates":[121.57187,25.08103]}},{"type":"Feature","properties":{"id":"osm:node:4340727652","name":"家樂福超市","nameEn":"Carrefour Market","category":"supermarket","source":"osm"},"geometry":{"type":"Point","coordinates":[121.53534,25.06479]}},{"type":"Feature","properties":{"id":"osm:node:4359397282","name":"家樂福超市","nameEn":"Carrefour Market","category":"supermarket","source":"osm"},"geometry":{"type":"Point","coordinates":[121.49744,25.03418]}},{"type":"Feature","properties":{"id":"osm:node:4378797667","name":"里仁","category":"supermarket","source":"osm"},"geometry":{"type":"Point","coordinates":[121.49359,25.07176]}},{"type":"Feature","properties":{"id":"osm:node:4384740024","name":"美廉社","nameEn":"Simple Mart","category":"supermarket","source":"osm"},"geometry":{"type":"Point","coordinates":[121.4949,25.06379]}},{"type":"Feature","properties":{"id":"osm:node:4405339847","name":"美廉社","nameEn":"Simple Mart","category":"supermarket","source":"osm"},"geometry":{"type":"Point","coordinates":[121.49495,25.06772]}},{"type":"Feature","properties":{"id":"osm:node:4405339848","name":"美廉社","nameEn":"Simple Mart","category":"supermarket","source":"osm"},"geometry":{"type":"Point","coordinates":[121.49231,25.06862]}},{"type":"Feature","properties":{"id":"osm:node:4405339849","name":"美廉社","nameEn":"Simple Mart","category":"supermarket","source":"osm"},"geometry":{"type":"Point","coordinates":[121.5015,25.0741]}},{"type":"Feature","properties":{"id":"osm:node:4433185721","name":"全聯福利中心","nameEn":"Pxmart","category":"supermarket","source":"osm"},"geometry":{"type":"Point","coordinates":[121.47111,25.03174]}},{"type":"Feature","properties":{"id":"osm:node:4439861340","name":"祖德素食超市","category":"supermarket","source":"osm"},"geometry":{"type":"Point","coordinates":[121.46194,25.04445]}},{"type":"Feature","properties":{"id":"osm:node:4447375475","name":"全聯福利中心","nameEn":"Pxmart","category":"supermarket","source":"osm"},"geometry":{"type":"Point","coordinates":[121.49155,25.05714]}},{"type":"Feature","properties":{"id":"osm:node:4451756195","name":"全聯福利中心","nameEn":"Pxmart","category":"supermarket","source":"osm"},"geometry":{"type":"Point","coordinates":[121.55304,25.0003]}},{"type":"Feature","properties":{"id":"osm:node:4451773593","name":"美廉社","nameEn":"Simple Mart","category":"supermarket","source":"osm","tags":{"operator":"三商企業集團"}},"geometry":{"type":"Point","coordinates":[121.56601,25.02672]}},{"type":"Feature","properties":{"id":"osm:node:4451774393","name":"全聯福利中心","nameEn":"Pxmart","category":"supermarket","source":"osm"},"geometry":{"type":"Point","coordinates":[121.5689,25.02437]}},{"type":"Feature","properties":{"id":"osm:node:4520686008","name":"全聯福利中心","nameEn":"Pxmart","category":"supermarket","source":"osm"},"geometry":{"type":"Point","coordinates":[121.51967,25.02638]}},{"type":"Feature","properties":{"id":"osm:node:4524344028","name":"聖德科斯","nameEn":"Santa Cruz","category":"supermarket","source":"osm","tags":{"operator":"統一企業集團"}},"geometry":{"type":"Point","coordinates":[121.53967,24.98277]}},{"type":"Feature","properties":{"id":"osm:node:4536810390","name":"全聯福利中心","nameEn":"Pxmart","category":"supermarket","source":"osm","tags":{"operator":"全聯實業股份有限公司"}},"geometry":{"type":"Point","coordinates":[121.4942,25.02705]}},{"type":"Feature","properties":{"id":"osm:node:4577670809","name":"美廉社","nameEn":"Simple Mart","category":"supermarket","source":"osm","tags":{"operator":"三商企業集團"}},"geometry":{"type":"Point","coordinates":[121.54098,24.98095]}},{"type":"Feature","properties":{"id":"osm:node:4586256692","name":"全聯福利中心","nameEn":"Pxmart","category":"supermarket","source":"osm"},"geometry":{"type":"Point","coordinates":[121.4843,25.05593]}},{"type":"Feature","properties":{"id":"osm:node:4644280790","name":"美廉社","nameEn":"Simple Mart","category":"supermarket","source":"osm","tags":{"operator":"三商企業集團"}},"geometry":{"type":"Point","coordinates":[121.51463,25.06606]}},{"type":"Feature","properties":{"id":"osm:node:4652893991","name":"美廉社","nameEn":"Simple Mart","category":"supermarket","source":"osm","tags":{"operator":"三商企業集團"}},"geometry":{"type":"Point","coordinates":[121.57079,25.00058]}},{"type":"Feature","properties":{"id":"osm:node:4677018249","name":"全聯福利中心","nameEn":"Pxmart","category":"supermarket","source":"osm"},"geometry":{"type":"Point","coordinates":[121.55131,25.02162]}},{"type":"Feature","properties":{"id":"osm:node:4683343682","name":"美廉社","nameEn":"Simple Mart","category":"supermarket","source":"osm"},"geometry":{"type":"Point","coordinates":[121.65439,25.05823]}},{"type":"Feature","properties":{"id":"osm:node:4712595189","name":"全聯福利中心","nameEn":"Pxmart","category":"supermarket","source":"osm"},"geometry":{"type":"Point","coordinates":[121.53896,25.02939]}},{"type":"Feature","properties":{"id":"osm:node:4716641089","name":"美廉社","nameEn":"Simple Mart","category":"supermarket","source":"osm","tags":{"operator":"三商行股份有限公司"}},"geometry":{"type":"Point","coordinates":[121.49269,25.05896]}},{"type":"Feature","properties":{"id":"osm:node:4716825391","name":"美廉社","nameEn":"Simple Mart","category":"supermarket","source":"osm","tags":{"operator":"三商企業集團"}},"geometry":{"type":"Point","coordinates":[121.54637,24.99962]}},{"type":"Feature","properties":{"id":"osm:node:4733393890","name":"健康食彩超市","category":"supermarket","source":"osm"},"geometry":{"type":"Point","coordinates":[121.60989,25.07157]}},{"type":"Feature","properties":{"id":"osm:node:4782150893","name":"全聯福利中心","nameEn":"Pxmart","category":"supermarket","source":"osm"},"geometry":{"type":"Point","coordinates":[121.50999,25.08444]}},{"type":"Feature","properties":{"id":"osm:node:4782159710","name":"美廉社","nameEn":"Simple Mart","category":"supermarket","source":"osm","tags":{"operator":"三商企業集團"}},"geometry":{"type":"Point","coordinates":[121.50799,25.08536]}},{"type":"Feature","properties":{"id":"osm:node:4834761777","name":"美廉社","nameEn":"Simple Mart","category":"supermarket","source":"osm","tags":{"operator":"三商企業集團"}},"geometry":{"type":"Point","coordinates":[121.53915,24.99952]}},{"type":"Feature","properties":{"id":"osm:node:4834782551","name":"美廉社","nameEn":"Simple Mart","category":"supermarket","source":"osm","tags":{"operator":"三商企業集團"}},"geometry":{"type":"Point","coordinates":[121.54641,24.98209]}},{"type":"Feature","properties":{"id":"osm:node:4835827400","name":"家樂福超市","nameEn":"Carrefour Market","category":"supermarket","source":"osm","tags":{"operator":"惠康百貨"}},"geometry":{"type":"Point","coordinates":[121.48685,25.05782]}},{"type":"Feature","properties":{"id":"osm:node:4836075610","name":"全聯福利中心","nameEn":"Pxmart","category":"supermarket","source":"osm","tags":{"operator":"全聯實業股份有限公司"}},"geometry":{"type":"Point","coordinates":[121.47869,25.00563]}},{"type":"Feature","properties":{"id":"osm:node:4837986468","name":"全聯福利中心","nameEn":"Pxmart","category":"supermarket","source":"osm"},"geometry":{"type":"Point","coordinates":[121.54822,25.03484]}},{"type":"Feature","properties":{"id":"osm:node:4837986531","name":"全聯福利中心","nameEn":"Pxmart","category":"supermarket","source":"osm"},"geometry":{"type":"Point","coordinates":[121.55228,25.02563]}},{"type":"Feature","properties":{"id":"osm:node:4848590227","name":"全聯福利中心","nameEn":"Pxmart","category":"supermarket","source":"osm","tags":{"operator":"全聯實業股份有限公司"}},"geometry":{"type":"Point","coordinates":[121.48113,25.01961]}},{"type":"Feature","properties":{"id":"osm:node:4897342860","name":"全聯福利中心","nameEn":"Pxmart","category":"supermarket","source":"osm"},"geometry":{"type":"Point","coordinates":[121.49343,25.05365]}},{"type":"Feature","properties":{"id":"osm:node:4918003664","name":"義美食品","category":"supermarket","source":"osm","tags":{"operator":"義美食品股份有限公司"}},"geometry":{"type":"Point","coordinates":[121.48355,25.06159]}},{"type":"Feature","properties":{"id":"osm:node:4921839019","name":"全聯福利中心","nameEn":"Pxmart","category":"supermarket","source":"osm"},"geometry":{"type":"Point","coordinates":[121.53581,25.0352]}},{"type":"Feature","properties":{"id":"osm:node:4927308622","name":"棉花田","nameEn":"Cotton Field Organic","category":"supermarket","source":"osm","tags":{"operator":"棉花田生機園地股份有限公司"}},"geometry":{"type":"Point","coordinates":[121.52175,25.05058]}},{"type":"Feature","properties":{"id":"osm:node:5010481124","name":"家樂福","nameEn":"Carrefour","category":"supermarket","source":"osm"},"geometry":{"type":"Point","coordinates":[121.46785,25.04308]}},{"type":"Feature","properties":{"id":"osm:node:5046089440","name":"美廉社","nameEn":"Simple Mart","category":"supermarket","source":"osm","tags":{"operator":"三商企業集團"}},"geometry":{"type":"Point","coordinates":[121.48328,25.0656]}},{"type":"Feature","properties":{"id":"osm:node:5046112896","name":"美廉社","nameEn":"Simple Mart","category":"supermarket","source":"osm"},"geometry":{"type":"Point","coordinates":[121.48763,25.06977]}},{"type":"Feature","properties":{"id":"osm:node:5048161952","name":"家樂福","nameEn":"Carrefour","category":"supermarket","source":"osm","tags":{"operator":"家福股份有限公司"}},"geometry":{"type":"Point","coordinates":[121.49933,25.14161]}},{"type":"Feature","properties":{"id":"osm:node:5086739812","name":"台北市農會農產品門市","category":"supermarket","source":"osm","tags":{"operator":"台北市農會"}},"geometry":{"type":"Point","coordinates":[121.5361,25.00084]}},{"type":"Feature","properties":{"id":"osm:node:5106590368","name":"家樂福超市","nameEn":"Carrefour Market","category":"supermarket","source":"osm"},"geometry":{"type":"Point","coordinates":[121.52577,25.05978]}},{"type":"Feature","properties":{"id":"osm:node:5108707184","name":"全聯福利中心","nameEn":"Pxmart","category":"supermarket","source":"osm"},"geometry":{"type":"Point","coordinates":[121.52653,24.99986]}},{"type":"Feature","properties":{"id":"osm:node:5110348198","name":"全聯福利中心","nameEn":"Pxmart","category":"supermarket","source":"osm"},"geometry":{"type":"Point","coordinates":[121.57802,25.04315]}},{"type":"Feature","properties":{"id":"osm:node:5110348219","name":"美廉社","nameEn":"Simple Mart","category":"supermarket","source":"osm","tags":{"operator":"三商企業集團"}},"geometry":{"type":"Point","coordinates":[121.5756,25.04498]}},{"type":"Feature","properties":{"id":"osm:node:5110348617","name":"全聯福利中心","nameEn":"Pxmart","category":"supermarket","source":"osm"},"geometry":{"type":"Point","coordinates":[121.55833,25.02052]}},{"type":"Feature","properties":{"id":"osm:node:5110348625","name":"美廉社","nameEn":"Simple Mart","category":"supermarket","source":"osm","tags":{"operator":"三商企業集團"}},"geometry":{"type":"Point","coordinates":[121.55663,25.02142]}},{"type":"Feature","properties":{"id":"osm:node:5110348638","name":"美廉社","nameEn":"Simple Mart","category":"supermarket","source":"osm","tags":{"operator":"三商企業集團"}},"geometry":{"type":"Point","coordinates":[121.55469,25.02435]}},{"type":"Feature","properties":{"id":"osm:node:5110348709","name":"美廉社","nameEn":"Simple Mart","category":"supermarket","source":"osm","tags":{"operator":"三商企業集團"}},"geometry":{"type":"Point","coordinates":[121.55547,25.0523]}},{"type":"Feature","properties":{"id":"osm:node:5110348713","name":"里仁","nameEn":"Leezen","category":"supermarket","source":"osm"},"geometry":{"type":"Point","coordinates":[121.5554,25.05179]}},{"type":"Feature","properties":{"id":"osm:node:5110348720","name":"全聯福利中心","nameEn":"Pxmart","category":"supermarket","source":"osm"},"geometry":{"type":"Point","coordinates":[121.55718,25.04825]}},{"type":"Feature","properties":{"id":"osm:node:5110348743","name":"美廉社","nameEn":"Simple Mart","category":"supermarket","source":"osm","tags":{"operator":"三商企業集團"}},"geometry":{"type":"Point","coordinates":[121.56751,25.04977]}},{"type":"Feature","properties":{"id":"osm:node:5110348766","name":"家樂福超市","nameEn":"Carrefour Market","category":"supermarket","source":"osm"},"geometry":{"type":"Point","coordinates":[121.55604,25.03477]}},{"type":"Feature","properties":{"id":"osm:node:5110488720","name":"全聯福利中心","nameEn":"Pxmart","category":"supermarket","source":"osm"},"geometry":{"type":"Point","coordinates":[121.52167,25.06022]}},{"type":"Feature","properties":{"id":"osm:node:5110488984","name":"美廉社","nameEn":"Simple Mart","category":"supermarket","source":"osm","tags":{"operator":"三商企業集團"}},"geometry":{"type":"Point","coordinates":[121.56074,24.99569]}},{"type":"Feature","properties":{"id":"osm:node:5110488993","name":"台糖蜜鄰","category":"supermarket","source":"osm"},"geometry":{"type":"Point","coordinates":[121.53251,25.03895]}},{"type":"Feature","properties":{"id":"osm:node:5110489274","name":"樂家康","nameEn":"Uni-Prosperity","category":"supermarket","source":"osm","tags":{"operator":"統康生活事業股份有限公司長沙分公司"}},"geometry":{"type":"Point","coordinates":[121.50449,25.04067]}},{"type":"Feature","properties":{"id":"osm:node:5110489301","name":"全聯福利中心","nameEn":"Pxmart","category":"supermarket","source":"osm","tags":{"operator":"全聯實業股份有限公司"}},"geometry":{"type":"Point","coordinates":[121.52457,25.05608]}},{"type":"Feature","properties":{"id":"osm:node:5125747414","name":"康士德生活百貨","category":"supermarket","source":"osm"},"geometry":{"type":"Point","coordinates":[121.52359,25.04948]}},{"type":"Feature","properties":{"id":"osm:node:5156575322","name":"全聯福利中心","nameEn":"Pxmart","category":"supermarket","source":"osm"},"geometry":{"type":"Point","coordinates":[121.54198,25.05618]}},{"type":"Feature","properties":{"id":"osm:node:5197948124","name":"全聯福利中心","nameEn":"Pxmart","category":"supermarket","source":"osm"},"geometry":{"type":"Point","coordinates":[121.52899,25.11827]}},{"type":"Feature","properties":{"id":"osm:node:5197961927","name":"Jason's Market (Front)","category":"supermarket","source":"osm"},"geometry":{"type":"Point","coordinates":[121.52985,25.11937]}},{"type":"Feature","properties":{"id":"osm:node:5197970921","name":"Jason's market place","category":"supermarket","source":"osm"},"geometry":{"type":"Point","coordinates":[121.52937,25.1185]}},{"type":"Feature","properties":{"id":"osm:node:5205457024","name":"里仁","nameEn":"Leezen","category":"supermarket","source":"osm"},"geometry":{"type":"Point","coordinates":[121.52516,25.10904]}},{"type":"Feature","properties":{"id":"osm:node:5211474921","name":"全聯福利中心","nameEn":"Pxmart","category":"supermarket","source":"osm"},"geometry":{"type":"Point","coordinates":[121.52697,25.11192]}},{"type":"Feature","properties":{"id":"osm:node:5238718201","name":"全聯福利中心","nameEn":"Pxmart","category":"supermarket","source":"osm"},"geometry":{"type":"Point","coordinates":[121.56141,25.0866]}},{"type":"Feature","properties":{"id":"osm:node:5242577021","name":"農果水果廣場","category":"supermarket","source":"osm"},"geometry":{"type":"Point","coordinates":[121.52932,25.11232]}},{"type":"Feature","properties":{"id":"osm:node:5242620021","name":"聖德科斯","nameEn":"Santa Cruz","category":"supermarket","source":"osm","tags":{"operator":"統一企業集團"}},"geometry":{"type":"Point","coordinates":[121.52908,25.11257]}},{"type":"Feature","properties":{"id":"osm:node:5242652721","name":"全聯福利中心","nameEn":"Pxmart","category":"supermarket","source":"osm"},"geometry":{"type":"Point","coordinates":[121.52888,25.11097]}},{"type":"Feature","properties":{"id":"osm:node:5249566331","name":"國軍福利站","category":"supermarket","source":"osm"},"geometry":{"type":"Point","coordinates":[121.55181,25.02338]}},{"type":"Feature","properties":{"id":"osm:node:5262777689","name":"全聯福利中心","nameEn":"Pxmart","category":"supermarket","source":"osm"},"geometry":{"type":"Point","coordinates":[121.52766,24.97536]}},{"type":"Feature","properties":{"id":"osm:node:5275429042","name":"美麗超市","category":"supermarket","source":"osm"},"geometry":{"type":"Point","coordinates":[121.56682,25.03944]}},{"type":"Feature","properties":{"id":"osm:node:5285474855","name":"聖德科斯","nameEn":"Santa Cruz","category":"supermarket","source":"osm","tags":{"operator":"統一企業集團"}},"geometry":{"type":"Point","coordinates":[121.55478,25.00064]}},{"type":"Feature","properties":{"id":"osm:node:5286876065","name":"里仁","nameEn":"Leezen","category":"supermarket","source":"osm"},"geometry":{"type":"Point","coordinates":[121.55626,25.00022]}},{"type":"Feature","properties":{"id":"osm:node:5293445205","name":"全聯福利中心","nameEn":"Pxmart","category":"supermarket","source":"osm"},"geometry":{"type":"Point","coordinates":[121.52207,25.02587]}},{"type":"Feature","properties":{"id":"osm:node:5326782721","name":"家樂福超市","nameEn":"Carrefour Market","category":"supermarket","source":"osm"},"geometry":{"type":"Point","coordinates":[121.52599,25.06481]}},{"type":"Feature","properties":{"id":"osm:node:5335025723","name":"supermarket 5335025723","category":"supermarket","source":"osm"},"geometry":{"type":"Point","coordinates":[121.51141,25.05485]}},{"type":"Feature","properties":{"id":"osm:node:5335045521","name":"supermarket 5335045521","category":"supermarket","source":"osm"},"geometry":{"type":"Point","coordinates":[121.51039,25.0568]}},{"type":"Feature","properties":{"id":"osm:node:5363411158","name":"全聯福利中心","nameEn":"Pxmart","category":"supermarket","source":"osm"},"geometry":{"type":"Point","coordinates":[121.5331,25.12394]}},{"type":"Feature","properties":{"id":"osm:node:5504491312","name":"美廉社","nameEn":"Simple Mart","category":"supermarket","source":"osm","tags":{"operator":"三商企業集團"}},"geometry":{"type":"Point","coordinates":[121.53807,25.00216]}},{"type":"Feature","properties":{"id":"osm:node:5509162189","name":"頂好","nameEn":"Wellcome","category":"supermarket","source":"osm","tags":{"operator":"頂好Wellcome"}},"geometry":{"type":"Point","coordinates":[121.60279,25.00307]}},{"type":"Feature","properties":{"id":"osm:node:5551928424","name":"好農市","category":"supermarket","source":"osm"},"geometry":{"type":"Point","coordinates":[121.54372,25.02824]}},{"type":"Feature","properties":{"id":"osm:node:5551938425","name":"聖德科斯","nameEn":"Santa Cruz","category":"supermarket","source":"osm","tags":{"operator":"統一企業集團"}},"geometry":{"type":"Point","coordinates":[121.54372,25.0282]}},{"type":"Feature","properties":{"id":"osm:node:5593499721","name":"全聯福利中心","nameEn":"Pxmart","category":"supermarket","source":"osm"},"geometry":{"type":"Point","coordinates":[121.52879,25.09568]}},{"type":"Feature","properties":{"id":"osm:node:5661164121","name":"家樂福超市","nameEn":"Carrefour Market","category":"supermarket","source":"osm"},"geometry":{"type":"Point","coordinates":[121.5162,25.00999]}},{"type":"Feature","properties":{"id":"osm:node:5713362992","name":"全聯福利中心","nameEn":"Pxmart","category":"supermarket","source":"osm"},"geometry":{"type":"Point","coordinates":[121.50684,25.11882]}},{"type":"Feature","properties":{"id":"osm:node:5835639485","name":"全聯福利中心","nameEn":"Pxmart","category":"supermarket","source":"osm"},"geometry":{"type":"Point","coordinates":[121.50824,25.02819]}},{"type":"Feature","properties":{"id":"osm:node:5863510956","name":"全聯福利中心","nameEn":"Pxmart","category":"supermarket","source":"osm"},"geometry":{"type":"Point","coordinates":[121.53828,24.99708]}},{"type":"Feature","properties":{"id":"osm:node:5892746036","name":"全聯福利中心","nameEn":"Pxmart","category":"supermarket","source":"osm"},"geometry":{"type":"Point","coordinates":[121.45742,25.15974]}},{"type":"Feature","properties":{"id":"osm:node:5949682797","name":"全聯福利中心","nameEn":"Pxmart","category":"supermarket","source":"osm"},"geometry":{"type":"Point","coordinates":[121.51807,25.08873]}},{"type":"Feature","properties":{"id":"osm:node:5949682798","name":"全聯福利中心","nameEn":"Pxmart","category":"supermarket","source":"osm"},"geometry":{"type":"Point","coordinates":[121.52281,25.08368]}},{"type":"Feature","properties":{"id":"osm:node:6004559318","name":"全聯福利中心","nameEn":"Pxmart","category":"supermarket","source":"osm"},"geometry":{"type":"Point","coordinates":[121.46052,24.98286]}},{"type":"Feature","properties":{"id":"osm:node:6024278385","name":"美廉社","nameEn":"Simple Mart","category":"supermarket","source":"osm"},"geometry":{"type":"Point","coordinates":[121.49752,25.0693]}},{"type":"Feature","properties":{"id":"osm:node:6029650183","name":"全聯福利中心","nameEn":"Pxmart","category":"supermarket","source":"osm"},"geometry":{"type":"Point","coordinates":[121.46377,25.00057]}},{"type":"Feature","properties":{"id":"osm:node:6146404278","name":"全聯福利中心","nameEn":"Pxmart","category":"supermarket","source":"osm"},"geometry":{"type":"Point","coordinates":[121.66588,25.0719]}},{"type":"Feature","properties":{"id":"osm:node:6180492016","name":"全聯福利中心","nameEn":"Pxmart","category":"supermarket","source":"osm"},"geometry":{"type":"Point","coordinates":[121.51144,24.99912]}},{"type":"Feature","properties":{"id":"osm:node:6189765185","name":"全聯福利中心","nameEn":"Pxmart","category":"supermarket","source":"osm"},"geometry":{"type":"Point","coordinates":[121.65451,25.06114]}},{"type":"Feature","properties":{"id":"osm:node:6190366141","name":"全聯福利中心","nameEn":"Pxmart","category":"supermarket","source":"osm"},"geometry":{"type":"Point","coordinates":[121.5097,24.9894]}},{"type":"Feature","properties":{"id":"osm:node:6202943443","name":"小北百貨","category":"supermarket","source":"osm"},"geometry":{"type":"Point","coordinates":[121.48143,25.0801]}},{"type":"Feature","properties":{"id":"osm:node:6347622668","name":"全聯福利中心","nameEn":"Pxmart","category":"supermarket","source":"osm"},"geometry":{"type":"Point","coordinates":[121.59739,25.0673]}},{"type":"Feature","properties":{"id":"osm:node:6389111646","name":"全聯福利中心","nameEn":"Pxmart","category":"supermarket","source":"osm"},"geometry":{"type":"Point","coordinates":[121.51,25.08894]}},{"type":"Feature","properties":{"id":"osm:node:6415774063","name":"家樂福","nameEn":"Carrefour","category":"supermarket","source":"osm"},"geometry":{"type":"Point","coordinates":[121.51812,25.01366]}},{"type":"Feature","properties":{"id":"osm:node:6417164253","name":"全聯福利中心","nameEn":"Pxmart","category":"supermarket","source":"osm"},"geometry":{"type":"Point","coordinates":[121.52037,25.00979]}},{"type":"Feature","properties":{"id":"osm:node:6418121452","name":"美廉社","nameEn":"Simple Mart","category":"supermarket","source":"osm","tags":{"operator":"三商企業集團"}},"geometry":{"type":"Point","coordinates":[121.52343,25.0216]}},{"type":"Feature","properties":{"id":"osm:node:6424770940","name":"Mia C'bon","category":"supermarket","source":"osm"},"geometry":{"type":"Point","coordinates":[121.50708,25.00765]}},{"type":"Feature","properties":{"id":"osm:node:6427006785","name":"supermarket 6427006785","category":"supermarket","source":"osm"},"geometry":{"type":"Point","coordinates":[121.57928,25.04655]}},{"type":"Feature","properties":{"id":"osm:node:6514349834","name":"聖德科斯","nameEn":"Santa Cruz","category":"supermarket","source":"osm","tags":{"operator":"統一企業集團"}},"geometry":{"type":"Point","coordinates":[121.55487,25.05183]}},{"type":"Feature","properties":{"id":"osm:node:6533715785","name":"Green & Safe","category":"supermarket","source":"osm"},"geometry":{"type":"Point","coordinates":[121.55425,25.05808]}},{"type":"Feature","properties":{"id":"osm:node:6549014568","name":"里仁","nameEn":"Leezen","category":"supermarket","source":"osm"},"geometry":{"type":"Point","coordinates":[121.527,25.0302]}},{"type":"Feature","properties":{"id":"osm:node:6565701786","name":"全聯福利中心","nameEn":"Pxmart","category":"supermarket","source":"osm"},"geometry":{"type":"Point","coordinates":[121.4584,25.01792]}},{"type":"Feature","properties":{"id":"osm:node:6594015786","name":"花向東","nameEn":"F520","category":"supermarket","source":"osm"},"geometry":{"type":"Point","coordinates":[121.57249,25.0797]}},{"type":"Feature","properties":{"id":"osm:node:6600388740","name":"聖德科斯","nameEn":"Santa Cruz","category":"supermarket","source":"osm","tags":{"operator":"統一企業集團"}},"geometry":{"type":"Point","coordinates":[121.54428,25.05432]}},{"type":"Feature","properties":{"id":"osm:node:6702061086","name":"韓聯企業","category":"supermarket","source":"osm"},"geometry":{"type":"Point","coordinates":[121.50564,25.04233]}},{"type":"Feature","properties":{"id":"osm:node:6735346028","name":"家樂福超市","nameEn":"Carrefour Market","category":"supermarket","source":"osm"},"geometry":{"type":"Point","coordinates":[121.49033,25.06308]}},{"type":"Feature","properties":{"id":"osm:node:6737904359","name":"青色山脈有機廚坊","category":"supermarket","source":"osm"},"geometry":{"type":"Point","coordinates":[121.4911,25.06524]}},{"type":"Feature","properties":{"id":"osm:node:6749527352","name":"美廉社","nameEn":"Simple Mart","category":"supermarket","source":"osm","tags":{"operator":"三商企業集團"}},"geometry":{"type":"Point","coordinates":[121.46852,25.01953]}},{"type":"Feature","properties":{"id":"osm:node:6796742195","name":"汐音健康柑仔店","category":"supermarket","source":"osm"},"geometry":{"type":"Point","coordinates":[121.57284,25.07952]}},{"type":"Feature","properties":{"id":"osm:node:6859828186","name":"軍人福利總處","category":"supermarket","source":"osm"},"geometry":{"type":"Point","coordinates":[121.48877,25.13892]}},{"type":"Feature","properties":{"id":"osm:node:6861032290","name":"家樂福超市","nameEn":"Carrefour Market","category":"supermarket","source":"osm"},"geometry":{"type":"Point","coordinates":[121.5142,25.11118]}},{"type":"Feature","properties":{"id":"osm:node:6865431309","name":"美廉社","nameEn":"Simple Mart","category":"supermarket","source":"osm","tags":{"operator":"三商企業集團"}},"geometry":{"type":"Point","coordinates":[121.51533,25.10953]}},{"type":"Feature","properties":{"id":"osm:node:6894204669","name":"美廉社","nameEn":"Simple Mart","category":"supermarket","source":"osm","tags":{"operator":"三商企業集團"}},"geometry":{"type":"Point","coordinates":[121.50004,25.06207]}},{"type":"Feature","properties":{"id":"osm:node:6894204675","name":"美廉社","nameEn":"Simple Mart","category":"supermarket","source":"osm","tags":{"operator":"三商企業集團"}},"geometry":{"type":"Point","coordinates":[121.50123,25.06249]}},{"type":"Feature","properties":{"id":"osm:node:6909232025","name":"全聯福利中心","nameEn":"Pxmart","category":"supermarket","source":"osm"},"geometry":{"type":"Point","coordinates":[121.47056,25.08986]}},{"type":"Feature","properties":{"id":"osm:node:6909232026","name":"美廉社","nameEn":"Simple Mart","category":"supermarket","source":"osm"},"geometry":{"type":"Point","coordinates":[121.47214,25.09322]}},{"type":"Feature","properties":{"id":"osm:node:6973572085","name":"全聯中和秀朗店","nameEn":"Pxmart","category":"supermarket","source":"osm"},"geometry":{"type":"Point","coordinates":[121.52443,24.99116]}},{"type":"Feature","properties":{"id":"osm:node:6977230090","name":"全聯福利中心","nameEn":"Pxmart","category":"supermarket","source":"osm"},"geometry":{"type":"Point","coordinates":[121.46865,24.99942]}},{"type":"Feature","properties":{"id":"osm:node:7017482890","name":"聖德科斯","nameEn":"Santa Cruz","category":"supermarket","source":"osm","tags":{"operator":"統一企業集團"}},"geometry":{"type":"Point","coordinates":[121.50455,25.04034]}},{"type":"Feature","properties":{"id":"osm:node:7153752240","name":"里仁","nameEn":"Leezen","category":"supermarket","source":"osm"},"geometry":{"type":"Point","coordinates":[121.54066,25.04223]}},{"type":"Feature","properties":{"id":"osm:node:7191634530","name":"全聯福利中心","nameEn":"Pxmart","category":"supermarket","source":"osm"},"geometry":{"type":"Point","coordinates":[121.47765,25.08499]}},{"type":"Feature","properties":{"id":"osm:node:7192621283","name":"美廉社","nameEn":"Simple Mart","category":"supermarket","source":"osm","tags":{"operator":"三商企業集團"}},"geometry":{"type":"Point","coordinates":[121.48143,25.08716]}},{"type":"Feature","properties":{"id":"osm:node:7192621284","name":"家樂福超市","nameEn":"Carrefour Market","category":"supermarket","source":"osm"},"geometry":{"type":"Point","coordinates":[121.48118,25.08696]}},{"type":"Feature","properties":{"id":"osm:node:7216987765","name":"全聯福利中心","nameEn":"Pxmart","category":"supermarket","source":"osm"},"geometry":{"type":"Point","coordinates":[121.51216,25.06882]}},{"type":"Feature","properties":{"id":"osm:node:7222843788","name":"家樂福超市","nameEn":"Carrefour Market","category":"supermarket","source":"osm"},"geometry":{"type":"Point","coordinates":[121.45303,24.98564]}},{"type":"Feature","properties":{"id":"osm:node:7222847285","name":"全聯福利中心","nameEn":"Pxmart","category":"supermarket","source":"osm"},"geometry":{"type":"Point","coordinates":[121.45874,24.98832]}},{"type":"Feature","properties":{"id":"osm:node:7242264786","name":"家樂福","nameEn":"Carrefour","category":"supermarket","source":"osm"},"geometry":{"type":"Point","coordinates":[121.57788,25.07745]}},{"type":"Feature","properties":{"id":"osm:node:7242264787","name":"全聯福利中心","nameEn":"Pxmart","category":"supermarket","source":"osm"},"geometry":{"type":"Point","coordinates":[121.57686,25.07793]}},{"type":"Feature","properties":{"id":"osm:node:7271156044","name":"美廉社","nameEn":"Simple Mart","category":"supermarket","source":"osm"},"geometry":{"type":"Point","coordinates":[121.45074,25.17156]}},{"type":"Feature","properties":{"id":"osm:node:7281923927","name":"Mia C'bon","category":"supermarket","source":"osm"},"geometry":{"type":"Point","coordinates":[121.47485,25.00681]}},{"type":"Feature","properties":{"id":"osm:node:7368631814","name":"全聯福利中心","nameEn":"Pxmart","category":"supermarket","source":"osm"},"geometry":{"type":"Point","coordinates":[121.4978,25.06168]}},{"type":"Feature","properties":{"id":"osm:node:7368631876","name":"重農超市","category":"supermarket","source":"osm"},"geometry":{"type":"Point","coordinates":[121.49963,25.06326]}},{"type":"Feature","properties":{"id":"osm:node:7424389767","name":"美廉社","nameEn":"Simple Mart","category":"supermarket","source":"osm","tags":{"operator":"三商企業集團"}},"geometry":{"type":"Point","coordinates":[121.61274,25.07092]}},{"type":"Feature","properties":{"id":"osm:node:7440634099","name":"家樂福超市","nameEn":"Carrefour Market","category":"supermarket","source":"osm"},"geometry":{"type":"Point","coordinates":[121.61517,25.06894]}},{"type":"Feature","properties":{"id":"osm:node:7560138135","name":"家樂福","nameEn":"Carrefour","category":"supermarket","source":"osm","tags":{"operator":"台灣家福公司"}},"geometry":{"type":"Point","coordinates":[121.56321,25.08367]}},{"type":"Feature","properties":{"id":"osm:node:7663505172","name":"全聯福利中心","nameEn":"PX Mart","category":"supermarket","source":"osm"},"geometry":{"type":"Point","coordinates":[121.46078,25.01451]}},{"type":"Feature","properties":{"id":"osm:node:7701856046","name":"家樂福超市","nameEn":"Carrefour Market","category":"supermarket","source":"osm","tags":{"operator":"Carrefour"}},"geometry":{"type":"Point","coordinates":[121.53494,25.06023]}},{"type":"Feature","properties":{"id":"osm:node:7702019092","name":"Mia C'bon","category":"supermarket","source":"osm"},"geometry":{"type":"Point","coordinates":[121.51753,25.04937]}},{"type":"Feature","properties":{"id":"osm:node:7702051769","name":"美廉社","nameEn":"Simple Mart","category":"supermarket","source":"osm"},"geometry":{"type":"Point","coordinates":[121.49487,25.14519]}},{"type":"Feature","properties":{"id":"osm:node:7702151278","name":"美廉社","nameEn":"Simple Mart","category":"supermarket","source":"osm","tags":{"operator":"三商企業集團"}},"geometry":{"type":"Point","coordinates":[121.54005,25.04224]}},{"type":"Feature","properties":{"id":"osm:node:7728441868","name":"美廉社","nameEn":"Simple Mart","category":"supermarket","source":"osm","tags":{"operator":"三商企業集團"}},"geometry":{"type":"Point","coordinates":[121.5097,25.02764]}},{"type":"Feature","properties":{"id":"osm:node:7882605865","name":"全聯福利中心","nameEn":"Pxmart","category":"supermarket","source":"osm"},"geometry":{"type":"Point","coordinates":[121.51895,24.99087]}},{"type":"Feature","properties":{"id":"osm:node:7902835011","name":"美廉社","nameEn":"Simple Mart","category":"supermarket","source":"osm","tags":{"operator":"三商家購股份有限公司"}},"geometry":{"type":"Point","coordinates":[121.48092,25.01498]}},{"type":"Feature","properties":{"id":"osm:node:7902835012","name":"美廉社","nameEn":"Simple Mart","category":"supermarket","source":"osm","tags":{"operator":"三商企業集團"}},"geometry":{"type":"Point","coordinates":[121.47993,25.02305]}},{"type":"Feature","properties":{"id":"osm:node:7902835013","name":"美廉社","nameEn":"Simple Mart","category":"supermarket","source":"osm","tags":{"operator":"三商企業集團"}},"geometry":{"type":"Point","coordinates":[121.48309,25.0205]}},{"type":"Feature","properties":{"id":"osm:node:7902835014","name":"美廉社","nameEn":"Simple Mart","category":"supermarket","source":"osm","tags":{"operator":"三商企業集團"}},"geometry":{"type":"Point","coordinates":[121.48205,25.02172]}},{"type":"Feature","properties":{"id":"osm:node:7902835015","name":"美廉社","nameEn":"Simple Mart","category":"supermarket","source":"osm","tags":{"operator":"三商企業集團"}},"geometry":{"type":"Point","coordinates":[121.47568,25.01548]}},{"type":"Feature","properties":{"id":"osm:node:7902835016","name":"美廉社","nameEn":"Simple Mart","category":"supermarket","source":"osm","tags":{"operator":"三商家購股份有限公司"}},"geometry":{"type":"Point","coordinates":[121.47347,25.01312]}},{"type":"Feature","properties":{"id":"osm:node:7936800878","name":"美廉社","nameEn":"Simple Mart","category":"supermarket","source":"osm","tags":{"operator":"三商企業集團"}},"geometry":{"type":"Point","coordinates":[121.45166,25.13132]}},{"type":"Feature","properties":{"id":"osm:node:7937039445","name":"美廉社","nameEn":"Simple Mart","category":"supermarket","source":"osm","tags":{"operator":"三商企業集團"}},"geometry":{"type":"Point","coordinates":[121.51841,25.01459]}},{"type":"Feature","properties":{"id":"osm:node:7937039446","name":"全聯福利中心","nameEn":"Pxmart","category":"supermarket","source":"osm"},"geometry":{"type":"Point","coordinates":[121.51881,25.01341]}},{"type":"Feature","properties":{"id":"osm:node:8030267752","name":"全聯福利中心","nameEn":"Pxmart","category":"supermarket","source":"osm"},"geometry":{"type":"Point","coordinates":[121.54923,25.08095]}},{"type":"Feature","properties":{"id":"osm:node:8189483583","name":"里仁","nameEn":"Leezen","category":"supermarket","source":"osm"},"geometry":{"type":"Point","coordinates":[121.61469,25.06852]}},{"type":"Feature","properties":{"id":"osm:node:8190452850","name":"美廉社","nameEn":"Simple Mart","category":"supermarket","source":"osm","tags":{"operator":"三商企業集團"}},"geometry":{"type":"Point","coordinates":[121.54208,25.13733]}},{"type":"Feature","properties":{"id":"osm:node:8412385665","name":"家樂福","nameEn":"Carrefour","category":"supermarket","source":"osm"},"geometry":{"type":"Point","coordinates":[121.45871,24.98323]}},{"type":"Feature","properties":{"id":"osm:node:8420280727","name":"美廉社","nameEn":"Simple Mart","category":"supermarket","source":"osm","tags":{"operator":"三商企業集團"}},"geometry":{"type":"Point","coordinates":[121.59943,25.0882]}},{"type":"Feature","properties":{"id":"osm:node:8431605371","name":"板農活力超市","category":"supermarket","source":"osm"},"geometry":{"type":"Point","coordinates":[121.45868,25.00842]}},{"type":"Feature","properties":{"id":"osm:node:8476206878","name":"美廉社","nameEn":"Simple Mart","category":"supermarket","source":"osm"},"geometry":{"type":"Point","coordinates":[121.46309,25.12784]}},{"type":"Feature","properties":{"id":"osm:node:8766621279","name":"家樂福超市","nameEn":"Carrefour Market","category":"supermarket","source":"osm"},"geometry":{"type":"Point","coordinates":[121.47177,25.02975]}},{"type":"Feature","properties":{"id":"osm:node:8981590359","name":"全聯福利中心","nameEn":"Pxmart","category":"supermarket","source":"osm"},"geometry":{"type":"Point","coordinates":[121.57895,25.07348]}},{"type":"Feature","properties":{"id":"osm:node:9016392866","name":"家樂福","nameEn":"Carrefour","category":"supermarket","source":"osm","tags":{"operator":"家福股份有限公司南港二分公司"}},"geometry":{"type":"Point","coordinates":[121.60054,25.05372]}},{"type":"Feature","properties":{"id":"osm:node:9054233413","name":"里仁","nameEn":"Leezen","category":"supermarket","source":"osm"},"geometry":{"type":"Point","coordinates":[121.53171,25.01878]}},{"type":"Feature","properties":{"id":"osm:node:9214256551","name":"美廉社","nameEn":"Simple Mart","category":"supermarket","source":"osm"},"geometry":{"type":"Point","coordinates":[121.4522,25.17271]}},{"type":"Feature","properties":{"id":"osm:node:9331094145","name":"全聯福利中心","nameEn":"Pxmart","category":"supermarket","source":"osm"},"geometry":{"type":"Point","coordinates":[121.46154,25.02359]}},{"type":"Feature","properties":{"id":"osm:node:9336807038","name":"寶雅","category":"supermarket","source":"osm"},"geometry":{"type":"Point","coordinates":[121.46146,25.02214]}},{"type":"Feature","properties":{"id":"osm:node:9336807039","name":"康是美","category":"supermarket","source":"osm"},"geometry":{"type":"Point","coordinates":[121.4616,25.0223]}},{"type":"Feature","properties":{"id":"osm:node:9336807040","name":"全國電子","category":"supermarket","source":"osm"},"geometry":{"type":"Point","coordinates":[121.4617,25.0222]}},{"type":"Feature","properties":{"id":"osm:node:9342491844","name":"美廉社","nameEn":"Simple Mart","category":"supermarket","source":"osm"},"geometry":{"type":"Point","coordinates":[121.46248,25.08699]}},{"type":"Feature","properties":{"id":"osm:node:9342491848","name":"全聯福利中心","nameEn":"Pxmart","category":"supermarket","source":"osm"},"geometry":{"type":"Point","coordinates":[121.47304,25.08046]}},{"type":"Feature","properties":{"id":"osm:node:9342491850","name":"家樂福超市","nameEn":"Carrefour Market","category":"supermarket","source":"osm"},"geometry":{"type":"Point","coordinates":[121.46454,25.082]}},{"type":"Feature","properties":{"id":"osm:node:9367391631","name":"美廉社","nameEn":"Simple Mart","category":"supermarket","source":"osm","tags":{"operator":"三商企業集團"}},"geometry":{"type":"Point","coordinates":[121.46592,25.05565]}},{"type":"Feature","properties":{"id":"osm:node:9375560807","name":"supermarket 9375560807","category":"supermarket","source":"osm"},"geometry":{"type":"Point","coordinates":[121.52112,25.0596]}},{"type":"Feature","properties":{"id":"osm:node:9394845160","name":"全聯福利中心","nameEn":"Pxmart","category":"supermarket","source":"osm"},"geometry":{"type":"Point","coordinates":[121.48934,25.05517]}},{"type":"Feature","properties":{"id":"osm:node:9410316000","name":"里仁","nameEn":"Leezen","category":"supermarket","source":"osm","tags":{"operator":"里仁事業股份有限公司"}},"geometry":{"type":"Point","coordinates":[121.54179,24.98148]}},{"type":"Feature","properties":{"id":"osm:node:9413227035","name":"美廉社","nameEn":"Simple Mart","category":"supermarket","source":"osm","tags":{"operator":"三商企業集團"}},"geometry":{"type":"Point","coordinates":[121.49128,25.0844]}},{"type":"Feature","properties":{"id":"osm:node:9413227051","name":"家樂福超市","nameEn":"Carrefour Market","category":"supermarket","source":"osm"},"geometry":{"type":"Point","coordinates":[121.49215,25.08297]}},{"type":"Feature","properties":{"id":"osm:node:9414479544","name":"美廉社","nameEn":"Simple Mart","category":"supermarket","source":"osm","tags":{"operator":"三商企業集團"}},"geometry":{"type":"Point","coordinates":[121.50497,25.09062]}},{"type":"Feature","properties":{"id":"osm:node:9414479546","name":"美廉社","nameEn":"Simple Mart","category":"supermarket","source":"osm"},"geometry":{"type":"Point","coordinates":[121.65649,25.06484]}},{"type":"Feature","properties":{"id":"osm:node:9424219900","name":"美廉社","nameEn":"Simple Mart","category":"supermarket","source":"osm","tags":{"operator":"三商企業集團"}},"geometry":{"type":"Point","coordinates":[121.46517,25.00516]}},{"type":"Feature","properties":{"id":"osm:node:9425960742","name":"美廉社","nameEn":"Simple Mart","category":"supermarket","source":"osm"},"geometry":{"type":"Point","coordinates":[121.49039,25.06306]}},{"type":"Feature","properties":{"id":"osm:node:9444015930","name":"美廉社","nameEn":"Simple Mart","category":"supermarket","source":"osm","tags":{"operator":"三商企業集團"}},"geometry":{"type":"Point","coordinates":[121.4778,25.08957]}},{"type":"Feature","properties":{"id":"osm:node:9444373344","name":"美廉社","nameEn":"Simple Mart","category":"supermarket","source":"osm"},"geometry":{"type":"Point","coordinates":[121.47343,25.09198]}},{"type":"Feature","properties":{"id":"osm:node:9494397352","name":"全聯福利中心","nameEn":"Pxmart","category":"supermarket","source":"osm","tags":{"operator":"Pxmart"}},"geometry":{"type":"Point","coordinates":[121.48151,25.08281]}},{"type":"Feature","properties":{"id":"osm:node:9494468793","name":"美廉社","nameEn":"Simple Mart","category":"supermarket","source":"osm","tags":{"operator":"三商企業集團"}},"geometry":{"type":"Point","coordinates":[121.47778,25.08313]}},{"type":"Feature","properties":{"id":"osm:node:9497475696","name":"家樂福超市","nameEn":"Carrefour Market","category":"supermarket","source":"osm"},"geometry":{"type":"Point","coordinates":[121.5152,25.07214]}},{"type":"Feature","properties":{"id":"osm:node:9510913767","name":"美廉社","nameEn":"Simple Mart","category":"supermarket","source":"osm"},"geometry":{"type":"Point","coordinates":[121.48949,25.07273]}},{"type":"Feature","properties":{"id":"osm:node:9524838478","name":"美廉社","nameEn":"Simple Mart","category":"supermarket","source":"osm"},"geometry":{"type":"Point","coordinates":[121.4969,25.08163]}},{"type":"Feature","properties":{"id":"osm:node:9652095624","name":"美廉社","nameEn":"Simple Mart","category":"supermarket","source":"osm","tags":{"operator":"三商企業集團"}},"geometry":{"type":"Point","coordinates":[121.48567,25.07892]}},{"type":"Feature","properties":{"id":"osm:node:9660073555","name":"美廉社","nameEn":"Simple Mart","category":"supermarket","source":"osm"},"geometry":{"type":"Point","coordinates":[121.49457,24.99589]}},{"type":"Feature","properties":{"id":"osm:node:9687287127","name":"全聯福利中心","nameEn":"Pxmart","category":"supermarket","source":"osm"},"geometry":{"type":"Point","coordinates":[121.54908,25.08434]}},{"type":"Feature","properties":{"id":"osm:node:9691379580","name":"美廉社","nameEn":"Simple Mart","category":"supermarket","source":"osm"},"geometry":{"type":"Point","coordinates":[121.47756,25.02765]}},{"type":"Feature","properties":{"id":"osm:node:9702250382","name":"美廉社","nameEn":"Simple Mart","category":"supermarket","source":"osm"},"geometry":{"type":"Point","coordinates":[121.59078,25.0866]}},{"type":"Feature","properties":{"id":"osm:node:9709472567","name":"全聯福利中心","nameEn":"Pxmart","category":"supermarket","source":"osm"},"geometry":{"type":"Point","coordinates":[121.51122,25.02413]}},{"type":"Feature","properties":{"id":"osm:node:9742934538","name":"安永鮮物內湖店","category":"supermarket","source":"osm"},"geometry":{"type":"Point","coordinates":[121.59381,25.08344]}},{"type":"Feature","properties":{"id":"osm:node:9776389675","name":"美廉社","nameEn":"Simple Mart","category":"supermarket","source":"osm","tags":{"operator":"三商企業集團"}},"geometry":{"type":"Point","coordinates":[121.53495,24.97516]}},{"type":"Feature","properties":{"id":"osm:node:9829408468","name":"美廉社","nameEn":"Simple Mart","category":"supermarket","source":"osm","tags":{"operator":"三商企業集團"}},"geometry":{"type":"Point","coordinates":[121.51529,25.11218]}},{"type":"Feature","properties":{"id":"osm:node:9840936781","name":"家樂福超市","nameEn":"Carrefour Market","category":"supermarket","source":"osm"},"geometry":{"type":"Point","coordinates":[121.45674,25.04045]}},{"type":"Feature","properties":{"id":"osm:node:9935066588","name":"美廉社","nameEn":"Simple Mart","category":"supermarket","source":"osm"},"geometry":{"type":"Point","coordinates":[121.48455,25.05625]}},{"type":"Feature","properties":{"id":"osm:node:9946258256","name":"美廉社","nameEn":"Simple Mart","category":"supermarket","source":"osm"},"geometry":{"type":"Point","coordinates":[121.52705,24.99819]}},{"type":"Feature","properties":{"id":"osm:node:9957526426","name":"全聯福利中心","nameEn":"Pxmart","category":"supermarket","source":"osm"},"geometry":{"type":"Point","coordinates":[121.49648,25.03687]}},{"type":"Feature","properties":{"id":"osm:node:9983295486","name":"美廉社","nameEn":"Simple Mart","category":"supermarket","source":"osm"},"geometry":{"type":"Point","coordinates":[121.51983,24.98674]}},{"type":"Feature","properties":{"id":"osm:node:9983295495","name":"美廉社","nameEn":"Simple Mart","category":"supermarket","source":"osm"},"geometry":{"type":"Point","coordinates":[121.51619,24.98482]}},{"type":"Feature","properties":{"id":"osm:node:10003414192","name":"美廉社","nameEn":"Simple Mart","category":"supermarket","source":"osm","tags":{"operator":"三商企業集團"}},"geometry":{"type":"Point","coordinates":[121.46798,24.99243]}},{"type":"Feature","properties":{"id":"osm:node:10003414194","name":"美廉社","nameEn":"Simple Mart","category":"supermarket","source":"osm"},"geometry":{"type":"Point","coordinates":[121.50624,24.99604]}},{"type":"Feature","properties":{"id":"osm:node:10007786077","name":"美廉社","nameEn":"Simple Mart","category":"supermarket","source":"osm"},"geometry":{"type":"Point","coordinates":[121.51731,24.97168]}},{"type":"Feature","properties":{"id":"osm:node:10034304031","name":"全聯福利中心","nameEn":"Pxmart","category":"supermarket","source":"osm"},"geometry":{"type":"Point","coordinates":[121.48247,25.07877]}},{"type":"Feature","properties":{"id":"osm:node:10037504978","name":"亞商超市","category":"supermarket","source":"osm"},"geometry":{"type":"Point","coordinates":[121.49073,25.05359]}},{"type":"Feature","properties":{"id":"osm:node:10053402381","name":"美廉社","nameEn":"Simple Mart","category":"supermarket","source":"osm","tags":{"operator":"三商企業集團"}},"geometry":{"type":"Point","coordinates":[121.52832,25.12964]}},{"type":"Feature","properties":{"id":"osm:node:10053402383","name":"美廉社","nameEn":"Simple Mart","category":"supermarket","source":"osm","tags":{"operator":"三商企業集團"}},"geometry":{"type":"Point","coordinates":[121.58946,25.04894]}},{"type":"Feature","properties":{"id":"osm:node:10074104477","name":"南崁聯福利中心","category":"supermarket","source":"osm"},"geometry":{"type":"Point","coordinates":[121.46838,24.99952]}},{"type":"Feature","properties":{"id":"osm:node:10074314097","name":"大台美百貨","category":"supermarket","source":"osm"},"geometry":{"type":"Point","coordinates":[121.48192,25.02057]}},{"type":"Feature","properties":{"id":"osm:node:10094941998","name":"法蘭克肉舖","category":"supermarket","source":"osm"},"geometry":{"type":"Point","coordinates":[121.45486,25.05311]}},{"type":"Feature","properties":{"id":"osm:node:10151899679","name":"美廉社","nameEn":"Simple Mart","category":"supermarket","source":"osm","tags":{"operator":"三商企業集團"}},"geometry":{"type":"Point","coordinates":[121.53443,24.98998]}},{"type":"Feature","properties":{"id":"osm:node:10151899681","name":"美廉社","nameEn":"Simple Mart","category":"supermarket","source":"osm","tags":{"operator":"三商企業集團"}},"geometry":{"type":"Point","coordinates":[121.54903,24.97392]}},{"type":"Feature","properties":{"id":"osm:node:10255095009","name":"全聯福利中心","nameEn":"Pxmart","category":"supermarket","source":"osm"},"geometry":{"type":"Point","coordinates":[121.53636,25.04777]}},{"type":"Feature","properties":{"id":"osm:node:10255339490","name":"美廉社","nameEn":"Simple Mart","category":"supermarket","source":"osm"},"geometry":{"type":"Point","coordinates":[121.49022,24.99493]}},{"type":"Feature","properties":{"id":"osm:node:10271125744","name":"美廉社","nameEn":"Simple Mart","category":"supermarket","source":"osm","tags":{"operator":"三商家購股份有限公司"}},"geometry":{"type":"Point","coordinates":[121.47777,25.01423]}},{"type":"Feature","properties":{"id":"osm:node:10598549554","name":"美廉城超","category":"supermarket","source":"osm"},"geometry":{"type":"Point","coordinates":[121.58867,25.08151]}},{"type":"Feature","properties":{"id":"osm:node:10719155917","name":"美廉社","nameEn":"Simple Mart","category":"supermarket","source":"osm","tags":{"operator":"三商企業集團"}},"geometry":{"type":"Point","coordinates":[121.47242,25.00932]}},{"type":"Feature","properties":{"id":"osm:node:10720258215","name":"合作社","category":"supermarket","source":"osm"},"geometry":{"type":"Point","coordinates":[121.47249,25.00986]}},{"type":"Feature","properties":{"id":"osm:node:10743723933","name":"美廉社","nameEn":"Simple Mart","category":"supermarket","source":"osm","tags":{"operator":"三商企業集團"}},"geometry":{"type":"Point","coordinates":[121.50627,25.14052]}},{"type":"Feature","properties":{"id":"osm:node:10779826819","name":"美廉社","nameEn":"Simple Mart","category":"supermarket","source":"osm","tags":{"operator":"三商企業集團"}},"geometry":{"type":"Point","coordinates":[121.65957,24.99143]}},{"type":"Feature","properties":{"id":"osm:node:10823001119","name":"美廉社","nameEn":"Simple Mart","category":"supermarket","source":"osm"},"geometry":{"type":"Point","coordinates":[121.51148,24.98375]}},{"type":"Feature","properties":{"id":"osm:node:10823001124","name":"美廉社","nameEn":"Simple Mart","category":"supermarket","source":"osm","tags":{"operator":"三商企業集團"}},"geometry":{"type":"Point","coordinates":[121.47997,24.96246]}},{"type":"Feature","properties":{"id":"osm:node:10836177395","name":"美廉社","nameEn":"Simple Mart","category":"supermarket","source":"osm"},"geometry":{"type":"Point","coordinates":[121.4594,25.0921]}},{"type":"Feature","properties":{"id":"osm:node:10836177397","name":"全聯福利中心","nameEn":"Pxmart","category":"supermarket","source":"osm"},"geometry":{"type":"Point","coordinates":[121.45831,25.09035]}},{"type":"Feature","properties":{"id":"osm:node:10856114322","name":"全聯福利中心","nameEn":"Pxmart","category":"supermarket","source":"osm"},"geometry":{"type":"Point","coordinates":[121.55607,25.02511]}},{"type":"Feature","properties":{"id":"osm:node:10857392965","name":"全聯福利中心","nameEn":"Pxmart","category":"supermarket","source":"osm"},"geometry":{"type":"Point","coordinates":[121.5611,25.02897]}},{"type":"Feature","properties":{"id":"osm:node:10914461716","name":"獵人谷之夢","nameEn":"Hunter's Dream","category":"supermarket","source":"osm"},"geometry":{"type":"Point","coordinates":[121.54277,24.97858]}},{"type":"Feature","properties":{"id":"osm:node:11001027779","name":"美廉社","nameEn":"Simple Mart","category":"supermarket","source":"osm","tags":{"operator":"三商企業集團"}},"geometry":{"type":"Point","coordinates":[121.4828,25.08374]}},{"type":"Feature","properties":{"id":"osm:node:11082229319","name":"美廉社","nameEn":"Simple Mart","category":"supermarket","source":"osm","tags":{"operator":"三商企業集團"}},"geometry":{"type":"Point","coordinates":[121.50572,25.0277]}},{"type":"Feature","properties":{"id":"osm:node:11082229320","name":"美廉社","nameEn":"Simple Mart","category":"supermarket","source":"osm"},"geometry":{"type":"Point","coordinates":[121.505,24.98338]}},{"type":"Feature","properties":{"id":"osm:node:11082701279","name":"美廉社","nameEn":"Simple Mart","category":"supermarket","source":"osm","tags":{"operator":"三商企業集團"}},"geometry":{"type":"Point","coordinates":[121.50771,25.12724]}},{"type":"Feature","properties":{"id":"osm:node:11119583595","name":"美廉社","nameEn":"Simple Mart","category":"supermarket","source":"osm"},"geometry":{"type":"Point","coordinates":[121.52571,25.00147]}},{"type":"Feature","properties":{"id":"osm:node:11140323105","name":"美廉社","nameEn":"Simple Mart","category":"supermarket","source":"osm"},"geometry":{"type":"Point","coordinates":[121.47968,25.02976]}},{"type":"Feature","properties":{"id":"osm:node:11152488177","name":"聖德科斯","nameEn":"Santa Cruz","category":"supermarket","source":"osm","tags":{"operator":"統一企業集團"}},"geometry":{"type":"Point","coordinates":[121.51137,25.04261]}},{"type":"Feature","properties":{"id":"osm:node:11262005549","name":"里仁","nameEn":"Leezen","category":"supermarket","source":"osm","tags":{"operator":"里仁事業股份有限公司"}},"geometry":{"type":"Point","coordinates":[121.51091,25.04403]}},{"type":"Feature","properties":{"id":"osm:node:11274664648","name":"棉花田","category":"supermarket","source":"osm"},"geometry":{"type":"Point","coordinates":[121.51906,25.02915]}},{"type":"Feature","properties":{"id":"osm:node:11336260487","name":"家樂福","nameEn":"Carrefour","category":"supermarket","source":"osm"},"geometry":{"type":"Point","coordinates":[121.49332,25.0806]}},{"type":"Feature","properties":{"id":"osm:node:11364309493","name":"全聯福利中心","nameEn":"Pxmart","category":"supermarket","source":"osm"},"geometry":{"type":"Point","coordinates":[121.51985,25.00562]}},{"type":"Feature","properties":{"id":"osm:node:11536239538","name":"美廉社","nameEn":"Simple Mart","category":"supermarket","source":"osm","tags":{"operator":"三商家購股份有限公司"}},"geometry":{"type":"Point","coordinates":[121.49197,25.02671]}},{"type":"Feature","properties":{"id":"osm:node:11676875573","name":"美聯社","category":"supermarket","source":"osm"},"geometry":{"type":"Point","coordinates":[121.46313,25.08568]}},{"type":"Feature","properties":{"id":"osm:node:11910175969","name":"全聯福利中心","nameEn":"Pxmart","category":"supermarket","source":"osm"},"geometry":{"type":"Point","coordinates":[121.4743,25.02269]}},{"type":"Feature","properties":{"id":"osm:node:11941455073","name":"家樂福超市","nameEn":"Carrefour Market","category":"supermarket","source":"osm"},"geometry":{"type":"Point","coordinates":[121.48354,25.06131]}},{"type":"Feature","properties":{"id":"osm:node:11945053069","name":"全聯福利中心","nameEn":"Pxmart","category":"supermarket","source":"osm"},"geometry":{"type":"Point","coordinates":[121.46743,25.02567]}},{"type":"Feature","properties":{"id":"osm:node:11949411170","name":"美廉社","nameEn":"Simple Mart","category":"supermarket","source":"osm"},"geometry":{"type":"Point","coordinates":[121.63512,25.01064]}},{"type":"Feature","properties":{"id":"osm:node:11964074796","name":"全聯福利中心","nameEn":"Pxmart","category":"supermarket","source":"osm"},"geometry":{"type":"Point","coordinates":[121.53247,25.03307]}},{"type":"Feature","properties":{"id":"osm:node:12048719683","name":"全聯福利中心","nameEn":"Pxmart","category":"supermarket","source":"osm","tags":{"operator":"全聯實業股份有限公司"}},"geometry":{"type":"Point","coordinates":[121.50943,25.00893]}},{"type":"Feature","properties":{"id":"osm:node:12094914658","name":"美廉社","nameEn":"Simple Mart","category":"supermarket","source":"osm","tags":{"operator":"三商企業集團"}},"geometry":{"type":"Point","coordinates":[121.64049,25.06431]}},{"type":"Feature","properties":{"id":"osm:node:12183731484","name":"supermarket 12183731484","category":"supermarket","source":"osm"},"geometry":{"type":"Point","coordinates":[121.50265,25.13687]}},{"type":"Feature","properties":{"id":"osm:node:12192135463","name":"台灣主婦聯盟生活消費合作社信義站","category":"supermarket","source":"osm"},"geometry":{"type":"Point","coordinates":[121.56642,25.0278]}},{"type":"Feature","properties":{"id":"osm:node:12198765409","name":"大三重百貨","category":"supermarket","source":"osm"},"geometry":{"type":"Point","coordinates":[121.49148,25.07452]}},{"type":"Feature","properties":{"id":"osm:node:12265991608","name":"家樂福超市","nameEn":"Carrefour Market","category":"supermarket","source":"osm"},"geometry":{"type":"Point","coordinates":[121.65506,25.06448]}},{"type":"Feature","properties":{"id":"osm:node:12328874185","name":"全聯福利中心","nameEn":"Pxmart","category":"supermarket","source":"osm"},"geometry":{"type":"Point","coordinates":[121.46903,25.02354]}},{"type":"Feature","properties":{"id":"osm:node:12441037092","name":"Mia C'bon","category":"supermarket","source":"osm"},"geometry":{"type":"Point","coordinates":[121.53187,25.11161]}},{"type":"Feature","properties":{"id":"osm:node:12462674942","name":"全聯福利中心","nameEn":"Pxmart","category":"supermarket","source":"osm"},"geometry":{"type":"Point","coordinates":[121.57429,25.04983]}},{"type":"Feature","properties":{"id":"osm:node:12592545305","name":"全聯福利中心","nameEn":"Pxmart","category":"supermarket","source":"osm"},"geometry":{"type":"Point","coordinates":[121.61227,25.06925]}},{"type":"Feature","properties":{"id":"osm:node:12754553202","name":"全聯福利中心","nameEn":"Pxmart","category":"supermarket","source":"osm"},"geometry":{"type":"Point","coordinates":[121.49842,24.99942]}},{"type":"Feature","properties":{"id":"osm:node:12791284976","name":"樂覓","category":"supermarket","source":"osm"},"geometry":{"type":"Point","coordinates":[121.5789,25.04834]}},{"type":"Feature","properties":{"id":"osm:node:12791874023","name":"全聯福利中心","nameEn":"Pxmart","category":"supermarket","source":"osm"},"geometry":{"type":"Point","coordinates":[121.46562,25.00983]}},{"type":"Feature","properties":{"id":"osm:node:12997277664","name":"ロピア","nameEn":"Lopia","category":"supermarket","source":"osm"},"geometry":{"type":"Point","coordinates":[121.61764,25.0601]}},{"type":"Feature","properties":{"id":"osm:node:13006523010","name":"全聯福利中心","nameEn":"Pxmart","category":"supermarket","source":"osm"},"geometry":{"type":"Point","coordinates":[121.49694,25.00216]}},{"type":"Feature","properties":{"id":"osm:node:13033747381","name":"全聯福利中心","nameEn":"Pxmart","category":"supermarket","source":"osm"},"geometry":{"type":"Point","coordinates":[121.51167,24.99762]}},{"type":"Feature","properties":{"id":"osm:node:13070154256","name":"全聯福利中心","nameEn":"Pxmart","category":"supermarket","source":"osm"},"geometry":{"type":"Point","coordinates":[121.57527,25.04831]}},{"type":"Feature","properties":{"id":"osm:node:13070154257","name":"全聯福利中心","nameEn":"Pxmart","category":"supermarket","source":"osm"},"geometry":{"type":"Point","coordinates":[121.52624,25.05419]}},{"type":"Feature","properties":{"id":"osm:node:13121279401","name":"全聯福利中心","nameEn":"Pxmart","category":"supermarket","source":"osm"},"geometry":{"type":"Point","coordinates":[121.52304,25.05054]}},{"type":"Feature","properties":{"id":"osm:node:13128230629","name":"小農貓屋超市","category":"supermarket","source":"osm"},"geometry":{"type":"Point","coordinates":[121.57882,24.9868]}},{"type":"Feature","properties":{"id":"osm:node:13130475084","name":"聖德科斯","nameEn":"Santa Cruz","category":"supermarket","source":"osm","tags":{"operator":"統一企業集團"}},"geometry":{"type":"Point","coordinates":[121.57619,24.98827]}},{"type":"Feature","properties":{"id":"osm:node:13130475090","name":"581生活館","category":"supermarket","source":"osm"},"geometry":{"type":"Point","coordinates":[121.5769,24.9875]}},{"type":"Feature","properties":{"id":"osm:node:13134450087","name":"天香食品店","category":"supermarket","source":"osm"},"geometry":{"type":"Point","coordinates":[121.56963,24.98771]}},{"type":"Feature","properties":{"id":"osm:node:13134459204","name":"成發雜糧行","category":"supermarket","source":"osm"},"geometry":{"type":"Point","coordinates":[121.56946,24.98826]}},{"type":"Feature","properties":{"id":"osm:node:13134459252","name":"toko indo pondok indah","category":"supermarket","source":"osm"},"geometry":{"type":"Point","coordinates":[121.5703,24.9869]}},{"type":"Feature","properties":{"id":"osm:node:13136578066","name":"台灣主婦聯盟生活消費合作社木柵站","category":"supermarket","source":"osm"},"geometry":{"type":"Point","coordinates":[121.56966,24.98422]}},{"type":"Feature","properties":{"id":"osm:node:13142341040","name":"文如越南食品行","category":"supermarket","source":"osm"},"geometry":{"type":"Point","coordinates":[121.56946,24.98897]}},{"type":"Feature","properties":{"id":"osm:node:13236316547","name":"里仁","nameEn":"Leezen","category":"supermarket","source":"osm"},"geometry":{"type":"Point","coordinates":[121.47252,25.00678]}},{"type":"Feature","properties":{"id":"osm:node:13236316560","name":"棉花田生機園地","category":"supermarket","source":"osm"},"geometry":{"type":"Point","coordinates":[121.47202,25.00718]}},{"type":"Feature","properties":{"id":"osm:node:13307669096","name":"美廉社","nameEn":"Simple Mart","category":"supermarket","source":"osm","tags":{"operator":"三商企業集團"}},"geometry":{"type":"Point","coordinates":[121.4673,24.98394]}},{"type":"Feature","properties":{"id":"osm:node:13321758847","name":"全聯福利中心","nameEn":"Pxmart","category":"supermarket","source":"osm"},"geometry":{"type":"Point","coordinates":[121.46555,24.98398]}},{"type":"Feature","properties":{"id":"osm:node:13536330540","name":"家樂福","nameEn":"Carrefour","category":"supermarket","source":"osm"},"geometry":{"type":"Point","coordinates":[121.51444,25.05909]}},{"type":"Feature","properties":{"id":"osm:node:13622274840","name":"太赫國際專業禮贈品","category":"supermarket","source":"osm"},"geometry":{"type":"Point","coordinates":[121.46482,24.99487]}},{"type":"Feature","properties":{"id":"osm:node:13627037003","name":"飛勳免洗餐具FEISYUN","category":"supermarket","source":"osm"},"geometry":{"type":"Point","coordinates":[121.49827,25.02577]}},{"type":"Feature","properties":{"id":"osm:node:13700750556","name":"全聯福利中心","nameEn":"Pxmart","category":"supermarket","source":"osm"},"geometry":{"type":"Point","coordinates":[121.661,25.06943]}},{"type":"Feature","properties":{"id":"osm:node:13713415706","name":"全聯福利中心","nameEn":"Pxmart","category":"supermarket","source":"osm","tags":{"operator":"全聯實業股份有限公司新莊大觀分公司"}},"geometry":{"type":"Point","coordinates":[121.45355,25.03578]}},{"type":"Feature","properties":{"id":"osm:node:13728707243","name":"家樂福超市","nameEn":"Carrefour Market","category":"supermarket","source":"osm"},"geometry":{"type":"Point","coordinates":[121.49241,24.99084]}},{"type":"Feature","properties":{"id":"osm:node:13728728854","name":"美廉社中和圓通店","category":"supermarket","source":"osm"},"geometry":{"type":"Point","coordinates":[121.49268,24.99014]}},{"type":"Feature","properties":{"id":"osm:node:13728740483","name":"美廉社","nameEn":"Simple Mart","category":"supermarket","source":"osm","tags":{"operator":"三商企業集團"}},"geometry":{"type":"Point","coordinates":[121.52253,24.99977]}},{"type":"Feature","properties":{"id":"osm:node:13729217779","name":"美廉社","nameEn":"Simple Mart","category":"supermarket","source":"osm","tags":{"operator":"三商企業集團"}},"geometry":{"type":"Point","coordinates":[121.66606,25.0707]}},{"type":"Feature","properties":{"id":"osm:node:13928535731","name":"豚起來","category":"supermarket","source":"osm"},"geometry":{"type":"Point","coordinates":[121.50685,25.02621]}},{"type":"Feature","properties":{"id":"osm:node:13961919668","name":"家樂福超市","nameEn":"Carrefour Market","category":"supermarket","source":"osm"},"geometry":{"type":"Point","coordinates":[121.47547,25.08369]}},{"type":"Feature","properties":{"id":"osm:node:13961919675","name":"蘆農樂活館","category":"supermarket","source":"osm"},"geometry":{"type":"Point","coordinates":[121.47485,25.08135]}},{"type":"Feature","properties":{"id":"osm:node:13961919681","name":"美廉社","nameEn":"Simple Mart","category":"supermarket","source":"osm","tags":{"operator":"三商企業集團"}},"geometry":{"type":"Point","coordinates":[121.4742,25.08012]}},{"type":"Feature","properties":{"id":"osm:node:13961919685","name":"好鄉親平價中心","category":"supermarket","source":"osm"},"geometry":{"type":"Point","coordinates":[121.47497,25.07973]}},{"type":"Feature","properties":{"id":"osm:node:13985046724","name":"樂家康超市 內湖成功店","category":"supermarket","source":"osm"},"geometry":{"type":"Point","coordinates":[121.59058,25.08087]}},{"type":"Feature","properties":{"id":"osm:node:14014747594","name":"美廉社","nameEn":"Simple Mart","category":"supermarket","source":"osm","tags":{"operator":"三商企業集團"}},"geometry":{"type":"Point","coordinates":[121.5197,25.11569]}},{"type":"Feature","properties":{"id":"osm:way:173002029","name":"大全聯","category":"supermarket","source":"osm"},"geometry":{"type":"Point","coordinates":[121.57565,25.06246]}},{"type":"Feature","properties":{"id":"osm:way:173002035","name":"萬家福 內湖店","category":"supermarket","source":"osm"},"geometry":{"type":"Point","coordinates":[121.57498,25.06004]}},{"type":"Feature","properties":{"id":"osm:way:221179826","name":"全聯福利中心","nameEn":"Pxmart","category":"supermarket","source":"osm"},"geometry":{"type":"Point","coordinates":[121.54022,25.00481]}},{"type":"Feature","properties":{"id":"osm:way:239042339","name":"家樂福","nameEn":"Carrefour","category":"supermarket","source":"osm","tags":{"operator":"家福股份有限公司公司"}},"geometry":{"type":"Point","coordinates":[121.50586,25.03789]}},{"type":"Feature","properties":{"id":"osm:way:246640124","name":"家樂福","nameEn":"Carrefour","category":"supermarket","source":"osm"},"geometry":{"type":"Point","coordinates":[121.48657,25.08798]}},{"type":"Feature","properties":{"id":"osm:way:248614424","name":"家樂福","nameEn":"Carrefour","category":"supermarket","source":"osm","tags":{"operator":"家福股份有限公司"}},"geometry":{"type":"Point","coordinates":[121.54615,24.97648]}},{"type":"Feature","properties":{"id":"osm:way:290029861","name":"田倉超市","category":"supermarket","source":"osm"},"geometry":{"type":"Point","coordinates":[121.45916,25.06445]}},{"type":"Feature","properties":{"id":"osm:way:300646362","name":"億萬里","category":"supermarket","source":"osm"},"geometry":{"type":"Point","coordinates":[121.45032,25.06173]}},{"type":"Feature","properties":{"id":"osm:way:333377442","name":"家樂福","nameEn":"Carrefour","category":"supermarket","source":"osm"},"geometry":{"type":"Point","coordinates":[121.56392,25.06173]}},{"type":"Feature","properties":{"id":"osm:way:334980062","name":"愛買","nameEn":"A.mart","category":"supermarket","source":"osm","tags":{"operator":"遠東百貨"}},"geometry":{"type":"Point","coordinates":[121.45691,25.00175]}},{"type":"Feature","properties":{"id":"osm:way:363297880","name":"家樂福","nameEn":"Carrefour","category":"supermarket","source":"osm","tags":{"operator":"家福股份有限公司重新分公司"}},"geometry":{"type":"Point","coordinates":[121.46788,25.04325]}},{"type":"Feature","properties":{"id":"osm:way:375327759","name":"全聯福利中心","nameEn":"Pxmart","category":"supermarket","source":"osm"},"geometry":{"type":"Point","coordinates":[121.48914,25.14092]}},{"type":"Feature","properties":{"id":"osm:way:415231973","name":"全聯福利中心","nameEn":"Pxmart","category":"supermarket","source":"osm","tags":{"operator":"全聯實業"}},"geometry":{"type":"Point","coordinates":[121.51189,24.96038]}},{"type":"Feature","properties":{"id":"osm:way:502197861","name":"特力屋","category":"supermarket","source":"osm"},"geometry":{"type":"Point","coordinates":[121.52013,25.0922]}},{"type":"Feature","properties":{"id":"osm:way:529666321","name":"全聯福利中心","nameEn":"Pxmart","category":"supermarket","source":"osm"},"geometry":{"type":"Point","coordinates":[121.53068,25.06645]}},{"type":"Feature","properties":{"id":"osm:way:543452010","name":"全聯福利中心","nameEn":"Pxmart","category":"supermarket","source":"osm","tags":{"operator":"全聯"}},"geometry":{"type":"Point","coordinates":[121.50383,24.99211]}},{"type":"Feature","properties":{"id":"osm:way:545470331","name":"全聯福利中心","nameEn":"Pxmart","category":"supermarket","source":"osm","tags":{"operator":"全聯福利中心"}},"geometry":{"type":"Point","coordinates":[121.61501,25.00103]}},{"type":"Feature","properties":{"id":"osm:way:552648361","name":"九宏五金行","category":"supermarket","source":"osm"},"geometry":{"type":"Point","coordinates":[121.50351,25.04618]}},{"type":"Feature","properties":{"id":"osm:way:588529573","name":"美福食集","category":"supermarket","source":"osm"},"geometry":{"type":"Point","coordinates":[121.57489,25.06129]}},{"type":"Feature","properties":{"id":"osm:way:600129353","name":"全聯福利中心","nameEn":"Pxmart","category":"supermarket","source":"osm"},"geometry":{"type":"Point","coordinates":[121.48481,25.0688]}},{"type":"Feature","properties":{"id":"osm:way:606421300","name":"家樂福超市","nameEn":"Carrefour Market","category":"supermarket","source":"osm"},"geometry":{"type":"Point","coordinates":[121.47503,25.00345]}},{"type":"Feature","properties":{"id":"osm:way:661059735","name":"美廉社","nameEn":"Simple Mart","category":"supermarket","source":"osm"},"geometry":{"type":"Point","coordinates":[121.66266,25.07122]}},{"type":"Feature","properties":{"id":"osm:way:763957943","name":"全聯福利中心","nameEn":"Pxmart","category":"supermarket","source":"osm"},"geometry":{"type":"Point","coordinates":[121.61446,25.03533]}},{"type":"Feature","properties":{"id":"osm:way:777210704","name":"全聯福利中心","nameEn":"Pxmart","category":"supermarket","source":"osm"},"geometry":{"type":"Point","coordinates":[121.49805,25.07978]}},{"type":"Feature","properties":{"id":"osm:way:825423763","name":"家樂福","nameEn":"Carrefour","category":"supermarket","source":"osm","tags":{"operator":"家福股份有限公司"}},"geometry":{"type":"Point","coordinates":[121.52249,25.10555]}},{"type":"Feature","properties":{"id":"osm:way:831069784","name":"全聯福利中心","nameEn":"Pxmart","category":"supermarket","source":"osm"},"geometry":{"type":"Point","coordinates":[121.51027,25.00216]}},{"type":"Feature","properties":{"id":"osm:way:831109822","name":"台北市農會蔬果舖子","category":"supermarket","source":"osm","tags":{"operator":"台北市農會"}},"geometry":{"type":"Point","coordinates":[121.54343,25.03623]}},{"type":"Feature","properties":{"id":"osm:way:861784832","name":"全聯福利中心","nameEn":"Pxmart","category":"supermarket","source":"osm"},"geometry":{"type":"Point","coordinates":[121.55381,25.0477]}},{"type":"Feature","properties":{"id":"osm:way:948948980","name":"全聯福利中心","nameEn":"Pxmart","category":"supermarket","source":"osm","tags":{"operator":"全聯實業股份有限公司"}},"geometry":{"type":"Point","coordinates":[121.47169,25.01451]}},{"type":"Feature","properties":{"id":"osm:way:964904055","name":"全聯福利中心","nameEn":"Pxmart","category":"supermarket","source":"osm"},"geometry":{"type":"Point","coordinates":[121.4564,25.04919]}},{"type":"Feature","properties":{"id":"osm:way:975769423","name":"愛買","nameEn":"A.mart","category":"supermarket","source":"osm","tags":{"operator":"遠東百貨"}},"geometry":{"type":"Point","coordinates":[121.47667,25.07157]}},{"type":"Feature","properties":{"id":"osm:way:1015909552","name":"家樂福超市","category":"supermarket","source":"osm"},"geometry":{"type":"Point","coordinates":[121.46572,25.0504]}},{"type":"Feature","properties":{"id":"osm:way:1111107805","name":"全聯福利中心","nameEn":"Pxmart","category":"supermarket","source":"osm"},"geometry":{"type":"Point","coordinates":[121.6309,25.06767]}},{"type":"Feature","properties":{"id":"osm:way:1226378387","name":"全聯福利中心","nameEn":"Pxmart","category":"supermarket","source":"osm"},"geometry":{"type":"Point","coordinates":[121.4511,25.13078]}},{"type":"Feature","properties":{"id":"osm:way:1340110307","name":"全聯福利中心","nameEn":"Pxmart","category":"supermarket","source":"osm"},"geometry":{"type":"Point","coordinates":[121.48427,24.99831]}},{"type":"Feature","properties":{"id":"osm:way:1430527522","name":"全聯福利中心","nameEn":"Pxmart","category":"supermarket","source":"osm"},"geometry":{"type":"Point","coordinates":[121.49586,24.99788]}},{"type":"Feature","properties":{"id":"osm:relation:9398393","name":"supermarket 9398393","category":"supermarket","source":"osm"},"geometry":{"type":"Point","coordinates":[121.57586,25.06383]}}]}