{"type":"FeatureCollection","features":[{"type":"Feature","properties":{"id":"osm:node:10080204905","name":"合作金庫商業銀行","category":"bank","nameEn":"Taiwan Cooperative Bank","brand":"合作金庫商業銀行","address":"臺北市中山區南京東路一段19號","phone":"+886 2 2562 3150"},"geometry":{"type":"Point","coordinates":[121.524047,25.052432]}},{"type":"Feature","properties":{"id":"osm:node:10271125785","name":"臺灣土地銀行","category":"bank","nameEn":"Land Bank of Taiwan","brand":"臺灣土地銀行","opening_hours":"Mo-Fr 09:00-15:30","address":"220079新北市板橋區三民路二段148號","phone":"+886 2 8952 2345","website":"https://www.landbank.com.tw/"},"geometry":{"type":"Point","coordinates":[121.478939,25.015222]}},{"type":"Feature","properties":{"id":"osm:node:10868099105","name":"國泰世華商業銀行","category":"bank","nameEn":"Cathay United Bank","brand":"國泰世華商業銀行","address":"106臺北市大安區龍安里2鄰和平東路一段197號五樓之2","phone":"+886 2 2365 5627","wheelchair":"limited"},"geometry":{"type":"Point","coordinates":[121.533904,25.026386]}},{"type":"Feature","properties":{"id":"osm:node:11233541694","name":"彰化商業銀行","category":"bank","nameEn":"Chang Hwa Bank","brand":"彰化商業銀行","opening_hours":"Mo-Fr 09:00-15:30","address":"103012臺北市大同區延平北路一段126、128、130、130之1號1樓及110號二樓之1、110號二樓之2","phone":"+886 2 2555 5121","website":"https://www.bankchb.com/"},"geometry":{"type":"Point","coordinates":[121.511699,25.05318]}},{"type":"Feature","properties":{"id":"osm:node:11243785215","name":"台新國際商業銀行","category":"bank","nameEn":"Taishin International Bank","brand":"台新國際商業銀行","opening_hours":"Mo-Fr 09:00-15:30","address":"100215臺北市中正區羅斯福路一段7號及7之2號","phone":"+886 2 2397 2588","website":"https://www.taishinbank.com.tw/"},"geometry":{"type":"Point","coordinates":[121.517916,25.033606]}},{"type":"Feature","properties":{"id":"osm:node:11252882054","name":"元大商業銀行","category":"bank","nameEn":"Yuanta Commercial Bank","brand":"元大商業銀行","opening_hours":"Mo-Fr 09:00-15:30","address":"108015臺北市萬華區西園路一段123號","phone":"+886 2 2308 6558","website":"https://www.yuantabank.com.tw/"},"geometry":{"type":"Point","coordinates":[121.499768,25.037921]}},{"type":"Feature","properties":{"id":"osm:node:11584667221","name":"瑞穗銀行","category":"bank","nameEn":"Mizuho Bank","brand":"みずほ銀行","opening_hours":"Mo-Fr 09:00-15:30","address":"110419臺北市信義區忠孝東路五段68號7;8;9樓","phone":"+886-2-8726-3000","website":"https://www.mizuhogroup.com/asia-pacific/taiwan/cn/about/network/taipei"},"geometry":{"type":"Point","coordinates":[121.566821,25.040605]}},{"type":"Feature","properties":{"id":"osm:node:12049320440","name":"彰化商業銀行","category":"bank","nameEn":"Chang Hwa Bank","brand":"彰化商業銀行","opening_hours":"Mo-Fr 09:00-15:30","address":"100028臺北市中正區羅斯福路二段74號","phone":"+886 2 2351 7211","website":"https://www.chb.com.tw/","wheelchair":"yes"},"geometry":{"type":"Point","coordinates":[121.521934,25.027178]}},{"type":"Feature","properties":{"id":"osm:node:12115169353","name":"星展（台灣）商業銀行","category":"bank","nameEn":"DBS Bank Taiwan","brand":"星展銀行","opening_hours":"Mo-Fr 09:00-15:30","address":"236615新北市土城區金城路三段13號1樓及15號1樓、2樓","phone":"+886 2 6613 7608","website":"https://www.dbs.com.tw/personal-zh/default.page"},"geometry":{"type":"Point","coordinates":[121.464727,24.986384]}},{"type":"Feature","properties":{"id":"osm:node:12115169354","name":"星展（台灣）商業銀行","category":"bank","nameEn":"DBS Bank Taiwan","brand":"星展銀行","opening_hours":"Mo-Fr 09:00-15:30","address":"220340新北市板橋區三民路一段210號1、2樓及212號2樓","phone":"+886 2 6613 7208","website":"https://www.dbs.com.tw/personal-zh/default.page"},"geometry":{"type":"Point","coordinates":[121.479026,25.019363]}},{"type":"Feature","properties":{"id":"osm:node:12115169355","name":"星展（台灣）商業銀行","category":"bank","nameEn":"DBS Bank Taiwan","brand":"星展銀行","opening_hours":"Mo-Fr 09:00-15:30","address":"231021新北市新店區中正路527號1樓、2樓","phone":"+886 2 6613 7358","website":"https://www.dbs.com.tw/personal-zh/default.page"},"geometry":{"type":"Point","coordinates":[121.53338,24.985533]}},{"type":"Feature","properties":{"id":"osm:node:12115169356","name":"星展（台灣）商業銀行","category":"bank","nameEn":"DBS Bank Taiwan","brand":"星展銀行","opening_hours":"Mo-Fr 09:00-15:30","address":"105402臺北市松山區民生東路三段100號","phone":"+886 2 6633 0758","website":"https://www.dbs.com.tw/personal-zh/default.page"},"geometry":{"type":"Point","coordinates":[121.544498,25.057468]}},{"type":"Feature","properties":{"id":"osm:node:12115169357","name":"星展（台灣）商業銀行","category":"bank","nameEn":"DBS Bank Taiwan","brand":"星展銀行","address":"114675臺北市內湖區瑞光路405號13樓","phone":"+886 2 6612 9316","website":"https://www.dbs.com.tw/personal-zh/default.page"},"geometry":{"type":"Point","coordinates":[121.571763,25.078182]}},{"type":"Feature","properties":{"id":"osm:node:12117919368","name":"台北市第五信用合作社","category":"bank","nameEn":"The Fifth Credit Cooperation of Taipei","brand":"台北市第五信用合作社","opening_hours":"Mo-Fr 09:00-15:30","address":"103023臺北市大同區民生西路228號","phone":"+886 2 2555 1151","website":"https://taipei-tfcc.scu.org.tw/"},"geometry":{"type":"Point","coordinates":[121.514718,25.056861]}},{"type":"Feature","properties":{"id":"osm:node:12117919369","name":"台北市第五信用合作社","category":"bank","nameEn":"The Fifth Credit Cooperation of Taipei","brand":"台北市第五信用合作社","opening_hours":"Mo-Fr 09:00-15:30","address":"104024臺北市中山區吉林路312號","phone":"+886 2 2542 6255","website":"https://taipei-tfcc.scu.org.tw/"},"geometry":{"type":"Point","coordinates":[121.530136,25.061921]}},{"type":"Feature","properties":{"id":"osm:node:12117919370","name":"台北市第五信用合作社","category":"bank","nameEn":"The Fifth Credit Cooperation of Taipei","brand":"台北市第五信用合作社","opening_hours":"Mo-Fr 09:00-15:30","address":"103037臺北市大同區民族西路80、82號","phone":"+886 2 2595 9776","website":"https://taipei-tfcc.scu.org.tw/"},"geometry":{"type":"Point","coordinates":[121.517465,25.068319]}},{"type":"Feature","properties":{"id":"osm:node:12117919371","name":"台北市第五信用合作社","category":"bank","nameEn":"The Fifth Credit Cooperation of Taipei","brand":"台北市第五信用合作社","opening_hours":"Mo-Fr 09:00-15:30","address":"104077臺北市中山區龍江路266號","phone":"+886 2 2501 7206","website":"https://taipei-tfcc.scu.org.tw/"},"geometry":{"type":"Point","coordinates":[121.540616,25.060343]}},{"type":"Feature","properties":{"id":"osm:node:12117919372","name":"台北市第五信用合作社","category":"bank","nameEn":"The Fifth Credit Cooperation of Taipei","brand":"台北市第五信用合作社","opening_hours":"Mo-Fr 09:00-15:30","address":"115017臺北市南港區中坡南路11號","phone":"+886 2 2651 6885","website":"https://taipei-tfcc.scu.org.tw/"},"geometry":{"type":"Point","coordinates":[121.582631,25.043751]}},{"type":"Feature","properties":{"id":"osm:node:12117919373","name":"台北市第五信用合作社","category":"bank","nameEn":"The Fifth Credit Cooperation of Taipei","brand":"台北市第五信用合作社","opening_hours":"Mo-Fr 09:00-15:30","address":"106625臺北市大安區復興南路二段86之5號","phone":"+886 2 2754 8656","website":"https://taipei-tfcc.scu.org.tw/"},"geometry":{"type":"Point","coordinates":[121.54332,25.030471]}},{"type":"Feature","properties":{"id":"osm:node:12117919374","name":"台北市第五信用合作社","category":"bank","nameEn":"The Fifth Credit Cooperation of Taipei","brand":"台北市第五信用合作社","opening_hours":"Mo-Fr 09:00-15:30","address":"112042臺北市北投區裕民六路132、136號","phone":"+886 2 2821 8955","website":"https://taipei-tfcc.scu.org.tw/"},"geometry":{"type":"Point","coordinates":[121.517768,25.114902]}},{"type":"Feature","properties":{"id":"osm:node:12117919375","name":"台北市第五信用合作社","category":"bank","nameEn":"The Fifth Credit Cooperation of Taipei","brand":"台北市第五信用合作社","opening_hours":"Mo-Fr 09:00-15:30","address":"100039臺北市中正區南昌路二段139號","phone":"+886 2 2369 6881","website":"https://taipei-tfcc.scu.org.tw/"},"geometry":{"type":"Point","coordinates":[121.522189,25.026042]}},{"type":"Feature","properties":{"id":"osm:node:12117919376","name":"台北市第五信用合作社","category":"bank","nameEn":"The Fifth Credit Cooperation of Taipei","brand":"台北市第五信用合作社","opening_hours":"Mo-Fr 09:00-15:30","address":"112023臺北市北投區中央南路一段108號","phone":"+886 2 2893 0131","website":"https://taipei-tfcc.scu.org.tw/"},"geometry":{"type":"Point","coordinates":[121.501064,25.13074]}},{"type":"Feature","properties":{"id":"osm:node:12127426452","name":"淡水第一信用合作社","category":"bank","nameEn":"The Tamshui First Credit Cooperative Bank","brand":"淡水第一信用合作社","opening_hours":"Mo-Fr 09:00-15:30","address":"249008新北市八里區龍米路一段121號","phone":"+886 2 2618 1177","website":"https://www.tfccbank.com.tw/"},"geometry":{"type":"Point","coordinates":[121.452278,25.126335]}},{"type":"Feature","properties":{"id":"osm:node:12127426454","name":"淡水第一信用合作社","category":"bank","nameEn":"The Tamshui First Credit Cooperative Bank","brand":"淡水第一信用合作社","opening_hours":"Mo-Fr 09:00-15:30","address":"241071新北市三重區力行路二段148號","phone":"+886 2 8287 1212","website":"https://www.tfccbank.com.tw/"},"geometry":{"type":"Point","coordinates":[121.482506,25.076154]}},{"type":"Feature","properties":{"id":"osm:node:12127426455","name":"淡水第一信用合作社","category":"bank","nameEn":"The Tamshui First Credit Cooperative Bank","brand":"淡水第一信用合作社","opening_hours":"Mo-Fr 09:00-15:30","address":"235071新北市中和區宜安路121號1樓","phone":"+886 2 2941 1122","website":"https://www.tfccbank.com.tw/"},"geometry":{"type":"Point","coordinates":[121.510016,24.997944]}},{"type":"Feature","properties":{"id":"osm:node:12127426456","name":"淡水第一信用合作社","category":"bank","nameEn":"The Tamshui First Credit Cooperative Bank","brand":"淡水第一信用合作社","opening_hours":"Mo-Fr 09:00-15:30","address":"112038臺北市北投區明德路105號1樓","phone":"+886 2 2828 8811","website":"https://www.tfccbank.com.tw/"},"geometry":{"type":"Point","coordinates":[121.519611,25.109644]}},{"type":"Feature","properties":{"id":"osm:node:12127426463","name":"淡水信用合作社","category":"bank","nameEn":"The Tamsui Credit Cooperative","brand":"淡水信用合作社","opening_hours":"Mo-Fr 09:00-15:30","address":"220010新北市板橋區四維路174號","phone":"+886 2 2251 2301","website":"https://tsc.scu.org.tw/"},"geometry":{"type":"Point","coordinates":[121.464681,25.026358]}},{"type":"Feature","properties":{"id":"osm:node:12127426465","name":"淡水信用合作社","category":"bank","nameEn":"The Tamsui Credit Cooperative","brand":"淡水信用合作社","opening_hours":"Mo-Fr 09:00-15:30","address":"247015新北市蘆洲區中山二路60號","phone":"+886 2 8285 8587","website":"https://tsc.scu.org.tw/"},"geometry":{"type":"Point","coordinates":[121.473667,25.082218]}},{"type":"Feature","properties":{"id":"osm:node:12127426468","name":"淡水信用合作社","category":"bank","nameEn":"The Tamsui Credit Cooperative","brand":"淡水信用合作社","opening_hours":"Mo-Fr 09:00-15:30","address":"251018新北市五股區成泰路三段571、573號","phone":"+886 2 8295 2929","website":"https://tsc.scu.org.tw/"},"geometry":{"type":"Point","coordinates":[121.452104,25.102469]}},{"type":"Feature","properties":{"id":"osm:node:12127978430","name":"淡水信用合作社","category":"bank","nameEn":"The Tamsui Credit Cooperative","brand":"淡水信用合作社","opening_hours":"Mo-Fr 09:00-15:30","address":"251033新北市淡水區民權路105號","phone":"+886 2 2809 1221","website":"https://tsc.scu.org.tw/"},"geometry":{"type":"Point","coordinates":[121.460256,25.137612]}},{"type":"Feature","properties":{"id":"osm:node:12289770308","name":"台北富邦商業銀行","category":"bank","nameEn":"Taipei Fubon Bank","brand":"台北富邦商業銀行","address":"新北市新店區中央路188號1樓、2樓","phone":"+886 2 2918 8258"},"geometry":{"type":"Point","coordinates":[121.532031,24.977002]}},{"type":"Feature","properties":{"id":"osm:node:12289770309","name":"台北富邦商業銀行","category":"bank","nameEn":"Taipei Fubon Bank","brand":"台北富邦商業銀行","address":"台北市內湖區南京東路六段380號1樓"},"geometry":{"type":"Point","coordinates":[121.586919,25.059307]}},{"type":"Feature","properties":{"id":"osm:node:12440378187","name":"凱基商業銀行","category":"bank","nameEn":"KGI Commercial Bank","brand":"凱基商業銀行"},"geometry":{"type":"Point","coordinates":[121.524166,25.106238]}},{"type":"Feature","properties":{"id":"osm:node:12484536643","name":"台北富邦商業銀行","category":"bank","nameEn":"Taipei Fubon Bank","brand":"台北富邦商業銀行","address":"110臺北市信義區1號"},"geometry":{"type":"Point","coordinates":[121.570967,25.039204]}},{"type":"Feature","properties":{"id":"osm:node:12495138481","name":"元大商業銀行","category":"bank","nameEn":"Yuanta Commercial Bank","brand":"元大商業銀行","address":"104臺北市中山區下埤里1鄰民權東路三段35號","phone":"+886 2 2545 5569"},"geometry":{"type":"Point","coordinates":[121.54218,25.062585]}},{"type":"Feature","properties":{"id":"osm:node:13052382380","name":"合作金庫商業銀行","category":"bank","nameEn":"Taiwan Cooperative Bank","brand":"合作金庫商業銀行","address":"台北市松山區長安東路二段225號5樓","phone":"+886 2 2752 0058"},"geometry":{"type":"Point","coordinates":[121.545383,25.048702]}},{"type":"Feature","properties":{"id":"osm:node:13052382381","name":"合作金庫商業銀行","category":"bank","nameEn":"Taiwan Cooperative Bank","brand":"合作金庫商業銀行","address":"臺北市忠孝東路四段325號9樓","phone":"+886 2 2752 0058"},"geometry":{"type":"Point","coordinates":[121.544944,25.048754]}},{"type":"Feature","properties":{"id":"osm:node:13052382382","name":"合作金庫商業銀行","category":"bank","nameEn":"Taiwan Cooperative Bank","brand":"合作金庫商業銀行","address":"臺北市松山區光復北路11巷31號1樓","phone":"+886 2 2772 1234"},"geometry":{"type":"Point","coordinates":[121.558945,25.049748]}},{"type":"Feature","properties":{"id":"osm:node:13077385797","name":"全國農業金庫","category":"bank","nameEn":"Agricultural Bank of Taiwan","brand":"全國農業金庫","address":"臺北市中正區忠孝西路一段80號","wheelchair":"limited"},"geometry":{"type":"Point","coordinates":[121.513892,25.046808]}},{"type":"Feature","properties":{"id":"osm:node:13108188461","name":"國泰世華商業銀行","category":"bank","nameEn":"Cathay United Bank","brand":"國泰世華商業銀行"},"geometry":{"type":"Point","coordinates":[121.543141,25.026186]}},{"type":"Feature","properties":{"id":"osm:node:13380402532","name":"京城商業銀行","category":"bank","nameEn":"King's Town Bank","brand":"京城商業銀行","address":"新北市新莊區頭前路146號1樓","phone":"+886 2 2994 1213"},"geometry":{"type":"Point","coordinates":[121.462467,25.052752]}},{"type":"Feature","properties":{"id":"osm:node:13596251418","name":"臺灣銀行","category":"bank","nameEn":"Bank of Taiwan","brand":"臺灣銀行","address":"114062臺北市內湖區瑞光路102號","phone":"+886 2 8792 7988"},"geometry":{"type":"Point","coordinates":[121.581167,25.071619]}},{"type":"Feature","properties":{"id":"osm:node:13622024734","name":"合作金庫商業銀行","category":"bank","nameEn":"Taiwan Cooperative Bank","brand":"合作金庫商業銀行"},"geometry":{"type":"Point","coordinates":[121.564694,25.051156]}},{"type":"Feature","properties":{"id":"osm:node:13898341645","name":"新光銀行永和分行","category":"bank","nameEn":"Shin Kong Bank Yonghe Branch","brand":"新光銀行","opening_hours":"Mo-Fr 09:00-15:30","address":"新北市永和區中興里015鄰竹林路70號二十樓","phone":"+886 2 3233 5656","website":"https://www.skbank.com.tw/service_branch/service_branch/B36?longitude=121.517029&latitude=25.004539&typeId=100&city=03&zipCode=33&filter_ids&sort=DEFAULT&keywords&source=PF-map"},"geometry":{"type":"Point","coordinates":[121.518758,25.013025]}},{"type":"Feature","properties":{"id":"osm:node:13968008710","name":"元大商業銀行","category":"bank","nameEn":"Yuanta Commercial Bank","brand":"元大商業銀行","address":"台北市中山區松江路96號、96號之1","phone":"+886 2 2516 8608"},"geometry":{"type":"Point","coordinates":[121.532534,25.050819]}},{"type":"Feature","properties":{"id":"osm:node:14027889033","name":"台新國際商業銀行","category":"bank","nameEn":"Taishin International Bank","brand":"台新國際商業銀行"},"geometry":{"type":"Point","coordinates":[121.570652,25.081375]}},{"type":"Feature","properties":{"id":"osm:node:14085125502","name":"玉山銀行 松山分行","category":"bank"},"geometry":{"type":"Point","coordinates":[121.576651,25.045613]}},{"type":"Feature","properties":{"id":"osm:node:14085147101","name":"上海商業儲蓄銀行 永吉分行","category":"bank","nameEn":"The Shanghai Commercial & Savings Bank Yongji Branch"},"geometry":{"type":"Point","coordinates":[121.576863,25.045616]}},{"type":"Feature","properties":{"id":"osm:node:1411751316","name":"國泰世華商業銀行","category":"bank","nameEn":"Cathay United Bank","brand":"國泰世華商業銀行","address":"新北市板橋區重慶路260號1、2樓及262號1、2樓","phone":"+886 2 2954 6688"},"geometry":{"type":"Point","coordinates":[121.462871,25.000561]}},{"type":"Feature","properties":{"id":"osm:node:1412407323","name":"臺灣土地銀行","category":"bank","nameEn":"Land Bank of Taiwan","brand":"臺灣土地銀行","address":"新北市板橋區文化路二段182巷1弄2號","phone":"+886 2 2251 8599"},"geometry":{"type":"Point","coordinates":[121.471198,25.027424]}},{"type":"Feature","properties":{"id":"osm:node:1413143353","name":"臺灣銀行","category":"bank","nameEn":"Bank of Taiwan","brand":"臺灣銀行","opening_hours":"Mo-Fr 09:00-15:30","address":"220731新北市板橋區中山路一段293之2號一至三樓","phone":"+886 2 2961 0101","website":"https://www.bot.com.tw/"},"geometry":{"type":"Point","coordinates":[121.470914,25.014529]}},{"type":"Feature","properties":{"id":"osm:node:1446842427","name":"臺灣土地銀行","category":"bank","nameEn":"Land Bank of Taiwan","brand":"臺灣土地銀行","address":"台北市仁愛路三段29號","phone":"+886 2 2772 8282"},"geometry":{"type":"Point","coordinates":[121.534766,25.038634]}},{"type":"Feature","properties":{"id":"osm:node:1493011214","name":"合作金庫商業銀行","category":"bank","nameEn":"Taiwan Cooperative Bank","brand":"合作金庫商業銀行","address":"臺北市中山區民權東路三段58號1、2樓","phone":"+886 2 2505 7011"},"geometry":{"type":"Point","coordinates":[121.542313,25.062114]}},{"type":"Feature","properties":{"id":"osm:node:1810832236","name":"臺灣土地銀行","category":"bank","nameEn":"Land Bank of Taiwan","brand":"臺灣土地銀行","opening_hours":"Mo-Fr 09:00-15:30+","address":"新北市板橋區民族路212.214.216.218.220號1-2樓","phone":"+886 2 2963 3939","wheelchair":"yes"},"geometry":{"type":"Point","coordinates":[121.468543,25.007419]}},{"type":"Feature","properties":{"id":"osm:node:1839318342","name":"台北富邦商業銀行","category":"bank","nameEn":"Taipei Fubon Bank","brand":"台北富邦商業銀行","address":"台北市內湖路一段240號1樓","phone":"+886 2 8751 1788"},"geometry":{"type":"Point","coordinates":[121.565738,25.082117]}},{"type":"Feature","properties":{"id":"osm:node:1839925267","name":"渣打國際商業銀行","category":"bank","nameEn":"Standard Chartered Taiwan","brand":"渣打國際商業銀行","address":"臺北市"},"geometry":{"type":"Point","coordinates":[121.562427,25.083598]}},{"type":"Feature","properties":{"id":"osm:node:1846853543","name":"聯邦商業銀行","category":"bank","nameEn":"Union Bank of Taiwan","brand":"聯邦商業銀行","address":"臺北市內湖路一段88號1樓及90號1樓","phone":"+886 2 8797 1537"},"geometry":{"type":"Point","coordinates":[121.562862,25.083384]}},{"type":"Feature","properties":{"id":"osm:node:1942189155","name":"臺灣銀行","category":"bank","nameEn":"Bank of Taiwan","brand":"臺灣銀行","address":"臺北市大安區信義路二段88號一至三樓及地下一樓","phone":"+886 2 2351 5486"},"geometry":{"type":"Point","coordinates":[121.526911,25.033946]}},{"type":"Feature","properties":{"id":"osm:node:1942195920","name":"滙豐（台灣）商業銀行","category":"bank","nameEn":"HSBC Bank Taiwan","brand":"HSBC","opening_hours":"Mo-Fr 09:00-15:30","address":"臺北市中正區仁愛路二段2號1樓","phone":"+886 2 6633 6088"},"geometry":{"type":"Point","coordinates":[121.525242,25.038073]}},{"type":"Feature","properties":{"id":"osm:node:1973476981","name":"華南商業銀行","category":"bank","nameEn":"Hua Nan Commercial Bank","brand":"華南商業銀行","address":"台北市新生南路一段48號","phone":"+886 2 2393 4211"},"geometry":{"type":"Point","coordinates":[121.532551,25.041992]}},{"type":"Feature","properties":{"id":"osm:node:1999517724","name":"合作金庫商業銀行","category":"bank","nameEn":"Taiwan Cooperative Bank","brand":"合作金庫商業銀行","address":"臺北市大安區敦化南路二段81巷1號","phone":"+886 2 2755 3482"},"geometry":{"type":"Point","coordinates":[121.549269,25.030021]}},{"type":"Feature","properties":{"id":"osm:node:2071542710","name":"華南商業銀行","category":"bank","nameEn":"Hua Nan Commercial Bank","brand":"華南商業銀行","address":"臺北市萬華區西藏路127號","phone":"+886 2 2307 1122","wheelchair":"no"},"geometry":{"type":"Point","coordinates":[121.502246,25.029404]}},{"type":"Feature","properties":{"id":"osm:node:2077789923","name":"華南商業銀行","category":"bank","nameEn":"Hua Nan Commercial Bank","brand":"華南商業銀行","address":"臺北市大安區仁愛路四段25號","phone":"+886 2 2772 2090"},"geometry":{"type":"Point","coordinates":[121.544736,25.038217]}},{"type":"Feature","properties":{"id":"osm:node:2084608389","name":"臺灣土地銀行","category":"bank","nameEn":"Land Bank of Taiwan","brand":"臺灣土地銀行","address":"臺北市大安區金山南路二段165號1至3樓","phone":"+886 2 2391 1188","wheelchair":"yes"},"geometry":{"type":"Point","coordinates":[121.526572,25.028973]}},{"type":"Feature","properties":{"id":"osm:node:2111807688","name":"五股區農會成德辦事處","category":"bank"},"geometry":{"type":"Point","coordinates":[121.450712,25.103327]}},{"type":"Feature","properties":{"id":"osm:node:2111807709","name":"五股區農會成洲辦事處","category":"bank"},"geometry":{"type":"Point","coordinates":[121.450954,25.101141]}},{"type":"Feature","properties":{"id":"osm:node:2126030090","name":"高雄銀行","category":"bank","nameEn":"Bank of Kaohsiung","brand":"高雄銀行","address":"臺北市中山區敬業一路97號1樓","phone":"+886 2 8502 1656"},"geometry":{"type":"Point","coordinates":[121.552004,25.082929]}},{"type":"Feature","properties":{"id":"osm:node:2126031432","name":"聯邦商業銀行","category":"bank","nameEn":"Union Bank of Taiwan","brand":"聯邦商業銀行","address":"臺北市中山區明水路649號1、2樓及649-1號","phone":"+886 2 2532 3836"},"geometry":{"type":"Point","coordinates":[121.550913,25.082841]}},{"type":"Feature","properties":{"id":"osm:node:2134041109","name":"中國信託商業銀行","category":"bank","nameEn":"CTBC Bank","brand":"中國信託商業銀行","opening_hours":"Mo-Fr 09:00-15:30","address":"台北市民生東路一段58號1、2樓","phone":"+886 2 2564 1818"},"geometry":{"type":"Point","coordinates":[121.525065,25.057903]}},{"type":"Feature","properties":{"id":"osm:node:2137219962","name":"合作金庫商業銀行","category":"bank","nameEn":"Taiwan Cooperative Bank","brand":"合作金庫商業銀行","address":"臺北市大安區復興南路一段303號1、2樓","phone":"+886 2 2705 3828","wheelchair":"no"},"geometry":{"type":"Point","coordinates":[121.543946,25.034589]}},{"type":"Feature","properties":{"id":"osm:node:2142306958","name":"台北富邦銀行營業部","category":"bank","nameEn":"Taipei Fubon Bank","brand":"台北富邦商業銀行","opening_hours":"Mo-Fr 09:00-15:30","address":"台北市中山北路二段50號1、2、3、5、8、12樓","phone":"+886 2 2542 5656","wheelchair":"limited"},"geometry":{"type":"Point","coordinates":[121.522277,25.056005]}},{"type":"Feature","properties":{"id":"osm:node:2142306960","name":"台新國際商業銀行","category":"bank","nameEn":"Taishin International Bank","brand":"台新國際商業銀行","opening_hours":"Mo-Fr 09:00-15:30","address":"台北市中山區中山北路二段44號1樓,B1","phone":"+886 2 2568 3988"},"geometry":{"type":"Point","coordinates":[121.522352,25.055177]}},{"type":"Feature","properties":{"id":"osm:node:2142306961","name":"臺灣土地銀行","category":"bank","nameEn":"Land Bank of Taiwan","brand":"臺灣土地銀行","opening_hours":"Mo-Fr 09:00-15:30","address":"台北市中山北路二段46號之二","phone":"+886 2 2567 6268"},"geometry":{"type":"Point","coordinates":[121.522487,25.055607]}},{"type":"Feature","properties":{"id":"osm:node:2142307111","name":"華泰商業銀行","category":"bank","nameEn":"Hwatai Commercial Bank","brand":"華泰商業銀行","address":"臺北市文山區木新路三段161號1樓","phone":"+886 2 2937 3099"},"geometry":{"type":"Point","coordinates":[121.561059,24.981682]}},{"type":"Feature","properties":{"id":"osm:node:2143411199","name":"臺灣中小企業銀行","category":"bank","nameEn":"Taiwan Business Bank","brand":"臺灣中小企業銀行","address":"臺北市內湖區內湖路一段360巷15,15之1號1樓","phone":"+886 2 2799 7171"},"geometry":{"type":"Point","coordinates":[121.57075,25.080767]}},{"type":"Feature","properties":{"id":"osm:node:2143411216","name":"台新國際商業銀行","category":"bank","nameEn":"Taishin International Bank","brand":"台新國際商業銀行","address":"臺北市內湖區內湖路一段256、358號一樓","phone":"+886 2 2659 9966"},"geometry":{"type":"Point","coordinates":[121.56945,25.081615]}},{"type":"Feature","properties":{"id":"osm:node:2144300108","name":"第一商業銀行","category":"bank","nameEn":"First Commercial Bank","brand":"第一商業銀行","opening_hours":"Mo-Fr 09:00-15:30","address":"臺北市中山區松江路309號1、2樓","phone":"+886 2 25017171","website":"https://www.firstbank.com.tw/","wheelchair":"no"},"geometry":{"type":"Point","coordinates":[121.533454,25.061651]}},{"type":"Feature","properties":{"id":"osm:node:2146221009","name":"滙豐(台灣)商業銀行","category":"bank","address":"臺北市中山區松江路266號1樓","phone":"+886 2 6633 6066"},"geometry":{"type":"Point","coordinates":[121.532854,25.059252]}},{"type":"Feature","properties":{"id":"osm:node:2146223493","name":"國泰世華商業銀行","category":"bank","nameEn":"Cathay United Bank","brand":"國泰世華商業銀行","address":"臺北市中山區松江路328號1、2樓","phone":"+886 2 2563 9241"},"geometry":{"type":"Point","coordinates":[121.532956,25.060988]}},{"type":"Feature","properties":{"id":"osm:node:2157226751","name":"彰化商業銀行","category":"bank","nameEn":"Chang Hwa Bank","brand":"彰化商業銀行","address":"臺北市中山區松江路261號","phone":"+886 2 2502 4923"},"geometry":{"type":"Point","coordinates":[121.533395,25.05965]}},{"type":"Feature","properties":{"id":"osm:node:2157226753","name":"合作金庫商業銀行","category":"bank","nameEn":"Taiwan Cooperative Bank","brand":"合作金庫商業銀行","address":"臺北市"},"geometry":{"type":"Point","coordinates":[121.533477,25.059044]}},{"type":"Feature","properties":{"id":"osm:node:2157234070","name":"高雄銀行","category":"bank","nameEn":"Bank of Kaohsiung","brand":"高雄銀行","address":"台北市中山區長春路145號1、2樓","phone":"+886 2 2563 0101","wheelchair":"yes"},"geometry":{"type":"Point","coordinates":[121.532086,25.054979]}},{"type":"Feature","properties":{"id":"osm:node:2157234077","name":"上海商業儲蓄銀行","category":"bank","nameEn":"Shanghai Commercial and Savings Bank","brand":"上海商業儲蓄銀行","address":"臺北市中山區長春路143號1樓、2樓","phone":"+886 2 2563 6111"},"geometry":{"type":"Point","coordinates":[121.531779,25.054995]}},{"type":"Feature","properties":{"id":"osm:node:2157234081","name":"臺灣土地銀行","category":"bank","nameEn":"Land Bank of Taiwan","brand":"臺灣土地銀行","address":"台北市中山區長春路156號1樓至4樓、6樓","phone":"+886 2 2568 1988","wheelchair":"yes"},"geometry":{"type":"Point","coordinates":[121.532223,25.054641]}},{"type":"Feature","properties":{"id":"osm:node:2157329675","name":"聯邦商業銀行","category":"bank","nameEn":"Union Bank of Taiwan","brand":"聯邦商業銀行","address":"臺北市中山區松江路228號1、2、4樓及230號1、2樓","phone":"+886 2 2561 6601"},"geometry":{"type":"Point","coordinates":[121.53287,25.058664]}},{"type":"Feature","properties":{"id":"osm:node:2157329677","name":"中國信託商業銀行","category":"bank","nameEn":"CTBC Bank","brand":"中國信託商業銀行","address":"臺北市中山區松江路218號1樓、220號2樓","phone":"+886 2 2562 3789"},"geometry":{"type":"Point","coordinates":[121.532894,25.05812]}},{"type":"Feature","properties":{"id":"osm:node:2157329678","name":"高雄銀行","category":"bank","nameEn":"Bank of Kaohsiung","brand":"高雄銀行","address":"104臺北市中山區松江路168號"},"geometry":{"type":"Point","coordinates":[121.532864,25.055773]}},{"type":"Feature","properties":{"id":"osm:node:2157329680","name":"臺灣中小企業銀行","category":"bank","nameEn":"Taiwan Business Bank","brand":"臺灣中小企業銀行","address":"台北市中正區松江路158號","phone":"+886 2 2537 7171"},"geometry":{"type":"Point","coordinates":[121.532768,25.054911]}},{"type":"Feature","properties":{"id":"osm:node:2158990914","name":"台新國際商業銀行","category":"bank","nameEn":"Taishin International Bank","brand":"台新國際商業銀行","address":"臺北市中山區建國北路二段17號1、3樓及地下1樓","phone":"+886 2 2505 6966"},"geometry":{"type":"Point","coordinates":[121.53725,25.054136]}},{"type":"Feature","properties":{"id":"osm:node:2158990918","name":"永豐商業銀行","category":"bank","nameEn":"Bank SinoPac","brand":"永豐商業銀行","address":"台北市中山區建國北路二段9之1號1樓及地下1樓","phone":"+886 2 2508 2288","wheelchair":"yes"},"geometry":{"type":"Point","coordinates":[121.53728,25.053105]}},{"type":"Feature","properties":{"id":"osm:node:2160602734","name":"合作金庫商業銀行","category":"bank","nameEn":"Taiwan Cooperative Bank","brand":"合作金庫商業銀行","opening_hours":"Mo-Fr 09:00-15:30","address":"106090臺北市大安區信義路三段77號","phone":"+886 2 2702 7851","website":"https://www.tcb-bank.com.tw/"},"geometry":{"type":"Point","coordinates":[121.53742,25.033776]}},{"type":"Feature","properties":{"id":"osm:node:2170301596","name":"聯邦商業銀行","category":"bank","nameEn":"Union Bank of Taiwan","brand":"聯邦商業銀行","address":"臺北市內湖區瑞光路399號1、2、5樓","phone":"+886 2 2658 6121"},"geometry":{"type":"Point","coordinates":[121.572631,25.077764]}},{"type":"Feature","properties":{"id":"osm:node:2170322923","name":"台中商業銀行","category":"bank","nameEn":"Taichung Bank","brand":"台中商業銀行","address":"臺北市內湖區瑞光路306號","phone":"+886 2 2657 9899"},"geometry":{"type":"Point","coordinates":[121.574068,25.076562]}},{"type":"Feature","properties":{"id":"osm:node:2170324389","name":"星展（台灣）商業銀行","category":"bank","nameEn":"DBS Bank Taiwan","brand":"星展銀行","opening_hours":"Mo-Fr 09:00-15:30","address":"114063臺北市內湖區瑞光路298號1樓、300號1樓","phone":"+886 2 6612 8200","website":"https://www.dbs.com.tw/personal-zh/default.page"},"geometry":{"type":"Point","coordinates":[121.574633,25.076251]}},{"type":"Feature","properties":{"id":"osm:node:2171139389","name":"臺灣土地銀行","category":"bank","nameEn":"Land Bank of Taiwan","brand":"臺灣土地銀行","address":"臺北市內湖區港墘路183、185號1樓","phone":"+886 2 2659 9888"},"geometry":{"type":"Point","coordinates":[121.574999,25.075989]}},{"type":"Feature","properties":{"id":"osm:node:2174323662","name":"臺灣新光商業銀行","category":"bank","nameEn":"Shin Kong Commercial Bank","brand":"臺灣新光商業銀行","opening_hours":"Mo-Fr 09:00-15:30; Sa-Su off; PH off","address":"臺北市松山區慶城街1-1號1樓及地下1樓","phone":"+886 2 2719 9811","website":"https://www.skbank.com.tw/"},"geometry":{"type":"Point","coordinates":[121.54453,25.052686]}},{"type":"Feature","properties":{"id":"osm:node:2174323674","name":"陽信商業銀行","category":"bank","nameEn":"Sunny Commercial Bank","brand":"陽信商業銀行","address":"臺北市松山區復興北路143號1、2樓","phone":"+886 2 2719 6166"},"geometry":{"type":"Point","coordinates":[121.544306,25.053404]}},{"type":"Feature","properties":{"id":"osm:node:2178660013","name":"元大商業銀行","category":"bank","nameEn":"Yuanta Commercial Bank","brand":"元大商業銀行","address":"臺北市中山區中山北路一段59-63號1、2樓","phone":"+886 2 2563 0900"},"geometry":{"type":"Point","coordinates":[121.521946,25.04989]}},{"type":"Feature","properties":{"id":"osm:node:2179744108","name":"永豐商業銀行","category":"bank","nameEn":"Bank SinoPac","brand":"永豐商業銀行","address":"臺北市中山區龍江路407、409、411號1樓","phone":"+886 2 2509 5570"},"geometry":{"type":"Point","coordinates":[121.541088,25.066093]}},{"type":"Feature","properties":{"id":"osm:node:2179759792","name":"臺灣中小企業銀行","category":"bank","nameEn":"Taiwan Business Bank","brand":"臺灣中小企業銀行","address":"臺北市中山區民權東路三段4號","phone":"+886 2 2509 7171"},"geometry":{"type":"Point","coordinates":[121.538584,25.062091]}},{"type":"Feature","properties":{"id":"osm:node:2179826566","name":"滙豐(台灣)商業銀行","category":"bank","address":"臺北市中山區南京東路二段167號1樓","phone":"+886 2 6633 6655","wheelchair":"yes"},"geometry":{"type":"Point","coordinates":[121.536338,25.05223]}},{"type":"Feature","properties":{"id":"osm:node:2179826577","name":"玉山商業銀行","category":"bank","nameEn":"E.SUN Commercial Bank","brand":"玉山商業銀行","address":"臺北市中山區力行里南京東路三段68號1、2、3樓及70號3樓","phone":"+886 2 2507 1313","wheelchair":"yes"},"geometry":{"type":"Point","coordinates":[121.538759,25.051723]}},{"type":"Feature","properties":{"id":"osm:node:2179826600","name":"臺灣銀行","category":"bank","nameEn":"Bank of Taiwan","brand":"臺灣銀行","address":"台北市中山區松江路115號一至三樓及地下一樓","phone":"+886 2 2506 9421"},"geometry":{"type":"Point","coordinates":[121.533227,25.051782]}},{"type":"Feature","properties":{"id":"osm:node:2188374143","name":"上海商業儲蓄銀行","category":"bank","nameEn":"Shanghai Commercial and Savings Bank","brand":"上海商業儲蓄銀行","address":"臺北市中山區民生東路二段149號1、2樓及地下1樓","phone":"+886 2 2515 9111"},"geometry":{"type":"Point","coordinates":[121.535199,25.058081]}},{"type":"Feature","properties":{"id":"osm:node:2203180699","name":"中國信託商業銀行","category":"bank","nameEn":"CTBC Bank","brand":"中國信託商業銀行","address":"臺北市中山區南京東路三段65號1樓","phone":"+886 2 2515 8811","wheelchair":"yes"},"geometry":{"type":"Point","coordinates":[121.538337,25.052186]}},{"type":"Feature","properties":{"id":"osm:node:2209690720","name":"華泰商業銀行","category":"bank","nameEn":"Hwatai Commercial Bank","brand":"華泰商業銀行","address":"臺北市松山區南京東路三段91之3號1樓","phone":"+886 2 2506 3998"},"geometry":{"type":"Point","coordinates":[121.539254,25.052163]}},{"type":"Feature","properties":{"id":"osm:node:2209692892","name":"遠東國際商業銀行","category":"bank","nameEn":"Far Eastern International Bank","brand":"遠東國際商業銀行","address":"臺北市中山區南京東路三段101號1樓","phone":"+886 2 7702 9766"},"geometry":{"type":"Point","coordinates":[121.539366,25.052157]}},{"type":"Feature","properties":{"id":"osm:node:2209694772","name":"第一商業銀行","category":"bank","nameEn":"First Commercial Bank","brand":"第一商業銀行","address":"臺北市松山區南京東路三段103號","phone":"+886 2 2506 2881"},"geometry":{"type":"Point","coordinates":[121.539602,25.052154]}},{"type":"Feature","properties":{"id":"osm:node:2209949975","name":"臺灣土地銀行","category":"bank","nameEn":"Land Bank of Taiwan","brand":"臺灣土地銀行","address":"新北市新店區北新路一段309號","phone":"+886 2 2915 1234"},"geometry":{"type":"Point","coordinates":[121.541307,24.967874]}},{"type":"Feature","properties":{"id":"osm:node:2222730037","name":"華南商業銀行","category":"bank","nameEn":"Hua Nan Commercial Bank","brand":"華南商業銀行","address":"臺北市南京東路二段160號","phone":"+886 2 2507 6131"},"geometry":{"type":"Point","coordinates":[121.534449,25.051791]}},{"type":"Feature","properties":{"id":"osm:node:2222730040","name":"瑞興商業銀行","category":"bank","nameEn":"Taipei Star Bank","brand":"瑞興商業銀行","address":"台北市南京東路二段196號1樓、2樓","phone":"+886 2 2506 8494"},"geometry":{"type":"Point","coordinates":[121.535529,25.051724]}},{"type":"Feature","properties":{"id":"osm:node:2222730044","name":"玉山商業銀行","category":"bank","nameEn":"E.SUN Commercial Bank","brand":"玉山商業銀行","address":"臺北市中山區朱園里松江路111號1樓、2樓、3樓、3樓之1","phone":"+886 2 2504 1313"},"geometry":{"type":"Point","coordinates":[121.533269,25.051498]}},{"type":"Feature","properties":{"id":"osm:node:2242632129","name":"合作金庫商業銀行","category":"bank","nameEn":"Taiwan Cooperative Bank","brand":"合作金庫商業銀行","address":"台北市文山區羅斯福路六段457號1樓、2樓及459號1樓、2樓","phone":"+886 2 2931 8111"},"geometry":{"type":"Point","coordinates":[121.539951,24.989997]}},{"type":"Feature","properties":{"id":"osm:node:2269991801","name":"台北富邦商業銀行","category":"bank","nameEn":"Taipei Fubon Bank","brand":"台北富邦商業銀行","address":"臺北市大同區長安西路94～106號1樓","phone":"+886 2 2555 9888"},"geometry":{"type":"Point","coordinates":[121.518704,25.050387]}},{"type":"Feature","properties":{"id":"osm:node:2292708741","name":"永豐商業銀行","category":"bank","nameEn":"Bank SinoPac","brand":"永豐商業銀行","opening_hours":"Mo-Fr 09:00-15:30; Sa-Su off; PH off","address":"新北市新店區北新路二段260、262號1樓、262號3樓及3樓之1","phone":"+886 2 29106833","wheelchair":"yes"},"geometry":{"type":"Point","coordinates":[121.542855,24.9783]}},{"type":"Feature","properties":{"id":"osm:node:2296282957","name":"合作金庫商業銀行","category":"bank","nameEn":"Taiwan Cooperative Bank","brand":"合作金庫商業銀行","address":"台北市中山區南京東路二段85號、87號1-2樓","phone":"+886 2 2100 3100","wheelchair":"yes"},"geometry":{"type":"Point","coordinates":[121.531809,25.052256]}},{"type":"Feature","properties":{"id":"osm:node:2296283347","name":"彰化商業銀行","category":"bank","nameEn":"Chang Hwa Bank","brand":"彰化商業銀行","address":"台北市中山區南京東路二段98號","phone":"+886 2 2562 6151"},"geometry":{"type":"Point","coordinates":[121.531654,25.051752]}},{"type":"Feature","properties":{"id":"osm:node:2300663046","name":"瑞興商業銀行","category":"bank","nameEn":"Taipei Star Bank","brand":"瑞興商業銀行","address":"臺北市內湖區成功路四段197號1,2樓及203號地下樓","phone":"+886 2 2793 4266"},"geometry":{"type":"Point","coordinates":[121.595677,25.084204]}},{"type":"Feature","properties":{"id":"osm:node:2307668522","name":"瑞興商業銀行","category":"bank","nameEn":"Taipei Star Bank","brand":"瑞興商業銀行","address":"116臺北市文山區興隆路一段146號","wheelchair":"yes"},"geometry":{"type":"Point","coordinates":[121.542044,25.001653]}},{"type":"Feature","properties":{"id":"osm:node:2315930973","name":"國泰世華商業銀行","category":"bank","nameEn":"Cathay United Bank","brand":"國泰世華商業銀行","address":"台北市文山區羅斯福路6段285號、285之1號","phone":"+886 2 2930 3088"},"geometry":{"type":"Point","coordinates":[121.541415,24.994495]}},{"type":"Feature","properties":{"id":"osm:node:2317171752","name":"玉山商業銀行","category":"bank","nameEn":"E.SUN Commercial Bank","brand":"玉山商業銀行","address":"新北市三重區過田里重新路四段65號1樓","phone":"+886 2 2984 1313"},"geometry":{"type":"Point","coordinates":[121.487038,25.057172]}},{"type":"Feature","properties":{"id":"osm:node:2317171756","name":"中國信託商業銀行","category":"bank","nameEn":"CTBC Bank","brand":"中國信託商業銀行","opening_hours":"Mo-Fr 09:00-15:30","address":"新北市三重區重陽路1段66號1樓、68號1樓、三陽路2號1樓","phone":"+886 2 8988 1199"},"geometry":{"type":"Point","coordinates":[121.486541,25.058691]}},{"type":"Feature","properties":{"id":"osm:node:2336443596","name":"國泰世華商業銀行","category":"bank","nameEn":"Cathay United Bank","brand":"國泰世華商業銀行","address":"台北市民權東路3段142號3樓之2、144號3樓","phone":"+886 2 2546 6767","website":"https://www.cathaybk.com.tw/"},"geometry":{"type":"Point","coordinates":[121.547338,25.061794]}},{"type":"Feature","properties":{"id":"osm:node:2339284685","name":"台北富邦商業銀行","category":"bank","nameEn":"Taipei Fubon Bank","brand":"台北富邦商業銀行","address":"臺北市松山區民生東路三段138號1-3樓","phone":"+886 2 2718 5151"},"geometry":{"type":"Point","coordinates":[121.547192,25.057368]}},{"type":"Feature","properties":{"id":"osm:node:2339353667","name":"永豐商業銀行","category":"bank","nameEn":"Bank SinoPac","brand":"永豐商業銀行","address":"臺北市松山區敦化北路209號1樓、207號2樓、2樓-1","phone":"+886 2 2712 7899"},"geometry":{"type":"Point","coordinates":[121.549531,25.058063]}},{"type":"Feature","properties":{"id":"osm:node:2347623133","name":"臺灣土地銀行","category":"bank","nameEn":"Land Bank of Taiwan","brand":"臺灣土地銀行","address":"臺北市大安區復興南路一段129號","phone":"+886 2 2731 2393"},"geometry":{"type":"Point","coordinates":[121.54406,25.042938]}},{"type":"Feature","properties":{"id":"osm:node:2355755371","name":"合作金庫商業銀行","category":"bank","nameEn":"Taiwan Cooperative Bank","brand":"合作金庫商業銀行","address":"新北市新店區北新路一段2、4、6、8號1、2樓","phone":"+886 2 2918 8321"},"geometry":{"type":"Point","coordinates":[121.540791,24.965216]}},{"type":"Feature","properties":{"id":"osm:node:2355755372","name":"玉山商業銀行","category":"bank","nameEn":"E.SUN Commercial Bank","brand":"玉山商業銀行","address":"新北市新店區北新路一段10號1樓","phone":"+886 2 8911 1313"},"geometry":{"type":"Point","coordinates":[121.540867,24.965361]}},{"type":"Feature","properties":{"id":"osm:node:2377138800","name":"兆豐國際商業銀行","category":"bank","nameEn":"Mega International Commercial Bank","brand":"兆豐國際商業銀行","address":"臺北市信義區忠孝東路四段550號","phone":"+886 2 2758 7590"},"geometry":{"type":"Point","coordinates":[121.563209,25.040876]}},{"type":"Feature","properties":{"id":"osm:node:2384244106","name":"台新國際商業銀行","category":"bank","nameEn":"Taishin International Bank","brand":"台新國際商業銀行","opening_hours":"Mo-Fr 09:00-15:30","address":"台北市中正區羅斯福路三段二十八號一、二樓、三樓、三樓之一、四樓、四樓之一及地下一樓","phone":"+886 2 2364 6888","wheelchair":"yes"},"geometry":{"type":"Point","coordinates":[121.525217,25.022978]}},{"type":"Feature","properties":{"id":"osm:node:2384246716","name":"遠東國際商業銀行","category":"bank","nameEn":"Far Eastern International Bank","brand":"遠東國際商業銀行","address":"臺北市中正區羅斯福路三段50、52號B1、1樓","phone":"+886 2 2369 5600","wheelchair":"yes"},"geometry":{"type":"Point","coordinates":[121.525557,25.022679]}},{"type":"Feature","properties":{"id":"osm:node:2384246717","name":"玉山商業銀行","category":"bank","nameEn":"E.SUN Commercial Bank","brand":"玉山商業銀行","address":"臺北市中正區南昌路二段220、222、224號、222號2樓、222號2樓之1、222號2樓之2、222號2樓之3","phone":"+886 2 2364 1313","wheelchair":"limited"},"geometry":{"type":"Point","coordinates":[121.52452,25.023793]}},{"type":"Feature","properties":{"id":"osm:node:2384251144","name":"國泰世華商業銀行","category":"bank","nameEn":"Cathay United Bank","brand":"國泰世華商業銀行","address":"臺北市大安區羅斯福路三段149號1樓、2樓之1、2樓之3","phone":"+886 2 2363 2931","wheelchair":"yes"},"geometry":{"type":"Point","coordinates":[121.527329,25.021725]}},{"type":"Feature","properties":{"id":"osm:node:2392783263","name":"臺灣銀行","category":"bank","nameEn":"Bank of Taiwan","brand":"臺灣銀行","address":"新北市新莊區頭前路119號1樓及121號1-3樓","phone":"+886 2 2277 3000"},"geometry":{"type":"Point","coordinates":[121.463899,25.052223]}},{"type":"Feature","properties":{"id":"osm:node:2396910202","name":"聯邦商業銀行","category":"bank","nameEn":"Union Bank of Taiwan","brand":"聯邦商業銀行","opening_hours":"Mo-Fr 09:00-15:30","address":"臺北市大安區信義路四段165號1樓","phone":"+886 2 2704 9588"},"geometry":{"type":"Point","coordinates":[121.550378,25.033457]}},{"type":"Feature","properties":{"id":"osm:node:2396973106","name":"合作金庫商業銀行","category":"bank","nameEn":"Taiwan Cooperative Bank","brand":"合作金庫商業銀行","address":"臺北市大安區復興南路一段237號1樓","phone":"+886 2 2754 1111"},"geometry":{"type":"Point","coordinates":[121.543928,25.037383]}},{"type":"Feature","properties":{"id":"osm:node:2397343029","name":"玉山證券","category":"bank","address":"100臺北市中正區水源里1鄰羅斯福路四段60號二樓","wheelchair":"limited"},"geometry":{"type":"Point","coordinates":[121.533939,25.014736]}},{"type":"Feature","properties":{"id":"osm:node:2400561701","name":"台北富邦商業銀行","category":"bank","nameEn":"Taipei Fubon Bank","brand":"台北富邦商業銀行","address":"台北市中山區建國北路二段196號1、2樓","phone":"+886 2 2515 1775"},"geometry":{"type":"Point","coordinates":[121.536475,25.060062]}},{"type":"Feature","properties":{"id":"osm:node:2410699188","name":"台北富邦商業銀行","category":"bank","nameEn":"Taipei Fubon Bank","brand":"台北富邦商業銀行","address":"台北市基隆路二段149號","phone":"+886 2 2737 3671"},"geometry":{"type":"Point","coordinates":[121.555429,25.026656]}},{"type":"Feature","properties":{"id":"osm:node:2415942437","name":"第一商業銀行","category":"bank","nameEn":"First Commercial Bank","brand":"第一商業銀行","address":"臺北市大安區敦化南路二段267號1、2樓","phone":"+886 2 2736 2711"},"geometry":{"type":"Point","coordinates":[121.549082,25.025242]}},{"type":"Feature","properties":{"id":"osm:node:2415953372","name":"國泰世華商業銀行","category":"bank","nameEn":"Cathay United Bank","brand":"國泰世華商業銀行","address":"臺北市安和路二段92號","phone":"+886 2 2325 5007"},"geometry":{"type":"Point","coordinates":[121.550199,25.028737]}},{"type":"Feature","properties":{"id":"osm:node:2419113311","name":"中國信託商業銀行","category":"bank","nameEn":"CTBC Bank","brand":"中國信託商業銀行","opening_hours":"Mo-Su 09:00-17:00","address":"台北市中正區重慶南路一段83號1樓、2樓、4樓、地下室一樓","phone":"+886 2 2381 8740","website":"https://www.ctbcbank.com/","wheelchair":"limited"},"geometry":{"type":"Point","coordinates":[121.513321,25.043782]}},{"type":"Feature","properties":{"id":"osm:node:2420918997","name":"兆豐國際商業銀行","category":"bank","nameEn":"Mega International Commercial Bank","brand":"兆豐國際商業銀行","address":"臺北市南京東路二段53號1,3樓","phone":"+886 2 2571 2568","wheelchair":"yes"},"geometry":{"type":"Point","coordinates":[121.529826,25.052285]}},{"type":"Feature","properties":{"id":"osm:node:2421842399","name":"臺灣銀行","category":"bank","nameEn":"Bank of Taiwan","brand":"臺灣銀行","address":"臺北市中山區林森北路577號一至四樓","phone":"+886 2 2597 6699"},"geometry":{"type":"Point","coordinates":[121.525934,25.065571]}},{"type":"Feature","properties":{"id":"osm:node:2421844467","name":"臺灣銀行","category":"bank","nameEn":"Bank of Taiwan","brand":"臺灣銀行","address":"臺北市大安區金山南路二段189號1至4樓","phone":"+886 2 2341 3006"},"geometry":{"type":"Point","coordinates":[121.526435,25.028301]}},{"type":"Feature","properties":{"id":"osm:node:2430739270","name":"中國信託商業銀行","category":"bank","nameEn":"CTBC Bank","brand":"中國信託商業銀行","address":"新北市永和區中正路63號、65號一至二樓","phone":"+886 2 2949 8838"},"geometry":{"type":"Point","coordinates":[121.51484,24.99656]}},{"type":"Feature","properties":{"id":"osm:node:2430739271","name":"永豐商業銀行","category":"bank","nameEn":"Bank SinoPac","brand":"永豐商業銀行","address":"新北市永和區中正路51、53、55號1、2樓","phone":"+886 2 8668 9393"},"geometry":{"type":"Point","coordinates":[121.514561,24.996278]}},{"type":"Feature","properties":{"id":"osm:node:2440534768","name":"永豐商業銀行","category":"bank","nameEn":"Bank SinoPac","brand":"永豐商業銀行","address":"臺北市萬華區康定路280-288號1樓","phone":"+886 2 2302 3485"},"geometry":{"type":"Point","coordinates":[121.501359,25.036718]}},{"type":"Feature","properties":{"id":"osm:node:2441153355","name":"遠東國際商業銀行","category":"bank","nameEn":"Far Eastern International Bank","brand":"遠東國際商業銀行","address":"10045臺北市中正區重慶南路一段77號","phone":"+886 2 2381 4567"},"geometry":{"type":"Point","coordinates":[121.513373,25.043922]}},{"type":"Feature","properties":{"id":"osm:node:2441411179","name":"星展（台灣）商業銀行","category":"bank","nameEn":"DBS Bank Taiwan","brand":"星展銀行","opening_hours":"Mo-Fr 09:00-15:30","address":"100004臺北市中正區襄陽路8號1、2樓及地下1樓","phone":"+886 2 6613 7008","website":"https://www.dbs.com.tw/personal-zh/default.page","wheelchair":"no"},"geometry":{"type":"Point","coordinates":[121.513364,25.043261]}},{"type":"Feature","properties":{"id":"osm:node:2443915165","name":"臺灣中小企業銀行","category":"bank","nameEn":"Taiwan Business Bank","brand":"臺灣中小企業銀行","address":"台北市中正區重慶南路一段72號","phone":"+886 2 2371 7171","website":"https://www.tbb.com.tw/","wheelchair":"no"},"geometry":{"type":"Point","coordinates":[121.513063,25.043502]}},{"type":"Feature","properties":{"id":"osm:node:2446576187","name":"瑞興商業銀行","category":"bank","nameEn":"Taipei Star Bank","brand":"瑞興商業銀行","opening_hours":"Mo-Fr 09:00-15:30","address":"10045臺北市中正區重慶南路一段64號","phone":"+886 2 7729 3311","website":"https://www.bankoftaipei.com.tw/","wheelchair":"yes"},"geometry":{"type":"Point","coordinates":[121.513109,25.043705]}},{"type":"Feature","properties":{"id":"osm:node:2456823960","name":"臺灣銀行","category":"bank","nameEn":"Bank of Taiwan","brand":"臺灣銀行","opening_hours":"Mo-Fr 09:00-15:30","address":"10091臺北市中正區羅斯福路四段120號","phone":"+886 2 2367 2581","website":"https://www.bot.com.tw/"},"geometry":{"type":"Point","coordinates":[121.535604,25.013204]}},{"type":"Feature","properties":{"id":"osm:node:2460009134","name":"合作金庫商業銀行","category":"bank","nameEn":"Taiwan Cooperative Bank","brand":"合作金庫商業銀行","address":"臺北市中山區南京東路二段2號、2號之1、2號2樓、2樓之1、2樓之2","phone":"+886 2 2521 4065"},"geometry":{"type":"Point","coordinates":[121.528039,25.051838]}},{"type":"Feature","properties":{"id":"osm:node:2460009347","name":"第一商業銀行","category":"bank","nameEn":"First Commercial Bank","brand":"第一商業銀行","address":"臺北市中山區南京東路二段8號","phone":"+886 2 2562 0256"},"geometry":{"type":"Point","coordinates":[121.528487,25.051848]}},{"type":"Feature","properties":{"id":"osm:node:2460009651","name":"遠東國際商業銀行","category":"bank","nameEn":"Far Eastern International Bank","brand":"遠東國際商業銀行","address":"台北市松江路59號1、2樓","phone":"+886 2 2505 5533"},"geometry":{"type":"Point","coordinates":[121.533208,25.048261]}},{"type":"Feature","properties":{"id":"osm:node:2494671081","name":"中國信託商業銀行","category":"bank","nameEn":"CTBC Bank","brand":"中國信託商業銀行","address":"臺北市松山區敦化北路122號地下一樓、1、2、3樓","phone":"+886 2 2713 3322"},"geometry":{"type":"Point","coordinates":[121.548425,25.05427]}},{"type":"Feature","properties":{"id":"osm:node:2518367503","name":"兆豐國際商業銀行","category":"bank","nameEn":"Mega International Commercial Bank","brand":"兆豐國際商業銀行","opening_hours":"Mo-Fr 09:00-17:00","address":"10047臺北市中正區許昌街42號","phone":"+886 2 2312 2222","website":"https://www.megabank.com.tw/"},"geometry":{"type":"Point","coordinates":[121.515422,25.045437]}},{"type":"Feature","properties":{"id":"osm:node:2523931046","name":"京城商業銀行","category":"bank","nameEn":"King's Town Bank","brand":"京城商業銀行","address":"臺北市內湖區洲子街181號1樓","phone":"+886 2 2799 4599"},"geometry":{"type":"Point","coordinates":[121.567464,25.081493]}},{"type":"Feature","properties":{"id":"osm:node:2523942637","name":"新光商業銀行","category":"bank","address":"114台北市內湖區成功路五段462號"},"geometry":{"type":"Point","coordinates":[121.606409,25.073329]}},{"type":"Feature","properties":{"id":"osm:node:2526629169","name":"臺灣中小企業銀行","category":"bank","nameEn":"Taiwan Business Bank","brand":"臺灣中小企業銀行","address":"新北市新莊區中華路一段16號1、2樓","phone":"+886 2 2990 7171"},"geometry":{"type":"Point","coordinates":[121.452107,25.037094]}},{"type":"Feature","properties":{"id":"osm:node:2529516194","name":"華南商業銀行","category":"bank","nameEn":"Hua Nan Commercial Bank","brand":"華南商業銀行","address":"116台北市文山區木柵路一段52號","phone":"+886 2 2236 0288"},"geometry":{"type":"Point","coordinates":[121.546869,24.986749]}},{"type":"Feature","properties":{"id":"osm:node:2530320293","name":"國泰世華商業銀行","category":"bank","nameEn":"Cathay United Bank","brand":"國泰世華商業銀行","opening_hours":"Mo-Fr 09:00-15:30","address":"台北市仁愛路4段33號1、2樓及33之號1樓","phone":"+886 2 2777 1795"},"geometry":{"type":"Point","coordinates":[121.54586,25.0382]}},{"type":"Feature","properties":{"id":"osm:node:2533594388","name":"上海商業儲蓄銀行","category":"bank","nameEn":"Shanghai Commercial and Savings Bank","brand":"上海商業儲蓄銀行","address":"台北市松江路89號1樓","phone":"+886 2 2515 2111"},"geometry":{"type":"Point","coordinates":[121.533223,25.050489]}},{"type":"Feature","properties":{"id":"osm:node:2533594390","name":"合作金庫商業銀行","category":"bank","nameEn":"Taiwan Cooperative Bank","brand":"合作金庫商業銀行","address":"台北市中山區松江路87號1樓、2樓","phone":"+886 2 2507 0111"},"geometry":{"type":"Point","coordinates":[121.53323,25.050311]}},{"type":"Feature","properties":{"id":"osm:node:2535956395","name":"渣打國際商業銀行","category":"bank","nameEn":"Standard Chartered Taiwan","brand":"渣打國際商業銀行","opening_hours":"Mo-Fr 09:00-15:30","address":"106012臺北市大安區羅斯福路二段111號","phone":"+886 2 6640 8888","website":"https://www.sc.com/tw/"},"geometry":{"type":"Point","coordinates":[121.524652,25.02448]}},{"type":"Feature","properties":{"id":"osm:node:2547208571","name":"遠東國際商業銀行","category":"bank","nameEn":"Far Eastern International Bank","brand":"遠東國際商業銀行","opening_hours":"Mo-Fr 09:00-15:30; Sa-Su off","address":"新北市新店區北新路三段96、98及98號之1、2樓","phone":"+886 2 29106060","website":"https://www.feib.com.tw/"},"geometry":{"type":"Point","coordinates":[121.541916,24.981021]}},{"type":"Feature","properties":{"id":"osm:node:2559997218","name":"第一商業銀行","category":"bank","nameEn":"First Commercial Bank","brand":"第一商業銀行","opening_hours":"Mo-Fr 09:00-15:30","address":"103003臺北市大同區迪化街一段63號","phone":"+886 2 2555 3711","website":"https://www.firstbank.com.tw/","wheelchair":"yes"},"geometry":{"type":"Point","coordinates":[121.510137,25.055827]}},{"type":"Feature","properties":{"id":"osm:node:2563901897","name":"彰化商業銀行","category":"bank","nameEn":"Chang Hwa Bank","brand":"彰化商業銀行","address":"新北市新店區民權路98號","phone":"+886 2 2218 9001","wheelchair":"limited"},"geometry":{"type":"Point","coordinates":[121.536234,24.982997]}},{"type":"Feature","properties":{"id":"osm:node:2563901898","name":"聯邦商業銀行","category":"bank","nameEn":"Union Bank of Taiwan","brand":"聯邦商業銀行","address":"新北市新店區民權路100號1、2樓","phone":"+886 2 2219 9989","wheelchair":"yes"},"geometry":{"type":"Point","coordinates":[121.536025,24.982971]}},{"type":"Feature","properties":{"id":"osm:node:2569338735","name":"玉山商業銀行","category":"bank","nameEn":"E.SUN Commercial Bank","brand":"玉山商業銀行","opening_hours":"Mo-Fr 09:00-15:30","address":"臺北市中山區正得里中山北路一段145號1、2、3樓","phone":"+886 2 25371313"},"geometry":{"type":"Point","coordinates":[121.5228,25.051988]}},{"type":"Feature","properties":{"id":"osm:node:2575286345","name":"臺灣中小企業銀行","category":"bank","nameEn":"Taiwan Business Bank","brand":"臺灣中小企業銀行","address":"台北市大同區南京西路76號","phone":"+886 2 2550 7171"},"geometry":{"type":"Point","coordinates":[121.518348,25.0529]}},{"type":"Feature","properties":{"id":"osm:node:2575892487","name":"第一商業銀行","category":"bank","nameEn":"First Commercial Bank","brand":"第一商業銀行","address":"臺北市中正區忠孝東路二段94號","phone":"+886 2 2341 6111","wheelchair":"limited"},"geometry":{"type":"Point","coordinates":[121.53,25.042867]}},{"type":"Feature","properties":{"id":"osm:node:2575892488","name":"臺灣土地銀行","category":"bank","nameEn":"Land Bank of Taiwan","brand":"臺灣土地銀行","address":"臺北市"},"geometry":{"type":"Point","coordinates":[121.52973,25.041982]}},{"type":"Feature","properties":{"id":"osm:node:2595512116","name":"永豐商業銀行","category":"bank","nameEn":"Bank SinoPac","brand":"永豐商業銀行","address":"臺北市大安區和平東路三段260號1樓、262號1-2樓","phone":"+886 2 2735 4533","wheelchair":"yes"},"geometry":{"type":"Point","coordinates":[121.555503,25.021358]}},{"type":"Feature","properties":{"id":"osm:node:2596916421","name":"永豐商業銀行","category":"bank","nameEn":"Bank SinoPac","brand":"永豐商業銀行","address":"新北市板橋區民權路186 號1、2、3樓","phone":"+886 2 2968 1616"},"geometry":{"type":"Point","coordinates":[121.459249,25.013573]}},{"type":"Feature","properties":{"id":"osm:node:2599387515","name":"中國輸出入銀行","category":"bank","nameEn":"The Export-Import Bank of the Republic of China","address":"10066臺北市中正區南海路3號8樓","phone":"+886 2 2321 0511","website":"https://www.eximbank.com.tw/"},"geometry":{"type":"Point","coordinates":[121.516781,25.032656]}},{"type":"Feature","properties":{"id":"osm:node:2602834680","name":"中國信託商業銀行","category":"bank","nameEn":"CTBC Bank","brand":"中國信託商業銀行","address":"新北市板橋區重慶路290號、290號2樓、290之1號、290之1號2樓、國慶路278號3樓之3","phone":"+886 2 2963 4567"},"geometry":{"type":"Point","coordinates":[121.463538,24.998971]}},{"type":"Feature","properties":{"id":"osm:node:2610558005","name":"永豐商業銀行","category":"bank","nameEn":"Bank SinoPac","brand":"永豐商業銀行","address":"新北市汐止區大同路2段508及510號1、2、3樓","phone":"+886 2 2642 1561"},"geometry":{"type":"Point","coordinates":[121.660979,25.068254]}},{"type":"Feature","properties":{"id":"osm:node:2614385442","name":"中國信託商業銀行","category":"bank","nameEn":"CTBC Bank","brand":"中國信託商業銀行","address":"新北市中和區中正路726號","phone":"+886 2 8226 1288","wheelchair":"yes"},"geometry":{"type":"Point","coordinates":[121.485558,24.997596]}},{"type":"Feature","properties":{"id":"osm:node:2614385448","name":"玉山商業銀行","category":"bank","nameEn":"E.SUN Commercial Bank","brand":"玉山商業銀行","address":"新北市中和區中正路702號、706號及700號2樓之1","phone":"+886 2 8228 1313"},"geometry":{"type":"Point","coordinates":[121.486067,24.996508]}},{"type":"Feature","properties":{"id":"osm:node:2614656902","name":"台北富邦商業銀行","category":"bank","nameEn":"Taipei Fubon Bank","brand":"台北富邦商業銀行","address":"台北市內湖區成功路三段174巷6號1、2樓","phone":"+886 2 2796 1820"},"geometry":{"type":"Point","coordinates":[121.59054,25.080964]}},{"type":"Feature","properties":{"id":"osm:node:2614659130","name":"國泰世華商業銀行","category":"bank","nameEn":"Cathay United Bank","brand":"國泰世華商業銀行","address":"台北市內湖區成功路3段174巷12號1樓、2樓","phone":"+886 2 8792 6189"},"geometry":{"type":"Point","coordinates":[121.590487,25.0811]}},{"type":"Feature","properties":{"id":"osm:node:2616249815","name":"中國信託商業銀行","category":"bank","nameEn":"CTBC Bank","brand":"中國信託商業銀行","address":"臺北市內湖區成功路四段358號","phone":"+886 2 2793 8668"},"geometry":{"type":"Point","coordinates":[121.600024,25.084842]}},{"type":"Feature","properties":{"id":"osm:node:2617009464","name":"大昌證券公司","category":"bank"},"geometry":{"type":"Point","coordinates":[121.510357,24.961773]}},{"type":"Feature","properties":{"id":"osm:node:2621123598","name":"華泰商業銀行","category":"bank","nameEn":"Hwatai Commercial Bank","brand":"華泰商業銀行","address":"臺北市長安東路二段246號","phone":"+886 2 2751 5500"},"geometry":{"type":"Point","coordinates":[121.543277,25.048115]}},{"type":"Feature","properties":{"id":"osm:node:2627134599","name":"星展（台灣）商業銀行","category":"bank","nameEn":"DBS Bank Taiwan","brand":"星展銀行","opening_hours":"Mo-Fr 09:00-15:30","address":"106475臺北市大安區敦化南路二段26號1樓","phone":"+886 2 6612 8041","website":"https://www.dbs.com.tw/personal-zh/default.page"},"geometry":{"type":"Point","coordinates":[121.548349,25.032312]}},{"type":"Feature","properties":{"id":"osm:node:2630768066","name":"華南商業銀行","category":"bank","nameEn":"Hua Nan Commercial Bank","brand":"華南商業銀行","address":"新北市中和區景新街342號","phone":"+886 2 2942 1722","wheelchair":"yes"},"geometry":{"type":"Point","coordinates":[121.512063,24.990609]}},{"type":"Feature","properties":{"id":"osm:node:2630774674","name":"板信商業銀行","category":"bank","nameEn":"Bank of Panshin","brand":"板信商業銀行","address":"新北市中和區景新街338號1、2樓","phone":"+886 2 2945 9366","wheelchair":"yes"},"geometry":{"type":"Point","coordinates":[121.511929,24.990809]}},{"type":"Feature","properties":{"id":"osm:node:2630774766","name":"玉山商業銀行","category":"bank","nameEn":"E.SUN Commercial Bank","brand":"玉山商業銀行","address":"新北市中和區景新街332號1、2號樓及336號1、2樓","phone":"+886 2 2942 8813","wheelchair":"yes"},"geometry":{"type":"Point","coordinates":[121.511873,24.990916]}},{"type":"Feature","properties":{"id":"osm:node:2630775747","name":"臺灣新光商業銀行","category":"bank","nameEn":"Shin Kong Commercial Bank","brand":"臺灣新光商業銀行"},"geometry":{"type":"Point","coordinates":[121.512039,24.990957]}},{"type":"Feature","properties":{"id":"osm:node:2638340100","name":"華泰商業銀行","category":"bank","nameEn":"Hwatai Commercial Bank","brand":"華泰商業銀行","opening_hours":"Mo-Fr 09:00-15:30","address":"103003臺北市大同區迪化街一段99號","phone":"+886 2 2556 3101","website":"https://www.hwataibank.com.tw/","wheelchair":"yes"},"geometry":{"type":"Point","coordinates":[121.509979,25.056712]}},{"type":"Feature","properties":{"id":"osm:node:2638340108","name":"彰化商業銀行","category":"bank","nameEn":"Chang Hwa Bank","brand":"彰化商業銀行","opening_hours":"Mo-Fr 09:00-15:30","address":"103003臺北市大同區迪化街一段120號","phone":"+886 2 2558 5151","website":"https://www.bankchb.com/","wheelchair":"limited"},"geometry":{"type":"Point","coordinates":[121.509662,25.056788]}},{"type":"Feature","properties":{"id":"osm:node:2638511773","name":"合作金庫商業銀行","category":"bank","nameEn":"Taiwan Cooperative Bank","brand":"合作金庫商業銀行","address":"臺北市大同區民生西路113號","phone":"+886 2 2557 7151"},"geometry":{"type":"Point","coordinates":[121.518728,25.05755]}},{"type":"Feature","properties":{"id":"osm:node:2653071509","name":"臺灣中小企業銀行","category":"bank","nameEn":"Taiwan Business Bank","brand":"臺灣中小企業銀行","address":"臺北市南港區三重路19之2號一樓","phone":"+886 2 2665 3371","wheelchair":"yes"},"geometry":{"type":"Point","coordinates":[121.613773,25.056559]}},{"type":"Feature","properties":{"id":"osm:node:2671288699","name":"玉山商業銀行","category":"bank","nameEn":"E.SUN Commercial Bank","brand":"玉山商業銀行","address":"台北市大安區信義路二段134號1、2樓","phone":"+886 2 2321 1313","wheelchair":"yes"},"geometry":{"type":"Point","coordinates":[121.528355,25.033723]}},{"type":"Feature","properties":{"id":"osm:node:2672482478","name":"台北富邦商業銀行","category":"bank","nameEn":"Taipei Fubon Bank","brand":"台北富邦商業銀行","address":"臺北市信義區松山路655號","phone":"+886 2 2759 2921"},"geometry":{"type":"Point","coordinates":[121.580262,25.036397]}},{"type":"Feature","properties":{"id":"osm:node:2676398217","name":"上海商業儲蓄銀行","category":"bank","nameEn":"Shanghai Commercial and Savings Bank","brand":"上海商業儲蓄銀行","address":"新北市新莊區中華路2段187號1樓及新莊區中港路520巷3號1樓","phone":"+886 2 8991 0111"},"geometry":{"type":"Point","coordinates":[121.452274,25.052393]}},{"type":"Feature","properties":{"id":"osm:node:2676444860","name":"臺灣銀行","category":"bank","nameEn":"Bank of Taiwan","brand":"臺灣銀行","address":"台北市大安區敦化南路一段202號一、二樓及三樓309室","phone":"+886 2 2751 6091"},"geometry":{"type":"Point","coordinates":[121.548457,25.04198]}},{"type":"Feature","properties":{"id":"osm:node:2680620358","name":"華南商業銀行","category":"bank","nameEn":"Hua Nan Commercial Bank","brand":"華南商業銀行","address":"臺北市忠孝東路三段247號1樓、2樓、247之1號2樓","phone":"+886 2 2772 7211"},"geometry":{"type":"Point","coordinates":[121.541247,25.04187]}},{"type":"Feature","properties":{"id":"osm:node:2680621302","name":"台北富邦商業銀行","category":"bank","nameEn":"Taipei Fubon Bank","brand":"台北富邦商業銀行","address":"臺北市大安區忠孝東路三段215號1,2樓","phone":"+886 2 2781 8380"},"geometry":{"type":"Point","coordinates":[121.539555,25.041878]}},{"type":"Feature","properties":{"id":"osm:node:2686131474","name":"臺灣銀行","category":"bank","nameEn":"Bank of Taiwan","brand":"臺灣銀行","opening_hours":"Mo-Fr 09:00-15:30","address":"220781新北市板橋區文化路一段268號1樓","phone":"+886 2 2254 0560","website":"https://www.bot.com.tw/"},"geometry":{"type":"Point","coordinates":[121.467095,25.020802]}},{"type":"Feature","properties":{"id":"osm:node:2688193446","name":"第一商業銀行","category":"bank","nameEn":"First Commercial Bank","brand":"第一商業銀行","address":"新北市中和區連城路258號、258樓2樓之4","phone":"+886 2 8227 2111"},"geometry":{"type":"Point","coordinates":[121.48693,24.996546]}},{"type":"Feature","properties":{"id":"osm:node:2700932726","name":"臺灣銀行","category":"bank","nameEn":"Bank of Taiwan","brand":"臺灣銀行","address":"臺北市南港區南港路二段95號1樓","phone":"+886 2 2651 6706"},"geometry":{"type":"Point","coordinates":[121.597664,25.053793]}},{"type":"Feature","properties":{"id":"osm:node:2700933446","name":"陽信商業銀行","category":"bank","nameEn":"Sunny Commercial Bank","brand":"陽信商業銀行","address":"臺北市南港區南港路二段97號1樓","phone":"+886 2 2785 1001"},"geometry":{"type":"Point","coordinates":[121.597435,25.053854]}},{"type":"Feature","properties":{"id":"osm:node:2712425006","name":"國泰世華商業銀行","category":"bank","nameEn":"Cathay United Bank","brand":"國泰世華商業銀行","address":"新北市板橋區中山路一段156號1、2樓","phone":"+886 2 2951 8533","wheelchair":"yes"},"geometry":{"type":"Point","coordinates":[121.465037,25.011428]}},{"type":"Feature","properties":{"id":"osm:node:2713477682","name":"板信商業銀行","category":"bank","nameEn":"Bank of Panshin","brand":"板信商業銀行","address":"新北市板橋區縣民大道二段68號","phone":"+886 2 8951 4488","wheelchair":"yes"},"geometry":{"type":"Point","coordinates":[121.463467,25.01262]}},{"type":"Feature","properties":{"id":"osm:node:2727090806","name":"國泰世華商業銀行","category":"bank","nameEn":"Cathay United Bank","brand":"國泰世華商業銀行","address":"新北市中和區中山路2段296號1樓、地下1樓","phone":"+886 2 2242 2178"},"geometry":{"type":"Point","coordinates":[121.49616,25.002473]}},{"type":"Feature","properties":{"id":"osm:node:2758499007","name":"合作金庫商業銀行","category":"bank","nameEn":"Taiwan Cooperative Bank","brand":"合作金庫商業銀行","address":"臺北市中正區館前路77號","phone":"+886 2 2311 8811"},"geometry":{"type":"Point","coordinates":[121.515152,25.043775]}},{"type":"Feature","properties":{"id":"osm:node:2758499087","name":"上海商業儲蓄銀行","category":"bank","nameEn":"Shanghai Commercial and Savings Bank","brand":"上海商業儲蓄銀行","address":"臺北市館前路28號","phone":"+886 2 2312 3111","wheelchair":"no"},"geometry":{"type":"Point","coordinates":[121.5149,25.04481]}},{"type":"Feature","properties":{"id":"osm:node:2760755463","name":"永豐商業銀行","category":"bank","nameEn":"Bank SinoPac","brand":"永豐商業銀行","address":"台北市中正區濟南路2段39號1樓、地下1樓","phone":"+886 2 2396 3001","wheelchair":"yes"},"geometry":{"type":"Point","coordinates":[121.529965,25.040805]}},{"type":"Feature","properties":{"id":"osm:node:2766875051","name":"臺灣新光商業銀行","category":"bank","nameEn":"Shin Kong Commercial Bank","brand":"臺灣新光商業銀行","address":"台北市長安東路2段100號1、2樓","phone":"+886 2 2506 7366"},"geometry":{"type":"Point","coordinates":[121.534798,25.048257]}},{"type":"Feature","properties":{"id":"osm:node:2768901377","name":"永豐商業銀行","category":"bank","nameEn":"Bank SinoPac","brand":"永豐商業銀行","address":"台北市中山區松江路192號1、2、3樓","phone":"+886 2 2567 9911"},"geometry":{"type":"Point","coordinates":[121.532912,25.056977]}},{"type":"Feature","properties":{"id":"osm:node:2768901388","name":"台北富邦商業銀行","category":"bank","nameEn":"Taipei Fubon Bank","brand":"台北富邦商業銀行","address":"台北市松江路200號","phone":"+886 2 2543 4282"},"geometry":{"type":"Point","coordinates":[121.532924,25.05727]}},{"type":"Feature","properties":{"id":"osm:node:2772749278","name":"凱基商業銀行","category":"bank","nameEn":"KGI Commercial Bank","brand":"凱基商業銀行","address":"新北市新店區北新路三段202號1、2、3樓","phone":"+886 2 2918 1199"},"geometry":{"type":"Point","coordinates":[121.541311,24.98412]}},{"type":"Feature","properties":{"id":"osm:node:2772750862","name":"元大商業銀行","category":"bank","nameEn":"Yuanta Commercial Bank","brand":"元大商業銀行","address":"新北市新店區民權路91號1-2樓、建國路249、251、253號1-2樓","phone":"+886 2 2218 1399"},"geometry":{"type":"Point","coordinates":[121.537161,24.982721]}},{"type":"Feature","properties":{"id":"osm:node:2772751100","name":"國泰世華商業銀行","category":"bank","nameEn":"Cathay United Bank","brand":"國泰世華商業銀行","address":"新北市新店區民權路115號、115號2樓","phone":"+886 2 2218 9339","wheelchair":"yes"},"geometry":{"type":"Point","coordinates":[121.536179,24.98273]}},{"type":"Feature","properties":{"id":"osm:node:2772751406","name":"第一商業銀行","category":"bank","nameEn":"First Commercial Bank","brand":"第一商業銀行","address":"新北市新店區民權路82號","phone":"+886 2 2218 4651","wheelchair":"yes"},"geometry":{"type":"Point","coordinates":[121.537048,24.983106]}},{"type":"Feature","properties":{"id":"osm:node:2772751870","name":"上海商業儲蓄銀行","category":"bank","nameEn":"Shanghai Commercial and Savings Bank","brand":"上海商業儲蓄銀行","address":"新北市新店區民權路75號","phone":"+886 2 8665 7111","wheelchair":"yes"},"geometry":{"type":"Point","coordinates":[121.53843,24.982777]}},{"type":"Feature","properties":{"id":"osm:node:2772752280","name":"玉山商業銀行","category":"bank","nameEn":"E.SUN Commercial Bank","brand":"玉山商業銀行","address":"新北市新店區江陵里民權路69號1樓、67號2樓","phone":"+886 2 2916 1313"},"geometry":{"type":"Point","coordinates":[121.538898,24.982688]}},{"type":"Feature","properties":{"id":"osm:node:2772752381","name":"合作金庫商業銀行","category":"bank","nameEn":"Taiwan Cooperative Bank","brand":"合作金庫商業銀行","address":"新北市新店區民權路67號1樓","phone":"+886 2 2913 8611","wheelchair":"yes"},"geometry":{"type":"Point","coordinates":[121.539117,24.982676]}},{"type":"Feature","properties":{"id":"osm:node:2775768330","name":"板信商業銀行","category":"bank","nameEn":"Bank of Panshin","brand":"板信商業銀行","address":"臺北市信義區基隆路二段127號","phone":"+886 2 2732 9999"},"geometry":{"type":"Point","coordinates":[121.556945,25.028244]}},{"type":"Feature","properties":{"id":"osm:node:2775768349","name":"元大商業銀行","category":"bank","nameEn":"Yuanta Commercial Bank","brand":"元大商業銀行","address":"臺北市信義區基隆路二段121號、123號、125號、125號2樓及2樓之1暨嘉興街172號、176號。","phone":"+886 2 2377 8568"},"geometry":{"type":"Point","coordinates":[121.556998,25.028347]}},{"type":"Feature","properties":{"id":"osm:node:2784782239","name":"板信商業銀行","category":"bank","nameEn":"Bank of Panshin","brand":"板信商業銀行","address":"新北市板橋區文化路一段11號","phone":"+886 2 2968 9101"},"geometry":{"type":"Point","coordinates":[121.457785,25.009989]}},{"type":"Feature","properties":{"id":"osm:node:2793283650","name":"台北富邦商業銀行","category":"bank","nameEn":"Taipei Fubon Bank","brand":"台北富邦商業銀行","opening_hours":"Mo-Fr 09:00-15:30","address":"10092臺北市中正區金華街17號","phone":"+886 2 2397 1640","website":"https://www.fubon.com/banking/personal/index.htm"},"geometry":{"type":"Point","coordinates":[121.518843,25.032539]}},{"type":"Feature","properties":{"id":"osm:node:2802920790","name":"華南商業銀行","category":"bank","nameEn":"Hua Nan Commercial Bank","brand":"華南商業銀行","address":"臺北市敦化南路二段2號","phone":"+886 2 2755 7467"},"geometry":{"type":"Point","coordinates":[121.548304,25.033055]}},{"type":"Feature","properties":{"id":"osm:node:2806281116","name":"陽信商業銀行","category":"bank","nameEn":"Sunny Commercial Bank","brand":"陽信商業銀行","address":"臺北市內湖區成功路四段70號","phone":"+886 2 2792 2433"},"geometry":{"type":"Point","coordinates":[121.593085,25.082791]}},{"type":"Feature","properties":{"id":"osm:node:2806281117","name":"兆豐國際商業銀行","category":"bank","nameEn":"Mega International Commercial Bank","brand":"兆豐國際商業銀行","address":"臺北市內湖區成功路四段68號一.二.三樓","phone":"+886 2 2793 2050"},"geometry":{"type":"Point","coordinates":[121.59298,25.082718]}},{"type":"Feature","properties":{"id":"osm:node:2806281134","name":"上海商業儲蓄銀行","category":"bank","nameEn":"Shanghai Commercial and Savings Bank","brand":"上海商業儲蓄銀行","address":"臺北市內湖區成功路四段166號","phone":"+886 2 2792 1111"},"geometry":{"type":"Point","coordinates":[121.593184,25.082837]}},{"type":"Feature","properties":{"id":"osm:node:2810933009","name":"華南商業銀行","category":"bank","nameEn":"Hua Nan Commercial Bank","brand":"華南商業銀行","address":"新北市板橋區區運路30、32號1、2樓","phone":"+886 2 2963 1777","wheelchair":"yes"},"geometry":{"type":"Point","coordinates":[121.465564,25.009844]}},{"type":"Feature","properties":{"id":"osm:node:2822123546","name":"安泰商業銀行","category":"bank","nameEn":"Entie Commercial Bank","brand":"安泰商業銀行","address":"臺北市成功路三段174巷8號1樓","phone":"+886 2 8791 9959"},"geometry":{"type":"Point","coordinates":[121.5905,25.081052]}},{"type":"Feature","properties":{"id":"osm:node:2838979998","name":"臺灣新光商業銀行","category":"bank","nameEn":"Shin Kong Commercial Bank","brand":"臺灣新光商業銀行","address":"115臺北市南港區三重路66-3號"},"geometry":{"type":"Point","coordinates":[121.614659,25.057527]}},{"type":"Feature","properties":{"id":"osm:node:2863458607","name":"滙豐（台灣）商業銀行","category":"bank","nameEn":"HSBC Bank Taiwan","brand":"HSBC","address":"臺北市中山區明水路666號,668號及670號1樓","phone":"+886 2 6633 5988"},"geometry":{"type":"Point","coordinates":[121.551124,25.083627]}},{"type":"Feature","properties":{"id":"osm:node:2870412113","name":"台北九信中正分社","category":"bank","address":"臺北市"},"geometry":{"type":"Point","coordinates":[121.538619,25.046261]}},{"type":"Feature","properties":{"id":"osm:node:2886368736","name":"合作金庫商業銀行","category":"bank","nameEn":"Taiwan Cooperative Bank","brand":"合作金庫商業銀行","address":"臺北市大安區仁愛路四段325號","phone":"+886 2 2776 3071"},"geometry":{"type":"Point","coordinates":[121.55321,25.038132]}},{"type":"Feature","properties":{"id":"osm:node:2886368742","name":"元大商業銀行","category":"bank","nameEn":"Yuanta Commercial Bank","brand":"元大商業銀行","opening_hours":"Mo-Fr 09:00-15:30","address":"台北市仁愛路四段387號"},"geometry":{"type":"Point","coordinates":[121.555194,25.038028]}},{"type":"Feature","properties":{"id":"osm:node:2886368745","name":"中國信託商業銀行","category":"bank","nameEn":"CTBC Bank","brand":"中國信託商業銀行","address":"臺北市大安區仁愛路四段337號、339號、341號及343號","phone":"+886 2 2775 4600"},"geometry":{"type":"Point","coordinates":[121.553813,25.038125]}},{"type":"Feature","properties":{"id":"osm:node:2886368749","name":"聯邦商業銀行","category":"bank","nameEn":"Union Bank of Taiwan","brand":"聯邦商業銀行","address":"臺北市大安區仁愛路四段401號2樓及延吉街175號地下一樓、177號1,2樓、179號地下一樓,1,2樓","phone":"+886 2 2781 3366"},"geometry":{"type":"Point","coordinates":[121.555569,25.038038]}},{"type":"Feature","properties":{"id":"osm:node:2886368768","name":"臺灣中小企業銀行","category":"bank","nameEn":"Taiwan Business Bank","brand":"臺灣中小企業銀行","address":"臺北市大安區仁愛路四段357號1樓","phone":"+886 2 2721 7171"},"geometry":{"type":"Point","coordinates":[121.554315,25.038064]}},{"type":"Feature","properties":{"id":"osm:node:2886397158","name":"星展（台灣）商業銀行","category":"bank","nameEn":"DBS Bank Taiwan","brand":"星展銀行","opening_hours":"Mo-Fr 09:00-15:30","address":"104089臺北市中山區南京東路二段101號1樓、2樓、3樓及4樓","phone":"+886 2 6633 0358","website":"https://www.dbs.com.tw/personal-zh/default.page","wheelchair":"yes"},"geometry":{"type":"Point","coordinates":[121.532636,25.052236]}},{"type":"Feature","properties":{"id":"osm:node:2886397165","name":"盤谷銀行","category":"bank","nameEn":"Bangkok Bank","brand":"盤谷銀行","opening_hours":"Mo-Fr 09:00-15:30","address":"10485臺北市中山區松江路121號1樓","website":"http://www.bbl.com.tw/","wheelchair":"yes"},"geometry":{"type":"Point","coordinates":[121.533238,25.052673]}},{"type":"Feature","properties":{"id":"osm:node:2886987359","name":"臺灣新光商業銀行","category":"bank","nameEn":"Shin Kong Commercial Bank","brand":"臺灣新光商業銀行","address":"新北市板橋區文化路二段426、428號及仁化街1之1號1樓","phone":"+886 2 8258 6288"},"geometry":{"type":"Point","coordinates":[121.474381,25.03184]}},{"type":"Feature","properties":{"id":"osm:node:2906322860","name":"臺灣中小企業銀行","category":"bank","nameEn":"Taiwan Business Bank","brand":"臺灣中小企業銀行","address":"台北市中山區民權東路二段46號1-2樓、2樓之1、吉林路316號","phone":"+886 2 2541 7171"},"geometry":{"type":"Point","coordinates":[121.530112,25.062331]}},{"type":"Feature","properties":{"id":"osm:node:2911188237","name":"臺灣中小企業銀行","category":"bank","nameEn":"Taiwan Business Bank","brand":"臺灣中小企業銀行","address":"新北市板橋區明德街2-1號","phone":"+886 2 2968 7171"},"geometry":{"type":"Point","coordinates":[121.459854,25.010167]}},{"type":"Feature","properties":{"id":"osm:node:2924918295","name":"合作金庫商業銀行","category":"bank","nameEn":"Taiwan Cooperative Bank","brand":"合作金庫商業銀行","address":"新北市中和區泰和街9號","phone":"+886 2 2249 9500"},"geometry":{"type":"Point","coordinates":[121.499647,25.000326]}},{"type":"Feature","properties":{"id":"osm:node:2924918296","name":"元大商業銀行","category":"bank","nameEn":"Yuanta Commercial Bank","brand":"元大商業銀行","address":"新北市中和區泰和街1號1樓","phone":"+886 2 2245 6789"},"geometry":{"type":"Point","coordinates":[121.499817,25.000613]}},{"type":"Feature","properties":{"id":"osm:node:2924918299","name":"中和農會","category":"bank","wheelchair":"limited"},"geometry":{"type":"Point","coordinates":[121.500105,25.001586]}},{"type":"Feature","properties":{"id":"osm:node:2924918300","name":"玉山商業銀行","category":"bank","nameEn":"E.SUN Commercial Bank","brand":"玉山商業銀行","address":"新北市中和區中和路42號1、2樓及地下1樓","phone":"+886 2 2242 1313"},"geometry":{"type":"Point","coordinates":[121.500248,25.001055]}},{"type":"Feature","properties":{"id":"osm:node:2947936645","name":"永豐商業銀行","category":"bank","nameEn":"Bank SinoPac","brand":"永豐商業銀行","address":"臺北市中山區德惠街16號之5","phone":"+886 2 2585 4880"},"geometry":{"type":"Point","coordinates":[121.524378,25.066614]}},{"type":"Feature","properties":{"id":"osm:node:2949195370","name":"臺灣新光商業銀行","category":"bank","nameEn":"Shin Kong Commercial Bank","brand":"臺灣新光商業銀行","opening_hours":"Mo-Fr 09:00-15:30","address":"台北市文山區景隆街133號1樓","phone":"+886 2 8931 1099"},"geometry":{"type":"Point","coordinates":[121.544071,24.998883]}},{"type":"Feature","properties":{"id":"osm:node:2949646075","name":"彰化商業銀行","category":"bank","nameEn":"Chang Hwa Bank","brand":"彰化商業銀行","address":"臺北市中山區林森北路609號","phone":"+886 2 2595 0551"},"geometry":{"type":"Point","coordinates":[121.525829,25.066235]}},{"type":"Feature","properties":{"id":"osm:node:2962739997","name":"臺灣土地銀行","category":"bank","nameEn":"Land Bank of Taiwan","brand":"臺灣土地銀行","opening_hours":"Mo-Fr 09:00-15:30","address":"台北市松山區東興路26號","phone":"+886 2 2747 7070"},"geometry":{"type":"Point","coordinates":[121.565417,25.048604]}},{"type":"Feature","properties":{"id":"osm:node:2962740568","name":"台新銀行台北分行","category":"bank","address":"臺北市"},"geometry":{"type":"Point","coordinates":[121.556663,25.04792]}},{"type":"Feature","properties":{"id":"osm:node:2962740898","name":"華泰商業銀行","category":"bank","nameEn":"Hwatai Commercial Bank","brand":"華泰商業銀行","address":"台北市和平東路2段122號、124號1樓","phone":"+886 2 2733 9900","wheelchair":"yes"},"geometry":{"type":"Point","coordinates":[121.543186,25.02463]}},{"type":"Feature","properties":{"id":"osm:node:2962740969","name":"台北富邦商業銀行","category":"bank","nameEn":"Taipei Fubon Bank","brand":"台北富邦商業銀行","address":"臺北市復興南路二段236號1、2樓","phone":"+886 2 2702 2421","wheelchair":"yes"},"geometry":{"type":"Point","coordinates":[121.54318,25.025147]}},{"type":"Feature","properties":{"id":"osm:node:2987200078","name":"台中商業銀行","category":"bank","nameEn":"Taichung Bank","brand":"台中商業銀行","address":"臺北市"},"geometry":{"type":"Point","coordinates":[121.56519,25.042848]}},{"type":"Feature","properties":{"id":"osm:node:2987200079","name":"彰化商業銀行","category":"bank","nameEn":"Chang Hwa Bank","brand":"彰化商業銀行","address":"台北市信義區基隆路一段176-1號"},"geometry":{"type":"Point","coordinates":[121.565101,25.042697]}},{"type":"Feature","properties":{"id":"osm:node:2987200081","name":"國泰世華商業銀行","category":"bank","nameEn":"Cathay United Bank","brand":"國泰世華商業銀行","address":"台北市基隆路1段151號1樓、153號1樓、155號2樓、155號2樓之1","phone":"+886 2 2763 3310"},"geometry":{"type":"Point","coordinates":[121.5654,25.042346]}},{"type":"Feature","properties":{"id":"osm:node:2987200083","name":"彰化商業銀行","category":"bank","nameEn":"Chang Hwa Bank","brand":"彰化商業銀行","address":"臺北市信義區忠孝東路五段1-2號、1-4號一、二樓及一號二樓","phone":"+886 2 2768 2322"},"geometry":{"type":"Point","coordinates":[121.565147,25.041283]}},{"type":"Feature","properties":{"id":"osm:node:2987200647","name":"臺灣中小企業銀行","category":"bank","nameEn":"Taiwan Business Bank","brand":"臺灣中小企業銀行","address":"臺北市信義區基隆路一段161號","phone":"+886 2 2764 7171"},"geometry":{"type":"Point","coordinates":[121.565177,25.04192]}},{"type":"Feature","properties":{"id":"osm:node:3002063503","name":"中國信託商業銀行","category":"bank","nameEn":"CTBC Bank","brand":"中國信託商業銀行","address":"臺北市南港區經貿二路168號1樓、2樓、7樓、8樓","phone":"+886 2 3327 7777","wheelchair":"yes"},"geometry":{"type":"Point","coordinates":[121.616,25.059002]}},{"type":"Feature","properties":{"id":"osm:node:3007195641","name":"彰化商業銀行","category":"bank","nameEn":"Chang Hwa Bank","brand":"彰化商業銀行","address":"台北市中正區衡陽路66號、68號1樓","phone":"+886 2 2311 3791","wheelchair":"no"},"geometry":{"type":"Point","coordinates":[121.511632,25.042101]}},{"type":"Feature","properties":{"id":"osm:node:3012523116","name":"汐止區農會","category":"bank"},"geometry":{"type":"Point","coordinates":[121.642335,25.065492]}},{"type":"Feature","properties":{"id":"osm:node:3019852187","name":"第一商業銀行","category":"bank","nameEn":"First Commercial Bank","brand":"第一商業銀行","address":"臺北市松山區八德路四段760號、760號2樓","phone":"+886 2 2767 4111"},"geometry":{"type":"Point","coordinates":[121.579274,25.05005]}},{"type":"Feature","properties":{"id":"osm:node:3034546862","name":"國泰世華商業銀行","category":"bank","nameEn":"Cathay United Bank","brand":"國泰世華商業銀行","address":"臺北市南京西路36號1樓、2樓及地下1樓","phone":"+886 2 2555 1688","wheelchair":"yes"},"geometry":{"type":"Point","coordinates":[121.51948,25.052648]}},{"type":"Feature","properties":{"id":"osm:node:3034547278","name":"臺灣土地銀行","category":"bank","nameEn":"Land Bank of Taiwan","brand":"臺灣土地銀行","address":"臺北市北投區文林北路116號1樓、地下1樓及文林北路94巷5弄1號1樓","phone":"+886 2 2827 7557"},"geometry":{"type":"Point","coordinates":[121.517177,25.106021]}},{"type":"Feature","properties":{"id":"osm:node:3034549136","name":"臺灣土地銀行","category":"bank","nameEn":"Land Bank of Taiwan","brand":"臺灣土地銀行","address":"承德路4段91、95號1樓","phone":"+886 2 2886 6379","wheelchair":"yes"},"geometry":{"type":"Point","coordinates":[121.523768,25.08359]}},{"type":"Feature","properties":{"id":"osm:node:3034549242","name":"臺灣新光商業銀行","category":"bank","nameEn":"Shin Kong Commercial Bank","brand":"臺灣新光商業銀行","address":"台北市文林路510號1至3樓","phone":"+886 2 2833 8789","wheelchair":"no"},"geometry":{"type":"Point","coordinates":[121.524293,25.096804]}},{"type":"Feature","properties":{"id":"osm:node:3035135043","name":"中國信託商業銀行","category":"bank","nameEn":"CTBC Bank","brand":"中國信託商業銀行","opening_hours":"Mo-Fr 09:00-17:00","address":"台北市北投區光明路217號1樓及地下1樓","phone":"+886 2 2898 3039","website":"https://www.ctbcbank.com/"},"geometry":{"type":"Point","coordinates":[121.50391,25.136254]}},{"type":"Feature","properties":{"id":"osm:node:3036388762","name":"永豐商業銀行","category":"bank","nameEn":"Bank SinoPac","brand":"永豐商業銀行","opening_hours":"Mo-Fr 09:00-15:30","address":"220776新北市板橋區中山路二段147號1、2樓及149號1、3樓","phone":"+886 2 8952 2200"},"geometry":{"type":"Point","coordinates":[121.475488,25.016758]}},{"type":"Feature","properties":{"id":"osm:node:3043948070","name":"凱基商業銀行","category":"bank","nameEn":"KGI Commercial Bank","brand":"凱基商業銀行","address":"台北市松江路137、139號及139號2樓、2樓之1、2樓之2及長春路153號","phone":"+886 2 2517 3777"},"geometry":{"type":"Point","coordinates":[121.533267,25.05498]}},{"type":"Feature","properties":{"id":"osm:node:3044964333","name":"永豐商業銀行","category":"bank","nameEn":"Bank SinoPac","brand":"永豐商業銀行","address":"新北市淡水區民族路31之15號1至3樓","phone":"+886 2 2808 7058"},"geometry":{"type":"Point","coordinates":[121.461511,25.136425]}},{"type":"Feature","properties":{"id":"osm:node:3051314373","name":"第一商業銀行","category":"bank","nameEn":"First Commercial Bank","brand":"第一商業銀行","address":"新北市五股區四維路90號","phone":"+886 2 2984 5577"},"geometry":{"type":"Point","coordinates":[121.467598,25.073164]}},{"type":"Feature","properties":{"id":"osm:node:3051426043","name":"合作金庫商業銀行","category":"bank","nameEn":"Taiwan Cooperative Bank","address":"新北市五股區中興路一段二號一樓、六號一樓","phone":"+886 2 8976 9698"},"geometry":{"type":"Point","coordinates":[121.469711,25.072404]}},{"type":"Feature","properties":{"id":"osm:node:3079655519","name":"兆豐國際商業銀行","category":"bank","nameEn":"Mega International Commercial Bank","brand":"兆豐國際商業銀行","address":"台北市南京東路五段234號,234號之1,234號2樓之4,234號2樓之5","phone":"+886 2 2753 5856"},"geometry":{"type":"Point","coordinates":[121.565909,25.051126]}},{"type":"Feature","properties":{"id":"osm:node:3079655522","name":"合作金庫商業銀行","category":"bank","nameEn":"Taiwan Cooperative Bank","brand":"合作金庫商業銀行","address":"臺北市松山區南京東路五段202-1號","phone":"+886 2 2764 3131"},"geometry":{"type":"Point","coordinates":[121.564592,25.051098]}},{"type":"Feature","properties":{"id":"osm:node:3079655523","name":"國泰世華商業銀行","category":"bank","nameEn":"Cathay United Bank","brand":"國泰世華商業銀行","address":"台北市松山區南京東路5段230號、230號之1、之2、之3、之4、之5","phone":"+886 2 2745 6199"},"geometry":{"type":"Point","coordinates":[121.565621,25.051141]}},{"type":"Feature","properties":{"id":"osm:node:3079655524","name":"彰化商業銀行","category":"bank","nameEn":"Chang Hwa Bank","brand":"彰化商業銀行","address":"臺北市松山區南京東路五段213號一、二樓及地下室一樓","phone":"+886 2 2763 9611"},"geometry":{"type":"Point","coordinates":[121.564069,25.051575]}},{"type":"Feature","properties":{"id":"osm:node:3079655528","name":"臺灣新光商業銀行","category":"bank","nameEn":"Shin Kong Commercial Bank","brand":"臺灣新光商業銀行","address":"台北市松山區南京東路五段241號1、2樓","phone":"+886 2 2528 7879"},"geometry":{"type":"Point","coordinates":[121.56495,25.05161]}},{"type":"Feature","properties":{"id":"osm:node:3079656826","name":"聯邦商業銀行","category":"bank","nameEn":"Union Bank of Taiwan","brand":"聯邦商業銀行","address":"臺北市松山區南京東路五段215、217、219號1、2樓及221號2樓","phone":"+886 2 2753 0900"},"geometry":{"type":"Point","coordinates":[121.564197,25.051585]}},{"type":"Feature","properties":{"id":"osm:node:3079656827","name":"華南商業銀行","category":"bank","nameEn":"Hua Nan Commercial Bank","brand":"華南商業銀行","address":"南京東路5段239號1、2樓","phone":"+886 2 2528 9567"},"geometry":{"type":"Point","coordinates":[121.564882,25.051605]}},{"type":"Feature","properties":{"id":"osm:node:3079656828","name":"遠東國際商業銀行","category":"bank","nameEn":"Far Eastern International Bank","brand":"遠東國際商業銀行","address":"臺北市南京東路五段171號1樓","phone":"+886 2 8787 6668"},"geometry":{"type":"Point","coordinates":[121.563519,25.051579]}},{"type":"Feature","properties":{"id":"osm:node:3080436554","name":"聯邦商業銀行","category":"bank","nameEn":"Union Bank of Taiwan","brand":"聯邦商業銀行","address":"臺北市敦化南路一段209之1號1樓及205號地下1樓","phone":"+886 2 8773 3588"},"geometry":{"type":"Point","coordinates":[121.549264,25.041913]}},{"type":"Feature","properties":{"id":"osm:node:3110936544","name":"彰化商業銀行","category":"bank","nameEn":"Chang Hwa Bank","brand":"彰化商業銀行","address":"臺北市大安區和平東路一段177號","phone":"+886 2 2321 3214","wheelchair":"no"},"geometry":{"type":"Point","coordinates":[121.532083,25.026519]}},{"type":"Feature","properties":{"id":"osm:node:3132883149","name":"玉山商業銀行","category":"bank","nameEn":"E.SUN Commercial Bank","brand":"玉山商業銀行","address":"新北市土城區裕民路116號1~2樓","phone":"+886 2 2274 1313"},"geometry":{"type":"Point","coordinates":[121.451022,24.98644]}},{"type":"Feature","properties":{"id":"osm:node:3133615956","name":"陽信商業銀行","category":"bank","nameEn":"Sunny Commercial Bank","brand":"陽信商業銀行","address":"臺北市士林區中正路255號","phone":"+886 2 2882 2330","wheelchair":"yes"},"geometry":{"type":"Point","coordinates":[121.524833,25.094908]}},{"type":"Feature","properties":{"id":"osm:node:3133620607","name":"玉山商業銀行","category":"bank","nameEn":"E.SUN Commercial Bank","brand":"玉山商業銀行","address":"臺北市士林區福佳里中正路266號及226號之1、226號之2號1、2樓","phone":"+886 2 2834 1313","wheelchair":"limited"},"geometry":{"type":"Point","coordinates":[121.524277,25.095128]}},{"type":"Feature","properties":{"id":"osm:node:3134622941","name":"臺灣土地銀行","category":"bank","nameEn":"Land Bank of Taiwan","brand":"臺灣土地銀行","address":"臺北市南港區南港路一段364號1、2、3、5樓","phone":"+886 2 2783 4161"},"geometry":{"type":"Point","coordinates":[121.606342,25.054534]}},{"type":"Feature","properties":{"id":"osm:node:3136340211","name":"華南商業銀行","category":"bank","nameEn":"Hua Nan Commercial Bank","brand":"華南商業銀行","address":"新北市土城區裕民路149號1樓","phone":"+886 2 2263 5656"},"geometry":{"type":"Point","coordinates":[121.452094,24.986103]}},{"type":"Feature","properties":{"id":"osm:node:3136792153","name":"上海商業儲蓄銀行","category":"bank","nameEn":"Shanghai Commercial and Savings Bank","brand":"上海商業儲蓄銀行","address":"台北市士林區中正路328號","phone":"+886 2 2833 6111","website":"https://www.scsb.com.tw/","wheelchair":"limited"},"geometry":{"type":"Point","coordinates":[121.522426,25.094692]}},{"type":"Feature","properties":{"id":"osm:node:3136813681","name":"元大商業銀行","category":"bank","nameEn":"Yuanta Commercial Bank","brand":"元大商業銀行","address":"台北市士林區中正路314、316號1~4樓","phone":"+886 2 2837 6638","website":"https://www.yuantabank.com.tw/bank/","wheelchair":"yes"},"geometry":{"type":"Point","coordinates":[121.522786,25.094755]}},{"type":"Feature","properties":{"id":"osm:node:3144858567","name":"星展（台灣）商業銀行","category":"bank","nameEn":"DBS Bank Taiwan","brand":"星展銀行","opening_hours":"Mo-Fr 09:00-15:30","address":"110049臺北市信義區松仁路32號1、2樓","phone":"+886 2 6612 8017","website":"https://www.dbs.com.tw/personal-zh/default.page"},"geometry":{"type":"Point","coordinates":[121.568153,25.038691]}},{"type":"Feature","properties":{"id":"osm:node:3154666477","name":"第一商業銀行","category":"bank","nameEn":"First Commercial Bank","brand":"第一商業銀行","opening_hours":"Mo-Fr 09:00-15:30","address":"106677臺北市大安區信義路三段7號","phone":"+886 2 2325 6811","website":"https://www.firstbank.com.tw/"},"geometry":{"type":"Point","coordinates":[121.533425,25.033904]}},{"type":"Feature","properties":{"id":"osm:node:3156328382","name":"遠東國際商業銀行","category":"bank","nameEn":"Far Eastern International Bank","brand":"遠東國際商業銀行","address":"台北市民生東路一段70號1、2樓","phone":"+886 2 2523 8899","website":"https://www.feib.com.tw/default.aspx"},"geometry":{"type":"Point","coordinates":[121.526392,25.057863]}},{"type":"Feature","properties":{"id":"osm:node:3162611552","name":"渣打國際商業銀行","category":"bank","nameEn":"Standard Chartered Taiwan","brand":"渣打國際商業銀行","address":"新北市板橋區新府路1-1號2樓及1-3號2樓","phone":"+886 2 6621 5700"},"geometry":{"type":"Point","coordinates":[121.464009,25.012299]}},{"type":"Feature","properties":{"id":"osm:node:3172604473","name":"臺灣銀行","category":"bank","nameEn":"Bank of Taiwan","brand":"臺灣銀行"},"geometry":{"type":"Point","coordinates":[121.503325,24.999692]}},{"type":"Feature","properties":{"id":"osm:node:3182500526","name":"元大商業銀行","category":"bank","nameEn":"Yuanta Commercial Bank","brand":"元大商業銀行","address":"臺北市南京東路三段221號1樓","phone":"+886 2 2545 8777","wheelchair":"yes"},"geometry":{"type":"Point","coordinates":[121.543321,25.052065]}},{"type":"Feature","properties":{"id":"osm:node:3182503465","name":"華南商業銀行","category":"bank","nameEn":"Hua Nan Commercial Bank","brand":"華南商業銀行","address":"臺北市南京東路三段217號","phone":"+886 2 2715 5111","wheelchair":"yes"},"geometry":{"type":"Point","coordinates":[121.542978,25.052073]}},{"type":"Feature","properties":{"id":"osm:node:3182949545","name":"臺灣銀行","category":"bank","nameEn":"Bank of Taiwan","brand":"臺灣銀行","address":"台北市文山區羅斯福路六段218號一、二樓","phone":"+886 2 8663 3456"},"geometry":{"type":"Point","coordinates":[121.54064,24.993157]}},{"type":"Feature","properties":{"id":"osm:node:3186011778","name":"元大商業銀行","category":"bank","nameEn":"Yuanta Commercial Bank","brand":"元大商業銀行","address":"臺北市南京西路66號1樓","phone":"+886 2 2558 5869"},"geometry":{"type":"Point","coordinates":[121.518777,25.052809]}},{"type":"Feature","properties":{"id":"osm:node:3186011781","name":"台北富邦商業銀行","category":"bank","nameEn":"Taipei Fubon Bank","brand":"台北富邦商業銀行","address":"臺北市南京西路22號","phone":"+886 2 2555 4161"},"geometry":{"type":"Point","coordinates":[121.519958,25.052561]}},{"type":"Feature","properties":{"id":"osm:node:3186011783","name":"國泰世華商業銀行","category":"bank","nameEn":"Cathay United Bank","brand":"國泰世華商業銀行","address":"臺北市南京東路三段132號1、2、3、4、8、9、10、11樓及136號1、2、3、4、8、9、10、11樓","phone":"+886 2 2773 2200"},"geometry":{"type":"Point","coordinates":[121.540989,25.051676]}},{"type":"Feature","properties":{"id":"osm:node:3186011784","name":"王道銀行","category":"bank","address":"臺北市南京東路三段128號"},"geometry":{"type":"Point","coordinates":[121.540586,25.051689]}},{"type":"Feature","properties":{"id":"osm:node:3186011857","name":"聯邦商業銀行","category":"bank","nameEn":"Union Bank of Taiwan","brand":"聯邦商業銀行","address":"台北市大同區承德路一段105號1、2、3樓","phone":"+886 2 2556 8500"},"geometry":{"type":"Point","coordinates":[121.517863,25.052978]}},{"type":"Feature","properties":{"id":"osm:node:3186011858","name":"華南商業銀行","category":"bank","nameEn":"Hua Nan Commercial Bank","brand":"華南商業銀行","address":"臺北市南京西路228號","phone":"+886 2 2556 3110"},"geometry":{"type":"Point","coordinates":[121.516187,25.053372]}},{"type":"Feature","properties":{"id":"osm:node:3186011859","name":"凱基商業銀行","category":"bank","nameEn":"KGI Commercial Bank","brand":"凱基商業銀行","address":"臺北市南京東路三段224號1樓至4樓、7樓至8樓及地下1樓","phone":"+886 2 2778 8777"},"geometry":{"type":"Point","coordinates":[121.543757,25.051628]}},{"type":"Feature","properties":{"id":"osm:node:3195541864","name":"國泰世華商業銀行","category":"bank","nameEn":"Cathay United Bank","brand":"國泰世華商業銀行","address":"台北巿八德路4段656之1號1樓、2樓及地下1樓","phone":"+886 2 3765 1188"},"geometry":{"type":"Point","coordinates":[121.575443,25.049852]}},{"type":"Feature","properties":{"id":"osm:node:3195553861","name":"華南商業銀行","category":"bank","nameEn":"Hua Nan Commercial Bank","brand":"華南商業銀行","address":"台北市八德路四段654號","phone":"+886 2 2765 2132"},"geometry":{"type":"Point","coordinates":[121.575253,25.049846]}},{"type":"Feature","properties":{"id":"osm:node:3196847496","name":"元大商業銀行","category":"bank","nameEn":"Yuanta Commercial Bank","brand":"元大商業銀行","address":"臺北市松山區敦化南路一段2號1樓","phone":"+886 2 2740 0055"},"geometry":{"type":"Point","coordinates":[121.547958,25.047989]}},{"type":"Feature","properties":{"id":"osm:node:3196859834","name":"板信商業銀行","category":"bank","nameEn":"Bank of Panshin","brand":"板信商業銀行","address":"臺北市"},"geometry":{"type":"Point","coordinates":[121.546843,25.047819]}},{"type":"Feature","properties":{"id":"osm:node:3196909460","name":"中國信託商業銀行","category":"bank","nameEn":"CTBC Bank","brand":"中國信託商業銀行","address":"臺北市松山區八德路四段85號1、2樓","phone":"+886 2 2767 2669"},"geometry":{"type":"Point","coordinates":[121.560637,25.048641]}},{"type":"Feature","properties":{"id":"osm:node:3196909463","name":"台北富邦商業銀行","category":"bank","nameEn":"Taipei Fubon Bank","brand":"台北富邦商業銀行","opening_hours":"Mo-Fr 09:00-15:30","address":"台北市八德路三段178號1、2、7、8、9、10樓及地下1樓","phone":"+886 2 2577 6467"},"geometry":{"type":"Point","coordinates":[121.555784,25.047846]}},{"type":"Feature","properties":{"id":"osm:node:3196909465","name":"國泰世華商業銀行","category":"bank","nameEn":"Cathay United Bank","brand":"國泰世華商業銀行","address":"臺北市松山區八德路三段182號1、2樓及184號1、2樓","phone":"+886 2 2570 5080"},"geometry":{"type":"Point","coordinates":[121.555981,25.047864]}},{"type":"Feature","properties":{"id":"osm:node:3196909467","name":"安泰商業銀行","category":"bank","nameEn":"Entie Commercial Bank","brand":"安泰商業銀行","opening_hours":"Mo-Fr 09:00-15:30","address":"臺北市松山區八德路三段36號1樓","phone":"+886 2 2570 0999","wheelchair":"yes"},"geometry":{"type":"Point","coordinates":[121.552276,25.048042]}},{"type":"Feature","properties":{"id":"osm:node:3196909470","name":"淡水第一信用合作社","category":"bank","nameEn":"The Tamshui First Credit Cooperative Bank","brand":"淡水第一信用合作社","opening_hours":"Mo-Fr 09:00-15:30","address":"105407臺北市松山區八德路三段228、230號","phone":"+886 2 2579 1222","website":"https://www.tfccbank.com.tw/"},"geometry":{"type":"Point","coordinates":[121.557189,25.04798]}},{"type":"Feature","properties":{"id":"osm:node:3196909525","name":"華南商業銀行","category":"bank","nameEn":"Hua Nan Commercial Bank","brand":"華南商業銀行","opening_hours":"Mo-Fr 09:00-15:30","address":"台北市八德路三段141~145號","phone":"+886 2 2578 0377"},"geometry":{"type":"Point","coordinates":[121.554847,25.048208]}},{"type":"Feature","properties":{"id":"osm:node:3196909526","name":"華泰商業銀行","category":"bank","nameEn":"Hwatai Commercial Bank","brand":"華泰商業銀行","address":"臺北市光復南路1號1樓、2樓、2樓之3","phone":"+886 2 2753 1101"},"geometry":{"type":"Point","coordinates":[121.557977,25.048063]}},{"type":"Feature","properties":{"id":"osm:node:3198284471","name":"安泰商業銀行","category":"bank","nameEn":"Entie Commercial Bank","brand":"安泰商業銀行","address":"新北市永和區中正路467、469、471號1、2樓","phone":"+886 2 2925 8799"},"geometry":{"type":"Point","coordinates":[121.517016,25.006103]}},{"type":"Feature","properties":{"id":"osm:node:3208558492","name":"元大商業銀行","category":"bank","nameEn":"Yuanta Commercial Bank","brand":"元大商業銀行","address":"新北市永和區中正路253號1樓、2樓及2樓之1","phone":"+886 2 8921 9218"},"geometry":{"type":"Point","coordinates":[121.517553,25.000307]}},{"type":"Feature","properties":{"id":"osm:node:3208558493","name":"臺灣新光商業銀行","category":"bank","nameEn":"Shin Kong Commercial Bank","brand":"臺灣新光商業銀行","address":"新北市永和區中正路409、411、413號1、2樓","phone":"+886 2 3233 5656"},"geometry":{"type":"Point","coordinates":[121.517174,25.004848]}},{"type":"Feature","properties":{"id":"osm:node:3208558494","name":"板信商業銀行","category":"bank","nameEn":"Bank of Panshin","brand":"板信商業銀行","address":"新北市永和區得和路118號","phone":"+886 2 2941 7966"},"geometry":{"type":"Point","coordinates":[121.518625,25.000152]}},{"type":"Feature","properties":{"id":"osm:node:3208669121","name":"中國信託商業銀行","category":"bank","nameEn":"CTBC Bank","brand":"中國信託商業銀行","address":"新北市永和區中正路588號地下1樓至2樓","phone":"+886 2 2923 3333"},"geometry":{"type":"Point","coordinates":[121.517112,25.006904]}},{"type":"Feature","properties":{"id":"osm:node:3214308028","name":"台北富邦商業銀行","category":"bank","nameEn":"Taipei Fubon Bank","brand":"台北富邦商業銀行","address":"臺北市南港區三重路19-5號","phone":"+886 2 2655 1177","wheelchair":"yes"},"geometry":{"type":"Point","coordinates":[121.613629,25.057309]}},{"type":"Feature","properties":{"id":"osm:node:3214310700","name":"第一商業銀行","category":"bank","nameEn":"First Commercial Bank","brand":"第一商業銀行","address":"臺北市南港區園區街3號2樓之8","phone":"+886 2 2655 8777"},"geometry":{"type":"Point","coordinates":[121.61233,25.058391]}},{"type":"Feature","properties":{"id":"osm:node:3221770249","name":"永豐商業銀行","category":"bank","nameEn":"Bank SinoPac","brand":"永豐商業銀行","opening_hours":"Mo-Fr 09:00-17:00","address":"台北市中山區中山北路2段79號1樓","phone":"+886 2 2571 7221","website":"https://bank.sinopac.com/"},"geometry":{"type":"Point","coordinates":[121.523139,25.058108]}},{"type":"Feature","properties":{"id":"osm:node:3232551415","name":"內湖區農會","category":"bank","opening_hours":"Mo-Fr 08:30-15:30","address":"114臺北市內湖區東湖路144號"},"geometry":{"type":"Point","coordinates":[121.617025,25.067882]}},{"type":"Feature","properties":{"id":"osm:node:3232595515","name":"渣打國際商業銀行","category":"bank","nameEn":"Standard Chartered Taiwan","brand":"渣打國際商業銀行","address":"台北市內湖區東湖路69號1F","phone":"+886 2 2631 8888"},"geometry":{"type":"Point","coordinates":[121.614981,25.068672]}},{"type":"Feature","properties":{"id":"osm:node:3232596392","name":"永豐商業銀行","category":"bank","nameEn":"Bank SinoPac","brand":"永豐商業銀行","address":"臺北市內湖區東湖路23號1、2樓及25號2樓","phone":"+886 2 2633 5555"},"geometry":{"type":"Point","coordinates":[121.613167,25.068939]}},{"type":"Feature","properties":{"id":"osm:node:3232606272","name":"合作金庫商業銀行","category":"bank","nameEn":"Taiwan Cooperative Bank","brand":"合作金庫商業銀行","address":"台北市內湖區民權東路六段314號","phone":"+886 2 2632 8600"},"geometry":{"type":"Point","coordinates":[121.60635,25.072902]}},{"type":"Feature","properties":{"id":"osm:node:3232608921","name":"台北富邦商業銀行","category":"bank","nameEn":"Taipei Fubon Bank","brand":"台北富邦商業銀行","address":"114臺北市內湖區康寧路三段69號","phone":"+886 2 2633 6677"},"geometry":{"type":"Point","coordinates":[121.608688,25.072216]}},{"type":"Feature","properties":{"id":"osm:node:3232609318","name":"板信商業銀行","category":"bank","nameEn":"Bank of Panshin","brand":"板信商業銀行","address":"台北市內湖區東湖路55號1、2樓","phone":"+886 2 2631 2411"},"geometry":{"type":"Point","coordinates":[121.614563,25.068777]}},{"type":"Feature","properties":{"id":"osm:node:3233043465","name":"板信商業銀行","category":"bank","nameEn":"Bank of Panshin","brand":"板信商業銀行","address":"台北市大安區羅斯福路3段271、271-1號","phone":"+886 2 2362 9211","wheelchair":"yes"},"geometry":{"type":"Point","coordinates":[121.530644,25.01865]}},{"type":"Feature","properties":{"id":"osm:node:3234219180","name":"中國信託商業銀行","category":"bank","nameEn":"CTBC Bank","brand":"中國信託商業銀行","address":"台北市大安區羅斯福路三段311、313、315號及309號2樓之1、2樓之2","phone":"+886 2 2362 3377","wheelchair":"yes"},"geometry":{"type":"Point","coordinates":[121.532035,25.017311]}},{"type":"Feature","properties":{"id":"osm:node:3268491751","name":"兆豐國際商業銀行","category":"bank","nameEn":"Mega International Commercial Bank","brand":"兆豐國際商業銀行","address":"新北市板橋區文化路1段51號1~2樓","phone":"+886 2 2960 8989"},"geometry":{"type":"Point","coordinates":[121.460647,25.013657]}},{"type":"Feature","properties":{"id":"osm:node:3278033041","name":"星展（台灣）商業銀行","category":"bank","nameEn":"DBS Bank Taiwan","brand":"星展銀行","opening_hours":"Mo-Fr 09:00-15:30","address":"110413臺北市信義區松仁路89號1樓","phone":"+886 2 6613 9008","website":"https://www.dbs.com.tw/personal-zh/default.page"},"geometry":{"type":"Point","coordinates":[121.568866,25.037153]}},{"type":"Feature","properties":{"id":"osm:node:3278272023","name":"中國信託商業銀行","category":"bank","nameEn":"CTBC Bank","brand":"中國信託商業銀行","address":"新北市板橋區縣民大道2段88號1樓、2樓，90號1樓、2樓","phone":"+886 2 2961 9666"},"geometry":{"type":"Point","coordinates":[121.46651,25.014792]}},{"type":"Feature","properties":{"id":"osm:node:3278272024","name":"台新國際商業銀行","category":"bank","nameEn":"Taishin International Bank","brand":"台新國際商業銀行","address":"新北市板橋區縣民大道2段98號、102號各1~2樓","phone":"+886 2 2957 1858","wheelchair":"yes"},"geometry":{"type":"Point","coordinates":[121.466785,25.014954]}},{"type":"Feature","properties":{"id":"osm:node:3285476987","name":"渣打國際商業銀行","category":"bank","nameEn":"Standard Chartered Taiwan","brand":"渣打國際商業銀行","opening_hours":"Mo-Fr 09:00-15:30","address":"臺北市信義區松仁路97號","phone":"+886 2 2720 6118"},"geometry":{"type":"Point","coordinates":[121.569045,25.036196]}},{"type":"Feature","properties":{"id":"osm:node:3286986389","name":"國泰世華商業銀行","category":"bank","nameEn":"Cathay United Bank","brand":"國泰世華商業銀行","address":"臺北市信義區松仁路7號1樓、9樓、地下1樓、9號地下1樓","phone":"+886 2 8722 6677"},"geometry":{"type":"Point","coordinates":[121.569092,25.038588]}},{"type":"Feature","properties":{"id":"osm:node:3287130672","name":"中國銀行","category":"bank","address":"臺北市"},"geometry":{"type":"Point","coordinates":[121.569276,25.03549]}},{"type":"Feature","properties":{"id":"osm:node:3292775594","name":"板信商業銀行","category":"bank","nameEn":"Bank of Panshin","brand":"板信商業銀行","address":"新北市板橋區文化路一段261、263、265號","phone":"+886 2 2258 7777","website":"http://www.bop.com.tw/"},"geometry":{"type":"Point","coordinates":[121.464457,25.018296]}},{"type":"Feature","properties":{"id":"osm:node:3304641841","name":"中國信託商業銀行","category":"bank","nameEn":"CTBC Bank","brand":"中國信託商業銀行","address":"臺北市大安區忠孝東路四段71號、73之14號及75之14號","phone":"+886 2 2752 0310"},"geometry":{"type":"Point","coordinates":[121.546713,25.041884]}},{"type":"Feature","properties":{"id":"osm:node:3304641846","name":"國泰世華商業銀行","category":"bank","nameEn":"Cathay United Bank","brand":"國泰世華商業銀行","address":"臺北市敦化南路一段183號1、2樓；185號1、2樓；185-1號1樓","phone":"+886 2 2740 8811","wheelchair":"yes"},"geometry":{"type":"Point","coordinates":[121.549274,25.042714]}},{"type":"Feature","properties":{"id":"osm:node:3308761295","name":"永豐商業銀行","category":"bank","nameEn":"Bank SinoPac","brand":"永豐商業銀行","address":"台北市文山區興隆路2段49、51、53、55、57及59號1、2樓","phone":"+886 2 2933 9831"},"geometry":{"type":"Point","coordinates":[121.545695,24.999051]}},{"type":"Feature","properties":{"id":"osm:node:3311203219","name":"臺灣土地銀行","category":"bank","nameEn":"Land Bank of Taiwan","brand":"臺灣土地銀行","address":"新北市中和區連城路192號","phone":"+886 2 2249 7071"},"geometry":{"type":"Point","coordinates":[121.49246,24.996861]}},{"type":"Feature","properties":{"id":"osm:node:3311218074","name":"中國信託商業銀行","category":"bank","nameEn":"CTBC Bank","brand":"中國信託商業銀行","address":"臺北市","wheelchair":"no"},"geometry":{"type":"Point","coordinates":[121.522413,25.026588]}},{"type":"Feature","properties":{"id":"osm:node:3311218081","name":"臺灣新光商業銀行","category":"bank","nameEn":"Shin Kong Commercial Bank","brand":"臺灣新光商業銀行","address":"10643臺北市大安區羅斯福路二段41號","phone":"+886 2 2343 2330","website":"https://www.skbank.com.tw/","wheelchair":"no"},"geometry":{"type":"Point","coordinates":[121.522242,25.027662]}},{"type":"Feature","properties":{"id":"osm:node:3311796704","name":"彰化商業銀行","category":"bank","nameEn":"Chang Hwa Bank","brand":"彰化商業銀行","address":"臺北市大安區忠孝東路四段164號","phone":"+886 2 2771 3151"},"geometry":{"type":"Point","coordinates":[121.550449,25.041264]}},{"type":"Feature","properties":{"id":"osm:node:3328449227","name":"元大商業銀行","category":"bank","nameEn":"Yuanta Commercial Bank","brand":"元大商業銀行","address":"新北市中和區連城路87號1-2樓","phone":"+886 2 2240 5100"},"geometry":{"type":"Point","coordinates":[121.496904,25.000243]}},{"type":"Feature","properties":{"id":"osm:node:3336170793","name":"元大商業銀行","category":"bank","nameEn":"Yuanta Commercial Bank","brand":"元大商業銀行","address":"台北市文山區景文街三號一、二樓","phone":"+886 2 8663 6399"},"geometry":{"type":"Point","coordinates":[121.541446,24.993311]}},{"type":"Feature","properties":{"id":"osm:node:3343367528","name":"臺灣銀行","category":"bank","nameEn":"Bank of Taiwan","brand":"臺灣銀行","address":"臺北市信義區松仁路3號3樓","phone":"+886 2 2720 9856","wheelchair":"yes"},"geometry":{"type":"Point","coordinates":[121.569202,25.039403]}},{"type":"Feature","properties":{"id":"osm:node:3343367529","name":"臺灣銀行","category":"bank","nameEn":"Bank of Taiwan","brand":"臺灣銀行","address":"台北市信義區忠孝東路四段560號一樓及部分地下一樓","phone":"+886 2 2729 3111"},"geometry":{"type":"Point","coordinates":[121.563953,25.040798]}},{"type":"Feature","properties":{"id":"osm:node:3353482755","name":"臺灣新光商業銀行","category":"bank","nameEn":"Shin Kong Commercial Bank","brand":"臺灣新光商業銀行","address":"臺北市信義區松仁路36號1樓、32號3樓及36號3樓","phone":"+886 2 8780 8667"},"geometry":{"type":"Point","coordinates":[121.567844,25.038646]}},{"type":"Feature","properties":{"id":"osm:node:3353482773","name":"華南商業銀行","category":"bank","nameEn":"Hua Nan Commercial Bank","brand":"華南商業銀行","address":"台北市信義區松仁路123號","phone":"+886 2 2720 6988"},"geometry":{"type":"Point","coordinates":[121.569008,25.034354]}},{"type":"Feature","properties":{"id":"osm:node:3369778825","name":"玉山商業銀行","category":"bank","nameEn":"E.SUN Commercial Bank","brand":"玉山商業銀行","address":"臺北市信義區信義路五段100之2號","phone":"+886 2 8789 1313"},"geometry":{"type":"Point","coordinates":[121.565592,25.032566]}},{"type":"Feature","properties":{"id":"osm:node:3369778826","name":"中國建設銀行","category":"bank","address":"台北市信義區信義路五段"},"geometry":{"type":"Point","coordinates":[121.567252,25.03252]}},{"type":"Feature","properties":{"id":"osm:node:3376858787","name":"上海商業儲蓄銀行","category":"bank","nameEn":"Shanghai Commercial and Savings Bank","brand":"上海商業儲蓄銀行","address":"台北市八德路四段319號","phone":"+886 2 2767 9111","website":"https://www.scsb.com.tw/"},"geometry":{"type":"Point","coordinates":[121.567031,25.049291]}},{"type":"Feature","properties":{"id":"osm:node:3409809191","name":"臺灣土地銀行","category":"bank","nameEn":"Land Bank of Taiwan","brand":"臺灣土地銀行","address":"新北市板橋區文化路一段143號","phone":"+886 2 2968 9111","website":"https://www.landbank.com.tw/"},"geometry":{"type":"Point","coordinates":[121.462168,25.015517]}},{"type":"Feature","properties":{"id":"osm:node:3415983379","name":"臺灣中小企業銀行","category":"bank","nameEn":"Taiwan Business Bank","brand":"臺灣中小企業銀行","address":"新北市中和區景平路634-10號","phone":"+886 2 2242 7171"},"geometry":{"type":"Point","coordinates":[121.498541,24.999797]}},{"type":"Feature","properties":{"id":"osm:node:3415983380","name":"台新國際商業銀行","category":"bank","nameEn":"Taishin International Bank","brand":"台新國際商業銀行","address":"新北市中和區景平路634之9號1樓、2樓、泰和街50號1樓、2樓","phone":"+886 2 2242 8989"},"geometry":{"type":"Point","coordinates":[121.498779,24.999577]}},{"type":"Feature","properties":{"id":"osm:node:3421626394","name":"華南商業銀行","category":"bank","nameEn":"Hua Nan Commercial Bank","brand":"華南商業銀行","address":"台北市松江路146號","phone":"+886 2 2551 2111","wheelchair":"yes"},"geometry":{"type":"Point","coordinates":[121.532781,25.053496]}},{"type":"Feature","properties":{"id":"osm:node:3421626693","name":"合作金庫商業銀行","category":"bank","nameEn":"Taiwan Cooperative Bank","brand":"合作金庫商業銀行","address":"台北市中山區松江路152號1樓","phone":"+886 2 2522 4567"},"geometry":{"type":"Point","coordinates":[121.532712,25.05411]}},{"type":"Feature","properties":{"id":"osm:node:3421863347","name":"新北市中和地區農會錦和分部","category":"bank"},"geometry":{"type":"Point","coordinates":[121.49588,24.993661]}},{"type":"Feature","properties":{"id":"osm:node:3430332164","name":"臺灣銀行","category":"bank","nameEn":"Bank of Taiwan","brand":"臺灣銀行","address":"新北市中和區中山路二段253號一至三樓及部分地下一樓","phone":"+886 2 2248 8980"},"geometry":{"type":"Point","coordinates":[121.497637,25.00232]}},{"type":"Feature","properties":{"id":"osm:node:3430332186","name":"華南商業銀行","category":"bank","nameEn":"Hua Nan Commercial Bank","brand":"華南商業銀行","address":"新北市中和區中山路二段257號","phone":"+886 2 2249 5555"},"geometry":{"type":"Point","coordinates":[121.497324,25.00232]}},{"type":"Feature","properties":{"id":"osm:node:3437517206","name":"台北富邦商業銀行","category":"bank","nameEn":"Taipei Fubon Bank","brand":"台北富邦商業銀行","address":"新北市中和區景平路694、696、698號、696號2樓、698號2樓","phone":"+886 2 2243 8877"},"geometry":{"type":"Point","coordinates":[121.497137,25.001976]}},{"type":"Feature","properties":{"id":"osm:node:3440708524","name":"陽信商業銀行","category":"bank","nameEn":"Sunny Commercial Bank","brand":"陽信商業銀行","address":"新北市中和區景平路722、722之1號","phone":"+886 2 8242 3919"},"geometry":{"type":"Point","coordinates":[121.496786,25.003052]}},{"type":"Feature","properties":{"id":"osm:node:3440914194","name":"日盛證券","category":"bank"},"geometry":{"type":"Point","coordinates":[121.500187,25.001642]}},{"type":"Feature","properties":{"id":"osm:node:3444671430","name":"聯邦商業銀行","category":"bank","nameEn":"Union Bank of Taiwan","brand":"聯邦商業銀行","address":"新北市板橋區重慶路77號1、2、3樓及地下1樓","phone":"+886 2 2964 2777"},"geometry":{"type":"Point","coordinates":[121.461927,25.006592]}},{"type":"Feature","properties":{"id":"osm:node:3444713886","name":"台北富邦商業銀行","category":"bank","nameEn":"Taipei Fubon Bank","brand":"台北富邦商業銀行","opening_hours":"Mo-Fr 09:00-15:30","address":"220066新北市板橋區館前東路110、112號1、2樓","phone":"+886 2 2952 2888","website":"https://www.fubon.com/banking/personal/index.htm","wheelchair":"yes"},"geometry":{"type":"Point","coordinates":[121.463265,25.007616]}},{"type":"Feature","properties":{"id":"osm:node:3450600132","name":"國泰世華商業銀行","category":"bank","nameEn":"Cathay United Bank","brand":"國泰世華商業銀行","address":"新北市中和區中和路102號1、2樓","phone":"+886 2 2244 7890"},"geometry":{"type":"Point","coordinates":[121.502214,24.999713]}},{"type":"Feature","properties":{"id":"osm:node:3451772295","name":"永豐商業銀行","category":"bank","nameEn":"Bank SinoPac","brand":"永豐商業銀行","address":"台北市文山區車前路12號1、2樓及地下1樓","phone":"+886 2 2932 8540"},"geometry":{"type":"Point","coordinates":[121.540792,24.991487]}},{"type":"Feature","properties":{"id":"osm:node:3451774095","name":"中國信託商業銀行","category":"bank","nameEn":"CTBC Bank","brand":"中國信託商業銀行","address":"台北市文山區羅斯福路6段405號、407號","phone":"+886 2 2932 9838"},"geometry":{"type":"Point","coordinates":[121.540515,24.991641]}},{"type":"Feature","properties":{"id":"osm:node:3457792202","name":"遠東國際商業銀行","category":"bank","nameEn":"Far Eastern International Bank","brand":"遠東國際商業銀行"},"geometry":{"type":"Point","coordinates":[121.468514,25.024219]}},{"type":"Feature","properties":{"id":"osm:node:3457792203","name":"華南商業銀行","category":"bank","nameEn":"Hua Nan Commercial Bank","brand":"華南商業銀行"},"geometry":{"type":"Point","coordinates":[121.468571,25.024348]}},{"type":"Feature","properties":{"id":"osm:node:3472532694","name":"京城商業銀行","category":"bank","nameEn":"King's Town Bank","brand":"京城商業銀行","address":"新北市板橋區中山路一段3號1樓、地下1樓","phone":"+886 2 8951 5758"},"geometry":{"type":"Point","coordinates":[121.459745,25.007838]}},{"type":"Feature","properties":{"id":"osm:node:3472553777","name":"第一商業銀行","category":"bank","nameEn":"First Commercial Bank","brand":"第一商業銀行","address":"新北市板橋區文化路2段388號、388之1號、390號、390之1號","phone":"+886 2 8257 0111"},"geometry":{"type":"Point","coordinates":[121.473644,25.031072]}},{"type":"Feature","properties":{"id":"osm:node:3473061593","name":"彰化商業銀行","category":"bank","nameEn":"Chang Hwa Bank","brand":"彰化商業銀行","address":"新北市板橋區中山路一段22號","phone":"+886 2 2962 8161","wheelchair":"yes"},"geometry":{"type":"Point","coordinates":[121.460245,25.008124]}},{"type":"Feature","properties":{"id":"osm:node:3506510695","name":"中國信託商業銀行","category":"bank","nameEn":"CTBC Bank","brand":"中國信託商業銀行","address":"臺北市中正區信義路二段213號","phone":"+886 2 2395 8000"},"geometry":{"type":"Point","coordinates":[121.53065,25.033844]}},{"type":"Feature","properties":{"id":"osm:node:3506510696","name":"永豐商業銀行","category":"bank","nameEn":"Bank SinoPac","brand":"永豐商業銀行","address":"臺北市大安區信義路二段154之1號1、3、4樓、156號1、3、4樓及158號1、2、3、4樓","phone":"+886 2 2392 6611"},"geometry":{"type":"Point","coordinates":[121.52893,25.033651]}},{"type":"Feature","properties":{"id":"osm:node:3506510895","name":"合作金庫商業銀行","category":"bank","nameEn":"Taiwan Cooperative Bank","brand":"合作金庫商業銀行","address":"臺北市大安區信義路二段208號","phone":"+886 2 2393 3123","wheelchair":"yes"},"geometry":{"type":"Point","coordinates":[121.530761,25.033384]}},{"type":"Feature","properties":{"id":"osm:node:3506511093","name":"華南商業銀行","category":"bank","nameEn":"Hua Nan Commercial Bank","brand":"華南商業銀行","address":"臺北市信義路二段183號","phone":"+886 2 2394 3141"},"geometry":{"type":"Point","coordinates":[121.529481,25.033989]}},{"type":"Feature","properties":{"id":"osm:node:3506747965","name":"合作金庫商業銀行","category":"bank","nameEn":"Taiwan Cooperative Bank","brand":"合作金庫商業銀行","address":"台北市內湖區瑞光路206、208號一樓","phone":"+886 2 2797 1989"},"geometry":{"type":"Point","coordinates":[121.576473,25.075092]}},{"type":"Feature","properties":{"id":"osm:node:3507106799","name":"兆豐國際商業銀行","category":"bank","nameEn":"Mega International Commercial Bank","brand":"兆豐國際商業銀行","address":"台北市瑞光路472、474號一樓","phone":"+886 2 8798 3588"},"geometry":{"type":"Point","coordinates":[121.569651,25.078383]}},{"type":"Feature","properties":{"id":"osm:node:3508616993","name":"永豐商業銀行","category":"bank","nameEn":"Bank SinoPac","brand":"永豐商業銀行","address":"臺北市大同區長安西路43號1、2樓","phone":"+886 2 2555 3261"},"geometry":{"type":"Point","coordinates":[121.518217,25.050765]}},{"type":"Feature","properties":{"id":"osm:node:3514374823","name":"永豐商業銀行","category":"bank","nameEn":"Bank SinoPac","brand":"永豐商業銀行","address":"臺北市信義區松德路132號","phone":"+886 2 8788 2688","wheelchair":"yes"},"geometry":{"type":"Point","coordinates":[121.574079,25.037229]}},{"type":"Feature","properties":{"id":"osm:node:3528428794","name":"台新國際商業銀行","category":"bank","nameEn":"Taishin International Bank","brand":"台新國際商業銀行","address":"台北市中山區南京東路二段150號1樓及地下1樓","phone":"+886 2 2508 1899"},"geometry":{"type":"Point","coordinates":[121.534158,25.05177]}},{"type":"Feature","properties":{"id":"osm:node:3530748493","name":"彰化商業銀行","category":"bank","nameEn":"Chang Hwa Bank","brand":"彰化商業銀行","address":"臺北市信義區光復南路577、579號1、2樓，基隆路二段76、78、80號1、2樓","phone":"+886 2 2720 7678"},"geometry":{"type":"Point","coordinates":[121.557786,25.03061]}},{"type":"Feature","properties":{"id":"osm:node:3530748494","name":"合作金庫商業銀行","category":"bank","nameEn":"Taiwan Cooperative Bank","brand":"合作金庫商業銀行","address":"臺北市信義區基隆路二段77號1樓、2樓之1、之2、之3、之6、之7","phone":"+886 2 2738 8181","wheelchair":"limited"},"geometry":{"type":"Point","coordinates":[121.55814,25.030327]}},{"type":"Feature","properties":{"id":"osm:node:3530748693","name":"第一商業銀行","category":"bank","nameEn":"First Commercial Bank","brand":"第一商業銀行","address":"臺北市大安區"},"geometry":{"type":"Point","coordinates":[121.557764,25.030506]}},{"type":"Feature","properties":{"id":"osm:node:3541185294","name":"臺灣土地銀行","category":"bank","nameEn":"Land Bank of Taiwan","brand":"臺灣土地銀行","address":"臺北市民權西路26號","phone":"+886 2 2562 9801","wheelchair":"no"},"geometry":{"type":"Point","coordinates":[121.52157,25.06251]}},{"type":"Feature","properties":{"id":"osm:node:3541201494","name":"元大商業銀行","category":"bank","nameEn":"Yuanta Commercial Bank","brand":"元大商業銀行","address":"臺北市中山區中山北路三段47號1樓","phone":"+886 2 2598 6598","wheelchair":"no"},"geometry":{"type":"Point","coordinates":[121.522643,25.066614]}},{"type":"Feature","properties":{"id":"osm:node:3578759037","name":"滙豐（台灣）商業銀行","category":"bank","nameEn":"HSBC Bank Taiwan","brand":"HSBC","opening_hours":"09:00-15:30","address":"新北市板橋區中山路一段160之5號1樓,2樓及160之6號2樓","phone":"+886 2 6633 6000","wheelchair":"yes"},"geometry":{"type":"Point","coordinates":[121.466118,25.011995]}},{"type":"Feature","properties":{"id":"osm:node:3578768026","name":"臺灣銀行","category":"bank","nameEn":"Bank of Taiwan","brand":"臺灣銀行","opening_hours":"Mo-Fr 09:00-15:30","address":"220242新北市板橋區中山路一段161號地下一樓","phone":"+886 2 8953 5968","website":"https://www.bot.com.tw/","wheelchair":"yes"},"geometry":{"type":"Point","coordinates":[121.465512,25.012362]}},{"type":"Feature","properties":{"id":"osm:node:3594350801","name":"遠東國際商業銀行","category":"bank","nameEn":"Far Eastern International Bank","brand":"遠東國際商業銀行","opening_hours":"Mo-Fr 09:00-17:00","address":"10050臺北市中正區忠孝東路一段112號","phone":"+886 2 2327 8898","website":"https://www.feib.com.tw/"},"geometry":{"type":"Point","coordinates":[121.525182,25.044088]}},{"type":"Feature","properties":{"id":"osm:node:3595587233","name":"台新國際商業銀行","category":"bank","nameEn":"Taishin International Bank","brand":"台新國際商業銀行","opening_hours":"Mo-Fr 09:00-17:00","address":"10074臺北市中正區南昌路一段55號","phone":"+886 2 2397 2588","website":"https://www.taishinbank.com.tw/","wheelchair":"limited"},"geometry":{"type":"Point","coordinates":[121.51733,25.031218]}},{"type":"Feature","properties":{"id":"osm:node:3602264784","name":"臺灣中小企業銀行","category":"bank","nameEn":"Taiwan Business Bank","brand":"臺灣中小企業銀行","opening_hours":"Mo-Fr 09:00-15:30","address":"新北市永和區竹林路168號1樓,174號2樓,174號2樓之1","phone":"+886 2 2927 7171"},"geometry":{"type":"Point","coordinates":[121.520312,25.010219]}},{"type":"Feature","properties":{"id":"osm:node:3611082385","name":"國泰世華商業銀行","category":"bank","nameEn":"Cathay United Bank","brand":"國泰世華商業銀行","address":"新北市新店區中正路190號1、2樓","phone":"+886 2 2917 3999"},"geometry":{"type":"Point","coordinates":[121.540701,24.972435]}},{"type":"Feature","properties":{"id":"osm:node:3622815937","name":"淡水第一信用合作社","category":"bank","nameEn":"The Tamshui First Credit Cooperative Bank","brand":"淡水第一信用合作社","opening_hours":"Mo-Fr 09:00-15:30","address":"220089新北市板橋區中山路二段291之12號1樓","phone":"+886 2 8961 2929","website":"https://www.tfccbank.com.tw/"},"geometry":{"type":"Point","coordinates":[121.478275,25.018245]}},{"type":"Feature","properties":{"id":"osm:node:3631514150","name":"凱基商業銀行","category":"bank","nameEn":"KGI Commercial Bank","brand":"凱基商業銀行","opening_hours":"Mo-Fr 09:00-15:30","address":"新北市永和區中和路545號"},"geometry":{"type":"Point","coordinates":[121.511521,25.003272]}},{"type":"Feature","properties":{"id":"osm:node:3631514166","name":"遠東國際商業銀行","category":"bank","nameEn":"Far Eastern International Bank","brand":"遠東國際商業銀行","address":"新北市永和區中和路535、535-1號1、2F","phone":"+886 2 7717 6668"},"geometry":{"type":"Point","coordinates":[121.511395,25.003121]}},{"type":"Feature","properties":{"id":"osm:node:3636990113","name":"臺灣土地銀行","category":"bank","nameEn":"Land Bank of Taiwan","brand":"臺灣土地銀行","address":"台北市和平東路三段15號","phone":"+886 2 2705 7505"},"geometry":{"type":"Point","coordinates":[121.547425,25.024848]}},{"type":"Feature","properties":{"id":"osm:node:3637170876","name":"臺灣土地銀行","category":"bank","nameEn":"Land Bank of Taiwan","brand":"臺灣土地銀行","address":"台北市羅斯福路三段125號","phone":"+886 2 2363 4747","wheelchair":"yes"},"geometry":{"type":"Point","coordinates":[121.52692,25.0221]}},{"type":"Feature","properties":{"id":"osm:node:3649178925","name":"台新國際商業銀行","category":"bank","nameEn":"Taishin International Bank","brand":"台新國際商業銀行","address":"台北市新生南路1段62號1樓、2樓、3樓及地下1樓","phone":"+886 2 2395 2888"},"geometry":{"type":"Point","coordinates":[121.532556,25.040358]}},{"type":"Feature","properties":{"id":"osm:node:3656268525","name":"元大商業銀行","category":"bank","nameEn":"Yuanta Commercial Bank","brand":"元大商業銀行","address":"台北市大安區金山南路二段33號1樓","phone":"+886 2 2321 8833"},"geometry":{"type":"Point","coordinates":[121.527372,25.032868]}},{"type":"Feature","properties":{"id":"osm:node:3657496291","name":"兆豐國際商業銀行","category":"bank","nameEn":"Mega International Commercial Bank","brand":"兆豐國際商業銀行","address":"臺北市羅斯福路二段9號1樓","phone":"+886 2 2356 8700","wheelchair":"yes"},"geometry":{"type":"Point","coordinates":[121.52144,25.028772]}},{"type":"Feature","properties":{"id":"osm:node:3670374299","name":"兆豐國際商業銀行","category":"bank","nameEn":"Mega International Commercial Bank","brand":"兆豐國際商業銀行","address":"臺北市忠孝東路四段233號","phone":"+886 2 2771 1877","wheelchair":"yes"},"geometry":{"type":"Point","coordinates":[121.553506,25.041624]}},{"type":"Feature","properties":{"id":"osm:node:3678348373","name":"聯邦商業銀行","category":"bank","nameEn":"Union Bank of Taiwan","brand":"聯邦商業銀行","address":"臺北市文林路758號1、2樓及758-1號1、2樓","phone":"+886 2 2835 1818"},"geometry":{"type":"Point","coordinates":[121.520012,25.103213]}},{"type":"Feature","properties":{"id":"osm:node:3682801671","name":"滙豐(台灣)商業銀行","category":"bank","address":"新北市板橋區文化路2段293號1樓","phone":"+886 2 2253 5000","wheelchair":"limited"},"geometry":{"type":"Point","coordinates":[121.471427,25.029318]}},{"type":"Feature","properties":{"id":"osm:node:3682801672","name":"台北富邦商業銀行","category":"bank","nameEn":"Taipei Fubon Bank","brand":"台北富邦商業銀行","opening_hours":"Mo-Fr 09:00-15:30","address":"220781新北市板橋區文化路1段266號1、2樓，268號2樓","phone":"+886 2 2254 9999","website":"https://www.fubon.com/banking/personal/"},"geometry":{"type":"Point","coordinates":[121.467018,25.020654]}},{"type":"Feature","properties":{"id":"osm:node:3682801673","name":"台北富邦商業銀行","category":"bank","nameEn":"Taipei Fubon Bank","brand":"台北富邦商業銀行","address":"新北市板橋區文化路二段285號1、2樓","phone":"+886 2 2253 0598","wheelchair":"limited"},"geometry":{"type":"Point","coordinates":[121.471323,25.029209]}},{"type":"Feature","properties":{"id":"osm:node:3682801674","name":"台新國際商業銀行","category":"bank","nameEn":"Taishin International Bank","brand":"台新國際商業銀行","address":"新北市板橋區文化路二段182巷3弄79號1樓、2樓及81號1樓、2樓及83號1、2樓","phone":"+886 2 8252 9999","wheelchair":"yes"},"geometry":{"type":"Point","coordinates":[121.472599,25.029255]}},{"type":"Feature","properties":{"id":"osm:node:3682801683","name":"第一商業銀行","category":"bank","nameEn":"First Commercial Bank","brand":"第一商業銀行","address":"新北市板橋區文化路一段329號1、2樓","phone":"+886 2 2257 8091"},"geometry":{"type":"Point","coordinates":[121.466418,25.020685]}},{"type":"Feature","properties":{"id":"osm:node:3683807225","name":"陽信商業銀行","category":"bank","nameEn":"Sunny Commercial Bank","brand":"陽信商業銀行","address":"新北市中和區建一路245號","phone":"+886 2 2222 5199"},"geometry":{"type":"Point","coordinates":[121.488204,24.99689]}},{"type":"Feature","properties":{"id":"osm:node:3685275312","name":"臺灣新光商業銀行","category":"bank","nameEn":"Shin Kong Commercial Bank","brand":"臺灣新光商業銀行","address":"台北市松江路162號1、2樓","phone":"+886 2 2565 2711"},"geometry":{"type":"Point","coordinates":[121.53282,25.055322]}},{"type":"Feature","properties":{"id":"osm:node:3704436626","name":"合作金庫商業銀行","category":"bank","nameEn":"Taiwan Cooperative Bank","brand":"合作金庫商業銀行","address":"台北市中山區長春路201、203號","phone":"+886 2 2503 5015"},"geometry":{"type":"Point","coordinates":[121.538259,25.054866]}},{"type":"Feature","properties":{"id":"osm:node:3711361607","name":"遠東國際商業銀行","category":"bank","nameEn":"Far Eastern International Bank","brand":"遠東國際商業銀行","address":"臺北市信義區光復南路505號1-2樓、507號、509號及505號2樓之1","phone":"+886 2 2720 7755"},"geometry":{"type":"Point","coordinates":[121.557573,25.032027]}},{"type":"Feature","properties":{"id":"osm:node:3711361614","name":"臺灣中小企業銀行","category":"bank","nameEn":"Taiwan Business Bank","brand":"臺灣中小企業銀行","address":"臺北市信義區光復南路547號","phone":"+886 2 2345 7171"},"geometry":{"type":"Point","coordinates":[121.557555,25.031739]}},{"type":"Feature","properties":{"id":"osm:node:3720429055","name":"彰化商業銀行","category":"bank","nameEn":"Chang Hwa Bank","brand":"彰化商業銀行","address":"新北市三重區正義北路68號1、2樓","phone":"+886 2 2982 3111"},"geometry":{"type":"Point","coordinates":[121.497109,25.064375]}},{"type":"Feature","properties":{"id":"osm:node:3720429056","name":"彰化商業銀行","category":"bank","nameEn":"Chang Hwa Bank","brand":"彰化商業銀行","address":"新北市三重區正義北路303號","phone":"+886 2 2982 1100"},"geometry":{"type":"Point","coordinates":[121.494511,25.071123]}},{"type":"Feature","properties":{"id":"osm:node:3720429072","name":"第一商業銀行","category":"bank","nameEn":"First Commercial Bank","brand":"第一商業銀行","address":"新北市三重區三和路三段70號","phone":"+886 2 2982 2111"},"geometry":{"type":"Point","coordinates":[121.494825,25.071478]}},{"type":"Feature","properties":{"id":"osm:node:3722754933","name":"臺灣新光商業銀行","category":"bank","nameEn":"Shin Kong Commercial Bank","brand":"臺灣新光商業銀行","address":"台北市復興南路二段177號1、2樓及地下1樓","phone":"+886 2 2755 1639","website":"https://www.skbank.com.tw/"},"geometry":{"type":"Point","coordinates":[121.543671,25.027027]}},{"type":"Feature","properties":{"id":"osm:node:3727152547","name":"陽信商業銀行","category":"bank","nameEn":"Sunny Commercial Bank","brand":"陽信商業銀行","address":"台北市松山區延吉街11、11之1號","phone":"+886 2 2578 6201"},"geometry":{"type":"Point","coordinates":[121.553697,25.046669]}},{"type":"Feature","properties":{"id":"osm:node:3727895077","name":"永豐商業銀行","category":"bank","nameEn":"Bank SinoPac","brand":"永豐商業銀行","address":"台北市中山區松江路39、41、43、43之1及43之2號","phone":"+886 2 2516 5777"},"geometry":{"type":"Point","coordinates":[121.533167,25.047797]}},{"type":"Feature","properties":{"id":"osm:node:3731157011","name":"華南商業銀行","category":"bank","nameEn":"Hua Nan Commercial Bank","brand":"華南商業銀行","address":"新北市新店區北新路二段108號","phone":"+886 2 2913 6661"},"geometry":{"type":"Point","coordinates":[121.543126,24.974014]}},{"type":"Feature","properties":{"id":"osm:node:3748687258","name":"國泰世華商業銀行","category":"bank","nameEn":"Cathay United Bank","brand":"國泰世華商業銀行","address":"臺北市南京東路五段99號1，2樓及地下1樓","phone":"+886 2 2765 4222"},"geometry":{"type":"Point","coordinates":[121.560635,25.051733]}},{"type":"Feature","properties":{"id":"osm:node:3749489129","name":"合作金庫商業銀行","category":"bank","nameEn":"Taiwan Cooperative Bank","brand":"合作金庫商業銀行","address":"台北市內湖區瑞光路502號1樓","phone":"+886 2 2659 0001"},"geometry":{"type":"Point","coordinates":[121.568164,25.079244]}},{"type":"Feature","properties":{"id":"osm:node:3752322173","name":"臺灣土地銀行","category":"bank","nameEn":"Land Bank of Taiwan","brand":"臺灣土地銀行","address":"臺北市信義區松德路107號","phone":"+886 2 2727 2588","website":"https://www.landbank.com.tw/"},"geometry":{"type":"Point","coordinates":[121.57561,25.037704]}},{"type":"Feature","properties":{"id":"osm:node:3780493757","name":"台中商業銀行","category":"bank","nameEn":"Taichung Bank","brand":"台中商業銀行","address":"新北市新店區建國路219-1號1,2樓","phone":"+886 2 6633 6080"},"geometry":{"type":"Point","coordinates":[121.537516,24.981218]}},{"type":"Feature","properties":{"id":"osm:node:3786977386","name":"台北市第五信用合作社","category":"bank","nameEn":"The Fifth Credit Cooperation of Taipei","brand":"台北市第五信用合作社","opening_hours":"Mo-Fr 09:00-15:30","address":"115021臺北市南港區研究院路一段20號","phone":"+886 2 2651 6010","website":"https://taipei-tfcc.scu.org.tw/"},"geometry":{"type":"Point","coordinates":[121.616261,25.053998]}},{"type":"Feature","properties":{"id":"osm:node:3794607147","name":"台北富邦商業銀行","category":"bank","nameEn":"Taipei Fubon Bank","brand":"台北富邦商業銀行","address":"台北市景文街64號、64之1號1,2樓","phone":"+886 2 2935 2636","wheelchair":"yes"},"geometry":{"type":"Point","coordinates":[121.541071,24.990689]}},{"type":"Feature","properties":{"id":"osm:node:3809415646","name":"第一商業銀行","category":"bank","nameEn":"First Commercial Bank","brand":"第一商業銀行","address":"新北市新店區中興路三段134號","phone":"+886 2 2918 1835","wheelchair":"yes"},"geometry":{"type":"Point","coordinates":[121.544811,24.979782]}},{"type":"Feature","properties":{"id":"osm:node:3811139461","name":"景美區農會","category":"bank","nameEn":"Jing Mei District Farmers' Association","opening_hours":"Mo-Fr 08:30-16:00; Sa-Su off","address":"116臺北市文山區景文街1號","phone":"+886 2 2931 3446","website":"https://www.jmfa.org.tw/"},"geometry":{"type":"Point","coordinates":[121.541396,24.993543]}},{"type":"Feature","properties":{"id":"osm:node:3811140292","name":"安泰商業銀行","category":"bank","nameEn":"Entie Commercial Bank","brand":"安泰商業銀行","address":"臺北市文山區羅斯福路五段172號地下室、1樓、170巷1-3號1樓","phone":"+886 2 2933 0234"},"geometry":{"type":"Point","coordinates":[121.538553,25.004435]}},{"type":"Feature","properties":{"id":"osm:node:3811141042","name":"上海商業儲蓄銀行","category":"bank","nameEn":"Shanghai Commercial and Savings Bank","brand":"上海商業儲蓄銀行","address":"台北市文山區羅斯福路五段251號1樓、245號2樓","phone":"+886 2 8663 2111"},"geometry":{"type":"Point","coordinates":[121.539431,25.001384]}},{"type":"Feature","properties":{"id":"osm:node:3811441548","name":"臺灣中小企業銀行","category":"bank","nameEn":"Taiwan Business Bank","brand":"臺灣中小企業銀行","address":"臺北市大安區復興南路一段390號1樓","phone":"+886 2 2705 7171"},"geometry":{"type":"Point","coordinates":[121.543219,25.033632]}},{"type":"Feature","properties":{"id":"osm:node:3811447092","name":"國泰世華商業銀行","category":"bank","nameEn":"Cathay United Bank","brand":"國泰世華商業銀行","opening_hours":"Mo-Fr 09:00-15:30","address":"臺北市信義區信義路四段456號1、2、24樓、24樓之1、458號24樓","phone":"+886 2 2720 9191","wheelchair":"limited"},"geometry":{"type":"Point","coordinates":[121.558165,25.032764]}},{"type":"Feature","properties":{"id":"osm:node:3812406058","name":"臺灣土地銀行","category":"bank","nameEn":"Land Bank of Taiwan","brand":"臺灣土地銀行","address":"台北市文山區景興路206號1、2樓及地下1樓","phone":"+886 2 2933 6222"},"geometry":{"type":"Point","coordinates":[121.543583,24.991619]}},{"type":"Feature","properties":{"id":"osm:node:3820884768","name":"北投區農會","category":"bank","address":"臺北市"},"geometry":{"type":"Point","coordinates":[121.467225,25.121515]}},{"type":"Feature","properties":{"id":"osm:node:3822530288","name":"北投區農會","category":"bank","address":"臺北市"},"geometry":{"type":"Point","coordinates":[121.50078,25.133058]}},{"type":"Feature","properties":{"id":"osm:node:3826876933","name":"兆豐國際商業銀行","category":"bank","nameEn":"Mega International Commercial Bank","brand":"兆豐國際商業銀行","address":"臺北市忠孝東路二段123號、123之1號、123之2號、123號2樓","phone":"+886 2 2563 3156","wheelchair":"yes"},"geometry":{"type":"Point","coordinates":[121.532539,25.042795]}},{"type":"Feature","properties":{"id":"osm:node:3826876965","name":"凱基商業銀行","category":"bank","nameEn":"KGI Commercial Bank","brand":"凱基商業銀行","address":"臺北市新生南路二段8號、8之1號","phone":"+886 2 3322 3677"},"geometry":{"type":"Point","coordinates":[121.532578,25.033036]}},{"type":"Feature","properties":{"id":"osm:node:3835339683","name":"彰化商業銀行","category":"bank","nameEn":"Chang Hwa Bank","brand":"彰化商業銀行","opening_hours":"09:00-15:30","address":"臺北市文山區木新路三段46、46-3、48、48-1號及46號地下1樓","phone":"+886 2 8661 7377"},"geometry":{"type":"Point","coordinates":[121.564292,24.982693]}},{"type":"Feature","properties":{"id":"osm:node:3835347958","name":"台北市第五信用合作社","category":"bank","nameEn":"The Fifth Credit Cooperation of Taipei","brand":"台北市第五信用合作社","opening_hours":"Mo-Fr 09:00-15:30","address":"116023臺北市文山區興隆路四段70號","phone":"+886 2 2234 2313","website":"https://taipei-tfcc.scu.org.tw/"},"geometry":{"type":"Point","coordinates":[121.561583,24.984357]}},{"type":"Feature","properties":{"id":"osm:node:3835835758","name":"彰化商業銀行","category":"bank","nameEn":"Chang Hwa Bank","brand":"彰化商業銀行","address":"臺北市士林區福德路21號","phone":"+886 2 2882 2354","wheelchair":"limited"},"geometry":{"type":"Point","coordinates":[121.525238,25.092102]}},{"type":"Feature","properties":{"id":"osm:node:3836823086","name":"華南商業銀行","category":"bank","nameEn":"Hua Nan Commercial Bank","brand":"華南商業銀行","address":"新北市新店區民權路129號1樓","phone":"+886 2 2218 0111"},"geometry":{"type":"Point","coordinates":[121.535057,24.982659]}},{"type":"Feature","properties":{"id":"osm:node:3837117379","name":"華南商業銀行","category":"bank","nameEn":"Hua Nan Commercial Bank","brand":"華南商業銀行","address":"新北市中和區中山路二段562號1、2樓","phone":"+886 2 2222 0603"},"geometry":{"type":"Point","coordinates":[121.483101,25.005101]}},{"type":"Feature","properties":{"id":"osm:node:3837117380","name":"合作金庫商業銀行","category":"bank","nameEn":"Taiwan Cooperative Bank","brand":"合作金庫商業銀行","address":"新北市中和區中山路3段35號1樓","phone":"+886 2 2226 3667"},"geometry":{"type":"Point","coordinates":[121.478937,25.005709]}},{"type":"Feature","properties":{"id":"osm:node:3837357659","name":"中國信託商業銀行","category":"bank","nameEn":"CTBC Bank","brand":"中國信託商業銀行","address":"新北市中和區中山路二段261號1樓","phone":"+886 2 2245 2277"},"geometry":{"type":"Point","coordinates":[121.497058,25.002207]}},{"type":"Feature","properties":{"id":"osm:node:3840862931","name":"合作金庫商業銀行","category":"bank","nameEn":"Taiwan Cooperative Bank","brand":"合作金庫商業銀行","address":"台北市中山區民生東路2段125、127、127-1、127-2號，民生東路2段127巷2、2之1、6號2樓之4","phone":"+886 2 2511 3880"},"geometry":{"type":"Point","coordinates":[121.532009,25.058113]}},{"type":"Feature","properties":{"id":"osm:node:3840864072","name":"第一商業銀行","category":"bank","nameEn":"First Commercial Bank","brand":"第一商業銀行","address":"臺北市中山區吉林路136號","phone":"+886 2 2531 1677"},"geometry":{"type":"Point","coordinates":[121.529978,25.055398]}},{"type":"Feature","properties":{"id":"osm:node:3842796699","name":"台北富邦商業銀行","category":"bank","nameEn":"Taipei Fubon Bank","brand":"台北富邦商業銀行","address":"台北市文山區興隆路3段69號1樓及地下1樓","phone":"+886 2 8663 9889"},"geometry":{"type":"Point","coordinates":[121.556383,25.000212]}},{"type":"Feature","properties":{"id":"osm:node:3842796700","name":"中國信託商業銀行","category":"bank","nameEn":"CTBC Bank","brand":"中國信託商業銀行","address":"臺北市文山區辛亥路四段248、250號1樓、2樓,地下1樓","phone":"+886 2 2933 5358"},"geometry":{"type":"Point","coordinates":[121.554769,25.001505]}},{"type":"Feature","properties":{"id":"osm:node:3846133159","name":"安泰商業銀行","category":"bank","nameEn":"Entie Commercial Bank","brand":"安泰商業銀行","address":"臺北市中山區松江路66號1樓","phone":"+886 2 2536 1999"},"geometry":{"type":"Point","coordinates":[121.532654,25.049114]}},{"type":"Feature","properties":{"id":"osm:node:3846489003","name":"上海商業儲蓄銀行","category":"bank","nameEn":"Shanghai Commercial and Savings Bank","brand":"上海商業儲蓄銀行","address":"臺北市內湖區堤頂大道二段257號1樓、259號1樓","phone":"+886 2 2657 6111"},"geometry":{"type":"Point","coordinates":[121.565702,25.078538]}},{"type":"Feature","properties":{"id":"osm:node:3881540567","name":"台北富邦商業銀行","category":"bank","nameEn":"Taipei Fubon Bank","brand":"台北富邦商業銀行","address":"台北市中正區襄陽路9號1樓與地下1樓","phone":"+886 2 2388 5889"},"geometry":{"type":"Point","coordinates":[121.515757,25.043524]}},{"type":"Feature","properties":{"id":"osm:node:3884771667","name":"台新國際商業銀行","category":"bank","nameEn":"Taishin International Bank","brand":"台新國際商業銀行","address":"新北市汐止區中興路135號1、2樓","phone":"+886 2 2694 5133"},"geometry":{"type":"Point","coordinates":[121.631641,25.065407]}},{"type":"Feature","properties":{"id":"osm:node:3887648893","name":"台北富邦商業銀行","category":"bank","nameEn":"Taipei Fubon Bank","brand":"台北富邦商業銀行","opening_hours":"Mo-Fr 09:00-15:30","address":"100503臺北市中正區重慶南路一段10號1樓","phone":"+886 2 2388 9888","website":"https://www.fubon.com/banking/personal/index.htm","wheelchair":"no"},"geometry":{"type":"Point","coordinates":[121.51313,25.046674]}},{"type":"Feature","properties":{"id":"osm:node:3887820858","name":"彰化商業銀行","category":"bank","nameEn":"Chang Hwa Bank","brand":"彰化商業銀行","address":"臺北市大安區仁愛路三段136號","phone":"+886 2 2703 3737"},"geometry":{"type":"Point","coordinates":[121.541698,25.037404]}},{"type":"Feature","properties":{"id":"osm:node:3887820863","name":"臺灣銀行","category":"bank","nameEn":"Bank of Taiwan","brand":"臺灣銀行","address":"台北市中山區松江路80號","phone":"+886 2 2543 5790"},"geometry":{"type":"Point","coordinates":[121.532685,25.049875]}},{"type":"Feature","properties":{"id":"osm:node:3887820864","name":"華南商業銀行","category":"bank","nameEn":"Hua Nan Commercial Bank","brand":"華南商業銀行","address":"臺北市信義路四段6號2樓","phone":"+886 2 2701 5123"},"geometry":{"type":"Point","coordinates":[121.544173,25.033074]}},{"type":"Feature","properties":{"id":"osm:node:3887825436","name":"臺灣土地銀行","category":"bank","nameEn":"Land Bank of Taiwan","brand":"臺灣土地銀行","address":"10480臺北市中山區復興北路234號","phone":"+886 2 2509 0888"},"geometry":{"type":"Point","coordinates":[121.543617,25.057196]}},{"type":"Feature","properties":{"id":"osm:node:3887825438","name":"國泰世華商業銀行","category":"bank","nameEn":"Cathay United Bank","brand":"國泰世華商業銀行","address":"臺北市松山區民生東路三段158號1樓及156號2樓之3、2樓之5、2樓之6","phone":"+886 2 2545 5559","wheelchair":"yes"},"geometry":{"type":"Point","coordinates":[121.547732,25.057347]}},{"type":"Feature","properties":{"id":"osm:node:3887825443","name":"第一商業銀行","category":"bank","nameEn":"First Commercial Bank","brand":"第一商業銀行","address":"臺北市松山區民生東路三段131號、131號2樓","phone":"+886 2 2713 8512"},"geometry":{"type":"Point","coordinates":[121.547849,25.057951]}},{"type":"Feature","properties":{"id":"osm:node:3887826257","name":"臺灣新光商業銀行","category":"bank","nameEn":"Shin Kong Commercial Bank","brand":"臺灣新光商業銀行","address":"新北市汐止區中興路146、148號1、2樓","phone":"+886 2 2695 9659"},"geometry":{"type":"Point","coordinates":[121.63267,25.064601]}},{"type":"Feature","properties":{"id":"osm:node:3887826258","name":"永豐商業銀行","category":"bank","nameEn":"Bank SinoPac","brand":"永豐商業銀行","address":"新北市汐止區中興路89號1樓、91號1、2樓","phone":"+886 2 2694 9898"},"geometry":{"type":"Point","coordinates":[121.632528,25.064453]}},{"type":"Feature","properties":{"id":"osm:node:3887826259","name":"彰化商業銀行","category":"bank","nameEn":"Chang Hwa Bank","brand":"彰化商業銀行","address":"新北市汐止區中興路93號","phone":"+886 2 2694 7878"},"geometry":{"type":"Point","coordinates":[121.632463,25.064525]}},{"type":"Feature","properties":{"id":"osm:node:3887833078","name":"農會","category":"bank","wheelchair":"yes"},"geometry":{"type":"Point","coordinates":[121.633239,25.064529]}},{"type":"Feature","properties":{"id":"osm:node:3888706245","name":"中國信託商業銀行","category":"bank","nameEn":"CTBC Bank","brand":"中國信託商業銀行","opening_hours":"Mo-Fr 09:00-17:00","address":"10041臺北市中正區忠孝西路一段4號1樓","phone":"+886 2 2311 3598","website":"https://www.ctbcbank.com/","wheelchair":"yes"},"geometry":{"type":"Point","coordinates":[121.518444,25.045657]}},{"type":"Feature","properties":{"id":"osm:node:3888806081","name":"板信商業銀行","category":"bank","nameEn":"Bank of Panshin","brand":"板信商業銀行","address":"臺北市萬華區萬大路244號","phone":"+886 2 2337 7719"},"geometry":{"type":"Point","coordinates":[121.500309,25.026393]}},{"type":"Feature","properties":{"id":"osm:node:3889227328","name":"玉山商業銀行","category":"bank","nameEn":"E.SUN Commercial Bank","brand":"玉山商業銀行","opening_hours":"Mo-Fr 09:00-15:30","address":"臺北市中山區民權西路48號1~2樓","phone":"+886 2 2568 1313","wheelchair":"no"},"geometry":{"type":"Point","coordinates":[121.520708,25.062628]}},{"type":"Feature","properties":{"id":"osm:node:3891423030","name":"兆豐國際商業銀行","category":"bank","nameEn":"Mega International Commercial Bank","brand":"兆豐國際商業銀行","opening_hours":"Mo-Fr 09:00-15:30; Sa-Su off","address":"231新北市新店區北新路三段200號1;2樓","phone":"+886 2 29182988","website":"https://www.megabank.com.tw/"},"geometry":{"type":"Point","coordinates":[121.541437,24.983757]}},{"type":"Feature","properties":{"id":"osm:node:3892819127","name":"國泰世華商業銀行","category":"bank","nameEn":"Cathay United Bank","brand":"國泰世華商業銀行","address":"10047臺北市中正區館前路2號","phone":"+886 2 2312 5555","wheelchair":"yes"},"geometry":{"type":"Point","coordinates":[121.514847,25.046278]}},{"type":"Feature","properties":{"id":"osm:node:3939157996","name":"元大商業銀行","category":"bank","nameEn":"Yuanta Commercial Bank","brand":"元大商業銀行","address":"臺北市和平東路一段212、214號及泰順街1號","phone":"+886 2 2368 8066"},"geometry":{"type":"Point","coordinates":[121.531745,25.026115]}},{"type":"Feature","properties":{"id":"osm:node:3939158007","name":"台北富邦商業銀行","category":"bank","nameEn":"Taipei Fubon Bank","brand":"台北富邦商業銀行","address":"台北市大安區和平東路1段178號1、2樓及地下1樓","phone":"+886 2 2369 8566","wheelchair":"yes"},"geometry":{"type":"Point","coordinates":[121.529422,25.026295]}},{"type":"Feature","properties":{"id":"osm:node:3939158008","name":"台北富邦商業銀行","category":"bank","nameEn":"Taipei Fubon Bank","brand":"台北富邦商業銀行","address":"台北市信義區松山路421、423、425、427、429號1、2樓及地下1樓","phone":"+886 2 2728 1199"},"geometry":{"type":"Point","coordinates":[121.578075,25.040616]}},{"type":"Feature","properties":{"id":"osm:node:3939158010","name":"合作金庫商業銀行","category":"bank","nameEn":"Taiwan Cooperative Bank","brand":"合作金庫商業銀行","address":"臺北市南港區忠孝東路五段815號","phone":"+886 2 2785 6060"},"geometry":{"type":"Point","coordinates":[121.582172,25.045015]}},{"type":"Feature","properties":{"id":"osm:node:3939158020","name":"安泰商業銀行","category":"bank","nameEn":"Entie Commercial Bank","brand":"安泰商業銀行","address":"臺北市大安區新生南路一段155號1樓及2樓","phone":"+886 2 2703 9999"},"geometry":{"type":"Point","coordinates":[121.533072,25.034878]}},{"type":"Feature","properties":{"id":"osm:node:3939158259","name":"玉山商業銀行","category":"bank","nameEn":"E.SUN Commercial Bank","brand":"玉山商業銀行","address":"臺北市大安區和平東路一段216號1樓","phone":"+886 2 2362 1313","wheelchair":"yes"},"geometry":{"type":"Point","coordinates":[121.531928,25.02606]}},{"type":"Feature","properties":{"id":"osm:node:3939158490","name":"臺灣銀行","category":"bank","nameEn":"Bank of Taiwan","brand":"臺灣銀行","address":"台北市大安區和平東路一段180號一至三樓","phone":"+886 2 2368 7027"},"geometry":{"type":"Point","coordinates":[121.529545,25.026288]}},{"type":"Feature","properties":{"id":"osm:node:3944644385","name":"臺灣銀行","category":"bank","nameEn":"Bank of Taiwan","brand":"臺灣銀行","address":"台北市中正區仁愛路二段99號一、二樓","phone":"+886 2 2397 5936"},"geometry":{"type":"Point","coordinates":[121.532412,25.038441]}},{"type":"Feature","properties":{"id":"osm:node:3981536196","name":"中國信託商業銀行","category":"bank","nameEn":"CTBC Bank","brand":"中國信託商業銀行","address":"台北市內湖區內湖路一段244號1樓","phone":"+886 2 2799 9588"},"geometry":{"type":"Point","coordinates":[121.566007,25.082045]}},{"type":"Feature","properties":{"id":"osm:node:3981536206","name":"瑞興商業銀行","category":"bank","nameEn":"Taipei Star Bank","brand":"瑞興商業銀行","address":"臺北市內湖路一段575號1,2樓","phone":"+886 2 2657 3181"},"geometry":{"type":"Point","coordinates":[121.572621,25.0812]}},{"type":"Feature","properties":{"id":"osm:node:3981536779","name":"陽信商業銀行","category":"bank","nameEn":"Sunny Commercial Bank","brand":"陽信商業銀行","address":"臺北市內湖區內湖路一段250、252號","phone":"+886 2 2658 6698"},"geometry":{"type":"Point","coordinates":[121.566842,25.081865]}},{"type":"Feature","properties":{"id":"osm:node:3981637719","name":"玉山商業銀行","category":"bank","nameEn":"E.SUN Commercial Bank","brand":"玉山商業銀行","address":"臺北市內湖區民權東路六段27號1樓","phone":"+886 2 8791 6613"},"geometry":{"type":"Point","coordinates":[121.583886,25.068937]}},{"type":"Feature","properties":{"id":"osm:node:4000887380","name":"永豐商業銀行","category":"bank","nameEn":"Bank SinoPac","brand":"永豐商業銀行","address":"臺北市士林區延平北路六段111號1、2樓及地下1樓","phone":"+886 2 2812 9477"},"geometry":{"type":"Point","coordinates":[121.508646,25.087992]}},{"type":"Feature","properties":{"id":"osm:node:4018210431","name":"台北富邦商業銀行","category":"bank","nameEn":"Taipei Fubon Bank","brand":"台北富邦商業銀行","address":"臺北市中山區南京東路二段139號、139號2樓","phone":"+886 2 2515 5518","wheelchair":"yes"},"geometry":{"type":"Point","coordinates":[121.535459,25.052229]}},{"type":"Feature","properties":{"id":"osm:node:4018210618","name":"臺灣土地銀行","category":"bank","nameEn":"Land Bank of Taiwan","brand":"臺灣土地銀行","address":"110臺北市信義區基隆路一段436號"},"geometry":{"type":"Point","coordinates":[121.559626,25.033631]}},{"type":"Feature","properties":{"id":"osm:node:4018218994","name":"元大商業銀行","category":"bank","nameEn":"Yuanta Commercial Bank","brand":"元大商業銀行","address":"新北市新店區中正路225號1、2樓","phone":"+886 2 2911 0058"},"geometry":{"type":"Point","coordinates":[121.53946,24.972952]}},{"type":"Feature","properties":{"id":"osm:node:4031296816","name":"兆豐國際商業銀行","category":"bank","nameEn":"Mega International Commercial Bank","brand":"兆豐國際商業銀行","address":"台北市南京東路三段198號","phone":"+886 2 2751 6041"},"geometry":{"type":"Point","coordinates":[121.542872,25.051626]}},{"type":"Feature","properties":{"id":"osm:node:4031296832","name":"國泰世華商業銀行","category":"bank","nameEn":"Cathay United Bank","brand":"國泰世華商業銀行","address":"臺北市中山區松江路136號1、2、3、4、11樓","phone":"+886 2 2551 0168","wheelchair":"yes"},"geometry":{"type":"Point","coordinates":[121.532697,25.053039]}},{"type":"Feature","properties":{"id":"osm:node:4031296834","name":"臺灣土地銀行","category":"bank","nameEn":"Land Bank of Taiwan","brand":"臺灣土地銀行","address":"臺北市南京東路三段70號1樓","phone":"+886 2 2503 6345","wheelchair":"yes"},"geometry":{"type":"Point","coordinates":[121.539027,25.051721]}},{"type":"Feature","properties":{"id":"osm:node:4031296837","name":"安泰商業銀行","category":"bank","nameEn":"Entie Commercial Bank","brand":"安泰商業銀行","address":"臺北市民權東路二段24號1樓","phone":"+886 2 2537 7001"},"geometry":{"type":"Point","coordinates":[121.528758,25.062358]}},{"type":"Feature","properties":{"id":"osm:node:4031296869","name":"元大商業銀行","category":"bank","nameEn":"Yuanta Commercial Bank","brand":"元大商業銀行","address":"104台北市中山區南京東路三段77號"},"geometry":{"type":"Point","coordinates":[121.531194,25.052309]}},{"type":"Feature","properties":{"id":"osm:node:4031297491","name":"華泰商業銀行","category":"bank","nameEn":"Hwatai Commercial Bank","brand":"華泰商業銀行","address":"臺北市民權東路二段40、42、44、44之1號1樓及地下室","phone":"+886 2 2567 5255"},"geometry":{"type":"Point","coordinates":[121.529603,25.062312]}},{"type":"Feature","properties":{"id":"osm:node:4031496779","name":"國泰世華商業銀行","category":"bank","nameEn":"Cathay United Bank","brand":"國泰世華商業銀行","opening_hours":"Mo-Fr 09:00-15:30","address":"台北市仁愛路2段71號1樓","phone":"+886 2 2397 0686"},"geometry":{"type":"Point","coordinates":[121.530919,25.038423]}},{"type":"Feature","properties":{"id":"osm:node:4033147893","name":"中國信託商業銀行","category":"bank","nameEn":"CTBC Bank","brand":"中國信託商業銀行","address":"新北市新店區民權路25號1樓","phone":"+886 2 2913 5000"},"geometry":{"type":"Point","coordinates":[121.540949,24.982534]}},{"type":"Feature","properties":{"id":"osm:node:4043626270","name":"陽信商業銀行","category":"bank","nameEn":"Sunny Commercial Bank","brand":"陽信商業銀行","address":"臺北市文山區景後街95號,95號之12","phone":"+886 2 2930 0202"},"geometry":{"type":"Point","coordinates":[121.543028,24.991869]}},{"type":"Feature","properties":{"id":"osm:node:4045381162","name":"合作金庫商業銀行","category":"bank","nameEn":"Taiwan Cooperative Bank","brand":"合作金庫商業銀行","address":"新北市中和區立德街105號1樓及107號1、2樓","phone":"+886 2 8228 2121"},"geometry":{"type":"Point","coordinates":[121.485834,25.00857]}},{"type":"Feature","properties":{"id":"osm:node:4050767724","name":"中國信託商業銀行","category":"bank","nameEn":"CTBC Bank","brand":"中國信託商業銀行","address":"臺北市松山區民生東路五段165號、165之3號、165之4號及165號地下之一","phone":"+886 2 2760 2766","wheelchair":"yes"},"geometry":{"type":"Point","coordinates":[121.563894,25.059164]}},{"type":"Feature","properties":{"id":"osm:node:4050767728","name":"台新國際商業銀行","category":"bank","nameEn":"Taishin International Bank","brand":"台新國際商業銀行","address":"臺北市松山區三民路86、88、90號1樓及台北市松山區延壽街92號1樓","phone":"+886 2 8787 2680","wheelchair":"yes"},"geometry":{"type":"Point","coordinates":[121.563944,25.056741]}},{"type":"Feature","properties":{"id":"osm:node:4054804410","name":"華南商業銀行","category":"bank","nameEn":"Hua Nan Commercial Bank","brand":"華南商業銀行","address":"新北市永和區中正路220號一樓","phone":"+886 2 8942 3288"},"geometry":{"type":"Point","coordinates":[121.515723,24.997389]}},{"type":"Feature","properties":{"id":"osm:node:4058078344","name":"台北富邦商業銀行","category":"bank","nameEn":"Taipei Fubon Bank","brand":"台北富邦商業銀行","opening_hours":"Mo-Fr 09:00-15:30","address":"105406臺北市松山區敦化北路207之2號、207之3號及207號2樓之1","phone":"+886 2 2514 7688","website":"https://www.fubon.com/banking/personal/"},"geometry":{"type":"Point","coordinates":[121.549717,25.057901]}},{"type":"Feature","properties":{"id":"osm:node:4058078349","name":"凱基商業銀行","category":"bank","nameEn":"KGI Commercial Bank","brand":"凱基商業銀行","address":"台北市民生東路五段2號1樓","wheelchair":"yes"},"geometry":{"type":"Point","coordinates":[121.555435,25.058115]}},{"type":"Feature","properties":{"id":"osm:node:4099750209","name":"國泰世華商業銀行","category":"bank","nameEn":"Cathay United Bank","brand":"國泰世華商業銀行","address":"臺北市木柵路二段92之2號1樓；94號1、2樓；96號1、2樓；98號1、2樓","phone":"+886 2 8661 6262"},"geometry":{"type":"Point","coordinates":[121.56064,24.988591]}},{"type":"Feature","properties":{"id":"osm:node:4099750210","name":"台新國際商業銀行","category":"bank","nameEn":"Taishin International Bank","brand":"台新國際商業銀行","address":"臺北市文山區保儀路9號1、2樓及3樓-1","phone":"+886 2 2938 2323"},"geometry":{"type":"Point","coordinates":[121.568706,24.988612]}},{"type":"Feature","properties":{"id":"osm:node:4099753068","name":"台北富邦商業銀行","category":"bank","nameEn":"Taipei Fubon Bank","brand":"台北富邦商業銀行","address":"臺北市木柵路三段92,94號1樓及96號2樓之1,3樓之1","phone":"+886 2 2939 1035"},"geometry":{"type":"Point","coordinates":[121.567189,24.988454]}},{"type":"Feature","properties":{"id":"osm:node:4102146392","name":"臺灣新光商業銀行","category":"bank","nameEn":"Shin Kong Commercial Bank","brand":"臺灣新光商業銀行","address":"臺北市新生南路一段99號1樓、2樓及101號1樓","phone":"+886 2 8771 9099"},"geometry":{"type":"Point","coordinates":[121.533153,25.040925]}},{"type":"Feature","properties":{"id":"osm:node:4109188791","name":"元大商業銀行","category":"bank","nameEn":"Yuanta Commercial Bank","brand":"元大商業銀行","address":"衡陽路42、44號1樓","phone":"+886 2 2382 2888","wheelchair":"no"},"geometry":{"type":"Point","coordinates":[121.512332,25.042155]}},{"type":"Feature","properties":{"id":"osm:node:4118443957","name":"國泰綜合證券","category":"bank","nameEn":"Cathay Securities","address":"臺北市"},"geometry":{"type":"Point","coordinates":[121.515143,25.044329]}},{"type":"Feature","properties":{"id":"osm:node:4122380591","name":"第一商業銀行","category":"bank","nameEn":"First Commercial Bank","brand":"第一商業銀行","address":"臺北市文山區保儀路9之1號、11號、11之1號及11號2樓之1","phone":"+886 2 2234 5101"},"geometry":{"type":"Point","coordinates":[121.568716,24.988532]}},{"type":"Feature","properties":{"id":"osm:node:4123949892","name":"臺灣銀行","category":"bank","nameEn":"Bank of Taiwan","brand":"臺灣銀行","address":"新北市汐止區大同路二段175號1樓","phone":"+886 2 8692 6822"},"geometry":{"type":"Point","coordinates":[121.65152,25.064295]}},{"type":"Feature","properties":{"id":"osm:node:4123973790","name":"聯邦商業銀行","category":"bank","nameEn":"Union Bank of Taiwan","brand":"聯邦商業銀行","opening_hours":"Mo-Fr 09:00-15:30","address":"新北市汐止區新台五路1段159號1、2樓","phone":"+886 2 8642 5289"},"geometry":{"type":"Point","coordinates":[121.653808,25.062544]}},{"type":"Feature","properties":{"id":"osm:node:4123973791","name":"第一商業銀行","category":"bank","nameEn":"First Commercial Bank","brand":"第一商業銀行","address":"新北市汐止區大同路二段133號、133號2樓","phone":"+886 2 8692 6000"},"geometry":{"type":"Point","coordinates":[121.650813,25.064096]}},{"type":"Feature","properties":{"id":"osm:node:4123973889","name":"國泰世華商業銀行","category":"bank","nameEn":"Cathay United Bank","brand":"國泰世華商業銀行","address":"新北市汐止區大同路二段196號1、2樓","phone":"+886 2 2641 0666","wheelchair":"limited"},"geometry":{"type":"Point","coordinates":[121.653115,25.064595]}},{"type":"Feature","properties":{"id":"osm:node:4123992189","name":"中國信託商業銀行","category":"bank","nameEn":"CTBC Bank","brand":"中國信託商業銀行","address":"新北市汐止區大同路二段210、212、216、218、220號1樓，210、218號2樓","phone":"+886 2 2648 9699"},"geometry":{"type":"Point","coordinates":[121.653688,25.065186]}},{"type":"Feature","properties":{"id":"osm:node:4124790989","name":"永豐商業銀行","category":"bank","nameEn":"Bank SinoPac","brand":"永豐商業銀行","address":"臺北市大同區民生西路286號1樓及地下1樓","phone":"+886 2 2558 0091"},"geometry":{"type":"Point","coordinates":[121.512896,25.05687]}},{"type":"Feature","properties":{"id":"osm:node:4142559392","name":"臺灣銀行","category":"bank","nameEn":"Bank of Taiwan","brand":"臺灣銀行","address":"新北市新店區寶中路45號一、二樓","phone":"+886 2 2918 0795"},"geometry":{"type":"Point","coordinates":[121.545285,24.979445]}},{"type":"Feature","properties":{"id":"osm:node:4143947792","name":"彰化商業銀行","category":"bank","nameEn":"Chang Hwa Bank","brand":"彰化商業銀行","address":"231新北市新店區寶強路9號"},"geometry":{"type":"Point","coordinates":[121.543128,24.979119]}},{"type":"Feature","properties":{"id":"osm:node:4143947793","name":"台新國際商業銀行","category":"bank","nameEn":"Taishin International Bank","brand":"台新國際商業銀行","address":"新北市新店區寶強路23號1-2樓、25號1樓","phone":"+886 2 2912 3988"},"geometry":{"type":"Point","coordinates":[121.543409,24.979197]}},{"type":"Feature","properties":{"id":"osm:node:4143947794","name":"中國信託商業銀行","category":"bank","nameEn":"CTBC Bank","brand":"中國信託商業銀行","address":"新北市新店區寶強路31號1樓、2樓","phone":"+886 2 2912 3366"},"geometry":{"type":"Point","coordinates":[121.543538,24.979246]}},{"type":"Feature","properties":{"id":"osm:node:4143971695","name":"元富證券","category":"bank","nameEn":"MasterLink Securities","address":"231新北市新店區中興路三段134號B1","phone":"+886 2 2917 7888"},"geometry":{"type":"Point","coordinates":[121.544977,24.979484]}},{"type":"Feature","properties":{"id":"osm:node:4147351043","name":"安泰商業銀行","category":"bank","nameEn":"Entie Commercial Bank","brand":"安泰商業銀行","opening_hours":"Mo-Fr 09:00-15:30","address":"新北市板橋區三民路2段38號1樓及地下室1樓","phone":"+886 2 2953 9999","website":"https://www.entiebank.com.tw/"},"geometry":{"type":"Point","coordinates":[121.479021,25.017729]}},{"type":"Feature","properties":{"id":"osm:node:4149564869","name":"聯邦商業銀行","category":"bank","nameEn":"Union Bank of Taiwan","brand":"聯邦商業銀行","address":"台北市羅斯福路三段272號1、2樓及地下1樓","phone":"+886 2 2369 2678","wheelchair":"limited"},"geometry":{"type":"Point","coordinates":[121.531879,25.016779]}},{"type":"Feature","properties":{"id":"osm:node:4149564872","name":"華南商業銀行","category":"bank","nameEn":"Hua Nan Commercial Bank","brand":"華南商業銀行","address":"台北市羅斯福路三段216號1樓、216之1號1樓、216號2樓、216號2樓之1","phone":"+886 2 2362 2141","wheelchair":"no"},"geometry":{"type":"Point","coordinates":[121.529699,25.018884]}},{"type":"Feature","properties":{"id":"osm:node:4149591689","name":"永豐商業銀行","category":"bank","nameEn":"Bank SinoPac","brand":"永豐商業銀行","address":"100臺北市中正區羅斯福路二段170號","wheelchair":"no"},"geometry":{"type":"Point","coordinates":[121.523418,25.025375]}},{"type":"Feature","properties":{"id":"osm:node:4169720694","name":"板信商業銀行","category":"bank","nameEn":"Bank of Panshin","brand":"板信商業銀行","address":"新北市板橋區民權路252、254號1樓、2樓","phone":"+886 2 8965 8998"},"geometry":{"type":"Point","coordinates":[121.458246,25.014875]}},{"type":"Feature","properties":{"id":"osm:node:4198249691","name":"臺灣土地銀行","category":"bank","nameEn":"Land Bank of Taiwan","brand":"臺灣土地銀行","address":"台北市中山區長安東路二段52號","phone":"+886 2 2523 8166"},"geometry":{"type":"Point","coordinates":[121.532557,25.048305]}},{"type":"Feature","properties":{"id":"osm:node:4205229675","name":"玉山商業銀行","category":"bank","nameEn":"E.SUN Commercial Bank","brand":"玉山商業銀行","address":"臺北市中山區復華里復興北路178號1樓、地下1樓","phone":"+886 2 2546 1313"},"geometry":{"type":"Point","coordinates":[121.543861,25.054445]}},{"type":"Feature","properties":{"id":"osm:node:4205229680","name":"第一商業銀行","category":"bank","nameEn":"First Commercial Bank","brand":"第一商業銀行","address":"臺北市大同區承德路一段40號","phone":"+886 2 2555 6231"},"geometry":{"type":"Point","coordinates":[121.516832,25.051051]}},{"type":"Feature","properties":{"id":"osm:node:4205230081","name":"陽信商業銀行","category":"bank","nameEn":"Sunny Commercial Bank","brand":"陽信商業銀行","opening_hours":"Mo-Fr 09:00-15:30","address":"103012臺北市大同區長安西路205號1樓","phone":"+886 2 2559 5500","website":"https://www.sunnybank.com.tw/"},"geometry":{"type":"Point","coordinates":[121.512804,25.051997]}},{"type":"Feature","properties":{"id":"osm:node:4207604629","name":"第一商業銀行","category":"bank","nameEn":"First Commercial Bank","brand":"第一商業銀行","address":"臺北市大安區羅斯福路3段293號、293號2樓","phone":"+886 2 2362 3111","wheelchair":"limited"},"geometry":{"type":"Point","coordinates":[121.531651,25.017679]}},{"type":"Feature","properties":{"id":"osm:node:4231372849","name":"元大寶來證卷","category":"bank","nameEn":"Yuanta securities","address":"臺北市"},"geometry":{"type":"Point","coordinates":[121.561733,25.051235]}},{"type":"Feature","properties":{"id":"osm:node:4231372853","name":"台新國際商業銀行","category":"bank","nameEn":"Taishin International Bank","brand":"台新國際商業銀行","address":"台北市南京東路五段一O八號一、二樓","phone":"+886 2 2528 6188"},"geometry":{"type":"Point","coordinates":[121.562246,25.051235]}},{"type":"Feature","properties":{"id":"osm:node:4269582548","name":"安泰商業銀行","category":"bank","nameEn":"Entie Commercial Bank","brand":"安泰商業銀行","address":"臺北市","wheelchair":"yes"},"geometry":{"type":"Point","coordinates":[121.54371,25.050088]}},{"type":"Feature","properties":{"id":"osm:node:4277798114","name":"合作金庫商業銀行","category":"bank","nameEn":"Taiwan Cooperative Bank","brand":"合作金庫商業銀行","address":"新北市汐止區新台五路一段94之1號1樓","phone":"+886 2 2696 8888"},"geometry":{"type":"Point","coordinates":[121.648594,25.060744]}},{"type":"Feature","properties":{"id":"osm:node:4293261310","name":"臺灣銀行","category":"bank","nameEn":"Bank of Taiwan","brand":"臺灣銀行","address":"臺北市文山區新光路一段145號1.2樓","phone":"+886 2 8661 5115"},"geometry":{"type":"Point","coordinates":[121.573933,24.991875]}},{"type":"Feature","properties":{"id":"osm:node:4298923841","name":"第一商業銀行","category":"bank","nameEn":"First Commercial Bank","brand":"第一商業銀行","address":"臺北市大安區仁愛路四段376號1、2樓","phone":"+886 2 2755 6556"},"geometry":{"type":"Point","coordinates":[121.556013,25.037324]}},{"type":"Feature","properties":{"id":"osm:node:4298940671","name":"凱基商業銀行","category":"bank","nameEn":"KGI Commercial Bank","brand":"凱基商業銀行","address":"臺北市忠孝東路四段270號1、2樓以及272號1樓","phone":"+886 2 2778 1277"},"geometry":{"type":"Point","coordinates":[121.555036,25.041074]}},{"type":"Feature","properties":{"id":"osm:node:4298940673","name":"合作金庫商業銀行","category":"bank","nameEn":"Taiwan Cooperative Bank","brand":"合作金庫商業銀行","opening_hours":"Mo-Fr 09:00-15:30","address":"臺北市大安區忠孝東路四段285號","phone":"+886 2 2771 8811","wheelchair":"yes"},"geometry":{"type":"Point","coordinates":[121.554107,25.041665]}},{"type":"Feature","properties":{"id":"osm:node:4298940676","name":"臺灣新光商業銀行","category":"bank","nameEn":"Shin Kong Commercial Bank","brand":"臺灣新光商業銀行","address":"臺北市延吉街160號1、2樓及地下1樓","phone":"+886 2 2741 0101"},"geometry":{"type":"Point","coordinates":[121.554849,25.039204]}},{"type":"Feature","properties":{"id":"osm:node:4298940682","name":"第一商業銀行","category":"bank","nameEn":"First Commercial Bank","brand":"第一商業銀行","opening_hours":"Mo-Fr 09:00-15:30","address":"臺北市大安區忠孝東路四段289號1、2樓","phone":"+886 2 2731 5741","wheelchair":"no"},"geometry":{"type":"Point","coordinates":[121.554595,25.041607]}},{"type":"Feature","properties":{"id":"osm:node:4298943002","name":"華南商業銀行","category":"bank","nameEn":"Hua Nan Commercial Bank","brand":"華南商業銀行","address":"臺北市忠孝東路四段212號","phone":"+886 2 2773 3577","wheelchair":"yes"},"geometry":{"type":"Point","coordinates":[121.552769,25.041188]}},{"type":"Feature","properties":{"id":"osm:node:4307554209","name":"中國信託商業銀行","category":"bank","nameEn":"CTBC Bank","brand":"中國信託商業銀行","address":"臺北市北投區石牌路二段46號1樓、2樓、3樓","phone":"+886 2 2821 3366","wheelchair":"yes"},"geometry":{"type":"Point","coordinates":[121.515995,25.11581]}},{"type":"Feature","properties":{"id":"osm:node:4307554214","name":"國泰世華商業銀行","category":"bank","nameEn":"Cathay United Bank","brand":"國泰世華商業銀行","address":"台北市北投區石牌路一段188號1、2樓","phone":"+886 2 2828 6779","website":"https://www.nantsan.com.tw/","wheelchair":"yes"},"geometry":{"type":"Point","coordinates":[121.514754,25.114892]}},{"type":"Feature","properties":{"id":"osm:node:4307603552","name":"合作金庫商業銀行","category":"bank","nameEn":"Taiwan Cooperative Bank","brand":"合作金庫商業銀行","address":"臺北市士林區中山北路五段837、839、841、849號1樓","phone":"+886 2 8866 5959"},"geometry":{"type":"Point","coordinates":[121.525456,25.101842]}},{"type":"Feature","properties":{"id":"osm:node:4312629746","name":"第一商業銀行","category":"bank","nameEn":"First Commercial Bank","brand":"第一商業銀行","address":"臺北市內湖區成功路三段143、145號","phone":"+886 2 2793 2311"},"geometry":{"type":"Point","coordinates":[121.590088,25.079614]}},{"type":"Feature","properties":{"id":"osm:node:4316596010","name":"玉山商業銀行","category":"bank","nameEn":"E.SUN Commercial Bank","brand":"玉山商業銀行","opening_hours":"Mo-Fr 09:00-15:30","address":"100001臺北市中正區光復里武昌街一段77號1、2 、4、5樓","phone":"+886 2 2389 1313","wheelchair":"yes"},"geometry":{"type":"Point","coordinates":[121.509727,25.044259]}},{"type":"Feature","properties":{"id":"osm:node:4317096443","name":"臺灣新光商業銀行","category":"bank","nameEn":"Shin Kong Commercial Bank","brand":"臺灣新光商業銀行","opening_hours":"Mo-Fr 09:00-15:30","address":"103016臺北市大同區重慶北路一段73號1樓","phone":"+886 2 2556 7227"},"geometry":{"type":"Point","coordinates":[121.514284,25.052358]}},{"type":"Feature","properties":{"id":"osm:node:4325606004","name":"上海商業儲蓄銀行","category":"bank","nameEn":"Shanghai Commercial and Savings Bank","brand":"上海商業儲蓄銀行","address":"新北市三重區自強路一段105、107號","phone":"+886 2 2982 6111"},"geometry":{"type":"Point","coordinates":[121.495679,25.066489]}},{"type":"Feature","properties":{"id":"osm:node:4325606005","name":"中國信託商業銀行","category":"bank","nameEn":"CTBC Bank","brand":"中國信託商業銀行","address":"新北市三重區正義北路208號地下1樓至2樓,204號1樓,2樓,206號1樓,2樓","phone":"+886 2 2982 8121"},"geometry":{"type":"Point","coordinates":[121.496226,25.067383]}},{"type":"Feature","properties":{"id":"osm:node:4325606009","name":"兆豐國際商業銀行","category":"bank","nameEn":"Mega International Commercial Bank","brand":"兆豐國際商業銀行","address":"新北市三重區重陽路三段99號","phone":"+886 2 2988 4455"},"geometry":{"type":"Point","coordinates":[121.490512,25.068184]}},{"type":"Feature","properties":{"id":"osm:node:4325606013","name":"凱基商業銀行","category":"bank","nameEn":"KGI Commercial Bank","brand":"凱基商業銀行","address":"新北市三重區重陽路三段192號1、2樓及地下1樓、192-1號1、2樓、2樓之1、192-2號1、2樓、192-3號1、2樓、...","phone":"+886 2 2981 2233"},"geometry":{"type":"Point","coordinates":[121.490266,25.068595]}},{"type":"Feature","properties":{"id":"osm:node:4325606015","name":"台北富邦商業銀行","category":"bank","nameEn":"Taipei Fubon Bank","brand":"台北富邦商業銀行","address":"新北市三重區正義北路279號1樓、2樓、2樓之1、5樓之1","phone":"+886 2 2980 6688"},"geometry":{"type":"Point","coordinates":[121.495216,25.070354]}},{"type":"Feature","properties":{"id":"osm:node:4325606016","name":"台新國際商業銀行","category":"bank","nameEn":"Taishin International Bank","brand":"台新國際商業銀行","address":"新北市三重區正義北路112號1~2樓、114號1樓、2樓、4樓、116號樓、2樓、4樓","phone":"+886 2 2983 6100"},"geometry":{"type":"Point","coordinates":[121.496832,25.065278]}},{"type":"Feature","properties":{"id":"osm:node:4325606017","name":"臺灣土地銀行","category":"bank","nameEn":"Land Bank of Taiwan","brand":"臺灣土地銀行","address":"新北市三重區重陽路4段95.97.99號","phone":"+886 2 8982 1919"},"geometry":{"type":"Point","coordinates":[121.492956,25.071369]}},{"type":"Feature","properties":{"id":"osm:node:4325606019","name":"富邦證券","category":"bank"},"geometry":{"type":"Point","coordinates":[121.495163,25.070406]}},{"type":"Feature","properties":{"id":"osm:node:4325606024","name":"板信商業銀行","category":"bank","nameEn":"Bank of Panshin","brand":"板信商業銀行","address":"新北市三重區重陽路四段35號1、2樓","phone":"+886 2 8983 9966"},"geometry":{"type":"Point","coordinates":[121.491679,25.069722]}},{"type":"Feature","properties":{"id":"osm:node:4325606027","name":"永豐商業銀行","category":"bank","nameEn":"Bank SinoPac","brand":"永豐商業銀行","address":"新北市三重區正義北路343、345、347號1、2樓","phone":"+886 2 2981 1335"},"geometry":{"type":"Point","coordinates":[121.493491,25.071822]}},{"type":"Feature","properties":{"id":"osm:node:4325606029","name":"玉山商業銀行","category":"bank","nameEn":"E.SUN Commercial Bank","brand":"玉山商業銀行","address":"新北市三重區正義里正義北路132、134號1、2、3樓","phone":"+886 2 2971 1313"},"geometry":{"type":"Point","coordinates":[121.496691,25.065772]}},{"type":"Feature","properties":{"id":"osm:node:4325606034","name":"聯邦商業銀行","category":"bank","nameEn":"Union Bank of Taiwan","brand":"聯邦商業銀行","address":"新北市三重區正義北路245號、245號2樓、245號2樓之1及247號、247號","phone":"+886 2 2982 6226"},"geometry":{"type":"Point","coordinates":[121.495795,25.069527]}},{"type":"Feature","properties":{"id":"osm:node:4325606035","name":"華南商業銀行","category":"bank","nameEn":"Hua Nan Commercial Bank","brand":"華南商業銀行","address":"新北市三重區龍門路1號","phone":"+886 2 2988 0011"},"geometry":{"type":"Point","coordinates":[121.494901,25.071103]}},{"type":"Feature","properties":{"id":"osm:node:4325693454","name":"合作金庫商業銀行","category":"bank","nameEn":"Taiwan Cooperative Bank","brand":"合作金庫商業銀行","address":"臺北市大安區新生南路一段93號","phone":"+886 2 2777 1888"},"geometry":{"type":"Point","coordinates":[121.533101,25.041396]}},{"type":"Feature","properties":{"id":"osm:node:4325693944","name":"玉山商業銀行","category":"bank","nameEn":"E.SUN Commercial Bank","brand":"玉山商業銀行","address":"臺北市文山區木柵里木柵路三段127、129號","phone":"+886 2 2936 1313"},"geometry":{"type":"Point","coordinates":[121.568521,24.989188]}},{"type":"Feature","properties":{"id":"osm:node:4328118412","name":"兆豐國際商業銀行","category":"bank","nameEn":"Mega International Commercial Bank","brand":"兆豐國際商業銀行","address":"台北巿信義區基隆路二段57,59,61,63,65號1,2樓","phone":"+886 2 2378 8188","wheelchair":"limited"},"geometry":{"type":"Point","coordinates":[121.558407,25.030745]}},{"type":"Feature","properties":{"id":"osm:node:4328118418","name":"台北富邦商業銀行","category":"bank","nameEn":"Taipei Fubon Bank","brand":"台北富邦商業銀行","address":"臺北市信義區市府路45號1樓","phone":"+886 2 8101 8585"},"geometry":{"type":"Point","coordinates":[121.564865,25.03407]}},{"type":"Feature","properties":{"id":"osm:node:4328118421","name":"台新國際商業銀行","category":"bank","nameEn":"Taishin International Bank","brand":"台新國際商業銀行","address":"台北市基隆路二段53,55號及39巷8弄8,10號各1,2樓","phone":"+886 2 2735 2567","wheelchair":"limited"},"geometry":{"type":"Point","coordinates":[121.55847,25.030899]}},{"type":"Feature","properties":{"id":"osm:node:4328118436","name":"永豐商業銀行","category":"bank","nameEn":"Bank SinoPac","brand":"永豐商業銀行","address":"臺北市大安區忠孝東路四段48號1、2樓","phone":"+886 2 2771 7011"},"geometry":{"type":"Point","coordinates":[121.544884,25.041374]}},{"type":"Feature","properties":{"id":"osm:node:4329769303","name":"永豐商業銀行","category":"bank","nameEn":"Bank SinoPac","brand":"永豐商業銀行","address":"台北市萬華區東園街58、58之1號1、2樓","phone":"+886 2 2303 8222"},"geometry":{"type":"Point","coordinates":[121.496176,25.02612]}},{"type":"Feature","properties":{"id":"osm:node:4329769530","name":"臺灣銀行","category":"bank","nameEn":"Bank of Taiwan","brand":"臺灣銀行","opening_hours":"Mo-Fr 09:00-15:30; Sa-Su off","address":"台北市中山區中山北路一段150號一至三樓","phone":"+886 2 2542 3434","wheelchair":"yes"},"geometry":{"type":"Point","coordinates":[121.522196,25.05178]}},{"type":"Feature","properties":{"id":"osm:node:4329769531","name":"臺灣銀行","category":"bank","nameEn":"Bank of Taiwan","brand":"臺灣銀行","address":"台北市北投區中央南路一段152號一至三樓","phone":"+886 2 2895 1200"},"geometry":{"type":"Point","coordinates":[121.50086,25.129634]}},{"type":"Feature","properties":{"id":"osm:node:4331081328","name":"星展（台灣）商業銀行","category":"bank","nameEn":"DBS Bank Taiwan","brand":"星展銀行","opening_hours":"Mo-Sa 09:00-15:30","address":"110501臺北市信義區信義路四段460號1樓、2樓","phone":"+886 2 6633 0208","website":"https://www.dbs.com.tw/personal-zh/default.page","wheelchair":"yes"},"geometry":{"type":"Point","coordinates":[121.558844,25.032787]}},{"type":"Feature","properties":{"id":"osm:node:4331081330","name":"上海商業儲蓄銀行","category":"bank","nameEn":"Shanghai Commercial and Savings Bank","brand":"上海商業儲蓄銀行","address":"臺北市信義路四段275號","phone":"+886 2 2703 7111"},"geometry":{"type":"Point","coordinates":[121.554737,25.033378]}},{"type":"Feature","properties":{"id":"osm:node:4331081334","name":"安泰商業銀行","category":"bank","nameEn":"Entie Commercial Bank","brand":"安泰商業銀行","address":"臺北市大安區信義路四段281號1、2樓及283、285、287號1樓","phone":"+886 2 2704 9999"},"geometry":{"type":"Point","coordinates":[121.554909,25.033373]}},{"type":"Feature","properties":{"id":"osm:node:4331081336","name":"第一商業銀行","category":"bank","nameEn":"First Commercial Bank","brand":"第一商業銀行","address":"臺北市大安區信義路四段382號、382號2樓","phone":"+886 2 2703 6111"},"geometry":{"type":"Point","coordinates":[121.556167,25.032817]}},{"type":"Feature","properties":{"id":"osm:node:4331081361","name":"華南商業銀行","category":"bank","nameEn":"Hua Nan Commercial Bank","brand":"華南商業銀行","opening_hours":"Mo-Sa 08:00-15:30","address":"臺北市信義區信義路四段458號一、二樓","phone":"+886 2 2758 1392","wheelchair":"limited"},"geometry":{"type":"Point","coordinates":[121.558307,25.032745]}},{"type":"Feature","properties":{"id":"osm:node:4340640689","name":"國泰世華商業銀行","category":"bank","nameEn":"Cathay United Bank","brand":"國泰世華商業銀行","address":"臺北市南京東路四段126號1樓","phone":"+886 2 2577 7300"},"geometry":{"type":"Point","coordinates":[121.555471,25.051363]}},{"type":"Feature","properties":{"id":"osm:node:4340640789","name":"台北富邦商業銀行","category":"bank","nameEn":"Taipei Fubon Bank","brand":"台北富邦商業銀行","opening_hours":"Mo-Fr 09:00-15:30","address":"105407臺北市松山區南京東路四段130號1、2樓","phone":"+886 2 2578 9888","website":"https://www.fubon.com/banking/personal/"},"geometry":{"type":"Point","coordinates":[121.555606,25.051351]}},{"type":"Feature","properties":{"id":"osm:node:4344542426","name":"台北富邦商業銀行","category":"bank","nameEn":"Taipei Fubon Bank","brand":"台北富邦商業銀行","opening_hours":"Mo-Fr 09:00-15:30; Sa-Su off; PH off","address":"臺北市長安東路一段36號","phone":"+886 2 25212481"},"geometry":{"type":"Point","coordinates":[121.526571,25.04855]}},{"type":"Feature","properties":{"id":"osm:node:4344542446","name":"第一商業銀行","category":"bank","nameEn":"First Commercial Bank","brand":"第一商業銀行","opening_hours":"Mo-Fr 09:00-15:30; Sa-Su off; PH off","address":"臺北市中山區長安東路一段22號、22號2樓","phone":"+886 2 25368111","website":"https://www.firstbank.com.tw/sites/fcb/1565685278540"},"geometry":{"type":"Point","coordinates":[121.524768,25.048872]}},{"type":"Feature","properties":{"id":"osm:node:4350999595","name":"瑞興商業銀行","category":"bank","nameEn":"Taipei Star Bank","brand":"瑞興商業銀行","opening_hours":"Mo-Fr 09:00-15:30","address":"103008臺北市大同區南京西路145號","phone":"+886 2 2555 8787","website":"https://www.taipeistarbank.com.tw/"},"geometry":{"type":"Point","coordinates":[121.513776,25.054098]}},{"type":"Feature","properties":{"id":"osm:node:4359642409","name":"板橋農會","category":"bank","address":"22044新北市板橋區文化路二段366號","wheelchair":"limited"},"geometry":{"type":"Point","coordinates":[121.47315,25.030591]}},{"type":"Feature","properties":{"id":"osm:node:4360384164","name":"聯邦商業銀行","category":"bank","nameEn":"Union Bank of Taiwan","brand":"聯邦商業銀行","address":"台北市長春路328號、330號、332號、328號2樓、2樓之1、2樓之2及3樓","phone":"+886 2 2545 5588"},"geometry":{"type":"Point","coordinates":[121.540934,25.054556]}},{"type":"Feature","properties":{"id":"osm:node:4378795757","name":"臺灣中小企業銀行","category":"bank","nameEn":"Taiwan Business Bank","brand":"臺灣中小企業銀行","address":"新北市三重區自強路一段232號1-3樓","phone":"+886 2 2982 7171"},"geometry":{"type":"Point","coordinates":[121.493401,25.066934]}},{"type":"Feature","properties":{"id":"osm:node:4384257970","name":"兆豐國際商業銀行","category":"bank","nameEn":"Mega International Commercial Bank","brand":"兆豐國際商業銀行","address":"臺北市南京西路111號1、2樓及113號1、2樓","phone":"+886 2 2556 7515"},"geometry":{"type":"Point","coordinates":[121.515576,25.053959]}},{"type":"Feature","properties":{"id":"osm:node:4384258990","name":"安泰商業銀行","category":"bank","nameEn":"Entie Commercial Bank","brand":"安泰商業銀行","opening_hours":"Mo-Fr 09:00-15:30","address":"103005臺北市大同區南京西路205號1樓","phone":"+886 2 2559 6969","website":"https://www.entiebank.com.tw/"},"geometry":{"type":"Point","coordinates":[121.511256,25.053989]}},{"type":"Feature","properties":{"id":"osm:node:4384258998","name":"彰化商業銀行","category":"bank","nameEn":"Chang Hwa Bank","brand":"彰化商業銀行","address":"臺北市和平東路三段106號、106之1號","phone":"+886 2 3316 9009"},"geometry":{"type":"Point","coordinates":[121.551791,25.024236]}},{"type":"Feature","properties":{"id":"osm:node:4384259004","name":"臺灣新光商業銀行","category":"bank","nameEn":"Shin Kong Commercial Bank","brand":"臺灣新光商業銀行","address":"臺北市中山區建國北路一段90號","phone":"+886 2 2516 7698"},"geometry":{"type":"Point","coordinates":[121.536187,25.049871]}},{"type":"Feature","properties":{"id":"osm:node:4384259033","name":"國泰世華商業銀行","category":"bank","nameEn":"Cathay United Bank","brand":"國泰世華商業銀行","address":"新北市新店區中正路542之4號1樓及542之7號1樓","phone":"+886 2 2218 4881"},"geometry":{"type":"Point","coordinates":[121.533757,24.985774]}},{"type":"Feature","properties":{"id":"osm:node:4384259205","name":"臺灣銀行","category":"bank","nameEn":"Bank of Taiwan","brand":"臺灣銀行","opening_hours":"Mo-Fr 09:00-15:30","address":"103001臺北市大同區南京西路406號一至三及十樓","phone":"+886 2 2552 2859","website":"https://www.bot.com.tw/","wheelchair":"yes"},"geometry":{"type":"Point","coordinates":[121.509842,25.053153]}},{"type":"Feature","properties":{"id":"osm:node:4392484331","name":"台新國際商業銀行","category":"bank","nameEn":"Taishin International Bank","brand":"台新國際商業銀行","opening_hours":"Mo-Fr 09:00-17:00","address":"車前路11之1號、之2號、之3號、之5號、之6號、之7號1樓","phone":"+886 2 2930 3013"},"geometry":{"type":"Point","coordinates":[121.540738,24.991284]}},{"type":"Feature","properties":{"id":"osm:node:4394967289","name":"滙豐（台灣）商業銀行","category":"bank","nameEn":"HSBC Bank Taiwan","brand":"HSBC","opening_hours":"Mo-Fr 09:00-15:30","address":"台北市大安區安和路2段205號1,2樓","phone":"+886 2 6633 6299","website":"https://hsbc.com.tw/"},"geometry":{"type":"Point","coordinates":[121.550228,25.026248]}},{"type":"Feature","properties":{"id":"osm:node:4416201593","name":"內湖區農會","category":"bank","opening_hours":"Mo-Fr 08:30-17:01","address":"114臺北市內湖區內湖路二段334號","phone":"+886 2 2790 0138"},"geometry":{"type":"Point","coordinates":[121.588908,25.081575]}},{"type":"Feature","properties":{"id":"osm:node:4427688096","name":"第一商業銀行","category":"bank","nameEn":"First Commercial Bank","brand":"第一商業銀行","address":"臺北市北投區光明路133號","phone":"+886 2 2891 3921"},"geometry":{"type":"Point","coordinates":[121.502264,25.134646]}},{"type":"Feature","properties":{"id":"osm:node:4435003389","name":"台北富邦商業銀行","category":"bank","nameEn":"Taipei Fubon Bank","brand":"台北富邦商業銀行","address":"臺北市中山區復興北路6號及2號2樓之5","phone":"+886 2 2741 8257"},"geometry":{"type":"Point","coordinates":[121.543663,25.047883]}},{"type":"Feature","properties":{"id":"osm:node:4436271971","name":"臺灣銀行","category":"bank","nameEn":"Bank of Taiwan","brand":"臺灣銀行","address":"新北市三重區重新路四段39號一至三樓及部分地下一樓","phone":"+886 2 2971 9621"},"geometry":{"type":"Point","coordinates":[121.488072,25.057739]}},{"type":"Feature","properties":{"id":"osm:node:4443758497","name":"板信商業銀行","category":"bank","nameEn":"Bank of Panshin","brand":"板信商業銀行","address":"新北市新店區北新路三段17、19、21號1-2樓","phone":"+886 2 2911 5428"},"geometry":{"type":"Point","coordinates":[121.541944,24.979756]}},{"type":"Feature","properties":{"id":"osm:node:4446911295","name":"台中商業銀行","category":"bank","nameEn":"Taichung Bank","brand":"台中商業銀行","address":"新北市三重區中正北路2號、2號2樓、2之3號及2號2樓之3","phone":"+886 2 2987 7878"},"geometry":{"type":"Point","coordinates":[121.489204,25.062998]}},{"type":"Feature","properties":{"id":"osm:node:4446911322","name":"華南商業銀行","category":"bank","nameEn":"Hua Nan Commercial Bank","brand":"華南商業銀行","opening_hours":"Mo-Fr 09:00-15:30","address":"新北市三重區新北大道一段52號","phone":"+886 2 2988 8001"},"geometry":{"type":"Point","coordinates":[121.487544,25.061576]}},{"type":"Feature","properties":{"id":"osm:node:4449757820","name":"合作金庫商業銀行","category":"bank","nameEn":"Taiwan Cooperative Bank","brand":"合作金庫商業銀行","address":"臺北市中山區長安東路一段9號","phone":"+886 2 2563 7181"},"geometry":{"type":"Point","coordinates":[121.522387,25.049761]}},{"type":"Feature","properties":{"id":"osm:node:4452616507","name":"華南商業銀行","category":"bank","nameEn":"Hua Nan Commercial Bank","brand":"華南商業銀行","address":"臺北市長安東路一段18號","phone":"+886 2 2561 1121"},"geometry":{"type":"Point","coordinates":[121.52347,25.049224]}},{"type":"Feature","properties":{"id":"osm:node:4453324598","name":"淡水第一信用合作社","category":"bank","nameEn":"The Tamshui First Credit Cooperative Bank","brand":"淡水第一信用合作社","opening_hours":"Mo-Fr 09:00-15:30","address":"251027新北市淡水區民族路12號","phone":"+886 2 2809 1177","website":"https://www.tfccbank.com.tw/"},"geometry":{"type":"Point","coordinates":[121.460669,25.136616]}},{"type":"Feature","properties":{"id":"osm:node:4455867590","name":"合作金庫商業銀行","category":"bank","nameEn":"Taiwan Cooperative Bank","brand":"合作金庫商業銀行","address":"新北市蘆洲區三民路84號1、2樓","phone":"+886 2 8282 5678"},"geometry":{"type":"Point","coordinates":[121.475042,25.084384]}},{"type":"Feature","properties":{"id":"osm:node:4455867591","name":"彰化商業銀行","category":"bank","nameEn":"Chang Hwa Bank","brand":"彰化商業銀行","address":"新北市蘆洲區三民路86號1、2樓","phone":"+886 2 2285 1000"},"geometry":{"type":"Point","coordinates":[121.474881,25.084537]}},{"type":"Feature","properties":{"id":"osm:node:4456045033","name":"台新國際商業銀行","category":"bank","nameEn":"Taishin International Bank","brand":"台新國際商業銀行","opening_hours":"Mo-Fr 09:00-17:00","address":"10045臺北市中正區重慶南路一段57號","phone":"+886 2 2371 7878","website":"https://www.taishinbank.com.tw/","wheelchair":"limited"},"geometry":{"type":"Point","coordinates":[121.513357,25.044664]}},{"type":"Feature","properties":{"id":"osm:node:4502776765","name":"台北富邦商業銀行","category":"bank","nameEn":"Taipei Fubon Bank","brand":"台北富邦商業銀行","address":"臺北市民權東路三段37號1,2樓","phone":"+886 2 2516 6786"},"geometry":{"type":"Point","coordinates":[121.5423,25.062623]}},{"type":"Feature","properties":{"id":"osm:node:4504820494","name":"第一商業銀行","category":"bank","nameEn":"First Commercial Bank","brand":"第一商業銀行","address":"臺北市松山區復興北路169號一樓、167號2樓之1","phone":"+886 2 2719 2132"},"geometry":{"type":"Point","coordinates":[121.544352,25.054061]}},{"type":"Feature","properties":{"id":"osm:node:4506626126","name":"華南商業銀行","category":"bank","nameEn":"Hua Nan Commercial Bank","brand":"華南商業銀行","address":"臺北市羅斯福路四段1號","phone":"+886 2 2363 1478"},"geometry":{"type":"Point","coordinates":[121.538385,25.014736]}},{"type":"Feature","properties":{"id":"osm:node:4509914289","name":"星展（台灣）商業銀行","category":"bank","nameEn":"DBS Bank Taiwan","brand":"星展銀行","opening_hours":"Mo-Fr 09:00-15:30","address":"106079臺北市大安區光復南路202號1樓、204巷6號1樓、6號之一1樓","phone":"+886 2 6612 8160","website":"https://www.dbs.com.tw/personal-zh/default.page"},"geometry":{"type":"Point","coordinates":[121.557486,25.041922]}},{"type":"Feature","properties":{"id":"osm:node:4509918989","name":"星展（台灣）商業銀行","category":"bank","nameEn":"DBS Bank Taiwan","brand":"星展銀行","opening_hours":"Mo-Fr 09:00-15:30","address":"105410臺北市松山區敦化北路88號1樓","phone":"+886 2 6612 8220","website":"https://www.dbs.com.tw/personal-zh/default.page"},"geometry":{"type":"Point","coordinates":[121.548449,25.051475]}},{"type":"Feature","properties":{"id":"osm:node:4515193494","name":"新加坡大華銀行台北分行","category":"bank","nameEn":"UOB Singapore Bank Taipei Branch","address":"110臺北市信義區忠孝東路五段68號","phone":"+886 2 2722 3838"},"geometry":{"type":"Point","coordinates":[121.566517,25.04067]}},{"type":"Feature","properties":{"id":"osm:node:4520740248","name":"台北富邦商業銀行","category":"bank","nameEn":"Taipei Fubon Bank","brand":"台北富邦商業銀行","opening_hours":"Mo-Fr 09:00-15:30","address":"100231臺北市中正區南海路3之1號1樓及地下1樓","phone":"+886 2 2356 9788","website":"https://www.fubon.com/banking/personal/"},"geometry":{"type":"Point","coordinates":[121.516723,25.032647]}},{"type":"Feature","properties":{"id":"osm:node:4520782325","name":"臺灣銀行","category":"bank","nameEn":"Bank of Taiwan","brand":"臺灣銀行","opening_hours":"Mo-Fr 09:00-15:30","address":"10075臺北市中正區南昌路一段120號","phone":"+886 2 2351 2121","website":"https://www.bot.com.tw/"},"geometry":{"type":"Point","coordinates":[121.518112,25.029799]}},{"type":"Feature","properties":{"id":"osm:node:4520787406","name":"永豐商業銀行","category":"bank","nameEn":"Bank SinoPac","brand":"永豐商業銀行","opening_hours":"Mo-Fr 09:00-15:30","address":"台北市中正區南昌路1段110號1、2樓及地下1樓","phone":"+886 2 2391 7565","website":"https://bank.sinopac.com/"},"geometry":{"type":"Point","coordinates":[121.517921,25.030101]}},{"type":"Feature","properties":{"id":"osm:node:4520787428","name":"安泰商業銀行","category":"bank","nameEn":"Entie Commercial Bank","brand":"安泰商業銀行","opening_hours":"Mo-Fr 09:00-15:30","address":"10075臺北市中正區南昌路一段124號","phone":"+886 2 2351 8050","website":"http://www.entiebank.com.tw/"},"geometry":{"type":"Point","coordinates":[121.518249,25.029686]}},{"type":"Feature","properties":{"id":"osm:node:4520800022","name":"國泰世華商業銀行","category":"bank","nameEn":"Cathay United Bank","brand":"國泰世華商業銀行","address":"臺北市羅斯福路二段5號1樓、5號2樓之2","phone":"+886 2 2322 2777","wheelchair":"no"},"geometry":{"type":"Point","coordinates":[121.521103,25.029297]}},{"type":"Feature","properties":{"id":"osm:node:4524192210","name":"新莊區農會信用部","category":"bank","address":"242008新北市新莊區中正路80號"},"geometry":{"type":"Point","coordinates":[121.458181,25.037807]}},{"type":"Feature","properties":{"id":"osm:node:4524863594","name":"永豐商業銀行","category":"bank","nameEn":"Bank SinoPac","brand":"永豐商業銀行","address":"臺北市松山區八德路四段680號1樓、678號地下之1、678號2樓之3","phone":"+886 2 2761 1331"},"geometry":{"type":"Point","coordinates":[121.576565,25.049841]}},{"type":"Feature","properties":{"id":"osm:node:4524863622","name":"中國信託商業銀行","category":"bank","nameEn":"CTBC Bank","brand":"中國信託商業銀行","address":"臺北市中山區復興北路26號、28號","phone":"+886 2 2778 5881"},"geometry":{"type":"Point","coordinates":[121.543729,25.048841]}},{"type":"Feature","properties":{"id":"osm:node:4524863651","name":"板信商業銀行","category":"bank","nameEn":"Bank of Panshin","brand":"板信商業銀行","address":"臺北市信義區莊敬路196號","phone":"+886 2 2720 8541"},"geometry":{"type":"Point","coordinates":[121.561291,25.030632]}},{"type":"Feature","properties":{"id":"osm:node:4524863712","name":"臺灣銀行","category":"bank","nameEn":"Bank of Taiwan","brand":"臺灣銀行","address":"臺北市松山區敦化北路205號1樓","phone":"+886 2 2545 5111"},"geometry":{"type":"Point","coordinates":[121.549502,25.057355]}},{"type":"Feature","properties":{"id":"osm:node:4524863760","name":"華泰商業銀行","category":"bank","nameEn":"Hwatai Commercial Bank","brand":"華泰商業銀行","address":"臺北市長安西路184、186、188號及180號地下一樓","phone":"+886 2 2555 2175"},"geometry":{"type":"Point","coordinates":[121.515814,25.051071]}},{"type":"Feature","properties":{"id":"osm:node:4524863766","name":"聯邦商業銀行","category":"bank","nameEn":"Union Bank of Taiwan","brand":"聯邦商業銀行","opening_hours":"Mo-Fr 09:00-15:30","address":"臺北市中山北路二段83號1樓","phone":"+886 2 2571 7890","wheelchair":"limited"},"geometry":{"type":"Point","coordinates":[121.523173,25.058674]}},{"type":"Feature","properties":{"id":"osm:node:4524863841","name":"台新國際商業銀行","category":"bank","nameEn":"Taishin International Bank","brand":"台新國際商業銀行","address":"臺北市中山區松江路236號一樓及一樓夾層","phone":"+886 2 2523 7166"},"geometry":{"type":"Point","coordinates":[121.532877,25.059072]}},{"type":"Feature","properties":{"id":"osm:node:4524863857","name":"第一商業銀行","category":"bank","nameEn":"First Commercial Bank","brand":"第一商業銀行","address":"臺北市中山區復興南路一段36-10、11、12、13號","phone":"+886 2 2772 2345"},"geometry":{"type":"Point","coordinates":[121.54359,25.045806]}},{"type":"Feature","properties":{"id":"osm:node:4524863922","name":"永豐商業銀行","category":"bank","nameEn":"Bank SinoPac","brand":"永豐商業銀行","address":"台北市大安區信義路4段252號、256號2樓之1","phone":"+886 2 2705 8322"},"geometry":{"type":"Point","coordinates":[121.553953,25.03288]}},{"type":"Feature","properties":{"id":"osm:node:4524863924","name":"中國信託商業銀行","category":"bank","nameEn":"CTBC Bank","brand":"中國信託商業銀行","address":"臺北市大安區信義路四段236號1樓","phone":"+886 2 2707 9977"},"geometry":{"type":"Point","coordinates":[121.552974,25.032923]}},{"type":"Feature","properties":{"id":"osm:node:4524863925","name":"元大商業銀行","category":"bank","nameEn":"Yuanta Commercial Bank","brand":"元大商業銀行","address":"臺北市信義路四段236之1號1樓","phone":"+886 2 2703 2569"},"geometry":{"type":"Point","coordinates":[121.553146,25.032929]}},{"type":"Feature","properties":{"id":"osm:node:4524863971","name":"華南商業銀行","category":"bank","nameEn":"Hua Nan Commercial Bank","brand":"華南商業銀行","address":"臺北市和平東路二段93號","phone":"+886 2 2700 2405"},"geometry":{"type":"Point","coordinates":[121.53985,25.025594]}},{"type":"Feature","properties":{"id":"osm:node:4524864047","name":"元大商業銀行","category":"bank","nameEn":"Yuanta Commercial Bank","brand":"元大商業銀行","address":"臺北市和平東路一段197之1號、之2號、之3號及和平東路一段197號2樓之1、之2","phone":"+886 2 2343 2233"},"geometry":{"type":"Point","coordinates":[121.534084,25.026367]}},{"type":"Feature","properties":{"id":"osm:node:4524864057","name":"國泰世華商業銀行","category":"bank","nameEn":"Cathay United Bank","brand":"國泰世華商業銀行","address":"臺北市南京東路三段248號1樓、11樓之3、250號1樓","phone":"+886 2 2721 0306"},"geometry":{"type":"Point","coordinates":[121.544499,25.051567]}},{"type":"Feature","properties":{"id":"osm:node:4524864058","name":"台新國際商業銀行","category":"bank","nameEn":"Taishin International Bank","brand":"台新國際商業銀行","address":"臺北市復興北路150號1樓及3樓之2","phone":"+886 2 2713 7666"},"geometry":{"type":"Point","coordinates":[121.543799,25.052766]}},{"type":"Feature","properties":{"id":"osm:node:4524864069","name":"彰化商業銀行","category":"bank","nameEn":"Chang Hwa Bank","brand":"彰化商業銀行","opening_hours":"Mo-Fr 09:00-15:30","address":"臺北市中山區中山北路二段111號","phone":"+886 2 2571 1241","wheelchair":"no"},"geometry":{"type":"Point","coordinates":[121.523233,25.060229]}},{"type":"Feature","properties":{"id":"osm:node:4524864070","name":"國泰世華商業銀行","category":"bank","nameEn":"Cathay United Bank","brand":"國泰世華商業銀行","address":"臺北市中山北路三段47號1樓、地下1樓","phone":"+886 2 2591 7585","wheelchair":"no"},"geometry":{"type":"Point","coordinates":[121.52264,25.066548]}},{"type":"Feature","properties":{"id":"osm:node:4524864144","name":"華南商業銀行","category":"bank","nameEn":"Hua Nan Commercial Bank","brand":"華南商業銀行","opening_hours":"Mo-Fr 09:00-15:30","address":"103006臺北市大同區延平北路二段96號","phone":"+886 2 2555 6281","website":"https://www.hncb.com.tw/","wheelchair":"limited"},"geometry":{"type":"Point","coordinates":[121.511465,25.056353]}},{"type":"Feature","properties":{"id":"osm:node:4524864186","name":"元大商業銀行","category":"bank","nameEn":"Yuanta Commercial Bank","brand":"元大商業銀行","address":"臺北市中正區寶慶路69號及69號5樓","phone":"+886 2 2388 2768","wheelchair":"limited"},"geometry":{"type":"Point","coordinates":[121.509062,25.041962]}},{"type":"Feature","properties":{"id":"osm:node:4524864531","name":"玉山商業銀行","category":"bank","nameEn":"E.SUN Commercial Bank","brand":"玉山商業銀行","address":"臺北市大安區敦化南路一段337號3樓及339號1~3樓","phone":"+886 2 2754 1313"},"geometry":{"type":"Point","coordinates":[121.549176,25.033479]}},{"type":"Feature","properties":{"id":"osm:node:4524864532","name":"星展（台灣）商業銀行","category":"bank","nameEn":"DBS Bank Taiwan","brand":"星展銀行","opening_hours":"Mo-Fr 09:00-15:30","address":"106臺北市大安區信義路四段117號1樓及敦化南路一段376號1樓","phone":"+886 2 6633 0708","website":"https://www.dbs.com.tw/personal-zh/default.page"},"geometry":{"type":"Point","coordinates":[121.548388,25.033478]}},{"type":"Feature","properties":{"id":"osm:node:4524864569","name":"國泰世華商業銀行","category":"bank","nameEn":"Cathay United Bank","brand":"國泰世華商業銀行","opening_hours":"Mo-Fr 09:00-15:30","address":"臺北市忠孝東路四段293號1,3樓、3樓之1、3樓之2、7樓、7樓之3、7樓之4、B1","phone":"+886 2 2772 1252","wheelchair":"yes"},"geometry":{"type":"Point","coordinates":[121.554955,25.041597]}},{"type":"Feature","properties":{"id":"osm:node:4530241789","name":"上海商業儲蓄銀行","category":"bank","nameEn":"Shanghai Commercial and Savings Bank","brand":"上海商業儲蓄銀行","address":"新北市土城區金城路三段50號","phone":"+886 2 2263 6111"},"geometry":{"type":"Point","coordinates":[121.465854,24.986473]}},{"type":"Feature","properties":{"id":"osm:node:4530241790","name":"中國信託商業銀行","category":"bank","nameEn":"CTBC Bank","brand":"中國信託商業銀行","address":"新北市土城區金城路3段14號1、2樓、16號1、2樓","phone":"+886 2 2260 1177"},"geometry":{"type":"Point","coordinates":[121.465031,24.986031]}},{"type":"Feature","properties":{"id":"osm:node:4538275041","name":"臺灣土地銀行","category":"bank","nameEn":"Land Bank of Taiwan","brand":"臺灣土地銀行","address":"新北市永和區竹林路33號","phone":"+886 2 2927 0511"},"geometry":{"type":"Point","coordinates":[121.517614,25.014527]}},{"type":"Feature","properties":{"id":"osm:node:4590114390","name":"臺灣土地銀行","category":"bank","nameEn":"Land Bank of Taiwan","brand":"臺灣土地銀行","opening_hours":"09:00-15:30","address":"新北市中和區景平路323號","phone":"+886 2 2946 1123"},"geometry":{"type":"Point","coordinates":[121.505913,24.993227]}},{"type":"Feature","properties":{"id":"osm:node:4633698189","name":"中國信託商業銀行","category":"bank","nameEn":"CTBC Bank","brand":"中國信託商業銀行","address":"台北市大同區承德路一段17號1至6樓","phone":"+886 2 2556 2088","wheelchair":"yes"},"geometry":{"type":"Point","coordinates":[121.517099,25.050148]}},{"type":"Feature","properties":{"id":"osm:node:4633732690","name":"合作金庫商業銀行","category":"bank","nameEn":"Taiwan Cooperative Bank","brand":"合作金庫商業銀行","address":"臺北市中正區羅斯福路一段97號1、2樓","phone":"+886 2 2396 6363","wheelchair":"no"},"geometry":{"type":"Point","coordinates":[121.519959,25.030866]}},{"type":"Feature","properties":{"id":"osm:node:4637470332","name":"臺灣銀行","category":"bank","nameEn":"Bank of Taiwan","address":"新北市蘆洲區三民路50號1、2樓及部分地下一樓","phone":"+886 2 8286 8686"},"geometry":{"type":"Point","coordinates":[121.475534,25.083455]}},{"type":"Feature","properties":{"id":"osm:node:469558864","name":"台北富邦商業銀行","category":"bank","nameEn":"Taipei Fubon Bank","brand":"台北富邦商業銀行","address":"台北市羅斯福路三段100號1樓之19、1樓之20","phone":"+886 2 2365 0381","wheelchair":"yes"},"geometry":{"type":"Point","coordinates":[121.527309,25.021111]}},{"type":"Feature","properties":{"id":"osm:node:469558865","name":"合作金庫商業銀行","category":"bank","nameEn":"Taiwan Cooperative Bank","brand":"合作金庫商業銀行","address":"台北市大安區和平東路一段63、65、69號1樓","phone":"+886 2 2394 9205","wheelchair":"yes"},"geometry":{"type":"Point","coordinates":[121.524456,25.027168]}},{"type":"Feature","properties":{"id":"osm:node:4707069896","name":"遠東國際商業銀行","category":"bank","nameEn":"Far Eastern International Bank","brand":"遠東國際商業銀行","address":"臺北市"},"geometry":{"type":"Point","coordinates":[121.523857,25.064857]}},{"type":"Feature","properties":{"id":"osm:node:4718774592","name":"玉山商業銀行","category":"bank","nameEn":"E.SUN Commercial Bank","brand":"玉山商業銀行","address":"臺北市大同區太原路117號、119號、117號2樓及117號2樓之1","phone":"+886 2 2556 1313"},"geometry":{"type":"Point","coordinates":[121.516035,25.05274]}},{"type":"Feature","properties":{"id":"osm:node:4723409585","name":"中國信託商業銀行","category":"bank","nameEn":"CTBC Bank","brand":"中國信託商業銀行","address":"台北市內湖區成功路五段460號","phone":"+886 2 2631 2288"},"geometry":{"type":"Point","coordinates":[121.606353,25.073609]}},{"type":"Feature","properties":{"id":"osm:node:4723409586","name":"臺灣銀行","category":"bank","nameEn":"Bank of Taiwan","brand":"臺灣銀行","address":"臺北市內湖區成功路五段458號1樓","phone":"+886 2 2630 5768"},"geometry":{"type":"Point","coordinates":[121.606513,25.074015]}},{"type":"Feature","properties":{"id":"osm:node:4723409587","name":"華南商業銀行","category":"bank","nameEn":"Hua Nan Commercial Bank","brand":"華南商業銀行","address":"臺北市內湖區成功路五段456號1樓","phone":"+886 2 2631 5550"},"geometry":{"type":"Point","coordinates":[121.60661,25.074155]}},{"type":"Feature","properties":{"id":"osm:node:4723409588","name":"台新國際商業銀行","category":"bank","nameEn":"Taishin International Bank","brand":"台新國際商業銀行","address":"臺北市內湖區成功路五段452-1號","phone":"+886 2 2630 5678"},"geometry":{"type":"Point","coordinates":[121.606795,25.074406]}},{"type":"Feature","properties":{"id":"osm:node:4723410289","name":"國泰世華商業銀行","category":"bank","nameEn":"Cathay United Bank","brand":"國泰世華商業銀行","address":"臺北市內湖區區成功路五段452號1樓","phone":"+886 2 2631 9986"},"geometry":{"type":"Point","coordinates":[121.606901,25.074554]}},{"type":"Feature","properties":{"id":"osm:node:4734289516","name":"聯邦商業銀行","category":"bank","nameEn":"Union Bank of Taiwan","brand":"聯邦商業銀行","address":"新北市中和區建一路150號、150號2樓","phone":"+886 2 8226 5168","wheelchair":"yes"},"geometry":{"type":"Point","coordinates":[121.487867,24.998468]}},{"type":"Feature","properties":{"id":"osm:node:4739219837","name":"玉山商業銀行","category":"bank","nameEn":"E.SUN Commercial Bank","brand":"玉山商業銀行","address":"114台北市內湖區金湖路421號"},"geometry":{"type":"Point","coordinates":[121.605064,25.07329]}},{"type":"Feature","properties":{"id":"osm:node:4739219838","name":"遠東國際商業銀行","category":"bank","nameEn":"Far Eastern International Bank","brand":"遠東國際商業銀行","address":"臺北市民權東路六段495號1樓","phone":"+886 2 2630 5788"},"geometry":{"type":"Point","coordinates":[121.605106,25.073223]}},{"type":"Feature","properties":{"id":"osm:node:4772684224","name":"安泰商業銀行","category":"bank","nameEn":"Entie Commercial Bank","brand":"安泰商業銀行","opening_hours":"Mo-Fr 09:00-15:30","address":"114066臺北市內湖區內湖路一段298號一樓"},"geometry":{"type":"Point","coordinates":[121.568502,25.081661]}},{"type":"Feature","properties":{"id":"osm:node:4782155788","name":"陽信商業銀行","category":"bank","nameEn":"Sunny Commercial Bank","brand":"陽信商業銀行","address":"臺北市士林區延平北路五段260、262號","phone":"+886 2 2812 1112"},"geometry":{"type":"Point","coordinates":[121.509874,25.085003]}},{"type":"Feature","properties":{"id":"osm:node:4782155799","name":"台北富邦商業銀行","category":"bank","nameEn":"Taipei Fubon Bank","brand":"台北富邦商業銀行","address":"臺北市士林區延平北路五段225號1、2、3、4樓","phone":"+886 2 2816 8585"},"geometry":{"type":"Point","coordinates":[121.509768,25.08415]}},{"type":"Feature","properties":{"id":"osm:node:4782156366","name":"華泰商業銀行","category":"bank","nameEn":"Hwatai Commercial Bank","brand":"華泰商業銀行","address":"臺北市士林區延平北路五段237、239號1、2樓","phone":"+886 2 2816 0633"},"geometry":{"type":"Point","coordinates":[121.509726,25.084504]}},{"type":"Feature","properties":{"id":"osm:node:4783925181","name":"臺灣中小企業銀行","category":"bank","nameEn":"Taiwan Business Bank","brand":"臺灣中小企業銀行","address":"臺北市士林區中正路601號","phone":"+886 2 2811 7171"},"geometry":{"type":"Point","coordinates":[121.509874,25.086471]}},{"type":"Feature","properties":{"id":"osm:node:4784222287","name":"國泰世華商業銀行","category":"bank","nameEn":"Cathay United Bank","brand":"國泰世華商業銀行","address":"臺北市士林區忠誠路二段247號1、2、3樓","phone":"+886 2 2873 6556"},"geometry":{"type":"Point","coordinates":[121.53493,25.117892]}},{"type":"Feature","properties":{"id":"osm:node:4784222288","name":"永豐商業銀行","category":"bank","nameEn":"Bank SinoPac","brand":"永豐商業銀行","address":"臺北市天母東路70、72號1、2樓及忠誠路二段249號1、2樓","phone":"+886 2 2872 1177"},"geometry":{"type":"Point","coordinates":[121.535079,25.117954]}},{"type":"Feature","properties":{"id":"osm:node:4787373522","name":"國泰世華商業銀行","category":"bank","nameEn":"Cathay United Bank","brand":"國泰世華商業銀行","address":"臺北市內湖區陽光街292號1樓","phone":"+886 2 2658 0608"},"geometry":{"type":"Point","coordinates":[121.575592,25.072886]}},{"type":"Feature","properties":{"id":"osm:node:4787374222","name":"台新國際商業銀行","category":"bank","nameEn":"Taishin International Bank","brand":"台新國際商業銀行","address":"臺北市"},"geometry":{"type":"Point","coordinates":[121.573897,25.072873]}},{"type":"Feature","properties":{"id":"osm:node:4796439022","name":"玉山商業銀行","category":"bank","nameEn":"E.SUN Commercial Bank","brand":"玉山商業銀行","address":"新北市板橋區鄉雲里遠東路5號1樓","phone":"+886 2 8952 1313"},"geometry":{"type":"Point","coordinates":[121.457162,24.998313]}},{"type":"Feature","properties":{"id":"osm:node:4797813521","name":"元大商業銀行","category":"bank","nameEn":"Yuanta Commercial Bank","brand":"元大商業銀行","address":"臺北市"},"geometry":{"type":"Point","coordinates":[121.549251,25.040504]}},{"type":"Feature","properties":{"id":"osm:node:4800471222","name":"永豐商業銀行","category":"bank","nameEn":"Bank SinoPac","brand":"永豐商業銀行","address":"臺北市內湖區瑞光路412號1樓及408號2樓之3","phone":"+886 2 8797 6633"},"geometry":{"type":"Point","coordinates":[121.570274,25.078148]}},{"type":"Feature","properties":{"id":"osm:node:4810840726","name":"元大商業銀行","category":"bank","nameEn":"Yuanta Commercial Bank","brand":"元大商業銀行","address":"臺北市北投區北投路二段35號","phone":"+886 2 2898 2121"},"geometry":{"type":"Point","coordinates":[121.497536,25.13154]}},{"type":"Feature","properties":{"id":"osm:node:4810841229","name":"國泰世華商業銀行","category":"bank","nameEn":"Cathay United Bank","brand":"國泰世華商業銀行","address":"臺北市北投區中央南路一段150號1、2樓及地下1樓","phone":"+886 2 2896 0399"},"geometry":{"type":"Point","coordinates":[121.500932,25.130093]}},{"type":"Feature","properties":{"id":"osm:node:4812703722","name":"聯邦商業銀行","category":"bank","nameEn":"Union Bank of Taiwan","brand":"聯邦商業銀行","opening_hours":"Mo-Fr 09:00-16:00","address":"台北市中央北路1段68號1、2樓","phone":"+886 2 2896 6333","website":"https://www.ubot.com.tw/"},"geometry":{"type":"Point","coordinates":[121.500444,25.134286]}},{"type":"Feature","properties":{"id":"osm:node:4825820836","name":"兆豐國際商業銀行","category":"bank","nameEn":"Mega International Commercial Bank","brand":"兆豐國際商業銀行","address":"臺北市信義區基隆路一段333號1樓","phone":"+886 2 2720 3566"},"geometry":{"type":"Point","coordinates":[121.561163,25.034599]}},{"type":"Feature","properties":{"id":"osm:node:4825820837","name":"臺灣土地銀行","category":"bank","nameEn":"Land Bank of Taiwan","brand":"臺灣土地銀行","address":"臺北市"},"geometry":{"type":"Point","coordinates":[121.560939,25.034383]}},{"type":"Feature","properties":{"id":"osm:node:4825820838","name":"臺灣銀行","category":"bank","nameEn":"Bank of Taiwan","brand":"臺灣銀行","address":"臺北市信義區基隆路一段333號3樓","phone":"+886 2 2720 0315"},"geometry":{"type":"Point","coordinates":[121.56123,25.034602]}},{"type":"Feature","properties":{"id":"osm:node:4834761216","name":"安泰商業銀行","category":"bank","nameEn":"Entie Commercial Bank","brand":"安泰商業銀行","address":"台北市文山區興隆路三段11號1、2、3樓","phone":"+886 2 8663 2599"},"geometry":{"type":"Point","coordinates":[121.555068,25.000847]}},{"type":"Feature","properties":{"id":"osm:node:4836631395","name":"國泰世華商業銀行","category":"bank","nameEn":"Cathay United Bank","brand":"國泰世華商業銀行","opening_hours":"Mo-Fr 09:00-15:30","address":"106677臺北市大安區信義路三段9號、9號地下一樓及9號地下二樓","phone":"+886 2 2703 8879","website":"https://www.cathaybk.com.tw/"},"geometry":{"type":"Point","coordinates":[121.533582,25.033903]}},{"type":"Feature","properties":{"id":"osm:node:4836651015","name":"陽信商業銀行","category":"bank","nameEn":"Sunny Commercial Bank","brand":"陽信商業銀行","address":"臺北市北投區光明路152、154、156號","phone":"+886 2 2891 7361"},"geometry":{"type":"Point","coordinates":[121.50256,25.134633]}},{"type":"Feature","properties":{"id":"osm:node:4836785381","name":"國泰世華商業銀行","category":"bank","nameEn":"Cathay United Bank","brand":"國泰世華商業銀行","opening_hours":"09:00-15:30","address":"新北市三重區重新路4段87號1樓、2樓","phone":"+886 2 2972 3329"},"geometry":{"type":"Point","coordinates":[121.486088,25.055769]}},{"type":"Feature","properties":{"id":"osm:node:4837986374","name":"臺灣銀行","category":"bank","nameEn":"Bank of Taiwan","brand":"臺灣銀行","opening_hours":"Mo-Fr 09:00-15:30; Sa,Su,PH off","address":"臺北市松山區南京東路五段184號一樓、188號2樓之8、188號2樓之9","phone":"+886 2 2769 8618","wheelchair":"yes"},"geometry":{"type":"Point","coordinates":[121.563626,25.051111]}},{"type":"Feature","properties":{"id":"osm:node:4837986385","name":"渣打國際商業銀行","category":"bank","nameEn":"Standard Chartered Taiwan","brand":"渣打國際商業銀行","address":"臺北市仁愛路四段1號1樓","phone":"+886 2 6636 3700"},"geometry":{"type":"Point","coordinates":[121.543917,25.038307]}},{"type":"Feature","properties":{"id":"osm:node:4837986410","name":"玉山商業銀行","category":"bank","nameEn":"E.SUN Commercial Bank","brand":"玉山商業銀行","address":"臺北市松山區民生東路三段115號5樓","phone":"+886 2 2175 1313"},"geometry":{"type":"Point","coordinates":[121.546489,25.058033]}},{"type":"Feature","properties":{"id":"osm:node:4837986426","name":"聯邦商業銀行","category":"bank","nameEn":"Union Bank of Taiwan","brand":"聯邦商業銀行","address":"台北市大安區和平東路3段68-2、68-3、68-4、68-5號1、2樓","phone":"+886 2 2735 2828"},"geometry":{"type":"Point","coordinates":[121.550189,25.024346]}},{"type":"Feature","properties":{"id":"osm:node:4837986474","name":"第一商業銀行","category":"bank","nameEn":"First Commercial Bank","brand":"第一商業銀行","address":"臺北市大安區復興南路一段368、368-1、370號","phone":"+886 2 2755 7241"},"geometry":{"type":"Point","coordinates":[121.543305,25.034955]}},{"type":"Feature","properties":{"id":"osm:node:4837986530","name":"華南商業銀行","category":"bank","nameEn":"Hua Nan Commercial Bank","brand":"華南商業銀行","address":"臺北市敦化南路二段107號1樓","phone":"+886 2 2701 0900"},"geometry":{"type":"Point","coordinates":[121.549169,25.028261]}},{"type":"Feature","properties":{"id":"osm:node:4837986543","name":"陽信商業銀行","category":"bank","nameEn":"Sunny Commercial Bank","brand":"陽信商業銀行","address":"臺北市大安區信義路四段188號","phone":"+886 2 2706 8388"},"geometry":{"type":"Point","coordinates":[121.551889,25.032944]}},{"type":"Feature","properties":{"id":"osm:node:4837986544","name":"第一商業銀行","category":"bank","nameEn":"First Commercial Bank","brand":"第一商業銀行","address":"臺北市大安區信義路四段184號1、2樓及地下一樓","phone":"+886 2 2325 6000"},"geometry":{"type":"Point","coordinates":[121.551423,25.032979]}},{"type":"Feature","properties":{"id":"osm:node:4837986590","name":"國泰世華商業銀行","category":"bank","nameEn":"Cathay United Bank","brand":"國泰世華商業銀行","address":"臺北市信義路三段149號1、2樓及地下1樓","phone":"+886 2 2325 5989"},"geometry":{"type":"Point","coordinates":[121.542114,25.033603]}},{"type":"Feature","properties":{"id":"osm:node:4838086677","name":"渣打國際商業銀行","category":"bank","nameEn":"Standard Chartered Taiwan","brand":"渣打國際商業銀行","opening_hours":"Mo-Fr 09:00-15:30","address":"臺北市中山北路二段136、138、138-1號1樓及2樓","phone":"+886 2 6619 7200","wheelchair":"yes"},"geometry":{"type":"Point","coordinates":[121.522469,25.062066]}},{"type":"Feature","properties":{"id":"osm:node:4838086689","name":"板信商業銀行","category":"bank","nameEn":"Bank of Panshin","brand":"板信商業銀行","address":"臺北市大同區民權西路136號1-2樓","phone":"+886 2 2557 5818"},"geometry":{"type":"Point","coordinates":[121.516324,25.062715]}},{"type":"Feature","properties":{"id":"osm:node:4838086703","name":"台北富邦商業銀行","category":"bank","nameEn":"Taipei Fubon Bank","brand":"台北富邦商業銀行","address":"臺北市中山北路二段162號","phone":"+886 2 2596 3171"},"geometry":{"type":"Point","coordinates":[121.522106,25.063239]}},{"type":"Feature","properties":{"id":"osm:node:4838086711","name":"臺灣銀行","category":"bank","nameEn":"Bank of Taiwan","brand":"臺灣銀行","address":"臺北市中正區貴陽街一段120號","phone":"+886 2 2361 5421"},"geometry":{"type":"Point","coordinates":[121.508347,25.038921]}},{"type":"Feature","properties":{"id":"osm:node:4838087651","name":"第一商業銀行","category":"bank","nameEn":"First Commercial Bank","brand":"第一商業銀行","address":"臺北市萬華區西寧南路52號","phone":"+886 2 2311 9111","wheelchair":"limited"},"geometry":{"type":"Point","coordinates":[121.506217,25.044213]}},{"type":"Feature","properties":{"id":"osm:node:4838087693","name":"凱基商業銀行","category":"bank","nameEn":"KGI Commercial Bank","brand":"凱基商業銀行","address":"臺北市承德路一段70號一、二樓及地下一樓","phone":"+886 2 2555 7777"},"geometry":{"type":"Point","coordinates":[121.517092,25.052278]}},{"type":"Feature","properties":{"id":"osm:node:4838087714","name":"兆豐國際商業銀行","category":"bank","nameEn":"Mega International Commercial Bank","brand":"兆豐國際商業銀行","opening_hours":"Mo-Fr 09:00-15:30","address":"103601臺北市大同區西寧北路62之5號","phone":"+886 2 2552 3216","website":"https://www.megabank.com.tw/"},"geometry":{"type":"Point","coordinates":[121.508483,25.053034]}},{"type":"Feature","properties":{"id":"osm:node:4838087716","name":"合作金庫商業銀行","category":"bank","nameEn":"Taiwan Cooperative Bank","brand":"合作金庫商業銀行","opening_hours":"Mo-Fr 09:00-15:30","address":"103002臺北市大同區南京西路301號","phone":"+886 2 2555 4111","website":"https://www.tcb-bank.com.tw/"},"geometry":{"type":"Point","coordinates":[121.508583,25.053602]}},{"type":"Feature","properties":{"id":"osm:node:4838087760","name":"瑞興商業銀行","category":"bank","nameEn":"Taipei Star Bank","brand":"瑞興商業銀行","address":"台北市延平北路三段19號.19之1號.19之2號.19之3號","phone":"+886 2 2591 7114"},"geometry":{"type":"Point","coordinates":[121.511293,25.06396]}},{"type":"Feature","properties":{"id":"osm:node:4838106346","name":"兆豐國際商業銀行","category":"bank","nameEn":"Mega International Commercial Bank","brand":"兆豐國際商業銀行","address":"新北市板橋區南雅南路二段148號","phone":"+886 2 8966 3303"},"geometry":{"type":"Point","coordinates":[121.45161,24.995952]}},{"type":"Feature","properties":{"id":"osm:node:4900728600","name":"星展（台灣）商業銀行","category":"bank","nameEn":"DBS Bank Taiwan","brand":"星展銀行","opening_hours":"Mo-Fr 09:00-15:30","address":"241512新北市三重區重陽路一段78號1樓、2樓及2樓之1","phone":"+886 2 6613 7558","website":"https://www.dbs.com.tw/personal-zh/default.page"},"geometry":{"type":"Point","coordinates":[121.486491,25.058981]}},{"type":"Feature","properties":{"id":"osm:node:4900728601","name":"國泰世華商業銀行","category":"bank","nameEn":"Cathay United Bank","brand":"國泰世華商業銀行","address":"新北市三重區重陽路2段29號1、2、3樓及地下1樓","phone":"+886 2 2982 2101"},"geometry":{"type":"Point","coordinates":[121.487152,25.062781]}},{"type":"Feature","properties":{"id":"osm:node:4928425284","name":"星展（台灣）商業銀行","category":"bank","nameEn":"DBS Bank Taiwan","brand":"星展銀行","opening_hours":"Mo-Fr 09:00-15:30","address":"104091臺北市中山區南京東路二段66號1、2樓及地下1樓","phone":"+886 2 6613 9308","website":"https://www.dbs.com.tw/personal-zh/default.page","wheelchair":"yes"},"geometry":{"type":"Point","coordinates":[121.530358,25.051833]}},{"type":"Feature","properties":{"id":"osm:node:4978451934","name":"台北富邦商業銀行","category":"bank","nameEn":"Taipei Fubon Bank","brand":"台北富邦商業銀行","opening_hours":"Mo-Fr 09:00-15:30","address":"台北市仁愛路四段37號","phone":"+886 2 2731 2333"},"geometry":{"type":"Point","coordinates":[121.546219,25.038199]}},{"type":"Feature","properties":{"id":"osm:node:4978451936","name":"彰化商業銀行","category":"bank","nameEn":"Chang Hwa Bank","brand":"彰化商業銀行","opening_hours":"Mo-Fr 09:00-15:30","address":"臺北市大安區仁愛路四段31、31-1號","phone":"+886 2 2751 4066"},"geometry":{"type":"Point","coordinates":[121.545716,25.038205]}},{"type":"Feature","properties":{"id":"osm:node:4982420975","name":"華南商業銀行","category":"bank","nameEn":"Hua Nan Commercial Bank","brand":"華南商業銀行","opening_hours":"Mo-Fr 09:00-15:30","address":"新北市新莊區新北大道二段219號1、2樓","phone":"+886 2 8521 8788"},"geometry":{"type":"Point","coordinates":[121.46253,25.06058]}},{"type":"Feature","properties":{"id":"osm:node:5049746823","name":"台北富邦商業銀行","category":"bank","nameEn":"Taipei Fubon Bank","brand":"台北富邦商業銀行","opening_hours":"Mo-Fr 09:00-15:30","address":"台北市北投區中央北路一段2號1、2樓及B1","phone":"+886 2 2891 5533","website":"https://www.fubon.com/banking/personal/index.htm"},"geometry":{"type":"Point","coordinates":[121.501423,25.133633]}},{"type":"Feature","properties":{"id":"osm:node:5052921358","name":"陽信商業銀行","category":"bank","nameEn":"Sunny Commercial Bank","brand":"陽信商業銀行","address":"台北市民生東路1段43號","phone":"+886 2 2563 3710"},"geometry":{"type":"Point","coordinates":[121.525967,25.058154]}},{"type":"Feature","properties":{"id":"osm:node:5095512231","name":"華泰商業銀行","category":"bank","nameEn":"Hwatai Commercial Bank","brand":"華泰商業銀行","opening_hours":"Mo-Fr 09:00-15:30","address":"108016臺北市萬華區西園路一段124號1樓","phone":"+886 2 2302 7332","wheelchair":"limited"},"geometry":{"type":"Point","coordinates":[121.499529,25.038098]}},{"type":"Feature","properties":{"id":"osm:node:5095512248","name":"臺灣中小企業銀行","category":"bank","nameEn":"Taiwan Business Bank","brand":"臺灣中小企業銀行","address":"臺北市萬華區廣州街146號1,2,3樓","phone":"+886 2 2338 7171"},"geometry":{"type":"Point","coordinates":[121.500673,25.036539]}},{"type":"Feature","properties":{"id":"osm:node:5095512254","name":"臺灣新光商業銀行","category":"bank","nameEn":"Shin Kong Commercial Bank","brand":"臺灣新光商業銀行","address":"臺北市康定路207號","phone":"+886 2 2302 3531"},"geometry":{"type":"Point","coordinates":[121.501468,25.035875]}},{"type":"Feature","properties":{"id":"osm:node:5102652122","name":"瑞興商業銀行","category":"bank","nameEn":"Taipei Star Bank","brand":"瑞興商業銀行","address":"臺北市長安東路二段110號","phone":"+886 2 2506 9277"},"geometry":{"type":"Point","coordinates":[121.535311,25.048269]}},{"type":"Feature","properties":{"id":"osm:node:5103114221","name":"合作金庫商業銀行","category":"bank","nameEn":"Taiwan Cooperative Bank","brand":"合作金庫商業銀行","opening_hours":"Mo-Fr 09:00-15:30","address":"臺北市松山區南京東路四段16號1樓","phone":"+886 2 2579 8811"},"geometry":{"type":"Point","coordinates":[121.553005,25.051219]}},{"type":"Feature","properties":{"id":"osm:node:5103114421","name":"星展（台灣）商業銀行","category":"bank","nameEn":"DBS Bank Taiwan","brand":"星展銀行","opening_hours":"Mo-Fr 09:00-15:30","address":"105411臺北市松山區南京東路四段16號地下一樓B1室及18號1樓B1、B2室","phone":"+886 2 6633 0858","website":"https://www.dbs.com.tw/personal-zh/default.page","wheelchair":"yes"},"geometry":{"type":"Point","coordinates":[121.553161,25.051307]}},{"type":"Feature","properties":{"id":"osm:node:5108706582","name":"星展（台灣）商業銀行","category":"bank","nameEn":"DBS Bank Taiwan","brand":"星展銀行","opening_hours":"Mo-Fr 09:00-15:30","address":"231023新北市新店區民權路65號1樓","phone":"+886 2 6612 4652","website":"https://www.dbs.com.tw/personal-zh/default.page","wheelchair":"yes"},"geometry":{"type":"Point","coordinates":[121.539179,24.982673]}},{"type":"Feature","properties":{"id":"osm:node:5108706585","name":"板信商業銀行","category":"bank","nameEn":"Bank of Panshin","brand":"板信商業銀行","address":"新北市新店區民權路60號一樓及地下室","phone":"+886 2 8911 3377"},"geometry":{"type":"Point","coordinates":[121.538689,24.983066]}},{"type":"Feature","properties":{"id":"osm:node:5109347747","name":"元大商業銀行","category":"bank","nameEn":"Yuanta Commercial Bank","brand":"元大商業銀行","address":"臺北市大安區羅斯福路三段275號","phone":"+886 2 2369 3955","wheelchair":"no"},"geometry":{"type":"Point","coordinates":[121.530959,25.018334]}},{"type":"Feature","properties":{"id":"osm:node:5110242817","name":"元大商業銀行","category":"bank","nameEn":"Yuanta Commercial Bank","brand":"元大商業銀行","address":"臺北市新生南路一段148號之1、148號4樓之1","phone":"+886 2 2395 8199"},"geometry":{"type":"Point","coordinates":[121.532398,25.035135]}},{"type":"Feature","properties":{"id":"osm:node:5110245043","name":"華南商業銀行","category":"bank","nameEn":"Hua Nan Commercial Bank","brand":"華南商業銀行","address":"臺北市羅斯福路二段11號","phone":"+886 2 2321 7111","wheelchair":"yes"},"geometry":{"type":"Point","coordinates":[121.521594,25.028575]}},{"type":"Feature","properties":{"id":"osm:node:5110245047","name":"元大商業銀行","category":"bank","nameEn":"Yuanta Commercial Bank","brand":"元大商業銀行","address":"臺北市羅斯福路三段37號1樓及4樓","phone":"+886 2 2365 4567","wheelchair":"limited"},"geometry":{"type":"Point","coordinates":[121.525379,25.023572]}},{"type":"Feature","properties":{"id":"osm:node:5110245050","name":"第一商業銀行","category":"bank","nameEn":"First Commercial Bank","brand":"第一商業銀行","opening_hours":"Mo-Fr 09:00-15:30","address":"106606臺北市大安區羅斯福路二段95號","phone":"+886 2 2369 5222","website":"https://www.firstbank.com.tw/","wheelchair":"no"},"geometry":{"type":"Point","coordinates":[121.524235,25.02503]}},{"type":"Feature","properties":{"id":"osm:node:5110269772","name":"聯邦商業銀行","category":"bank","nameEn":"Union Bank of Taiwan","brand":"聯邦商業銀行","address":"臺北市中山區南京東路二段137號1、2、9樓","phone":"+886 2 2515 1333","wheelchair":"no"},"geometry":{"type":"Point","coordinates":[121.534983,25.052247]}},{"type":"Feature","properties":{"id":"osm:node:5110269774","name":"第一商業銀行","category":"bank","nameEn":"First Commercial Bank","brand":"第一商業銀行","opening_hours":"Mo-Fr 09:00-15:30","address":"臺北市中山區南京東路二段125號1、2樓","phone":"+886 2 2506 2111"},"geometry":{"type":"Point","coordinates":[121.534402,25.052244]}},{"type":"Feature","properties":{"id":"osm:node:5110348220","name":"聯邦商業銀行","category":"bank","nameEn":"Union Bank of Taiwan","brand":"聯邦商業銀行","address":"臺北市信義區永吉路304、306號1樓及302號2樓之4","phone":"+886 2 2748 0329"},"geometry":{"type":"Point","coordinates":[121.575163,25.04525]}},{"type":"Feature","properties":{"id":"osm:node:5110348538","name":"彰化商業銀行","category":"bank","nameEn":"Chang Hwa Bank","brand":"彰化商業銀行","address":"臺北市中坡北路92號1樓","phone":"+886 2 2785 2787"},"geometry":{"type":"Point","coordinates":[121.580609,25.047834]}},{"type":"Feature","properties":{"id":"osm:node:5110348557","name":"玉山商業銀行","category":"bank","nameEn":"E.SUN Commercial Bank","brand":"玉山商業銀行","address":"臺北市松山區南京東路五段89號B1、1、2樓","phone":"+886 2 2760 1313"},"geometry":{"type":"Point","coordinates":[121.560141,25.051713]}},{"type":"Feature","properties":{"id":"osm:node:5110348562","name":"彰化商業銀行","category":"bank","nameEn":"Chang Hwa Bank","brand":"彰化商業銀行","address":"臺北市信義區永吉路165號","phone":"+886 2 2762 5242"},"geometry":{"type":"Point","coordinates":[121.571005,25.045804]}},{"type":"Feature","properties":{"id":"osm:node:5110348598","name":"臺灣銀行","category":"bank","nameEn":"Bank of Taiwan","brand":"臺灣銀行","address":"臺北市松山區復興北路167號一、二樓","phone":"+886 2 2719 2081"},"geometry":{"type":"Point","coordinates":[121.544349,25.053891]}},{"type":"Feature","properties":{"id":"osm:node:5110348600","name":"台北富邦商業銀行","category":"bank","nameEn":"Taipei Fubon Bank","brand":"台北富邦商業銀行","opening_hours":"Mo-Fr 09:00-15:30","address":"臺北市忠孝東路四段107號1樓及B1","phone":"+886 2 2741 7880"},"geometry":{"type":"Point","coordinates":[121.54827,25.041748]}},{"type":"Feature","properties":{"id":"osm:node:5110348652","name":"台北富邦商業銀行","category":"bank","nameEn":"Taipei Fubon Bank","brand":"台北富邦商業銀行","address":"臺北市敦化南路一段108號1樓、B1","phone":"+886 2 8771 9898"},"geometry":{"type":"Point","coordinates":[121.548386,25.045472]}},{"type":"Feature","properties":{"id":"osm:node:5110348653","name":"兆豐國際商業銀行","category":"bank","nameEn":"Mega International Commercial Bank","brand":"兆豐國際商業銀行","address":"臺北市松山區中正里敦化北路88之1號","phone":"+886 2 8771 6355"},"geometry":{"type":"Point","coordinates":[121.548497,25.051413]}},{"type":"Feature","properties":{"id":"osm:node:5110348655","name":"台新國際商業銀行","category":"bank","nameEn":"Taishin International Bank","brand":"台新國際商業銀行","address":"台北市大安區和平東路二段347號1樓、2樓","phone":"+886 2 2705 8588"},"geometry":{"type":"Point","coordinates":[121.546132,25.024896]}},{"type":"Feature","properties":{"id":"osm:node:5110348660","name":"國泰世華商業銀行","category":"bank","nameEn":"Cathay United Bank","brand":"國泰世華商業銀行","address":"臺北市大安區復興南路一段97、99號1樓及103號2樓","phone":"+886 2 2711 8168"},"geometry":{"type":"Point","coordinates":[121.544082,25.044156]}},{"type":"Feature","properties":{"id":"osm:node:5110348669","name":"滙豐(台灣)商業銀行","category":"bank","address":"臺北市中山區復興南路一段2號1樓","phone":"+886 2 6633 5588"},"geometry":{"type":"Point","coordinates":[121.543571,25.047162]}},{"type":"Feature","properties":{"id":"osm:node:5110348689","name":"中國信託商業銀行","category":"bank","nameEn":"CTBC Bank","brand":"中國信託商業銀行","address":"臺北市大安區忠孝東路四段284,286,288,290,292,294,296,298,300號","phone":"+886 2 2771 6000"},"geometry":{"type":"Point","coordinates":[121.556122,25.041117]}},{"type":"Feature","properties":{"id":"osm:node:5110348690","name":"元大商業銀行","category":"bank","nameEn":"Yuanta Commercial Bank","brand":"元大商業銀行","address":"臺北市大安區忠孝東路四段300號3樓之1","phone":"+886 2 8773 6667"},"geometry":{"type":"Point","coordinates":[121.556398,25.041093]}},{"type":"Feature","properties":{"id":"osm:node:5110348692","name":"玉山商業銀行","category":"bank","nameEn":"E.SUN Commercial Bank","brand":"玉山商業銀行","address":"臺北市大安區忠孝東路四段319號、321號、319號2樓、319號2樓之1之2、319號3樓之1之2之3、319號4樓","phone":"+886 2 8772 1313"},"geometry":{"type":"Point","coordinates":[121.556099,25.041546]}},{"type":"Feature","properties":{"id":"osm:node:5110348711","name":"彰化商業銀行","category":"bank","nameEn":"Chang Hwa Bank","brand":"彰化商業銀行","address":"臺北市松山區南京東路四段126號","phone":"+886 2 2570 4567"},"geometry":{"type":"Point","coordinates":[121.55527,25.051359]}},{"type":"Feature","properties":{"id":"osm:node:5110348770","name":"華南商業銀行","category":"bank","nameEn":"Hua Nan Commercial Bank","brand":"華南商業銀行","address":"臺北市光復南路460號","phone":"+886 2 2703 9851"},"geometry":{"type":"Point","coordinates":[121.557277,25.035296]}},{"type":"Feature","properties":{"id":"osm:node:5110348815","name":"聯邦商業銀行","category":"bank","nameEn":"Union Bank of Taiwan","brand":"聯邦商業銀行","address":"臺北市信義區忠孝東路五段453號","phone":"+886 2 2748 0188"},"geometry":{"type":"Point","coordinates":[121.576668,25.040994]}},{"type":"Feature","properties":{"id":"osm:node:5110488929","name":"渣打國際商業銀行","category":"bank","nameEn":"Standard Chartered Taiwan","brand":"渣打國際商業銀行","address":"臺北市復興北路420號1樓","phone":"+886 2 6602 7676"},"geometry":{"type":"Point","coordinates":[121.54393,25.062732]}},{"type":"Feature","properties":{"id":"osm:node:5110488935","name":"台新國際商業銀行","category":"bank","nameEn":"Taishin International Bank","brand":"台新國際商業銀行","address":"臺北市中山區北安路645、647號1樓","phone":"+886 2 8509 6858"},"geometry":{"type":"Point","coordinates":[121.549088,25.083935]}},{"type":"Feature","properties":{"id":"osm:node:5110488951","name":"高雄銀行","category":"bank","nameEn":"Bank of Kaohsiung","brand":"高雄銀行","address":"臺北市中正區博愛路38號1樓及B1","phone":"+886 2 2375 1188","wheelchair":"limited"},"geometry":{"type":"Point","coordinates":[121.51119,25.045874]}},{"type":"Feature","properties":{"id":"osm:node:5110488952","name":"永豐商業銀行","category":"bank","nameEn":"Bank SinoPac","brand":"永豐商業銀行","opening_hours":"Mo-Fr 09:00-15:30","address":"台北市中正區博愛路17號1、2樓及地下1樓","phone":"+886 2 2381 7777"},"geometry":{"type":"Point","coordinates":[121.511643,25.045672]}},{"type":"Feature","properties":{"id":"osm:node:5110488953","name":"臺灣土地銀行","category":"bank","nameEn":"Land Bank of Taiwan","brand":"臺灣土地銀行","address":"臺北市博愛路72號","phone":"+886 2 2371 3241"},"geometry":{"type":"Point","coordinates":[121.511229,25.044615]}},{"type":"Feature","properties":{"id":"osm:node:5110488955","name":"臺灣銀行","category":"bank","nameEn":"Bank of Taiwan","brand":"臺灣銀行","opening_hours":"Mo-Fr 09:00-15:30","address":"100501臺北市中正區武昌街一段49號","phone":"+886 2 2349 3456","wheelchair":"no"},"geometry":{"type":"Point","coordinates":[121.510788,25.044227]}},{"type":"Feature","properties":{"id":"osm:node:5110489254","name":"第一商業銀行","category":"bank","nameEn":"First Commercial Bank","brand":"第一商業銀行","opening_hours":"Mo-Fr 09:00-15:30","address":"臺北市中山區中山北路二段61號、61號2樓","phone":"+886 2 2521 1111"},"geometry":{"type":"Point","coordinates":[121.523022,25.05627]}},{"type":"Feature","properties":{"id":"osm:node:5110489272","name":"國泰世華商業銀行","category":"bank","nameEn":"Cathay United Bank","brand":"國泰世華商業銀行","address":"臺北市長沙街二段91號2樓及93號1、2樓","phone":"+886 2 2381 3188","wheelchair":"yes"},"geometry":{"type":"Point","coordinates":[121.504552,25.040563]}},{"type":"Feature","properties":{"id":"osm:node:5110489290","name":"板信商業銀行","category":"bank","nameEn":"Bank of Panshin","brand":"板信商業銀行","address":"臺北市中山區北安路632、634號","phone":"+886 2 2532 9933"},"geometry":{"type":"Point","coordinates":[121.54922,25.082929]}},{"type":"Feature","properties":{"id":"osm:node:5110489297","name":"臺灣中小企業銀行","category":"bank","nameEn":"Taiwan Business Bank","brand":"臺灣中小企業銀行","address":"臺北市中山區長春路17號","phone":"+886 2 2551 7171"},"geometry":{"type":"Point","coordinates":[121.523976,25.055058]}},{"type":"Feature","properties":{"id":"osm:node:5110489310","name":"國泰世華商業銀行","category":"bank","nameEn":"Cathay United Bank","brand":"國泰世華商業銀行","opening_hours":"Mo-Fr 09:00-18:00","address":"台北市民生東路一段53，55，57，59號1樓，2樓及地下1樓","phone":"+886 2 2562 1666"},"geometry":{"type":"Point","coordinates":[121.526392,25.058163]}},{"type":"Feature","properties":{"id":"osm:node:5110489740","name":"兆豐國際商業銀行","category":"bank","nameEn":"Mega International Commercial Bank","brand":"兆豐國際商業銀行","opening_hours":"Mo-Fr 09:00-15:30","address":"臺北市中山區聚葉里中山北路二段133號","phone":"+886 2 2567 1488","wheelchair":"yes"},"geometry":{"type":"Point","coordinates":[121.523182,25.0616]}},{"type":"Feature","properties":{"id":"osm:node:5110489741","name":"元大商業銀行","category":"bank","nameEn":"Yuanta Commercial Bank","brand":"元大商業銀行","opening_hours":"Mo-Fr 09:00-15:30","address":"臺北市中山北路二段131、135號1樓","phone":"+886 2 2521 7888","wheelchair":"no"},"geometry":{"type":"Point","coordinates":[121.523175,25.06147]}},{"type":"Feature","properties":{"id":"osm:node:5110489763","name":"凱基商業銀行","category":"bank","nameEn":"KGI Commercial Bank","brand":"凱基商業銀行","opening_hours":"Mo-Fr 09:00-15:30","address":"104003臺北市中山區中山北路一段109號一樓"},"geometry":{"type":"Point","coordinates":[121.522493,25.051139]}},{"type":"Feature","properties":{"id":"osm:node:5110489764","name":"合作金庫商業銀行","category":"bank","nameEn":"Taiwan Cooperative Bank","brand":"合作金庫商業銀行","opening_hours":"Mo-Fr 09:00-15:30","address":"臺北市中山區中山北路二段42號1樓","phone":"+886 2 2511 3245"},"geometry":{"type":"Point","coordinates":[121.522389,25.054882]}},{"type":"Feature","properties":{"id":"osm:node:5110490280","name":"瑞興商業銀行","category":"bank","nameEn":"Taipei Star Bank","brand":"瑞興商業銀行","address":"臺北市民生東路二段57、59、61號","phone":"+886 2 2562 9873"},"geometry":{"type":"Point","coordinates":[121.529708,25.058122]}},{"type":"Feature","properties":{"id":"osm:node:5110490299","name":"臺灣土地銀行","category":"bank","nameEn":"Land Bank of Taiwan","brand":"臺灣土地銀行","address":"臺北市士林區中山北路五段689號","phone":"+886 2 2834 1361","wheelchair":"limited"},"geometry":{"type":"Point","coordinates":[121.527145,25.097485]}},{"type":"Feature","properties":{"id":"osm:node:5110490310","name":"中國信託商業銀行","category":"bank","nameEn":"CTBC Bank","brand":"中國信託商業銀行","address":"臺北市中山北路二段102號1樓、2樓、3樓之2及106之2號","phone":"+886 2 2523 5222"},"geometry":{"type":"Point","coordinates":[121.52262,25.060243]}},{"type":"Feature","properties":{"id":"osm:node:5110490313","name":"華南商業銀行","category":"bank","nameEn":"Hua Nan Commercial Bank","brand":"華南商業銀行","address":"台北市中山北路二段112號","phone":"+886 2 2561 9588"},"geometry":{"type":"Point","coordinates":[121.522595,25.060641]}},{"type":"Feature","properties":{"id":"osm:node:5110501334","name":"台北富邦商業銀行","category":"bank","nameEn":"Taipei Fubon Bank","brand":"台北富邦商業銀行","address":"臺北市北投區文林北路214、216號一樓及216號地下一樓","phone":"+886 2 2827 1616"},"geometry":{"type":"Point","coordinates":[121.514625,25.107984]}},{"type":"Feature","properties":{"id":"osm:node:5110501345","name":"星展（台灣）商業銀行","category":"bank","nameEn":"DBS Bank Taiwan","brand":"星展銀行","opening_hours":"Mo-Fr 09:00-15:30","address":"111046臺北市士林區中山北路六段87號1樓","phone":"+886 2 6633 0308","website":"https://www.dbs.com.tw/personal-zh/default.page"},"geometry":{"type":"Point","coordinates":[121.524276,25.105555]}},{"type":"Feature","properties":{"id":"osm:node:5110501346","name":"陽信商業銀行","category":"bank","nameEn":"Sunny Commercial Bank","brand":"陽信商業銀行","address":"台北市士林區中山北路六段169、171號","phone":"+886 2 2836 2072","wheelchair":"yes"},"geometry":{"type":"Point","coordinates":[121.524853,25.10726]}},{"type":"Feature","properties":{"id":"osm:node:5151338724","name":"安泰商業銀行","category":"bank","nameEn":"Entie Commercial Bank","brand":"安泰商業銀行","address":"台北市通化街29號1、2、3樓","phone":"+886 2 2706 6010"},"geometry":{"type":"Point","coordinates":[121.554372,25.031177]}},{"type":"Feature","properties":{"id":"osm:node:5160288222","name":"合作金庫商業銀行","category":"bank","nameEn":"Taiwan Cooperative Bank","brand":"合作金庫商業銀行","address":"臺北市中山區民生東路三段158-1號","phone":"+886 2 2516 2338","wheelchair":"yes"},"geometry":{"type":"Point","coordinates":[121.548149,25.057275]}},{"type":"Feature","properties":{"id":"osm:node:5160603237","name":"玉山商業銀行","category":"bank","nameEn":"E.SUN Commercial Bank","brand":"玉山商業銀行","address":"新北市新莊區思源路336號1樓、338號1樓、332巷1號2樓","phone":"+886 2 2997 1313"},"geometry":{"type":"Point","coordinates":[121.460579,25.051236]}},{"type":"Feature","properties":{"id":"osm:node:5164612923","name":"國泰世華商業銀行","category":"bank","nameEn":"Cathay United Bank","brand":"國泰世華商業銀行","address":"台北市中正路197、199號","phone":"+886 2 8861 4040","wheelchair":"yes"},"geometry":{"type":"Point","coordinates":[121.526969,25.095393]}},{"type":"Feature","properties":{"id":"osm:node:5181315624","name":"凱基商業銀行","category":"bank","nameEn":"KGI Commercial Bank","brand":"凱基商業銀行","address":"中山北路六段246 號1、2樓及地下室以及248號1、2樓及地下室","phone":"+886 2 8866 1117","wheelchair":"no"},"geometry":{"type":"Point","coordinates":[121.525516,25.109164]}},{"type":"Feature","properties":{"id":"osm:node:5187744625","name":"永豐商業銀行","category":"bank","nameEn":"Bank SinoPac","brand":"永豐商業銀行","address":"臺北市士林區德行東路183、185號1、2樓","phone":"+886 2 2833 7222","wheelchair":"yes"},"geometry":{"type":"Point","coordinates":[121.531263,25.108839]}},{"type":"Feature","properties":{"id":"osm:node:5201199722","name":"元大證券","category":"bank","address":"111臺北市士林區忠誠路二段48號","wheelchair":"no"},"geometry":{"type":"Point","coordinates":[121.530343,25.110499]}},{"type":"Feature","properties":{"id":"osm:node:5201399721","name":"士林區農會","category":"bank","address":"111臺北市士林區士東路126號","wheelchair":"yes"},"geometry":{"type":"Point","coordinates":[121.530232,25.112189]}},{"type":"Feature","properties":{"id":"osm:node:5202398650","name":"合作金庫商業銀行","category":"bank","nameEn":"Taiwan Cooperative Bank","brand":"合作金庫商業銀行","address":"台北市長安東路二段225號","phone":"+886 2 2173 8888"},"geometry":{"type":"Point","coordinates":[121.545439,25.048582]}},{"type":"Feature","properties":{"id":"osm:node:5203807770","name":"遠東國際商業銀行","category":"bank","nameEn":"Far Eastern International Bank","brand":"遠東國際商業銀行","address":"臺北市羅斯福路一段40號1樓及38號2樓","phone":"+886 2 2392 6955","wheelchair":"no"},"geometry":{"type":"Point","coordinates":[121.519144,25.031157]}},{"type":"Feature","properties":{"id":"osm:node:5205443425","name":"元大商業銀行","category":"bank","nameEn":"Yuanta Commercial Bank","brand":"元大商業銀行","address":"台北市士林區天母西路14號","phone":"+886 2 2871 2558","wheelchair":"yes"},"geometry":{"type":"Point","coordinates":[121.527966,25.118296]}},{"type":"Feature","properties":{"id":"osm:node:5205443522","name":"國泰世華商業銀行","category":"bank","nameEn":"Cathay United Bank","brand":"國泰世華商業銀行","address":"台北市天母西路24號1至4樓及地下1樓","phone":"+886 2 2871 7040","wheelchair":"yes"},"geometry":{"type":"Point","coordinates":[121.527024,25.118309]}},{"type":"Feature","properties":{"id":"osm:node:5205447422","name":"元大證券","category":"bank","address":"111臺北市士林區天母西路26號","wheelchair":"limited"},"geometry":{"type":"Point","coordinates":[121.526823,25.118302]}},{"type":"Feature","properties":{"id":"osm:node:5205457021","name":"滙豐（台灣）商業銀行","category":"bank","nameEn":"HSBC Bank Taiwan","brand":"HSBC","address":"台北市士林區天母西路20號1樓,2樓","phone":"+886 2 6633 6090","wheelchair":"yes"},"geometry":{"type":"Point","coordinates":[121.527334,25.118356]}},{"type":"Feature","properties":{"id":"osm:node:5205595321","name":"臺灣銀行","category":"bank","nameEn":"Bank of Taiwan","brand":"臺灣銀行","address":"台北市士林區中山北路六段197號1-3樓及地下1樓","phone":"+886 2 2836 7080","wheelchair":"no"},"geometry":{"type":"Point","coordinates":[121.524967,25.107954]}},{"type":"Feature","properties":{"id":"osm:node:5211895537","name":"中國信託商業銀行","category":"bank","nameEn":"CTBC Bank","brand":"中國信託商業銀行","address":"臺北市天母西路10號及10之1號","phone":"+886 2 2876 6100","wheelchair":"yes"},"geometry":{"type":"Point","coordinates":[121.52858,25.118317]}},{"type":"Feature","properties":{"id":"osm:node:5242605024","name":"聯邦商業銀行","category":"bank","nameEn":"Union Bank of Taiwan","brand":"聯邦商業銀行","address":"台北市士林區士東路91巷7號、9號","phone":"+886 2 2875 6161","wheelchair":"no"},"geometry":{"type":"Point","coordinates":[121.529166,25.112721]}},{"type":"Feature","properties":{"id":"osm:node:5255066021","name":"永豐商業銀行","category":"bank","nameEn":"Bank SinoPac","brand":"永豐商業銀行","address":"台北市士林區中山北路6段421號地下1樓、423、425、425之1號2樓","phone":"+886 2 2872 7155","wheelchair":"limited"},"geometry":{"type":"Point","coordinates":[121.526817,25.113689]}},{"type":"Feature","properties":{"id":"osm:node:5255070023","name":"台北市第五信用合作社","category":"bank","nameEn":"The Fifth Credit Cooperation of Taipei","brand":"台北市第五信用合作社","opening_hours":"Mo-Fr 09:00-15:30","address":"111020臺北市士林區德行東路15號","phone":"+886 2 2838 5252","website":"https://taipei-tfcc.scu.org.tw/","wheelchair":"limited"},"geometry":{"type":"Point","coordinates":[121.525673,25.10684]}},{"type":"Feature","properties":{"id":"osm:node:5266046363","name":"彰化商業銀行","category":"bank","nameEn":"Chang Hwa Bank","brand":"彰化商業銀行","address":"新北市永和區福和路139號","phone":"+886 2 2922 1171"},"geometry":{"type":"Point","coordinates":[121.521009,25.007645]}},{"type":"Feature","properties":{"id":"osm:node:5286707915","name":"華南商業銀行","category":"bank","nameEn":"Hua Nan Commercial Bank","brand":"華南商業銀行","address":"新北市汐止區中正路101號","phone":"+886 2 2641 6411"},"geometry":{"type":"Point","coordinates":[121.660893,25.06935]}},{"type":"Feature","properties":{"id":"osm:node:5286876063","name":"凱基證劵","category":"bank","address":"臺北市"},"geometry":{"type":"Point","coordinates":[121.556426,25.00018]}},{"type":"Feature","properties":{"id":"osm:node:5295462994","name":"兆豐國際商業銀行","category":"bank","nameEn":"Mega International Commercial Bank","brand":"兆豐國際商業銀行","address":"臺北市安和路二段62號","phone":"+886 2 2704 2141"},"geometry":{"type":"Point","coordinates":[121.55212,25.030582]}},{"type":"Feature","properties":{"id":"osm:node:5306803867","name":"星展（台灣）商業銀行","category":"bank","nameEn":"DBS Bank Taiwan","brand":"星展銀行","opening_hours":"Mo-Fr 09:00-15:30","address":"110411臺北市信義區松智路1號1、2樓","phone":"+886 2 6633 0008","website":"https://www.dbs.com.tw/personal-zh/default.page","wheelchair":"yes"},"geometry":{"type":"Point","coordinates":[121.566005,25.03867]}},{"type":"Feature","properties":{"id":"osm:node:5313864461","name":"中國信託商業銀行","category":"bank","nameEn":"CTBC Bank","brand":"中國信託商業銀行","address":"臺北市信義區永吉路16號、18號1樓","phone":"+886 2 2761 7999"},"geometry":{"type":"Point","coordinates":[121.568546,25.045494]}},{"type":"Feature","properties":{"id":"osm:node:5324659746","name":"彰化商銀 總部分行","category":"bank","nameEn":"Chang Hwa Bank","brand":"彰化商業銀行","address":"臺北市中山區中山北路二段57號1樓、2樓、地下1樓","phone":"+886 2 2551 4256"},"geometry":{"type":"Point","coordinates":[121.523037,25.055192]}},{"type":"Feature","properties":{"id":"osm:node:5387118121","name":"台北富邦商業銀行","category":"bank","nameEn":"Taipei Fubon Bank","brand":"台北富邦商業銀行","address":"新北市永和區中山路一段1號1、2樓","phone":"+886 2 8660 1616"},"geometry":{"type":"Point","coordinates":[121.514365,25.010228]}},{"type":"Feature","properties":{"id":"osm:node:5458657200","name":"台中商業銀行","category":"bank","nameEn":"Taichung Bank","brand":"台中商業銀行","address":"臺北市中山區長春路28號","phone":"+886 2 2541 7700"},"geometry":{"type":"Point","coordinates":[121.524662,25.054774]}},{"type":"Feature","properties":{"id":"osm:node:5509162187","name":"永豐商業銀行","category":"bank","nameEn":"Bank SinoPac","brand":"永豐商業銀行","opening_hours":"Mo-Fr 09:00-15:30","address":"新北市深坑區北深路3段156號1、2樓","phone":"+886 2 2664 2626","website":"https://bank.sinopac.com/","wheelchair":"yes"},"geometry":{"type":"Point","coordinates":[121.60295,25.003324]}},{"type":"Feature","properties":{"id":"osm:node:5519803910","name":"台中商業銀行","category":"bank","nameEn":"Taichung Bank","brand":"台中商業銀行","address":"臺北市重慶北路三段196、198號","phone":"+886 2 2595 8968"},"geometry":{"type":"Point","coordinates":[121.513504,25.069539]}},{"type":"Feature","properties":{"id":"osm:node:5552728611","name":"遠東國際商業銀行","category":"bank","nameEn":"Far Eastern International Bank","brand":"遠東國際商業銀行","address":"臺北市信義區中坡北路7號1、2樓及9號1樓（更名為台北永吉分行）","phone":"+886 2 2769 5788"},"geometry":{"type":"Point","coordinates":[121.581019,25.044501]}},{"type":"Feature","properties":{"id":"osm:node:5552728618","name":"華南商業銀行","category":"bank","nameEn":"Hua Nan Commercial Bank","brand":"華南商業銀行","address":"臺北市信義區忠孝東路五段800號1、2樓","phone":"+886 2 2759 3111","wheelchair":"yes"},"geometry":{"type":"Point","coordinates":[121.582067,25.043847]}},{"type":"Feature","properties":{"id":"osm:node:5552728619","name":"台北一信","category":"bank","address":"臺北市"},"geometry":{"type":"Point","coordinates":[121.58217,25.044185]}},{"type":"Feature","properties":{"id":"osm:node:5569304682","name":"京城商業銀行","category":"bank","nameEn":"King's Town Bank","brand":"京城商業銀行","address":"臺北市信義區忠孝東路五段743巷29號1、2樓","phone":"+886 2 8785 2525"},"geometry":{"type":"Point","coordinates":[121.580965,25.044065]}},{"type":"Feature","properties":{"id":"osm:node:5579540524","name":"滙豐(台灣)商業銀行","category":"bank","address":"臺北市士林區中山北路五段557號1樓及2樓","phone":"+886 2 6633 5966","wheelchair":"yes"},"geometry":{"type":"Point","coordinates":[121.527771,25.094946]}},{"type":"Feature","properties":{"id":"osm:node:5585775141","name":"國泰世華商業銀行","category":"bank","nameEn":"Cathay United Bank","brand":"國泰世華商業銀行","address":"臺北市忠孝東路五段687、689號及689號2樓","phone":"+886 2 8785 6868"},"geometry":{"type":"Point","coordinates":[121.579926,25.042256]}},{"type":"Feature","properties":{"id":"osm:node:5585775143","name":"元大商業銀行","category":"bank","nameEn":"Yuanta Commercial Bank","brand":"元大商業銀行","address":"臺北市信義區忠孝東路五段671號、673號、675號、677號、669號2樓之3及669號2樓之4","phone":"+886 2 8785 7618"},"geometry":{"type":"Point","coordinates":[121.579697,25.042107]}},{"type":"Feature","properties":{"id":"osm:node:5585775157","name":"中國信託商業銀行","category":"bank","nameEn":"CTBC Bank","brand":"中國信託商業銀行","address":"臺北市信義區忠孝東路五段550號1樓、2樓","phone":"+886 2 2346 6711"},"geometry":{"type":"Point","coordinates":[121.579887,25.041794]}},{"type":"Feature","properties":{"id":"osm:node:5585775158","name":"臺灣中小企業銀行","category":"bank","nameEn":"Taiwan Business Bank","brand":"臺灣中小企業銀行","address":"臺北市信義區忠孝東路五段552號1樓","phone":"+886 2 2346 7171"},"geometry":{"type":"Point","coordinates":[121.580086,25.04191]}},{"type":"Feature","properties":{"id":"osm:node:5590825365","name":"板信商業銀行","category":"bank","nameEn":"Bank of Panshin","brand":"板信商業銀行","opening_hours":"Mo-Fr 09:00-15:30","address":"新北市板橋區中山路二段100號1樓、5樓及5樓之2","phone":"+886 2 2962 9106","website":"https://www.bop.com.tw/"},"geometry":{"type":"Point","coordinates":[121.475663,25.016429]}},{"type":"Feature","properties":{"id":"osm:node:5593480322","name":"群益金鼎證券","category":"bank","address":"111台北市士林區中正路118號","wheelchair":"no"},"geometry":{"type":"Point","coordinates":[121.528694,25.096107]}},{"type":"Feature","properties":{"id":"osm:node:5699174880","name":"永豐商業銀行","category":"bank","nameEn":"Bank SinoPac","brand":"永豐商業銀行","address":"台北市大安區信義路4段46號1至4樓","phone":"+886 2 2345 1177"},"geometry":{"type":"Point","coordinates":[121.545008,25.033091]}},{"type":"Feature","properties":{"id":"osm:node:5701003172","name":"台北市第五信用合作社","category":"bank","nameEn":"The Fifth Credit Cooperation of Taipei","brand":"台北市第五信用合作社","opening_hours":"Mo-Fr 09:00-15:30","address":"114015臺北市內湖區金龍路69號","phone":"+886 2 8792 0676","website":"https://taipei-tfcc.scu.org.tw/"},"geometry":{"type":"Point","coordinates":[121.59253,25.085112]}},{"type":"Feature","properties":{"id":"osm:node:5758379741","name":"臺灣新光商業銀行","category":"bank","nameEn":"Shin Kong Commercial Bank","brand":"臺灣新光商業銀行","address":"新北市土城區金城路三段122號1、2樓","phone":"+886 2 2270 5050"},"geometry":{"type":"Point","coordinates":[121.46683,24.98705]}},{"type":"Feature","properties":{"id":"osm:node:5758379747","name":"合作金庫商業銀行","category":"bank","nameEn":"Taiwan Cooperative Bank","brand":"合作金庫商業銀行","address":"新北市板橋區南雅南路二段43、45、49號1樓及43、45、47、49號2樓","phone":"+886 2 8966 3889"},"geometry":{"type":"Point","coordinates":[121.45141,24.99475]}},{"type":"Feature","properties":{"id":"osm:node:5758379751","name":"陽信商業銀行","category":"bank","nameEn":"Sunny Commercial Bank","brand":"陽信商業銀行","address":"新北市土城區金城路三段33巷2號1樓、2樓及33巷6號1樓、2樓","phone":"+886 2 8261 1818"},"geometry":{"type":"Point","coordinates":[121.46561,24.986942]}},{"type":"Feature","properties":{"id":"osm:node:5758379754","name":"高雄銀行","category":"bank","nameEn":"Bank of Kaohsiung","brand":"高雄銀行","address":"新北市板橋區四川路二段100號","phone":"+886 2 8967 1250"},"geometry":{"type":"Point","coordinates":[121.45078,24.994305]}},{"type":"Feature","properties":{"id":"osm:node:5758379757","name":"永豐商業銀行","category":"bank","nameEn":"Bank SinoPac","brand":"永豐商業銀行","address":"新北市土城區金城路三段200之12號1、2樓及200之11號2樓","phone":"+886 2 2270 3800"},"geometry":{"type":"Point","coordinates":[121.46908,24.988194]}},{"type":"Feature","properties":{"id":"osm:node:5758379758","name":"永豐商業銀行","category":"bank","nameEn":"Bank SinoPac","brand":"永豐商業銀行","address":"新北市土城區學府路一段124號1、2樓及地下1樓","phone":"+886 2 2266 2000"},"geometry":{"type":"Point","coordinates":[121.455185,24.987434]}},{"type":"Feature","properties":{"id":"osm:node:5758379761","name":"遠東國際商業銀行","category":"bank","nameEn":"Far Eastern International Bank","brand":"遠東國際商業銀行","address":"新北市板橋區南雅南路二段172號","phone":"+886 2 8966 3339"},"geometry":{"type":"Point","coordinates":[121.45093,24.994598]}},{"type":"Feature","properties":{"id":"osm:node:5758379764","name":"第一商業銀行","category":"bank","nameEn":"First Commercial Bank","brand":"第一商業銀行","address":"新北市土城區金城路三段35號、35號2樓、37號、37號2樓","phone":"+886 2 2260 7811"},"geometry":{"type":"Point","coordinates":[121.465607,24.986852]}},{"type":"Feature","properties":{"id":"osm:node:5758379770","name":"凱基商業銀行","category":"bank","nameEn":"KGI Commercial Bank","brand":"凱基商業銀行","address":"新北市土城區金城路三段115、117、119、121、123號","phone":"+886 2 2260 5588"},"geometry":{"type":"Point","coordinates":[121.467514,24.987988]}},{"type":"Feature","properties":{"id":"osm:node:5758379771","name":"板信商業銀行","category":"bank","nameEn":"Bank of Panshin","brand":"板信商業銀行","address":"新北市土城區金城路三段91號1、2樓","phone":"+886 2 8261 5666"},"geometry":{"type":"Point","coordinates":[121.466877,24.98756]}},{"type":"Feature","properties":{"id":"osm:node:5758379774","name":"國泰世華商業銀行","category":"bank","nameEn":"Cathay United Bank","brand":"國泰世華商業銀行","address":"新北市土城區學府路1段122號1、2樓","phone":"+886 2 2266 8669"},"geometry":{"type":"Point","coordinates":[121.455284,24.987537]}},{"type":"Feature","properties":{"id":"osm:node:5758379777","name":"合作金庫商業銀行","category":"bank","nameEn":"Taiwan Cooperative Bank","brand":"合作金庫商業銀行","address":"新北市土城區學府路一段200號","phone":"+886 2 2273 1688"},"geometry":{"type":"Point","coordinates":[121.4528,24.985899]}},{"type":"Feature","properties":{"id":"osm:node:5758534787","name":"臺灣新光商業銀行","category":"bank","nameEn":"Shin Kong Commercial Bank","brand":"臺灣新光商業銀行","address":"新北市新店區中正路311、313號1、2樓","phone":"+886 2 8911 7180"},"geometry":{"type":"Point","coordinates":[121.536466,24.974934]}},{"type":"Feature","properties":{"id":"osm:node:5758534788","name":"永豐商業銀行","category":"bank","nameEn":"Bank SinoPac","brand":"永豐商業銀行","address":"新北市新店區中正路290、292號1樓及290號2樓","phone":"+886 2 2917 2202"},"geometry":{"type":"Point","coordinates":[121.537865,24.974447]}},{"type":"Feature","properties":{"id":"osm:node:5758534789","name":"臺灣土地銀行","category":"bank","nameEn":"Land Bank of Taiwan","brand":"臺灣土地銀行","address":"新北市新店區寶中路94-3號1樓","phone":"+886 2 2911 1898"},"geometry":{"type":"Point","coordinates":[121.549013,24.979751]}},{"type":"Feature","properties":{"id":"osm:node:5758534790","name":"京城商業銀行","category":"bank","nameEn":"King's Town Bank","brand":"京城商業銀行","address":"新北市新店區中正路190號9樓","phone":"+886 2 8911 9298"},"geometry":{"type":"Point","coordinates":[121.54073,24.972498]}},{"type":"Feature","properties":{"id":"osm:node:5758534792","name":"陽信商業銀行","category":"bank","nameEn":"Sunny Commercial Bank","brand":"陽信商業銀行","address":"新北市新店區中正路263之4號、5號1樓","phone":"+886 2 8911 7676"},"geometry":{"type":"Point","coordinates":[121.538188,24.973788]}},{"type":"Feature","properties":{"id":"osm:node:5758534793","name":"彰化商業銀行","category":"bank","nameEn":"Chang Hwa Bank","brand":"彰化商業銀行","address":"新北市新店區北新路一段135號","phone":"+886 2 2914 1650"},"geometry":{"type":"Point","coordinates":[121.539445,24.963133]}},{"type":"Feature","properties":{"id":"osm:node:5758534794","name":"安泰商業銀行","category":"bank","nameEn":"Entie Commercial Bank","brand":"安泰商業銀行","address":"新北市新店區寶中路119號","phone":"+886 2 2917 1999"},"geometry":{"type":"Point","coordinates":[121.54959,24.979782]}},{"type":"Feature","properties":{"id":"osm:node:5758534795","name":"台北富邦商業銀行","category":"bank","nameEn":"Taipei Fubon Bank","brand":"台北富邦商業銀行","opening_hours":"Mo-Fr 09:00-15:30","address":"新北市新店區北新路二段262號2樓、2樓之1、2樓之2及266號","phone":"+886 2 29129977","wheelchair":"yes"},"geometry":{"type":"Point","coordinates":[121.542821,24.978429]}},{"type":"Feature","properties":{"id":"osm:node:5758534796","name":"合作金庫商業銀行","category":"bank","nameEn":"Taiwan Cooperative Bank","brand":"合作金庫商業銀行","address":"新北市新店區寶橋路235巷2號1樓","phone":"+886 2 2918 5506"},"geometry":{"type":"Point","coordinates":[121.5523,24.97985]}},{"type":"Feature","properties":{"id":"osm:node:5758534797","name":"臺灣中小企業銀行","category":"bank","nameEn":"Taiwan Business Bank","brand":"臺灣中小企業銀行","address":"新北市新店區中興路二段192號1樓","phone":"+886 2 2911 7171"},"geometry":{"type":"Point","coordinates":[121.548515,24.97322]}},{"type":"Feature","properties":{"id":"osm:node:5758534798","name":"元大商業銀行","category":"bank","nameEn":"Yuanta Commercial Bank","brand":"元大商業銀行","opening_hours":"Mo-Fr 09:00-15:30; Sa-Su off; PH off","address":"新北市新店區北新路二段252號1樓","phone":"+886 2 29125799","wheelchair":"yes"},"geometry":{"type":"Point","coordinates":[121.543031,24.97794]}},{"type":"Feature","properties":{"id":"osm:node:5758534799","name":"華泰商業銀行","category":"bank","nameEn":"Hwatai Commercial Bank","brand":"華泰商業銀行","address":"新北市新店區順安街2號1樓","phone":"+886 2 8665 5958"},"geometry":{"type":"Point","coordinates":[121.541235,24.984756]}},{"type":"Feature","properties":{"id":"osm:node:5758542007","name":"板信商業銀行","category":"bank","nameEn":"Bank of Panshin","brand":"板信商業銀行","address":"臺北市文山區興隆路二段185號","phone":"+886 2 2932 0555"},"geometry":{"type":"Point","coordinates":[121.549306,25.00081]}},{"type":"Feature","properties":{"id":"osm:node:5758542008","name":"中國信託商業銀行","category":"bank","nameEn":"CTBC Bank","brand":"中國信託商業銀行","address":"臺北市文山區木柵路三段69號、69號2樓、71號、71號2樓、73號、73號2樓","phone":"+886 2 2937 5890"},"geometry":{"type":"Point","coordinates":[121.566872,24.988661]}},{"type":"Feature","properties":{"id":"osm:node:5758542010","name":"陽信商業銀行","category":"bank","nameEn":"Sunny Commercial Bank","brand":"陽信商業銀行","address":"臺北市文山區木柵路三段96號","phone":"+886 2 2234 5890"},"geometry":{"type":"Point","coordinates":[121.567281,24.988468]}},{"type":"Feature","properties":{"id":"osm:node:5758542011","name":"台北富邦商業銀行","category":"bank","nameEn":"Taipei Fubon Bank","brand":"台北富邦商業銀行","address":"臺北市文山區木新路三段236號1、2樓","phone":"+886 2 2938 3791"},"geometry":{"type":"Point","coordinates":[121.55896,24.981451]}},{"type":"Feature","properties":{"id":"osm:node:5758571606","name":"第一商業銀行","category":"bank","nameEn":"First Commercial Bank","brand":"第一商業銀行","address":"新北市永和區福和路296號1樓","phone":"+886 2 2922 1711"},"geometry":{"type":"Point","coordinates":[121.51678,25.00744]}},{"type":"Feature","properties":{"id":"osm:node:5758571607","name":"高雄銀行","category":"bank","nameEn":"Bank of Kaohsiung","brand":"高雄銀行","address":"新北市中和區建一路198號","phone":"+886 2 8227 1399"},"geometry":{"type":"Point","coordinates":[121.487858,24.996476]}},{"type":"Feature","properties":{"id":"osm:node:5758571608","name":"上海商業儲蓄銀行","category":"bank","nameEn":"Shanghai Commercial and Savings Bank","brand":"上海商業儲蓄銀行","address":"新北市永和區福和路295號1樓、297號1樓、2樓、2樓之1、之2、之3、中正路509巷2號1樓、4號1樓、中正路511","phone":"+886 2 2231 2111"},"geometry":{"type":"Point","coordinates":[121.51668,25.007244]}},{"type":"Feature","properties":{"id":"osm:node:5758571609","name":"台北富邦商業銀行","category":"bank","nameEn":"Taipei Fubon Bank","brand":"台北富邦商業銀行","address":"新北市中和區中和路322號1、2樓","phone":"+886 2 3233 8388"},"geometry":{"type":"Point","coordinates":[121.50963,25.000858]}},{"type":"Feature","properties":{"id":"osm:node:5758571610","name":"永豐商業銀行","category":"bank","nameEn":"Bank SinoPac","brand":"永豐商業銀行","address":"新北市永和區永和路2段47、49號1至3樓","phone":"+886 2 2927 4000"},"geometry":{"type":"Point","coordinates":[121.514465,25.01073]}},{"type":"Feature","properties":{"id":"osm:node:5758571611","name":"兆豐國際商業銀行","category":"bank","nameEn":"Mega International Commercial Bank","brand":"兆豐國際商業銀行","address":"新北市中和區中山路二段124號及126號1、2樓","phone":"+886 2 2243 3567"},"geometry":{"type":"Point","coordinates":[121.502555,25.003643]}},{"type":"Feature","properties":{"id":"osm:node:5758571612","name":"彰化商業銀行","category":"bank","nameEn":"Chang Hwa Bank","brand":"彰化商業銀行","address":"新北市中和區中正路801號","phone":"+886 2 2225 9988"},"geometry":{"type":"Point","coordinates":[121.48468,25.001022]}},{"type":"Feature","properties":{"id":"osm:node:5758571613","name":"玉山商業銀行","category":"bank","nameEn":"E.SUN Commercial Bank","brand":"玉山商業銀行","address":"新北市永和區中和路445號1、2樓447號1、2樓","phone":"+886 2 8921 1313"},"geometry":{"type":"Point","coordinates":[121.50972,25.001305]}},{"type":"Feature","properties":{"id":"osm:node:5758571614","name":"中國信託商業銀行","category":"bank","nameEn":"CTBC Bank","brand":"中國信託商業銀行","address":"新北市永和區中山路一段215號地下一樓、1樓、217號1樓、219號1樓","phone":"+886 2 8923 5008"},"geometry":{"type":"Point","coordinates":[121.508385,25.00789]}},{"type":"Feature","properties":{"id":"osm:node:5758571615","name":"臺灣銀行","category":"bank","nameEn":"Bank of Taiwan","brand":"臺灣銀行","address":"新北市中和區建一路186號一、二樓","phone":"+886 2 8227 2611"},"geometry":{"type":"Point","coordinates":[121.487904,24.996737]}},{"type":"Feature","properties":{"id":"osm:node:5758571616","name":"華泰商業銀行","category":"bank","nameEn":"Hwatai Commercial Bank","brand":"華泰商業銀行","address":"新北市中和區中和路312號1、2樓","phone":"+886 2 8921 4188"},"geometry":{"type":"Point","coordinates":[121.50934,25.00043]}},{"type":"Feature","properties":{"id":"osm:node:5758571617","name":"台北富邦商業銀行","category":"bank","nameEn":"Taipei Fubon Bank","brand":"台北富邦商業銀行","address":"新北市中和區景新街347號","phone":"+886 2 2942 0599","wheelchair":"limited"},"geometry":{"type":"Point","coordinates":[121.51204,24.991016]}},{"type":"Feature","properties":{"id":"osm:node:5758571618","name":"彰化商業銀行","category":"bank","nameEn":"Chang Hwa Bank","brand":"彰化商業銀行","address":"新北市中和區立德街140號及142號1樓","phone":"+886 2 2223 9888"},"geometry":{"type":"Point","coordinates":[121.48662,25.008556]}},{"type":"Feature","properties":{"id":"osm:node:5758571619","name":"永豐商業銀行","category":"bank","nameEn":"Bank SinoPac","brand":"永豐商業銀行","address":"新北市中和區連城路533號","phone":"+886 2 2223 4077"},"geometry":{"type":"Point","coordinates":[121.48069,24.994867]}},{"type":"Feature","properties":{"id":"osm:node:5758571620","name":"台新國際商業銀行","category":"bank","nameEn":"Taishin International Bank","brand":"台新國際商業銀行","address":"新北市永和區中和路341號、343號1樓、2樓","phone":"+886 2 2232 7788"},"geometry":{"type":"Point","coordinates":[121.50773,24.999765]}},{"type":"Feature","properties":{"id":"osm:node:5758572321","name":"聯邦商業銀行","category":"bank","nameEn":"Union Bank of Taiwan","brand":"聯邦商業銀行","address":"新北市永和區中正路222號1樓、2樓、3樓之2","phone":"+886 2 2945 9898"},"geometry":{"type":"Point","coordinates":[121.51604,24.997536]}},{"type":"Feature","properties":{"id":"osm:node:5758572322","name":"京城商業銀行","category":"bank","nameEn":"King's Town Bank","brand":"京城商業銀行","address":"新北市中和區中正路878號1樓","phone":"+886 2 8221 7871"},"geometry":{"type":"Point","coordinates":[121.48395,25.006702]}},{"type":"Feature","properties":{"id":"osm:node:5758572323","name":"兆豐國際商業銀行","category":"bank","nameEn":"Mega International Commercial Bank","brand":"兆豐國際商業銀行","address":"新北市永和區福和路201號","phone":"+886 2 2924 0086"},"geometry":{"type":"Point","coordinates":[121.51949,25.00742]}},{"type":"Feature","properties":{"id":"osm:node:5758572324","name":"聯邦商業銀行","category":"bank","nameEn":"Union Bank of Taiwan","brand":"聯邦商業銀行","opening_hours":"Mo-Fr 09:00-15:30","address":"235601新北市中和區中山路三段146號","phone":"+886 2 2221 9698","website":"https://www.ubot.com.tw/"},"geometry":{"type":"Point","coordinates":[121.473736,25.006516]}},{"type":"Feature","properties":{"id":"osm:node:5758572325","name":"華南商業銀行","category":"bank","nameEn":"Hua Nan Commercial Bank","brand":"華南商業銀行","address":"新北市永和區福和路158號1-2樓地下室","phone":"+886 2 8928 0491"},"geometry":{"type":"Point","coordinates":[121.52149,25.007968]}},{"type":"Feature","properties":{"id":"osm:node:5758572326","name":"華南商業銀行","category":"bank","nameEn":"Hua Nan Commercial Bank","brand":"華南商業銀行","address":"新北市永和區永和路二段147號一樓","phone":"+886 2 2921 4111"},"geometry":{"type":"Point","coordinates":[121.515068,25.012683]}},{"type":"Feature","properties":{"id":"osm:node:5758572327","name":"遠東國際商業銀行","category":"bank","nameEn":"Far Eastern International Bank","brand":"遠東國際商業銀行","address":"新北市永和區福和路222、224號","phone":"+886 2 2232 6500"},"geometry":{"type":"Point","coordinates":[121.519226,25.007748]}},{"type":"Feature","properties":{"id":"osm:node:5758572328","name":"臺灣新光商業銀行","category":"bank","nameEn":"Shin Kong Commercial Bank","brand":"臺灣新光商業銀行","address":"新北市中和區連城路166號1樓","phone":"+886 2 2247 7330"},"geometry":{"type":"Point","coordinates":[121.49366,24.997528]}},{"type":"Feature","properties":{"id":"osm:node:5758572329","name":"國泰世華商業銀行","category":"bank","nameEn":"Cathay United Bank","brand":"國泰世華商業銀行","address":"新北市永和區永和路1段15號1樓、2樓、2樓之1及17號1樓、2樓、2樓之1","phone":"+886 2 2925 8861"},"geometry":{"type":"Point","coordinates":[121.51288,25.005615]}},{"type":"Feature","properties":{"id":"osm:node:5758572330","name":"彰化商業銀行","category":"bank","nameEn":"Chang Hwa Bank","brand":"彰化商業銀行","address":"新北市永和區永和路二段69號1樓、2樓、地下1樓","phone":"+886 2 2924 3334"},"geometry":{"type":"Point","coordinates":[121.51468,25.011292]}},{"type":"Feature","properties":{"id":"osm:node:5758572331","name":"板信商業銀行","category":"bank","nameEn":"Bank of Panshin","brand":"板信商業銀行","address":"新北市永和區永貞路45號、47號1樓","phone":"+886 2 8921 1919"},"geometry":{"type":"Point","coordinates":[121.51979,25.004416]}},{"type":"Feature","properties":{"id":"osm:node:5758572332","name":"華南商業銀行","category":"bank","nameEn":"Hua Nan Commercial Bank","brand":"華南商業銀行","address":"新北市中和區中和路316、318、320號1、2樓","phone":"+886 2 2926 1771"},"geometry":{"type":"Point","coordinates":[121.509481,25.000812]}},{"type":"Feature","properties":{"id":"osm:node:5758572333","name":"臺灣銀行","category":"bank","nameEn":"Bank of Taiwan","brand":"臺灣銀行","address":"新北市永和區仁愛路91、93、95、97、99號,1及2樓","phone":"+886 2 2921 1808"},"geometry":{"type":"Point","coordinates":[121.512847,25.013101]}},{"type":"Feature","properties":{"id":"osm:node:5758572334","name":"板信商業銀行","category":"bank","nameEn":"Bank of Panshin","brand":"板信商業銀行","address":"新北市永和區仁愛路10-1號、12號、14號之1、2樓、16號、18號1樓及24號地下室","phone":"+886 2 2929 9481"},"geometry":{"type":"Point","coordinates":[121.514984,25.01384]}},{"type":"Feature","properties":{"id":"osm:node:5758572335","name":"永豐商業銀行","category":"bank","nameEn":"Bank SinoPac","brand":"永豐商業銀行","address":"新北市中和區連城路246之2、246之3及246之4號1至2樓","phone":"+886 2 8227 5058"},"geometry":{"type":"Point","coordinates":[121.48831,24.996351]}},{"type":"Feature","properties":{"id":"osm:node:5758572336","name":"台北富邦商業銀行","category":"bank","nameEn":"Taipei Fubon Bank","brand":"台北富邦商業銀行","address":"新北市永和區得和路407號1-3樓","phone":"+886 2 8923 8889"},"geometry":{"type":"Point","coordinates":[121.52576,24.999258]}},{"type":"Feature","properties":{"id":"osm:node:5758572337","name":"凱基商業銀行","category":"bank","nameEn":"KGI Commercial Bank","brand":"凱基商業銀行","opening_hours":"Mo-Fr 09:00-15:30","address":"新北市中和區景平路200號","phone":"+886 2 8668 5566"},"geometry":{"type":"Point","coordinates":[121.516075,24.992432]}},{"type":"Feature","properties":{"id":"osm:node:5758572338","name":"聯邦商業銀行","category":"bank","nameEn":"Union Bank of Taiwan","brand":"聯邦商業銀行","address":"新北市永和區永和路二段137號1、2、3、4樓","phone":"+886 2 8660 0808"},"geometry":{"type":"Point","coordinates":[121.515013,25.012446]}},{"type":"Feature","properties":{"id":"osm:node:5758572339","name":"合作金庫商業銀行","category":"bank","nameEn":"Taiwan Cooperative Bank","brand":"合作金庫商業銀行","address":"新北市中和區建一路196號1樓及186號2樓之3","phone":"+886 2 8227 1627"},"geometry":{"type":"Point","coordinates":[121.487529,24.99647]}},{"type":"Feature","properties":{"id":"osm:node:5758572340","name":"玉山商業銀行","category":"bank","nameEn":"E.SUN Commercial Bank","brand":"玉山商業銀行","address":"新北市中和區中和市中山路二段389號1、2樓","phone":"+886 2 2222 1313"},"geometry":{"type":"Point","coordinates":[121.486725,25.004744]}},{"type":"Feature","properties":{"id":"osm:node:5758572341","name":"元大商業銀行","category":"bank","nameEn":"Yuanta Commercial Bank","brand":"元大商業銀行","address":"新北市中和路232號2樓之1及地下一層之1","phone":"+886 2 2245 7198"},"geometry":{"type":"Point","coordinates":[121.50697,24.99942]}},{"type":"Feature","properties":{"id":"osm:node:5758572342","name":"陽信商業銀行","category":"bank","nameEn":"Sunny Commercial Bank","brand":"陽信商業銀行","address":"新北市中和區華新街89、91號1、2樓","phone":"+886 2 8941 9339"},"geometry":{"type":"Point","coordinates":[121.50866,24.983288]}},{"type":"Feature","properties":{"id":"osm:node:5758572343","name":"星展（台灣）商業銀行","category":"bank","nameEn":"DBS Bank Taiwan","brand":"星展銀行","opening_hours":"Mo-Fr 09:00-15:30","address":"234014新北市永和區永和路一段165、167、169、171號1、2樓","phone":"+886 2 6613 7308","website":"https://www.dbs.com.tw/personal-zh/default.page"},"geometry":{"type":"Point","coordinates":[121.514247,25.00971]}},{"type":"Feature","properties":{"id":"osm:node:5758572344","name":"台北富邦商業銀行","category":"bank","nameEn":"Taipei Fubon Bank","brand":"台北富邦商業銀行","address":"新北市永和區保生路3號1至3樓","phone":"+886 2 8923 0888"},"geometry":{"type":"Point","coordinates":[121.506374,25.007254]}},{"type":"Feature","properties":{"id":"osm:node:5758572345","name":"第一商業銀行","category":"bank","nameEn":"First Commercial Bank","brand":"第一商業銀行","address":"新北市中和區安樂路89號、91號及91號2樓","phone":"+886 2 2940 8000"},"geometry":{"type":"Point","coordinates":[121.512834,24.994371]}},{"type":"Feature","properties":{"id":"osm:node:5758572346","name":"兆豐國際商業銀行","category":"bank","nameEn":"Mega International Commercial Bank","brand":"兆豐國際商業銀行","address":"新北市永和區永和路一段67號1、2樓","phone":"+886 2 2231 4567"},"geometry":{"type":"Point","coordinates":[121.513061,25.007063]}},{"type":"Feature","properties":{"id":"osm:node:5758572347","name":"安泰商業銀行","category":"bank","nameEn":"Entie Commercial Bank","brand":"安泰商業銀行","address":"新北市中和區中和路118號、120號及景新街5號2樓","phone":"+886 2 2247 8999"},"geometry":{"type":"Point","coordinates":[121.50316,24.999594]}},{"type":"Feature","properties":{"id":"osm:node:5758572348","name":"國泰世華商業銀行","category":"bank","nameEn":"Cathay United Bank","brand":"國泰世華商業銀行","address":"新北市永和區福和路353-1號1、2樓","phone":"+886 2 2924 1010"},"geometry":{"type":"Point","coordinates":[121.514755,25.007183]}},{"type":"Feature","properties":{"id":"osm:node:5758572349","name":"台新國際商業銀行","category":"bank","nameEn":"Taishin International Bank","brand":"台新國際商業銀行","address":"新北市永和區竹林路195、197號一、二樓","phone":"+886 2 8928 0588"},"geometry":{"type":"Point","coordinates":[121.519851,25.011806]}},{"type":"Feature","properties":{"id":"osm:node:5758572350","name":"玉山商業銀行","category":"bank","nameEn":"E.SUN Commercial Bank","brand":"玉山商業銀行","address":"新北市永和區保安里中山路一段320號1、2、3樓及保生路1號3樓","phone":"+886 2 2923 1313"},"geometry":{"type":"Point","coordinates":[121.506579,25.007035]}},{"type":"Feature","properties":{"id":"osm:node:5758572351","name":"第一商業銀行","category":"bank","nameEn":"First Commercial Bank","brand":"第一商業銀行","address":"新北市中和區中山路二段152號1、2樓、地下一層及148號地下一層","phone":"+886 2 2249 5011"},"geometry":{"type":"Point","coordinates":[121.50162,25.003046]}},{"type":"Feature","properties":{"id":"osm:node:5758572352","name":"彰化商業銀行","category":"bank","nameEn":"Chang Hwa Bank","brand":"彰化商業銀行","address":"新北市中和區中和路182號1樓、2樓","phone":"+886 2 2249 2711"},"geometry":{"type":"Point","coordinates":[121.50496,24.999565]}},{"type":"Feature","properties":{"id":"osm:node:5758572354","name":"國泰世華商業銀行","category":"bank","nameEn":"Cathay United Bank","brand":"國泰世華商業銀行","address":"新北市永和區中山路1段221號1樓、223號1樓、225號1樓","phone":"+886 2 2927 3300"},"geometry":{"type":"Point","coordinates":[121.50827,25.007797]}},{"type":"Feature","properties":{"id":"osm:node:5758572355","name":"合作金庫商業銀行","category":"bank","nameEn":"Taiwan Cooperative Bank","brand":"合作金庫商業銀行","address":"新北市永和區中正路575號","phone":"+886 2 2923 6611"},"geometry":{"type":"Point","coordinates":[121.51668,25.008755]}},{"type":"Feature","properties":{"id":"osm:node:5758572356","name":"板信商業銀行","category":"bank","nameEn":"Bank of Panshin","brand":"板信商業銀行","address":"新北市中和區中正路753號1樓及地下室","phone":"+886 2 2225 9199"},"geometry":{"type":"Point","coordinates":[121.484795,24.99985]}},{"type":"Feature","properties":{"id":"osm:node:5758572357","name":"板信商業銀行","category":"bank","nameEn":"Bank of Panshin","brand":"板信商業銀行","address":"新北市中和區中和路232號","phone":"+886 2 2249 8756"},"geometry":{"type":"Point","coordinates":[121.507005,24.999384]}},{"type":"Feature","properties":{"id":"osm:node:5758572358","name":"臺灣土地銀行","category":"bank","nameEn":"Land Bank of Taiwan","brand":"臺灣土地銀行","address":"新北市中和區中山路二段120號","phone":"+886 2 2242 5300"},"geometry":{"type":"Point","coordinates":[121.502611,25.003695]}},{"type":"Feature","properties":{"id":"osm:node:5758572359","name":"瑞興商業銀行","category":"bank","nameEn":"Taipei Star Bank","brand":"瑞興商業銀行","address":"新北市中和區中正路700號1樓","phone":"+886 2 7731 7000"},"geometry":{"type":"Point","coordinates":[121.48579,24.996535]}},{"type":"Feature","properties":{"id":"osm:node:5758572360","name":"臺灣中小企業銀行","category":"bank","nameEn":"Taiwan Business Bank","brand":"臺灣中小企業銀行","address":"新北市中和區中和路356號1-2樓","phone":"+886 2 2232 7171"},"geometry":{"type":"Point","coordinates":[121.51023,25.001554]}},{"type":"Feature","properties":{"id":"osm:node:5758572361","name":"上海商業儲蓄銀行","category":"bank","nameEn":"Shanghai Commercial and Savings Bank","brand":"上海商業儲蓄銀行","address":"新北市中和區中山路二段146號","phone":"+886 2 2246 9111"},"geometry":{"type":"Point","coordinates":[121.501755,25.003105]}},{"type":"Feature","properties":{"id":"osm:node:5758572362","name":"上海商業儲蓄銀行","category":"bank","nameEn":"Shanghai Commercial and Savings Bank","brand":"上海商業儲蓄銀行","address":"新北市中和區中山路3段106號1樓","phone":"+886 2 2228 7111"},"geometry":{"type":"Point","coordinates":[121.47662,25.006086]}},{"type":"Feature","properties":{"id":"osm:node:5758572363","name":"合作金庫商業銀行","category":"bank","nameEn":"Taiwan Cooperative Bank","brand":"合作金庫商業銀行","address":"新北市中和區興南路一段20號1、2、3樓","phone":"+886 2 2946 1266","wheelchair":"yes"},"geometry":{"type":"Point","coordinates":[121.511246,24.991316]}},{"type":"Feature","properties":{"id":"osm:node:5758572364","name":"陽信商業銀行","category":"bank","nameEn":"Sunny Commercial Bank","brand":"陽信商業銀行","address":"新北市永和區中山路一段186、188號1樓、2樓及188號地下層","phone":"+886 2 2926 5899","wheelchair":"yes"},"geometry":{"type":"Point","coordinates":[121.50899,25.008951]}},{"type":"Feature","properties":{"id":"osm:node:5758572365","name":"玉山商業銀行","category":"bank","nameEn":"E.SUN Commercial Bank","brand":"玉山商業銀行","address":"新北市永和區中正路145號1、2樓及139號2樓","phone":"+886 2 2949 1313"},"geometry":{"type":"Point","coordinates":[121.516174,24.998201]}},{"type":"Feature","properties":{"id":"osm:node:5758572367","name":"臺灣新光商業銀行","category":"bank","nameEn":"Shin Kong Commercial Bank","brand":"臺灣新光商業銀行","address":"新北市中和區中山路三段35-1號","phone":"+886 2 8221 3878"},"geometry":{"type":"Point","coordinates":[121.478843,25.005699]}},{"type":"Feature","properties":{"id":"osm:node:5758572368","name":"國泰世華商業銀行","category":"bank","nameEn":"Cathay United Bank","brand":"國泰世華商業銀行","address":"新北市中和區連城路236號1樓","phone":"+886 2 8228 6976"},"geometry":{"type":"Point","coordinates":[121.48875,24.996439]}},{"type":"Feature","properties":{"id":"osm:node:5758572369","name":"元大商業銀行","category":"bank","nameEn":"Yuanta Commercial Bank","brand":"元大商業銀行","address":"新北市永和區中正路657、659號1、2樓","phone":"+886 2 2232 5558"},"geometry":{"type":"Point","coordinates":[121.51503,25.010122]}},{"type":"Feature","properties":{"id":"osm:node:5762037756","name":"永豐商業銀行","category":"bank","nameEn":"Bank SinoPac","brand":"永豐商業銀行","address":"新北市板橋區雙十路2段6號之10二樓、6號之12一、二樓及大同街2號一、二樓","phone":"+886 2 8252 8999","wheelchair":"limited"},"geometry":{"type":"Point","coordinates":[121.476685,25.026585]}},{"type":"Feature","properties":{"id":"osm:node:5762037757","name":"永豐商業銀行","category":"bank","nameEn":"Bank SinoPac","brand":"永豐商業銀行","address":"新北市板橋區新海路82、84號1、2樓及80號2樓","phone":"+886 2 2257 2199"},"geometry":{"type":"Point","coordinates":[121.461784,25.021938]}},{"type":"Feature","properties":{"id":"osm:node:5762037758","name":"上海商業儲蓄銀行","category":"bank","nameEn":"Shanghai Commercial and Savings Bank","brand":"上海商業儲蓄銀行","address":"新北市板橋區莊敬路56號1樓、2樓、58號1樓、2樓、60號地下1樓","phone":"+886 2 2256 4111"},"geometry":{"type":"Point","coordinates":[121.472837,25.026788]}},{"type":"Feature","properties":{"id":"osm:node:5762037759","name":"陽信商業銀行","category":"bank","nameEn":"Sunny Commercial Bank","brand":"陽信商業銀行","address":"新北市板橋區四川路一段133、135、137、139、141號1、2樓","phone":"+886 2 2955 0008","wheelchair":"yes"},"geometry":{"type":"Point","coordinates":[121.46001,25.004587]}},{"type":"Feature","properties":{"id":"osm:node:5762037760","name":"華泰商業銀行","category":"bank","nameEn":"Hwatai Commercial Bank","brand":"華泰商業銀行","opening_hours":"Mo-Fr 09:00-15:30","address":"新北市板橋區民族路211、215號1、2樓","phone":"+886 2 8951 2201"},"geometry":{"type":"Point","coordinates":[121.469185,25.007385]}},{"type":"Feature","properties":{"id":"osm:node:5762037761","name":"華南商業銀行","category":"bank","nameEn":"Hua Nan Commercial Bank","brand":"華南商業銀行","address":"新北市板橋區文化路一段67號1樓、2樓及69號1樓","phone":"+886 2 2272 3999"},"geometry":{"type":"Point","coordinates":[121.460865,25.013884]}},{"type":"Feature","properties":{"id":"osm:node:5762037762","name":"合作金庫商業銀行","category":"bank","nameEn":"Taiwan Cooperative Bank","brand":"合作金庫商業銀行","address":"新北市板橋區文化路一段20號","phone":"+886 2 2966 0971"},"geometry":{"type":"Point","coordinates":[121.458878,25.010901]}},{"type":"Feature","properties":{"id":"osm:node:5762037763","name":"永豐商業銀行","category":"bank","nameEn":"Bank SinoPac","brand":"永豐商業銀行","address":"新北市板橋區重慶路198號1、2樓","phone":"+886 2 2955 3678","wheelchair":"limited"},"geometry":{"type":"Point","coordinates":[121.46259,25.002733]}},{"type":"Feature","properties":{"id":"osm:node:5762037765","name":"第一商業銀行","category":"bank","nameEn":"First Commercial Bank","brand":"第一商業銀行","opening_hours":"Mo-Fr 09:00-15:30","address":"220867新北市板橋區民生路一段3號1樓及地下1樓","phone":"+886 2 2959 9211","website":"https://www.firstbank.com.tw/"},"geometry":{"type":"Point","coordinates":[121.476181,25.011882]}},{"type":"Feature","properties":{"id":"osm:node:5762037766","name":"板信商業銀行","category":"bank","nameEn":"Bank of Panshin","brand":"板信商業銀行","address":"新北市板橋區縣民大道二段68號27樓","phone":"+886 2 2962 9170"},"geometry":{"type":"Point","coordinates":[121.463449,25.01255]}},{"type":"Feature","properties":{"id":"osm:node:5762037767","name":"台新國際商業銀行","category":"bank","nameEn":"Taishin International Bank","brand":"台新國際商業銀行","address":"新北市板橋區中正路176號1、2樓及國光路1、3號2樓","phone":"+886 2 2965 8888"},"geometry":{"type":"Point","coordinates":[121.45641,25.017483]}},{"type":"Feature","properties":{"id":"osm:node:5762037768","name":"板信商業銀行","category":"bank","nameEn":"Bank of Panshin","brand":"板信商業銀行","address":"新北市板橋區漢生東路339號","phone":"+886 2 2962 9111"},"geometry":{"type":"Point","coordinates":[121.4722,25.007412]}},{"type":"Feature","properties":{"id":"osm:node:5762037769","name":"玉山商業銀行","category":"bank","nameEn":"E.SUN Commercial Bank","brand":"玉山商業銀行","opening_hours":"Mo-Fr 09:00-15:30","address":"220775新北市板橋區西安里中山路二段101號1、2樓","phone":"+886 2 2957 1313","website":"https://www.esunbank.com.tw/"},"geometry":{"type":"Point","coordinates":[121.474493,25.016233]}},{"type":"Feature","properties":{"id":"osm:node:5762037770","name":"合作金庫商業銀行","category":"bank","nameEn":"Taiwan Cooperative Bank","brand":"合作金庫商業銀行","address":"新北市板橋區文化路二段443號 1、2樓、2樓之1、3樓、445號1樓","phone":"+886 2 2255 1333"},"geometry":{"type":"Point","coordinates":[121.47503,25.03335]}},{"type":"Feature","properties":{"id":"osm:node:5762037771","name":"元大商業銀行","category":"bank","nameEn":"Yuanta Commercial Bank","brand":"元大商業銀行","address":"新北市板橋區文化路2段321、323、325、327、329、331號之1、2樓","phone":"+886 2 2258 1188"},"geometry":{"type":"Point","coordinates":[121.472305,25.030233]}},{"type":"Feature","properties":{"id":"osm:node:5762037772","name":"玉山商業銀行","category":"bank","nameEn":"E.SUN Commercial Bank","brand":"玉山商業銀行","opening_hours":"Mo-Fr 09:00-15:30","address":"新北市板橋區正泰里三民路二段188、190、192號1樓及192號2樓","phone":"+886 2 2963 1313","website":"https://www.esunbank.com.tw/"},"geometry":{"type":"Point","coordinates":[121.47885,25.014801]}},{"type":"Feature","properties":{"id":"osm:node:5762037773","name":"遠東國際商業銀行","category":"bank","nameEn":"Far Eastern International Bank","brand":"遠東國際商業銀行","address":"新北市板橋區中正路226、228號","phone":"+886 2 2272 6088"},"geometry":{"type":"Point","coordinates":[121.455905,25.018592]}},{"type":"Feature","properties":{"id":"osm:node:5762037774","name":"遠東國際商業銀行","category":"bank","nameEn":"Far Eastern International Bank","brand":"遠東國際商業銀行","address":"新北市板橋區文化路二段1、3號","phone":"+886 2 2255 6499"},"geometry":{"type":"Point","coordinates":[121.47453,25.031313]}},{"type":"Feature","properties":{"id":"osm:node:5762037776","name":"遠東國際商業銀行","category":"bank","nameEn":"Far Eastern International Bank","brand":"遠東國際商業銀行","address":"新北市板橋區新站路18號","phone":"+886 2 7729 0616","wheelchair":"yes"},"geometry":{"type":"Point","coordinates":[121.46703,25.01341]}},{"type":"Feature","properties":{"id":"osm:node:5762037777","name":"元大商業銀行","category":"bank","nameEn":"Yuanta Commercial Bank","brand":"元大商業銀行","address":"新北市板橋區中山路一段69號1樓及地下1樓","phone":"+886 2 2953 6789"},"geometry":{"type":"Point","coordinates":[121.46121,25.009916]}},{"type":"Feature","properties":{"id":"osm:node:5762037778","name":"華南商業銀行","category":"bank","nameEn":"Hua Nan Commercial Bank","brand":"華南商業銀行","opening_hours":"Mo-Fr 09:00-15:30","address":"新北市板橋區三民路二段37號","phone":"+886 2 2964 6911","website":"https://www.hncb.com.tw/"},"geometry":{"type":"Point","coordinates":[121.4795,25.017342]}},{"type":"Feature","properties":{"id":"osm:node:5762037779","name":"彰化商業銀行","category":"bank","nameEn":"Chang Hwa Bank","brand":"彰化商業銀行","opening_hours":"Mo-Fr 09:00-15:30","address":"220758新北市板橋區中山路二段62號","phone":"+886 2 2961 9181","website":"https://www.bankchb.com/"},"geometry":{"type":"Point","coordinates":[121.474008,25.015689]}},{"type":"Feature","properties":{"id":"osm:node:5762037780","name":"玉山商業銀行","category":"bank","nameEn":"E.SUN Commercial Bank","brand":"玉山商業銀行","address":"新北市板橋區深丘里中山路一段182、182之1、182之2、182之3、182之5號1樓","phone":"+886 2 2256 1313"},"geometry":{"type":"Point","coordinates":[121.468104,25.012817]}},{"type":"Feature","properties":{"id":"osm:node:5762037781","name":"板信商業銀行","category":"bank","nameEn":"Bank of Panshin","brand":"板信商業銀行","opening_hours":"Mo-Fr 09:00-15:30+","address":"新北市板橋區縣民大道二段68號24樓","phone":"+886 2 2962 8066"},"geometry":{"type":"Point","coordinates":[121.463463,25.012546]}},{"type":"Feature","properties":{"id":"osm:node:5762037782","name":"台北富邦商業銀行","category":"bank","nameEn":"Taipei Fubon Bank","brand":"台北富邦商業銀行","address":"臺北市文德路42,46,48號1,2樓","phone":"+886 2 2658 2620"},"geometry":{"type":"Point","coordinates":[121.58019,25.07827]}},{"type":"Feature","properties":{"id":"osm:node:5762037783","name":"臺灣新光商業銀行","category":"bank","nameEn":"Shin Kong Commercial Bank","brand":"臺灣新光商業銀行","opening_hours":"Mo-Fr 09:00-15:30","address":"新北市板橋區中山路一段141號1、2樓","phone":"+886 2 2961 7997","website":"https://www.skbank.com.tw/"},"geometry":{"type":"Point","coordinates":[121.46364,25.011307]}},{"type":"Feature","properties":{"id":"osm:node:5762037784","name":"聯邦商業銀行","category":"bank","nameEn":"Union Bank of Taiwan","brand":"聯邦商業銀行","address":"新北市板橋區民權路226號1、2、3樓","phone":"+886 2 2965 6600"},"geometry":{"type":"Point","coordinates":[121.45877,25.01442]}},{"type":"Feature","properties":{"id":"osm:node:5762037785","name":"國泰世華商業銀行","category":"bank","nameEn":"Cathay United Bank","brand":"國泰世華商業銀行","opening_hours":"Mo-Fr 09:00-15:30","address":"新北市板橋區三民路2段196號1、2樓","phone":"+886 2 2961 8700"},"geometry":{"type":"Point","coordinates":[121.47887,25.014634]}},{"type":"Feature","properties":{"id":"osm:node:5762037786","name":"中國信託商業銀行","category":"bank","nameEn":"CTBC Bank","brand":"中國信託商業銀行","opening_hours":"Mo-Fr 09:00-15:30","address":"220770新北市板橋區中山路二段409、411號及411之1號2樓","phone":"+886 2 2955 0666","website":"https://www.ctbcbank.com/"},"geometry":{"type":"Point","coordinates":[121.48057,25.019823]}},{"type":"Feature","properties":{"id":"osm:node:5762037787","name":"玉山商業銀行","category":"bank","nameEn":"E.SUN Commercial Bank","brand":"玉山商業銀行","address":"新北市板橋區莒光里文化路二段90號1-3樓","phone":"+886 2 8257 1313"},"geometry":{"type":"Point","coordinates":[121.47024,25.025738]}},{"type":"Feature","properties":{"id":"osm:node:5762037788","name":"板信商業銀行","category":"bank","nameEn":"Bank of Panshin","brand":"板信商業銀行","address":"新北市板橋區縣民大道2段68號24樓","phone":"+886 2 2962 9170"},"geometry":{"type":"Point","coordinates":[121.463501,25.012545]}},{"type":"Feature","properties":{"id":"osm:node:5762037789","name":"陽信商業銀行","category":"bank","nameEn":"Sunny Commercial Bank","brand":"陽信商業銀行","address":"新北市板橋區四維路243、245號1、2樓","phone":"+886 2 8253 7789"},"geometry":{"type":"Point","coordinates":[121.46357,25.027494]}},{"type":"Feature","properties":{"id":"osm:node:5762037790","name":"台北富邦商業銀行","category":"bank","nameEn":"Taipei Fubon Bank","brand":"台北富邦商業銀行","opening_hours":"Mo-Fr 09:00-15:30","address":"220776新北市板橋區中山路二段143號","phone":"+886 2 8953 5118"},"geometry":{"type":"Point","coordinates":[121.475296,25.016695]}},{"type":"Feature","properties":{"id":"osm:node:5762037791","name":"臺灣新光商業銀行","category":"bank","nameEn":"Shin Kong Commercial Bank","brand":"臺灣新光商業銀行","address":"新北市板橋區雨農路21號1、2樓","phone":"+886 2 2252 1919"},"geometry":{"type":"Point","coordinates":[121.461454,25.024167]}},{"type":"Feature","properties":{"id":"osm:node:5762037792","name":"臺灣銀行","category":"bank","nameEn":"Bank of Taiwan","brand":"臺灣銀行","address":"新北市板橋區府中路21號一至五樓及地下一樓","phone":"+886 2 2968 0172","wheelchair":"yes"},"geometry":{"type":"Point","coordinates":[121.45937,25.00928]}},{"type":"Feature","properties":{"id":"osm:node:5762037793","name":"凱基商業銀行","category":"bank","nameEn":"KGI Commercial Bank","brand":"凱基商業銀行","address":"新北市板橋區民生路三段13巷2號一、二樓，15號一、二樓，17號一、二樓","phone":"+886 2 2259 7767"},"geometry":{"type":"Point","coordinates":[121.46704,25.023739]}},{"type":"Feature","properties":{"id":"osm:node:5762037794","name":"星展（台灣）商業銀行","category":"bank","nameEn":"DBS Bank Taiwan","brand":"星展銀行","opening_hours":"Mo-Fr 09:00-15:30","address":"220336新北市板橋區新站路16之1號30樓","phone":"+886 2 6613 9208","website":"https://www.dbs.com.tw/personal-zh/default.page"},"geometry":{"type":"Point","coordinates":[121.46701,25.013132]}},{"type":"Feature","properties":{"id":"osm:node:5762037795","name":"彰化商業銀行","category":"bank","nameEn":"Chang Hwa Bank","brand":"彰化商業銀行","address":"新北市板橋區文化路二段7、9號","phone":"+886 2 2259 1001","wheelchair":"yes"},"geometry":{"type":"Point","coordinates":[121.47216,25.027437]}},{"type":"Feature","properties":{"id":"osm:node:5762037796","name":"三信商業銀行","category":"bank","nameEn":"COTA Commercial Bank","brand":"三信商業銀行","opening_hours":"Mo-Fr 09:00-15:30+","address":"新北市板橋區民族路260號","phone":"+886 2 8953 6001"},"geometry":{"type":"Point","coordinates":[121.46948,25.007024]}},{"type":"Feature","properties":{"id":"osm:node:5762037797","name":"中國信託商業銀行","category":"bank","nameEn":"CTBC Bank","brand":"中國信託商業銀行","address":"新北市板橋區文化路一段187號","phone":"+886 2 2960 6600"},"geometry":{"type":"Point","coordinates":[121.46299,25.016495]}},{"type":"Feature","properties":{"id":"osm:node:5762037798","name":"中國信託商業銀行","category":"bank","nameEn":"CTBC Bank","brand":"中國信託商業銀行","opening_hours":"Mo-Fr 09:00-15:30","address":"220731新北市板橋區中山路一段293之1號1樓、2樓","phone":"+886 2 8961 1500","website":"https://www.ctbcbank.com/"},"geometry":{"type":"Point","coordinates":[121.470613,25.014434]}},{"type":"Feature","properties":{"id":"osm:node:5762037799","name":"台新國際商業銀行","category":"bank","nameEn":"Taishin International Bank","brand":"台新國際商業銀行","opening_hours":"Mo-Fr 09:00-15:30","address":"新北市板橋區館前東路41號1樓、2樓、3樓、地下1樓、43號1樓、2樓、3樓、地下一樓","phone":"+886 2 2956 6789","website":"https://www.taishinbank.com.tw/"},"geometry":{"type":"Point","coordinates":[121.460976,25.007384]}},{"type":"Feature","properties":{"id":"osm:node:5762037800","name":"板信商業銀行","category":"bank","nameEn":"Bank of Panshin","brand":"板信商業銀行","address":"新北市板橋區成都街18號","phone":"+886 2 2962 9121"},"geometry":{"type":"Point","coordinates":[121.460556,25.004663]}},{"type":"Feature","properties":{"id":"osm:node:5762037801","name":"台北富邦商業銀行","category":"bank","nameEn":"Taipei Fubon Bank","brand":"台北富邦商業銀行","address":"新北市板橋區縣民大道一段288號1樓、2樓","phone":"+886 2 2958 8598"},"geometry":{"type":"Point","coordinates":[121.461267,25.010213]}},{"type":"Feature","properties":{"id":"osm:node:5762037802","name":"永豐商業銀行","category":"bank","nameEn":"Bank SinoPac","brand":"永豐商業銀行","address":"新北市板橋區府中路23號1至3樓","phone":"+886 2 2967 1112","wheelchair":"yes"},"geometry":{"type":"Point","coordinates":[121.459236,25.009262]}},{"type":"Feature","properties":{"id":"osm:node:5762037803","name":"元大商業銀行","category":"bank","nameEn":"Yuanta Commercial Bank","brand":"元大商業銀行","opening_hours":"Mo-Fr 09:00-15:30","address":"新北市板橋區中山路二段443號1樓、443之1號2樓、443之2號3樓、443之3號4樓、445號1樓、445之1號2樓(欄位有限)","phone":"+886 2 2955 9966","website":"https://www.yuantabank.com.tw/"},"geometry":{"type":"Point","coordinates":[121.481406,25.020246]}},{"type":"Feature","properties":{"id":"osm:node:5762037804","name":"板信商業銀行","category":"bank","nameEn":"Bank of Panshin","brand":"板信商業銀行","address":"新北市板橋區文化路二段382號","phone":"+886 2 2252 9101","wheelchair":"yes"},"geometry":{"type":"Point","coordinates":[121.473595,25.030952]}},{"type":"Feature","properties":{"id":"osm:node:5762037805","name":"台中商業銀行","category":"bank","nameEn":"Taichung Bank","brand":"台中商業銀行","opening_hours":"Mo-Fr 09:00-15:30","address":"220733新北市板橋區民生路一段28之2號","phone":"+886 2 2956 3456","website":"https://www.tcbbank.com.tw/"},"geometry":{"type":"Point","coordinates":[121.476464,25.012757]}},{"type":"Feature","properties":{"id":"osm:node:5762037806","name":"第一商業銀行","category":"bank","nameEn":"First Commercial Bank","brand":"第一商業銀行","address":"新北市板橋區四川路一段107號及107號地下一樓","phone":"+886 2 2961 5171"},"geometry":{"type":"Point","coordinates":[121.45989,25.005196]}},{"type":"Feature","properties":{"id":"osm:node:5762037807","name":"板信商業銀行","category":"bank","nameEn":"Bank of Panshin","brand":"板信商業銀行","address":"新北市板橋區縣民大道二段68號27樓","phone":"+886 2 2962 9170"},"geometry":{"type":"Point","coordinates":[121.463464,25.012539]}},{"type":"Feature","properties":{"id":"osm:node:5762037808","name":"上海商業儲蓄銀行","category":"bank","nameEn":"Shanghai Commercial and Savings Bank","brand":"上海商業儲蓄銀行","address":"新北市板橋區中正路69號","phone":"+886 2 2965 7111"},"geometry":{"type":"Point","coordinates":[121.45624,25.013863]}},{"type":"Feature","properties":{"id":"osm:node:5762037809","name":"華南商業銀行","category":"bank","nameEn":"Hua Nan Commercial Bank","brand":"華南商業銀行","address":"新北市板橋區文化路二段80號","phone":"+886 2 2251 2581"},"geometry":{"type":"Point","coordinates":[121.469696,25.025253]}},{"type":"Feature","properties":{"id":"osm:node:5762037810","name":"永豐商業銀行","category":"bank","nameEn":"Bank SinoPac","brand":"永豐商業銀行","opening_hours":"Mo-Fr 09:00-15:30+","address":"新北市板橋區民族路183號1、2樓","phone":"+886 2 2958 3958"},"geometry":{"type":"Point","coordinates":[121.46872,25.007559]}},{"type":"Feature","properties":{"id":"osm:node:5762037811","name":"國泰世華商業銀行","category":"bank","nameEn":"Cathay United Bank","brand":"國泰世華商業銀行","address":"新北市板橋區三民路1段214號1樓、216號1、2、10樓","phone":"+886 2 8951 9355"},"geometry":{"type":"Point","coordinates":[121.4789,25.019072]}},{"type":"Feature","properties":{"id":"osm:node:5762037812","name":"國泰世華商業銀行","category":"bank","nameEn":"Cathay United Bank","brand":"國泰世華商業銀行","address":"新北市板橋區中正路102號1樓、地下1樓","phone":"+886 2 2965 1811"},"geometry":{"type":"Point","coordinates":[121.4567,25.015276]}},{"type":"Feature","properties":{"id":"osm:node:5762037813","name":"合作金庫商業銀行","category":"bank","nameEn":"Taiwan Cooperative Bank","brand":"合作金庫商業銀行","opening_hours":"Mo-Fr 09:00-15:30","address":"新北市板橋區三民路二段33號一、二樓","phone":"+886 2 2963 1122","website":"https://www.tcb-bank.com.tw/"},"geometry":{"type":"Point","coordinates":[121.479475,25.017674]}},{"type":"Feature","properties":{"id":"osm:node:5762066837","name":"中國信託商業銀行","category":"bank","nameEn":"CTBC Bank","brand":"中國信託商業銀行","address":"臺北市安和路二段193號、195號1、2樓","phone":"+886 2 2738 6171"},"geometry":{"type":"Point","coordinates":[121.550166,25.026822]}},{"type":"Feature","properties":{"id":"osm:node:5762066838","name":"國泰世華商業銀行","category":"bank","nameEn":"Cathay United Bank","brand":"國泰世華商業銀行","address":"臺北市萬大路450、452號","phone":"+886 2 2337 7101"},"geometry":{"type":"Point","coordinates":[121.497765,25.020481]}},{"type":"Feature","properties":{"id":"osm:node:5762066839","name":"聯邦商業銀行","category":"bank","nameEn":"Union Bank of Taiwan","brand":"聯邦商業銀行","address":"臺北市民生東路三段109號2樓","phone":"+886 2 2718 0001"},"geometry":{"type":"Point","coordinates":[121.545142,25.058137]}},{"type":"Feature","properties":{"id":"osm:node:5762066840","name":"元大商業銀行","category":"bank","nameEn":"Yuanta Commercial Bank","brand":"元大商業銀行","address":"臺北市大安區安和路二段78號1樓、敦化南路二段81巷46號1樓。","phone":"+886 2 2702 3366"},"geometry":{"type":"Point","coordinates":[121.551094,25.029701]}},{"type":"Feature","properties":{"id":"osm:node:5762066841","name":"臺灣銀行","category":"bank","nameEn":"Bank of Taiwan","brand":"臺灣銀行","address":"100501臺北市中正區武昌街一段49號前棟3樓","phone":"+886 2 2349 3456"},"geometry":{"type":"Point","coordinates":[121.5109,25.044283]}},{"type":"Feature","properties":{"id":"osm:node:5762066842","name":"彰化商業銀行","category":"bank","nameEn":"Chang Hwa Bank","brand":"彰化商業銀行","address":"臺北市大安區敦化南路二段71號","phone":"+886 2 2784 9821"},"geometry":{"type":"Point","coordinates":[121.549225,25.030588]}},{"type":"Feature","properties":{"id":"osm:node:5762066843","name":"兆豐國際商業銀行","category":"bank","nameEn":"Mega International Commercial Bank","brand":"兆豐國際商業銀行","address":"台北市信義路三段182號1至3樓","phone":"+886 2 2703 7576"},"geometry":{"type":"Point","coordinates":[121.54248,25.033209]}},{"type":"Feature","properties":{"id":"osm:node:5762066844","name":"京城商業銀行","category":"bank","nameEn":"King's Town Bank","brand":"京城商業銀行","address":"臺北市大安區仁愛路四段75號2樓","phone":"+886 2 2771 0922"},"geometry":{"type":"Point","coordinates":[121.547264,25.038242]}},{"type":"Feature","properties":{"id":"osm:node:5762066845","name":"上海商業儲蓄銀行","category":"bank","nameEn":"Shanghai Commercial and Savings Bank","brand":"上海商業儲蓄銀行","address":"臺北市仁愛路二段16號2樓","phone":"+886 2 2356 8111"},"geometry":{"type":"Point","coordinates":[121.526252,25.038027]}},{"type":"Feature","properties":{"id":"osm:node:5762066846","name":"中國信託商業銀行","category":"bank","nameEn":"CTBC Bank","brand":"中國信託商業銀行","address":"臺北市民權西路104之1號","phone":"+886 2 2557 2919"},"geometry":{"type":"Point","coordinates":[121.517426,25.062674]}},{"type":"Feature","properties":{"id":"osm:node:5762066847","name":"遠東國際商業銀行","category":"bank","nameEn":"Far Eastern International Bank","brand":"遠東國際商業銀行","address":"臺北市重慶北路一段30號1、2樓","phone":"+886 2 2550 6600"},"geometry":{"type":"Point","coordinates":[121.513511,25.050916]}},{"type":"Feature","properties":{"id":"osm:node:5762066848","name":"臺灣中小企業銀行","category":"bank","nameEn":"Taiwan Business Bank","brand":"臺灣中小企業銀行","address":"臺北市大同區塔城街30號4樓","phone":"+886 2 2559 7171"},"geometry":{"type":"Point","coordinates":[121.510193,25.051062]}},{"type":"Feature","properties":{"id":"osm:node:5762066849","name":"中國輸出入銀行","category":"bank","address":"臺北市中正區南海路3號7樓","phone":"+886 2 2321 0511"},"geometry":{"type":"Point","coordinates":[121.51678,25.032663]}},{"type":"Feature","properties":{"id":"osm:node:5762066850","name":"台新國際商業銀行","category":"bank","nameEn":"Taishin International Bank","brand":"台新國際商業銀行","address":"臺北市延平北路二段202號1樓","phone":"+886 2 2557 9155"},"geometry":{"type":"Point","coordinates":[121.511252,25.059057]}},{"type":"Feature","properties":{"id":"osm:node:5762066851","name":"臺灣銀行","category":"bank","nameEn":"Bank of Taiwan","brand":"臺灣銀行","address":"臺北市萬華區貴陽街二段26號1、2樓及地下室","phone":"+886 2 2383 0066"},"geometry":{"type":"Point","coordinates":[121.505646,25.03936]}},{"type":"Feature","properties":{"id":"osm:node:5762066854","name":"瑞興商業銀行","category":"bank","nameEn":"Taipei Star Bank","brand":"瑞興商業銀行","address":"臺北市長沙街二段47、49號","phone":"+886 2 2314 5270","wheelchair":"limited"},"geometry":{"type":"Point","coordinates":[121.50582,25.040747]}},{"type":"Feature","properties":{"id":"osm:node:5762066855","name":"台北富邦商業銀行","category":"bank","nameEn":"Taipei Fubon Bank","brand":"台北富邦商業銀行","opening_hours":"Mo-Fr 09:00-15:30","address":"108212臺北市萬華區桂林路52號1、2樓","phone":"+886 2 2302 6226"},"geometry":{"type":"Point","coordinates":[121.504398,25.037757]}},{"type":"Feature","properties":{"id":"osm:node:5762066856","name":"臺灣土地銀行","category":"bank","nameEn":"Land Bank of Taiwan","brand":"臺灣土地銀行","address":"臺北市大安路二段37號1、2樓","phone":"+886 2 2325 6266"},"geometry":{"type":"Point","coordinates":[121.54623,25.031794]}},{"type":"Feature","properties":{"id":"osm:node:5762066857","name":"安泰商業銀行","category":"bank","nameEn":"Entie Commercial Bank","brand":"安泰商業銀行","address":"臺北市和平東路一段117號1樓、2樓及115號2樓","phone":"+886 2 2397 3720"},"geometry":{"type":"Point","coordinates":[121.52705,25.026957]}},{"type":"Feature","properties":{"id":"osm:node:5762066858","name":"渣打國際商業銀行","category":"bank","nameEn":"Standard Chartered Taiwan","brand":"渣打國際商業銀行","address":"臺北市敦化南路二段39號1樓及2樓","phone":"+886 2 6639 6000"},"geometry":{"type":"Point","coordinates":[121.549215,25.03163]}},{"type":"Feature","properties":{"id":"osm:node:5762066859","name":"臺灣新光商業銀行","category":"bank","nameEn":"Shin Kong Commercial Bank","brand":"臺灣新光商業銀行","address":"臺北市信義路二段27號1樓、29號1樓及31號1樓","phone":"+886 2 2356 0506"},"geometry":{"type":"Point","coordinates":[121.52572,25.035023]}},{"type":"Feature","properties":{"id":"osm:node:5762066860","name":"台北富邦商業銀行","category":"bank","nameEn":"Taipei Fubon Bank","brand":"台北富邦商業銀行","address":"臺北市萬大路482,484號1,2樓","phone":"+886 2 2332 5901","wheelchair":"yes"},"geometry":{"type":"Point","coordinates":[121.49737,25.019833]}},{"type":"Feature","properties":{"id":"osm:node:5762066863","name":"永豐商業銀行","category":"bank","nameEn":"Bank SinoPac","brand":"永豐商業銀行","address":"臺北市大安區安和路二段187號地下1層之1","phone":"+886 2 2378 0707"},"geometry":{"type":"Point","coordinates":[121.550121,25.027129]}},{"type":"Feature","properties":{"id":"osm:node:5762066864","name":"臺灣新光商業銀行","category":"bank","nameEn":"Shin Kong Commercial Bank","brand":"臺灣新光商業銀行","address":"臺北市復興北路311號1、2樓","phone":"+886 2 2715 0825"},"geometry":{"type":"Point","coordinates":[121.54443,25.058784]}},{"type":"Feature","properties":{"id":"osm:node:5762066865","name":"瑞興商業銀行","category":"bank","nameEn":"Taipei Star Bank","brand":"瑞興商業銀行","address":"臺北市汀州路一段187、189、191號","phone":"+886 2 2332 3477"},"geometry":{"type":"Point","coordinates":[121.51113,25.02709]}},{"type":"Feature","properties":{"id":"osm:node:5762066866","name":"瑞興商業銀行","category":"bank","nameEn":"Taipei Star Bank","brand":"瑞興商業銀行","address":"臺北市和平東路三段121號地下樓及1、2樓","phone":"+886 2 2738 3636"},"geometry":{"type":"Point","coordinates":[121.551786,25.02458]}},{"type":"Feature","properties":{"id":"osm:node:5762066868","name":"台新國際商業銀行","category":"bank","nameEn":"Taishin International Bank","brand":"台新國際商業銀行","address":"臺北市信義路三段116號2樓之1及118號1樓","phone":"+886 2 2700 9388"},"geometry":{"type":"Point","coordinates":[121.53858,25.03325]}},{"type":"Feature","properties":{"id":"osm:node:5762066869","name":"上海商業儲蓄銀行","category":"bank","nameEn":"Shanghai Commercial and Savings Bank","brand":"上海商業儲蓄銀行","address":"新北市汐止區新台五路一段81號之2","phone":"+886 2 2698 3111"},"geometry":{"type":"Point","coordinates":[121.646308,25.061122]}},{"type":"Feature","properties":{"id":"osm:node:5762066870","name":"國泰世華商業銀行","category":"bank","nameEn":"Cathay United Bank","brand":"國泰世華商業銀行","address":"臺北市仁愛路四段85號1樓及地下1樓","phone":"+886 2 2752 5353"},"geometry":{"type":"Point","coordinates":[121.54785,25.038305]}},{"type":"Feature","properties":{"id":"osm:node:5762066871","name":"元大商業銀行","category":"bank","nameEn":"Yuanta Commercial Bank","brand":"元大商業銀行","address":"臺北市大安區敦化南路二段54號1樓、地下1樓及56號1樓","phone":"+886 2 2705 7888"},"geometry":{"type":"Point","coordinates":[121.548351,25.030801]}},{"type":"Feature","properties":{"id":"osm:node:5762066872","name":"合作金庫商業銀行","category":"bank","nameEn":"Taiwan Cooperative Bank","brand":"合作金庫商業銀行","address":"臺北市大安區敦化南路一段362號","phone":"+886 2 2701 1117"},"geometry":{"type":"Point","coordinates":[121.54838,25.034098]}},{"type":"Feature","properties":{"id":"osm:node:5762066873","name":"兆豐國際商銀","category":"bank","address":"臺北市凱達格蘭大道2號129室","phone":"+886 2 2348 2066"},"geometry":{"type":"Point","coordinates":[121.51635,25.038946]}},{"type":"Feature","properties":{"id":"osm:node:5762066874","name":"元大商業銀行","category":"bank","nameEn":"Yuanta Commercial Bank","brand":"元大商業銀行","address":"臺北市承德路三段210號3、4樓","phone":"+886 2 2182 1977"},"geometry":{"type":"Point","coordinates":[121.5181,25.070753]}},{"type":"Feature","properties":{"id":"osm:node:5762066876","name":"華南商業銀行","category":"bank","nameEn":"Hua Nan Commercial Bank","brand":"華南商業銀行","address":"臺北市康定路149號","phone":"+886 2 2381 2922","wheelchair":"limited"},"geometry":{"type":"Point","coordinates":[121.50195,25.03856]}},{"type":"Feature","properties":{"id":"osm:node:5762066877","name":"臺灣銀行","category":"bank","nameEn":"Bank of Taiwan","brand":"臺灣銀行","address":"臺北市中正區青島東路47號一、二樓、部分三樓及地下一樓","phone":"+886 2 2321 8934"},"geometry":{"type":"Point","coordinates":[121.525635,25.043139]}},{"type":"Feature","properties":{"id":"osm:node:5762066879","name":"板信商業銀行","category":"bank","nameEn":"Bank of Panshin","brand":"板信商業銀行","address":"臺北市萬華區漢中街193號、漢中街147巷30號1樓","phone":"+886 2 2312 2155"},"geometry":{"type":"Point","coordinates":[121.50677,25.04099]}},{"type":"Feature","properties":{"id":"osm:node:5762066880","name":"玉山商業銀行","category":"bank","nameEn":"E.SUN Commercial Bank","brand":"玉山商業銀行","address":"臺北市中山區江山里民生東路三段49號1樓及8樓","phone":"+886 2 2509 1313"},"geometry":{"type":"Point","coordinates":[121.54008,25.05807]}},{"type":"Feature","properties":{"id":"osm:node:5762066883","name":"台北富邦商業銀行","category":"bank","nameEn":"Taipei Fubon Bank","brand":"台北富邦商業銀行","opening_hours":"Mo-Fr 09:00-15:30","address":"106033臺北市大安區敦化南路二段180號1、2樓及2樓之1","phone":"+886 2 2733 9888","website":"https://www.fubon.com/banking/personal/"},"geometry":{"type":"Point","coordinates":[121.548286,25.0237]}},{"type":"Feature","properties":{"id":"osm:node:5762066884","name":"合作金庫商業銀行","category":"bank","nameEn":"Taiwan Cooperative Bank","brand":"合作金庫商業銀行","address":"臺北市萬華區昆明街77號7樓","phone":"+886 2 2311 7531","wheelchair":"limited"},"geometry":{"type":"Point","coordinates":[121.505063,25.043112]}},{"type":"Feature","properties":{"id":"osm:node:5762066885","name":"陽信商業銀行","category":"bank","nameEn":"Sunny Commercial Bank","brand":"陽信商業銀行","address":"臺北市中正區汀洲路二段40號1樓","phone":"+886 2 8369 2288"},"geometry":{"type":"Point","coordinates":[121.517715,25.025249]}},{"type":"Feature","properties":{"id":"osm:node:5762066886","name":"上海商業儲蓄銀行","category":"bank","nameEn":"Shanghai Commercial and Savings Bank","brand":"上海商業儲蓄銀行","address":"臺北市大安區敦化南路二段40號","phone":"+886 2 2701 8111"},"geometry":{"type":"Point","coordinates":[121.54831,25.031607]}},{"type":"Feature","properties":{"id":"osm:node:5762066887","name":"中國信託商業銀行","category":"bank","nameEn":"CTBC Bank","brand":"中國信託商業銀行","address":"臺北市中正區忠孝東路一段55號及55號2樓","phone":"+886 2 2341 3000"},"geometry":{"type":"Point","coordinates":[121.526138,25.044346]}},{"type":"Feature","properties":{"id":"osm:node:5762066888","name":"台新國際商業銀行","category":"bank","nameEn":"Taishin International Bank","brand":"台新國際商業銀行","address":"臺北市信義區松高路1號1樓,2樓","phone":"+886 2 2723 0088"},"geometry":{"type":"Point","coordinates":[121.56421,25.039633]}},{"type":"Feature","properties":{"id":"osm:node:5762066889","name":"第一商業銀行","category":"bank","nameEn":"First Commercial Bank","brand":"第一商業銀行","address":"臺北市萬華區中華路二段42號及44巷2號","phone":"+886 2 2306 8620"},"geometry":{"type":"Point","coordinates":[121.5048,25.032764]}},{"type":"Feature","properties":{"id":"osm:node:5762066890","name":"遠東國際商業銀行","category":"bank","nameEn":"Far Eastern International Bank","brand":"遠東國際商業銀行","address":"臺北市重慶北路一段30號二樓","phone":"+886 2 2550 8811"},"geometry":{"type":"Point","coordinates":[121.513485,25.050941]}},{"type":"Feature","properties":{"id":"osm:node:5762066891","name":"臺灣中小企業銀行","category":"bank","nameEn":"Taiwan Business Bank","brand":"臺灣中小企業銀行","address":"臺北市大同區塔城街30號15樓","phone":"+886 2 2559 0021","wheelchair":"limited"},"geometry":{"type":"Point","coordinates":[121.510332,25.051217]}},{"type":"Feature","properties":{"id":"osm:node:5762066892","name":"台中商業銀行","category":"bank","nameEn":"Taichung Bank","brand":"台中商業銀行","address":"臺北市忠孝東路一段85號8樓之4","phone":"+886 2 2321 9858"},"geometry":{"type":"Point","coordinates":[121.52666,25.044289]}},{"type":"Feature","properties":{"id":"osm:node:5762066893","name":"星展（台灣）商業銀行","category":"bank","nameEn":"DBS Bank Taiwan","brand":"星展銀行","opening_hours":"Mo-Fr 09:00-15:30","address":"106406臺北市大安區金山南路二段200號1樓、地下1樓","phone":"+886 2 6612 8135","website":"https://www.dbs.com.tw/personal-zh/default.page"},"geometry":{"type":"Point","coordinates":[121.525956,25.02791]}},{"type":"Feature","properties":{"id":"osm:node:5762066894","name":"華南商業銀行","category":"bank","nameEn":"Hua Nan Commercial Bank","brand":"華南商業銀行","address":"臺北市博愛路93號1.2.3F","phone":"+886 2 2381 8780","wheelchair":"yes"},"geometry":{"type":"Point","coordinates":[121.51164,25.043194]}},{"type":"Feature","properties":{"id":"osm:node:5762066895","name":"渣打國際商業銀行","category":"bank","nameEn":"Standard Chartered Taiwan","brand":"渣打國際商業銀行","address":"臺北市信義路二段147號、149號、151號1樓及147號、151號2樓","phone":"+886 2 6601 0700"},"geometry":{"type":"Point","coordinates":[121.52851,25.034115]}},{"type":"Feature","properties":{"id":"osm:node:5762066896","name":"臺灣銀行","category":"bank","nameEn":"Bank of Taiwan","brand":"臺灣銀行","address":"臺北市中正區羅斯福路三段242號一樓","phone":"+886 2 2366 7506"},"geometry":{"type":"Point","coordinates":[121.531035,25.01747]}},{"type":"Feature","properties":{"id":"osm:node:5762066897","name":"第一商業銀行","category":"bank","nameEn":"First Commercial Bank","brand":"第一商業銀行","address":"臺北市中正區重慶南路一段30號5樓","phone":"+886 2 2348 1111"},"geometry":{"type":"Point","coordinates":[121.51307,25.045685]}},{"type":"Feature","properties":{"id":"osm:node:5762066898","name":"遠東國際商業銀行","category":"bank","nameEn":"Far Eastern International Bank","brand":"遠東國際商業銀行","address":"臺北市敦化南路二段207號20樓","phone":"+886 2 2312 3636"},"geometry":{"type":"Point","coordinates":[121.54931,25.025986]}},{"type":"Feature","properties":{"id":"osm:node:5762066899","name":"安泰商業銀行","category":"bank","nameEn":"Entie Commercial Bank","brand":"安泰商業銀行","address":"臺北市信義區信義路五段7號16樓及41樓","phone":"+886 2 8101 2277"},"geometry":{"type":"Point","coordinates":[121.56439,25.033881]}},{"type":"Feature","properties":{"id":"osm:node:5762066900","name":"滙豐(台灣)商業銀行","category":"bank","address":"臺北市中正區信義路二段155號1樓、2樓","phone":"+886 2 6633 6666"},"geometry":{"type":"Point","coordinates":[121.52866,25.034098]}},{"type":"Feature","properties":{"id":"osm:node:5762066901","name":"兆豐國際商業銀行","category":"bank","nameEn":"Mega International Commercial Bank","brand":"兆豐國際商業銀行","address":"臺北市衡陽路91號 一樓","phone":"+886 2 2388 8668","wheelchair":"yes"},"geometry":{"type":"Point","coordinates":[121.5103,25.0423]}},{"type":"Feature","properties":{"id":"osm:node:5762066902","name":"臺灣中小企業銀行","category":"bank","nameEn":"Taiwan Business Bank","brand":"臺灣中小企業銀行","opening_hours":"Mo-Fr 09:00-15:30","address":"106606臺北市大安區羅斯福路二段93號1樓","phone":"+886 2 2369 7171","website":"https://www.tbb.com.tw/"},"geometry":{"type":"Point","coordinates":[121.524144,25.025158]}},{"type":"Feature","properties":{"id":"osm:node:5762066904","name":"中國輸出入銀行","category":"bank","address":"臺北市中正區南海路3號7樓","phone":"+886 2 2321 0511"},"geometry":{"type":"Point","coordinates":[121.516807,25.032669]}},{"type":"Feature","properties":{"id":"osm:node:5762066905","name":"台北富邦商業銀行","category":"bank","nameEn":"Taipei Fubon Bank","brand":"台北富邦商業銀行","address":"臺北市信義區市府路1號1樓西南區及地下1樓西南區","phone":"+886 2 2729 8999"},"geometry":{"type":"Point","coordinates":[121.564022,25.037525]}},{"type":"Feature","properties":{"id":"osm:node:5762066906","name":"瑞興商業銀行","category":"bank","nameEn":"Taipei Star Bank","brand":"瑞興商業銀行","opening_hours":"Mo-Fr 09:00-15:30","address":"108038臺北市萬華區西園路二段221號及地下1樓","phone":"+886 2 2337 7556","website":"https://www.taipeistarbank.com.tw/"},"geometry":{"type":"Point","coordinates":[121.494074,25.026946]}},{"type":"Feature","properties":{"id":"osm:node:5762066907","name":"星展（台灣）商業銀行","category":"bank","nameEn":"DBS Bank Taiwan","brand":"星展銀行","opening_hours":"Mo-Fr 09:00-15:30","address":"100015臺北市中正區新生南路一段158號1樓","phone":"+886 2 6633 0958","website":"https://www.dbs.com.tw/personal-zh/default.page"},"geometry":{"type":"Point","coordinates":[121.532458,25.034708]}},{"type":"Feature","properties":{"id":"osm:node:5762066908","name":"元大商業銀行","category":"bank","nameEn":"Yuanta Commercial Bank","brand":"元大商業銀行","address":"臺北市中正區漢口街一段45號1至3樓、47號1至3樓","phone":"+886 2 2311 3166"},"geometry":{"type":"Point","coordinates":[121.51262,25.045273]}},{"type":"Feature","properties":{"id":"osm:node:5762066909","name":"華泰商業銀行","category":"bank","nameEn":"Hwatai Commercial Bank","brand":"華泰商業銀行","address":"臺北市中華路二段418號1樓、2樓之1及420號1樓","phone":"+886 2 2305 1655"},"geometry":{"type":"Point","coordinates":[121.50594,25.027763]}},{"type":"Feature","properties":{"id":"osm:node:5762066910","name":"台北富邦商業銀行","category":"bank","nameEn":"Taipei Fubon Bank","brand":"台北富邦商業銀行","address":"臺北市中正區仁愛路二段61號1、2樓","phone":"+886 2 2351 2081"},"geometry":{"type":"Point","coordinates":[121.530136,25.038475]}},{"type":"Feature","properties":{"id":"osm:node:5762066911","name":"臺灣銀行","category":"bank","nameEn":"Bank of Taiwan","brand":"臺灣銀行","address":"臺北市大安區信義路三段132號1至3樓及地下1樓","phone":"+886 2 2705 7905"},"geometry":{"type":"Point","coordinates":[121.53922,25.033274]}},{"type":"Feature","properties":{"id":"osm:node:5762066912","name":"安泰商業銀行","category":"bank","nameEn":"Entie Commercial Bank","brand":"安泰商業銀行","address":"臺北市中正區汀州路二段48、50號1樓及2樓","phone":"+886 2 2365 9121"},"geometry":{"type":"Point","coordinates":[121.517889,25.025204]}},{"type":"Feature","properties":{"id":"osm:node:5762066913","name":"臺灣土地銀行","category":"bank","nameEn":"Land Bank of Taiwan","brand":"臺灣土地銀行","address":"臺北市敦化南路二段76號","phone":"+886 2 2707 1234"},"geometry":{"type":"Point","coordinates":[121.54817,25.02923]}},{"type":"Feature","properties":{"id":"osm:node:5762066915","name":"第一商業銀行","category":"bank","nameEn":"First Commercial Bank","brand":"第一商業銀行","address":"臺北市大安區敦化南路二段65號1、2樓","phone":"+886 2 2784 9811"},"geometry":{"type":"Point","coordinates":[121.54918,25.030802]}},{"type":"Feature","properties":{"id":"osm:node:5762066916","name":"彰化商業銀行","category":"bank","nameEn":"Chang Hwa Bank","brand":"彰化商業銀行","address":"臺北市中正區金山南路一段47號1樓、地下1樓","phone":"+886 2 2356 0000"},"geometry":{"type":"Point","coordinates":[121.528915,25.03927]}},{"type":"Feature","properties":{"id":"osm:node:5762066917","name":"遠東國際商業銀行","category":"bank","nameEn":"Far Eastern International Bank","brand":"遠東國際商業銀行","address":"臺北市大安區敦化南路二段205、207、209號一樓及203、207號二樓","phone":"+886 2 2378 6868"},"geometry":{"type":"Point","coordinates":[121.549425,25.025961]}},{"type":"Feature","properties":{"id":"osm:node:5762066918","name":"台北富邦商業銀行","category":"bank","nameEn":"Taipei Fubon Bank","brand":"台北富邦商業銀行","opening_hours":"Mo-Fr 09:00-15:30","address":"108025臺北市萬華區西園路二段152號1、2、3樓","phone":"+886 2 2302 3666"},"geometry":{"type":"Point","coordinates":[121.496061,25.030068]}},{"type":"Feature","properties":{"id":"osm:node:5762066919","name":"台北富邦商業銀行","category":"bank","nameEn":"Taipei Fubon Bank","brand":"台北富邦商業銀行","address":"臺北市中正區信義路二段157、159號","phone":"+886 2 2327 9908"},"geometry":{"type":"Point","coordinates":[121.528725,25.034096]}},{"type":"Feature","properties":{"id":"osm:node:5762066920","name":"王道商業銀行股份有限公司","category":"bank","address":"臺北市信義區松壽路18號","phone":"+886 2 2723 8721","wheelchair":"yes"},"geometry":{"type":"Point","coordinates":[121.56681,25.035685]}},{"type":"Feature","properties":{"id":"osm:node:5762066921","name":"元大商業銀行","category":"bank","nameEn":"Yuanta Commercial Bank","brand":"元大商業銀行","opening_hours":"Mo-Fr 09:00-15:30","address":"103009臺北市大同區延平北路二段57、59號1、2樓","phone":"+886 2 2558 9222","website":"https://www.yuantabank.com.tw/","wheelchair":"limited"},"geometry":{"type":"Point","coordinates":[121.511813,25.055394]}},{"type":"Feature","properties":{"id":"osm:node:5762066923","name":"臺灣銀行","category":"bank","nameEn":"Bank of Taiwan","brand":"臺灣銀行","address":"臺北市大安區敦化南路二段69號1樓及65號7樓","phone":"+886 2 2755 3121"},"geometry":{"type":"Point","coordinates":[121.5492,25.030645]}},{"type":"Feature","properties":{"id":"osm:node:5762066924","name":"元大商業銀行","category":"bank","nameEn":"Yuanta Commercial Bank","brand":"元大商業銀行","address":"臺北市中正區羅斯福路一段99 號1-2樓、101號、103號","phone":"+886 2 2321 3300"},"geometry":{"type":"Point","coordinates":[121.52004,25.030758]}},{"type":"Feature","properties":{"id":"osm:node:5762066925","name":"中國信託商業銀行","category":"bank","nameEn":"CTBC Bank","brand":"中國信託商業銀行","address":"臺北市萬華區長沙街二段92、96號1樓","phone":"+886 2 2389 8188","wheelchair":"yes"},"geometry":{"type":"Point","coordinates":[121.50481,25.040348]}},{"type":"Feature","properties":{"id":"osm:node:5762066926","name":"台新國際商業銀行","category":"bank","nameEn":"Taishin International Bank","brand":"台新國際商業銀行","address":"臺北市大安區仁愛路四段118號7、9、11樓、台北市中山區建國北路一段96號地下1樓之2及12樓","phone":"+886 2 2326 8899"},"geometry":{"type":"Point","coordinates":[121.549829,25.037341]}},{"type":"Feature","properties":{"id":"osm:node:5762066927","name":"華泰商業銀行","category":"bank","nameEn":"Hwatai Commercial Bank","brand":"華泰商業銀行","address":"臺北市敦化南路二段130號1樓、128號2樓之2、.四維路367號1樓","phone":"+886 2 2708 9399"},"geometry":{"type":"Point","coordinates":[121.5483,25.026106]}},{"type":"Feature","properties":{"id":"osm:node:5762066928","name":"彰化商業銀行","category":"bank","nameEn":"Chang Hwa Bank","brand":"彰化商業銀行","address":"臺北市大同區延平北路一段19號1樓、鄭州路87 號1樓、2樓之1","phone":"+886 2 2558 6271","wheelchair":"limited"},"geometry":{"type":"Point","coordinates":[121.512168,25.05009]}},{"type":"Feature","properties":{"id":"osm:node:5762066929","name":"臺灣中小企業銀行","category":"bank","nameEn":"Taiwan Business Bank","brand":"臺灣中小企業銀行","address":"臺北市大同區塔城街30號3樓","phone":"+886 2 2559 0818"},"geometry":{"type":"Point","coordinates":[121.510233,25.051242]}},{"type":"Feature","properties":{"id":"osm:node:5762066930","name":"彰化商業銀行","category":"bank","nameEn":"Chang Hwa Bank","brand":"彰化商業銀行","address":"臺北市萬華區康定路304號","phone":"+886 2 2306 0201"},"geometry":{"type":"Point","coordinates":[121.501301,25.036195]}},{"type":"Feature","properties":{"id":"osm:node:5762066931","name":"台中商業銀行","category":"bank","nameEn":"Taichung Bank","brand":"台中商業銀行","address":"臺北市忠孝東路一段85號一樓及地下一樓","phone":"+886 2 2321 1819"},"geometry":{"type":"Point","coordinates":[121.526563,25.044247]}},{"type":"Feature","properties":{"id":"osm:node:5762066932","name":"合作金庫商業銀行","category":"bank","nameEn":"Taiwan Cooperative Bank","brand":"合作金庫商業銀行","address":"臺北市大同區承德路三段10號","phone":"+886 2 2593 2323"},"geometry":{"type":"Point","coordinates":[121.51808,25.063793]}},{"type":"Feature","properties":{"id":"osm:node:5762066933","name":"臺灣銀行","category":"bank","nameEn":"Bank of Taiwan","brand":"臺灣銀行","address":"臺北市中正區東門里15鄰紹興南街21號","phone":"+886 2 2394 3168"},"geometry":{"type":"Point","coordinates":[121.523804,25.037298]}},{"type":"Feature","properties":{"id":"osm:node:5762066934","name":"滙豐(台灣)商業銀行","category":"bank","address":"臺北市大安區和平東路一段115號1樓","phone":"+886 2 6633 5866"},"geometry":{"type":"Point","coordinates":[121.52692,25.026976]}},{"type":"Feature","properties":{"id":"osm:node:5762066935","name":"永豐商業銀行","category":"bank","nameEn":"Bank SinoPac","brand":"永豐商業銀行","address":"臺北市萬華區成都路75、77號1樓、67號2樓之5及2樓之6","phone":"+886 2 2381 8255","wheelchair":"no"},"geometry":{"type":"Point","coordinates":[121.50552,25.042974]}},{"type":"Feature","properties":{"id":"osm:node:5762066936","name":"中國信託商業銀行","category":"bank","nameEn":"CTBC Bank","brand":"中國信託商業銀行","address":"臺北市中山區民生東路三段51號","phone":"+886 2 2509 3656"},"geometry":{"type":"Point","coordinates":[121.5402,25.058237]}},{"type":"Feature","properties":{"id":"osm:node:5762066938","name":"板信商業銀行","category":"bank","nameEn":"Bank of Panshin","brand":"板信商業銀行","address":"臺北市萬華區東園街145、149號","phone":"+886 2 2301 1180"},"geometry":{"type":"Point","coordinates":[121.49716,25.024654]}},{"type":"Feature","properties":{"id":"osm:node:5762066939","name":"星展（台灣）商業銀行","category":"bank","nameEn":"DBS Bank Taiwan","brand":"星展銀行","opening_hours":"Mo-Fr 09:00-15:30","address":"106056臺北市大安區安和路二段185號1樓、187號1樓及181巷2號2樓之1、2樓之2","phone":"+886 2 6633 0908","website":"https://www.dbs.com.tw/personal-zh/default.page"},"geometry":{"type":"Point","coordinates":[121.550068,25.027233]}},{"type":"Feature","properties":{"id":"osm:node:5762066940","name":"臺灣中小企業銀行","category":"bank","nameEn":"Taiwan Business Bank","brand":"臺灣中小企業銀行","address":"臺北市大安區敦化南路二段92號","phone":"+886 2 2700 7171"},"geometry":{"type":"Point","coordinates":[121.54833,25.028395]}},{"type":"Feature","properties":{"id":"osm:node:5762066941","name":"國泰世華商業銀行","category":"bank","nameEn":"Cathay United Bank","brand":"國泰世華商業銀行","address":"臺北市敦化南路二段32號1樓、2樓、2樓之1及四維路103號1樓","phone":"+886 2 2705 2316"},"geometry":{"type":"Point","coordinates":[121.548325,25.031548]}},{"type":"Feature","properties":{"id":"osm:node:5762066942","name":"台北富邦商業銀行","category":"bank","nameEn":"Taipei Fubon Bank","brand":"台北富邦商業銀行","address":"臺北市敦化南路二段97號1樓","phone":"+886 2 2701 2409"},"geometry":{"type":"Point","coordinates":[121.54927,25.02893]}},{"type":"Feature","properties":{"id":"osm:node:5762066943","name":"遠東國際商業銀行","category":"bank","nameEn":"Far Eastern International Bank","brand":"遠東國際商業銀行","address":"臺北市重慶北路一段30號2樓","phone":"+886 2 2550 8811"},"geometry":{"type":"Point","coordinates":[121.51352,25.050975]}},{"type":"Feature","properties":{"id":"osm:node:5762066944","name":"彰化商業銀行","category":"bank","nameEn":"Chang Hwa Bank","brand":"彰化商業銀行","address":"臺北市中正區信義路二段139號一、二樓及135號二樓","phone":"+886 2 2932 1241"},"geometry":{"type":"Point","coordinates":[121.52825,25.03416]}},{"type":"Feature","properties":{"id":"osm:node:5762066945","name":"國泰世華商業銀行","category":"bank","nameEn":"Cathay United Bank","brand":"國泰世華商業銀行","address":"臺北市大同區重慶北路二段48號B1之2、B1之3、2樓之1、4樓之3；50號1樓；52號1樓","phone":"+886 2 2555 2468"},"geometry":{"type":"Point","coordinates":[121.51388,25.055475]}},{"type":"Feature","properties":{"id":"osm:node:5762066946","name":"華泰商業銀行","category":"bank","nameEn":"Hwatai Commercial Bank","brand":"華泰商業銀行","address":"臺北市信義區和平東路三段319號2樓、321號1至2樓","phone":"+886 2 2732 2128"},"geometry":{"type":"Point","coordinates":[121.55609,25.021341]}},{"type":"Feature","properties":{"id":"osm:node:5762066947","name":"中國信託商業銀行","category":"bank","nameEn":"CTBC Bank","brand":"中國信託商業銀行","address":"臺北市敦化南路二段68號、70號、70號2樓、70號2樓之1、70號2樓之2、70號2樓之3及四維路143號、145號","phone":"+886 2 2325 3616"},"geometry":{"type":"Point","coordinates":[121.548299,25.029755]}},{"type":"Feature","properties":{"id":"osm:node:5762066948","name":"上海商業儲蓄銀行","category":"bank","nameEn":"Shanghai Commercial and Savings Bank","brand":"上海商業儲蓄銀行","address":"臺北市內江街57號1~3樓、59號2樓及61號2樓","phone":"+886 2 2311 5111","wheelchair":"limited"},"geometry":{"type":"Point","coordinates":[121.505071,25.041672]}},{"type":"Feature","properties":{"id":"osm:node:5762066949","name":"合作金庫商業銀行","category":"bank","nameEn":"Taiwan Cooperative Bank","brand":"合作金庫商業銀行","address":"臺北市大同區重慶北路二段67號","phone":"+886 2 2556 8111"},"geometry":{"type":"Point","coordinates":[121.51423,25.05575]}},{"type":"Feature","properties":{"id":"osm:node:5762066950","name":"臺灣土地銀行","category":"bank","nameEn":"Land Bank of Taiwan","brand":"臺灣土地銀行","address":"臺北市延平南路81號","phone":"+886 2 2348 3902","wheelchair":"yes"},"geometry":{"type":"Point","coordinates":[121.510864,25.04366]}},{"type":"Feature","properties":{"id":"osm:node:5762066951","name":"臺灣銀行","category":"bank","nameEn":"Bank of Taiwan","brand":"臺灣銀行","address":"臺北市中正區中山南路1號1樓及B1","phone":"+886 2 2341 1001"},"geometry":{"type":"Point","coordinates":[121.51958,25.044]}},{"type":"Feature","properties":{"id":"osm:node:5762066952","name":"彰化商業銀行","category":"bank","nameEn":"Chang Hwa Bank","brand":"彰化商業銀行","address":"臺北市大安區信義路四段155號","phone":"+886 2 2703 9081"},"geometry":{"type":"Point","coordinates":[121.55009,25.033604]}},{"type":"Feature","properties":{"id":"osm:node:5762067153","name":"遠東國際商業銀行","category":"bank","nameEn":"Far Eastern International Bank","brand":"遠東國際商業銀行","address":"臺北市信義區信義路五段7號51樓之1","phone":"+886 2 8101 0168"},"geometry":{"type":"Point","coordinates":[121.564358,25.033988]}},{"type":"Feature","properties":{"id":"osm:node:5762067154","name":"臺灣新光商業銀行","category":"bank","nameEn":"Shin Kong Commercial Bank","brand":"臺灣新光商業銀行","opening_hours":"Mo-Fr 09:00-15:30","address":"108025臺北市萬華區西園路二段37、39號","phone":"+886 2 2306 1271","website":"https://www.skbank.com.tw/"},"geometry":{"type":"Point","coordinates":[121.497442,25.031773]}},{"type":"Feature","properties":{"id":"osm:node:5762067155","name":"第一商業銀行","category":"bank","nameEn":"First Commercial Bank","brand":"第一商業銀行","address":"臺北市大安區和平東路二段151號、151號2樓之1","phone":"+886 2 2703 5111"},"geometry":{"type":"Point","coordinates":[121.541194,25.025393]}},{"type":"Feature","properties":{"id":"osm:node:5762067157","name":"合作金庫商業銀行","category":"bank","nameEn":"Taiwan Cooperative Bank","brand":"合作金庫商業銀行","address":"臺北市萬華區昆明街77號5樓","wheelchair":"limited"},"geometry":{"type":"Point","coordinates":[121.505026,25.043158]}},{"type":"Feature","properties":{"id":"osm:node:5762067158","name":"上海商業儲蓄銀行","category":"bank","nameEn":"Shanghai Commercial and Savings Bank","brand":"上海商業儲蓄銀行","address":"臺北市仁愛路二段16號1樓及4樓、16之1號1樓、16之2號1樓","phone":"+886 2 2393 3111"},"geometry":{"type":"Point","coordinates":[121.52624,25.038054]}},{"type":"Feature","properties":{"id":"osm:node:5762067159","name":"台北富邦商業銀行","category":"bank","nameEn":"Taipei Fubon Bank","brand":"台北富邦商業銀行","address":"臺北市信義區市府路1號","phone":"+886 2 2720 9001"},"geometry":{"type":"Point","coordinates":[121.563995,25.03753]}},{"type":"Feature","properties":{"id":"osm:node:5762067160","name":"新光商業銀行","category":"bank","address":"臺北市中央北路二段422、424、426號1樓","phone":"+886 2 2898 2399","wheelchair":"yes"},"geometry":{"type":"Point","coordinates":[121.487015,25.1385]}},{"type":"Feature","properties":{"id":"osm:node:5762067161","name":"彰化商業銀行","category":"bank","nameEn":"Chang Hwa Bank","brand":"彰化商業銀行","address":"臺北市萬華區莒光路312號","phone":"+886 2 2304 21419"},"geometry":{"type":"Point","coordinates":[121.49783,25.03131]}},{"type":"Feature","properties":{"id":"osm:node:5762067162","name":"臺灣中小企業銀行","category":"bank","nameEn":"Taiwan Business Bank","brand":"臺灣中小企業銀行","address":"臺北市塔城街30號10樓","phone":"+886 2 2550 9567","wheelchair":"limited"},"geometry":{"type":"Point","coordinates":[121.51026,25.051176]}},{"type":"Feature","properties":{"id":"osm:node:5762067163","name":"中國信託商業銀行","category":"bank","nameEn":"CTBC Bank","brand":"中國信託商業銀行","address":"臺北市信義區松高路9號、9號2樓、9號15樓及11號15樓","phone":"+886 2 2722 1668"},"geometry":{"type":"Point","coordinates":[121.565172,25.039542]}},{"type":"Feature","properties":{"id":"osm:node:5762067165","name":"國泰世華商業銀行","category":"bank","nameEn":"Cathay United Bank","brand":"國泰世華商業銀行","address":"臺北市民權東路三段144號1樓、2樓-3、2樓-4","phone":"+886 2 2545 2155"},"geometry":{"type":"Point","coordinates":[121.54726,25.061785]}},{"type":"Feature","properties":{"id":"osm:node:5762067166","name":"瑞興商業銀行","category":"bank","nameEn":"Taipei Star Bank","brand":"瑞興商業銀行","address":"臺北市延平北路二段133號.135巷2號","phone":"+886 2 2553 9101"},"geometry":{"type":"Point","coordinates":[121.51164,25.057602]}},{"type":"Feature","properties":{"id":"osm:node:5762067167","name":"玉山商業銀行","category":"bank","nameEn":"E.SUN Commercial Bank","brand":"玉山商業銀行","address":"臺北市大安區復興南路二段237號1樓","phone":"+886 2 2755 1313"},"geometry":{"type":"Point","coordinates":[121.54382,25.026012]}},{"type":"Feature","properties":{"id":"osm:node:5762067168","name":"遠東國際商業銀行","category":"bank","nameEn":"Far Eastern International Bank","brand":"遠東國際商業銀行","address":"103006臺北市大同區延平北路二段86號1樓","phone":"+886 2 2558 6186","website":"https://www.feib.com.tw/","wheelchair":"no"},"geometry":{"type":"Point","coordinates":[121.511545,25.056089]}},{"type":"Feature","properties":{"id":"osm:node:5762067169","name":"聯邦商業銀行","category":"bank","nameEn":"Union Bank of Taiwan","brand":"聯邦商業銀行","address":"臺北市民生東路三段109號2樓","phone":"+886 2 2718 00012288"},"geometry":{"type":"Point","coordinates":[121.545321,25.058139]}},{"type":"Feature","properties":{"id":"osm:node:5762067170","name":"板信商業銀行","category":"bank","nameEn":"Bank of Panshin","brand":"板信商業銀行","address":"臺北市大同區鄭州路27、27-1號","phone":"+886 2 2555 8151"},"geometry":{"type":"Point","coordinates":[121.514244,25.049425]}},{"type":"Feature","properties":{"id":"osm:node:5762067171","name":"元大商業銀行","category":"bank","nameEn":"Yuanta Commercial Bank","brand":"元大商業銀行","address":"臺北市中正區仁愛路二段47號1-2樓","phone":"+886 2 2341 8822"},"geometry":{"type":"Point","coordinates":[121.52924,25.038425]}},{"type":"Feature","properties":{"id":"osm:node:5762067172","name":"第一商業銀行","category":"bank","nameEn":"First Commercial Bank","brand":"第一商業銀行","address":"臺北市大安區仁愛路四段50號1、2樓","phone":"+886 2 2702 3111"},"geometry":{"type":"Point","coordinates":[121.547295,25.037586]}},{"type":"Feature","properties":{"id":"osm:node:5762067173","name":"台新國際商業銀行","category":"bank","nameEn":"Taishin International Bank","brand":"台新國際商業銀行","address":"臺北市大安區仁愛路四段118號1樓、4樓、14樓及地下1樓","phone":"+886 2 2326 8899"},"geometry":{"type":"Point","coordinates":[121.549825,25.037399]}},{"type":"Feature","properties":{"id":"osm:node:5762067174","name":"臺灣土地銀行","category":"bank","nameEn":"Land Bank of Taiwan","brand":"臺灣土地銀行","opening_hours":"Mo-Fr 09:00-15:30","address":"108038臺北市萬華區西園路二段205號","phone":"+886 2 2332 2778","website":"https://www.landbank.com.tw/"},"geometry":{"type":"Point","coordinates":[121.494487,25.027286]}},{"type":"Feature","properties":{"id":"osm:node:5762067175","name":"瑞興商業銀行","category":"bank","nameEn":"Taipei Star Bank","brand":"瑞興商業銀行","address":"臺北市重慶南路一段64號2樓","phone":"+886 2 7729 3900","wheelchair":"yes"},"geometry":{"type":"Point","coordinates":[121.513061,25.043705]}},{"type":"Feature","properties":{"id":"osm:node:5762067176","name":"國泰世華商業銀行","category":"bank","nameEn":"Cathay United Bank","brand":"國泰世華商業銀行","address":"臺北市忠孝東路二段128號1樓、128-1號1樓、130-1號1樓、130號2樓之1、130號2樓之2","phone":"+886 2 2395 2121"},"geometry":{"type":"Point","coordinates":[121.53172,25.042393]}},{"type":"Feature","properties":{"id":"osm:node:5762067177","name":"台北富邦商業銀行","category":"bank","nameEn":"Taipei Fubon Bank","brand":"台北富邦商業銀行","opening_hours":"Mo-Fr 09:00-15:30","address":"103009臺北市大同區延平北路二段69號1樓及B1","phone":"+886 2 2555 2170","wheelchair":"no"},"geometry":{"type":"Point","coordinates":[121.511785,25.055816]}},{"type":"Feature","properties":{"id":"osm:node:5762067178","name":"遠東國際商業銀行","category":"bank","nameEn":"Far Eastern International Bank","brand":"遠東國際商業銀行","address":"臺北市信義路二段135號1、2樓","phone":"+886 2 2356 7711"},"geometry":{"type":"Point","coordinates":[121.52816,25.03417]}},{"type":"Feature","properties":{"id":"osm:node:5762067179","name":"國泰世華商業銀行","category":"bank","nameEn":"Cathay United Bank","brand":"國泰世華商業銀行","address":"臺北市中正區博愛路77號2樓、2樓之1、2樓之2、2樓之3、3樓、3樓之1","phone":"+886 2 2331 9595","wheelchair":"yes"},"geometry":{"type":"Point","coordinates":[121.51171,25.043604]}},{"type":"Feature","properties":{"id":"osm:node:5762067180","name":"合作金庫商業銀行","category":"bank","nameEn":"Taiwan Cooperative Bank","brand":"合作金庫商業銀行","address":"臺北市大安區信義路四段170號","phone":"+886 2 2706 7188"},"geometry":{"type":"Point","coordinates":[121.550926,25.032979]}},{"type":"Feature","properties":{"id":"osm:node:5762067181","name":"兆豐國際商業銀行","category":"bank","nameEn":"Mega International Commercial Bank","brand":"兆豐國際商業銀行","address":"臺北市敦化南路二段62號","phone":"+886 2 2705 0136"},"geometry":{"type":"Point","coordinates":[121.548357,25.030131]}},{"type":"Feature","properties":{"id":"osm:node:5762067182","name":"上海商業儲蓄銀行","category":"bank","nameEn":"Shanghai Commercial and Savings Bank","brand":"上海商業儲蓄銀行","address":"臺北市松山區民權東路三段142號1樓","phone":"+886 2 2716 8111"},"geometry":{"type":"Point","coordinates":[121.546929,25.061632]}},{"type":"Feature","properties":{"id":"osm:node:5762067183","name":"第一商業銀行","category":"bank","nameEn":"First Commercial Bank","brand":"第一商業銀行","address":"臺北市中正區重慶南路一段30號","phone":"+886 2 2348 1111"},"geometry":{"type":"Point","coordinates":[121.513069,25.04573]}},{"type":"Feature","properties":{"id":"osm:node:5762067184","name":"台新國際商業銀行","category":"bank","nameEn":"Taishin International Bank","brand":"台新國際商業銀行","address":"臺北市大安區和平東路一段238號1、2樓","phone":"+886 2 2368 5589","wheelchair":"limited"},"geometry":{"type":"Point","coordinates":[121.5325,25.026064]}},{"type":"Feature","properties":{"id":"osm:node:5762067185","name":"國泰世華商業銀行","category":"bank","nameEn":"Cathay United Bank","brand":"國泰世華商業銀行","address":"臺北市大安區敦化南路二段218號1樓及地下一樓","phone":"+886 2 2377 6999"},"geometry":{"type":"Point","coordinates":[121.54827,25.021717]}},{"type":"Feature","properties":{"id":"osm:node:5762067187","name":"遠東國際商業銀行","category":"bank","nameEn":"Far Eastern International Bank","brand":"遠東國際商業銀行","address":"臺北市信義區基隆路一段200號之3、200號2樓之1","phone":"+886 2 2722 9558"},"geometry":{"type":"Point","coordinates":[121.56355,25.040192]}},{"type":"Feature","properties":{"id":"osm:node:5762067188","name":"臺灣土地銀行","category":"bank","nameEn":"Land Bank of Taiwan","brand":"臺灣土地銀行","address":"臺北市館前路46號","phone":"+886 2 2348 3456"},"geometry":{"type":"Point","coordinates":[121.514773,25.044045]}},{"type":"Feature","properties":{"id":"osm:node:5762067189","name":"聯邦商業銀行","category":"bank","nameEn":"Union Bank of Taiwan","brand":"聯邦商業銀行","address":"臺北市松山區民生東路三段109號1、2樓","phone":"+886 2 2718 0001"},"geometry":{"type":"Point","coordinates":[121.5453,25.058076]}},{"type":"Feature","properties":{"id":"osm:node:5762067190","name":"元大商業銀行","category":"bank","nameEn":"Yuanta Commercial Bank","brand":"元大商業銀行","address":"臺北市中山區敬業一路99號1樓","phone":"+886 2 2321 6600","wheelchair":"no"},"geometry":{"type":"Point","coordinates":[121.552017,25.083166]}},{"type":"Feature","properties":{"id":"osm:node:5762067191","name":"第一商業銀行","category":"bank","nameEn":"First Commercial Bank","brand":"第一商業銀行","address":"臺北市中山區民生東路二段161、163號","phone":"+886 2 2506 0110"},"geometry":{"type":"Point","coordinates":[121.53639,25.058125]}},{"type":"Feature","properties":{"id":"osm:node:5762067192","name":"台北富邦商業銀行","category":"bank","nameEn":"Taipei Fubon Bank","brand":"台北富邦商業銀行","address":"新北市汐止區新台五路一段81號之1","phone":"+886 2 2698 0828"},"geometry":{"type":"Point","coordinates":[121.646308,25.061168]}},{"type":"Feature","properties":{"id":"osm:node:5762067193","name":"臺灣銀行","category":"bank","nameEn":"Bank of Taiwan","brand":"臺灣銀行","address":"100501臺北市中正區武昌街一段49號","phone":"+886 2 2349 3456"},"geometry":{"type":"Point","coordinates":[121.510826,25.044283]}},{"type":"Feature","properties":{"id":"osm:node:5762067194","name":"陽信商業銀行","category":"bank","nameEn":"Sunny Commercial Bank","brand":"陽信商業銀行","address":"臺北市信義區和平東路三段225號1樓及227號1樓","phone":"+886 2 2733 7711"},"geometry":{"type":"Point","coordinates":[121.553865,25.023319]}},{"type":"Feature","properties":{"id":"osm:node:5762067195","name":"第一商業銀行","category":"bank","nameEn":"First Commercial Bank","brand":"第一商業銀行","address":"臺北市萬華區康定路87、89號","phone":"+886 2 2371 9221","wheelchair":"limited"},"geometry":{"type":"Point","coordinates":[121.50211,25.039972]}},{"type":"Feature","properties":{"id":"osm:node:5762067196","name":"凱基商業銀行","category":"bank","nameEn":"KGI Commercial Bank","brand":"凱基商業銀行","address":"臺北市敦化南路一段364號1樓、2樓及地下一樓","phone":"+886 2 2701 1777"},"geometry":{"type":"Point","coordinates":[121.54831,25.033869]}},{"type":"Feature","properties":{"id":"osm:node:5762067197","name":"臺灣銀行","category":"bank","nameEn":"Bank of Taiwan","brand":"臺灣銀行","address":"臺北市大安區愛國東路31號一樓","phone":"+886 2 2396 0017"},"geometry":{"type":"Point","coordinates":[121.52477,25.032198]}},{"type":"Feature","properties":{"id":"osm:node:5762067198","name":"合作金庫商業銀行","category":"bank","nameEn":"Taiwan Cooperative Bank","brand":"合作金庫商業銀行","address":"臺北市中正區中山南路7號地下1樓","phone":"+886 2 2356 8071","wheelchair":"yes"},"geometry":{"type":"Point","coordinates":[121.51916,25.040274]}},{"type":"Feature","properties":{"id":"osm:node:5762067199","name":"元大商業銀行","category":"bank","nameEn":"Yuanta Commercial Bank","brand":"元大商業銀行","address":"臺北市承德路三段210號1樓及3至7樓","phone":"+886 2 2592 0000"},"geometry":{"type":"Point","coordinates":[121.518103,25.070695]}},{"type":"Feature","properties":{"id":"osm:node:5762067201","name":"華南商業銀行","category":"bank","nameEn":"Hua Nan Commercial Bank","brand":"華南商業銀行","address":"臺北市民生東路二段143號1樓、145號1樓、2樓","phone":"+886 2 2504 5341"},"geometry":{"type":"Point","coordinates":[121.534546,25.058079]}},{"type":"Feature","properties":{"id":"osm:node:5762067202","name":"臺灣新光商業銀行","category":"bank","nameEn":"Shin Kong Commercial Bank","brand":"臺灣新光商業銀行","address":"臺北市西寧南路73號","phone":"+886 2 2314 5791","wheelchair":"limited"},"geometry":{"type":"Point","coordinates":[121.50702,25.046034]}},{"type":"Feature","properties":{"id":"osm:node:5762067203","name":"陽信商業銀行","category":"bank","nameEn":"Sunny Commercial Bank","brand":"陽信商業銀行","address":"臺北市中山區民生東路三段36號1樓,地下一樓","phone":"+886 2 2516 5268"},"geometry":{"type":"Point","coordinates":[121.54011,25.057716]}},{"type":"Feature","properties":{"id":"osm:node:5762067204","name":"中國信託商業銀行","category":"bank","nameEn":"CTBC Bank","brand":"中國信託商業銀行","address":"臺北市大安區敦化南路一段251號1、2樓","phone":"+886 2 2777 1988"},"geometry":{"type":"Point","coordinates":[121.549385,25.038713]}},{"type":"Feature","properties":{"id":"osm:node:5762067205","name":"聯邦商業銀行","category":"bank","nameEn":"Union Bank of Taiwan","brand":"聯邦商業銀行","address":"臺北市信義路二段101號1樓、3樓之8至之12","phone":"+886 2 2358 2345"},"geometry":{"type":"Point","coordinates":[121.527664,25.034224]}},{"type":"Feature","properties":{"id":"osm:node:5773643465","name":"安泰商業銀行","category":"bank","nameEn":"Entie Commercial Bank","brand":"安泰商業銀行","address":"臺北市農安街25號1樓及2樓","phone":"+886 2 2596 5099"},"geometry":{"type":"Point","coordinates":[121.524563,25.065041]}},{"type":"Feature","properties":{"id":"osm:node:5773643466","name":"中國信託商業銀行","category":"bank","nameEn":"CTBC Bank","brand":"中國信託商業銀行","address":"臺北市中山區南京東路二段88號地下一樓、一樓","phone":"+886 2 2567 7377","wheelchair":"yes"},"geometry":{"type":"Point","coordinates":[121.53114,25.051654]}},{"type":"Feature","properties":{"id":"osm:node:5773643467","name":"安泰商業銀行","category":"bank","nameEn":"Entie Commercial Bank","brand":"安泰商業銀行","address":"臺北市中山區長安東路一段27號1樓","phone":"+886 2 2562 9999"},"geometry":{"type":"Point","coordinates":[121.52427,25.049389]}},{"type":"Feature","properties":{"id":"osm:node:5773643468","name":"台北富邦商業銀行","category":"bank","nameEn":"Taipei Fubon Bank","brand":"台北富邦商業銀行","opening_hours":"Mo-Fr 09:00-15:30","address":"110606臺北市信義區基隆路二段109號1樓及111號2、3樓","phone":"+886 2 2739 9888","website":"https://www.fubon.com/banking/personal/"},"geometry":{"type":"Point","coordinates":[121.557382,25.029001]}},{"type":"Feature","properties":{"id":"osm:node:5773643469","name":"永豐商業銀行","category":"bank","nameEn":"Bank SinoPac","brand":"永豐商業銀行","address":"臺北市中山區八德路二段306號3樓","phone":"+886 2 8161 8000"},"geometry":{"type":"Point","coordinates":[121.54256,25.046873]}},{"type":"Feature","properties":{"id":"osm:node:5773643470","name":"台北富邦商業銀行","category":"bank","nameEn":"Taipei Fubon Bank","brand":"台北富邦商業銀行","address":"臺北市民生東路五段163-1號1樓及B1","phone":"+886 2 2764 0853"},"geometry":{"type":"Point","coordinates":[121.56291,25.059315]}},{"type":"Feature","properties":{"id":"osm:node:5773643471","name":"臺灣新光商業銀行","category":"bank","nameEn":"Shin Kong Commercial Bank","brand":"臺灣新光商業銀行","address":"臺北市重慶北路三段267、269號1至4樓","phone":"+886 2 2597 4951","wheelchair":"yes"},"geometry":{"type":"Point","coordinates":[121.51402,25.071875]}},{"type":"Feature","properties":{"id":"osm:node:5773643472","name":"國泰世華商業銀行","category":"bank","nameEn":"Cathay United Bank","brand":"國泰世華商業銀行","address":"臺北市復興北路199號1樓、201號1樓及201號2樓之3、2樓之4、2樓之5","phone":"+886 2 8712 5510"},"geometry":{"type":"Point","coordinates":[121.544352,25.05566]}},{"type":"Feature","properties":{"id":"osm:node:5773643473","name":"合作金庫商業銀行","category":"bank","nameEn":"Taiwan Cooperative Bank","brand":"合作金庫商業銀行","address":"臺北市忠孝東路四段325號9樓","phone":"+886 2 2752 0058"},"geometry":{"type":"Point","coordinates":[121.545535,25.048738]}},{"type":"Feature","properties":{"id":"osm:node:5773643474","name":"第一商業銀行","category":"bank","nameEn":"First Commercial Bank","brand":"第一商業銀行","address":"臺北市松山區南京東路五段188號、188號2樓-3","phone":"+886 2 2760 6969"},"geometry":{"type":"Point","coordinates":[121.563752,25.051187]}},{"type":"Feature","properties":{"id":"osm:node:5773643475","name":"元大商業銀行","category":"bank","nameEn":"Yuanta Commercial Bank","brand":"元大商業銀行","address":"臺北市松山區光復北路112號1樓","phone":"+886 2 2577 1015"},"geometry":{"type":"Point","coordinates":[121.55766,25.050854]}},{"type":"Feature","properties":{"id":"osm:node:5773643476","name":"瑞興商業銀行","category":"bank","nameEn":"Taipei Star Bank","brand":"瑞興商業銀行","address":"臺北市信義區信義路六段31號、33巷1號","phone":"+886 2 2346 5111"},"geometry":{"type":"Point","coordinates":[121.57591,25.034739]}},{"type":"Feature","properties":{"id":"osm:node:5773643477","name":"第一商業銀行","category":"bank","nameEn":"First Commercial Bank","brand":"第一商業銀行","address":"臺北市松山區復興北路365號1樓","phone":"+886 2 2719 2009"},"geometry":{"type":"Point","coordinates":[121.544519,25.061031]}},{"type":"Feature","properties":{"id":"osm:node:5773643478","name":"華南商業銀行","category":"bank","nameEn":"Hua Nan Commercial Bank","brand":"華南商業銀行","address":"臺北市信義區松仁路123號15樓","phone":"+886 2 2371 3111"},"geometry":{"type":"Point","coordinates":[121.568959,25.034447]}},{"type":"Feature","properties":{"id":"osm:node:5773643479","name":"永豐商業銀行","category":"bank","nameEn":"Bank SinoPac","brand":"永豐商業銀行","address":"臺北市大安區仁愛路四段316號之1、316號之2及316號之1地下","phone":"+886 2 2704 5711"},"geometry":{"type":"Point","coordinates":[121.55532,25.037336]}},{"type":"Feature","properties":{"id":"osm:node:5773643481","name":"台北富邦商業銀行","category":"bank","nameEn":"Taipei Fubon Bank","brand":"台北富邦商業銀行","address":"臺北市信義區莊敬路280號2、3樓，282號，282號2、3樓，284號及286號","phone":"+886 2 2722 6206"},"geometry":{"type":"Point","coordinates":[121.562716,25.028788]}},{"type":"Feature","properties":{"id":"osm:node:5773643483","name":"上海商業儲蓄銀行","category":"bank","nameEn":"Shanghai Commercial and Savings Bank","brand":"上海商業儲蓄銀行","address":"臺北市大同區承德路二段77號1樓、79號1~2樓、75巷1號1~2樓、75巷3號1~2樓及81號3樓之1","phone":"+886 2 2550 6111"},"geometry":{"type":"Point","coordinates":[121.51841,25.055924]}},{"type":"Feature","properties":{"id":"osm:node:5773643484","name":"元大商業銀行","category":"bank","nameEn":"Yuanta Commercial Bank","brand":"元大商業銀行","address":"臺北市敦化南路一段66號3樓","phone":"+886 2 2173 6612"},"geometry":{"type":"Point","coordinates":[121.548483,25.04732]}},{"type":"Feature","properties":{"id":"osm:node:5773643485","name":"安泰商業銀行","category":"bank","nameEn":"Entie Commercial Bank","brand":"安泰商業銀行","address":"臺北市松山區復興北路337號8樓","phone":"+886 2 8712 3369"},"geometry":{"type":"Point","coordinates":[121.544636,25.060225]}},{"type":"Feature","properties":{"id":"osm:node:5773643486","name":"渣打國際商業銀行","category":"bank","nameEn":"Standard Chartered Taiwan","brand":"渣打國際商業銀行","address":"臺北市敦化北路168號1樓、9樓及170號7樓","phone":"+886 2 6603 6728"},"geometry":{"type":"Point","coordinates":[121.548491,25.056504]}},{"type":"Feature","properties":{"id":"osm:node:5773643487","name":"板信商業銀行","category":"bank","nameEn":"Bank of Panshin","brand":"板信商業銀行","address":"臺北市南京東路三段130號","phone":"+886 2 2772 2629"},"geometry":{"type":"Point","coordinates":[121.540717,25.051702]}},{"type":"Feature","properties":{"id":"osm:node:5773643488","name":"渣打國際商業銀行","category":"bank","nameEn":"Standard Chartered Taiwan","brand":"渣打國際商業銀行","address":"臺北市松山區南京東路四段161號1樓、2樓、2樓之一","phone":"+886 2 6602 3000"},"geometry":{"type":"Point","coordinates":[121.5559,25.051811]}},{"type":"Feature","properties":{"id":"osm:node:5773643489","name":"玉山商業銀行","category":"bank","nameEn":"E.SUN Commercial Bank","brand":"玉山商業銀行","address":"臺北市民生東路三段115、117號","phone":"+886 2 2719 1313"},"geometry":{"type":"Point","coordinates":[121.546459,25.058098]}},{"type":"Feature","properties":{"id":"osm:node:5773643491","name":"彰化商業銀行","category":"bank","nameEn":"Chang Hwa Bank","brand":"彰化商業銀行","address":"臺北市中山區長安東路一段23號之1","phone":"+886 2 2523 0739"},"geometry":{"type":"Point","coordinates":[121.523796,25.049482]}},{"type":"Feature","properties":{"id":"osm:node:5773643492","name":"玉山商業銀行","category":"bank","nameEn":"E.SUN Commercial Bank","brand":"玉山商業銀行","address":"臺北市大安區光武里復興南路一段127號","phone":"+886 2 2771 1313"},"geometry":{"type":"Point","coordinates":[121.54407,25.04318]}},{"type":"Feature","properties":{"id":"osm:node:5773643493","name":"台北富邦商業銀行","category":"bank","nameEn":"Taipei Fubon Bank","brand":"台北富邦商業銀行","address":"臺北市重慶北路三段186號1、2樓，188號1、2樓，190號1樓及192號1樓","phone":"+886 2 2592 9282"},"geometry":{"type":"Point","coordinates":[121.51349,25.069191]}},{"type":"Feature","properties":{"id":"osm:node:5773643494","name":"華泰商業銀行","category":"bank","nameEn":"Hwatai Commercial Bank","brand":"華泰商業銀行","opening_hours":"Mo-Fr 09:00-15:30","address":"臺北市信義區光復南路475號一至二樓、477號一樓","phone":"+886 2 2758 2919","wheelchair":"no"},"geometry":{"type":"Point","coordinates":[121.55768,25.033587]}},{"type":"Feature","properties":{"id":"osm:node:5773643495","name":"台北富邦商業銀行","category":"bank","nameEn":"Taipei Fubon Bank","brand":"台北富邦商業銀行","address":"臺北市民生東路三段138號3,4樓","phone":"+886 2 2718 6888"},"geometry":{"type":"Point","coordinates":[121.547198,25.057292]}},{"type":"Feature","properties":{"id":"osm:node:5773643496","name":"星展（台灣）商業銀行","category":"bank","nameEn":"DBS Bank Taiwan","brand":"星展銀行","opening_hours":"Mo-Fr 09:00-15:30","address":"105408臺北市松山區敦化南路一段2號16樓","phone":"+886 2 6613 9108","website":"https://www.dbs.com.tw/personal-zh/default.page"},"geometry":{"type":"Point","coordinates":[121.548238,25.047847]}},{"type":"Feature","properties":{"id":"osm:node:5773643497","name":"台新國際商業銀行","category":"bank","nameEn":"Taishin International Bank","brand":"台新國際商業銀行","address":"臺北市信義區忠孝東路五段408號 1樓及地下1樓、410號1樓、2樓之2至之5、地下1樓及地下1樓之1","phone":"+886 2 8789 5788"},"geometry":{"type":"Point","coordinates":[121.57502,25.040707]}},{"type":"Feature","properties":{"id":"osm:node:5773643498","name":"台北富邦商業銀行","category":"bank","nameEn":"Taipei Fubon Bank","brand":"台北富邦商業銀行","address":"臺北市南港區忠孝東路六段122,124,126號1樓","phone":"+886 2 2651 1212"},"geometry":{"type":"Point","coordinates":[121.58496,25.047533]}},{"type":"Feature","properties":{"id":"osm:node:5773643499","name":"臺灣新光商業銀行","category":"bank","nameEn":"Shin Kong Commercial Bank","brand":"臺灣新光商業銀行","address":"臺北市信義區松仁路32號4樓","phone":"+886 2 8758 7288"},"geometry":{"type":"Point","coordinates":[121.56788,25.038699]}},{"type":"Feature","properties":{"id":"osm:node:5773643500","name":"永豐商業銀行","category":"bank","nameEn":"Bank SinoPac","brand":"永豐商業銀行","address":"臺北市信義區永吉路352號1樓、2樓之3、地下1樓","phone":"+886 2 2769 5323"},"geometry":{"type":"Point","coordinates":[121.576678,25.045259]}},{"type":"Feature","properties":{"id":"osm:node:5773643501","name":"臺灣中小企業銀行","category":"bank","nameEn":"Taiwan Business Bank","brand":"臺灣中小企業銀行","address":"臺北市大安區忠孝東路三段267號、269號1樓及265號2樓","phone":"+886 2 2772 7171"},"geometry":{"type":"Point","coordinates":[121.54245,25.041868]}},{"type":"Feature","properties":{"id":"osm:node:5773643503","name":"中國信託商業銀行","category":"bank","nameEn":"CTBC Bank","brand":"中國信託商業銀行","address":"臺北市松山區復興北路363號","phone":"+886 2 8770 5566"},"geometry":{"type":"Point","coordinates":[121.544449,25.060614]}},{"type":"Feature","properties":{"id":"osm:node:5773643504","name":"聯邦商業銀行","category":"bank","nameEn":"Union Bank of Taiwan","brand":"聯邦商業銀行","address":"臺北市復興南路一段39號2樓","phone":"+886 2 8772 2858"},"geometry":{"type":"Point","coordinates":[121.545381,25.045958]}},{"type":"Feature","properties":{"id":"osm:node:5773643505","name":"上海商業儲蓄銀行","category":"bank","nameEn":"Shanghai Commercial and Savings Bank","brand":"上海商業儲蓄銀行","opening_hours":"Mo-Fr 09:00-15:30; Sa-Su off","address":"臺北市南京東路一段46號","phone":"+886 2 25625111","website":"https://www.scsb.com.tw/"},"geometry":{"type":"Point","coordinates":[121.52441,25.051952]}},{"type":"Feature","properties":{"id":"osm:node:5773643506","name":"台新國際商業銀行","category":"bank","nameEn":"Taishin International Bank","brand":"台新國際商業銀行","address":"臺北市大安區忠孝東路四段282號1樓、290號11樓","phone":"+886 2 6636 9999"},"geometry":{"type":"Point","coordinates":[121.5555,25.041197]}},{"type":"Feature","properties":{"id":"osm:node:5773643507","name":"渣打國際商業銀行","category":"bank","nameEn":"Standard Chartered Taiwan","brand":"渣打國際商業銀行","address":"臺北市敦化北路170號7樓","phone":"+886 2 6606 9463"},"geometry":{"type":"Point","coordinates":[121.54861,25.056486]}},{"type":"Feature","properties":{"id":"osm:node:5773643508","name":"陽信商業銀行","category":"bank","nameEn":"Sunny Commercial Bank","brand":"陽信商業銀行","address":"臺北市大同區承德路三段116之1號、118號","phone":"+886 2 2598 8979"},"geometry":{"type":"Point","coordinates":[121.51813,25.06708]}},{"type":"Feature","properties":{"id":"osm:node:5773643509","name":"滙豐(台灣)商業銀行","category":"bank","address":"臺北市信義區松仁路93號1樓","phone":"+886 2 6633 5858"},"geometry":{"type":"Point","coordinates":[121.569329,25.036779]}},{"type":"Feature","properties":{"id":"osm:node:5773643510","name":"台北富邦商業銀行","category":"bank","nameEn":"Taipei Fubon Bank","brand":"台北富邦商業銀行","address":"臺北市南京東路二段90號1樓","phone":"+886 2 2511 6388","wheelchair":"yes"},"geometry":{"type":"Point","coordinates":[121.531013,25.051685]}},{"type":"Feature","properties":{"id":"osm:node:5773643511","name":"華泰商業銀行","category":"bank","nameEn":"Hwatai Commercial Bank","brand":"華泰商業銀行","address":"臺北市重慶北路三段225號1樓、2樓及3樓及地下室","phone":"+886 2 2596 3271","wheelchair":"yes"},"geometry":{"type":"Point","coordinates":[121.514069,25.070652]}},{"type":"Feature","properties":{"id":"osm:node:5773643512","name":"彰化商業銀行 信託處","category":"bank","nameEn":"Chang Hwa Bank","brand":"彰化商業銀行","address":"臺北市中山北路二段57號12樓","phone":"+886 2 2536 2951#2270"},"geometry":{"type":"Point","coordinates":[121.523254,25.055182]}},{"type":"Feature","properties":{"id":"osm:node:5773643513","name":"第一商業銀行","category":"bank","nameEn":"First Commercial Bank","brand":"第一商業銀行","address":"臺北市信義區永吉路167號","phone":"+886 2 2765 5935"},"geometry":{"type":"Point","coordinates":[121.57146,25.04584]}},{"type":"Feature","properties":{"id":"osm:node:5773643515","name":"合作金庫商業銀行","category":"bank","nameEn":"Taiwan Cooperative Bank","brand":"合作金庫商業銀行","address":"臺北市忠孝東路四段325號9樓","phone":"+886 2 2752 0058"},"geometry":{"type":"Point","coordinates":[121.54552,25.048765]}},{"type":"Feature","properties":{"id":"osm:node:5773643516","name":"兆豐國際商業銀行","category":"bank","nameEn":"Mega International Commercial Bank","brand":"兆豐國際商業銀行","address":"臺北市民生東路三段130巷2號1樓及128號2樓之2","phone":"+886 2 2719 0690"},"geometry":{"type":"Point","coordinates":[121.546062,25.057453]}},{"type":"Feature","properties":{"id":"osm:node:5773643517","name":"合作金庫商業銀行","category":"bank","nameEn":"Taiwan Cooperative Bank","brand":"合作金庫商業銀行","address":"臺北市信義區基隆路一段333號2樓","phone":"+886 2 2729 1333"},"geometry":{"type":"Point","coordinates":[121.561178,25.034261]}},{"type":"Feature","properties":{"id":"osm:node:5773643518","name":"陽信商業銀行","category":"bank","nameEn":"Sunny Commercial Bank","brand":"陽信商業銀行","address":"臺北市中山區吉林路304號","phone":"+886 2 2561 1188"},"geometry":{"type":"Point","coordinates":[121.53009,25.061615]}},{"type":"Feature","properties":{"id":"osm:node:5773643520","name":"星展（台灣）商業銀行","category":"bank","nameEn":"DBS Bank Taiwan","brand":"星展銀行","opening_hours":"Mo-Fr 09:00-15:30","address":"105409臺北市松山區南京東路五段1號2樓及3號1、2樓","phone":"+886 2 6633 0658","website":"https://www.dbs.com.tw/personal-zh/default.page"},"geometry":{"type":"Point","coordinates":[121.557637,25.051756]}},{"type":"Feature","properties":{"id":"osm:node:5773643522","name":"上海商業儲蓄銀行","category":"bank","nameEn":"Shanghai Commercial and Savings Bank","brand":"上海商業儲蓄銀行","address":"臺北市復興北路203號","phone":"+886 2 2546 5111"},"geometry":{"type":"Point","coordinates":[121.54435,25.055847]}},{"type":"Feature","properties":{"id":"osm:node:5773643523","name":"星展（台灣）商業銀行","category":"bank","nameEn":"DBS Bank Taiwan","brand":"星展銀行","address":"110049臺北市信義區松仁路32號、36號17樓","phone":"+886 2 6612 8790","website":"https://www.dbs.com.tw/personal-zh/default.page"},"geometry":{"type":"Point","coordinates":[121.568153,25.038741]}},{"type":"Feature","properties":{"id":"osm:node:5773643524","name":"陽信商業銀行","category":"bank","nameEn":"Sunny Commercial Bank","brand":"陽信商業銀行","address":"臺北市松山區復興北路143號2樓","phone":"+886 2 2719 1616"},"geometry":{"type":"Point","coordinates":[121.544393,25.053424]}},{"type":"Feature","properties":{"id":"osm:node:5773643525","name":"國泰世華商業銀行","category":"bank","nameEn":"Cathay United Bank","brand":"國泰世華商業銀行","address":"臺北市松山區敦化北路236號1樓、5樓、地下1樓","phone":"+886 2 2713 9911"},"geometry":{"type":"Point","coordinates":[121.54936,25.05968]}},{"type":"Feature","properties":{"id":"osm:node:5773643527","name":"聯邦商業銀行","category":"bank","nameEn":"Union Bank of Taiwan","brand":"聯邦商業銀行","address":"臺北市中山區南京東路二段137號2、3樓","phone":"+886 2 2507 4066","wheelchair":"no"},"geometry":{"type":"Point","coordinates":[121.535056,25.052306]}},{"type":"Feature","properties":{"id":"osm:node:5773643529","name":"台中商業銀行","category":"bank","nameEn":"Taichung Bank","brand":"台中商業銀行","address":"臺北市松山區復興北路59號","phone":"+886 2 2773 5556"},"geometry":{"type":"Point","coordinates":[121.544267,25.050602]}},{"type":"Feature","properties":{"id":"osm:node:5773643530","name":"陽信商業銀行","category":"bank","nameEn":"Sunny Commercial Bank","brand":"陽信商業銀行","address":"臺北市松山區南京東路四段130號2樓之1及132號","phone":"+886 2 2579 0229"},"geometry":{"type":"Point","coordinates":[121.555812,25.051309]}},{"type":"Feature","properties":{"id":"osm:node:5773643531","name":"安泰商業銀行","category":"bank","nameEn":"Entie Commercial Bank","brand":"安泰商業銀行","address":"臺北市松山區復興北路337號8樓","phone":"+886 2 8712 3369"},"geometry":{"type":"Point","coordinates":[121.544596,25.060224]}},{"type":"Feature","properties":{"id":"osm:node:5773643534","name":"兆豐國際商銀","category":"bank","address":"臺北市吉林路100號9樓","phone":"+886 2 2563 3156"},"geometry":{"type":"Point","coordinates":[121.529952,25.053129]}},{"type":"Feature","properties":{"id":"osm:node:5773643535","name":"玉山商業銀行","category":"bank","nameEn":"E.SUN Commercial Bank","brand":"玉山商業銀行","address":"臺北市信義區景聯里基隆路二段41至49號","phone":"+886 2 2378 1313","wheelchair":"limited"},"geometry":{"type":"Point","coordinates":[121.558579,25.031097]}},{"type":"Feature","properties":{"id":"osm:node:5773643536","name":"渣打國際商業銀行","category":"bank","nameEn":"Standard Chartered Taiwan","brand":"渣打國際商業銀行","address":"臺北市敦化北路168號1樓、2樓及170號1、2、9樓","phone":"+886 2 6603 7168"},"geometry":{"type":"Point","coordinates":[121.548541,25.056502]}},{"type":"Feature","properties":{"id":"osm:node:5773643537","name":"上海商業儲蓄銀行","category":"bank","nameEn":"Shanghai Commercial and Savings Bank","brand":"上海商業儲蓄銀行","address":"臺北市敦化南路一段225號1樓","phone":"+886 2 2740 9111"},"geometry":{"type":"Point","coordinates":[121.54934,25.040588]}},{"type":"Feature","properties":{"id":"osm:node:5773643538","name":"上海商業儲蓄銀行","category":"bank","nameEn":"Shanghai Commercial and Savings Bank","brand":"上海商業儲蓄銀行","address":"臺北市松山區民生東路五段141號","phone":"+886 2 2748 7111"},"geometry":{"type":"Point","coordinates":[121.56182,25.059072]}},{"type":"Feature","properties":{"id":"osm:node:5773643539","name":"台新國際商業銀行","category":"bank","nameEn":"Taishin International Bank","brand":"台新國際商業銀行","address":"臺北市松山區南京東路三段289號1樓","phone":"+886 2 2546 1068"},"geometry":{"type":"Point","coordinates":[121.546326,25.052092]}},{"type":"Feature","properties":{"id":"osm:node:5773643540","name":"聯邦商業銀行","category":"bank","nameEn":"Union Bank of Taiwan","brand":"聯邦商業銀行","address":"臺北市大安區通化街74號1、2、3樓","phone":"+886 2 2739 5888"},"geometry":{"type":"Point","coordinates":[121.554085,25.030144]}},{"type":"Feature","properties":{"id":"osm:node:5773643541","name":"元大商業銀行","category":"bank","nameEn":"Yuanta Commercial Bank","brand":"元大商業銀行","address":"臺北市信義區忠孝東路五段398、400、402號暨410號12樓之2及12樓之3","phone":"+886 2 8786 7778"},"geometry":{"type":"Point","coordinates":[121.574776,25.040716]}},{"type":"Feature","properties":{"id":"osm:node:5773643542","name":"兆豐國際商業銀行","category":"bank","nameEn":"Mega International Commercial Bank","brand":"兆豐國際商業銀行","address":"臺北市敦化北路340之9號、340之10號、338號B132室","phone":"+886 2 2715 2385"},"geometry":{"type":"Point","coordinates":[121.551786,25.063821]}},{"type":"Feature","properties":{"id":"osm:node:5773643543","name":"合作金庫商業銀行","category":"bank","nameEn":"Taiwan Cooperative Bank","brand":"合作金庫商業銀行","address":"臺北市大安區市民大道四段100號","phone":"+886 2 2721 5551"},"geometry":{"type":"Point","coordinates":[121.54986,25.044352]}},{"type":"Feature","properties":{"id":"osm:node:5773643544","name":"安泰商業銀行","category":"bank","nameEn":"Entie Commercial Bank","brand":"安泰商業銀行","address":"臺北市信義區松山路545號地下室、1樓、2樓及547號1樓","phone":"+886 2 2726 5142"},"geometry":{"type":"Point","coordinates":[121.57836,25.03746]}},{"type":"Feature","properties":{"id":"osm:node:5773643545","name":"板信商業銀行","category":"bank","nameEn":"Bank of Panshin","brand":"板信商業銀行","address":"臺北市復興北路426、428號1-2樓","phone":"+886 2 2515 1488"},"geometry":{"type":"Point","coordinates":[121.54406,25.063082]}},{"type":"Feature","properties":{"id":"osm:node:5773643546","name":"合作金庫商業銀行","category":"bank","nameEn":"Taiwan Cooperative Bank","brand":"合作金庫商業銀行","address":"臺北市松山區敦化南路一段88號","phone":"+886 2 2776 9666"},"geometry":{"type":"Point","coordinates":[121.5485,25.046778]}},{"type":"Feature","properties":{"id":"osm:node:5773643547","name":"台北富邦商業銀行","category":"bank","nameEn":"Taipei Fubon Bank","brand":"台北富邦商業銀行","address":"臺北市信義路四段299號","phone":"+886 2 2700 6381"},"geometry":{"type":"Point","coordinates":[121.555214,25.033377]}},{"type":"Feature","properties":{"id":"osm:node:5773643548","name":"上海商業儲蓄銀行","category":"bank","nameEn":"Shanghai Commercial and Savings Bank","brand":"上海商業儲蓄銀行","address":"臺北市信義區松德路171號-6","phone":"+886 2 2759 7111"},"geometry":{"type":"Point","coordinates":[121.574776,25.03593]}},{"type":"Feature","properties":{"id":"osm:node:5773643549","name":"臺灣新光商業銀行","category":"bank","nameEn":"Shin Kong Commercial Bank","brand":"臺灣新光商業銀行","address":"臺北市龍江路356巷74、76號1、2樓及90號地下1樓","phone":"+886 2 2505 9161"},"geometry":{"type":"Point","coordinates":[121.537895,25.065891]}},{"type":"Feature","properties":{"id":"osm:node:5773643550","name":"滙豐(台灣)商業銀行","category":"bank","address":"臺北市信義區基隆路一段333號13,14樓","phone":"+886 2 6633 6988"},"geometry":{"type":"Point","coordinates":[121.561107,25.03428]}},{"type":"Feature","properties":{"id":"osm:node:5773643551","name":"台北富邦商業銀行","category":"bank","nameEn":"Taipei Fubon Bank","brand":"台北富邦商業銀行","address":"臺北市承德路二段142號1、2樓及B1","phone":"+886 2 2553 6553"},"geometry":{"type":"Point","coordinates":[121.51793,25.059666]}},{"type":"Feature","properties":{"id":"osm:node:5773643552","name":"華泰商業銀行","category":"bank","nameEn":"Hwatai Commercial Bank","brand":"華泰商業銀行","address":"臺北市民生東路五段150號1至2樓、2樓之1","phone":"+886 2 2763 9177","wheelchair":"yes"},"geometry":{"type":"Point","coordinates":[121.562368,25.058547]}},{"type":"Feature","properties":{"id":"osm:node:5773643653","name":"台北富邦商業銀行","category":"bank","nameEn":"Taipei Fubon Bank","brand":"台北富邦商業銀行","address":"臺北市忠孝東路五段412,414,416,418,420號1樓及B1,412號2樓、2樓之1、2樓之2、2樓之3","phone":"+886 2 2725 5111"},"geometry":{"type":"Point","coordinates":[121.57517,25.040707]}},{"type":"Feature","properties":{"id":"osm:node:5773643654","name":"板信商業銀行","category":"bank","nameEn":"Bank of Panshin","brand":"板信商業銀行","address":"臺北市松山區民生東路三段133-1號1樓及地下室","phone":"+886 2 8712 9966"},"geometry":{"type":"Point","coordinates":[121.548142,25.057972]}},{"type":"Feature","properties":{"id":"osm:node:5773643655","name":"元大商業銀行","category":"bank","nameEn":"Yuanta Commercial Bank","brand":"元大商業銀行","address":"臺北市民生東路四段52之1號1、2樓","phone":"+886 2 8712 9666"},"geometry":{"type":"Point","coordinates":[121.55024,25.0576]}},{"type":"Feature","properties":{"id":"osm:node:5773643656","name":"台北富邦商業銀行","category":"bank","nameEn":"Taipei Fubon Bank","brand":"台北富邦商業銀行","opening_hours":"Mo 09:00-15:30; Tu 09:00-15:30; We 09:00-15:30; Th 09:00-15:30; Fr 09:00-15:30","address":"臺北市仁愛路四段169號5樓、地下1樓及地下2樓","phone":"+886 2 2778 7717","wheelchair":"yes"},"geometry":{"type":"Point","coordinates":[121.55225,25.038158]}},{"type":"Feature","properties":{"id":"osm:node:5773643657","name":"中國信託商業銀行","category":"bank","nameEn":"CTBC Bank","brand":"中國信託商業銀行","address":"臺北市松山區南京東路五段161號","phone":"+886 2 3765 5588"},"geometry":{"type":"Point","coordinates":[121.562195,25.051764]}},{"type":"Feature","properties":{"id":"osm:node:5773643658","name":"元大商業銀行","category":"bank","nameEn":"Yuanta Commercial Bank","brand":"元大商業銀行","address":"臺北市信義區忠孝東路五段478號1、2樓","phone":"+886 2 2723 0688"},"geometry":{"type":"Point","coordinates":[121.57743,25.04064]}},{"type":"Feature","properties":{"id":"osm:node:5773643659","name":"華南商業銀行","category":"bank","nameEn":"Hua Nan Commercial Bank","brand":"華南商業銀行","address":"臺北市南京東路四段50號","phone":"+886 2 2579 4141"},"geometry":{"type":"Point","coordinates":[121.553563,25.051354]}},{"type":"Feature","properties":{"id":"osm:node:5773643660","name":"第一商業銀行","category":"bank","nameEn":"First Commercial Bank","brand":"第一商業銀行","opening_hours":"Mo-Fr 09:00-15:30","address":"臺北市中山區民權西路53號、53號2樓、2樓之1","phone":"+886 2 2597 9234","wheelchair":"limited"},"geometry":{"type":"Point","coordinates":[121.52053,25.063095]}},{"type":"Feature","properties":{"id":"osm:node:5773643661","name":"華南商業銀行","category":"bank","nameEn":"Hua Nan Commercial Bank","brand":"華南商業銀行","address":"臺北市信義區松仁路123號15樓","phone":"+886 2 2371 3111"},"geometry":{"type":"Point","coordinates":[121.56892,25.034308]}},{"type":"Feature","properties":{"id":"osm:node:5773643662","name":"陽信商業銀行","category":"bank","nameEn":"Sunny Commercial Bank","brand":"陽信商業銀行","address":"臺北市松山區復興北路143號2樓","phone":"+886 2 2719 1616"},"geometry":{"type":"Point","coordinates":[121.544377,25.053426]}},{"type":"Feature","properties":{"id":"osm:node:5773643663","name":"台北富邦商業銀行","category":"bank","nameEn":"Taipei Fubon Bank","brand":"台北富邦商業銀行","address":"臺北市南京東路四段75-1號1樓,75號2樓","phone":"+886 2 2717 0037","wheelchair":"limited"},"geometry":{"type":"Point","coordinates":[121.553339,25.051855]}},{"type":"Feature","properties":{"id":"osm:node:5773643664","name":"瑞興商業銀行","category":"bank","nameEn":"Taipei Star Bank","brand":"瑞興商業銀行","address":"臺北市永吉路189之 5號(含2樓)、189之6號(含2樓)、189之7號(含2~4樓)","phone":"+886 2 2763 5781"},"geometry":{"type":"Point","coordinates":[121.57302,25.045776]}},{"type":"Feature","properties":{"id":"osm:node:5773643665","name":"元大商業銀行","category":"bank","nameEn":"Yuanta Commercial Bank","brand":"元大商業銀行","address":"臺北市敦化南路一段66號1至3樓、8樓及68號1","phone":"+886 2 2173 6699"},"geometry":{"type":"Point","coordinates":[121.548357,25.047313]}},{"type":"Feature","properties":{"id":"osm:node:5773643668","name":"臺灣新光商業銀行","category":"bank","nameEn":"Shin Kong Commercial Bank","brand":"臺灣新光商業銀行","address":"臺北市光復北路11巷29號1樓","phone":"+886 2 2768 5966"},"geometry":{"type":"Point","coordinates":[121.55863,25.049679]}},{"type":"Feature","properties":{"id":"osm:node:5773643669","name":"板信商業銀行","category":"bank","nameEn":"Bank of Panshin","brand":"板信商業銀行","address":"臺北市中山區八德路二段188、190號","phone":"+886 2 2711 0633"},"geometry":{"type":"Point","coordinates":[121.538666,25.046255]}},{"type":"Feature","properties":{"id":"osm:node:5773643671","name":"玉山商業銀行","category":"bank","nameEn":"E.SUN Commercial Bank","brand":"玉山商業銀行","address":"臺北市松山區民生東路三段115號5樓","phone":"+886 2 2175 1313"},"geometry":{"type":"Point","coordinates":[121.546497,25.0581]}},{"type":"Feature","properties":{"id":"osm:node:5773643672","name":"臺灣中小企業銀行","category":"bank","nameEn":"Taiwan Business Bank","brand":"臺灣中小企業銀行","address":"臺北市松山區八德路四段135號1樓","phone":"+886 2 8787 7171"},"geometry":{"type":"Point","coordinates":[121.56213,25.048893]}},{"type":"Feature","properties":{"id":"osm:node:5773643674","name":"臺灣銀行","category":"bank","nameEn":"Bank of Taiwan","brand":"臺灣銀行","address":"臺北市松山區敦化北路340之9號及338之4號","phone":"+886 2 2718 7628"},"geometry":{"type":"Point","coordinates":[121.552022,25.063777]}},{"type":"Feature","properties":{"id":"osm:node:5773643675","name":"星展（台灣）商業銀行","category":"bank","nameEn":"DBS Bank Taiwan","brand":"星展銀行","opening_hours":"Mo-Fr 09:00-15:30","address":"104439臺北市中山區德惠街9之2號1樓","phone":"+886 2 6633 0508","website":"https://www.dbs.com.tw/personal-zh/default.page"},"geometry":{"type":"Point","coordinates":[121.524959,25.066828]}},{"type":"Feature","properties":{"id":"osm:node:5773643676","name":"上海商業儲蓄銀行","category":"bank","nameEn":"Shanghai Commercial and Savings Bank","brand":"上海商業儲蓄銀行","address":"臺北市松山區南京東路四段163號1樓、165號1樓、165號2樓、165號2樓之1","phone":"+886 2 2546 7111"},"geometry":{"type":"Point","coordinates":[121.556046,25.051786]}},{"type":"Feature","properties":{"id":"osm:node:5773643677","name":"華泰商業銀行","category":"bank","nameEn":"Hwatai Commercial Bank","brand":"華泰商業銀行","address":"臺北市信義區永吉路348號1樓及地下室","phone":"+886 2 2764 3140"},"geometry":{"type":"Point","coordinates":[121.576364,25.045294]}},{"type":"Feature","properties":{"id":"osm:node:5773643678","name":"合作金庫商業銀行","category":"bank","nameEn":"Taiwan Cooperative Bank","brand":"合作金庫商業銀行","opening_hours":"Mo-Fr 09:00-15:30","address":"臺北市松山區復興北路55號1樓及57號2樓","phone":"+886 2 2772 4277"},"geometry":{"type":"Point","coordinates":[121.544262,25.050346]}},{"type":"Feature","properties":{"id":"osm:node:5773643679","name":"安泰商業銀行","category":"bank","nameEn":"Entie Commercial Bank","brand":"安泰商業銀行","address":"臺北市光復南路290巷28號1樓及2樓","phone":"+886 2 2711 1699"},"geometry":{"type":"Point","coordinates":[121.556384,25.03944]}},{"type":"Feature","properties":{"id":"osm:node:5773643680","name":"台北富邦商業銀行","category":"bank","nameEn":"Taipei Fubon Bank","brand":"台北富邦商業銀行","address":"臺北市中山區南京東路二段85、87號9樓","phone":"+886 2 2561 5888"},"geometry":{"type":"Point","coordinates":[121.53172,25.052316]}},{"type":"Feature","properties":{"id":"osm:node:5773643681","name":"彰化商業銀行","category":"bank","nameEn":"Chang Hwa Bank","brand":"彰化商業銀行","address":"臺北市中山區八德路二段201號、201-1號1樓","phone":"+886 2 2731 2211"},"geometry":{"type":"Point","coordinates":[121.539314,25.046732]}},{"type":"Feature","properties":{"id":"osm:node:5773643682","name":"聯邦商業銀行","category":"bank","nameEn":"Union Bank of Taiwan","brand":"聯邦商業銀行","address":"臺北市忠孝東路四段223巷5號1樓、2樓","phone":"+886 2 2773 3456"},"geometry":{"type":"Point","coordinates":[121.55286,25.041891]}},{"type":"Feature","properties":{"id":"osm:node:5773643684","name":"第一商業銀行","category":"bank","nameEn":"First Commercial Bank","brand":"第一商業銀行","address":"臺北市大同區重慶北路三段176、178、180號及182號2樓、182號3樓","phone":"+886 2 2591 3251"},"geometry":{"type":"Point","coordinates":[121.51347,25.068962]}},{"type":"Feature","properties":{"id":"osm:node:5773643685","name":"華南商業銀行","category":"bank","nameEn":"Hua Nan Commercial Bank","brand":"華南商業銀行","address":"臺北市復興北路337號","phone":"+886 2 2717 1781"},"geometry":{"type":"Point","coordinates":[121.544527,25.060225]}},{"type":"Feature","properties":{"id":"osm:node:5773643686","name":"華南商業銀行","category":"bank","nameEn":"Hua Nan Commercial Bank","brand":"華南商業銀行","address":"臺北市八德路二段203號7樓","phone":"+886 2 8772 3112"},"geometry":{"type":"Point","coordinates":[121.539726,25.046914]}},{"type":"Feature","properties":{"id":"osm:node:5773643687","name":"臺灣土地銀行","category":"bank","nameEn":"Land Bank of Taiwan","brand":"臺灣土地銀行","address":"臺北市信義區松山路130號","phone":"+886 2 2763 1111"},"geometry":{"type":"Point","coordinates":[121.57758,25.047543]}},{"type":"Feature","properties":{"id":"osm:node:5773643688","name":"彰化商業銀行","category":"bank","nameEn":"Chang Hwa Bank","brand":"彰化商業銀行","address":"臺北市松山區民生東路四段54-1號","phone":"+886 2 2712 1311"},"geometry":{"type":"Point","coordinates":[121.551094,25.057732]}},{"type":"Feature","properties":{"id":"osm:node:5773643689","name":"兆豐國際商業銀行","category":"bank","nameEn":"Mega International Commercial Bank","brand":"兆豐國際商業銀行","address":"臺北市吉林路100號11樓","phone":"+886 2 2563 3156"},"geometry":{"type":"Point","coordinates":[121.529947,25.053005]}},{"type":"Feature","properties":{"id":"osm:node:5773643690","name":"瑞興商業銀行","category":"bank","nameEn":"Taipei Star Bank","brand":"瑞興商業銀行","address":"臺北市南京東路二段196號2樓","phone":"+886 2 2506 9415","wheelchair":"yes"},"geometry":{"type":"Point","coordinates":[121.535531,25.051688]}},{"type":"Feature","properties":{"id":"osm:node:5773643691","name":"台北富邦商業銀行","category":"bank","nameEn":"Taipei Fubon Bank","brand":"台北富邦商業銀行","address":"臺北市信義區松德路61號、63號、65號2樓之1","phone":"+886 2 2727 5188"},"geometry":{"type":"Point","coordinates":[121.576736,25.038526]}},{"type":"Feature","properties":{"id":"osm:node:5773643692","name":"第一商業銀行","category":"bank","nameEn":"First Commercial Bank","brand":"第一商業銀行","address":"臺北市信義區信義路五段18號","phone":"+886 2 2723 6111"},"geometry":{"type":"Point","coordinates":[121.56363,25.03263]}},{"type":"Feature","properties":{"id":"osm:node:5773643693","name":"板信商業銀行","category":"bank","nameEn":"Bank of Panshin","brand":"板信商業銀行","address":"臺北市松山區八德路二段360號一樓、360之一號一樓及358號二樓","phone":"+886 2 2752 8833"},"geometry":{"type":"Point","coordinates":[121.54578,25.047874]}},{"type":"Feature","properties":{"id":"osm:node:5773643695","name":"玉山商業銀行","category":"bank","nameEn":"E.SUN Commercial Bank","brand":"玉山商業銀行","address":"臺北市民生東路三段117號"},"geometry":{"type":"Point","coordinates":[121.546534,25.058131]}},{"type":"Feature","properties":{"id":"osm:node:5773643696","name":"台新國際商業銀行","category":"bank","nameEn":"Taishin International Bank","brand":"台新國際商業銀行","address":"臺北市民生東路三段133號1、2樓","phone":"+886 2 2712 6666"},"geometry":{"type":"Point","coordinates":[121.548221,25.05798]}},{"type":"Feature","properties":{"id":"osm:node:5773643697","name":"彰化商業銀行","category":"bank","nameEn":"Chang Hwa Bank","brand":"彰化商業銀行","address":"臺北市八德路四段88號1、2樓","phone":"+886 2 2171 1115"},"geometry":{"type":"Point","coordinates":[121.56045,25.048311]}},{"type":"Feature","properties":{"id":"osm:node:5773643698","name":"第一商業銀行","category":"bank","nameEn":"First Commercial Bank","brand":"第一商業銀行","address":"臺北市大安區敦化南路一段111號","phone":"+886 2 2731 8878"},"geometry":{"type":"Point","coordinates":[121.54941,25.044441]}},{"type":"Feature","properties":{"id":"osm:node:5773643699","name":"台新國際商業銀行","category":"bank","nameEn":"Taishin International Bank","brand":"台新國際商業銀行","address":"臺北市中山區建國北路二段17號2、6樓","phone":"+886 2 2505 6966"},"geometry":{"type":"Point","coordinates":[121.53738,25.054083]}},{"type":"Feature","properties":{"id":"osm:node:5773643700","name":"華南商業銀行","category":"bank","nameEn":"Hua Nan Commercial Bank","brand":"華南商業銀行","address":"臺北市松山區民生東路五段145號","phone":"+886 2 2764 1407"},"geometry":{"type":"Point","coordinates":[121.562,25.059092]}},{"type":"Feature","properties":{"id":"osm:node:5773643701","name":"合作金庫商業銀行","category":"bank","nameEn":"Taiwan Cooperative Bank","brand":"合作金庫商業銀行","address":"臺北市忠孝東路四段325號9樓","phone":"+886 2 2752 0058"},"geometry":{"type":"Point","coordinates":[121.545516,25.048754]}},{"type":"Feature","properties":{"id":"osm:node:5773643702","name":"安泰商業銀行","category":"bank","nameEn":"Entie Commercial Bank","brand":"安泰商業銀行","address":"臺北市民生東路三段126號1樓及128號1樓、2樓、2樓之1","phone":"+886 2 2546 3999"},"geometry":{"type":"Point","coordinates":[121.545749,25.057511]}},{"type":"Feature","properties":{"id":"osm:node:5773643703","name":"兆豐國際商業銀行","category":"bank","nameEn":"Mega International Commercial Bank","brand":"兆豐國際商業銀行","address":"臺北市民生東路四段52號1樓","phone":"+886 2 2719 6128","wheelchair":"yes"},"geometry":{"type":"Point","coordinates":[121.550316,25.057648]}},{"type":"Feature","properties":{"id":"osm:node:5773643704","name":"華南商業銀行","category":"bank","nameEn":"Hua Nan Commercial Bank","brand":"華南商業銀行","opening_hours":"Mo-Fr 09:00-15:30","address":"臺北市信義區忠孝東路五段293號","phone":"+886 2 2769 5957"},"geometry":{"type":"Point","coordinates":[121.57234,25.0411]}},{"type":"Feature","properties":{"id":"osm:node:5773643705","name":"國泰世華商業銀行","category":"bank","nameEn":"Cathay United Bank","brand":"國泰世華商業銀行","address":"臺北市信義區光復南路557號1、2樓、559號1、2樓","phone":"+886 2 8789 7171"},"geometry":{"type":"Point","coordinates":[121.55764,25.031324]}},{"type":"Feature","properties":{"id":"osm:node:5773643706","name":"合作金庫商業銀行","category":"bank","nameEn":"Taiwan Cooperative Bank","brand":"合作金庫商業銀行","address":"臺北市大安區忠孝東路四段325號11樓","phone":"+886 2 2773 3866"},"geometry":{"type":"Point","coordinates":[121.545529,25.048753]}},{"type":"Feature","properties":{"id":"osm:node:5773643707","name":"彰化商業銀行","category":"bank","nameEn":"Chang Hwa Bank","brand":"彰化商業銀行","address":"臺北市大同區重慶北路三段199號","phone":"+886 2 2591 9113","wheelchair":"yes"},"geometry":{"type":"Point","coordinates":[121.514003,25.069505]}},{"type":"Feature","properties":{"id":"osm:node:5773643708","name":"滙豐(台灣)商業銀行","category":"bank","address":"臺北市松山區南京東路四段186號1樓","phone":"+886 2 6633 6600"},"geometry":{"type":"Point","coordinates":[121.55765,25.051323]}},{"type":"Feature","properties":{"id":"osm:node:5773643709","name":"兆豐國際商業銀行","category":"bank","nameEn":"Mega International Commercial Bank","brand":"兆豐國際商業銀行","address":"臺北市忠孝東路六段21之1號及21號2樓","phone":"+886 2 2782 7588"},"geometry":{"type":"Point","coordinates":[121.58253,25.04691]}},{"type":"Feature","properties":{"id":"osm:node:5773643710","name":"永豐商業銀行","category":"bank","nameEn":"Bank SinoPac","brand":"永豐商業銀行","address":"臺北市中山區建國北路二段9之1號11樓","phone":"+886 2 2508 2288","wheelchair":"yes"},"geometry":{"type":"Point","coordinates":[121.537319,25.053083]}},{"type":"Feature","properties":{"id":"osm:node:5773643711","name":"安泰商業銀行","category":"bank","nameEn":"Entie Commercial Bank","brand":"安泰商業銀行","address":"臺北市建國北路二段135號1樓","phone":"+886 2 2518 5999"},"geometry":{"type":"Point","coordinates":[121.53755,25.060524]}},{"type":"Feature","properties":{"id":"osm:node:5773643712","name":"台北富邦商業銀行","category":"bank","nameEn":"Taipei Fubon Bank","brand":"台北富邦商業銀行","address":"臺北市仁愛路四段169號5樓","phone":"+886 2 2771 6699","wheelchair":"yes"},"geometry":{"type":"Point","coordinates":[121.552263,25.03819]}},{"type":"Feature","properties":{"id":"osm:node:5773643713","name":"臺灣新光商業銀行","category":"bank","nameEn":"Shin Kong Commercial Bank","brand":"臺灣新光商業銀行","address":"臺北市信義區忠孝東路五段510號2樓","phone":"+886 2 2346 6636"},"geometry":{"type":"Point","coordinates":[121.57897,25.041155]}},{"type":"Feature","properties":{"id":"osm:node:5773643714","name":"永豐商業銀行","category":"bank","nameEn":"Bank SinoPac","brand":"永豐商業銀行","address":"臺北市松山區東興路12號1樓","phone":"+886 2 2746 9888"},"geometry":{"type":"Point","coordinates":[121.565133,25.049833]}},{"type":"Feature","properties":{"id":"osm:node:5773643716","name":"瑞興商業銀行","category":"bank","nameEn":"Taipei Star Bank","brand":"瑞興商業銀行","address":"臺北市忠孝東路五段966號","phone":"+886 2 2651 6686"},"geometry":{"type":"Point","coordinates":[121.58214,25.044167]}},{"type":"Feature","properties":{"id":"osm:node:5773643717","name":"永豐商業銀行","category":"bank","nameEn":"Bank SinoPac","brand":"永豐商業銀行","address":"臺北市信義區莊敬路294、296、298號1樓，298號2樓","phone":"+886 2 2723 2955"},"geometry":{"type":"Point","coordinates":[121.56296,25.028442]}},{"type":"Feature","properties":{"id":"osm:node:5773643718","name":"第一商業銀行","category":"bank","nameEn":"First Commercial Bank","brand":"第一商業銀行","address":"臺北市信義區忠孝東路五段451號","phone":"+886 2 2276 8211"},"geometry":{"type":"Point","coordinates":[121.576602,25.040995]}},{"type":"Feature","properties":{"id":"osm:node:5773643719","name":"陽信商業銀行","category":"bank","nameEn":"Sunny Commercial Bank","brand":"陽信商業銀行","address":"臺北市中山區龍江路356巷49號","phone":"+886 2 2516 5945"},"geometry":{"type":"Point","coordinates":[121.53887,25.066122]}},{"type":"Feature","properties":{"id":"osm:node:5773643721","name":"華南商業銀行","category":"bank","nameEn":"Hua Nan Commercial Bank","brand":"華南商業銀行","address":"臺北市信義區松仁路123號4樓","phone":"+886 2 2371 3111"},"geometry":{"type":"Point","coordinates":[121.568935,25.034389]}},{"type":"Feature","properties":{"id":"osm:node:5773643722","name":"玉山商業銀行","category":"bank","nameEn":"E.SUN Commercial Bank","brand":"玉山商業銀行","opening_hours":"Mo-Fr 09:00-15:30","address":"臺北市松山區敦化南路一段2之1號","phone":"+886 2 2731 1313"},"geometry":{"type":"Point","coordinates":[121.548246,25.047937]}},{"type":"Feature","properties":{"id":"osm:node:5773643723","name":"台北富邦商業銀行","category":"bank","nameEn":"Taipei Fubon Bank","brand":"台北富邦商業銀行","address":"臺北市中山區南京東路二段85號9樓","phone":"+886 2 2562 9398"},"geometry":{"type":"Point","coordinates":[121.531715,25.052262]}},{"type":"Feature","properties":{"id":"osm:node:5773643724","name":"臺灣新光商業銀行","category":"bank","nameEn":"Shin Kong Commercial Bank","brand":"臺灣新光商業銀行","address":"臺北市信義區松仁路32號4樓","phone":"+886 2 8758 7288"},"geometry":{"type":"Point","coordinates":[121.56795,25.038692]}},{"type":"Feature","properties":{"id":"osm:node:5773643725","name":"華南商業銀行","category":"bank","nameEn":"Hua Nan Commercial Bank","brand":"華南商業銀行","address":"臺北市重慶北路三段276號","phone":"+886 2 2591 7767"},"geometry":{"type":"Point","coordinates":[121.513565,25.072199]}},{"type":"Feature","properties":{"id":"osm:node:5773643726","name":"元大商業銀行","category":"bank","nameEn":"Yuanta Commercial Bank","brand":"元大商業銀行","address":"臺北市松山區敦化南路一段66號3樓","phone":"+886 2 2173 6699"},"geometry":{"type":"Point","coordinates":[121.548419,25.047305]}},{"type":"Feature","properties":{"id":"osm:node:5773643727","name":"臺灣中小企業銀行","category":"bank","nameEn":"Taiwan Business Bank","brand":"臺灣中小企業銀行","address":"臺北市松山區南京東路四段147、149、151號","phone":"+886 2 2716 7171"},"geometry":{"type":"Point","coordinates":[121.555706,25.051808]}},{"type":"Feature","properties":{"id":"osm:node:5773643729","name":"凱基商業銀行","category":"bank","nameEn":"KGI Commercial Bank","brand":"凱基商業銀行","address":"臺北市信義區松山路132號1樓、2樓","phone":"+886 2 2761 6688"},"geometry":{"type":"Point","coordinates":[121.577585,25.04747]}},{"type":"Feature","properties":{"id":"osm:node:5773643730","name":"國泰世華商業銀行","category":"bank","nameEn":"Cathay United Bank","brand":"國泰世華商業銀行","address":"臺北市民生東路五段165之5、之6、之7、165號2樓之7、之8及175之3號1樓","phone":"+886 2 2747 5688","wheelchair":"yes"},"geometry":{"type":"Point","coordinates":[121.563825,25.059241]}},{"type":"Feature","properties":{"id":"osm:node:5773643731","name":"華南商業銀行","category":"bank","nameEn":"Hua Nan Commercial Bank","brand":"華南商業銀行","address":"臺北市民生東路四段54號","phone":"+886 2 2715 5011"},"geometry":{"type":"Point","coordinates":[121.55105,25.057703]}},{"type":"Feature","properties":{"id":"osm:node:5773643732","name":"兆豐國際商業銀行","category":"bank","nameEn":"Mega International Commercial Bank","brand":"兆豐國際商業銀行","address":"臺北市吉林路100號1-3樓","phone":"+886 2 2563 3156"},"geometry":{"type":"Point","coordinates":[121.529944,25.053069]}},{"type":"Feature","properties":{"id":"osm:node:5773643733","name":"台北富邦商業銀行","category":"bank","nameEn":"Taipei Fubon Bank","brand":"台北富邦商業銀行","address":"臺北市信義區永吉路199號、2樓及201號、2樓","phone":"+886 2 2762 8700"},"geometry":{"type":"Point","coordinates":[121.5735,25.045795]}},{"type":"Feature","properties":{"id":"osm:node:5773643734","name":"華泰商業銀行","category":"bank","nameEn":"Hwatai Commercial Bank","brand":"華泰商業銀行","address":"臺北市松德路65、67號1樓","phone":"+886 2 2346 0501"},"geometry":{"type":"Point","coordinates":[121.5767,25.038445]}},{"type":"Feature","properties":{"id":"osm:node:5773643735","name":"彰化商業銀行","category":"bank","nameEn":"Chang Hwa Bank","brand":"彰化商業銀行","address":"臺北市松山區復興北路367號","phone":"+886 2 2717 3222"},"geometry":{"type":"Point","coordinates":[121.5445,25.061747]}},{"type":"Feature","properties":{"id":"osm:node:5773643736","name":"玉山商業銀行","category":"bank","nameEn":"E.SUN Commercial Bank","brand":"玉山商業銀行","address":"臺北市松山區民生東路三段115號9樓、117號9樓","phone":"+886 2 2175 1313"},"geometry":{"type":"Point","coordinates":[121.546441,25.05813]}},{"type":"Feature","properties":{"id":"osm:node:5773643737","name":"陽信商業銀行","category":"bank","nameEn":"Sunny Commercial Bank","brand":"陽信商業銀行","address":"臺北市松山區民生東路五段167、167之1號","phone":"+886 2 2760 6335","wheelchair":"yes"},"geometry":{"type":"Point","coordinates":[121.564675,25.05927]}},{"type":"Feature","properties":{"id":"osm:node:5773643738","name":"玉山商業銀行","category":"bank","nameEn":"E.SUN Commercial Bank","brand":"玉山商業銀行","address":"臺北市大安區仁愛路四段376號之1、376號2樓之1","phone":"+886 2 2708 1313"},"geometry":{"type":"Point","coordinates":[121.555811,25.037351]}},{"type":"Feature","properties":{"id":"osm:node:5773643739","name":"合作金庫商業銀行","category":"bank","nameEn":"Taiwan Cooperative Bank","brand":"合作金庫商業銀行","opening_hours":"Mo-Fr 09:00-15:30","address":"臺北市大同區承德路三段277號1、2樓","phone":"+886 2 2596 2271","wheelchair":"yes"},"geometry":{"type":"Point","coordinates":[121.519356,25.072865]}},{"type":"Feature","properties":{"id":"osm:node:5773643740","name":"彰化商業銀行 國際營運處","category":"bank","nameEn":"Chang Hwa Bank","brand":"彰化商業銀行","address":"臺北市中山北路二段57號2樓","phone":"+886 2 2536 2951"},"geometry":{"type":"Point","coordinates":[121.523002,25.055397]}},{"type":"Feature","properties":{"id":"osm:node:5773643741","name":"臺灣中小企業銀行","category":"bank","nameEn":"Taiwan Business Bank","brand":"臺灣中小企業銀行","address":"臺北市松山區南京東路三段311號","phone":"+886 2 2712 7171"},"geometry":{"type":"Point","coordinates":[121.547066,25.052006]}},{"type":"Feature","properties":{"id":"osm:node:5773643742","name":"第一商業銀行","category":"bank","nameEn":"First Commercial Bank","brand":"第一商業銀行","address":"臺北市松山區光復北路16號","phone":"+886 2 2577 3323"},"geometry":{"type":"Point","coordinates":[121.55767,25.048885]}},{"type":"Feature","properties":{"id":"osm:node:5773643744","name":"台新國際商業銀行","category":"bank","nameEn":"Taishin International Bank","brand":"台新國際商業銀行","address":"臺北市中山區建國北路二段17號2、6樓","phone":"+886 2 2505 6966"},"geometry":{"type":"Point","coordinates":[121.537388,25.054144]}},{"type":"Feature","properties":{"id":"osm:node:5773643745","name":"凱基商業銀行","category":"bank","nameEn":"KGI Commercial Bank","brand":"凱基商業銀行","address":"臺北市南京東路三段224號8樓","phone":"+886 2 2751 6001","wheelchair":"yes"},"geometry":{"type":"Point","coordinates":[121.543754,25.051588]}},{"type":"Feature","properties":{"id":"osm:node:5773643747","name":"彰化商業銀行","category":"bank","nameEn":"Chang Hwa Bank","brand":"彰化商業銀行","address":"臺北市信義區基隆路一段333號3樓","phone":"+886 2 2720 3101"},"geometry":{"type":"Point","coordinates":[121.561121,25.034222]}},{"type":"Feature","properties":{"id":"osm:node:5773643748","name":"華南商業銀行","category":"bank","nameEn":"Hua Nan Commercial Bank","brand":"華南商業銀行","address":"臺北市八德路二段205號","phone":"+886 2 8772 2778"},"geometry":{"type":"Point","coordinates":[121.539827,25.046856]}},{"type":"Feature","properties":{"id":"osm:node:5773643749","name":"永豐商業銀行","category":"bank","nameEn":"Bank SinoPac","brand":"永豐商業銀行","address":"臺北市大安區敦化南路一段236巷1號、3號1樓及地下室","phone":"+886 2 2778 8811"},"geometry":{"type":"Point","coordinates":[121.54799,25.040653]}},{"type":"Feature","properties":{"id":"osm:node:5773643750","name":"星展（台灣）商業銀行","category":"bank","nameEn":"DBS Bank Taiwan","brand":"星展銀行","opening_hours":"Mo-Fr 09:00-15:30","address":"103626臺北市大同區重慶北路三段79、81、83、85號1、2樓","phone":"+886 2 6633 0608","website":"https://www.dbs.com.tw/personal-zh/default.page","wheelchair":"yes"},"geometry":{"type":"Point","coordinates":[121.51395,25.066479]}},{"type":"Feature","properties":{"id":"osm:node:5773643751","name":"臺灣新光商業銀行","category":"bank","nameEn":"Shin Kong Commercial Bank","brand":"臺灣新光商業銀行","address":"臺北市信義區信義路五段8號1樓及地下1樓","phone":"+886 2 2345 1888"},"geometry":{"type":"Point","coordinates":[121.560915,25.03269]}},{"type":"Feature","properties":{"id":"osm:node:5773643752","name":"臺灣新光商業銀行","category":"bank","nameEn":"Shin Kong Commercial Bank","brand":"臺灣新光商業銀行","address":"臺北市林森北路554號1樓及地下1樓","phone":"+886 2 2586 1991"},"geometry":{"type":"Point","coordinates":[121.525505,25.06418]}},{"type":"Feature","properties":{"id":"osm:node:5773643753","name":"永豐商業銀行","category":"bank","nameEn":"Bank SinoPac","brand":"永豐商業銀行","address":"臺北市大同區重慶北路三段139號1、2樓","phone":"+886 2 2598 2463","wheelchair":"yes"},"geometry":{"type":"Point","coordinates":[121.513954,25.068115]}},{"type":"Feature","properties":{"id":"osm:node:5773643754","name":"瑞興商業銀行","category":"bank","nameEn":"Taipei Star Bank","brand":"瑞興商業銀行","address":"臺北市南京東路二段196號2樓","phone":"+886 2 2506 9415","wheelchair":"yes"},"geometry":{"type":"Point","coordinates":[121.535528,25.051677]}},{"type":"Feature","properties":{"id":"osm:node:5773643756","name":"滙豐(台灣)商業銀行","category":"bank","address":"臺北市松山區敦化北路167號1樓","phone":"+886 2 6633 6633"},"geometry":{"type":"Point","coordinates":[121.549449,25.054558]}},{"type":"Feature","properties":{"id":"osm:node:5776480482","name":"臺灣新光商業銀行","category":"bank","nameEn":"Shin Kong Commercial Bank","brand":"臺灣新光商業銀行","address":"臺北市中山區明水路600號1樓","phone":"+886 2 8509 1819"},"geometry":{"type":"Point","coordinates":[121.551956,25.08144]}},{"type":"Feature","properties":{"id":"osm:node:5776480483","name":"華南商業銀行","category":"bank","nameEn":"Hua Nan Commercial Bank","brand":"華南商業銀行","address":"臺北市內湖區內湖路一段392.394號 1f","phone":"+886 2 2797 7189"},"geometry":{"type":"Point","coordinates":[121.573243,25.080473]}},{"type":"Feature","properties":{"id":"osm:node:5776480484","name":"臺灣中小企業銀行","category":"bank","nameEn":"Taiwan Business Bank","brand":"臺灣中小企業銀行","address":"新北市汐止區新台五路一段75號","phone":"+886 2 2698 7171"},"geometry":{"type":"Point","coordinates":[121.64546,25.060764]}},{"type":"Feature","properties":{"id":"osm:node:5776480485","name":"凱基商業銀行","category":"bank","nameEn":"KGI Commercial Bank","brand":"凱基商業銀行","address":"臺北市內湖區行愛路78巷25號1樓","phone":"+886 2 2796 2906"},"geometry":{"type":"Point","coordinates":[121.58015,25.061768]}},{"type":"Feature","properties":{"id":"osm:node:5776480486","name":"臺灣新光商業銀行","category":"bank","nameEn":"Shin Kong Commercial Bank","brand":"臺灣新光商業銀行","address":"臺北市內湖路一段360巷17號、19號1樓及17號2樓","phone":"+886 2 2797 6768"},"geometry":{"type":"Point","coordinates":[121.570601,25.080573]}},{"type":"Feature","properties":{"id":"osm:node:5776480487","name":"國泰世華商業銀行","category":"bank","nameEn":"Cathay United Bank","brand":"國泰世華商業銀行","address":"臺北市民權東路六段109-1號1樓、111號1樓、113號1樓","phone":"+886 2 8791 7088"},"geometry":{"type":"Point","coordinates":[121.591773,25.06909]}},{"type":"Feature","properties":{"id":"osm:node:5776480488","name":"凱基商業銀行","category":"bank","nameEn":"KGI Commercial Bank","brand":"凱基商業銀行","address":"臺北市內湖區瑞光路618號","phone":"+886 2 2659 5968"},"geometry":{"type":"Point","coordinates":[121.56527,25.080458]}},{"type":"Feature","properties":{"id":"osm:node:5776480489","name":"華南商業銀行","category":"bank","nameEn":"Hua Nan Commercial Bank","brand":"華南商業銀行","address":"臺北市南港路三段52號","phone":"+886 2 2788 5966"},"geometry":{"type":"Point","coordinates":[121.59164,25.054298]}},{"type":"Feature","properties":{"id":"osm:node:5776480490","name":"滙豐(台灣)商業銀行","category":"bank","address":"臺北市內湖區瑞光路552號一樓","phone":"+886 2 6633 6699"},"geometry":{"type":"Point","coordinates":[121.565579,25.080387]}},{"type":"Feature","properties":{"id":"osm:node:5776480491","name":"華南商業銀行","category":"bank","nameEn":"Hua Nan Commercial Bank","brand":"華南商業銀行","address":"臺北市內湖區行愛路130號1樓","phone":"+886 2 2796 8288"},"geometry":{"type":"Point","coordinates":[121.579994,25.063868]}},{"type":"Feature","properties":{"id":"osm:node:5776480492","name":"臺灣銀行","category":"bank","nameEn":"Bank of Taiwan","brand":"臺灣銀行","address":"臺北市內湖區內湖路一段396號一、二樓及398號一樓","phone":"+886 2 8797 7933"},"geometry":{"type":"Point","coordinates":[121.57345,25.080405]}},{"type":"Feature","properties":{"id":"osm:node:5776480493","name":"華南商業銀行","category":"bank","nameEn":"Hua Nan Commercial Bank","brand":"華南商業銀行","address":"新北市汐止區大同路一段276號","phone":"+886 2 2647 2611"},"geometry":{"type":"Point","coordinates":[121.63451,25.057064]}},{"type":"Feature","properties":{"id":"osm:node:5776480494","name":"中國信託商業銀行","category":"bank","nameEn":"CTBC Bank","brand":"中國信託商業銀行","address":"臺北市經貿二路168號6、11、15樓、台北市重慶南路一段77號4、5樓，83號3至5樓、台北市懷寧街70號1至4樓","phone":"+886 2 2381 8890","wheelchair":"yes"},"geometry":{"type":"Point","coordinates":[121.616529,25.058667]}},{"type":"Feature","properties":{"id":"osm:node:5776480495","name":"王道商業銀行股份有限公司","category":"bank","address":"臺北市堤頂大道二段99號","phone":"+886 2 8752 7000"},"geometry":{"type":"Point","coordinates":[121.571301,25.076631]}},{"type":"Feature","properties":{"id":"osm:node:5776480496","name":"永豐商業銀行","category":"bank","nameEn":"Bank SinoPac","brand":"永豐商業銀行","address":"臺北市內湖區內湖路一段721、723、725號1樓及721、723號2樓","phone":"+886 2 2797 1600"},"geometry":{"type":"Point","coordinates":[121.57792,25.079235]}},{"type":"Feature","properties":{"id":"osm:node:5776480497","name":"元大商業銀行","category":"bank","nameEn":"Yuanta Commercial Bank","brand":"元大商業銀行","address":"臺北市內湖區瑞光路583巷21及23號1樓","phone":"+886 2 2627 1000"},"geometry":{"type":"Point","coordinates":[121.5678,25.080585]}},{"type":"Feature","properties":{"id":"osm:node:5776480498","name":"華南商業銀行","category":"bank","nameEn":"Hua Nan Commercial Bank","brand":"華南商業銀行","address":"臺北市中山區樂群三路52號1樓及56號1樓","phone":"+886 2 8502 0818"},"geometry":{"type":"Point","coordinates":[121.55257,25.082479]}},{"type":"Feature","properties":{"id":"osm:node:5776480499","name":"凱基商業銀行","category":"bank","nameEn":"KGI Commercial Bank","brand":"凱基商業銀行","address":"臺北市中山區樂群三路72號、76號及78號","phone":"+886 2 8501 5551"},"geometry":{"type":"Point","coordinates":[121.552851,25.082512]}},{"type":"Feature","properties":{"id":"osm:node:5776480500","name":"國泰世華商業銀行","category":"bank","nameEn":"Cathay United Bank","brand":"國泰世華商業銀行","address":"臺北市內湖路一段310號","phone":"+886 2 2659 6899"},"geometry":{"type":"Point","coordinates":[121.568782,25.08112]}},{"type":"Feature","properties":{"id":"osm:node:5776480501","name":"台北富邦商業銀行","category":"bank","nameEn":"Taipei Fubon Bank","brand":"台北富邦商業銀行","address":"臺北市中山區明水路602號","phone":"+886 2 8509 3878"},"geometry":{"type":"Point","coordinates":[121.55189,25.081627]}},{"type":"Feature","properties":{"id":"osm:node:5776480502","name":"彰化商業銀行","category":"bank","nameEn":"Chang Hwa Bank","brand":"彰化商業銀行","address":"臺北市南港區南港路三段48號","phone":"+886 2 2783 3456"},"geometry":{"type":"Point","coordinates":[121.59188,25.054585]}},{"type":"Feature","properties":{"id":"osm:node:5776480503","name":"合作金庫商業銀行","category":"bank","nameEn":"Taiwan Cooperative Bank","brand":"合作金庫商業銀行","address":"臺北市南港區重陽路223號1樓","phone":"+886 2 2786 2268"},"geometry":{"type":"Point","coordinates":[121.601746,25.057688]}},{"type":"Feature","properties":{"id":"osm:node:5776480504","name":"永豐商業銀行","category":"bank","nameEn":"Bank SinoPac","brand":"永豐商業銀行","address":"臺北市內湖區瑞光路8號1樓","phone":"+886 2 8792 6888"},"geometry":{"type":"Point","coordinates":[121.5833,25.06938]}},{"type":"Feature","properties":{"id":"osm:node:5776480506","name":"玉山商業銀行","category":"bank","nameEn":"E.SUN Commercial Bank","brand":"玉山商業銀行","address":"臺北市內湖區瑞湖街15號","phone":"+886 2 2797 8813"},"geometry":{"type":"Point","coordinates":[121.576528,25.074744]}},{"type":"Feature","properties":{"id":"osm:node:5776480507","name":"板信商業銀行","category":"bank","nameEn":"Bank of Panshin","brand":"板信商業銀行","address":"臺北市內湖區新明路108號1-2樓","phone":"+886 2 2796 5589"},"geometry":{"type":"Point","coordinates":[121.5892,25.059582]}},{"type":"Feature","properties":{"id":"osm:node:5776480508","name":"聯邦商業銀行","category":"bank","nameEn":"Union Bank of Taiwan","brand":"聯邦商業銀行","address":"臺北市內湖區民權東路六段150號之3及150號之5","phone":"+886 2 2796 7779"},"geometry":{"type":"Point","coordinates":[121.59014,25.068808]}},{"type":"Feature","properties":{"id":"osm:node:5776480509","name":"三信商業銀行","category":"bank","nameEn":"COTA Commercial Bank","brand":"三信商業銀行","address":"臺北市內湖區陽光街246號2樓","phone":"+886 2 8753 3599"},"geometry":{"type":"Point","coordinates":[121.577894,25.073531]}},{"type":"Feature","properties":{"id":"osm:node:5776480510","name":"星展（台灣）商業銀行","category":"bank","nameEn":"DBS Bank Taiwan","brand":"星展銀行","address":"114063臺北市內湖區瑞光路333號12樓/ 臺北市內湖區瑞光路399號13樓 / 臺北市中山德惠街9號9樓","phone":"+886 2 6612 9415","website":"https://www.dbs.com.tw/personal-zh/default.page"},"geometry":{"type":"Point","coordinates":[121.574298,25.077057]}},{"type":"Feature","properties":{"id":"osm:node:5776480511","name":"華南商業銀行","category":"bank","nameEn":"Hua Nan Commercial Bank","brand":"華南商業銀行","address":"臺北市南港區園區街2號2樓之10","phone":"+886 2 2655 8788"},"geometry":{"type":"Point","coordinates":[121.611659,25.058568]}},{"type":"Feature","properties":{"id":"osm:node:5776480512","name":"合作金庫商業銀行","category":"bank","nameEn":"Taiwan Cooperative Bank","brand":"合作金庫商業銀行","address":"臺北市內湖區新湖二路255、257號1樓","phone":"+886 2 2790 8118"},"geometry":{"type":"Point","coordinates":[121.58171,25.06373]}},{"type":"Feature","properties":{"id":"osm:node:5776480513","name":"彰化商業銀行","category":"bank","nameEn":"Chang Hwa Bank","brand":"彰化商業銀行","address":"臺北市內湖區民權東路六段109號一樓","phone":"+886 2 2790 4567"},"geometry":{"type":"Point","coordinates":[121.591583,25.069097]}},{"type":"Feature","properties":{"id":"osm:node:5776480514","name":"元大商業銀行","category":"bank","nameEn":"Yuanta Commercial Bank","brand":"元大商業銀行","address":"臺北市南港區園區街28號、30號1~2樓","phone":"+886 2 2783 2600"},"geometry":{"type":"Point","coordinates":[121.612625,25.059156]}},{"type":"Feature","properties":{"id":"osm:node:5776480515","name":"合作金庫商業銀行","category":"bank","nameEn":"Taiwan Cooperative Bank","brand":"合作金庫商業銀行","address":"臺北市南港區三重路19之16號1樓","phone":"+886 2 2655 0777","wheelchair":"yes"},"geometry":{"type":"Point","coordinates":[121.61376,25.057138]}},{"type":"Feature","properties":{"id":"osm:node:5776480516","name":"彰化商業銀行","category":"bank","nameEn":"Chang Hwa Bank","brand":"彰化商業銀行","address":"新北市汐止區大同路一段215之1號、217號1樓、2樓、2樓之1、2樓之2","phone":"+886 2 2165 3111"},"geometry":{"type":"Point","coordinates":[121.6339,25.05742]}},{"type":"Feature","properties":{"id":"osm:node:5776480517","name":"彰化商業銀行","category":"bank","nameEn":"Chang Hwa Bank","brand":"彰化商業銀行","address":"臺北市內湖區新湖二路180號","phone":"+886 2 2793 1616"},"geometry":{"type":"Point","coordinates":[121.58022,25.063414]}},{"type":"Feature","properties":{"id":"osm:node:5776480518","name":"第一商業銀行","category":"bank","nameEn":"First Commercial Bank","brand":"第一商業銀行","address":"新北市汐止區大同路一段278號1樓、280號","phone":"+886 2 2647 1688"},"geometry":{"type":"Point","coordinates":[121.634584,25.057208]}},{"type":"Feature","properties":{"id":"osm:node:5776480520","name":"華泰商業銀行","category":"bank","nameEn":"Hwatai Commercial Bank","brand":"華泰商業銀行","address":"臺北市內湖路一段729號1樓、地下室，731號1樓、地下室，731號2樓及737巷8弄4號1樓、地下室","phone":"+886 2 2797 6282"},"geometry":{"type":"Point","coordinates":[121.57808,25.079174]}},{"type":"Feature","properties":{"id":"osm:node:5776480522","name":"安泰商業銀行","category":"bank","nameEn":"Entie Commercial Bank","brand":"安泰商業銀行","address":"臺北市康樂街12號1、2樓及14號1樓","phone":"+886 2 2633 9201"},"geometry":{"type":"Point","coordinates":[121.61779,25.068113]}},{"type":"Feature","properties":{"id":"osm:node:5776480523","name":"三信商業銀行","category":"bank","nameEn":"COTA Commercial Bank","brand":"三信商業銀行","address":"臺北市內湖區陽光街246號2樓","phone":"+886 2 8753 3599"},"geometry":{"type":"Point","coordinates":[121.577914,25.073549]}},{"type":"Feature","properties":{"id":"osm:node:5776480524","name":"板信商業銀行","category":"bank","nameEn":"Bank of Panshin","brand":"板信商業銀行","opening_hours":"Mo-Fr 09:00-15:30","address":"台北市內湖區瑞光路633、635號","phone":"+886 2 2656 0188"},"geometry":{"type":"Point","coordinates":[121.56628,25.080473]}},{"type":"Feature","properties":{"id":"osm:node:5776480525","name":"兆豐國際商業銀行","category":"bank","nameEn":"Mega International Commercial Bank","brand":"兆豐國際商業銀行","address":"臺北市港墘路202號","phone":"+886 2 2627 5699"},"geometry":{"type":"Point","coordinates":[121.574332,25.07583]}},{"type":"Feature","properties":{"id":"osm:node:5776480526","name":"彰化商業銀行","category":"bank","nameEn":"Chang Hwa Bank","brand":"彰化商業銀行","address":"臺北市南港區園區街3號2樓之3","phone":"+886 2 2655 8169"},"geometry":{"type":"Point","coordinates":[121.611885,25.058487]}},{"type":"Feature","properties":{"id":"osm:node:5776480527","name":"臺灣土地銀行","category":"bank","nameEn":"Land Bank of Taiwan","brand":"臺灣土地銀行","address":"臺北市內湖區民權東路六段156號","phone":"+886 2 2796 3800"},"geometry":{"type":"Point","coordinates":[121.59171,25.068775]}},{"type":"Feature","properties":{"id":"osm:node:5776480528","name":"華泰商業銀行","category":"bank","nameEn":"Hwatai Commercial Bank","brand":"華泰商業銀行","address":"臺北市中山區敬業四路33號1樓","phone":"+886 2 2752 5252"},"geometry":{"type":"Point","coordinates":[121.557929,25.081011]}},{"type":"Feature","properties":{"id":"osm:node:5776480529","name":"星展（台灣）商業銀行","category":"bank","nameEn":"DBS Bank Taiwan","brand":"星展銀行","opening_hours":"Mo-Fr 09:00-15:30","address":"114727臺北市內湖區瑞光路608號1樓","phone":"+886 2 6613 7108","website":"https://www.dbs.com.tw/personal-zh/default.page"},"geometry":{"type":"Point","coordinates":[121.565787,25.080294]}},{"type":"Feature","properties":{"id":"osm:node:5776480530","name":"中國信託商業銀行","category":"bank","nameEn":"CTBC Bank","brand":"中國信託商業銀行","address":"臺北市中山區明水路638號、640號、642號、636號2 樓之2、2樓之3","phone":"+886 2 8502 6002"},"geometry":{"type":"Point","coordinates":[121.55131,25.082865]}},{"type":"Feature","properties":{"id":"osm:node:5776480531","name":"合作金庫商業銀行","category":"bank","nameEn":"Taiwan Cooperative Bank","brand":"合作金庫商業銀行","address":"新北市汐止區忠孝東路223號1、2樓、225號1、2、3樓、新昌路1號1、2樓","phone":"+886 2 2641 3211","wheelchair":"limited"},"geometry":{"type":"Point","coordinates":[121.662186,25.066887]}},{"type":"Feature","properties":{"id":"osm:node:5776480532","name":"上海商業儲蓄銀行","category":"bank","nameEn":"Shanghai Commercial and Savings Bank","brand":"上海商業儲蓄銀行","address":"臺北市南港區重陽路200號1樓及202號1、2樓","phone":"+886 2 2783 2111"},"geometry":{"type":"Point","coordinates":[121.60296,25.057503]}},{"type":"Feature","properties":{"id":"osm:node:5776480533","name":"第一商業銀行","category":"bank","nameEn":"First Commercial Bank","brand":"第一商業銀行","address":"臺北市中山區明水路588號","phone":"+886 2 8509 5611"},"geometry":{"type":"Point","coordinates":[121.55204,25.080704]}},{"type":"Feature","properties":{"id":"osm:node:5776480534","name":"永豐商業銀行","category":"bank","nameEn":"Bank SinoPac","brand":"永豐商業銀行","address":"臺北市南港區三重路19之12號","phone":"+886 2 2788 5265","wheelchair":"yes"},"geometry":{"type":"Point","coordinates":[121.613757,25.058641]}},{"type":"Feature","properties":{"id":"osm:node:5776480535","name":"上海商業儲蓄銀行","category":"bank","nameEn":"Shanghai Commercial and Savings Bank","brand":"上海商業儲蓄銀行","address":"臺北市內湖區瑞光路188巷46、48號1樓","phone":"+886 2 2659 9111"},"geometry":{"type":"Point","coordinates":[121.576714,25.073696]}},{"type":"Feature","properties":{"id":"osm:node:5776480536","name":"合作金庫商業銀行","category":"bank","nameEn":"Taiwan Cooperative Bank","brand":"合作金庫商業銀行","address":"臺北市內湖區成功路二段325號","phone":"+886 2 8792 5745"},"geometry":{"type":"Point","coordinates":[121.59261,25.071758]}},{"type":"Feature","properties":{"id":"osm:node:5776480537","name":"臺灣土地銀行","category":"bank","nameEn":"Land Bank of Taiwan","brand":"臺灣土地銀行","address":"新北市汐止區大同路一段306-3號1、2樓","phone":"+886 2 2649 8577"},"geometry":{"type":"Point","coordinates":[121.636145,25.05806]}},{"type":"Feature","properties":{"id":"osm:node:5776480538","name":"台北富邦商業銀行","category":"bank","nameEn":"Taipei Fubon Bank","brand":"台北富邦商業銀行","opening_hours":"Mo-Fr 09:00-15:30","address":"115028臺北市南港區南港路二段142號1樓及2樓之2","phone":"+886 2 2655 9678","website":"https://www.fubon.com/banking/personal/"},"geometry":{"type":"Point","coordinates":[121.6008,25.053564]}},{"type":"Feature","properties":{"id":"osm:node:5776480539","name":"元大商業銀行","category":"bank","nameEn":"Yuanta Commercial Bank","brand":"元大商業銀行","address":"臺北市內湖區港墘路189號1樓","phone":"+886 2 8751 8759"},"geometry":{"type":"Point","coordinates":[121.57486,25.075672]}},{"type":"Feature","properties":{"id":"osm:node:5776480540","name":"彰化商業銀行","category":"bank","nameEn":"Chang Hwa Bank","brand":"彰化商業銀行","address":"臺北市內湖區瑞光路513巷26、28、30號1樓","phone":"+886 2 2797 8966"},"geometry":{"type":"Point","coordinates":[121.569695,25.079718]}},{"type":"Feature","properties":{"id":"osm:node:5776480541","name":"臺灣土地銀行","category":"bank","nameEn":"Land Bank of Taiwan","brand":"臺灣土地銀行","address":"新北市汐止區新台五路一段93號","phone":"+886 2 2697 2858"},"geometry":{"type":"Point","coordinates":[121.64808,25.061945]}},{"type":"Feature","properties":{"id":"osm:node:5776480542","name":"玉山商業銀行","category":"bank","nameEn":"E.SUN Commercial Bank","brand":"玉山商業銀行","address":"臺北市內湖區成功路四段95、97、99號及99號2樓","phone":"+886 2 2791 8813"},"geometry":{"type":"Point","coordinates":[121.592841,25.082357]}},{"type":"Feature","properties":{"id":"osm:node:5776480543","name":"星展（台灣）商業銀行","category":"bank","nameEn":"DBS Bank Taiwan","brand":"星展銀行","opening_hours":"Mo-Fr 09:00-15:30","address":"115018臺北市南港區興東街29-2、29-3、29-4、29-5號1、2樓","phone":"+886 2 6613 7158","website":"https://www.dbs.com.tw/personal-zh/default.page"},"geometry":{"type":"Point","coordinates":[121.612603,25.055789]}},{"type":"Feature","properties":{"id":"osm:node:5776480544","name":"彰化商業銀行","category":"bank","nameEn":"Chang Hwa Bank","brand":"彰化商業銀行","address":"臺北市內湖區瑞湖街19號、21號及21號2樓","phone":"+886 2 2659 0766"},"geometry":{"type":"Point","coordinates":[121.576395,25.07468]}},{"type":"Feature","properties":{"id":"osm:node:5776480546","name":"華泰商業銀行","category":"bank","nameEn":"Hwatai Commercial Bank","brand":"華泰商業銀行","address":"臺北市中山區敬業四路33號1樓","phone":"+886 2 2752 5252"},"geometry":{"type":"Point","coordinates":[121.557884,25.080992]}},{"type":"Feature","properties":{"id":"osm:node:5776480547","name":"陽信商業銀行","category":"bank","nameEn":"Sunny Commercial Bank","brand":"陽信商業銀行","address":"新北市汐止區大同路一段175號1~2樓","phone":"+886 2 8691 9985","wheelchair":"yes"},"geometry":{"type":"Point","coordinates":[121.6327,25.057173]}},{"type":"Feature","properties":{"id":"osm:node:5776480548","name":"元大商業銀行","category":"bank","nameEn":"Yuanta Commercial Bank","brand":"元大商業銀行","address":"新北市汐止區忠孝東路285號1、2樓","phone":"+886 2 2641 7266"},"geometry":{"type":"Point","coordinates":[121.66396,25.06862]}},{"type":"Feature","properties":{"id":"osm:node:5776480549","name":"玉山商業銀行","category":"bank","nameEn":"E.SUN Commercial Bank","brand":"玉山商業銀行","address":"臺北市內湖區內湖路一段360巷6、8、10號1、2樓","phone":"+886 2 2659 1313"},"geometry":{"type":"Point","coordinates":[121.57035,25.080822]}},{"type":"Feature","properties":{"id":"osm:node:5776480550","name":"華泰商業銀行","category":"bank","nameEn":"Hwatai Commercial Bank","brand":"華泰商業銀行","address":"臺北市中山區敬業四路33號11樓","phone":"+886 2 2752 5252"},"geometry":{"type":"Point","coordinates":[121.557931,25.080997]}},{"type":"Feature","properties":{"id":"osm:node:5776480551","name":"中國信託商業銀行","category":"bank","nameEn":"CTBC Bank","brand":"中國信託商業銀行","address":"臺北市內湖區內湖路一段514號、516號","phone":"+886 2 2798 5600"},"geometry":{"type":"Point","coordinates":[121.573726,25.080322]}},{"type":"Feature","properties":{"id":"osm:node:5776480552","name":"元大商業銀行","category":"bank","nameEn":"Yuanta Commercial Bank","brand":"元大商業銀行","address":"臺北市內湖區文德路68號1~2樓","phone":"+886 2 2797 7988"},"geometry":{"type":"Point","coordinates":[121.581837,25.078315]}},{"type":"Feature","properties":{"id":"osm:node:5776480753","name":"合作金庫商業銀行","category":"bank","nameEn":"Taiwan Cooperative Bank","brand":"合作金庫商業銀行","address":"臺北市中山區北安路409號","phone":"+886 2 8509 9188"},"geometry":{"type":"Point","coordinates":[121.540549,25.082653]}},{"type":"Feature","properties":{"id":"osm:node:5776480754","name":"彰化商業銀行","category":"bank","nameEn":"Chang Hwa Bank","brand":"彰化商業銀行","address":"臺北市中山區北安路589號","phone":"+886 2 2533 7861"},"geometry":{"type":"Point","coordinates":[121.548615,25.081942]}},{"type":"Feature","properties":{"id":"osm:node:5776480755","name":"臺灣新光商業銀行","category":"bank","nameEn":"Shin Kong Commercial Bank","brand":"臺灣新光商業銀行","address":"臺北市內湖區新湖二路87號1、2樓","phone":"+886 2 2790 1800"},"geometry":{"type":"Point","coordinates":[121.575757,25.06059]}},{"type":"Feature","properties":{"id":"osm:node:5776480756","name":"台北富邦商業銀行","category":"bank","nameEn":"Taipei Fubon Bank","brand":"台北富邦商業銀行","address":"臺北市內湖區瑞湖街62號","phone":"+886 2 2659 1088"},"geometry":{"type":"Point","coordinates":[121.57555,25.073711]}},{"type":"Feature","properties":{"id":"osm:node:5776480757","name":"臺灣新光商業銀行","category":"bank","nameEn":"Shin Kong Commercial Bank","brand":"臺灣新光商業銀行","address":"臺北市南港區重陽路218號1、2樓","phone":"+886 2 2782 1787"},"geometry":{"type":"Point","coordinates":[121.60322,25.057589]}},{"type":"Feature","properties":{"id":"osm:node:5776480758","name":"三信商業銀行","category":"bank","nameEn":"COTA Commercial Bank","brand":"三信商業銀行","address":"臺北市內湖區陽光街246號","phone":"+886 2 8751 2588"},"geometry":{"type":"Point","coordinates":[121.57789,25.073551]}},{"type":"Feature","properties":{"id":"osm:node:5776480759","name":"玉山商業銀行","category":"bank","nameEn":"E.SUN Commercial Bank","brand":"玉山商業銀行","address":"新北市汐止區樟樹里大同路1段237號1樓、237-1號1樓","phone":"+886 2 2647 6613"},"geometry":{"type":"Point","coordinates":[121.634279,25.058775]}},{"type":"Feature","properties":{"id":"osm:node:5776480760","name":"國泰世華商業銀行","category":"bank","nameEn":"Cathay United Bank","brand":"國泰世華商業銀行","address":"臺北市南港路一段218號、220號","phone":"+886 2 2789 2345"},"geometry":{"type":"Point","coordinates":[121.61052,25.05515]}},{"type":"Feature","properties":{"id":"osm:node:5776480761","name":"中國信託商業銀行","category":"bank","nameEn":"CTBC Bank","brand":"中國信託商業銀行","address":"臺北市南港區經貿二路168號","phone":"+886 2 3327 7777","wheelchair":"yes"},"geometry":{"type":"Point","coordinates":[121.616502,25.058725]}},{"type":"Feature","properties":{"id":"osm:node:5776480762","name":"王道商業銀行股份有限公司","category":"bank","address":"臺北市堤頂大道二段99號","phone":"+886 2 8752 7000"},"geometry":{"type":"Point","coordinates":[121.571255,25.076616]}},{"type":"Feature","properties":{"id":"osm:node:5776480763","name":"渣打國際商業銀行","category":"bank","nameEn":"Standard Chartered Taiwan","brand":"渣打國際商業銀行","address":"臺北市中山區明水路676號1樓及672巷1, 3, 5號1樓","phone":"+886 2 6610 7500"},"geometry":{"type":"Point","coordinates":[121.55101,25.083855]}},{"type":"Feature","properties":{"id":"osm:node:5776480764","name":"第一商業銀行","category":"bank","nameEn":"First Commercial Bank","brand":"第一商業銀行","address":"臺北市內湖區行愛路159號","phone":"+886 2 8753 1811"},"geometry":{"type":"Point","coordinates":[121.57992,25.06484]}},{"type":"Feature","properties":{"id":"osm:node:5776480766","name":"台新國際商業銀行","category":"bank","nameEn":"Taishin International Bank","brand":"台新國際商業銀行","address":"臺北市南港區三重路66之3號","phone":"+886 2 2655 9988","wheelchair":"limited"},"geometry":{"type":"Point","coordinates":[121.614311,25.057052]}},{"type":"Feature","properties":{"id":"osm:node:5776480767","name":"華泰商業銀行","category":"bank","nameEn":"Hwatai Commercial Bank","brand":"華泰商業銀行","address":"臺北市中山區敬業四路33號1樓","phone":"+886 2 2532 8669"},"geometry":{"type":"Point","coordinates":[121.557908,25.080961]}},{"type":"Feature","properties":{"id":"osm:node:5776480768","name":"臺灣中小企業銀行","category":"bank","nameEn":"Taiwan Business Bank","brand":"臺灣中小企業銀行","address":"臺北市內湖區民權東路六段152號1樓","phone":"+886 2 8792 9771"},"geometry":{"type":"Point","coordinates":[121.590065,25.068783]}},{"type":"Feature","properties":{"id":"osm:node:5776480769","name":"第一商業銀行","category":"bank","nameEn":"First Commercial Bank","brand":"第一商業銀行","address":"臺北市內湖區內湖路一段388號","phone":"+886 2 8797 8711"},"geometry":{"type":"Point","coordinates":[121.572441,25.080785]}},{"type":"Feature","properties":{"id":"osm:node:5776883976","name":"彰化商業銀行","category":"bank","nameEn":"Chang Hwa Bank","brand":"彰化商業銀行","address":"臺北市士林區德行西路33、35號1樓","phone":"+886 2 2833 3232","wheelchair":"yes"},"geometry":{"type":"Point","coordinates":[121.523622,25.10606]}},{"type":"Feature","properties":{"id":"osm:node:5776883977","name":"陽信商業銀行","category":"bank","nameEn":"Sunny Commercial Bank","brand":"陽信商業銀行","address":"臺北市士林區天母東路15、17號","phone":"+886 2 2873 2500"},"geometry":{"type":"Point","coordinates":[121.5316,25.118227]}},{"type":"Feature","properties":{"id":"osm:node:5776883978","name":"華南商業銀行","category":"bank","nameEn":"Hua Nan Commercial Bank","brand":"華南商業銀行","address":"臺北市北投區石牌路一段78號1、2樓及58巷35號1樓","phone":"+886 2 2822 3822"},"geometry":{"type":"Point","coordinates":[121.51149,25.11358]}},{"type":"Feature","properties":{"id":"osm:node:5776883979","name":"星展（台灣）商業銀行","category":"bank","nameEn":"DBS Bank Taiwan","brand":"星展銀行","opening_hours":"Mo-Fr 09:00-15:30","address":"111046臺北市士林區中山北路六段91號","phone":"+886 2 6612 8255","website":"https://www.dbs.com.tw/personal-zh/default.page"},"geometry":{"type":"Point","coordinates":[121.524282,25.105923]}},{"type":"Feature","properties":{"id":"osm:node:5776883980","name":"臺灣土地銀行","category":"bank","nameEn":"Land Bank of Taiwan","brand":"臺灣土地銀行","address":"臺北市士林區忠誠路二段122號1樓、2樓及124號1樓、2樓、地下1樓","phone":"+886 2 2876 7287"},"geometry":{"type":"Point","coordinates":[121.53174,25.113758]}},{"type":"Feature","properties":{"id":"osm:node:5776883981","name":"台北富邦商業銀行","category":"bank","nameEn":"Taipei Fubon Bank","brand":"台北富邦商業銀行","address":"臺北市中山北路六段360號,362號1,2樓","phone":"+886 2 2873 5757"},"geometry":{"type":"Point","coordinates":[121.526375,25.112186]}},{"type":"Feature","properties":{"id":"osm:node:5776883982","name":"第一商業銀行","category":"bank","nameEn":"First Commercial Bank","brand":"第一商業銀行","address":"臺北市北投區明德路100號、100號2樓","phone":"+886 2 2420 2211"},"geometry":{"type":"Point","coordinates":[121.519936,25.109587]}},{"type":"Feature","properties":{"id":"osm:node:5776883983","name":"陽信商業銀行","category":"bank","nameEn":"Sunny Commercial Bank","brand":"陽信商業銀行","address":"臺北市石牌路一段88號3樓","phone":"+886 2 2820 8166"},"geometry":{"type":"Point","coordinates":[121.511916,25.113799]}},{"type":"Feature","properties":{"id":"osm:node:5776883984","name":"板信商業銀行","category":"bank","nameEn":"Bank of Panshin","brand":"板信商業銀行","address":"臺北市德行東路109巷79號1-2樓","phone":"+886 2 2834 9361"},"geometry":{"type":"Point","coordinates":[121.528485,25.110148]}},{"type":"Feature","properties":{"id":"osm:node:5776883985","name":"臺灣銀行","category":"bank","nameEn":"Bank of Taiwan","brand":"臺灣銀行","address":"臺北市士林區中山北路七段18號一、二樓及部分地下一樓","phone":"+886 2 2875 5222"},"geometry":{"type":"Point","coordinates":[121.530815,25.119032]}},{"type":"Feature","properties":{"id":"osm:node:5776883986","name":"台新國際商業銀行","category":"bank","nameEn":"Taishin International Bank","brand":"台新國際商業銀行","address":"臺北市石牌路二段49、51號1、2樓","phone":"+886 2 5581 5052"},"geometry":{"type":"Point","coordinates":[121.51585,25.116299]}},{"type":"Feature","properties":{"id":"osm:node:5776883987","name":"臺灣銀行","category":"bank","nameEn":"Bank of Taiwan","brand":"臺灣銀行","address":"台北市士林區承德路4段174號1、2樓","phone":"+886 2 2883 1633","wheelchair":"yes"},"geometry":{"type":"Point","coordinates":[121.52264,25.086576]}},{"type":"Feature","properties":{"id":"osm:node:5776883988","name":"華南商業銀行","category":"bank","nameEn":"Hua Nan Commercial Bank","brand":"華南商業銀行","address":"臺北市忠誠路一段109、111、113號1、2樓","phone":"+886 2 2838 0777"},"geometry":{"type":"Point","coordinates":[121.5288,25.10509]}},{"type":"Feature","properties":{"id":"osm:node:5776883989","name":"陽信商業銀行","category":"bank","nameEn":"Sunny Commercial Bank","brand":"陽信商業銀行","address":"臺北市士林區通河街131、133、135號","phone":"+886 2 2885 4181"},"geometry":{"type":"Point","coordinates":[121.52119,25.08084]}},{"type":"Feature","properties":{"id":"osm:node:5776883990","name":"瑞興商業銀行","category":"bank","nameEn":"Taipei Star Bank","brand":"瑞興商業銀行","address":"台北市劍潭路11號1,2樓及地下1樓","phone":"+886 2 2882 9299","wheelchair":"yes"},"geometry":{"type":"Point","coordinates":[121.523096,25.084294]}},{"type":"Feature","properties":{"id":"osm:node:5776883991","name":"元大商業銀行","category":"bank","nameEn":"Yuanta Commercial Bank","brand":"元大商業銀行","address":"臺北市士林區忠誠路一段27、29號一樓及地下一樓","phone":"+886 2 2838 5959"},"geometry":{"type":"Point","coordinates":[121.52706,25.104134]}},{"type":"Feature","properties":{"id":"osm:node:5776883992","name":"安泰商業銀行","category":"bank","nameEn":"Entie Commercial Bank","brand":"安泰商業銀行","address":"臺北市忠誠路一段48號、50號1、2樓","phone":"+886 2 2838 1177"},"geometry":{"type":"Point","coordinates":[121.526726,25.10456]}},{"type":"Feature","properties":{"id":"osm:node:5776883993","name":"陽信商業銀行","category":"bank","nameEn":"Sunny Commercial Bank","brand":"陽信商業銀行","address":"臺北市士林區大北路82、84號","phone":"+886 2 2882 3660"},"geometry":{"type":"Point","coordinates":[121.524895,25.090261]}},{"type":"Feature","properties":{"id":"osm:node:5776883994","name":"陽信商業銀行","category":"bank","nameEn":"Sunny Commercial Bank","brand":"陽信商業銀行","address":"臺北市北投區石牌路一段88號2樓、4樓及90號1樓、2樓","phone":"+886 2 2823 8480"},"geometry":{"type":"Point","coordinates":[121.51189,25.11381]}},{"type":"Feature","properties":{"id":"osm:node:5776883995","name":"台北富邦商業銀行","category":"bank","nameEn":"Taipei Fubon Bank","brand":"台北富邦商業銀行","opening_hours":"Mo-Fr 09:00-15:30","address":"111052臺北市士林區承德路4段220號1樓、1樓之1、1樓之2","phone":"+886 2 8861 1888","website":"https://www.fubon.com/banking/personal/","wheelchair":"yes"},"geometry":{"type":"Point","coordinates":[121.521489,25.088325]}},{"type":"Feature","properties":{"id":"osm:node:5776883996","name":"星展（台灣）商業銀行","category":"bank","nameEn":"DBS Bank Taiwan","brand":"星展銀行","opening_hours":"Mo-Fr 09:00-15:30","address":"111052臺北市士林區承德路四段172號1、2樓","phone":"+886 2 6633 0808","website":"https://www.dbs.com.tw/personal-zh/default.page","wheelchair":"yes"},"geometry":{"type":"Point","coordinates":[121.522587,25.086461]}},{"type":"Feature","properties":{"id":"osm:node:5776883997","name":"中國信託商業銀行","category":"bank","nameEn":"CTBC Bank","brand":"中國信託商業銀行","address":"臺北市中山北路六段90號1樓、2樓","phone":"+886 2 2832 2888"},"geometry":{"type":"Point","coordinates":[121.525143,25.105042]}},{"type":"Feature","properties":{"id":"osm:node:5776883998","name":"台北富邦商業銀行","category":"bank","nameEn":"Taipei Fubon Bank","brand":"台北富邦商業銀行","address":"臺北市天母東路36號1樓與地下1樓，36之1號、36之3號1樓與地下1樓、36之2號1、2樓與地下1樓","phone":"+886 2 2876 3232"},"geometry":{"type":"Point","coordinates":[121.532692,25.117832]}},{"type":"Feature","properties":{"id":"osm:node:5776883999","name":"彰化商業銀行","category":"bank","nameEn":"Chang Hwa Bank","brand":"彰化商業銀行","address":"台北市承德路四段81號1、2樓、81之1號1樓、81之2號1樓","phone":"+886 2 2886 8989","wheelchair":"yes"},"geometry":{"type":"Point","coordinates":[121.52345,25.082556]}},{"type":"Feature","properties":{"id":"osm:node:5776884000","name":"上海商業儲蓄銀行","category":"bank","nameEn":"Shanghai Commercial and Savings Bank","brand":"上海商業儲蓄銀行","address":"臺北市士林區中山北路七段125號1、2樓及地下1樓","phone":"+886 2 2873 9111"},"geometry":{"type":"Point","coordinates":[121.53178,25.12276]}},{"type":"Feature","properties":{"id":"osm:node:5776884001","name":"第一商業銀行","category":"bank","nameEn":"First Commercial Bank","brand":"第一商業銀行","address":"臺北市士林區承德路4段152號","phone":"+886 2 2880 2468","wheelchair":"yes"},"geometry":{"type":"Point","coordinates":[121.523065,25.085245]}},{"type":"Feature","properties":{"id":"osm:node:5776884002","name":"玉山商業銀行","category":"bank","nameEn":"E.SUN Commercial Bank","brand":"玉山商業銀行","address":"臺北市北投區中央北路一段191號1樓、2樓之1","phone":"+886 2 2895 1313"},"geometry":{"type":"Point","coordinates":[121.497665,25.135736]}},{"type":"Feature","properties":{"id":"osm:node:5776884003","name":"陽信商業銀行","category":"bank","nameEn":"Sunny Commercial Bank","brand":"陽信商業銀行","address":"臺北市北投區中和街304、306號","phone":"+886 2 2891 9196"},"geometry":{"type":"Point","coordinates":[121.500046,25.140799]}},{"type":"Feature","properties":{"id":"osm:node:5776884004","name":"合作金庫商業銀行","category":"bank","nameEn":"Taiwan Cooperative Bank","brand":"合作金庫商業銀行","address":"臺北市北投區石牌路二段201號 地下1樓","phone":"+886 2 2874 7611"},"geometry":{"type":"Point","coordinates":[121.519579,25.119524]}},{"type":"Feature","properties":{"id":"osm:node:5776884005","name":"臺灣新光商業銀行","category":"bank","nameEn":"Shin Kong Commercial Bank","brand":"臺灣新光商業銀行","address":"臺北市士林區承德路四段192-1號1、2樓","phone":"+886 2 2881 2628","wheelchair":"yes"},"geometry":{"type":"Point","coordinates":[121.522089,25.08741]}},{"type":"Feature","properties":{"id":"osm:node:5776884006","name":"第一商業銀行","category":"bank","nameEn":"First Commercial Bank","brand":"第一商業銀行","address":"臺北市士林區中正路456、458號1、2樓、456-1、458-1號2樓","phone":"+886 2 2882 1211"},"geometry":{"type":"Point","coordinates":[121.518675,25.092836]}},{"type":"Feature","properties":{"id":"osm:node:5776884007","name":"華南商業銀行","category":"bank","nameEn":"Hua Nan Commercial Bank","brand":"華南商業銀行","address":"臺北市承德路四段246號","phone":"+886 2 2881 9500"},"geometry":{"type":"Point","coordinates":[121.52074,25.08901]}},{"type":"Feature","properties":{"id":"osm:node:5776884008","name":"華南商業銀行","category":"bank","nameEn":"Hua Nan Commercial Bank","brand":"華南商業銀行","address":"臺北市北投路二段13號1、2樓","phone":"+886 2 2893 4166"},"geometry":{"type":"Point","coordinates":[121.49866,25.130976]}},{"type":"Feature","properties":{"id":"osm:node:5776884009","name":"第一商業銀行","category":"bank","nameEn":"First Commercial Bank","brand":"第一商業銀行","address":"臺北市士林區忠誠路一段60、62號","phone":"+886 2 2836 9898"},"geometry":{"type":"Point","coordinates":[121.52731,25.10488]}},{"type":"Feature","properties":{"id":"osm:node:5776884010","name":"兆豐國際商業銀行","category":"bank","nameEn":"Mega International Commercial Bank","brand":"兆豐國際商業銀行","address":"臺北市中山北路六段126號","phone":"+886 2 2838 5225"},"geometry":{"type":"Point","coordinates":[121.525115,25.105736]}},{"type":"Feature","properties":{"id":"osm:node:5776884011","name":"合作金庫商業銀行","category":"bank","nameEn":"Taiwan Cooperative Bank","brand":"合作金庫商業銀行","address":"臺北市士林區中正路469號1、2樓","phone":"+886 2 2880 5161","wheelchair":"yes"},"geometry":{"type":"Point","coordinates":[121.519038,25.092356]}},{"type":"Feature","properties":{"id":"osm:node:5776884012","name":"中國信託商業銀行","category":"bank","nameEn":"CTBC Bank","brand":"中國信託商業銀行","address":"台北市士林區承德路4段150號1樓","phone":"+886 2 2882 7979","wheelchair":"yes"},"geometry":{"type":"Point","coordinates":[121.52309,25.08502]}},{"type":"Feature","properties":{"id":"osm:node:5776884013","name":"華泰商業銀行","category":"bank","nameEn":"Hwatai Commercial Bank","brand":"華泰商業銀行","address":"臺北市石牌路二段95號1樓及地下室","phone":"+886 2 2826 3515"},"geometry":{"type":"Point","coordinates":[121.51643,25.117527]}},{"type":"Feature","properties":{"id":"osm:node:5776884014","name":"國泰世華商業銀行","category":"bank","nameEn":"Cathay United Bank","brand":"國泰世華商業銀行","address":"台北市士林區德行西路45號1樓","phone":"+886 2 2835 5658","wheelchair":"no"},"geometry":{"type":"Point","coordinates":[121.52315,25.10588]}},{"type":"Feature","properties":{"id":"osm:node:5776884015","name":"安泰商業銀行","category":"bank","nameEn":"Entie Commercial Bank","brand":"安泰商業銀行","address":"臺北市北投區承德路七段108號、108號之1、108號之2壹樓","phone":"+886 2 2828 9239"},"geometry":{"type":"Point","coordinates":[121.510083,25.112196]}},{"type":"Feature","properties":{"id":"osm:node:5776884016","name":"陽信商業銀行","category":"bank","nameEn":"Sunny Commercial Bank","brand":"陽信商業銀行","address":"臺北市士林區社中街218、220號1樓","phone":"+886 2 2815 1415"},"geometry":{"type":"Point","coordinates":[121.50838,25.091255]}},{"type":"Feature","properties":{"id":"osm:node:5776884017","name":"台北富邦商業銀行","category":"bank","nameEn":"Taipei Fubon Bank","brand":"台北富邦商業銀行","address":"臺北市承德路四段308,310,312號1樓及308號2樓","phone":"+886 2 2883 6712"},"geometry":{"type":"Point","coordinates":[121.51858,25.089684]}},{"type":"Feature","properties":{"id":"osm:node:5776884018","name":"永豐商業銀行","category":"bank","nameEn":"Bank SinoPac","brand":"永豐商業銀行","address":"臺北市北投區光明路166之4、166之5、166之6號1、2樓","phone":"+886 2 2891 2127"},"geometry":{"type":"Point","coordinates":[121.50275,25.135168]}},{"type":"Feature","properties":{"id":"osm:node:5776884019","name":"玉山商業銀行","category":"bank","nameEn":"E.SUN Commercial Bank","brand":"玉山商業銀行","address":"臺北市士林區名山里忠誠路一段95、97、99號1樓及99號2樓及99號地下1樓","phone":"+886 2 2835 1313"},"geometry":{"type":"Point","coordinates":[121.52841,25.104786]}},{"type":"Feature","properties":{"id":"osm:node:5776884020","name":"臺灣新光商業銀行","category":"bank","nameEn":"Shin Kong Commercial Bank","brand":"臺灣新光商業銀行","address":"臺北市中山北路七段41-1號1樓、3樓及地下1樓","phone":"+886 2 2876 2126"},"geometry":{"type":"Point","coordinates":[121.53066,25.119728]}},{"type":"Feature","properties":{"id":"osm:node:5776884021","name":"永豐商業銀行","category":"bank","nameEn":"Bank SinoPac","brand":"永豐商業銀行","address":"台北市士林區承德路4段85號及85號2樓","phone":"+886 2 2886 8877","wheelchair":"yes"},"geometry":{"type":"Point","coordinates":[121.523717,25.083234]}},{"type":"Feature","properties":{"id":"osm:node:5776884022","name":"台新國際商業銀行","category":"bank","nameEn":"Taishin International Bank","brand":"台新國際商業銀行","address":"臺北市士林區中山北路六段88號1、2樓","phone":"+886 2 2836 3988"},"geometry":{"type":"Point","coordinates":[121.525133,25.104911]}},{"type":"Feature","properties":{"id":"osm:node:5776884023","name":"彰化商業銀行","category":"bank","nameEn":"Chang Hwa Bank","brand":"彰化商業銀行","address":"臺北市北投區大業路452巷6號1樓","phone":"+886 2 2896 8585"},"geometry":{"type":"Point","coordinates":[121.497366,25.131571]}},{"type":"Feature","properties":{"id":"osm:node:5776884024","name":"瑞興商業銀行","category":"bank","nameEn":"Taipei Star Bank","brand":"瑞興商業銀行","address":"台北市自強街122號1 .2樓","phone":"+886 2 2823 3377"},"geometry":{"type":"Point","coordinates":[121.515853,25.110672]}},{"type":"Feature","properties":{"id":"osm:node:5776884025","name":"遠東國際商業銀行","category":"bank","nameEn":"Far Eastern International Bank","brand":"遠東國際商業銀行","address":"臺北市北投區石牌路二段112號1、2樓及114號1、2樓","phone":"+886 2 2826 5688"},"geometry":{"type":"Point","coordinates":[121.517075,25.117704]}},{"type":"Feature","properties":{"id":"osm:node:5776884026","name":"兆豐國際商業銀行","category":"bank","nameEn":"Mega International Commercial Bank","brand":"兆豐國際商業銀行","address":"臺北市中山北路七段193號","phone":"+886 2 2871 4125"},"geometry":{"type":"Point","coordinates":[121.53275,25.125193]}},{"type":"Feature","properties":{"id":"osm:node:5776994039","name":"京城商業銀行","category":"bank","nameEn":"King's Town Bank","brand":"京城商業銀行","address":"臺北市松山區敦化北路167號8樓","phone":"+886 2 8712 6369"},"geometry":{"type":"Point","coordinates":[121.549575,25.054872]}},{"type":"Feature","properties":{"id":"osm:node:5777005172","name":"華南商業銀行","category":"bank","nameEn":"Hua Nan Commercial Bank","brand":"華南商業銀行","address":"臺北市中華路二段59.61.63號1.2樓","phone":"+886 2 2382 2078"},"geometry":{"type":"Point","coordinates":[121.506225,25.034757]}},{"type":"Feature","properties":{"id":"osm:node:5777007663","name":"國泰世華商業銀行","category":"bank","nameEn":"Cathay United Bank","brand":"國泰世華商業銀行","address":"新北市新莊區中正路245號1、2、4、5、6樓","phone":"+886 2 2996 8491"},"geometry":{"type":"Point","coordinates":[121.450233,25.035463]}},{"type":"Feature","properties":{"id":"osm:node:5777007664","name":"玉山商業銀行","category":"bank","nameEn":"E.SUN Commercial Bank","brand":"玉山商業銀行","address":"新北市蘆洲區長榮路48號、50號、52號1~2樓","phone":"+886 2 2848 1313"},"geometry":{"type":"Point","coordinates":[121.46289,25.083258]}},{"type":"Feature","properties":{"id":"osm:node:5777007665","name":"華南商業銀行","category":"bank","nameEn":"Hua Nan Commercial Bank","brand":"華南商業銀行","address":"新北市新莊區中華路2段211號","phone":"+886 2 6637 1688"},"geometry":{"type":"Point","coordinates":[121.45202,25.052982]}},{"type":"Feature","properties":{"id":"osm:node:5777007666","name":"台北富邦商業銀行","category":"bank","nameEn":"Taipei Fubon Bank","brand":"台北富邦商業銀行","address":"新北市蘆洲區長榮路231號.233號1樓及235號1.2樓"},"geometry":{"type":"Point","coordinates":[121.46042,25.08556]}},{"type":"Feature","properties":{"id":"osm:node:5777007667","name":"華南商業銀行","category":"bank","nameEn":"Hua Nan Commercial Bank","brand":"華南商業銀行","address":"新北市蘆洲區中山一路161號1樓、2樓","phone":"+886 2 2288 6888"},"geometry":{"type":"Point","coordinates":[121.47539,25.081467]}},{"type":"Feature","properties":{"id":"osm:node:5777007668","name":"聯邦商業銀行","category":"bank","nameEn":"Union Bank of Taiwan","brand":"聯邦商業銀行","address":"新北市三重區重新路三段10號1、2、3、4樓","phone":"+886 2 2977 7666"},"geometry":{"type":"Point","coordinates":[121.495238,25.061397]}},{"type":"Feature","properties":{"id":"osm:node:5777007669","name":"台新國際商業銀行","category":"bank","nameEn":"Taishin International Bank","brand":"台新國際商業銀行","address":"新北市蘆洲區民族路265號、267號一、二樓及地下一樓","phone":"+886 2 2848 5858"},"geometry":{"type":"Point","coordinates":[121.461028,25.084623]}},{"type":"Feature","properties":{"id":"osm:node:5777007671","name":"聯邦商業銀行","category":"bank","nameEn":"Union Bank of Taiwan","brand":"聯邦商業銀行","address":"新北市新莊區思源路601號1、2、3樓","phone":"+886 2 8522 7799","wheelchair":"yes"},"geometry":{"type":"Point","coordinates":[121.459569,25.060027]}},{"type":"Feature","properties":{"id":"osm:node:5777007672","name":"華南商業銀行","category":"bank","nameEn":"Hua Nan Commercial Bank","brand":"華南商業銀行","address":"新北市三重區光復路1段86,88號1,2F","phone":"+886 2 2999 1166"},"geometry":{"type":"Point","coordinates":[121.471,25.050705]}},{"type":"Feature","properties":{"id":"osm:node:5777007673","name":"安泰商業銀行","category":"bank","nameEn":"Entie Commercial Bank","brand":"安泰商業銀行","address":"新北市新莊區幸福路676之1號1樓、2樓","phone":"+886 2 8993 2828"},"geometry":{"type":"Point","coordinates":[121.45062,25.049498]}},{"type":"Feature","properties":{"id":"osm:node:5777007674","name":"臺灣土地銀行","category":"bank","nameEn":"Land Bank of Taiwan","brand":"臺灣土地銀行","address":"新北市新莊區思源路221號","phone":"+886 2 2997 3321"},"geometry":{"type":"Point","coordinates":[121.45965,25.046154]}},{"type":"Feature","properties":{"id":"osm:node:5777007675","name":"上海商業儲蓄銀行","category":"bank","nameEn":"Shanghai Commercial and Savings Bank","brand":"上海商業儲蓄銀行","address":"新北市三重區自強路四段45號","phone":"+886 2 2286 2111"},"geometry":{"type":"Point","coordinates":[121.48988,25.077713]}},{"type":"Feature","properties":{"id":"osm:node:5777007677","name":"合作金庫商業銀行","category":"bank","nameEn":"Taiwan Cooperative Bank","brand":"合作金庫商業銀行","address":"新北市三重區正義南路17號","phone":"+886 2 2973 8110"},"geometry":{"type":"Point","coordinates":[121.49772,25.061316]}},{"type":"Feature","properties":{"id":"osm:node:5777007679","name":"永豐商業銀行","category":"bank","nameEn":"Bank SinoPac","brand":"永豐商業銀行","address":"新北市三重區自強路4段83、85號1、2樓","phone":"+886 2 2982 6239"},"geometry":{"type":"Point","coordinates":[121.49113,25.079134]}},{"type":"Feature","properties":{"id":"osm:node:5777007680","name":"玉山商業銀行","category":"bank","nameEn":"E.SUN Commercial Bank","brand":"玉山商業銀行","address":"新北市三重區三和路四段378、380號1樓、380號2樓","phone":"+886 2 2280 1313"},"geometry":{"type":"Point","coordinates":[121.48249,25.078688]}},{"type":"Feature","properties":{"id":"osm:node:5777007682","name":"國泰世華商業銀行","category":"bank","nameEn":"Cathay United Bank","brand":"國泰世華商業銀行","address":"新北市新莊區幸福路692號1、2樓","phone":"+886 2 8992 9911"},"geometry":{"type":"Point","coordinates":[121.450165,25.049438]}},{"type":"Feature","properties":{"id":"osm:node:5777007684","name":"中國信託商業銀行","category":"bank","nameEn":"CTBC Bank","brand":"中國信託商業銀行","address":"新北市三重區光復路1段70之1號","phone":"+886 2 2995 9876"},"geometry":{"type":"Point","coordinates":[121.47187,25.049543]}},{"type":"Feature","properties":{"id":"osm:node:5777007685","name":"台北富邦商業銀行","category":"bank","nameEn":"Taipei Fubon Bank","brand":"台北富邦商業銀行","address":"新北市三重區忠孝路二段36號1樓及38巷2號1樓","phone":"+886 2 8983 6868"},"geometry":{"type":"Point","coordinates":[121.485634,25.070478]}},{"type":"Feature","properties":{"id":"osm:node:5777007686","name":"永豐商業銀行","category":"bank","nameEn":"Bank SinoPac","brand":"永豐商業銀行","address":"新北市蘆洲區長安街203號1、2樓及205號2樓","phone":"+886 2 2289 6186"},"geometry":{"type":"Point","coordinates":[121.46005,25.082079]}},{"type":"Feature","properties":{"id":"osm:node:5777007687","name":"臺灣中小企業銀行","category":"bank","nameEn":"Taiwan Business Bank","brand":"臺灣中小企業銀行","address":"新北市新莊區頭前路25號1、2樓","phone":"+886 2 2997 7171"},"geometry":{"type":"Point","coordinates":[121.467224,25.052153]}},{"type":"Feature","properties":{"id":"osm:node:5777007689","name":"聯邦商業銀行","category":"bank","nameEn":"Union Bank of Taiwan","brand":"聯邦商業銀行","address":"新北市三重區忠孝路3段16號、16號2樓、18號、20號、22號、40巷6之7號及40","phone":"+886 2 8982 1155"},"geometry":{"type":"Point","coordinates":[121.48162,25.067135]}},{"type":"Feature","properties":{"id":"osm:node:5777007690","name":"板信商業銀行","category":"bank","nameEn":"Bank of Panshin","brand":"板信商業銀行","address":"新北市蘆洲區民族路256號,258號260號1樓,256號2樓","phone":"+886 2 8285 0666"},"geometry":{"type":"Point","coordinates":[121.478818,25.088775]}},{"type":"Feature","properties":{"id":"osm:node:5777007692","name":"中國信託商業銀行","category":"bank","nameEn":"CTBC Bank","brand":"中國信託商業銀行","address":"新北市三重區重新路二段42-1號","phone":"+886 2 8972 6189"},"geometry":{"type":"Point","coordinates":[121.498521,25.062321]}},{"type":"Feature","properties":{"id":"osm:node:5777007695","name":"第一商業銀行","category":"bank","nameEn":"First Commercial Bank","brand":"第一商業銀行","opening_hours":"Mo-Fr 09:00-15:30","address":"新北市三重區重陽路一段89號1、2樓、2樓之1、2及91號1樓","phone":"+886 2 2986 8822"},"geometry":{"type":"Point","coordinates":[121.48698,25.059254]}},{"type":"Feature","properties":{"id":"osm:node:5777007697","name":"聯邦商業銀行","category":"bank","nameEn":"Union Bank of Taiwan","brand":"聯邦商業銀行","address":"新北市三重區五華街323號、325號、327號、329號及331號","phone":"+886 2 2855 9996","wheelchair":"no"},"geometry":{"type":"Point","coordinates":[121.486773,25.088088]}},{"type":"Feature","properties":{"id":"osm:node:5777007698","name":"安泰商業銀行","category":"bank","nameEn":"Entie Commercial Bank","brand":"安泰商業銀行","address":"新北市蘆洲區三民路72、72-1、74、74-1號","phone":"+886 2 8283 3999"},"geometry":{"type":"Point","coordinates":[121.475296,25.083992]}},{"type":"Feature","properties":{"id":"osm:node:5777007699","name":"彰化商業銀行","category":"bank","nameEn":"Chang Hwa Bank","brand":"彰化商業銀行","address":"新北市三重區三和路四段368號","phone":"+886 2 2287 1441"},"geometry":{"type":"Point","coordinates":[121.48305,25.07855]}},{"type":"Feature","properties":{"id":"osm:node:5777007700","name":"國泰世華商業銀行","category":"bank","nameEn":"Cathay United Bank","brand":"國泰世華商業銀行","address":"新北市三重區三和路4段111號1樓及111之34號1樓","phone":"+886 2 2286 1133"},"geometry":{"type":"Point","coordinates":[121.48612,25.077261]}},{"type":"Feature","properties":{"id":"osm:node:5777007701","name":"華南商業銀行","category":"bank","nameEn":"Hua Nan Commercial Bank","brand":"華南商業銀行","address":"新北市三重區三和路四段237號1-3樓","phone":"+886 2 2857 5211"},"geometry":{"type":"Point","coordinates":[121.481003,25.08014]}},{"type":"Feature","properties":{"id":"osm:node:5777007704","name":"遠東國際商業銀行","category":"bank","nameEn":"Far Eastern International Bank","brand":"遠東國際商業銀行","address":"新北市蘆洲區三民路38號1樓","phone":"+886 2 7730 6978"},"geometry":{"type":"Point","coordinates":[121.4757,25.083115]}},{"type":"Feature","properties":{"id":"osm:node:5777007705","name":"玉山商業銀行","category":"bank","nameEn":"E.SUN Commercial Bank","brand":"玉山商業銀行","address":"新北市三重區光復路一段85之1號1~2樓","phone":"+886 2 2278 1313"},"geometry":{"type":"Point","coordinates":[121.472466,25.050478]}},{"type":"Feature","properties":{"id":"osm:node:5777007706","name":"台新國際商業銀行","category":"bank","nameEn":"Taishin International Bank","brand":"台新國際商業銀行","address":"新北市新莊區中華路二段75、81號一樓、75、77、79、81號2樓、中港路380號 B1","phone":"+886 2 2998 0888"},"geometry":{"type":"Point","coordinates":[121.453233,25.049034]}},{"type":"Feature","properties":{"id":"osm:node:5777007707","name":"上海商業儲蓄銀行","category":"bank","address":"新北市蘆洲區三民路249號1、2、3樓及251號2樓","phone":"+886 2 2289 0111"},"geometry":{"type":"Point","coordinates":[121.468506,25.089176]}},{"type":"Feature","properties":{"id":"osm:node:5777007708","name":"元大商業銀行","category":"bank","nameEn":"Yuanta Commercial Bank","brand":"元大商業銀行","address":"新北市三重區重新路三段111號及111號2樓之1","phone":"+886 2 2983 2255"},"geometry":{"type":"Point","coordinates":[121.49094,25.05987]}},{"type":"Feature","properties":{"id":"osm:node:5777007709","name":"元大商業銀行","category":"bank","nameEn":"Yuanta Commercial Bank","brand":"元大商業銀行","address":"新北市三重區正義北路195號1樓及地下1樓","phone":"+886 2 2982 9192"},"geometry":{"type":"Point","coordinates":[121.49637,25.068226]}},{"type":"Feature","properties":{"id":"osm:node:5777007711","name":"臺灣中小企業銀行","category":"bank","nameEn":"Taiwan Business Bank","brand":"臺灣中小企業銀行","address":"新北市新莊區五股工業區五工路95號1樓、地下室","phone":"+886 2 2298 7171"},"geometry":{"type":"Point","coordinates":[121.45788,25.063267]}},{"type":"Feature","properties":{"id":"osm:node:5777007712","name":"兆豐國際商業銀行","category":"bank","nameEn":"Mega International Commercial Bank","brand":"兆豐國際商業銀行","address":"新北市新莊區思源路421號","phone":"+886 2 2277 2888"},"geometry":{"type":"Point","coordinates":[121.459595,25.052784]}},{"type":"Feature","properties":{"id":"osm:node:5777007713","name":"元大商業銀行","category":"bank","nameEn":"Yuanta Commercial Bank","brand":"元大商業銀行","address":"新北市新莊區思源路173號1樓及169號5樓","phone":"+886 2 2990 0999"},"geometry":{"type":"Point","coordinates":[121.45953,25.045172]}},{"type":"Feature","properties":{"id":"osm:node:5777007714","name":"安泰商業銀行","category":"bank","nameEn":"Entie Commercial Bank","brand":"安泰商業銀行","address":"新北市三重區正義北路136、138號1、2樓","phone":"+886 2 2982 7799"},"geometry":{"type":"Point","coordinates":[121.496648,25.065897]}},{"type":"Feature","properties":{"id":"osm:node:5777007716","name":"永豐商業銀行","category":"bank","nameEn":"Bank SinoPac","brand":"永豐商業銀行","address":"新北市三重區忠孝路二段80號1、2樓及地下1樓","phone":"+886 2 2983 3008"},"geometry":{"type":"Point","coordinates":[121.48425,25.069738]}},{"type":"Feature","properties":{"id":"osm:node:5777007718","name":"臺灣中小企業銀行","category":"bank","nameEn":"Taiwan Business Bank","brand":"臺灣中小企業銀行","address":"新北市三重區三和路四段137號1-3樓及地下室","phone":"+886 2 2286 7171"},"geometry":{"type":"Point","coordinates":[121.48444,25.078035]}},{"type":"Feature","properties":{"id":"osm:node:5777007719","name":"第一商業銀行","category":"bank","nameEn":"First Commercial Bank","brand":"第一商業銀行","address":"新北市新莊區幸福路688號、688號2樓","phone":"+886 2 2998 9111"},"geometry":{"type":"Point","coordinates":[121.45029,25.049438]}},{"type":"Feature","properties":{"id":"osm:node:5777007720","name":"台北富邦商業銀行","category":"bank","nameEn":"Taipei Fubon Bank","brand":"台北富邦商業銀行","opening_hours":"Mo-Fr 09:00-15:30","address":"242034新北市新莊區思源路427號1樓","phone":"+886 2 2992 0888","website":"https://www.fubon.com/banking/personal/"},"geometry":{"type":"Point","coordinates":[121.459572,25.052977]}},{"type":"Feature","properties":{"id":"osm:node:5777007723","name":"國泰世華商業銀行","category":"bank","nameEn":"Cathay United Bank","brand":"國泰世華商業銀行","address":"新北市蘆洲區中正路79號1樓、夾層","phone":"+886 2 8282 5588"},"geometry":{"type":"Point","coordinates":[121.47,25.083399]}},{"type":"Feature","properties":{"id":"osm:node:5777007725","name":"臺灣土地銀行","category":"bank","nameEn":"Land Bank of Taiwan","brand":"臺灣土地銀行","address":"新北市三重區重新路二段1-8.9.10號","phone":"+886 2 8971 2222"},"geometry":{"type":"Point","coordinates":[121.499233,25.062846]}},{"type":"Feature","properties":{"id":"osm:node:5777007726","name":"中國信託商業銀行","category":"bank","nameEn":"CTBC Bank","brand":"中國信託商業銀行","address":"新北市蘆洲區民族路135號","phone":"+886 2 2283 9300"},"geometry":{"type":"Point","coordinates":[121.479679,25.08748]}},{"type":"Feature","properties":{"id":"osm:node:5777007727","name":"凱基商業銀行","category":"bank","nameEn":"KGI Commercial Bank","brand":"凱基商業銀行","address":"新北市蘆洲區集賢路217-2號1樓、217-3號1樓、217號2樓之2以及217號2樓之3","phone":"+886 2 2289 8877"},"geometry":{"type":"Point","coordinates":[121.48313,25.086718]}},{"type":"Feature","properties":{"id":"osm:node:5777007729","name":"第一商業銀行","category":"bank","nameEn":"First Commercial Bank","brand":"第一商業銀行","address":"新北市三重區重新路二段99號","phone":"+886 2 2988 4433"},"geometry":{"type":"Point","coordinates":[121.495696,25.061733]}},{"type":"Feature","properties":{"id":"osm:node:5777007730","name":"星展（台灣）商業銀行","category":"bank","nameEn":"DBS Bank Taiwan","brand":"星展銀行","opening_hours":"Mo-Fr 09:00-15:30; PH off","address":"242034新北市新莊區思源路398號1-3樓","phone":"+886 2 6613 7508","website":"https://www.dbs.com.tw/personal-zh/default.page"},"geometry":{"type":"Point","coordinates":[121.460268,25.0529]}},{"type":"Feature","properties":{"id":"osm:node:5777007732","name":"星展（台灣）商業銀行","category":"bank","nameEn":"DBS Bank Taiwan","brand":"星展銀行","opening_hours":"Mo-Fr 09:00-15:30","address":"241031新北市三重區重新路三段23、25號1-2F","phone":"+886 2 6612 8280","website":"https://www.dbs.com.tw/personal-zh/default.page"},"geometry":{"type":"Point","coordinates":[121.494869,25.061636]}},{"type":"Feature","properties":{"id":"osm:node:5777007733","name":"陽信商業銀行","category":"bank","nameEn":"Sunny Commercial Bank","brand":"陽信商業銀行","address":"新北市三重區重新路4段28號1樓","phone":"+886 2 2977 9886"},"geometry":{"type":"Point","coordinates":[121.488335,25.057371]}},{"type":"Feature","properties":{"id":"osm:node:5777007735","name":"元大商業銀行","category":"bank","nameEn":"Yuanta Commercial Bank","brand":"元大商業銀行","address":"新北市蘆洲區中山一路10號1樓、5樓及5樓之1","phone":"+886 2 2281 8958"},"geometry":{"type":"Point","coordinates":[121.480125,25.080645]}},{"type":"Feature","properties":{"id":"osm:node:5777007736","name":"臺灣土地銀行","category":"bank","nameEn":"Land Bank of Taiwan","brand":"臺灣土地銀行","address":"新北市蘆洲區中山一路100號","phone":"+886 2 2285 9100"},"geometry":{"type":"Point","coordinates":[121.47805,25.081459]}},{"type":"Feature","properties":{"id":"osm:node:5777007738","name":"華南商業銀行","category":"bank","nameEn":"Hua Nan Commercial Bank","brand":"華南商業銀行","address":"新北市三重區重新路二段5號-1","phone":"+886 2 2982 4101"},"geometry":{"type":"Point","coordinates":[121.498839,25.062696]}},{"type":"Feature","properties":{"id":"osm:node:5777007740","name":"台北富邦商業銀行","category":"bank","nameEn":"Taipei Fubon Bank","brand":"台北富邦商業銀行","address":"新北市三重區正義北路148號1、2樓","phone":"+886 2 8981 1188"},"geometry":{"type":"Point","coordinates":[121.496589,25.066136]}},{"type":"Feature","properties":{"id":"osm:node:5777007741","name":"臺灣新光商業銀行","category":"bank","nameEn":"Shin Kong Commercial Bank","brand":"臺灣新光商業銀行","address":"新北市蘆洲區復興路101號、103號1樓及103號2樓之1","phone":"+886 2 8281 3182"},"geometry":{"type":"Point","coordinates":[121.47682,25.087748]}},{"type":"Feature","properties":{"id":"osm:node:5777007742","name":"兆豐國際商業銀行","category":"bank","nameEn":"Mega International Commercial Bank","brand":"兆豐國際商業銀行","address":"新北市三重區重新路四段12號1樓及地下室1樓","phone":"+886 2 2974 8811"},"geometry":{"type":"Point","coordinates":[121.48873,25.057638]}},{"type":"Feature","properties":{"id":"osm:node:5777007743","name":"京城商業銀行","category":"bank","nameEn":"King's Town Bank","brand":"京城商業銀行","address":"新北市蘆洲區集賢路232號","phone":"+886 2 2288 4988"},"geometry":{"type":"Point","coordinates":[121.4821,25.086264]}},{"type":"Feature","properties":{"id":"osm:node:5777007744","name":"聯邦商業銀行","category":"bank","nameEn":"Union Bank of Taiwan","brand":"聯邦商業銀行","address":"新北市蘆洲區中正路80號1、2樓","phone":"+886 2 2848 5577"},"geometry":{"type":"Point","coordinates":[121.47018,25.08361]}},{"type":"Feature","properties":{"id":"osm:node:5777007745","name":"永豐商業銀行","category":"bank","nameEn":"Bank SinoPac","brand":"永豐商業銀行","address":"新北市蘆洲區三民路28號2樓及30號、34號1、2樓","phone":"+886 2 2281 8966"},"geometry":{"type":"Point","coordinates":[121.47586,25.082726]}},{"type":"Feature","properties":{"id":"osm:node:5777007746","name":"中國信託商業銀行","category":"bank","nameEn":"CTBC Bank","brand":"中國信託商業銀行","address":"新北市三重區三和路四段119號1-4樓，119之1號1-4樓，119之2號1-4樓","phone":"+886 2 2286 3286"},"geometry":{"type":"Point","coordinates":[121.48511,25.077675]}},{"type":"Feature","properties":{"id":"osm:node:5777007748","name":"國泰世華商業銀行","category":"bank","nameEn":"Cathay United Bank","brand":"國泰世華商業銀行","address":"新北市三重區重新路5段609巷4號1樓、4之1號1樓、4之2號1樓","phone":"+886 2 2278 9999"},"geometry":{"type":"Point","coordinates":[121.46798,25.045557]}},{"type":"Feature","properties":{"id":"osm:node:5777007749","name":"永豐商業銀行","category":"bank","nameEn":"Bank SinoPac","brand":"永豐商業銀行","address":"新北市三重區新興路44號1、2樓","phone":"+886 2 2976 2159"},"geometry":{"type":"Point","coordinates":[121.49143,25.053497]}},{"type":"Feature","properties":{"id":"osm:node:5777007751","name":"彰化商業銀行","category":"bank","nameEn":"Chang Hwa Bank","brand":"彰化商業銀行","address":"新北市新莊區五工五路3-1號","phone":"+886 2 2299 3311"},"geometry":{"type":"Point","coordinates":[121.4561,25.063702]}},{"type":"Feature","properties":{"id":"osm:node:5777007752","name":"聯邦商業銀行","category":"bank","nameEn":"Union Bank of Taiwan","brand":"聯邦商業銀行","address":"新北市新莊區中港路308號1樓","phone":"+886 2 2276 9678"},"geometry":{"type":"Point","coordinates":[121.45263,25.045212]}},{"type":"Feature","properties":{"id":"osm:node:5777009954","name":"中國信託商業銀行","category":"bank","address":"新北市蘆洲區長榮路355號1樓、357號1樓","phone":"+886 2 2288 1999"},"geometry":{"type":"Point","coordinates":[121.45934,25.088085]}},{"type":"Feature","properties":{"id":"osm:node:5777009955","name":"陽信商業銀行","category":"bank","nameEn":"Sunny Commercial Bank","brand":"陽信商業銀行","address":"新北市蘆洲區集賢路393號1樓","phone":"+886 2 8282 2068","wheelchair":"limited"},"geometry":{"type":"Point","coordinates":[121.48046,25.08227]}},{"type":"Feature","properties":{"id":"osm:node:5777009956","name":"臺灣土地銀行","category":"bank","nameEn":"Land Bank of Taiwan","brand":"臺灣土地銀行","address":"新北市三重區重陽路一段81號","phone":"+886 2 2984 6969"},"geometry":{"type":"Point","coordinates":[121.486561,25.059182]}},{"type":"Feature","properties":{"id":"osm:node:5777009957","name":"永豐商業銀行","category":"bank","nameEn":"Bank SinoPac","brand":"永豐商業銀行","address":"新北市新莊區化成路540號之1及540號之1 二樓之4","phone":"+886 2 2996 8840"},"geometry":{"type":"Point","coordinates":[121.466484,25.053337]}},{"type":"Feature","properties":{"id":"osm:node:5777009958","name":"台新國際商業銀行","category":"bank","nameEn":"Taishin International Bank","brand":"台新國際商業銀行","address":"新北市三重區三和路四段183、185號一、二、三樓","phone":"+886 2 2287 7979"},"geometry":{"type":"Point","coordinates":[121.486161,25.076784]}},{"type":"Feature","properties":{"id":"osm:node:5777009959","name":"合作金庫商業銀行","category":"bank","nameEn":"Taiwan Cooperative Bank","brand":"合作金庫商業銀行","address":"新北市新莊區思源路339號1、2樓","phone":"+886 2 2997 3456"},"geometry":{"type":"Point","coordinates":[121.45958,25.050001]}},{"type":"Feature","properties":{"id":"osm:node:5777009960","name":"合作金庫商業銀行","category":"bank","nameEn":"Taiwan Cooperative Bank","brand":"合作金庫商業銀行","address":"新北市三重區正義北路120號","phone":"+886 2 2981 7117"},"geometry":{"type":"Point","coordinates":[121.496785,25.065444]}},{"type":"Feature","properties":{"id":"osm:node:5777009962","name":"彰化商業銀行","category":"bank","nameEn":"Chang Hwa Bank","brand":"彰化商業銀行","address":"新北市三重區中正南路82號","phone":"+886 2 2977 1234"},"geometry":{"type":"Point","coordinates":[121.494484,25.059082]}},{"type":"Feature","properties":{"id":"osm:node:5777009963","name":"台新國際商業銀行","category":"bank","nameEn":"Taishin International Bank","brand":"台新國際商業銀行","address":"新北市新莊區中原路150、152、156、158、160、162號1樓","phone":"+886 2 8521 1388","wheelchair":"yes"},"geometry":{"type":"Point","coordinates":[121.455307,25.05418]}},{"type":"Feature","properties":{"id":"osm:node:5777009964","name":"兆豐國際商業銀行","category":"bank","nameEn":"Mega International Commercial Bank","brand":"兆豐國際商業銀行","address":"新北市三重區重新路三段128號1、2樓","phone":"+886 2 2970 2899"},"geometry":{"type":"Point","coordinates":[121.491942,25.059917]}},{"type":"Feature","properties":{"id":"osm:node:5777009966","name":"陽信商業銀行","category":"bank","nameEn":"Sunny Commercial Bank","brand":"陽信商業銀行","address":"新北市三重區自強路四段108、110號1、2樓","phone":"+886 2 8981 7171"},"geometry":{"type":"Point","coordinates":[121.49149,25.080017]}},{"type":"Feature","properties":{"id":"osm:node:5777009968","name":"合作金庫商業銀行","category":"bank","nameEn":"Taiwan Cooperative Bank","brand":"合作金庫商業銀行","address":"新北市三重區三和路二段37號","phone":"+886 2 2972 8111","wheelchair":"no"},"geometry":{"type":"Point","coordinates":[121.500837,25.067432]}},{"type":"Feature","properties":{"id":"osm:node:5777009969","name":"永豐商業銀行","category":"bank","nameEn":"Bank SinoPac","brand":"永豐商業銀行","address":"新北市新莊區中港路399、401、403、405、407號1樓","phone":"+886 2 2992 3123"},"geometry":{"type":"Point","coordinates":[121.45191,25.04701]}},{"type":"Feature","properties":{"id":"osm:node:5777009970","name":"彰化商業銀行","category":"bank","nameEn":"Chang Hwa Bank","brand":"彰化商業銀行","address":"新北市新莊區思源路226、228號","phone":"+886 2 2996 7137"},"geometry":{"type":"Point","coordinates":[121.46006,25.051527]}},{"type":"Feature","properties":{"id":"osm:node:5777009971","name":"合作金庫商業銀行","category":"bank","nameEn":"Taiwan Cooperative Bank","brand":"合作金庫商業銀行","address":"新北市三重區光復路一段81號1樓、2樓","phone":"+886 2 2999 3399"},"geometry":{"type":"Point","coordinates":[121.47249,25.050161]}},{"type":"Feature","properties":{"id":"osm:node:5777009972","name":"華南商業銀行","category":"bank","nameEn":"Hua Nan Commercial Bank","brand":"華南商業銀行","address":"新北市蘆洲區長榮路213、215號1、2樓","phone":"+886 2 2847 0606"},"geometry":{"type":"Point","coordinates":[121.460655,25.085196]}},{"type":"Feature","properties":{"id":"osm:node:5777009973","name":"中國信託商業銀行","category":"bank","nameEn":"CTBC Bank","brand":"中國信託商業銀行","address":"新北市新莊區中華路二段57號1樓、2樓","phone":"+886 2 2277 6789"},"geometry":{"type":"Point","coordinates":[121.45299,25.046915]}},{"type":"Feature","properties":{"id":"osm:node:5777009974","name":"國泰世華商業銀行","category":"bank","nameEn":"Cathay United Bank","brand":"國泰世華商業銀行","address":"新北市三重區重新路2段9號1、2樓","phone":"+886 2 2982 3131"},"geometry":{"type":"Point","coordinates":[121.498702,25.062645]}},{"type":"Feature","properties":{"id":"osm:node:5777009977","name":"中國信託商業銀行","category":"bank","nameEn":"CTBC Bank","brand":"中國信託商業銀行","address":"新北市蘆洲區中山一路211號1樓、2樓之2","phone":"+886 2 2848 2008"},"geometry":{"type":"Point","coordinates":[121.47405,25.080801]}},{"type":"Feature","properties":{"id":"osm:node:5777009978","name":"兆豐國際商業銀行","category":"bank","nameEn":"Mega International Commercial Bank","brand":"兆豐國際商業銀行","address":"新北市新莊區思源路169號","phone":"+886 2 2998 6661"},"geometry":{"type":"Point","coordinates":[121.45967,25.044968]}},{"type":"Feature","properties":{"id":"osm:node:5777009981","name":"遠東國際商業銀行","category":"bank","nameEn":"Far Eastern International Bank","brand":"遠東國際商業銀行","address":"新北市三重區福德北路46、48號1、2樓","phone":"+886 2 8973 1133"},"geometry":{"type":"Point","coordinates":[121.501927,25.065518]}},{"type":"Feature","properties":{"id":"osm:node:5777009982","name":"彰化商業銀行","category":"bank","nameEn":"Chang Hwa Bank","brand":"彰化商業銀行","address":"新北市三重區重陽路二段22號","phone":"+886 2 2982 0221"},"geometry":{"type":"Point","coordinates":[121.48656,25.062538]}},{"type":"Feature","properties":{"id":"osm:node:5777009983","name":"臺灣中小企業銀行","category":"bank","address":"新北市蘆洲區永樂街42號","phone":"+886 2 2847 7171"},"geometry":{"type":"Point","coordinates":[121.45798,25.088552]}},{"type":"Feature","properties":{"id":"osm:node:5777009984","name":"上海商業儲蓄銀行","category":"bank","nameEn":"Shanghai Commercial and Savings Bank","brand":"上海商業儲蓄銀行","address":"新北市三重區重新路五段609巷10號及10-2號","phone":"+886 2 2278 7111"},"geometry":{"type":"Point","coordinates":[121.46851,25.046131]}},{"type":"Feature","properties":{"id":"osm:node:5777009985","name":"華泰商業銀行","category":"bank","nameEn":"Hwatai Commercial Bank","brand":"華泰商業銀行","address":"新北市三重區五華街124號1樓、2樓","phone":"+886 2 2989 8368","wheelchair":"no"},"geometry":{"type":"Point","coordinates":[121.49187,25.083317]}},{"type":"Feature","properties":{"id":"osm:node:5777009987","name":"滙豐(台灣)商業銀行","category":"bank","address":"新北市蘆洲區集賢路326號2樓及328號1、2樓","phone":"+886 2 6633 6800"},"geometry":{"type":"Point","coordinates":[121.48114,25.084667]}},{"type":"Feature","properties":{"id":"osm:node:5777009988","name":"台北富邦商業銀行","category":"bank","nameEn":"Taipei Fubon Bank","brand":"台北富邦商業銀行","address":"新北市蘆洲區三民路71、73號1、2樓","phone":"+886 2 8282 1799"},"geometry":{"type":"Point","coordinates":[121.47497,25.083696]}},{"type":"Feature","properties":{"id":"osm:node:5777009990","name":"第一商業銀行","category":"bank","nameEn":"First Commercial Bank","brand":"第一商業銀行","address":"新北市蘆洲區中山一路12號1、2樓","phone":"+886 2 8282 6788"},"geometry":{"type":"Point","coordinates":[121.480034,25.080656]}},{"type":"Feature","properties":{"id":"osm:node:5777009991","name":"玉山商業銀行","category":"bank","nameEn":"E.SUN Commercial Bank","brand":"玉山商業銀行","address":"新北市蘆洲區樓厝里集賢路219號一樓、219之1號一樓、219號二樓及219號二樓之一","phone":"+886 2 8283 1313"},"geometry":{"type":"Point","coordinates":[121.48301,25.08642]}},{"type":"Feature","properties":{"id":"osm:node:5777009992","name":"第一商業銀行","category":"bank","nameEn":"First Commercial Bank","brand":"第一商業銀行","address":"新北市新莊區化成路318號1樓、320、322號1、2樓","phone":"+886 2 2276 2311"},"geometry":{"type":"Point","coordinates":[121.46597,25.048407]}},{"type":"Feature","properties":{"id":"osm:node:5777009993","name":"華南商業銀行","category":"bank","nameEn":"Hua Nan Commercial Bank","brand":"華南商業銀行","address":"新北市新莊區中正路100號","phone":"+886 2 2994 4761"},"geometry":{"type":"Point","coordinates":[121.45398,25.036226]}},{"type":"Feature","properties":{"id":"osm:node:5777009994","name":"永豐商業銀行","category":"bank","nameEn":"Bank SinoPac","brand":"永豐商業銀行","address":"新北市三重區重新路五段527號1、2、3樓及529號1、2、3樓","phone":"+886 2 2999 1418"},"geometry":{"type":"Point","coordinates":[121.47107,25.046463]}},{"type":"Feature","properties":{"id":"osm:node:5777009995","name":"臺灣新光商業銀行","category":"bank","nameEn":"Shin Kong Commercial Bank","brand":"臺灣新光商業銀行","address":"新北市三重區溪尾街113巷2號1樓暨115、117號1、2樓","phone":"+886 2 2987 5522"},"geometry":{"type":"Point","coordinates":[121.48975,25.078869]}},{"type":"Feature","properties":{"id":"osm:node:5777009996","name":"永豐商業銀行","category":"bank","nameEn":"Bank SinoPac","brand":"永豐商業銀行","address":"新北市三重區中正北路400號1、2、3樓及402號3樓","phone":"+886 2 2982 0711"},"geometry":{"type":"Point","coordinates":[121.47579,25.07021]}},{"type":"Feature","properties":{"id":"osm:node:5794307830","name":"台北富邦商業銀行","category":"bank","nameEn":"Taipei Fubon Bank","brand":"台北富邦商業銀行","address":"臺北市士林區中正路288號","website":"https://www.fubon.com/financial/home/index.htm","wheelchair":"yes"},"geometry":{"type":"Point","coordinates":[121.522874,25.094403]}},{"type":"Feature","properties":{"id":"osm:node:5871618051","name":"台新國際商業銀行","category":"bank","nameEn":"Taishin International Bank","brand":"台新國際商業銀行"},"geometry":{"type":"Point","coordinates":[121.48263,25.079071]}},{"type":"Feature","properties":{"id":"osm:node:5891328794","name":"澳盛銀行","category":"bank","nameEn":"Australia and New Zealand Bank","address":"110419臺北市信義區忠孝東路五段68號39樓","phone":"+886 2 8722 5000","website":"https://www.anz.com/institutional/global/taiwan/zh-hant/"},"geometry":{"type":"Point","coordinates":[121.56666,25.040582]}},{"type":"Feature","properties":{"id":"osm:node:5891328795","name":"澳盛銀行","category":"bank","nameEn":"Australia and New Zealand Bank","address":"110419臺北市信義區忠孝東路五段68號39樓","phone":"+886 2 8722 5000","website":"https://www.anz.com/institutional/global/taiwan/zh-hant/"},"geometry":{"type":"Point","coordinates":[121.566736,25.040592]}},{"type":"Feature","properties":{"id":"osm:node:6004507287","name":"中國信託商業銀行","category":"bank","nameEn":"CTBC Bank","brand":"中國信託商業銀行","address":"臺北市士林區中正路307號1、2樓，309號1、2樓，311號1、2樓","phone":"+886 2 2883 9900","wheelchair":"yes"},"geometry":{"type":"Point","coordinates":[121.523543,25.0946]}},{"type":"Feature","properties":{"id":"osm:node:6066275872","name":"台北富邦商業銀行","category":"bank","nameEn":"Taipei Fubon Bank","brand":"台北富邦商業銀行","opening_hours":"Mo-Fr 09:00-15:30","address":"24247新北市新莊區中華路三段80號","phone":"+886 2 8521 8318","wheelchair":"yes"},"geometry":{"type":"Point","coordinates":[121.45234,25.056123]}},{"type":"Feature","properties":{"id":"osm:node:6073638428","name":"士林區農金信用部","category":"bank","address":"111臺北市士林區大北路65號","wheelchair":"yes"},"geometry":{"type":"Point","coordinates":[121.525135,25.09006]}},{"type":"Feature","properties":{"id":"osm:node:6135336690","name":"臺灣新光商業銀行","category":"bank","nameEn":"Shin Kong Commercial Bank","brand":"臺灣新光商業銀行","address":"10041臺北市中正區忠孝西路一段50號一樓"},"geometry":{"type":"Point","coordinates":[121.515967,25.046104]}},{"type":"Feature","properties":{"id":"osm:node:6153447488","name":"滙豐（台灣）商業銀行","category":"bank","nameEn":"HSBC Bank Taiwan","brand":"HSBC"},"geometry":{"type":"Point","coordinates":[121.528699,25.034099]}},{"type":"Feature","properties":{"id":"osm:node:6154644885","name":"Standard Chartered","category":"bank","nameEn":"Standard Chartered","brand":"Standard Chartered"},"geometry":{"type":"Point","coordinates":[121.528592,25.034125]}},{"type":"Feature","properties":{"id":"osm:node:6188959124","name":"汐止農會","category":"bank","wheelchair":"limited"},"geometry":{"type":"Point","coordinates":[121.662717,25.067161]}},{"type":"Feature","properties":{"id":"osm:node:6389111664","name":"永豐商業銀行","category":"bank","nameEn":"Bank SinoPac","brand":"永豐商業銀行"},"geometry":{"type":"Point","coordinates":[121.508184,25.088746]}},{"type":"Feature","properties":{"id":"osm:node:6600388715","name":"渣打國際商業銀行","category":"bank","nameEn":"Standard Chartered Taiwan","brand":"渣打國際商業銀行","address":"台北市中山區南京東路三段168號10樓之3","phone":"+886 2 6619 2900"},"geometry":{"type":"Point","coordinates":[121.541389,25.051634]}},{"type":"Feature","properties":{"id":"osm:node:6870049461","name":"華南商業銀行","category":"bank","nameEn":"Hua Nan Commercial Bank","brand":"華南商業銀行","address":"242008新北市新莊區中正路100號"},"geometry":{"type":"Point","coordinates":[121.454688,25.03681]}},{"type":"Feature","properties":{"id":"osm:node:6881118376","name":"臺灣新光商業銀行","category":"bank","nameEn":"Shin Kong Commercial Bank","brand":"臺灣新光商業銀行","address":"新北市三重區重新路一段102號及特102號1至4樓","phone":"+886 2 2973 7788"},"geometry":{"type":"Point","coordinates":[121.501118,25.063259]}},{"type":"Feature","properties":{"id":"osm:node:6881118377","name":"彰化商業銀行","category":"bank","nameEn":"Chang Hwa Bank","brand":"彰化商業銀行","address":"新北市三重區重新路一段89號","phone":"+886 2 2973 3450"},"geometry":{"type":"Point","coordinates":[121.501061,25.063524]}},{"type":"Feature","properties":{"id":"osm:node:6969436635","name":"台北富邦商業銀行","category":"bank","nameEn":"Taipei Fubon Bank","brand":"台北富邦商業銀行","address":"新北市新店區北新路一段128號一樓及二樓、130號一樓及二樓、132號一樓及二樓","phone":"+886 2 2918 8966"},"geometry":{"type":"Point","coordinates":[121.542529,24.969914]}},{"type":"Feature","properties":{"id":"osm:node:6969642505","name":"台新國際商業銀行","category":"bank","nameEn":"Taishin International Bank","brand":"台新國際商業銀行","address":"新北市新店區北新路一段136號1、2樓、138號1、2樓、140號1、2樓、142號1、2樓","phone":"+886 2 2915 7766"},"geometry":{"type":"Point","coordinates":[121.542636,24.970271]}},{"type":"Feature","properties":{"id":"osm:node:7339151151","name":"玉山商業銀行","category":"bank","nameEn":"E.SUN Commercial Bank","brand":"玉山商業銀行","address":"臺北市大安區學府里羅斯福路四段1號","phone":"+886 2 2368 1313"},"geometry":{"type":"Point","coordinates":[121.537835,25.014544]}},{"type":"Feature","properties":{"id":"osm:node:7728477904","name":"瑞興商業銀行","category":"bank","nameEn":"Taipei Star Bank","brand":"瑞興商業銀行"},"geometry":{"type":"Point","coordinates":[121.512328,25.028734]}},{"type":"Feature","properties":{"id":"osm:node:8114338227","name":"滙豐(台灣)商業銀行","category":"bank","address":"台北市中正區忠孝西路一段6號.","phone":"+886 2 6633 6666"},"geometry":{"type":"Point","coordinates":[121.518161,25.045824]}},{"type":"Feature","properties":{"id":"osm:node:8220820860","name":"中國信託商業銀行","category":"bank","nameEn":"CTBC Bank","brand":"中國信託商業銀行","address":"新北市新店區北新路一段150號","phone":"+886 2 2912 9988"},"geometry":{"type":"Point","coordinates":[121.542687,24.970484]}},{"type":"Feature","properties":{"id":"osm:node:8301473903","name":"新北市板橋區農會","category":"bank","address":"220078新北市板橋區中山路二段174號","phone":"+886 2 2950 6868","website":"https://www.pcfarm.org.tw/"},"geometry":{"type":"Point","coordinates":[121.477215,25.017209]}},{"type":"Feature","properties":{"id":"osm:node:8410741328","name":"滙豐（台灣）商業銀行","category":"bank","nameEn":"HSBC Bank Taiwan","brand":"HSBC","address":"115臺北市南港區忠孝東路七段369號1樓","wheelchair":"yes"},"geometry":{"type":"Point","coordinates":[121.607211,25.052909]}},{"type":"Feature","properties":{"id":"osm:node:8566535533","name":"台北市中山區合作社","category":"bank"},"geometry":{"type":"Point","coordinates":[121.523935,25.060221]}},{"type":"Feature","properties":{"id":"osm:node:868325313","name":"玉山商業銀行","category":"bank","nameEn":"E.SUN Commercial Bank","brand":"玉山商業銀行","address":"臺北市南港區三重路66之1號","phone":"+886 2 2789 1313","wheelchair":"limited"},"geometry":{"type":"Point","coordinates":[121.614916,25.057147]}},{"type":"Feature","properties":{"id":"osm:node:868325314","name":"臺灣銀行","category":"bank","nameEn":"Bank of Taiwan","brand":"臺灣銀行","address":"臺北市南港區三重路66號2樓之2","phone":"+886 2 2783 3009","wheelchair":"yes"},"geometry":{"type":"Point","coordinates":[121.614572,25.057422]}},{"type":"Feature","properties":{"id":"osm:node:8776669910","name":"淡水區農會","category":"bank"},"geometry":{"type":"Point","coordinates":[121.46115,25.137798]}},{"type":"Feature","properties":{"id":"osm:node:9001127545","name":"凱基商業銀行","category":"bank","nameEn":"KGI Commercial Bank","brand":"凱基商業銀行","address":"新北市新莊區思源路331號一、二樓，幸福路2、4號一、二樓，幸福路6、8號二樓","phone":"+886 2 2277 6377"},"geometry":{"type":"Point","coordinates":[121.459618,25.049689]}},{"type":"Feature","properties":{"id":"osm:node:9013250918","name":"兆豐國際商業銀行","category":"bank","nameEn":"Mega International Commercial Bank","brand":"兆豐國際商業銀行","address":"台北市承德路一段70號1樓","phone":"+886 2 2511 9231"},"geometry":{"type":"Point","coordinates":[121.517184,25.052227]}},{"type":"Feature","properties":{"id":"osm:node:9200113313","name":"國泰世華商業銀行","category":"bank","nameEn":"Cathay United Bank","brand":"國泰世華商業銀行"},"geometry":{"type":"Point","coordinates":[121.57427,25.07698]}},{"type":"Feature","properties":{"id":"osm:node:9247054927","name":"金麗生珠寶銀樓","category":"bank"},"geometry":{"type":"Point","coordinates":[121.51975,25.054808]}},{"type":"Feature","properties":{"id":"osm:node:9267638453","name":"宗信當鋪","category":"bank"},"geometry":{"type":"Point","coordinates":[121.518403,25.055285]}},{"type":"Feature","properties":{"id":"osm:node:9375560797","name":"中國信託中山分行","category":"bank","opening_hours":"Mo-Fr 09:00-15:30","wheelchair":"limited"},"geometry":{"type":"Point","coordinates":[121.522699,25.060127]}},{"type":"Feature","properties":{"id":"osm:node:9386000471","name":"台新國際商業銀行","category":"bank","nameEn":"Taishin International Bank","brand":"台新國際商業銀行"},"geometry":{"type":"Point","coordinates":[121.452712,25.04771]}},{"type":"Feature","properties":{"id":"osm:node:9507104282","name":"淡水信用合作社","category":"bank","nameEn":"The Tamsui Credit Cooperative","brand":"淡水信用合作社","opening_hours":"Mo-Fr 09:00-15:30","address":"241036新北市三重區重陽路四段156號","phone":"+886 2 2988 7997","website":"https://tsc.scu.org.tw/"},"geometry":{"type":"Point","coordinates":[121.493042,25.072086]}},{"type":"Feature","properties":{"id":"osm:node:9743169004","name":"板信商業銀行","category":"bank","nameEn":"Bank of Panshin","brand":"板信商業銀行"},"geometry":{"type":"Point","coordinates":[121.594432,25.083461]}},{"type":"Feature","properties":{"id":"osm:node:9743169005","name":"中國信託商業銀行","category":"bank","nameEn":"CTBC Bank","brand":"中國信託商業銀行"},"geometry":{"type":"Point","coordinates":[121.594356,25.083408]}},{"type":"Feature","properties":{"id":"osm:node:9743169006","name":"華南商業銀行","category":"bank","nameEn":"Hua Nan Commercial Bank","brand":"華南商業銀行"},"geometry":{"type":"Point","coordinates":[121.59427,25.083347]}},{"type":"Feature","properties":{"id":"osm:node:9743169008","name":"玉山商業銀行","category":"bank","nameEn":"E.SUN Commercial Bank","brand":"玉山商業銀行"},"geometry":{"type":"Point","coordinates":[121.593313,25.08266]}},{"type":"Feature","properties":{"id":"osm:node:9774192851","name":"渣打國際商業銀行","category":"bank","nameEn":"Standard Chartered Taiwan","brand":"渣打國際商業銀行"},"geometry":{"type":"Point","coordinates":[121.542399,24.969665]}},{"type":"Feature","properties":{"id":"osm:node:9816129156","name":"玉山商業銀行","category":"bank","nameEn":"E.SUN Commercial Bank","brand":"玉山商業銀行","opening_hours":"Mo-Fr 09:00-15:30","address":"臺北市中正區梅花里忠孝東路二段85號1樓","phone":"+886 2 2562 1313"},"geometry":{"type":"Point","coordinates":[121.530673,25.043207]}},{"type":"Feature","properties":{"id":"osm:node:9849284243","name":"汐止區農會","category":"bank","opening_hours":"Mo-Fr 08:30-16:00"},"geometry":{"type":"Point","coordinates":[121.65674,25.063748]}},{"type":"Feature","properties":{"id":"osm:node:9979716178","name":"元大商業銀行","category":"bank","nameEn":"Yuanta Commercial Bank","brand":"元大商業銀行"},"geometry":{"type":"Point","coordinates":[121.517889,25.030497]}},{"type":"Feature","properties":{"id":"osm:way:1340248604","name":"合作金庫商業銀行","category":"bank","nameEn":"Taiwan Cooperative Bank","brand":"合作金庫商業銀行","address":"臺北市大安區光復南路102號1樓","phone":"+886 2 2751 8770"},"geometry":{"type":"Point","coordinates":[121.557436,25.043258]}},{"type":"Feature","properties":{"id":"osm:way:198401473","name":"臺灣銀行","category":"bank","nameEn":"Bank of Taiwan","brand":"臺灣銀行","address":"臺北市萬華區康定路380號1至6樓及地下一樓","phone":"+886 2 2308 8111","wheelchair":"limited"},"geometry":{"type":"Point","coordinates":[121.500019,25.034021]}},{"type":"Feature","properties":{"id":"osm:way:236040694","name":"第一商業銀行","category":"bank","nameEn":"First Commercial Bank","brand":"第一商業銀行","opening_hours":"Mo-Fr 09:00-15:30","address":"10005臺北市中正區重慶南路一段30號","phone":"+886 2 2348 1111","website":"https://www.firstbank.com.tw/","wheelchair":"yes"},"geometry":{"type":"Point","coordinates":[121.512967,25.045583]}},{"type":"Feature","properties":{"id":"osm:way:236041651","name":"華南商業銀行","category":"bank","nameEn":"Hua Nan Commercial Bank","brand":"華南商業銀行","opening_hours":"Mo-Fr 09:00-15:30","address":"10006臺北市中正區重慶南路一段38號","phone":"+886 2 2371 3111","website":"https://www.hncb.com.tw/"},"geometry":{"type":"Point","coordinates":[121.513009,25.044859]}},{"type":"Feature","properties":{"id":"osm:way:238316481","name":"臺灣中小企業銀行","category":"bank","nameEn":"Taiwan Business Bank","brand":"臺灣中小企業銀行","address":"10341臺北市大同區塔城街30號","phone":"+886 2 2559 7171","website":"https://www.tbb.com.tw/","wheelchair":"yes"},"geometry":{"type":"Point","coordinates":[121.510166,25.051185]}},{"type":"Feature","properties":{"id":"osm:way:240272403","name":"合作金庫商業銀行","category":"bank","nameEn":"Taiwan Cooperative Bank","brand":"合作金庫商業銀行","address":"新北市五股區五工路119號1樓","phone":"+886 2 2298 9898"},"geometry":{"type":"Point","coordinates":[121.452584,25.067373]}},{"type":"Feature","properties":{"id":"osm:way:240272404","name":"第一商業銀行","category":"bank","nameEn":"First Commercial Bank","brand":"第一商業銀行","address":"新北市五股區五工路117號","phone":"+886 2 2299 7811"},"geometry":{"type":"Point","coordinates":[121.452921,25.067125]}},{"type":"Feature","properties":{"id":"osm:way:247678979","name":"臺灣土地銀行","category":"bank","nameEn":"Land Bank of Taiwan","brand":"臺灣土地銀行","opening_hours":"Mo-Fr 09:00-15:30","address":"臺北市中正區館前路46號","phone":"+886 2 2348 3456","website":"https://www.landbank.com.tw/"},"geometry":{"type":"Point","coordinates":[121.514793,25.044142]}},{"type":"Feature","properties":{"id":"osm:way:253551306","name":"第一商業銀行","category":"bank","nameEn":"First Commercial Bank","brand":"第一商業銀行","opening_hours":"Mo-Fr 09:00-15:30","address":"臺北市文山區景中街26號、26號2、3樓、28號","phone":"+886 2 2930 3011","website":"https://www.firstbank.com.tw/","wheelchair":"yes"},"geometry":{"type":"Point","coordinates":[121.542255,24.992738]}},{"type":"Feature","properties":{"id":"osm:way:269788993","name":"臺灣銀行","category":"bank","nameEn":"Bank of Taiwan","brand":"臺灣銀行","opening_hours":"Mo-Fr 09:00-15:30","address":"10007臺北市中正區重慶南路一段120號","phone":"+886 2 2349 3456","website":"https://www.bot.com.tw/"},"geometry":{"type":"Point","coordinates":[121.512599,25.041473]}},{"type":"Feature","properties":{"id":"osm:way:270079860","name":"原臺北信用組合（合作金庫城內支庫大樓）","category":"bank","nameEn":"Taiwan Cooperative Bank, Chengnei Branch","address":"台北市中正區衡陽路87號","phone":"+886 2 2381 2900","wheelchair":"no"},"geometry":{"type":"Point","coordinates":[121.510583,25.042397]}},{"type":"Feature","properties":{"id":"osm:way:270600129","name":"臺灣新光商業銀行","category":"bank","nameEn":"Shin Kong Commercial Bank","brand":"臺灣新光商業銀行","address":"10045臺北市中正區重慶南路一段115號","phone":"+886 2 2381 4518","website":"https://www.skbank.com.tw/","wheelchair":"yes"},"geometry":{"type":"Point","coordinates":[121.513512,25.042621]}},{"type":"Feature","properties":{"id":"osm:way:270917735","name":"臺灣土地銀行","category":"bank","nameEn":"Land Bank of Taiwan","brand":"臺灣土地銀行","opening_hours":"Mo-Fr 09:00-15:30","address":"10046臺北市中正區懷寧街53號","phone":"+886 2 2348 3456","website":"https://www.landbank.com.tw/"},"geometry":{"type":"Point","coordinates":[121.514438,25.044123]}},{"type":"Feature","properties":{"id":"osm:way:271425151","name":"臺灣銀行","category":"bank","nameEn":"Bank of Taiwan","brand":"臺灣銀行","opening_hours":"Mo-Fr 09:00-17:00","address":"10047臺北市中正區館前路49號","phone":"+886 2 2381 2949","website":"https://www.bot.com.tw/","wheelchair":"yes"},"geometry":{"type":"Point","coordinates":[121.515363,25.04496]}},{"type":"Feature","properties":{"id":"osm:way:307105255","name":"聯邦商業銀行","category":"bank","nameEn":"Union Bank of Taiwan","brand":"聯邦商業銀行","opening_hours":"Mo-Fr 08:30-17:00","address":"10544臺北市松山區民生東路三段109號","phone":"+886-2-2718-0001"},"geometry":{"type":"Point","coordinates":[121.545232,25.058162]}},{"type":"Feature","properties":{"id":"osm:way:309196382","name":"臺灣銀行","category":"bank","nameEn":"Bank of Taiwan","brand":"臺灣銀行","address":"臺北市大同區承德路二段239號1至3樓","phone":"+886 2 2553 0121"},"geometry":{"type":"Point","coordinates":[121.518639,25.062477]}},{"type":"Feature","properties":{"id":"osm:way:346323276","name":"第一商業銀行","category":"bank","nameEn":"First Commercial Bank","brand":"第一商業銀行","opening_hours":"Mo-Fr 09:00-15:30","address":"10075臺北市中正區南昌路一段94號","phone":"+886 2 2394 7162","website":"https://www.firstbank.com.tw/"},"geometry":{"type":"Point","coordinates":[121.5175,25.030505]}},{"type":"Feature","properties":{"id":"osm:way:346956043","name":"永豐商業銀行","category":"bank","nameEn":"Bank SinoPac","brand":"永豐商業銀行","address":"104台北市中山區南京東路三段36號"},"geometry":{"type":"Point","coordinates":[121.538266,25.051638]}},{"type":"Feature","properties":{"id":"osm:way:385433688","name":"彰化商業銀行","category":"bank","nameEn":"Chang Hwa Bank","brand":"彰化商業銀行","opening_hours":"Mo-Fr 09:00-15:30","address":"10046臺北市中正區重慶南路一段27號","phone":"+886 2 2361 7211","website":"https://www.chb.com.tw/","wheelchair":"yes"},"geometry":{"type":"Point","coordinates":[121.5134,25.045585]}},{"type":"Feature","properties":{"id":"osm:way:389332875","name":"合作金庫商業銀行","category":"bank","nameEn":"Taiwan Cooperative Bank","brand":"合作金庫商業銀行","opening_hours":"Mo-Fr 09:00-15:30","address":"10566臺北市松山區八德路四段622號","phone":"+886 2 2765 6261","website":"http://www.tcb-bank.com.tw/"},"geometry":{"type":"Point","coordinates":[121.573911,25.049743]}},{"type":"Feature","properties":{"id":"osm:way:468638353","name":"國泰世華商業銀行","category":"bank","nameEn":"Cathay United Bank","brand":"國泰世華商業銀行","address":"臺北市內湖區行愛路169號","phone":"+886 2 8792 8068"},"geometry":{"type":"Point","coordinates":[121.579516,25.065312]}},{"type":"Feature","properties":{"id":"osm:way:495585300","name":"合作金庫商業銀行","category":"bank","nameEn":"Taiwan Cooperative Bank","brand":"合作金庫商業銀行","opening_hours":"Mo-Fr 09:00-17:00","address":"台北市萬華區昆明街77號1、2樓","phone":"+886 2 2381 4949","website":"http://www.tcb-bank.com.tw/"},"geometry":{"type":"Point","coordinates":[121.505034,25.04318]}},{"type":"Feature","properties":{"id":"osm:way:495621909","name":"華南商業銀行","category":"bank","nameEn":"Hua Nan Commercial Bank","brand":"華南商業銀行","opening_hours":"Mo-Fr 09:00-15:30","address":"台北市西寧南路173號","phone":"+886 2 2314 9978","website":"https://www.hncb.com.tw/"},"geometry":{"type":"Point","coordinates":[121.506087,25.042424]}},{"type":"Feature","properties":{"id":"osm:way:495621910","name":"彰化商業銀行","category":"bank","nameEn":"Chang Hwa Bank","brand":"彰化商業銀行","opening_hours":"Mo-Fr 09:00-15:30","address":"台北市萬華區西寧南路169-2號","phone":"+886 2 2371 9271","website":"https://www.bankchb.com/"},"geometry":{"type":"Point","coordinates":[121.506164,25.042997]}},{"type":"Feature","properties":{"id":"osm:way:734395308","name":"華南商業銀行","category":"bank","nameEn":"Hua Nan Commercial Bank","brand":"華南商業銀行","address":"新北市板橋區忠孝路73號","phone":"+886 2 2951 1101"},"geometry":{"type":"Point","coordinates":[121.461863,25.002298]}},{"type":"Feature","properties":{"id":"osm:way:963426362","name":"彰化商業銀行","category":"bank","nameEn":"Chang Hwa Bank","brand":"彰化商業銀行"},"geometry":{"type":"Point","coordinates":[121.633818,25.0577]}}]}