{"type":"FeatureCollection","features":[{"type":"Feature","properties":{"id":"osm:node:10142047758","name":"玉成公園(成福路178巷口)","category":"bicycle_rental","nameEn":"Yucheng Park (Ln. 178, Chengfu Rd.)","brand":"YouBike 2.0","opening_hours":"24/7"},"geometry":{"type":"Point","coordinates":[121.58735,25.04177]}},{"type":"Feature","properties":{"id":"osm:node:10168007098","name":"成福路197巷口","category":"bicycle_rental","nameEn":"Ln. 197, Chengfu Rd.","brand":"YouBike 2.0","opening_hours":"24/7"},"geometry":{"type":"Point","coordinates":[121.58877,25.04066]}},{"type":"Feature","properties":{"id":"osm:node:10226923469","name":"全安公園","category":"bicycle_rental","nameEn":"Quanan Park","brand":"YouBike 2.0","opening_hours":"24/7"},"geometry":{"type":"Point","coordinates":[121.55101,25.02535]}},{"type":"Feature","properties":{"id":"osm:node:10232801710","name":"內湖運動公園","category":"bicycle_rental","nameEn":"Neihu Sports Park","brand":"YouBike 2.0","opening_hours":"24/7"},"geometry":{"type":"Point","coordinates":[121.57513,25.06745]}},{"type":"Feature","properties":{"id":"osm:node:10660521781","name":"試院公園","category":"bicycle_rental","nameEn":"Shih Yuan Park","brand":"YouBike 2.0","opening_hours":"24/7"},"geometry":{"type":"Point","coordinates":[121.54723,24.98808]}},{"type":"Feature","properties":{"id":"osm:node:10882929656","name":"樂利路101巷口","category":"bicycle_rental","nameEn":"Ln. 101, Leli Rd.","brand":"YouBike 2.0","opening_hours":"24/7"},"geometry":{"type":"Point","coordinates":[121.55224,25.02528]}},{"type":"Feature","properties":{"id":"osm:node:11068098865","name":"辛亥路四段77巷口","category":"bicycle_rental","nameEn":"Ln. 77, Sec. 4, Xinhai Rd.","brand":"YouBike 2.0","opening_hours":"24/7"},"geometry":{"type":"Point","coordinates":[121.55877,25.00743]}},{"type":"Feature","properties":{"id":"osm:node:11144198142","name":"昆陽公園","category":"bicycle_rental","nameEn":"Kunyang Park","brand":"YouBike 2.0","opening_hours":"24/7"},"geometry":{"type":"Point","coordinates":[121.59425,25.0483]}},{"type":"Feature","properties":{"id":"osm:node:11252306197","name":"民德路口","category":"bicycle_rental","nameEn":"Minde Rd. Intersection","brand":"YouBike 2.0","opening_hours":"24/7"},"geometry":{"type":"Point","coordinates":[121.46885,25.00203]}},{"type":"Feature","properties":{"id":"osm:node:11335942017","name":"南港公園(東新街170巷)","category":"bicycle_rental","nameEn":"Nangang Park (Ln. 170, Dongxin St.)","brand":"YouBike 2.0","opening_hours":"24/7"},"geometry":{"type":"Point","coordinates":[121.59323,25.04134]}},{"type":"Feature","properties":{"id":"osm:node:11351211691","name":"成德立體停車場","category":"bicycle_rental","nameEn":"Cheng De Liti Parking","brand":"YouBike 2.0","opening_hours":"24/7"},"geometry":{"type":"Point","coordinates":[121.58629,25.04557]}},{"type":"Feature","properties":{"id":"osm:node:11351211692","name":"南港出租國宅社區","category":"bicycle_rental","nameEn":"Nangang Community","brand":"YouBike 2.0","opening_hours":"24/7"},"geometry":{"type":"Point","coordinates":[121.59302,25.03878]}},{"type":"Feature","properties":{"id":"osm:node:11370450626","name":"景福站","category":"bicycle_rental","opening_hours":"Mo-Fr 08:00-12:00, 14:00-21:00; Sa-Su 08:00-21:00","phone":"+886 2 2364 0156"},"geometry":{"type":"Point","coordinates":[121.528374,25.011394]}},{"type":"Feature","properties":{"id":"osm:node:11425676394","name":"桂林昆明街口","category":"bicycle_rental","nameEn":"Guilin Rd. & Kunming St. Intersection","brand":"YouBike 2.0","opening_hours":"24/7"},"geometry":{"type":"Point","coordinates":[121.50362,25.03811]}},{"type":"Feature","properties":{"id":"osm:node:11449035738","name":"思源路192巷口","category":"bicycle_rental","nameEn":"Ln. 192, Siyuan Rd. Intersection","brand":"YouBike 2.0","opening_hours":"24/7"},"geometry":{"type":"Point","coordinates":[121.4601,25.04823]}},{"type":"Feature","properties":{"id":"osm:node:11449035739","name":"長青公園","category":"bicycle_rental","nameEn":"Changqing Park","brand":"YouBike 2.0","opening_hours":"24/7"},"geometry":{"type":"Point","coordinates":[121.45662,25.04246]}},{"type":"Feature","properties":{"id":"osm:node:11449035742","name":"登龍平面停車場","category":"bicycle_rental","nameEn":"Denglong Parking Lot","brand":"YouBike 2.0","opening_hours":"24/7"},"geometry":{"type":"Point","coordinates":[121.45654,25.03662]}},{"type":"Feature","properties":{"id":"osm:node:11449035743","name":"新北市立圖書館新莊中港分館","category":"bicycle_rental","nameEn":"New Taipei City Library Xinzhuang Zhonggang Branch","brand":"YouBike 2.0","opening_hours":"24/7"},"geometry":{"type":"Point","coordinates":[121.45222,25.04643]}},{"type":"Feature","properties":{"id":"osm:node:11449035744","name":"復興化成路口","category":"bicycle_rental","nameEn":"Fuxing Rd. & Huacheng Rd. Intersection","brand":"YouBike 2.0","opening_hours":"24/7"},"geometry":{"type":"Point","coordinates":[121.46453,25.04457]}},{"type":"Feature","properties":{"id":"osm:node:11449035746","name":"五工路68巷口","category":"bicycle_rental","nameEn":"Ln. 68, Wugong Rd.","brand":"YouBike 2.0","opening_hours":"24/7"},"geometry":{"type":"Point","coordinates":[121.458833,25.062945]}},{"type":"Feature","properties":{"id":"osm:node:11449035747","name":"中央昌仁路口","category":"bicycle_rental","nameEn":"Zhongyang & Changren Intersection","brand":"YouBike 2.0","opening_hours":"24/7","wheelchair":"yes"},"geometry":{"type":"Point","coordinates":[121.45355,25.05895]}},{"type":"Feature","properties":{"id":"osm:node:11449035750","name":"中港平面停車場","category":"bicycle_rental","nameEn":"Zhonggang Parking Lot","brand":"YouBike 2.0","opening_hours":"24/7"},"geometry":{"type":"Point","coordinates":[121.45271,25.04485]}},{"type":"Feature","properties":{"id":"osm:node:11449035751","name":"廣停一機車停車場","category":"bicycle_rental","nameEn":"Guangting 1st. Parking Lot","brand":"YouBike 2.0","opening_hours":"24/7"},"geometry":{"type":"Point","coordinates":[121.45766,25.06209]}},{"type":"Feature","properties":{"id":"osm:node:11449035756","name":"台北醫院(民樂街)","category":"bicycle_rental","nameEn":"Taipei Hospital(Minle St.)","brand":"YouBike 2.0","opening_hours":"24/7"},"geometry":{"type":"Point","coordinates":[121.45788,25.04267]}},{"type":"Feature","properties":{"id":"osm:node:11449035757","name":"福祿1號公園","category":"bicycle_rental","nameEn":"Fulu 1st Park","brand":"YouBike 2.0","opening_hours":"24/7"},"geometry":{"type":"Point","coordinates":[121.4638,25.06386]}},{"type":"Feature","properties":{"id":"osm:node:11449035758","name":"台電台北西區營業處","category":"bicycle_rental","nameEn":"Taipei West Branch, TPC","brand":"YouBike 2.0","opening_hours":"24/7"},"geometry":{"type":"Point","coordinates":[121.4656,25.04765]}},{"type":"Feature","properties":{"id":"osm:node:11449035759","name":"福壽昌智路口","category":"bicycle_rental","nameEn":"Fushou Changzhi Rd. Intersection","brand":"YouBike 2.0","opening_hours":"24/7"},"geometry":{"type":"Point","coordinates":[121.45804,25.05614]}},{"type":"Feature","properties":{"id":"osm:node:11449035760","name":"思賢公園(北側)","category":"bicycle_rental","nameEn":"Sixian Park(North)","brand":"YouBike 2.0","opening_hours":"24/7"},"geometry":{"type":"Point","coordinates":[121.45672,25.04792]}},{"type":"Feature","properties":{"id":"osm:node:11449035762","name":"大豐里(建國路)","category":"bicycle_rental","nameEn":"Dafeng Vil (Jianguo Rd.)","brand":"YouBike 2.0","opening_hours":"24/7"},"geometry":{"type":"Point","coordinates":[121.53799,24.97991]}},{"type":"Feature","properties":{"id":"osm:node:11449035763","name":"明德路65巷口","category":"bicycle_rental","nameEn":"Ln. 65, Mingde Rd. Intersection","brand":"YouBike 2.0","opening_hours":"24/7"},"geometry":{"type":"Point","coordinates":[121.54145,24.9767]}},{"type":"Feature","properties":{"id":"osm:node:11449035764","name":"新北捷運環狀線南機廠","category":"bicycle_rental","nameEn":"NTM Circular Line South Depot","brand":"YouBike 2.0","opening_hours":"24/7"},"geometry":{"type":"Point","coordinates":[121.52891,24.98343]}},{"type":"Feature","properties":{"id":"osm:node:11449035765","name":"十四張啓文路口","category":"bicycle_rental","nameEn":"Shisizhang Rd. & Qiwen Rd. Intersection","brand":"YouBike 2.0","opening_hours":"24/7"},"geometry":{"type":"Point","coordinates":[121.52978,24.98055]}},{"type":"Feature","properties":{"id":"osm:node:11449035766","name":"胡璉故居紀念館","category":"bicycle_rental","nameEn":"Hu Lien Former Residence Memorial","brand":"YouBike 2.0","opening_hours":"24/7"},"geometry":{"type":"Point","coordinates":[121.52763,24.96171]}},{"type":"Feature","properties":{"id":"osm:node:11449035767","name":"永平休閒廣場","category":"bicycle_rental","nameEn":"Yongpin Leisure Square","brand":"YouBike 2.0","opening_hours":"24/7"},"geometry":{"type":"Point","coordinates":[121.5161,24.98432]}},{"type":"Feature","properties":{"id":"osm:node:11449035768","name":"中正路399巷口","category":"bicycle_rental","nameEn":"Ln.399, Zhongzheng Rd.","brand":"YouBike 2.0","opening_hours":"24/7"},"geometry":{"type":"Point","coordinates":[121.53455,24.9771]}},{"type":"Feature","properties":{"id":"osm:node:11449094869","name":"安興祥和路口","category":"bicycle_rental","nameEn":"Anxing & Xianghe Intersection","brand":"YouBike 2.0","opening_hours":"24/7"},"geometry":{"type":"Point","coordinates":[121.51546,24.97666]}},{"type":"Feature","properties":{"id":"osm:node:11449094870","name":"安德停車場","category":"bicycle_rental","nameEn":"An De Parking Lot","brand":"YouBike 2.0","opening_hours":"24/7"},"geometry":{"type":"Point","coordinates":[121.50882,24.96039]}},{"type":"Feature","properties":{"id":"osm:node:11449094871","name":"央北新村平面停車場","category":"bicycle_rental","nameEn":"Yangbei New Village Parking Lot","brand":"YouBike 2.0","opening_hours":"24/7"},"geometry":{"type":"Point","coordinates":[121.52737,24.97752]}},{"type":"Feature","properties":{"id":"osm:node:11449094872","name":"吉安停車場","category":"bicycle_rental","nameEn":"Ji An Parking Lot","brand":"YouBike 2.0","opening_hours":"24/7"},"geometry":{"type":"Point","coordinates":[121.516369,24.96627]}},{"type":"Feature","properties":{"id":"osm:node:11449094873","name":"三民地下停車場","category":"bicycle_rental","nameEn":"San in Parking Lot","brand":"YouBike 2.0","opening_hours":"24/7"},"geometry":{"type":"Point","coordinates":[121.53718,24.97097]}},{"type":"Feature","properties":{"id":"osm:node:11449094874","name":"安民街停車場","category":"bicycle_rental","nameEn":"Anmin Street Parking Lot","brand":"YouBike 2.0","opening_hours":"24/7"},"geometry":{"type":"Point","coordinates":[121.51686,24.97077]}},{"type":"Feature","properties":{"id":"osm:node:11449094876","name":"輕軌新和國小站","category":"bicycle_rental","nameEn":"LRT Xinhe Elementary School Sta.","brand":"YouBike 2.0","opening_hours":"24/7"},"geometry":{"type":"Point","coordinates":[121.518223,24.983383]}},{"type":"Feature","properties":{"id":"osm:node:11449094877","name":"輕軌陽光運動公園站","category":"bicycle_rental","nameEn":"LRT Sunshine Sports Park Sta.","brand":"YouBike 2.0","opening_hours":"24/7"},"geometry":{"type":"Point","coordinates":[121.51928,24.97193]}},{"type":"Feature","properties":{"id":"osm:node:11449094878","name":"輕軌安康站","category":"bicycle_rental","nameEn":"LRT Ankang Sta.","brand":"YouBike 2.0","opening_hours":"24/7"},"geometry":{"type":"Point","coordinates":[121.51717,24.96525]}},{"type":"Feature","properties":{"id":"osm:node:11449094883","name":"安華公園","category":"bicycle_rental","nameEn":"Aly. 7, Ln. 329, Pingdeng St. & Ln. 48, Pingdeng St.(Northwest)","brand":"YouBike 2.0","opening_hours":"24/7"},"geometry":{"type":"Point","coordinates":[121.53538,24.97374]}},{"type":"Feature","properties":{"id":"osm:node:11449094890","name":"安民街35巷口","category":"bicycle_rental","nameEn":"No. 21, Anmin St.(East)","brand":"YouBike 2.0","opening_hours":"24/7"},"geometry":{"type":"Point","coordinates":[121.51564,24.96484]}},{"type":"Feature","properties":{"id":"osm:node:11449094894","name":"中興文化路口(東南側)","category":"bicycle_rental","nameEn":"Zhongxing Wenhua Rd. Intersection(Southeast)","brand":"YouBike 2.0","opening_hours":"24/7"},"geometry":{"type":"Point","coordinates":[121.5445,24.98037]}},{"type":"Feature","properties":{"id":"osm:node:11449094895","name":"北新新生街口","category":"bicycle_rental","nameEn":"Beixin Xinsheng St. Intersection","brand":"YouBike 2.0","opening_hours":"24/7"},"geometry":{"type":"Point","coordinates":[121.54061,24.96561]}},{"type":"Feature","properties":{"id":"osm:node:11449094896","name":"中興檳榔路口","category":"bicycle_rental","nameEn":"Zhongxing Binlang Rd. Intersection","brand":"YouBike 2.0","opening_hours":"24/7"},"geometry":{"type":"Point","coordinates":[121.54185,24.96337]}},{"type":"Feature","properties":{"id":"osm:node:11449094897","name":"寶橋路29巷","category":"bicycle_rental","nameEn":"Ln. 29, Baoqiao Rd. Intersection","brand":"YouBike 2.0","opening_hours":"24/7"},"geometry":{"type":"Point","coordinates":[121.54389,24.97492]}},{"type":"Feature","properties":{"id":"osm:node:11449094898","name":"寶橋路235巷","category":"bicycle_rental","nameEn":"Ln. 235, Baoqiao Rd. Intersection","brand":"YouBike 2.0","opening_hours":"24/7"},"geometry":{"type":"Point","coordinates":[121.55102,24.98278]}},{"type":"Feature","properties":{"id":"osm:node:11449094899","name":"寶中寶橋路口","category":"bicycle_rental","nameEn":"Baozhong Baoqiao Rd. Intersection","brand":"YouBike 2.0","opening_hours":"24/7"},"geometry":{"type":"Point","coordinates":[121.55028,24.97862]}},{"type":"Feature","properties":{"id":"osm:node:11449094900","name":"寶中路97巷口","category":"bicycle_rental","nameEn":"Ln. 97, Baozhong Rd. Intersection","brand":"YouBike 2.0","opening_hours":"24/7"},"geometry":{"type":"Point","coordinates":[121.54878,24.98047]}},{"type":"Feature","properties":{"id":"osm:node:11449094901","name":"北新路二段228巷口","category":"bicycle_rental","nameEn":"Ln. 228, Sec. 2, Beixin Rd. Intersection","brand":"YouBike 2.0","opening_hours":"24/7"},"geometry":{"type":"Point","coordinates":[121.54284,24.97775]}},{"type":"Feature","properties":{"id":"osm:node:11449094902","name":"寶強文化路口","category":"bicycle_rental","nameEn":"Baoqiang Wenhua Rd. Intersection","brand":"YouBike 2.0","opening_hours":"24/7"},"geometry":{"type":"Point","coordinates":[121.54351,24.97914]}},{"type":"Feature","properties":{"id":"osm:node:11449094903","name":"國家人權博物館","category":"bicycle_rental","nameEn":"National Human Rights Museum","brand":"YouBike 2.0","opening_hours":"24/7"},"geometry":{"type":"Point","coordinates":[121.53198,24.98835]}},{"type":"Feature","properties":{"id":"osm:node:11449094911","name":"民權路3巷12弄口","category":"bicycle_rental","nameEn":"Aly. 12, Ln. 3, Minquan Rd. Intersection","brand":"YouBike 2.0","opening_hours":"24/7"},"geometry":{"type":"Point","coordinates":[121.46151,25.14288]}},{"type":"Feature","properties":{"id":"osm:node:11449094914","name":"輕軌紅樹林站","category":"bicycle_rental","nameEn":"LRT Hongshulin Station","brand":"YouBike 2.0","opening_hours":"24/7"},"geometry":{"type":"Point","coordinates":[121.458874,25.155049]}},{"type":"Feature","properties":{"id":"osm:node:11449094921","name":"淡金路38巷尾","category":"bicycle_rental","nameEn":"Ln. 38, Danjin Rd.","brand":"YouBike 2.0","opening_hours":"24/7"},"geometry":{"type":"Point","coordinates":[121.4579,25.16083]}},{"type":"Feature","properties":{"id":"osm:node:11449094926","name":"中正東路一段81巷","category":"bicycle_rental","nameEn":"Ln. 81, Sec. 1, Zhongzheng E. Rd.","brand":"YouBike 2.0","opening_hours":"24/7"},"geometry":{"type":"Point","coordinates":[121.45311,25.16205]}},{"type":"Feature","properties":{"id":"osm:node:11449094927","name":"民族路33巷","category":"bicycle_rental","nameEn":"Ln. 33, Minzu Rd.","brand":"YouBike 2.0","opening_hours":"24/7"},"geometry":{"type":"Point","coordinates":[121.46346,25.13604]}},{"type":"Feature","properties":{"id":"osm:node:11449094929","name":"輕軌竿蓁林站","category":"bicycle_rental","nameEn":"LRT Ganzhenlin Sta.","brand":"YouBike 2.0","opening_hours":"24/7"},"geometry":{"type":"Point","coordinates":[121.45607,25.16206]}},{"type":"Feature","properties":{"id":"osm:node:11449094933","name":"鄧公路30巷","category":"bicycle_rental","nameEn":"Ln. 30, Denggong Rd.","brand":"YouBike 2.0","opening_hours":"24/7"},"geometry":{"type":"Point","coordinates":[121.45241,25.16979]}},{"type":"Feature","properties":{"id":"osm:node:11449094943","name":"捷運環狀線板橋站(5號出口)","category":"bicycle_rental","nameEn":"NTM Circular Line Banqiao Sta.(Exit.5)","brand":"YouBike 2.0","opening_hours":"24/7"},"geometry":{"type":"Point","coordinates":[121.46359,25.01598]}},{"type":"Feature","properties":{"id":"osm:node:11449094944","name":"光復光榮巷口","category":"bicycle_rental","nameEn":"Guangfu St. & Guangrong Ln. Intersection","brand":"YouBike 2.0","opening_hours":"24/7"},"geometry":{"type":"Point","coordinates":[121.48473,25.02139]}},{"type":"Feature","properties":{"id":"osm:node:11449094945","name":"五權公園地下停車場","category":"bicycle_rental","nameEn":"Wuquan Park Underground Parking Lot","brand":"YouBike 2.0","opening_hours":"24/7"},"geometry":{"type":"Point","coordinates":[121.46463,24.99265]}},{"type":"Feature","properties":{"id":"osm:node:11449094946","name":"華江橋自行車牽引道","category":"bicycle_rental","nameEn":"Huajiang Bridge Bikeway","brand":"YouBike 2.0","opening_hours":"24/7"},"geometry":{"type":"Point","coordinates":[121.48046,25.03562]}},{"type":"Feature","properties":{"id":"osm:node:11449094947","name":"南雅西路二段145巷","category":"bicycle_rental","nameEn":"Ln. 145, Sec. 2, Nanya W. Rd.","brand":"YouBike 2.0","opening_hours":"24/7"},"geometry":{"type":"Point","coordinates":[121.45172,25.01171]}},{"type":"Feature","properties":{"id":"osm:node:11449094948","name":"華德公園平面停車場","category":"bicycle_rental","nameEn":"Huade Park Parking Lot","brand":"YouBike 2.0","opening_hours":"24/7"},"geometry":{"type":"Point","coordinates":[121.45339,24.99292]}},{"type":"Feature","properties":{"id":"osm:node:11449094950","name":"忠孝國中地下停車場","category":"bicycle_rental","nameEn":"Zhongxiao Junior High School Parking Lot","brand":"YouBike 2.0","opening_hours":"24/7"},"geometry":{"type":"Point","coordinates":[121.46241,25.00378]}},{"type":"Feature","properties":{"id":"osm:node:11449094951","name":"介壽街/文化路一段188巷9弄口","category":"bicycle_rental","nameEn":"Jieshou Rd. & Aly.9, Ln.188, Sec.1, Wenhua Rd. Intersection","brand":"YouBike 2.0","opening_hours":"24/7"},"geometry":{"type":"Point","coordinates":[121.46856,25.01979]}},{"type":"Feature","properties":{"id":"osm:node:11449094952","name":"環河西華江六路口(翠亨村社區)","category":"bicycle_rental","nameEn":"Huanhe W. Rd. & Huajiang 6th Rd. Intersection","brand":"YouBike 2.0","opening_hours":"24/7"},"geometry":{"type":"Point","coordinates":[121.4709,25.03609]}},{"type":"Feature","properties":{"id":"osm:node:11449094953","name":"懷石公園","category":"bicycle_rental","nameEn":"Huaishi Park","brand":"YouBike 2.0","opening_hours":"24/7"},"geometry":{"type":"Point","coordinates":[121.48137,25.03114]}},{"type":"Feature","properties":{"id":"osm:node:11449094954","name":"大觀段平面停車場","category":"bicycle_rental","nameEn":"Da-guan-duan Parking Lot","brand":"YouBike 2.0","opening_hours":"24/7"},"geometry":{"type":"Point","coordinates":[121.45064,25.005]}},{"type":"Feature","properties":{"id":"osm:node:11449094955","name":"板橋435藝文特區(環河西路)","category":"bicycle_rental","nameEn":"中正路435號(環河西路側)","brand":"YouBike 2.0","opening_hours":"24/7"},"geometry":{"type":"Point","coordinates":[121.4506,25.02473]}},{"type":"Feature","properties":{"id":"osm:node:11449094956","name":"文聖國小(松柏街50巷)","category":"bicycle_rental","nameEn":"Wensheng Elementary School (Ln.50, Songbo St.)","brand":"YouBike 2.0","opening_hours":"24/7"},"geometry":{"type":"Point","coordinates":[121.47611,25.02929]}},{"type":"Feature","properties":{"id":"osm:node:11449094957","name":"中山路二段90巷","category":"bicycle_rental","nameEn":"Ln.90, Zhongshan Rd.","brand":"YouBike 2.0","opening_hours":"24/7"},"geometry":{"type":"Point","coordinates":[121.47523,25.01634]}},{"type":"Feature","properties":{"id":"osm:node:11449094958","name":"聖若望平面停車場","category":"bicycle_rental","nameEn":"St. John Parking Lot","brand":"YouBike 2.0","opening_hours":"24/7"},"geometry":{"type":"Point","coordinates":[121.45188,25.01068]}},{"type":"Feature","properties":{"id":"osm:node:11449094959","name":"湳雅夜市停車場","category":"bicycle_rental","nameEn":"Nanya Night Market Parking Lot","brand":"YouBike 2.0","opening_hours":"24/7"},"geometry":{"type":"Point","coordinates":[121.45345,25.00557]}},{"type":"Feature","properties":{"id":"osm:node:11449094960","name":"華江公園","category":"bicycle_rental","nameEn":"Huajiang Park","brand":"YouBike 2.0","opening_hours":"24/7"},"geometry":{"type":"Point","coordinates":[121.47099,25.01946]}},{"type":"Feature","properties":{"id":"osm:node:11449094961","name":"八德公園","category":"bicycle_rental","nameEn":"Bade Park","brand":"YouBike 2.0","opening_hours":"24/7"},"geometry":{"type":"Point","coordinates":[121.47482,25.02378]}},{"type":"Feature","properties":{"id":"osm:node:11449094962","name":"縣民大道三段270巷口","category":"bicycle_rental","nameEn":"Ln. 270, Sec. 3, Xianmin Blvd. Intersection","brand":"YouBike 2.0","opening_hours":"24/7"},"geometry":{"type":"Point","coordinates":[121.47835,25.02323]}},{"type":"Feature","properties":{"id":"osm:node:11449094963","name":"新海抽水站停車場","category":"bicycle_rental","nameEn":"Xinhai Pumping Station Parking Lot","brand":"YouBike 2.0","opening_hours":"24/7"},"geometry":{"type":"Point","coordinates":[121.45537,25.02776]}},{"type":"Feature","properties":{"id":"osm:node:11449094964","name":"萬板高架橋下停車場","category":"bicycle_rental","nameEn":"Wanban Parking Lot","brand":"YouBike 2.0","opening_hours":"24/7"},"geometry":{"type":"Point","coordinates":[121.48183,25.02729]}},{"type":"Feature","properties":{"id":"osm:node:11449094965","name":"玫瑰公園","category":"bicycle_rental","nameEn":"Meigui Park","brand":"YouBike 2.0","opening_hours":"24/7"},"geometry":{"type":"Point","coordinates":[121.45544,25.02373]}},{"type":"Feature","properties":{"id":"osm:node:11449094966","name":"湳仔二橋","category":"bicycle_rental","nameEn":"Nanzai Second Bridge","brand":"YouBike 2.0","opening_hours":"24/7"},"geometry":{"type":"Point","coordinates":[121.45192,25.00118]}},{"type":"Feature","properties":{"id":"osm:node:11449094967","name":"板橋435藝文特區","category":"bicycle_rental","nameEn":"Banqiao 435 Art Zone","brand":"YouBike 2.0","opening_hours":"24/7","wheelchair":"yes"},"geometry":{"type":"Point","coordinates":[121.45269,25.02396]}},{"type":"Feature","properties":{"id":"osm:node:11449094968","name":"板橋車站(新站路)","category":"bicycle_rental","nameEn":"Banqiao Station (Xinzhan Rd)","brand":"YouBike 2.0","opening_hours":"24/7"},"geometry":{"type":"Point","coordinates":[121.46438,25.01529]}},{"type":"Feature","properties":{"id":"osm:node:11449094969","name":"中山路二段416巷38弄口","category":"bicycle_rental","nameEn":"Aly. 38, Ln. 416, Sec. 2, Zhongshan Rd.ntersection","brand":"YouBike 2.0","opening_hours":"24/7"},"geometry":{"type":"Point","coordinates":[121.48153,25.01936]}},{"type":"Feature","properties":{"id":"osm:node:11449094971","name":"府中立體停車場","category":"bicycle_rental","nameEn":"Fuzhong Parking Lot","brand":"YouBike 2.0","opening_hours":"24/7"},"geometry":{"type":"Point","coordinates":[121.45436,25.00979]}},{"type":"Feature","properties":{"id":"osm:node:11449094972","name":"長安街251巷","category":"bicycle_rental","nameEn":"Ln. 251, Chang'an St.","brand":"YouBike 2.0","opening_hours":"24/7"},"geometry":{"type":"Point","coordinates":[121.47236,25.01063]}},{"type":"Feature","properties":{"id":"osm:node:11449094973","name":"縣民觀光街口","category":"bicycle_rental","nameEn":"Xianmin Guanguang St. Intersection","brand":"YouBike 2.0","opening_hours":"24/7"},"geometry":{"type":"Point","coordinates":[121.4692,25.01702]}},{"type":"Feature","properties":{"id":"osm:node:11449094974","name":"縣民民生路口","category":"bicycle_rental","nameEn":"Xianmin Minsheng Rd. Intersection","brand":"YouBike 2.0","opening_hours":"24/7"},"geometry":{"type":"Point","coordinates":[121.47072,25.01836]}},{"type":"Feature","properties":{"id":"osm:node:11449094976","name":"三民永豐街口","category":"bicycle_rental","nameEn":"Sanmin Yongfeng St. Intersection","brand":"YouBike 2.0","opening_hours":"24/7"},"geometry":{"type":"Point","coordinates":[121.47917,25.02104]}},{"type":"Feature","properties":{"id":"osm:node:11449094980","name":"縣民漢生東路口(西北側)","category":"bicycle_rental","nameEn":"Xianmin Hansheng Rd. Intersection(Northwest)","brand":"YouBike 2.0","opening_hours":"24/7"},"geometry":{"type":"Point","coordinates":[121.46624,25.01531]}},{"type":"Feature","properties":{"id":"osm:node:11449094984","name":"捷運江子翠站(4號出口)","category":"bicycle_rental","nameEn":"MRT Jiangzicui Sta.(Exit 4)","brand":"YouBike 2.0","opening_hours":"24/7"},"geometry":{"type":"Point","coordinates":[121.47307,25.02946]}},{"type":"Feature","properties":{"id":"osm:node:11449094985","name":"捷運江子翠站(2號出口)","category":"bicycle_rental","nameEn":"MRT Jiangzicui Sta.(Exit 2)","brand":"YouBike 2.0","opening_hours":"24/7"},"geometry":{"type":"Point","coordinates":[121.472,25.02999]}},{"type":"Feature","properties":{"id":"osm:node:11449094986","name":"捷運江子翠站(1號出口)","category":"bicycle_rental","nameEn":"MRT Jiangzicui Sta.(Exit 1)","brand":"YouBike 2.0","opening_hours":"24/7"},"geometry":{"type":"Point","coordinates":[121.47162,25.03043]}},{"type":"Feature","properties":{"id":"osm:node:11449094987","name":"捷運江子翠站(6號出口)","category":"bicycle_rental","nameEn":"MRT Jiangzicui Sta.(Exit 6)","brand":"YouBike 2.0","opening_hours":"24/7"},"geometry":{"type":"Point","coordinates":[121.47314,25.03106]}},{"type":"Feature","properties":{"id":"osm:node:11449094988","name":"松柏街15巷口","category":"bicycle_rental","nameEn":"Ln. 15, Songbo St.","brand":"YouBike 2.0","opening_hours":"24/7"},"geometry":{"type":"Point","coordinates":[121.4742,25.0296]}},{"type":"Feature","properties":{"id":"osm:node:11449094989","name":"稚匯公園(華江三路)","category":"bicycle_rental","nameEn":"Zhihui Park(Huajiang 3rd Rd.)","brand":"YouBike 2.0","opening_hours":"24/7"},"geometry":{"type":"Point","coordinates":[121.47255,25.03562]}},{"type":"Feature","properties":{"id":"osm:node:11449094990","name":"中正路145巷口","category":"bicycle_rental","nameEn":"Ln.145, Zhongzheng Rd.","brand":"YouBike 2.0","opening_hours":"24/7"},"geometry":{"type":"Point","coordinates":[121.456586,25.015876]}},{"type":"Feature","properties":{"id":"osm:node:11449094991","name":"華江一華江二路口(江匯Life社區)","category":"bicycle_rental","nameEn":"Huajiang 1st Huajiang 2nd Rd. Intersection","brand":"YouBike 2.0","opening_hours":"24/7"},"geometry":{"type":"Point","coordinates":[121.47656,25.03588]}},{"type":"Feature","properties":{"id":"osm:node:11449094992","name":"捷運府中站(3號出口)","category":"bicycle_rental","nameEn":"MRT Fuzhong Sta.(Exit.3)","brand":"YouBike 2.0","opening_hours":"24/7","wheelchair":"yes"},"geometry":{"type":"Point","coordinates":[121.459,25.009]}},{"type":"Feature","properties":{"id":"osm:node:11449094993","name":"漢生東路193巷口","category":"bicycle_rental","nameEn":"Ln. 193, Hansheng E. Rd. Intersection","brand":"YouBike 2.0","opening_hours":"24/7"},"geometry":{"type":"Point","coordinates":[121.47128,25.01225]}},{"type":"Feature","properties":{"id":"osm:node:11449095029","name":"水返腳公園","category":"bicycle_rental","nameEn":"Shuifanjiao Park","brand":"YouBike 2.0","opening_hours":"24/7"},"geometry":{"type":"Point","coordinates":[121.65901,25.06813]}},{"type":"Feature","properties":{"id":"osm:node:11449095031","name":"汐止區農會附設老人活動中心","category":"bicycle_rental","nameEn":"The Elderly Activity Center attached to Xizhi District Farmers Association","brand":"YouBike 2.0","opening_hours":"06:00-18:00"},"geometry":{"type":"Point","coordinates":[121.64241,25.09705]}},{"type":"Feature","properties":{"id":"osm:node:11449095032","name":"秀峰國小(仁愛路106巷)","category":"bicycle_rental","nameEn":"Xiufeng Elementary School (Ln. 106, Ren'ai Rd.)","brand":"YouBike 2.0","opening_hours":"24/7"},"geometry":{"type":"Point","coordinates":[121.66294,25.06266]}},{"type":"Feature","properties":{"id":"osm:node:11449095033","name":"樟樹國小(樟樹一路145巷口)","category":"bicycle_rental","nameEn":"Zhangshu Elementary School (Ln.145, Zhangshu 1st Rd.)","brand":"YouBike 2.0","opening_hours":"24/7"},"geometry":{"type":"Point","coordinates":[121.6424,25.06735]}},{"type":"Feature","properties":{"id":"osm:node:11449095034","name":"汐止國民運動中心游泳池(忠孝東路)","category":"bicycle_rental","nameEn":"Xizhi Civil Activity Center Swimming Pool (Zhongxiao E. Rd.)","brand":"YouBike 2.0","opening_hours":"24/7"},"geometry":{"type":"Point","coordinates":[121.65726,25.06416]}},{"type":"Feature","properties":{"id":"osm:node:11449095035","name":"建成段平面停車場","category":"bicycle_rental","nameEn":"Jianchengduan Parking Lot","brand":"YouBike 2.0","opening_hours":"24/7"},"geometry":{"type":"Point","coordinates":[121.66542,25.07336]}},{"type":"Feature","properties":{"id":"osm:node:11449095036","name":"五堵橋下籃球場","category":"bicycle_rental","nameEn":"Wudu bridge Basketball court","brand":"YouBike 2.0","opening_hours":"24/7"},"geometry":{"type":"Point","coordinates":[121.66558,25.07553]}},{"type":"Feature","properties":{"id":"osm:node:11449095037","name":"春之霖社區","category":"bicycle_rental","nameEn":"Chunzhilin Community","brand":"YouBike 2.0","opening_hours":"24/7"},"geometry":{"type":"Point","coordinates":[121.6625,25.0794]}},{"type":"Feature","properties":{"id":"osm:node:11449095039","name":"大同建成路口","category":"bicycle_rental","nameEn":"DatongJiancheng Rd. Intersection","brand":"YouBike 2.0","opening_hours":"24/7"},"geometry":{"type":"Point","coordinates":[121.66558,25.07258]}},{"type":"Feature","properties":{"id":"osm:node:11449095040","name":"五堵車站(長安路)","category":"bicycle_rental","nameEn":"Wudu Sta.(Chang'an Rd.)","brand":"YouBike 2.0","opening_hours":"24/7"},"geometry":{"type":"Point","coordinates":[121.66821,25.07813]}},{"type":"Feature","properties":{"id":"osm:node:11449095042","name":"中興工建路口","category":"bicycle_rental","nameEn":"Zhongxing Gongjian Rd. Intersection","brand":"YouBike 2.0","opening_hours":"24/7"},"geometry":{"type":"Point","coordinates":[121.63535,25.06128]}},{"type":"Feature","properties":{"id":"osm:node:11449095043","name":"福德二路19巷口","category":"bicycle_rental","nameEn":"Ln. 19, Fude 2nd Rd. Intersection","brand":"YouBike 2.0","opening_hours":"24/7"},"geometry":{"type":"Point","coordinates":[121.63533,25.06841]}},{"type":"Feature","properties":{"id":"osm:node:11449095044","name":"建成路142巷口","category":"bicycle_rental","nameEn":"Ln. 142, Jiancheng Rd. Intersection","brand":"YouBike 2.0","opening_hours":"24/7"},"geometry":{"type":"Point","coordinates":[121.66255,25.07335]}},{"type":"Feature","properties":{"id":"osm:node:11449095045","name":"中興福德三路口","category":"bicycle_rental","nameEn":"Zhongxing Fude 3rd Rd. Intersection","brand":"YouBike 2.0","opening_hours":"24/7"},"geometry":{"type":"Point","coordinates":[121.63077,25.06641]}},{"type":"Feature","properties":{"id":"osm:node:11449095046","name":"汐止國民運動中心","category":"bicycle_rental","nameEn":"Xizhi Civil Sports Center","brand":"YouBike 2.0","opening_hours":"24/7"},"geometry":{"type":"Point","coordinates":[121.65693,25.06538]}},{"type":"Feature","properties":{"id":"osm:node:11449095047","name":"台練橋","category":"bicycle_rental","nameEn":"Tailian Bridge","brand":"YouBike 2.0","opening_hours":"24/7"},"geometry":{"type":"Point","coordinates":[121.6627,25.07201]}},{"type":"Feature","properties":{"id":"osm:node:11449095048","name":"樟江大橋","category":"bicycle_rental","nameEn":"Zhangjiang Bridge","brand":"YouBike 2.0","opening_hours":"24/7"},"geometry":{"type":"Point","coordinates":[121.64481,25.07578]}},{"type":"Feature","properties":{"id":"osm:node:11449095049","name":"啟德橋(招商街)","category":"bicycle_rental","nameEn":"Qide Bridge","brand":"YouBike 2.0","opening_hours":"24/7"},"geometry":{"type":"Point","coordinates":[121.66801,25.06786]}},{"type":"Feature","properties":{"id":"osm:node:11449095052","name":"淡蘭吊橋","category":"bicycle_rental","nameEn":"Dan Lan Suspension Bridge","brand":"YouBike 2.0","opening_hours":"06:00-18:00"},"geometry":{"type":"Point","coordinates":[121.65159,25.0057]}},{"type":"Feature","properties":{"id":"osm:node:11449095053","name":"烏塗窟聚福宮","category":"bicycle_rental","nameEn":"Wutu Grottoes Jufu Temple","brand":"YouBike 2.0","opening_hours":"06:00-18:00"},"geometry":{"type":"Point","coordinates":[121.6562,24.97551]}},{"type":"Feature","properties":{"id":"osm:node:11449095054","name":"保平路268巷","category":"bicycle_rental","nameEn":"Ln. 268, Baoping Rd.","brand":"YouBike 2.0","opening_hours":"24/7"},"geometry":{"type":"Point","coordinates":[121.50857,25.00532]}},{"type":"Feature","properties":{"id":"osm:node:11449095055","name":"環河西路二段217巷口","category":"bicycle_rental","nameEn":"Ln. 217, Sec. 2, Huanhe W. Rd. Intersection","brand":"YouBike 2.0","opening_hours":"24/7"},"geometry":{"type":"Point","coordinates":[121.50109,25.01016]}},{"type":"Feature","properties":{"id":"osm:node:11449095056","name":"中正路465巷","category":"bicycle_rental","nameEn":"Ln.465, Zhongzheng Rd.","brand":"YouBike 2.0","opening_hours":"24/7"},"geometry":{"type":"Point","coordinates":[121.51591,25.00587]}},{"type":"Feature","properties":{"id":"osm:node:11449095057","name":"雙和公園","category":"bicycle_rental","nameEn":"Shuanghe Park","brand":"YouBike 2.0","opening_hours":"24/7"},"geometry":{"type":"Point","coordinates":[121.50883,25.00229]}},{"type":"Feature","properties":{"id":"osm:node:11449095058","name":"中信停車場(中興街)","category":"bicycle_rental","nameEn":"Zhongxin Parking Lot(Zhongxing St.)","brand":"YouBike 2.0","opening_hours":"24/7"},"geometry":{"type":"Point","coordinates":[121.51864,25.01228]}},{"type":"Feature","properties":{"id":"osm:node:11449095059","name":"中山路一段17巷口","category":"bicycle_rental","nameEn":"Ln. 17, Sec. 1, Zhongshan Rd.Intersection","brand":"YouBike 2.0","opening_hours":"24/7"},"geometry":{"type":"Point","coordinates":[121.51375,25.01039]}},{"type":"Feature","properties":{"id":"osm:node:11449095060","name":"頂溪國小地下停車場","category":"bicycle_rental","nameEn":"Dingxi Elementary School Parking","brand":"YouBike 2.0","opening_hours":"24/7"},"geometry":{"type":"Point","coordinates":[121.51057,25.01452]}},{"type":"Feature","properties":{"id":"osm:node:11449095061","name":"捷運頂溪站(中興街)","category":"bicycle_rental","nameEn":"MRT Dingxi Sta.(Zhongxing St.)","brand":"YouBike 2.0","opening_hours":"24/7"},"geometry":{"type":"Point","coordinates":[121.51526,25.01223]}},{"type":"Feature","properties":{"id":"osm:node:11449095062","name":"捷運頂溪站(復興街1巷)","category":"bicycle_rental","nameEn":"MRT Dingxi Sta.(Ln. 1, Fuxing St.)","brand":"YouBike 2.0","opening_hours":"24/7"},"geometry":{"type":"Point","coordinates":[121.51544,25.0131]}},{"type":"Feature","properties":{"id":"osm:node:11449095063","name":"仁愛路40巷口","category":"bicycle_rental","nameEn":"Ln. 40, Ren'ai Rd. Intersection","brand":"YouBike 2.0","opening_hours":"24/7"},"geometry":{"type":"Point","coordinates":[121.51416,25.01346]}},{"type":"Feature","properties":{"id":"osm:node:11449095064","name":"中正橋(環河西路一段)","category":"bicycle_rental","nameEn":"Zhongzheng Birdge(Sec. 1, Huanhe W. Rd.)","brand":"YouBike 2.0","opening_hours":"24/7"},"geometry":{"type":"Point","coordinates":[121.51553,25.01803]}},{"type":"Feature","properties":{"id":"osm:node:11449095065","name":"中興路二段37巷口","category":"bicycle_rental","nameEn":"Ln. 37, Sec. 2, Zhongxing Rd.","brand":"YouBike 2.0","opening_hours":"24/7"},"geometry":{"type":"Point","coordinates":[121.4624,25.0754]}},{"type":"Feature","properties":{"id":"osm:node:11449095070","name":"中興街180巷口","category":"bicycle_rental","nameEn":"Ln. 180, Zhongxing St. Intersection","brand":"YouBike 2.0","opening_hours":"24/7"},"geometry":{"type":"Point","coordinates":[121.49985,24.99098]}},{"type":"Feature","properties":{"id":"osm:node:11449095071","name":"景平橋和路口","category":"bicycle_rental","nameEn":"Jingping Rd. & Qiaohe Rd. Intersection","brand":"YouBike 2.0","opening_hours":"24/7"},"geometry":{"type":"Point","coordinates":[121.49479,25.00672]}},{"type":"Feature","properties":{"id":"osm:node:11449095072","name":"秀朗路三段10巷12弄","category":"bicycle_rental","nameEn":"I1191 Aly.12, Ln,10, Sec.3, Xiulang Rd.","brand":"YouBike 2.0","opening_hours":"24/7"},"geometry":{"type":"Point","coordinates":[121.52567,24.99719]}},{"type":"Feature","properties":{"id":"osm:node:11449095073","name":"景新立體停車場","category":"bicycle_rental","nameEn":"Jingxin Parking Lot","brand":"YouBike 2.0","opening_hours":"24/7"},"geometry":{"type":"Point","coordinates":[121.51301,24.98985]}},{"type":"Feature","properties":{"id":"osm:node:11449095074","name":"佳和公園(中山路二段64巷5弄)","category":"bicycle_rental","nameEn":"Jiahe Park (Aly.5, Ln.64, Sec.2, Zhongshan Rd.)","brand":"YouBike 2.0","opening_hours":"24/7"},"geometry":{"type":"Point","coordinates":[121.50186,25.00435]}},{"type":"Feature","properties":{"id":"osm:node:11449095075","name":"水源路29巷/光華街口","category":"bicycle_rental","nameEn":"Ln.29, Shuiyuan Rd. & Guanghua St. Intersection","brand":"YouBike 2.0","opening_hours":"24/7"},"geometry":{"type":"Point","coordinates":[121.50429,25.00414]}},{"type":"Feature","properties":{"id":"osm:node:11449095076","name":"佳和公園(中山路二段64巷7弄)","category":"bicycle_rental","nameEn":"Jiahe Park (Aly.7, Ln.64, Sec.2, Zhongshan Rd.)","brand":"YouBike 2.0","opening_hours":"24/7"},"geometry":{"type":"Point","coordinates":[121.50358,25.00492]}},{"type":"Feature","properties":{"id":"osm:node:11449095077","name":"民樂停車場","category":"bicycle_rental","nameEn":"Minle Parking Lot","brand":"YouBike 2.0","opening_hours":"24/7"},"geometry":{"type":"Point","coordinates":[121.48391,25.00134]}},{"type":"Feature","properties":{"id":"osm:node:11449095078","name":"和城停車場","category":"bicycle_rental","nameEn":"Hecheng Parking Lot","brand":"YouBike 2.0","opening_hours":"24/7"},"geometry":{"type":"Point","coordinates":[121.48917,24.99404]}},{"type":"Feature","properties":{"id":"osm:node:11449095079","name":"員山路36巷口","category":"bicycle_rental","nameEn":"Ln. 36, Yuanshan Rd. Intersection","brand":"YouBike 2.0","opening_hours":"24/7"},"geometry":{"type":"Point","coordinates":[121.48211,24.9908]}},{"type":"Feature","properties":{"id":"osm:node:11449095080","name":"遠東世紀廣場C棟","category":"bicycle_rental","nameEn":"FarEast Century Park Building C","brand":"YouBike 2.0","opening_hours":"24/7","wheelchair":"yes"},"geometry":{"type":"Point","coordinates":[121.48645,24.99853]}},{"type":"Feature","properties":{"id":"osm:node:11449095081","name":"審計人員訓練大樓","category":"bicycle_rental","nameEn":"Auditor Training Building","brand":"YouBike 2.0","opening_hours":"24/7"},"geometry":{"type":"Point","coordinates":[121.50956,24.98184]}},{"type":"Feature","properties":{"id":"osm:node:11449095082","name":"建六中正路口","category":"bicycle_rental","nameEn":"Jian 6th. & Zhongzheng Intersection","brand":"YouBike 2.0","opening_hours":"24/7"},"geometry":{"type":"Point","coordinates":[121.48526,25.00223]}},{"type":"Feature","properties":{"id":"osm:node:11449095083","name":"中原抽水站","category":"bicycle_rental","nameEn":"Zhongyuan Pumping Station","brand":"YouBike 2.0","opening_hours":"24/7"},"geometry":{"type":"Point","coordinates":[121.48968,25.00985]}},{"type":"Feature","properties":{"id":"osm:node:11449095084","name":"板南立言街口","category":"bicycle_rental","nameEn":"Ban'nanLiyan St. Intersection","brand":"YouBike 2.0","opening_hours":"24/7"},"geometry":{"type":"Point","coordinates":[121.48791,25.00655]}},{"type":"Feature","properties":{"id":"osm:node:11449095085","name":"中山橋安街口","category":"bicycle_rental","nameEn":"Zhongshan & Qiao'an Intersection","brand":"YouBike 2.0","opening_hours":"24/7"},"geometry":{"type":"Point","coordinates":[121.49253,25.00274]}},{"type":"Feature","properties":{"id":"osm:node:11449095086","name":"嘉穗公園","category":"bicycle_rental","nameEn":"Jiasui Park","brand":"YouBike 2.0","opening_hours":"24/7"},"geometry":{"type":"Point","coordinates":[121.4784,24.99566]}},{"type":"Feature","properties":{"id":"osm:node:11449095087","name":"興南路二段231巷口","category":"bicycle_rental","nameEn":"Ln. 231, Sec. 2, Xingnan Rd. Intersection","brand":"YouBike 2.0","opening_hours":"24/7"},"geometry":{"type":"Point","coordinates":[121.5035,24.98229]}},{"type":"Feature","properties":{"id":"osm:node:11449095088","name":"國光街圓環小公園","category":"bicycle_rental","nameEn":"Guoguang St. Circle Park","brand":"YouBike 2.0","opening_hours":"24/7"},"geometry":{"type":"Point","coordinates":[121.46987,25.00135]}},{"type":"Feature","properties":{"id":"osm:node:11449095089","name":"飛駝二村","category":"bicycle_rental","nameEn":"Feituo 2nd Village","brand":"YouBike 2.0","opening_hours":"24/7"},"geometry":{"type":"Point","coordinates":[121.51138,24.9836]}},{"type":"Feature","properties":{"id":"osm:node:11449095090","name":"中原五街口","category":"bicycle_rental","nameEn":"Zhongyuan 5th St. Intersection","brand":"YouBike 2.0","opening_hours":"24/7"},"geometry":{"type":"Point","coordinates":[121.48603,25.01086]}},{"type":"Feature","properties":{"id":"osm:node:11449095091","name":"中原中板路口","category":"bicycle_rental","nameEn":"Zhongyuan Zhongban Rd. Imtersection","brand":"YouBike 2.0","opening_hours":"24/7"},"geometry":{"type":"Point","coordinates":[121.48521,25.01169]}},{"type":"Feature","properties":{"id":"osm:node:11449095092","name":"華夏科技大學(華新街)","category":"bicycle_rental","nameEn":"Hwa Hsia University of Technology(Huaxin St.)","brand":"YouBike 2.0","opening_hours":"24/7"},"geometry":{"type":"Point","coordinates":[121.50785,24.98247]}},{"type":"Feature","properties":{"id":"osm:node:11449095093","name":"華新街143巷","category":"bicycle_rental","nameEn":"Ln. 143, Huaxin St.","brand":"YouBike 2.0","opening_hours":"24/7"},"geometry":{"type":"Point","coordinates":[121.50632,24.97942]}},{"type":"Feature","properties":{"id":"osm:node:11449095094","name":"捷運景平站(景平路278巷口)","category":"bicycle_rental","nameEn":"MRT Jingping Sta.(Ln. 278, Jingping Rd. Intersection)","brand":"YouBike 2.0","opening_hours":"24/7"},"geometry":{"type":"Point","coordinates":[121.51513,24.99244]}},{"type":"Feature","properties":{"id":"osm:node:11449095095","name":"碧河里公園(建康路)","category":"bicycle_rental","nameEn":"Bihe Village Park(Jiankang Rd.)","brand":"YouBike 2.0","opening_hours":"24/7"},"geometry":{"type":"Point","coordinates":[121.49171,25.00013]}},{"type":"Feature","properties":{"id":"osm:node:11449095096","name":"台灣電力公司中和服務所","category":"bicycle_rental","nameEn":"Taipower Zhonghe Service Center","brand":"YouBike 2.0","opening_hours":"24/7"},"geometry":{"type":"Point","coordinates":[121.50683,24.99149]}},{"type":"Feature","properties":{"id":"osm:node:11449095097","name":"中和公園(秀安街口)","category":"bicycle_rental","nameEn":"Zhonghe Park(Xiu'an St. Intersection)","brand":"YouBike 2.0","opening_hours":"24/7"},"geometry":{"type":"Point","coordinates":[121.51498,25.00218]}},{"type":"Feature","properties":{"id":"osm:node:11449095098","name":"華福公園","category":"bicycle_rental","nameEn":"Huafu Park","brand":"YouBike 2.0","opening_hours":"24/7"},"geometry":{"type":"Point","coordinates":[121.46529,24.99728]}},{"type":"Feature","properties":{"id":"osm:node:11449095099","name":"金城峯廷街口","category":"bicycle_rental","nameEn":"Jincheng Rd. & Fengting St. Intersection","brand":"YouBike 2.0","opening_hours":"24/7"},"geometry":{"type":"Point","coordinates":[121.46864,24.98814]}},{"type":"Feature","properties":{"id":"osm:node:11449095103","name":"金城路三段156號前","category":"bicycle_rental","nameEn":"No. 156, Sec. 3, Jincheng Rd.","brand":"YouBike 2.0","opening_hours":"24/7"},"geometry":{"type":"Point","coordinates":[121.46708,24.98728]}},{"type":"Feature","properties":{"id":"osm:node:11449095107","name":"明德平面停車場","category":"bicycle_rental","nameEn":"Mingde Parking Lot","brand":"YouBike 2.0","opening_hours":"24/7"},"geometry":{"type":"Point","coordinates":[121.46628,24.98403]}},{"type":"Feature","properties":{"id":"osm:node:11449095108","name":"延和廣場","category":"bicycle_rental","nameEn":"Yenhe Square","brand":"YouBike 2.0","opening_hours":"24/7"},"geometry":{"type":"Point","coordinates":[121.46415,24.98704]}},{"type":"Feature","properties":{"id":"osm:node:11449095111","name":"學士龍山二街口(金城舞2社區)","category":"bicycle_rental","nameEn":"Xueshi & Longshan 2nd Street Intersection","brand":"YouBike 2.0","opening_hours":"24/7"},"geometry":{"type":"Point","coordinates":[121.45049,24.97991]}},{"type":"Feature","properties":{"id":"osm:node:11449095115","name":"青雲路434巷口","category":"bicycle_rental","nameEn":"Ln. 434, Qingyun Rd. Intersection","brand":"YouBike 2.0","opening_hours":"24/7"},"geometry":{"type":"Point","coordinates":[121.45915,24.97193]}},{"type":"Feature","properties":{"id":"osm:node:11449095121","name":"金城路三段52巷","category":"bicycle_rental","nameEn":"Ln. 52, Sec. 3, Jincheng Rd.","brand":"YouBike 2.0","opening_hours":"24/7"},"geometry":{"type":"Point","coordinates":[121.46609,24.98635]}},{"type":"Feature","properties":{"id":"osm:node:11449095123","name":"金城龍山二街口","category":"bicycle_rental","nameEn":"Jincheng Longshan 2nd St. Intersection","brand":"YouBike 2.0","opening_hours":"24/7"},"geometry":{"type":"Point","coordinates":[121.45096,24.97881]}},{"type":"Feature","properties":{"id":"osm:node:11449095158","name":"仁義街26巷","category":"bicycle_rental","nameEn":"Ln. 26, Renyi St.","brand":"YouBike 2.0","opening_hours":"24/7"},"geometry":{"type":"Point","coordinates":[121.49811,25.0774]}},{"type":"Feature","properties":{"id":"osm:node:11449095159","name":"自強臨時平面停車場","category":"bicycle_rental","nameEn":"Ziqiang Parking Lot","brand":"YouBike 2.0","opening_hours":"24/7"},"geometry":{"type":"Point","coordinates":[121.49515,25.08229]}},{"type":"Feature","properties":{"id":"osm:node:11449095160","name":"興德路134號(前)","category":"bicycle_rental","nameEn":"No. 134, Xingde Rd.","brand":"YouBike 2.0","opening_hours":"24/7"},"geometry":{"type":"Point","coordinates":[121.47102,25.05287]}},{"type":"Feature","properties":{"id":"osm:node:11449095161","name":"溪尾街(國道橋下)","category":"bicycle_rental","nameEn":"Xiwei St. (Under Freeway)","brand":"YouBike 2.0","opening_hours":"24/7"},"geometry":{"type":"Point","coordinates":[121.49151,25.07486]}},{"type":"Feature","properties":{"id":"osm:node:11449095162","name":"碧華國中(三賢街)","category":"bicycle_rental","nameEn":"Bi-Hua Junior High School (Sanxian St.)","brand":"YouBike 2.0","opening_hours":"24/7"},"geometry":{"type":"Point","coordinates":[121.48832,25.08861]}},{"type":"Feature","properties":{"id":"osm:node:11449095163","name":"龍濱公園","category":"bicycle_rental","nameEn":"Longbin Park","brand":"YouBike 2.0","opening_hours":"24/7"},"geometry":{"type":"Point","coordinates":[121.50218,25.07298]}},{"type":"Feature","properties":{"id":"osm:node:11449095164","name":"永德市民活動中心","category":"bicycle_rental","nameEn":"Yongde Civil Activity Center","brand":"YouBike 2.0","opening_hours":"24/7"},"geometry":{"type":"Point","coordinates":[121.48842,25.07285]}},{"type":"Feature","properties":{"id":"osm:node:11449095165","name":"德厚公園","category":"bicycle_rental","nameEn":"Dehou Park","brand":"YouBike 2.0","opening_hours":"24/7"},"geometry":{"type":"Point","coordinates":[121.47809,25.04883]}},{"type":"Feature","properties":{"id":"osm:node:11449095166","name":"仁愛街422巷口","category":"bicycle_rental","nameEn":"Ln.422, Ren'ai St.","brand":"YouBike 2.0","opening_hours":"24/7"},"geometry":{"type":"Point","coordinates":[121.49026,25.08153]}},{"type":"Feature","properties":{"id":"osm:node:11449095167","name":"國道車路頭街口","category":"bicycle_rental","nameEn":"Guodao Rd. & Chelutou St. Intersection","brand":"YouBike 2.0","opening_hours":"24/7"},"geometry":{"type":"Point","coordinates":[121.48424,25.07307]}},{"type":"Feature","properties":{"id":"osm:node:11449095168","name":"三重區停八停車場","category":"bicycle_rental","nameEn":"Parking Lot No.8, Sanchong","brand":"YouBike 2.0","opening_hours":"24/7"},"geometry":{"type":"Point","coordinates":[121.47621,25.05365]}},{"type":"Feature","properties":{"id":"osm:node:11449095169","name":"興穀國小","category":"bicycle_rental","nameEn":"Xinggu Elementary School","brand":"YouBike 2.0","opening_hours":"24/7"},"geometry":{"type":"Point","coordinates":[121.47421,25.04937]}},{"type":"Feature","properties":{"id":"osm:node:11449095170","name":"中正北路25巷(交響院社區)","category":"bicycle_rental","nameEn":"Ln.25, Zhongzheng Rd.","brand":"YouBike 2.0","opening_hours":"24/7"},"geometry":{"type":"Point","coordinates":[121.49185,25.06318]}},{"type":"Feature","properties":{"id":"osm:node:11449095171","name":"仁信段平面停車場","category":"bicycle_rental","nameEn":"Renxin Parking Lot","brand":"YouBike 2.0","opening_hours":"24/7"},"geometry":{"type":"Point","coordinates":[121.49629,25.07914]}},{"type":"Feature","properties":{"id":"osm:node:11449095172","name":"群光公園","category":"bicycle_rental","nameEn":"Qunguang Park","brand":"YouBike 2.0","opening_hours":"24/7"},"geometry":{"type":"Point","coordinates":[121.47404,25.05604]}},{"type":"Feature","properties":{"id":"osm:node:11449095173","name":"正義國小地下停車場","category":"bicycle_rental","nameEn":"No. 22, Dazhi St.(Opposite)","brand":"YouBike 2.0","opening_hours":"24/7"},"geometry":{"type":"Point","coordinates":[121.49491,25.06492]}},{"type":"Feature","properties":{"id":"osm:node:11449095174","name":"神農興德路口(恆美社區)","category":"bicycle_rental","nameEn":"Shennong St. & Xingde Rd. Intersection","brand":"YouBike 2.0","opening_hours":"24/7"},"geometry":{"type":"Point","coordinates":[121.47427,25.05333]}},{"type":"Feature","properties":{"id":"osm:node:11449095175","name":"光榮國中(秀江街)","category":"bicycle_rental","nameEn":"Guangrong Junior High School(Xiujiang St.)","brand":"YouBike 2.0","opening_hours":"24/7"},"geometry":{"type":"Point","coordinates":[121.49994,25.07221]}},{"type":"Feature","properties":{"id":"osm:node:11449095176","name":"神農街/光復路二段129巷口","category":"bicycle_rental","nameEn":"Shennong St. & Ln. 129, Sec. 2, Guangfu Rd. Intersection","brand":"YouBike 2.0","opening_hours":"24/7"},"geometry":{"type":"Point","coordinates":[121.47409,25.05899]}},{"type":"Feature","properties":{"id":"osm:node:11449095178","name":"重陽橋市民活動中心","category":"bicycle_rental","nameEn":"Chongyang Bridge Civil Activity Center","brand":"YouBike 2.0","opening_hours":"24/7"},"geometry":{"type":"Point","coordinates":[121.49602,25.08634]}},{"type":"Feature","properties":{"id":"osm:node:11449095179","name":"三重派出所","category":"bicycle_rental","nameEn":"Sanchong Police Substation","brand":"YouBike 2.0","opening_hours":"24/7"},"geometry":{"type":"Point","coordinates":[121.5023,25.06395]}},{"type":"Feature","properties":{"id":"osm:node:11449095180","name":"格致中學","category":"bicycle_rental","nameEn":"Ger-jyh Senior High School","brand":"YouBike 2.0","opening_hours":"24/7"},"geometry":{"type":"Point","coordinates":[121.48907,25.07403]}},{"type":"Feature","properties":{"id":"osm:node:11449095181","name":"永福國小(永福街72巷)","category":"bicycle_rental","nameEn":"Yongfu Elementary School(Ln. 72, Yongfu St.)","brand":"YouBike 2.0","opening_hours":"24/7"},"geometry":{"type":"Point","coordinates":[121.47985,25.07657]}},{"type":"Feature","properties":{"id":"osm:node:11449095182","name":"力行路二段91巷口","category":"bicycle_rental","nameEn":"Ln. 91, Sec. 2, Lixing Rd. Intersection","brand":"YouBike 2.0","opening_hours":"24/7"},"geometry":{"type":"Point","coordinates":[121.48255,25.07583]}},{"type":"Feature","properties":{"id":"osm:node:11449095183","name":"元信二仁愛街口","category":"bicycle_rental","nameEn":"Yuanxin 2nd & Ren'ai St. Intersection","brand":"YouBike 2.0","opening_hours":"24/7"},"geometry":{"type":"Point","coordinates":[121.49417,25.07709]}},{"type":"Feature","properties":{"id":"osm:node:11449095184","name":"三和龍門路口","category":"bicycle_rental","nameEn":"Sanhe Longmen Rd. Intersection","brand":"YouBike 2.0","opening_hours":"24/7"},"geometry":{"type":"Point","coordinates":[121.4949,25.0718]}},{"type":"Feature","properties":{"id":"osm:node:11449095185","name":"捷運三和國中站(2號出口)","category":"bicycle_rental","nameEn":"MRT Sanhe Junior High School Sta.(Exit 2)","brand":"YouBike 2.0","opening_hours":"24/7"},"geometry":{"type":"Point","coordinates":[121.48635,25.07703]}},{"type":"Feature","properties":{"id":"osm:node:11449095186","name":"三重社會福利服務中心","category":"bicycle_rental","nameEn":"Sanchong Social Welfare Center","brand":"YouBike 2.0","opening_hours":"24/7"},"geometry":{"type":"Point","coordinates":[121.49128,25.07781]}},{"type":"Feature","properties":{"id":"osm:node:11449095187","name":"三和慈愛街口","category":"bicycle_rental","nameEn":"Sanhe Ci'ai St. Intersection","brand":"YouBike 2.0","opening_hours":"24/7"},"geometry":{"type":"Point","coordinates":[121.48417,25.07814]}},{"type":"Feature","properties":{"id":"osm:node:11449095188","name":"國隆大仁街口","category":"bicycle_rental","nameEn":"Guolong Daren St. Intersection","brand":"YouBike 2.0","opening_hours":"24/7"},"geometry":{"type":"Point","coordinates":[121.492,25.06468]}},{"type":"Feature","properties":{"id":"osm:node:11449095189","name":"元富一街/仁義街79巷口","category":"bicycle_rental","nameEn":"Yuanfu 1st. St. & Ln. 79, Renyi St.","brand":"YouBike 2.0","opening_hours":"24/7"},"geometry":{"type":"Point","coordinates":[121.49955,25.08006]}},{"type":"Feature","properties":{"id":"osm:node:11449095190","name":"光明市場","category":"bicycle_rental","nameEn":"Guangming Market","brand":"YouBike 2.0","opening_hours":"24/7"},"geometry":{"type":"Point","coordinates":[121.49181,25.05734]}},{"type":"Feature","properties":{"id":"osm:node:11449095191","name":"仁美街/三和路四段145巷口","category":"bicycle_rental","nameEn":"Renmei St. & Ln. 145, Sec. 4, Sanhe Rd. Intersection","brand":"YouBike 2.0","opening_hours":"24/7"},"geometry":{"type":"Point","coordinates":[121.48636,25.07872]}},{"type":"Feature","properties":{"id":"osm:node:11449095204","name":"重慶路89巷","category":"bicycle_rental","nameEn":"Ln.89, Chongqing Rd.","brand":"YouBike 2.0"},"geometry":{"type":"Point","coordinates":[121.46206,25.00633]}},{"type":"Feature","properties":{"id":"osm:node:11449095221","name":"蘆洲兒四公園","category":"bicycle_rental","nameEn":"Luzhou Children's Park(No. 4)","brand":"YouBike 2.0","opening_hours":"24/7"},"geometry":{"type":"Point","coordinates":[121.47625,25.08871]}},{"type":"Feature","properties":{"id":"osm:node:11449095222","name":"國立空中大學(中正路174巷口)","category":"bicycle_rental","nameEn":"National Open University (Ln. 174, Zhongzheng Rd. Intersection)","brand":"YouBike 2.0","opening_hours":"24/7"},"geometry":{"type":"Point","coordinates":[121.4672,25.08782]}},{"type":"Feature","properties":{"id":"osm:node:11449095223","name":"永安長安街131巷口","category":"bicycle_rental","nameEn":"Yong'an S. Rd. & Ln. 131, Chang'an St. Intersection","brand":"YouBike 2.0","opening_hours":"24/7"},"geometry":{"type":"Point","coordinates":[121.4596,25.08033]}},{"type":"Feature","properties":{"id":"osm:node:11449095224","name":"民族路314巷口","category":"bicycle_rental","nameEn":"Ln. 314, Minzu Rd.","brand":"YouBike 2.0","opening_hours":"24/7"},"geometry":{"type":"Point","coordinates":[121.47707,25.0902]}},{"type":"Feature","properties":{"id":"osm:node:11449095225","name":"蘆洲中山立體停車場","category":"bicycle_rental","nameEn":"Luzhou Zhongshan Parking Lot","brand":"YouBike 2.0","opening_hours":"24/7"},"geometry":{"type":"Point","coordinates":[121.47325,25.08355]}},{"type":"Feature","properties":{"id":"osm:node:11449095226","name":"鴨母港停車場","category":"bicycle_rental","nameEn":"Yamugang Parking Lot","brand":"YouBike 2.0","opening_hours":"24/7"},"geometry":{"type":"Point","coordinates":[121.45584,25.08283]}},{"type":"Feature","properties":{"id":"osm:node:11449095227","name":"中興復興路口","category":"bicycle_rental","nameEn":"Zhongxing & Fuxing Intersection","brand":"YouBike 2.0","opening_hours":"24/7"},"geometry":{"type":"Point","coordinates":[121.48182,25.09016]}},{"type":"Feature","properties":{"id":"osm:node:11449095228","name":"蘆洲鷺江停車場","category":"bicycle_rental","nameEn":"Luzhou Lujiang Parking Lot","brand":"YouBike 2.0","opening_hours":"24/7"},"geometry":{"type":"Point","coordinates":[121.47693,25.08619]}},{"type":"Feature","properties":{"id":"osm:node:11449095229","name":"普庵寺","category":"bicycle_rental","nameEn":"Pu'an Temple","brand":"YouBike 2.0","opening_hours":"24/7"},"geometry":{"type":"Point","coordinates":[121.48214,25.08801]}},{"type":"Feature","properties":{"id":"osm:node:11449095230","name":"蘆洲兒五公園","category":"bicycle_rental","nameEn":"Luzhou Children's Park(No. 5)","brand":"YouBike 2.0","opening_hours":"24/7"},"geometry":{"type":"Point","coordinates":[121.48056,25.08858]}},{"type":"Feature","properties":{"id":"osm:node:11449095231","name":"正和中正路口","category":"bicycle_rental","nameEn":"Zhenghe Zhongzheng Rd. Intersection","brand":"YouBike 2.0","opening_hours":"24/7"},"geometry":{"type":"Point","coordinates":[121.47059,25.08287]}},{"type":"Feature","properties":{"id":"osm:node:11449095232","name":"長榮路211巷口","category":"bicycle_rental","nameEn":"Ln. 211, Changrong Rd. Intersection","brand":"YouBike 2.0","opening_hours":"24/7"},"geometry":{"type":"Point","coordinates":[121.46108,25.08478]}},{"type":"Feature","properties":{"id":"osm:node:11449095233","name":"光華長榮路口","category":"bicycle_rental","nameEn":"Changrong Guanghua Rd. Intersection","brand":"YouBike 2.0","opening_hours":"24/7"},"geometry":{"type":"Point","coordinates":[121.46407,25.08188]}},{"type":"Feature","properties":{"id":"osm:node:11449095234","name":"中山二永安南路口","category":"bicycle_rental","nameEn":"Zhongshan 2nd & Yong'an N. Rd. Intersection","brand":"YouBike 2.0","opening_hours":"24/7"},"geometry":{"type":"Point","coordinates":[121.46868,25.07744]}},{"type":"Feature","properties":{"id":"osm:node:11449095259","name":"莒光路136巷口","category":"bicycle_rental","nameEn":"Ln.136, Juguang Rd.","brand":"YouBike 2.0","opening_hours":"24/7"},"geometry":{"type":"Point","coordinates":[121.47261,25.00133]}},{"type":"Feature","properties":{"id":"osm:node:11453062142","name":"忠孝西重慶南路口","category":"bicycle_rental","nameEn":"Zhongxiao W. Rd. & Chongqing S. Rd. Intersection","brand":"YouBike 2.0","opening_hours":"24/7"},"geometry":{"type":"Point","coordinates":[121.51272,25.04724]}},{"type":"Feature","properties":{"id":"osm:node:11453062143","name":"捷運臺電大樓站(2號出口)_1","category":"bicycle_rental","nameEn":"MRT Taipower Building Sta. (Exit 2)_1","brand":"YouBike 2.0","opening_hours":"24/7"},"geometry":{"type":"Point","coordinates":[121.52855,25.02055]}},{"type":"Feature","properties":{"id":"osm:node:11453062144","name":"重慶長安路口","category":"bicycle_rental","nameEn":"Chongqing Rd. & Chang'an Rd. Intersection","brand":"YouBike 2.0","opening_hours":"24/7"},"geometry":{"type":"Point","coordinates":[121.51398,25.0515]}},{"type":"Feature","properties":{"id":"osm:node:11453062145","name":"捷運公館站(3號出口)","category":"bicycle_rental","nameEn":"MRT Gongguan Sta.(Exit.3)","brand":"YouBike 2.0","opening_hours":"24/7"},"geometry":{"type":"Point","coordinates":[121.53374,25.01551]}},{"type":"Feature","properties":{"id":"osm:node:11453062146","name":"莒光社會住宅","category":"bicycle_rental","nameEn":"Juguang Social Housing","brand":"YouBike 2.0","opening_hours":"24/7"},"geometry":{"type":"Point","coordinates":[121.50033,25.0317]}},{"type":"Feature","properties":{"id":"osm:node:11453062147","name":"臺大明達館北側(員工宿舍)","category":"bicycle_rental","nameEn":"NTU Ming - Da Hall (Staff Dormitory)","brand":"YouBike 2.0","opening_hours":"24/7"},"geometry":{"type":"Point","coordinates":[121.54469,25.01816]}},{"type":"Feature","properties":{"id":"osm:node:11453062148","name":"和平西路二段190巷口","category":"bicycle_rental","nameEn":"Ln. 190, Sec. 2, Heping W. Rd.","brand":"YouBike 2.0","opening_hours":"24/7"},"geometry":{"type":"Point","coordinates":[121.50445,25.03348]}},{"type":"Feature","properties":{"id":"osm:node:11453062149","name":"青年路152巷口","category":"bicycle_rental","nameEn":"Ln. 152, Qingnian Rd.","brand":"YouBike 2.0","opening_hours":"24/7"},"geometry":{"type":"Point","coordinates":[121.5009,25.01979]}},{"type":"Feature","properties":{"id":"osm:node:11453062150","name":"雙園國中地下停車場","category":"bicycle_rental","nameEn":"Shuangyuan Car Park","brand":"YouBike 2.0","opening_hours":"24/7"},"geometry":{"type":"Point","coordinates":[121.49134,25.02768]}},{"type":"Feature","properties":{"id":"osm:node:11453062151","name":"萬大路493巷","category":"bicycle_rental","nameEn":"Ln. 493, Wanda Rd.","brand":"YouBike 2.0","opening_hours":"24/7"},"geometry":{"type":"Point","coordinates":[121.4992,25.01975]}},{"type":"Feature","properties":{"id":"osm:node:11453062152","name":"艋舺西藏路口","category":"bicycle_rental","nameEn":"Bangka Blvd. & Xizang Rd. Intersection","brand":"YouBike 2.0","opening_hours":"24/7"},"geometry":{"type":"Point","coordinates":[121.49156,25.0287]}},{"type":"Feature","properties":{"id":"osm:node:11453062153","name":"捷運龍山寺站(1號出口)_1","category":"bicycle_rental","nameEn":"MRT Longshan Temple Sta. (Exit 1)_1","brand":"YouBike 2.0","opening_hours":"24/7"},"geometry":{"type":"Point","coordinates":[121.50026,25.03548]}},{"type":"Feature","properties":{"id":"osm:node:11453062154","name":"青年公園3號出口","category":"bicycle_rental","nameEn":"Youth Park (Exit 3)","brand":"YouBike 2.0","opening_hours":"24/7"},"geometry":{"type":"Point","coordinates":[121.50271,25.02273]}},{"type":"Feature","properties":{"id":"osm:node:11453062155","name":"洛陽停車場","category":"bicycle_rental","nameEn":"Luoyang Parking","brand":"YouBike 2.0","opening_hours":"24/7"},"geometry":{"type":"Point","coordinates":[121.50612,25.04776]}},{"type":"Feature","properties":{"id":"osm:node:11453062156","name":"光復南菸廠路口","category":"bicycle_rental","nameEn":"Guangfu S. Rd. & Yanchang Rd. Intersection","brand":"YouBike 2.0","opening_hours":"24/7"},"geometry":{"type":"Point","coordinates":[121.55795,25.04482]}},{"type":"Feature","properties":{"id":"osm:node:11453062157","name":"捷運國父紀念館站(5號出口)","category":"bicycle_rental","nameEn":"MRT S.Y.S Memorial Hall Sta. (Exit 5)","brand":"YouBike 2.0","opening_hours":"24/7"},"geometry":{"type":"Point","coordinates":[121.55792,25.04206]}},{"type":"Feature","properties":{"id":"osm:node:11453062158","name":"臺北文化體育園區辦公大樓","category":"bicycle_rental","nameEn":"Taipei Cultural & Sports Park","brand":"YouBike 2.0","opening_hours":"24/7"},"geometry":{"type":"Point","coordinates":[121.56126,25.04144]}},{"type":"Feature","properties":{"id":"osm:node:11453062159","name":"黎雙公園","category":"bicycle_rental","nameEn":"Lishuang Park","brand":"YouBike 2.0","opening_hours":"24/7"},"geometry":{"type":"Point","coordinates":[121.56028,25.0246]}},{"type":"Feature","properties":{"id":"osm:node:11453062160","name":"革新公園","category":"bicycle_rental","nameEn":"Gexin Park","brand":"YouBike 2.0","opening_hours":"24/7"},"geometry":{"type":"Point","coordinates":[121.56741,25.04367]}},{"type":"Feature","properties":{"id":"osm:node:11453062161","name":"和平東路三段341巷口","category":"bicycle_rental","nameEn":"Ln. 341, Sec. 3, Heping E. Rd.","brand":"YouBike 2.0","opening_hours":"24/7"},"geometry":{"type":"Point","coordinates":[121.55891,25.02188]}},{"type":"Feature","properties":{"id":"osm:node:11453062162","name":"廣慈博愛園區(西側)","category":"bicycle_rental","nameEn":"Guangci Social Housing (Zone D)","brand":"YouBike 2.0","opening_hours":"24/7","wheelchair":"yes"},"geometry":{"type":"Point","coordinates":[121.58082,25.03866]}},{"type":"Feature","properties":{"id":"osm:node:11453062163","name":"永吉路468巷口","category":"bicycle_rental","nameEn":"Ln. 468, Yongji Rd.","brand":"YouBike 2.0","opening_hours":"24/7"},"geometry":{"type":"Point","coordinates":[121.57915,25.04533]}},{"type":"Feature","properties":{"id":"osm:node:11453062164","name":"和平東路三段291號","category":"bicycle_rental","nameEn":"No. 291, Sec. 3, Heping E. Rd.","brand":"YouBike 2.0","opening_hours":"24/7"},"geometry":{"type":"Point","coordinates":[121.55532,25.02186]}},{"type":"Feature","properties":{"id":"osm:node:11453062165","name":"克勤新村","category":"bicycle_rental","nameEn":"Keqin New Village","brand":"YouBike 2.0","opening_hours":"24/7"},"geometry":{"type":"Point","coordinates":[121.56073,25.02589]}},{"type":"Feature","properties":{"id":"osm:node:11453062166","name":"景勤二號公園(西南側)","category":"bicycle_rental","nameEn":"Jingqin No.2 Park (Southwest)","brand":"YouBike 2.0","opening_hours":"24/7"},"geometry":{"type":"Point","coordinates":[121.5577,25.02605]}},{"type":"Feature","properties":{"id":"osm:node:11453062167","name":"吳興街284巷(廣安宮)","category":"bicycle_rental","nameEn":"Ln. 284, Wuxing St. (Guangan Shrine)","brand":"YouBike 2.0","opening_hours":"24/7"},"geometry":{"type":"Point","coordinates":[121.56329,25.02326]}},{"type":"Feature","properties":{"id":"osm:node:11453062168","name":"捷運市政府站(4號出口)","category":"bicycle_rental","nameEn":"MRT Taipei City Hall Sta. (Exit 4)","brand":"YouBike 2.0","opening_hours":"24/7"},"geometry":{"type":"Point","coordinates":[121.56731,25.04146]}},{"type":"Feature","properties":{"id":"osm:node:11453087469","name":"信義松德路口","category":"bicycle_rental","nameEn":"Xinyi Rd. & Songde Rd. Intersection","brand":"YouBike 2.0","opening_hours":"24/7"},"geometry":{"type":"Point","coordinates":[121.57433,25.03322]}},{"type":"Feature","properties":{"id":"osm:node:11453087470","name":"松仁松平路口","category":"bicycle_rental","nameEn":"Songren Rd & Songping Rd. Intersection","brand":"YouBike 2.0","opening_hours":"24/7"},"geometry":{"type":"Point","coordinates":[121.56838,25.03047]}},{"type":"Feature","properties":{"id":"osm:node:11453087471","name":"松勤莊敬路口","category":"bicycle_rental","nameEn":"Songqin St. & Zhuangjing Rd. Intersection","brand":"YouBike 2.0","opening_hours":"24/7"},"geometry":{"type":"Point","coordinates":[121.5615,25.03203]}},{"type":"Feature","properties":{"id":"osm:node:11453087472","name":"忠孝東路五段215巷口","category":"bicycle_rental","nameEn":"Ln. 215, Sec. 5, Zhongxiao E. Rd.","brand":"YouBike 2.0","opening_hours":"24/7"},"geometry":{"type":"Point","coordinates":[121.5705,25.0409]}},{"type":"Feature","properties":{"id":"osm:node:11453087473","name":"吳興街394巷口","category":"bicycle_rental","nameEn":"Ln.394, Wuxing St.","brand":"YouBike 2.0","opening_hours":"24/7"},"geometry":{"type":"Point","coordinates":[121.56741,25.02474]}},{"type":"Feature","properties":{"id":"osm:node:11453087474","name":"松仁路305號","category":"bicycle_rental","nameEn":"No. 305, Songren Rd.","brand":"YouBike 2.0","opening_hours":"24/7"},"geometry":{"type":"Point","coordinates":[121.57036,25.02306]}},{"type":"Feature","properties":{"id":"osm:node:11453087475","name":"五分埔公園","category":"bicycle_rental","nameEn":"Wufenpu Park","brand":"YouBike 2.0","opening_hours":"24/7"},"geometry":{"type":"Point","coordinates":[121.58058,25.04719]}},{"type":"Feature","properties":{"id":"osm:node:11453087476","name":"捷運市政府站(3號出口)","category":"bicycle_rental","nameEn":"MRT Taipei City Hall Sta. (Exit 3)","brand":"YouBike 2.0","opening_hours":"24/7"},"geometry":{"type":"Point","coordinates":[121.568064,25.040706]}},{"type":"Feature","properties":{"id":"osm:node:11453087477","name":"景平公園","category":"bicycle_rental","nameEn":"Jingping Park","brand":"YouBike 2.0","opening_hours":"24/7"},"geometry":{"type":"Point","coordinates":[121.5642,25.02976]}},{"type":"Feature","properties":{"id":"osm:node:11453087478","name":"景聯廣場","category":"bicycle_rental","nameEn":"Jinglian Plaza","brand":"YouBike 2.0","opening_hours":"24/7"},"geometry":{"type":"Point","coordinates":[121.55974,25.03214]}},{"type":"Feature","properties":{"id":"osm:node:11453087479","name":"松仁路95巷口","category":"bicycle_rental","nameEn":"Ln. 95, Songren Rd.","brand":"YouBike 2.0","opening_hours":"24/7"},"geometry":{"type":"Point","coordinates":[121.56866,25.03656]}},{"type":"Feature","properties":{"id":"osm:node:11453087480","name":"內湖機廠(港東街)","category":"bicycle_rental","nameEn":"Taipei Metro Neihu Depot (Gangdong St.)","brand":"YouBike 2.0","opening_hours":"24/7"},"geometry":{"type":"Point","coordinates":[121.62189,25.058]}},{"type":"Feature","properties":{"id":"osm:node:11453087481","name":"中興公園","category":"bicycle_rental","nameEn":"Zhongxing Park","brand":"YouBike 2.0","opening_hours":"24/7"},"geometry":{"type":"Point","coordinates":[121.61481,25.04487]}},{"type":"Feature","properties":{"id":"osm:node:11453087482","name":"東新街63巷口","category":"bicycle_rental","nameEn":"Ln. 63, Dongxin St.","brand":"YouBike 2.0","opening_hours":"24/7"},"geometry":{"type":"Point","coordinates":[121.58605,25.04728]}},{"type":"Feature","properties":{"id":"osm:node:11453087483","name":"新富公園","category":"bicycle_rental","nameEn":"Xinfu Park","brand":"YouBike 2.0","opening_hours":"24/7"},"geometry":{"type":"Point","coordinates":[121.61713,25.05296]}},{"type":"Feature","properties":{"id":"osm:node:11453087484","name":"忠孝東路六段212巷口","category":"bicycle_rental","nameEn":"Ln. 212, Sec. 6, Zhongxiao E. Rd.","brand":"YouBike 2.0","opening_hours":"24/7"},"geometry":{"type":"Point","coordinates":[121.58742,25.0488]}},{"type":"Feature","properties":{"id":"osm:node:11453087485","name":"南港路三段190巷口","category":"bicycle_rental","nameEn":"Ln. 190, Sec. 3, Nangang Rd.","brand":"YouBike 2.0","opening_hours":"24/7"},"geometry":{"type":"Point","coordinates":[121.58638,25.05381]}},{"type":"Feature","properties":{"id":"osm:node:11453087486","name":"南港路三段130巷口","category":"bicycle_rental","nameEn":"Ln. 130, Sec. 3, Nangang Rd.","brand":"YouBike 2.0","opening_hours":"24/7"},"geometry":{"type":"Point","coordinates":[121.58781,25.05457]}},{"type":"Feature","properties":{"id":"osm:node:11453087487","name":"中研院人文社會科學館","category":"bicycle_rental","nameEn":"Humanities and Social Science Building","brand":"YouBike 2.0","opening_hours":"24/7"},"geometry":{"type":"Point","coordinates":[121.6118,25.04126]}},{"type":"Feature","properties":{"id":"osm:node:11453087488","name":"忠孝東路六段278巷口","category":"bicycle_rental","nameEn":"Ln. 278, Sec. 6, Zhongxiao E. Rd.","brand":"YouBike 2.0","opening_hours":"24/7"},"geometry":{"type":"Point","coordinates":[121.58906,25.04916]}},{"type":"Feature","properties":{"id":"osm:node:11453087489","name":"捷運昆陽站(4號出口)","category":"bicycle_rental","nameEn":"MRT Kunyang Sta. (Exit 4)","brand":"YouBike 2.0","opening_hours":"24/7"},"geometry":{"type":"Point","coordinates":[121.59431,25.05066]}},{"type":"Feature","properties":{"id":"osm:node:11453087490","name":"南港路三段80巷","category":"bicycle_rental","nameEn":"Ln. 80, Sec. 3, Nangang Rd.","brand":"YouBike 2.0","opening_hours":"24/7"},"geometry":{"type":"Point","coordinates":[121.59124,25.05394]}},{"type":"Feature","properties":{"id":"osm:node:11453087491","name":"舊莊派出所","category":"bicycle_rental","nameEn":"Jiuzhuang Police Station","brand":"YouBike 2.0","opening_hours":"24/7"},"geometry":{"type":"Point","coordinates":[121.62274,25.03827]}},{"type":"Feature","properties":{"id":"osm:node:11453087492","name":"南港展覽館2館","category":"bicycle_rental","nameEn":"Taipei Nangang Exhibition Center Hall 2","brand":"YouBike 2.0","opening_hours":"24/7","wheelchair":"yes"},"geometry":{"type":"Point","coordinates":[121.61646,25.05545]}},{"type":"Feature","properties":{"id":"osm:node:11453087493","name":"南港疏散門(基三號疏散門)","category":"bicycle_rental","nameEn":"Nangang Evacuating Gate","brand":"YouBike 2.0","opening_hours":"24/7"},"geometry":{"type":"Point","coordinates":[121.5892,25.05543]}},{"type":"Feature","properties":{"id":"osm:node:11453087494","name":"玉東公園(東新街)","category":"bicycle_rental","nameEn":"Yudong Park (Dongxin St.)","brand":"YouBike 2.0","opening_hours":"24/7"},"geometry":{"type":"Point","coordinates":[121.58383,25.04998]}},{"type":"Feature","properties":{"id":"osm:node:11453087495","name":"南港路二段178巷口","category":"bicycle_rental","nameEn":"Ln. 178, Sec. 2, Nangang Rd.","brand":"YouBike 2.0","opening_hours":"24/7"},"geometry":{"type":"Point","coordinates":[121.59969,25.05368]}},{"type":"Feature","properties":{"id":"osm:node:11453087496","name":"中坡市民路口(東北側)","category":"bicycle_rental","nameEn":"Zhongpo Rd. & Civic Blvd. Intersection (Northeast)","brand":"YouBike 2.0","opening_hours":"24/7"},"geometry":{"type":"Point","coordinates":[121.58028,25.04969]}},{"type":"Feature","properties":{"id":"osm:node:11453087497","name":"三民國小(撫遠街)","category":"bicycle_rental","nameEn":"Sanmin Elementary School (Fuyuan St.)","brand":"YouBike 2.0","opening_hours":"24/7"},"geometry":{"type":"Point","coordinates":[121.56458,25.06457]}},{"type":"Feature","properties":{"id":"osm:node:11453087498","name":"民福簡易綠地","category":"bicycle_rental","nameEn":"Minfu Green","brand":"YouBike 2.0","opening_hours":"24/7"},"geometry":{"type":"Point","coordinates":[121.54529,25.06589]}},{"type":"Feature","properties":{"id":"osm:node:11453087499","name":"市民東寧路口","category":"bicycle_rental","nameEn":"Civic Blvd. & Dongning Rd. Intersection","brand":"YouBike 2.0","opening_hours":"24/7"},"geometry":{"type":"Point","coordinates":[121.56305,25.04742]}},{"type":"Feature","properties":{"id":"osm:node:11453087500","name":"延壽街119巷口","category":"bicycle_rental","nameEn":"Ln. 119, Yanshou St.","brand":"YouBike 2.0","opening_hours":"24/7","wheelchair":"yes"},"geometry":{"type":"Point","coordinates":[121.56486,25.05708]}},{"type":"Feature","properties":{"id":"osm:node:11453087501","name":"五常街370巷","category":"bicycle_rental","nameEn":"Ln. 370, Wuchang St.","brand":"YouBike 2.0","opening_hours":"24/7"},"geometry":{"type":"Point","coordinates":[121.54537,25.06432]}},{"type":"Feature","properties":{"id":"osm:node:11453087502","name":"塔悠基隆路口(麥帥一橋下)","category":"bicycle_rental","nameEn":"Tayou Rd. & Keelung Rd. Intersection (First MacArthur Bridge)","brand":"YouBike 2.0","opening_hours":"24/7"},"geometry":{"type":"Point","coordinates":[121.57062,25.05139]}},{"type":"Feature","properties":{"id":"osm:node:11453087503","name":"捷運南京三民站(3號出口)","category":"bicycle_rental","nameEn":"MRT Nanjing Sanmin Sta. (Exit 3)","brand":"YouBike 2.0","opening_hours":"24/7"},"geometry":{"type":"Point","coordinates":[121.56426,25.05129]}},{"type":"Feature","properties":{"id":"osm:node:11453087504","name":"龍城市場","category":"bicycle_rental","nameEn":"Longcheng Market","brand":"YouBike 2.0","opening_hours":"24/7"},"geometry":{"type":"Point","coordinates":[121.55417,25.05454]}},{"type":"Feature","properties":{"id":"osm:node:11453087505","name":"市民延吉街口","category":"bicycle_rental","nameEn":"Civic Blvd. & Yanji St. Intersection","brand":"YouBike 2.0","opening_hours":"24/7"},"geometry":{"type":"Point","coordinates":[121.55397,25.0444]}},{"type":"Feature","properties":{"id":"osm:node:11453087506","name":"民生復興路口","category":"bicycle_rental","nameEn":"Minsheng Rd. & Fuxing Rd. Intersection","brand":"YouBike 2.0","opening_hours":"24/7"},"geometry":{"type":"Point","coordinates":[121.54443,25.05764]}},{"type":"Feature","properties":{"id":"osm:node:11453087507","name":"敦化北路155巷口","category":"bicycle_rental","nameEn":"Ln. 155, Dunhua N. Rd.","brand":"YouBike 2.0","opening_hours":"24/7"},"geometry":{"type":"Point","coordinates":[121.5491,25.0542]}},{"type":"Feature","properties":{"id":"osm:node:11453087508","name":"捷運小巨蛋站(5號出口)_1","category":"bicycle_rental","nameEn":"MRT Taipei Arena Sta. (Exit.5)_1","brand":"YouBike 2.0","opening_hours":"24/7"},"geometry":{"type":"Point","coordinates":[121.5521,25.05181]}},{"type":"Feature","properties":{"id":"osm:node:11453087509","name":"捷運小巨蛋站(3號出口)","category":"bicycle_rental","nameEn":"MRT Taipei Arena Sta. (Exit.3)","brand":"YouBike 2.0","opening_hours":"24/7","wheelchair":"yes"},"geometry":{"type":"Point","coordinates":[121.55243,25.05152]}},{"type":"Feature","properties":{"id":"osm:node:11453087510","name":"捷運松山站(1號出口)","category":"bicycle_rental","nameEn":"MRT Songshan Sta. (Exit 1)","brand":"YouBike 2.0","opening_hours":"24/7"},"geometry":{"type":"Point","coordinates":[121.57692,25.05014]}},{"type":"Feature","properties":{"id":"osm:node:11453087511","name":"八德路四段652巷口","category":"bicycle_rental","nameEn":"Ln. 652, Sec. 4, Bade Rd.","brand":"YouBike 2.0","opening_hours":"24/7"},"geometry":{"type":"Point","coordinates":[121.57503,25.04942]}},{"type":"Feature","properties":{"id":"osm:node:11453087512","name":"長春慶城街口","category":"bicycle_rental","nameEn":"Changchun Rd. & Qingcheng St. Intersection","brand":"YouBike 2.0","opening_hours":"24/7"},"geometry":{"type":"Point","coordinates":[121.54636,25.05452]}},{"type":"Feature","properties":{"id":"osm:node:11453087513","name":"八德立體停車場","category":"bicycle_rental","nameEn":"Bade Parking","brand":"YouBike 2.0","opening_hours":"24/7"},"geometry":{"type":"Point","coordinates":[121.57189,25.04985]}},{"type":"Feature","properties":{"id":"osm:node:11453087514","name":"新東街51巷口","category":"bicycle_rental","nameEn":"Ln. 51, Xindong St.","brand":"YouBike 2.0","opening_hours":"24/7","wheelchair":"yes"},"geometry":{"type":"Point","coordinates":[121.56332,25.0615]}},{"type":"Feature","properties":{"id":"osm:node:11453087515","name":"敦化八德路口","category":"bicycle_rental","nameEn":"Dunhua Rd. & Bade Rd. Intersection","brand":"YouBike 2.0","opening_hours":"24/7"},"geometry":{"type":"Point","coordinates":[121.54864,25.04802]}},{"type":"Feature","properties":{"id":"osm:node:11453087516","name":"敦化南京路口(東北側)","category":"bicycle_rental","nameEn":"Dunhua Rd. & Nanjing Rd. Intersection (Northeast)","brand":"YouBike 2.0","opening_hours":"24/7"},"geometry":{"type":"Point","coordinates":[121.54926,25.05226]}},{"type":"Feature","properties":{"id":"osm:node:11453087517","name":"介壽國中","category":"bicycle_rental","nameEn":"Jieshou Junior High School","brand":"YouBike 2.0","opening_hours":"24/7"},"geometry":{"type":"Point","coordinates":[121.55706,25.05722]}},{"type":"Feature","properties":{"id":"osm:node:11453087518","name":"捷運松山站(3號出口)","category":"bicycle_rental","nameEn":"MRT Songshan Sta. (Exit 3)","brand":"YouBike 2.0","opening_hours":"24/7"},"geometry":{"type":"Point","coordinates":[121.57746,25.04962]}},{"type":"Feature","properties":{"id":"osm:node:11453087519","name":"南京東興路口","category":"bicycle_rental","nameEn":"Nanjing Rd. & Dongxing Rd. Intersection","brand":"YouBike 2.0","opening_hours":"24/7"},"geometry":{"type":"Point","coordinates":[121.56535,25.05149]}},{"type":"Feature","properties":{"id":"osm:node:11453087520","name":"西松高中(健康路325巷)","category":"bicycle_rental","nameEn":"Xisong Senior High School (Ln. 325, Jiankang Rd.)","brand":"YouBike 2.0","opening_hours":"24/7"},"geometry":{"type":"Point","coordinates":[121.56713,25.05567]}},{"type":"Feature","properties":{"id":"osm:node:11453087521","name":"臺北田徑場(北寧路側)","category":"bicycle_rental","nameEn":"Taipei Stadium (Beining Rd.)","brand":"YouBike 2.0","opening_hours":"24/7"},"geometry":{"type":"Point","coordinates":[121.55261,25.04954]}},{"type":"Feature","properties":{"id":"osm:node:11453087522","name":"南京東路四段179巷口","category":"bicycle_rental","nameEn":"Ln. 179, Sec. 4, Nanjing E. Rd.","brand":"YouBike 2.0","opening_hours":"24/7"},"geometry":{"type":"Point","coordinates":[121.55609,25.05173]}},{"type":"Feature","properties":{"id":"osm:node:11453087523","name":"復源公園","category":"bicycle_rental","nameEn":"Fuyuan Park","brand":"YouBike 2.0","opening_hours":"24/7"},"geometry":{"type":"Point","coordinates":[121.5542,25.04634]}},{"type":"Feature","properties":{"id":"osm:node:11453087524","name":"長壽公園","category":"bicycle_rental","nameEn":"Changshou Park","brand":"YouBike 2.0","opening_hours":"24/7"},"geometry":{"type":"Point","coordinates":[121.55893,25.05378]}},{"type":"Feature","properties":{"id":"osm:node:11453087525","name":"文林北明德路口(東北側)","category":"bicycle_rental","nameEn":"Wenlin N. Rd. & Mingde Rd. Intersection (Northeast)","brand":"YouBike 2.0","opening_hours":"24/7"},"geometry":{"type":"Point","coordinates":[121.5173,25.10576]}},{"type":"Feature","properties":{"id":"osm:node:11453087526","name":"公舘承德路口","category":"bicycle_rental","nameEn":"Gongguan Rd. & Chengde Rd. Intersection","brand":"YouBike 2.0","opening_hours":"24/7"},"geometry":{"type":"Point","coordinates":[121.50169,25.11969]}},{"type":"Feature","properties":{"id":"osm:node:11453087527","name":"大業路65巷口","category":"bicycle_rental","nameEn":"Ln. 65, Daye Rd.","brand":"YouBike 2.0","opening_hours":"24/7"},"geometry":{"type":"Point","coordinates":[121.49906,25.12307]}},{"type":"Feature","properties":{"id":"osm:node:11453087528","name":"中和綠地","category":"bicycle_rental","nameEn":"Zhonghe Green","brand":"YouBike 2.0","opening_hours":"24/7"},"geometry":{"type":"Point","coordinates":[121.4989,25.1419]}},{"type":"Feature","properties":{"id":"osm:node:11453087529","name":"北投文化公園(北側)","category":"bicycle_rental","nameEn":"Wenhua No.1 Park (North)","brand":"YouBike 2.0","opening_hours":"24/7"},"geometry":{"type":"Point","coordinates":[121.49706,25.13713]}},{"type":"Feature","properties":{"id":"osm:node:11453087530","name":"崇仰公園(公舘路255巷)","category":"bicycle_rental","nameEn":"Chongyang Park (Ln. 255, Gongguan Rd.)","brand":"YouBike 2.0","opening_hours":"24/7"},"geometry":{"type":"Point","coordinates":[121.51098,25.12595]}},{"type":"Feature","properties":{"id":"osm:node:11453087531","name":"華固創富中心","category":"bicycle_rental","nameEn":"Innovation Fortune Center","brand":"YouBike 2.0","opening_hours":"24/7"},"geometry":{"type":"Point","coordinates":[121.51244,25.10392]}},{"type":"Feature","properties":{"id":"osm:node:11453087532","name":"捷運北投站(1號出口)(北投路側)","category":"bicycle_rental","nameEn":"MRT Beitou Sta. (Exit 1) ( Beitou Rd.)","brand":"YouBike 2.0","opening_hours":"24/7"},"geometry":{"type":"Point","coordinates":[121.49817,25.13201]}},{"type":"Feature","properties":{"id":"osm:node:11453087533","name":"福國承德路口","category":"bicycle_rental","nameEn":"Fuguo Rd. & Chengde Rd. Intersection","brand":"YouBike 2.0","opening_hours":"24/7"},"geometry":{"type":"Point","coordinates":[121.51263,25.10171]}},{"type":"Feature","properties":{"id":"osm:node:11453087534","name":"捷運忠義站(2號出口)","category":"bicycle_rental","nameEn":"MRT Zhongyi Sta. (Exit. 2)","brand":"YouBike 2.0","opening_hours":"24/7"},"geometry":{"type":"Point","coordinates":[121.47347,25.13076]}},{"type":"Feature","properties":{"id":"osm:node:11453087535","name":"大興光明路2巷口","category":"bicycle_rental","nameEn":"No. 50, Daxing St. (Opposite)","brand":"YouBike 2.0","opening_hours":"24/7"},"geometry":{"type":"Point","coordinates":[121.50017,25.13043]}},{"type":"Feature","properties":{"id":"osm:node:11453087536","name":"捷運唭哩岸站(1號出口)","category":"bicycle_rental","nameEn":"MRT Qilian Sta. (Exit 1)","brand":"YouBike 2.0","opening_hours":"24/7"},"geometry":{"type":"Point","coordinates":[121.50727,25.12082]}},{"type":"Feature","properties":{"id":"osm:node:11453087537","name":"石牌立農街口","category":"bicycle_rental","nameEn":"Shipai Rd. & Linong St. Intersection","brand":"YouBike 2.0","opening_hours":"24/7"},"geometry":{"type":"Point","coordinates":[121.51921,25.11879]}},{"type":"Feature","properties":{"id":"osm:node:11453087538","name":"捷運北投站(1號出口)","category":"bicycle_rental","nameEn":"MRT Beitou Sta. (Exit 1)","brand":"YouBike 2.0","opening_hours":"24/7"},"geometry":{"type":"Point","coordinates":[121.49862,25.13258]}},{"type":"Feature","properties":{"id":"osm:node:11453087539","name":"中和街493巷9弄口","category":"bicycle_rental","nameEn":"Aly. 9, Ln. 493, Zhonghe St.","brand":"YouBike 2.0","opening_hours":"24/7"},"geometry":{"type":"Point","coordinates":[121.49447,25.1439]}},{"type":"Feature","properties":{"id":"osm:node:11453087540","name":"北投公園露天溫泉","category":"bicycle_rental","nameEn":"Beitou Public Hotspring","brand":"YouBike 2.0","opening_hours":"24/7"},"geometry":{"type":"Point","coordinates":[121.50792,25.13684]}},{"type":"Feature","properties":{"id":"osm:node:11453087541","name":"致遠新村","category":"bicycle_rental","nameEn":"Zhiyuan New Village","brand":"YouBike 2.0","opening_hours":"24/7"},"geometry":{"type":"Point","coordinates":[121.49093,25.14319]}},{"type":"Feature","properties":{"id":"osm:node:11453087542","name":"和信治癌中心醫院","category":"bicycle_rental","nameEn":"Koo Foundation Sun Yat-Sen Cancer Center","brand":"YouBike 2.0","opening_hours":"24/7"},"geometry":{"type":"Point","coordinates":[121.47207,25.12757]}},{"type":"Feature","properties":{"id":"osm:node:11453087543","name":"光明溫泉路口","category":"bicycle_rental","nameEn":"Guangming Rd. & Wenquan Rd. Intersection","brand":"YouBike 2.0","opening_hours":"24/7"},"geometry":{"type":"Point","coordinates":[121.50226,25.13431]}},{"type":"Feature","properties":{"id":"osm:node:11453087544","name":"豐年公園_1","category":"bicycle_rental","nameEn":"Fengnian Park_1","brand":"YouBike 2.0","opening_hours":"24/7"},"geometry":{"type":"Point","coordinates":[121.49664,25.13529]}},{"type":"Feature","properties":{"id":"osm:node:11453087545","name":"太陽科技廣場","category":"bicycle_rental","nameEn":"Sun Technology Plaza","brand":"YouBike 2.0","opening_hours":"24/7"},"geometry":{"type":"Point","coordinates":[121.56161,25.08514]}},{"type":"Feature","properties":{"id":"osm:node:11453087546","name":"威剛科技總部","category":"bicycle_rental","nameEn":"ADATA Technology","brand":"YouBike 2.0","opening_hours":"24/7"},"geometry":{"type":"Point","coordinates":[121.60033,25.06153]}},{"type":"Feature","properties":{"id":"osm:node:11453087547","name":"捷運西湖站(1號出口)內湖路側","category":"bicycle_rental","nameEn":"MRT Xihu Sta. (Exit 1) (Neihu Rd.)","brand":"YouBike 2.0","opening_hours":"24/7"},"geometry":{"type":"Point","coordinates":[121.56709,25.08227]}},{"type":"Feature","properties":{"id":"osm:node:11453087548","name":"福壽公園","category":"bicycle_rental","nameEn":"Fushou Park","brand":"YouBike 2.0","opening_hours":"24/7"},"geometry":{"type":"Point","coordinates":[121.59625,25.07983]}},{"type":"Feature","properties":{"id":"osm:node:11453087549","name":"加瑪科技中心","category":"bicycle_rental","nameEn":"Gamma Technology center","brand":"YouBike 2.0","opening_hours":"24/7"},"geometry":{"type":"Point","coordinates":[121.5705,25.08035]}},{"type":"Feature","properties":{"id":"osm:node:11453087550","name":"東湖四號公園","category":"bicycle_rental","nameEn":"Donghu Park No.4","brand":"YouBike 2.0","opening_hours":"24/7"},"geometry":{"type":"Point","coordinates":[121.61803,25.07074]}},{"type":"Feature","properties":{"id":"osm:node:11453087551","name":"達爾文大樓","category":"bicycle_rental","nameEn":"Darwin Building","brand":"YouBike 2.0","opening_hours":"24/7"},"geometry":{"type":"Point","coordinates":[121.57277,25.07941]}},{"type":"Feature","properties":{"id":"osm:node:11453087552","name":"北勢湖環保公園(堤頂大道側)","category":"bicycle_rental","nameEn":"Beishihu Environmental Protection Park","brand":"YouBike 2.0","opening_hours":"24/7"},"geometry":{"type":"Point","coordinates":[121.56154,25.08318]}},{"type":"Feature","properties":{"id":"osm:node:11453087553","name":"內湖路一段120巷15弄","category":"bicycle_rental","nameEn":"Aly. 15, Ln. 120, Sec. 1, Neihu Rd.","brand":"YouBike 2.0","opening_hours":"24/7"},"geometry":{"type":"Point","coordinates":[121.56298,25.08203]}},{"type":"Feature","properties":{"id":"osm:node:11453087554","name":"新光基湖大樓","category":"bicycle_rental","nameEn":"Shinkong Jihu Building","brand":"YouBike 2.0","opening_hours":"24/7"},"geometry":{"type":"Point","coordinates":[121.56489,25.08152]}},{"type":"Feature","properties":{"id":"osm:node:11453087555","name":"舊宗新湖二路口","category":"bicycle_rental","nameEn":"Jiuzong Rd. & Xinhu 2nd Rd. Intersection","brand":"YouBike 2.0","opening_hours":"24/7"},"geometry":{"type":"Point","coordinates":[121.57811,25.06151]}},{"type":"Feature","properties":{"id":"osm:node:11453087556","name":"新湖三新湖二146巷口","category":"bicycle_rental","nameEn":"Xinhu 3rd Rd. & Ln. 146, Xinhu 2nd Rd. Intersection","brand":"YouBike 2.0","opening_hours":"24/7"},"geometry":{"type":"Point","coordinates":[121.57787,25.06407]}},{"type":"Feature","properties":{"id":"osm:node:11453087557","name":"新湖三行忠路72巷口","category":"bicycle_rental","nameEn":"Xinhu 3rd Rd. & Ln. 146, Xinhu 2nd Rd. Intersection","brand":"YouBike 2.0","opening_hours":"24/7"},"geometry":{"type":"Point","coordinates":[121.58206,25.06605]}},{"type":"Feature","properties":{"id":"osm:node:11453087558","name":"民權東路六段56巷口","category":"bicycle_rental","nameEn":"Ln. 56, Sec. 6, Minquan E. Rd.","brand":"YouBike 2.0","opening_hours":"24/7"},"geometry":{"type":"Point","coordinates":[121.58488,25.06805]}},{"type":"Feature","properties":{"id":"osm:node:11453087559","name":"世紀經貿","category":"bicycle_rental","nameEn":"Century Trade Building","brand":"YouBike 2.0","opening_hours":"24/7"},"geometry":{"type":"Point","coordinates":[121.57361,25.08049]}},{"type":"Feature","properties":{"id":"osm:node:11453087560","name":"大港墘公園(洲子街)","category":"bicycle_rental","nameEn":"Dagangqian Park (Zhouzi St.)","brand":"YouBike 2.0","opening_hours":"24/7"},"geometry":{"type":"Point","coordinates":[121.5737,25.07897]}},{"type":"Feature","properties":{"id":"osm:node:11453087561","name":"瑞光路358巷口","category":"bicycle_rental","nameEn":"Ln. 358, Ruiguang Rd.","brand":"YouBike 2.0","opening_hours":"24/7"},"geometry":{"type":"Point","coordinates":[121.5727,25.07733]}},{"type":"Feature","properties":{"id":"osm:node:11453087562","name":"遠雄時代總部","category":"bicycle_rental","nameEn":"Farglory Group","brand":"YouBike 2.0","opening_hours":"24/7"},"geometry":{"type":"Point","coordinates":[121.57103,25.07821]}},{"type":"Feature","properties":{"id":"osm:node:11453087563","name":"台灣世曦大樓","category":"bicycle_rental","nameEn":"CECI Engineering Consultants, Inc.","brand":"YouBike 2.0","opening_hours":"24/7"},"geometry":{"type":"Point","coordinates":[121.57848,25.07345]}},{"type":"Feature","properties":{"id":"osm:node:11453087564","name":"瑞湖公園","category":"bicycle_rental","nameEn":"Ruihu Park","brand":"YouBike 2.0","opening_hours":"24/7"},"geometry":{"type":"Point","coordinates":[121.57711,25.06888]}},{"type":"Feature","properties":{"id":"osm:node:11453087565","name":"大都會客運內湖站","category":"bicycle_rental","nameEn":"Mtc Bus (Neihu)","brand":"YouBike 2.0","opening_hours":"24/7"},"geometry":{"type":"Point","coordinates":[121.57784,25.06749]}},{"type":"Feature","properties":{"id":"osm:node:11453087566","name":"內湖路一段288巷口","category":"bicycle_rental","nameEn":"Ln. 288, Sec. 1, Neihu Rd.","brand":"YouBike 2.0","opening_hours":"24/7"},"geometry":{"type":"Point","coordinates":[121.56861,25.08202]}},{"type":"Feature","properties":{"id":"osm:node:11453087567","name":"致伸科技大樓","category":"bicycle_rental","nameEn":"Primax Headquarters Building","brand":"YouBike 2.0","opening_hours":"24/7"},"geometry":{"type":"Point","coordinates":[121.5656,25.08067]}},{"type":"Feature","properties":{"id":"osm:node:11453087568","name":"海德堡科技大樓","category":"bicycle_rental","nameEn":"Heidelberg Science & Technology Building","brand":"YouBike 2.0","opening_hours":"24/7"},"geometry":{"type":"Point","coordinates":[121.56227,25.08156]}},{"type":"Feature","properties":{"id":"osm:node:11453087569","name":"堤頂大道二段407巷口","category":"bicycle_rental","nameEn":"Ln. 407, Sec. 2, Tiding Blvd.","brand":"YouBike 2.0","opening_hours":"24/7"},"geometry":{"type":"Point","coordinates":[121.56316,25.08019]}},{"type":"Feature","properties":{"id":"osm:node:11453087570","name":"康寧路三段99巷17弄口","category":"bicycle_rental","nameEn":"Aly. 17, Ln. 99, Sec. 3, Kangning Rd.","brand":"YouBike 2.0","opening_hours":"24/7"},"geometry":{"type":"Point","coordinates":[121.60991,25.0721]}},{"type":"Feature","properties":{"id":"osm:node:11453087571","name":"行善社會住宅","category":"bicycle_rental","nameEn":"Xingshan Social Housing","brand":"YouBike 2.0","opening_hours":"24/7"},"geometry":{"type":"Point","coordinates":[121.58201,25.06126]}},{"type":"Feature","properties":{"id":"osm:node:11453087572","name":"臺北花市","category":"bicycle_rental","nameEn":"Taipei Flowers Auction","brand":"YouBike 2.0","opening_hours":"24/7"},"geometry":{"type":"Point","coordinates":[121.57427,25.06265]}},{"type":"Feature","properties":{"id":"osm:node:11453087573","name":"文德一號綠地","category":"bicycle_rental","nameEn":"Wende Green No.1","brand":"YouBike 2.0","opening_hours":"24/7"},"geometry":{"type":"Point","coordinates":[121.58302,25.0786]}},{"type":"Feature","properties":{"id":"osm:node:11453087574","name":"環山路三段16巷口","category":"bicycle_rental","nameEn":"Ln. 16, Sec. 3, Huanshan Rd.","brand":"YouBike 2.0","opening_hours":"24/7"},"geometry":{"type":"Point","coordinates":[121.57945,25.08464]}},{"type":"Feature","properties":{"id":"osm:node:11453087575","name":"康樂抽水站","category":"bicycle_rental","nameEn":"Kangle Pumping Station","brand":"YouBike 2.0","opening_hours":"24/7"},"geometry":{"type":"Point","coordinates":[121.61732,25.06643]}},{"type":"Feature","properties":{"id":"osm:node:11453087576","name":"中國醫藥大學附設醫院臺北分院","category":"bicycle_rental","nameEn":"China Medical University Hospital (Taipei Branch)","brand":"YouBike 2.0","opening_hours":"24/7"},"geometry":{"type":"Point","coordinates":[121.5909,25.08227]}},{"type":"Feature","properties":{"id":"osm:node:11453087577","name":"康寧路三段189巷93弄口","category":"bicycle_rental","nameEn":"Aly. 93, Ln. 189, Sec. 3, Kangning Rd.","brand":"YouBike 2.0","opening_hours":"24/7"},"geometry":{"type":"Point","coordinates":[121.61258,25.0735]}},{"type":"Feature","properties":{"id":"osm:node:11453087578","name":"成功公園","category":"bicycle_rental","nameEn":"Chengong Park","brand":"YouBike 2.0","opening_hours":"24/7"},"geometry":{"type":"Point","coordinates":[121.59665,25.08416]}},{"type":"Feature","properties":{"id":"osm:node:11453087579","name":"內湖路三段326巷口","category":"bicycle_rental","nameEn":"Ln. 326, Sec. 3, Neihu Rd.","brand":"YouBike 2.0","opening_hours":"24/7"},"geometry":{"type":"Point","coordinates":[121.58352,25.08968]}},{"type":"Feature","properties":{"id":"osm:node:11453087580","name":"舊宗新湖三路口","category":"bicycle_rental","nameEn":"Jiuzong Rd. & Xinhu 3rd Rd. Intersection","brand":"YouBike 2.0","opening_hours":"24/7"},"geometry":{"type":"Point","coordinates":[121.57681,25.06321]}},{"type":"Feature","properties":{"id":"osm:node:11453087582","name":"明美公園(行善路333巷)","category":"bicycle_rental","nameEn":"Mingmei Park (Ln. 333, Xingshan Rd.)","brand":"YouBike 2.0","opening_hours":"24/7"},"geometry":{"type":"Point","coordinates":[121.5866,25.06058]}},{"type":"Feature","properties":{"id":"osm:node:11453087583","name":"捷運港墘站(1號出口)","category":"bicycle_rental","nameEn":"MRT Gangqian Sta. (Exit 1)","brand":"YouBike 2.0","opening_hours":"24/7"},"geometry":{"type":"Point","coordinates":[121.57568,25.08004]}},{"type":"Feature","properties":{"id":"osm:node:11453087584","name":"康樂綠地","category":"bicycle_rental","nameEn":"Kangle Greens","brand":"YouBike 2.0","opening_hours":"24/7"},"geometry":{"type":"Point","coordinates":[121.6203,25.07539]}},{"type":"Feature","properties":{"id":"osm:node:11453087585","name":"安泰街(康樂橋下)","category":"bicycle_rental","nameEn":"Antai St.(Kangle Bridge)","brand":"YouBike 2.0","opening_hours":"24/7"},"geometry":{"type":"Point","coordinates":[121.61666,25.07849]}},{"type":"Feature","properties":{"id":"osm:node:11453087586","name":"湖興公園","category":"bicycle_rental","nameEn":"Huxing Park","brand":"YouBike 2.0","opening_hours":"24/7"},"geometry":{"type":"Point","coordinates":[121.58913,25.06671]}},{"type":"Feature","properties":{"id":"osm:node:11453087587","name":"安湖公園","category":"bicycle_rental","nameEn":"Anhu Park","brand":"YouBike 2.0","opening_hours":"24/7","wheelchair":"yes"},"geometry":{"type":"Point","coordinates":[121.61545,25.07392]}},{"type":"Feature","properties":{"id":"osm:node:11453087588","name":"陽光舊宗路口","category":"bicycle_rental","nameEn":"Yangguang St. & Jiuzong Rd. Intersection","brand":"YouBike 2.0","opening_hours":"24/7"},"geometry":{"type":"Point","coordinates":[121.57416,25.07243]}},{"type":"Feature","properties":{"id":"osm:node:11453087589","name":"內湖路一段47巷","category":"bicycle_rental","nameEn":"Ln. 47, Sec. 1, Neihu Rd.","brand":"YouBike 2.0","opening_hours":"24/7"},"geometry":{"type":"Point","coordinates":[121.55872,25.08781]}},{"type":"Feature","properties":{"id":"osm:node:11453087590","name":"成功路三段83號前","category":"bicycle_rental","nameEn":"No. 83, Sec. 3, Chenggong Rd.","brand":"YouBike 2.0","opening_hours":"24/7"},"geometry":{"type":"Point","coordinates":[121.5898,25.07823]}},{"type":"Feature","properties":{"id":"osm:node:11453087591","name":"內湖路一段360巷","category":"bicycle_rental","nameEn":"Ln. 360, Sec. 1, Neihu Rd.","brand":"YouBike 2.0","opening_hours":"24/7"},"geometry":{"type":"Point","coordinates":[121.57067,25.0812]}},{"type":"Feature","properties":{"id":"osm:node:11453087592","name":"康樂街151巷","category":"bicycle_rental","nameEn":"Ln. 151, Kangle St.","brand":"YouBike 2.0","opening_hours":"24/7"},"geometry":{"type":"Point","coordinates":[121.61955,25.07192]}},{"type":"Feature","properties":{"id":"osm:node:11453087593","name":"宏匯瑞光廣場(港墘路)","category":"bicycle_rental","nameEn":"Honhui Ruiguang Plaza (Gangqian Rd.)","brand":"YouBike 2.0","opening_hours":"24/7"},"geometry":{"type":"Point","coordinates":[121.57562,25.07777]}},{"type":"Feature","properties":{"id":"osm:node:11453087594","name":"宏匯瑞光廣場(瑞光路)","category":"bicycle_rental","nameEn":"Honhui Ruiguang Plaza (Ruiguang Rd.)","brand":"YouBike 2.0","opening_hours":"24/7"},"geometry":{"type":"Point","coordinates":[121.57433,25.07676]}},{"type":"Feature","properties":{"id":"osm:node:11453087595","name":"民權東路六段413巷","category":"bicycle_rental","nameEn":"Ln. 413, Sec. 6, Minquan E. Rd.","brand":"YouBike 2.0","opening_hours":"24/7"},"geometry":{"type":"Point","coordinates":[121.60352,25.07038]}},{"type":"Feature","properties":{"id":"osm:node:11453087596","name":"新湖國小","category":"bicycle_rental","nameEn":"XinHu Elementary School","brand":"YouBike 2.0","opening_hours":"24/7"},"geometry":{"type":"Point","coordinates":[121.58923,25.06874]}},{"type":"Feature","properties":{"id":"osm:node:11453087597","name":"捷運東湖站","category":"bicycle_rental","nameEn":"MRT Donghu Sta.","brand":"YouBike 2.0","opening_hours":"24/7"},"geometry":{"type":"Point","coordinates":[121.61351,25.06664]}},{"type":"Feature","properties":{"id":"osm:node:11453087598","name":"瑞光路76巷口","category":"bicycle_rental","nameEn":"Ln. 76, Ruiguang Rd.","brand":"YouBike 2.0","opening_hours":"24/7"},"geometry":{"type":"Point","coordinates":[121.58125,25.07168]}},{"type":"Feature","properties":{"id":"osm:node:11453087599","name":"西康二號公園","category":"bicycle_rental","nameEn":"Xikang No. 2 Park","brand":"YouBike 2.0","opening_hours":"24/7"},"geometry":{"type":"Point","coordinates":[121.5637,25.08503]}},{"type":"Feature","properties":{"id":"osm:node:11453087600","name":"朱崙復興北路口","category":"bicycle_rental","nameEn":"Zhulun St. & Fuxing N. Rd. Intersection","brand":"YouBike 2.0","opening_hours":"24/7"},"geometry":{"type":"Point","coordinates":[121.54379,25.04992]}},{"type":"Feature","properties":{"id":"osm:node:11453087601","name":"朱崙公園","category":"bicycle_rental","nameEn":"Zhulun Park","brand":"YouBike 2.0","opening_hours":"24/7"},"geometry":{"type":"Point","coordinates":[121.54198,25.04919]}},{"type":"Feature","properties":{"id":"osm:node:11453087602","name":"建國北路高架橋下停車場G區","category":"bicycle_rental","nameEn":"Jianguo N. Rd. Parking Lot (G)","brand":"YouBike 2.0","opening_hours":"24/7"},"geometry":{"type":"Point","coordinates":[121.53682,25.05959]}},{"type":"Feature","properties":{"id":"osm:node:11453087603","name":"捷運中山站(3號出口)","category":"bicycle_rental","nameEn":"MRT Zhongshan Sta. (Exit 3)","brand":"YouBike 2.0","opening_hours":"24/7"},"geometry":{"type":"Point","coordinates":[121.52212,25.05236]}},{"type":"Feature","properties":{"id":"osm:node:11453087604","name":"市民大道二段5巷口","category":"bicycle_rental","nameEn":"Ln. 5, Sec. 2, Civic Blvd.","brand":"YouBike 2.0","opening_hours":"24/7"},"geometry":{"type":"Point","coordinates":[121.52166,25.04812]}},{"type":"Feature","properties":{"id":"osm:node:11453087605","name":"市民安東街口","category":"bicycle_rental","nameEn":"Civic Blvd. & Andong St. Intersection","brand":"YouBike 2.0","opening_hours":"24/7"},"geometry":{"type":"Point","coordinates":[121.54213,25.0448]}},{"type":"Feature","properties":{"id":"osm:node:11453087606","name":"中山北路二段62巷口","category":"bicycle_rental","nameEn":"Ln. 62, Sec. 2, Zhongshan N. Rd.","brand":"YouBike 2.0","opening_hours":"24/7"},"geometry":{"type":"Point","coordinates":[121.52268,25.05676]}},{"type":"Feature","properties":{"id":"osm:node:11453087607","name":"建國五常街口","category":"bicycle_rental","nameEn":"Jianguo Rd. & Wuchang St. Intersection","brand":"YouBike 2.0","opening_hours":"24/7"},"geometry":{"type":"Point","coordinates":[121.53732,25.06419]}},{"type":"Feature","properties":{"id":"osm:node:11453087608","name":"長寧大廈社區(南側)","category":"bicycle_rental","nameEn":"Zhangning Dasha Community (South)","brand":"YouBike 2.0","opening_hours":"24/7"},"geometry":{"type":"Point","coordinates":[121.54332,25.05418]}},{"type":"Feature","properties":{"id":"osm:node:11453087609","name":"長春路258巷2弄口","category":"bicycle_rental","nameEn":"Aly. 2, Ln. 258, Changchun Rd.","brand":"YouBike 2.0","opening_hours":"24/7"},"geometry":{"type":"Point","coordinates":[121.53896,25.05427]}},{"type":"Feature","properties":{"id":"osm:node:11453087610","name":"樂群三路123號","category":"bicycle_rental","nameEn":"No. 123, LeQun 3rd Rd.","brand":"YouBike 2.0","opening_hours":"24/7"},"geometry":{"type":"Point","coordinates":[121.55514,25.08271]}},{"type":"Feature","properties":{"id":"osm:node:11453087611","name":"捷運劍南路站(1號出口)","category":"bicycle_rental","nameEn":"MRT Jiannan Rd. Sta. (Exit. 1)","brand":"YouBike 2.0","opening_hours":"24/7"},"geometry":{"type":"Point","coordinates":[121.55498,25.08519]}},{"type":"Feature","properties":{"id":"osm:node:11453087612","name":"新生長春路口(東北側)","category":"bicycle_rental","nameEn":"Xinsheng Rd. & Changchun Rd. Intersection (Northeast)","brand":"YouBike 2.0","opening_hours":"24/7"},"geometry":{"type":"Point","coordinates":[121.52769,25.05532]}},{"type":"Feature","properties":{"id":"osm:node:11453087613","name":"新生北路一段62巷口","category":"bicycle_rental","nameEn":"Ln. 62, Sec. 1, Xinsheng N. Rd.","brand":"YouBike 2.0","opening_hours":"24/7"},"geometry":{"type":"Point","coordinates":[121.53075,25.04699]}},{"type":"Feature","properties":{"id":"osm:node:11453087614","name":"新生濱江街口(東南側)","category":"bicycle_rental","nameEn":"Xinsheng Rd. & Binjiang St. Intersection (Southeast)","brand":"YouBike 2.0","opening_hours":"24/7"},"geometry":{"type":"Point","coordinates":[121.52812,25.07059]}},{"type":"Feature","properties":{"id":"osm:node:11453087615","name":"林森德惠街口","category":"bicycle_rental","nameEn":"Linsen Rd. & Dehui St. Intersection","brand":"YouBike 2.0","opening_hours":"24/7"},"geometry":{"type":"Point","coordinates":[121.5257,25.06688]}},{"type":"Feature","properties":{"id":"osm:node:11453087616","name":"民權建國路口(南側)","category":"bicycle_rental","nameEn":"Minquan Rd. & Jianguo Rd. Intersection (South)","brand":"YouBike 2.0","opening_hours":"24/7"},"geometry":{"type":"Point","coordinates":[121.53702,25.06228]}},{"type":"Feature","properties":{"id":"osm:node:11453087617","name":"捷運南京復興站(8號出口)","category":"bicycle_rental","nameEn":"MRT Nanjing Fuxing Sta. (Exit.8)","brand":"YouBike 2.0","opening_hours":"24/7"},"geometry":{"type":"Point","coordinates":[121.5433,25.05196]}},{"type":"Feature","properties":{"id":"osm:node:11453087618","name":"大直街94巷","category":"bicycle_rental","nameEn":"Ln. 94, Dazhi St.","brand":"YouBike 2.0","opening_hours":"24/7"},"geometry":{"type":"Point","coordinates":[121.54755,25.08431]}},{"type":"Feature","properties":{"id":"osm:node:11453087619","name":"龍江朱崙街口","category":"bicycle_rental","nameEn":"Longjiang Rd. & Zhulun St. Intersection","brand":"YouBike 2.0","opening_hours":"24/7"},"geometry":{"type":"Point","coordinates":[121.54043,25.05004]}},{"type":"Feature","properties":{"id":"osm:node:11453087620","name":"八德市場(北側)","category":"bicycle_rental","nameEn":"Bade Market (North)","brand":"YouBike 2.0","opening_hours":"24/7"},"geometry":{"type":"Point","coordinates":[121.53661,25.04478]}},{"type":"Feature","properties":{"id":"osm:node:11453087621","name":"捷運南京復興站(1號出口)","category":"bicycle_rental","nameEn":"MRT Nanjing Fuxing Sta. (Exit.1)","brand":"YouBike 2.0","opening_hours":"24/7"},"geometry":{"type":"Point","coordinates":[121.54256,25.05253]}},{"type":"Feature","properties":{"id":"osm:node:11453087622","name":"新生民族路口(西南側)","category":"bicycle_rental","nameEn":"Xinsheng Rd. & Minzu Rd. Intersection","brand":"YouBike 2.0","opening_hours":"24/7"},"geometry":{"type":"Point","coordinates":[121.52767,25.06819]}},{"type":"Feature","properties":{"id":"osm:node:11453087623","name":"復華公園","category":"bicycle_rental","nameEn":"Fuhua Park","brand":"YouBike 2.0","opening_hours":"24/7"},"geometry":{"type":"Point","coordinates":[121.5401,25.05339]}},{"type":"Feature","properties":{"id":"osm:node:11453087624","name":"中428公園","category":"bicycle_rental","nameEn":"Zhong 428 Park","brand":"YouBike 2.0","opening_hours":"24/7"},"geometry":{"type":"Point","coordinates":[121.55337,25.07825]}},{"type":"Feature","properties":{"id":"osm:node:11453087625","name":"林森公園","category":"bicycle_rental","nameEn":"Linsen Park","brand":"YouBike 2.0","opening_hours":"24/7"},"geometry":{"type":"Point","coordinates":[121.52581,25.05223]}},{"type":"Feature","properties":{"id":"osm:node:11453087626","name":"濱江國小游泳池","category":"bicycle_rental","nameEn":"Binjiang Elementary School Swimming Pool","brand":"YouBike 2.0","opening_hours":"24/7"},"geometry":{"type":"Point","coordinates":[121.56175,25.07818]}},{"type":"Feature","properties":{"id":"osm:node:11453087627","name":"劍潭社區_1","category":"bicycle_rental","nameEn":"Jiantan Community_1","brand":"YouBike 2.0","opening_hours":"24/7"},"geometry":{"type":"Point","coordinates":[121.53789,25.08476]}},{"type":"Feature","properties":{"id":"osm:node:11453087628","name":"臺北市立美術館_1","category":"bicycle_rental","nameEn":"Taipei Fine Arts Museum_1","brand":"YouBike 2.0","opening_hours":"24/7"},"geometry":{"type":"Point","coordinates":[121.52327,25.07063]}},{"type":"Feature","properties":{"id":"osm:node:11453087629","name":"中山行政中心","category":"bicycle_rental","nameEn":"Zhongshan District Household Registration Office","brand":"YouBike 2.0","opening_hours":"24/7"},"geometry":{"type":"Point","coordinates":[121.53349,25.06432]}},{"type":"Feature","properties":{"id":"osm:node:11453087630","name":"建國長春路口(北側)","category":"bicycle_rental","nameEn":"Jianguo Rd. & Changchun Rd. Intersection","brand":"YouBike 2.0","opening_hours":"24/7"},"geometry":{"type":"Point","coordinates":[121.53693,25.05476]}},{"type":"Feature","properties":{"id":"osm:node:11453087631","name":"民權新生路口","category":"bicycle_rental","nameEn":"Minquan Rd. & Xinsheng Rd. Intersection","brand":"YouBike 2.0","opening_hours":"24/7"},"geometry":{"type":"Point","coordinates":[121.52776,25.06305]}},{"type":"Feature","properties":{"id":"osm:node:11453087632","name":"長春龍江路口","category":"bicycle_rental","nameEn":"Changchun Rd. & Longjiang Rd. Intersection","brand":"YouBike 2.0","opening_hours":"24/7"},"geometry":{"type":"Point","coordinates":[121.54026,25.05473]}},{"type":"Feature","properties":{"id":"osm:node:11453087633","name":"民權吉林路口(南側)","category":"bicycle_rental","nameEn":"Minquan Rd. & Jilin Rd. Intersection","brand":"YouBike 2.0","opening_hours":"24/7"},"geometry":{"type":"Point","coordinates":[121.53043,25.06245]}},{"type":"Feature","properties":{"id":"osm:node:11453087634","name":"民族玉門街口","category":"bicycle_rental","nameEn":"Minzu Rd. & Yumen St. Intersection","brand":"YouBike 2.0","opening_hours":"24/7"},"geometry":{"type":"Point","coordinates":[121.52003,25.06873]}},{"type":"Feature","properties":{"id":"osm:node:11453087635","name":"和平西路二段98巷口","category":"bicycle_rental","nameEn":"Ln. 98, Sec. 2, Heping W. Rd.","brand":"YouBike 2.0","opening_hours":"24/7"},"geometry":{"type":"Point","coordinates":[121.5097,25.0289]}},{"type":"Feature","properties":{"id":"osm:node:11453087636","name":"泉州寧波西街口","category":"bicycle_rental","nameEn":"Ningbo W. St. & Quanzhou St. Intersection","brand":"YouBike 2.0","opening_hours":"24/7"},"geometry":{"type":"Point","coordinates":[121.51415,25.02965]}},{"type":"Feature","properties":{"id":"osm:node:11453087637","name":"螢橋公園","category":"bicycle_rental","nameEn":"Yingqiao Park","brand":"YouBike 2.0","opening_hours":"24/7"},"geometry":{"type":"Point","coordinates":[121.51737,25.02682]}},{"type":"Feature","properties":{"id":"osm:node:11453087638","name":"螢圃里小公園","category":"bicycle_rental","nameEn":"Yingpulixiao Park","brand":"YouBike 2.0","opening_hours":"24/7"},"geometry":{"type":"Point","coordinates":[121.51973,25.02484]}},{"type":"Feature","properties":{"id":"osm:node:11453087639","name":"捷運中正紀念堂站(2號出口)","category":"bicycle_rental","nameEn":"MRT C.K.S Memorial Hall Sta.(Exit 2)","brand":"YouBike 2.0","opening_hours":"24/7"},"geometry":{"type":"Point","coordinates":[121.51861,25.03212]}},{"type":"Feature","properties":{"id":"osm:node:11453087640","name":"文光公園","category":"bicycle_rental","nameEn":"Wenguang Park","brand":"YouBike 2.0","opening_hours":"24/7"},"geometry":{"type":"Point","coordinates":[121.530629,25.038941]}},{"type":"Feature","properties":{"id":"osm:node:11453087641","name":"重慶南詔安街口","category":"bicycle_rental","nameEn":"Chongqing S. Rd. & Zhao'an St. Intersection","brand":"YouBike 2.0","opening_hours":"24/7"},"geometry":{"type":"Point","coordinates":[121.51645,25.02507]}},{"type":"Feature","properties":{"id":"osm:node:11453087642","name":"臺灣文學基地","category":"bicycle_rental","nameEn":"Taiwan Literature Base","brand":"YouBike 2.0","opening_hours":"24/7"},"geometry":{"type":"Point","coordinates":[121.5287,25.04148]}},{"type":"Feature","properties":{"id":"osm:node:11453087643","name":"仁愛金山路口(東南側)","category":"bicycle_rental","nameEn":"Ren'ai Rd. & Jinshan Rd. Intersection (Southeast)","brand":"YouBike 2.0","opening_hours":"24/7"},"geometry":{"type":"Point","coordinates":[121.52855,25.03811]}},{"type":"Feature","properties":{"id":"osm:node:11453087644","name":"濟南路二段8巷口","category":"bicycle_rental","nameEn":"Ln. 8, Sec. 2, Jinan Rd.","brand":"YouBike 2.0","opening_hours":"24/7"},"geometry":{"type":"Point","coordinates":[121.52697,25.04127]}},{"type":"Feature","properties":{"id":"osm:node:11453087645","name":"國家音樂廳","category":"bicycle_rental","nameEn":"National Concert Hall","brand":"YouBike 2.0","opening_hours":"24/7"},"geometry":{"type":"Point","coordinates":[121.51904,25.03788]}},{"type":"Feature","properties":{"id":"osm:node:11453087646","name":"捷運善導寺站(3號出口)(忠孝東路側)","category":"bicycle_rental","nameEn":"MRT Shandao Temple Sta. (Exit 3) (Zhongxiao E. Rd.)","brand":"YouBike 2.0","opening_hours":"24/7"},"geometry":{"type":"Point","coordinates":[121.52357,25.04467]}},{"type":"Feature","properties":{"id":"osm:node:11453087647","name":"立法院台北會館","category":"bicycle_rental","nameEn":"Taipei Association","brand":"YouBike 2.0","opening_hours":"24/7"},"geometry":{"type":"Point","coordinates":[121.51068,25.03371]}},{"type":"Feature","properties":{"id":"osm:node:11453087648","name":"中華南海路口","category":"bicycle_rental","nameEn":"Zhonghua Rd. & Nanhai Rd. Intersection","brand":"YouBike 2.0","opening_hours":"24/7"},"geometry":{"type":"Point","coordinates":[121.50686,25.02703]}},{"type":"Feature","properties":{"id":"osm:node:11453087649","name":"仁愛紹興街口(南側)","category":"bicycle_rental","nameEn":"Ren'ai Rd. & Shaoxing St. Intersection (South)","brand":"YouBike 2.0","opening_hours":"24/7"},"geometry":{"type":"Point","coordinates":[121.52345,25.03837]}},{"type":"Feature","properties":{"id":"osm:node:11453087650","name":"林森濟南路口(東北側)","category":"bicycle_rental","nameEn":"Linsen Rd. & Jinan Rd. Intersection (Northeast)","brand":"YouBike 2.0","opening_hours":"24/7"},"geometry":{"type":"Point","coordinates":[121.5227,25.0425]}},{"type":"Feature","properties":{"id":"osm:node:11453087651","name":"臺大醫院兒童醫院","category":"bicycle_rental","nameEn":"National Taiwan University Children's Hospital","brand":"YouBike 2.0","opening_hours":"24/7"},"geometry":{"type":"Point","coordinates":[121.5188,25.04461]}},{"type":"Feature","properties":{"id":"osm:node:11453087652","name":"捷運臺大醫院站(1號出口)","category":"bicycle_rental","nameEn":"MRT NTU Hospital Sta. (Exit. 1)","brand":"YouBike 2.0","opening_hours":"24/7","wheelchair":"limited"},"geometry":{"type":"Point","coordinates":[121.51586,25.04074]}},{"type":"Feature","properties":{"id":"osm:node:11453087653","name":"捷運忠孝新生站(5號出口)","category":"bicycle_rental","nameEn":"MRT Zhongxiao Xinsheng Sta.(Exit.5)","brand":"YouBike 2.0","opening_hours":"24/7"},"geometry":{"type":"Point","coordinates":[121.53273,25.04113]}},{"type":"Feature","properties":{"id":"osm:node:11453087654","name":"捷運忠孝新生站(1號出口)","category":"bicycle_rental","nameEn":"MRT Zhongxiao Xinsheng Sta.(Exit.1)","brand":"YouBike 2.0","opening_hours":"24/7"},"geometry":{"type":"Point","coordinates":[121.53207,25.04272]}},{"type":"Feature","properties":{"id":"osm:node:11453087655","name":"天津北平路口","category":"bicycle_rental","nameEn":"Tianjin St. & Beiping Rd. Intersection","brand":"YouBike 2.0","opening_hours":"24/7"},"geometry":{"type":"Point","coordinates":[121.52208,25.04692]}},{"type":"Feature","properties":{"id":"osm:node:11453087656","name":"北平紹興路口","category":"bicycle_rental","nameEn":"Beiping Rd. & Shaoxing St. Intersection","brand":"YouBike 2.0","opening_hours":"24/7"},"geometry":{"type":"Point","coordinates":[121.52579,25.04597]}},{"type":"Feature","properties":{"id":"osm:node:11453087657","name":"林森北平路口","category":"bicycle_rental","nameEn":"Linsen Rd & Beiping Rd. Intersection","brand":"YouBike 2.0","opening_hours":"24/7"},"geometry":{"type":"Point","coordinates":[121.52377,25.04659]}},{"type":"Feature","properties":{"id":"osm:node:11453087658","name":"郵政博物館","category":"bicycle_rental","nameEn":"Postal Museum","brand":"YouBike 2.0","opening_hours":"24/7"},"geometry":{"type":"Point","coordinates":[121.51464,25.03158]}},{"type":"Feature","properties":{"id":"osm:node:11453087659","name":"植物園","category":"bicycle_rental","nameEn":"Taipei Botanical Garden","brand":"YouBike 2.0","opening_hours":"24/7"},"geometry":{"type":"Point","coordinates":[121.51033,25.0299]}},{"type":"Feature","properties":{"id":"osm:node:11453087660","name":"龍興里活動中心","category":"bicycle_rental","nameEn":"Longxing Community Center","brand":"YouBike 2.0","opening_hours":"24/7"},"geometry":{"type":"Point","coordinates":[121.51108,25.02815]}},{"type":"Feature","properties":{"id":"osm:node:11453087661","name":"仁愛杭州路口","category":"bicycle_rental","nameEn":"Ren'ai Rd. & Hangzhou Rd. Intersection","brand":"YouBike 2.0","opening_hours":"24/7"},"geometry":{"type":"Point","coordinates":[121.52497,25.03846]}},{"type":"Feature","properties":{"id":"osm:node:11453087662","name":"杭州南路一段101巷口","category":"bicycle_rental","nameEn":"Ln. 101, Sec. 1, Hangzhou S. Rd.","brand":"YouBike 2.0","opening_hours":"24/7"},"geometry":{"type":"Point","coordinates":[121.52799,25.03746]}},{"type":"Feature","properties":{"id":"osm:node:11453087664","name":"自來水園區","category":"bicycle_rental","nameEn":"Taipei Water Park","brand":"YouBike 2.0","opening_hours":"24/7"},"geometry":{"type":"Point","coordinates":[121.53004,25.01328]}},{"type":"Feature","properties":{"id":"osm:node:11453087665","name":"仙岩路22巷口","category":"bicycle_rental","nameEn":"Ln. 22, Xianyan Rd.","brand":"YouBike 2.0","opening_hours":"24/7"},"geometry":{"type":"Point","coordinates":[121.54887,24.99892]}},{"type":"Feature","properties":{"id":"osm:node:11453087666","name":"樟新街8巷","category":"bicycle_rental","nameEn":"Ln. 8, Zhangxin St.","brand":"YouBike 2.0","opening_hours":"24/7"},"geometry":{"type":"Point","coordinates":[121.55406,24.97932]}},{"type":"Feature","properties":{"id":"osm:node:11453087667","name":"中國科技大學","category":"bicycle_rental","nameEn":"China University of Technology","brand":"YouBike 2.0","opening_hours":"24/7"},"geometry":{"type":"Point","coordinates":[121.55553,24.99925]}},{"type":"Feature","properties":{"id":"osm:node:11453087668","name":"興隆路二段275巷1弄口","category":"bicycle_rental","nameEn":"Aly. 1, Ln. 275, Sec. 2, Xinglong Rd.","brand":"YouBike 2.0","opening_hours":"24/7"},"geometry":{"type":"Point","coordinates":[121.552795,25.002701]}},{"type":"Feature","properties":{"id":"osm:node:11453087669","name":"木新公園","category":"bicycle_rental","nameEn":"Mu Sin Park","brand":"YouBike 2.0","opening_hours":"24/7"},"geometry":{"type":"Point","coordinates":[121.55782,24.98217]}},{"type":"Feature","properties":{"id":"osm:node:11453087670","name":"光輝公園","category":"bicycle_rental","nameEn":"Guang Huei Park","brand":"YouBike 2.0","opening_hours":"24/7"},"geometry":{"type":"Point","coordinates":[121.5552,24.98655]}},{"type":"Feature","properties":{"id":"osm:node:11453087671","name":"光輝路134巷口","category":"bicycle_rental","nameEn":"Ln. 134, Guanghui Rd.","brand":"YouBike 2.0","opening_hours":"24/7"},"geometry":{"type":"Point","coordinates":[121.55831,24.98532]}},{"type":"Feature","properties":{"id":"osm:node:11453087672","name":"新光秀明路口","category":"bicycle_rental","nameEn":"Xinguang Rd. & Xiuming Rd. Intersection","brand":"YouBike 2.0","opening_hours":"24/7"},"geometry":{"type":"Point","coordinates":[121.57371,24.99197]}},{"type":"Feature","properties":{"id":"osm:node:11453087673","name":"興隆路二段203巷(敦南)","category":"bicycle_rental","nameEn":"Ln. 203, Sec. 2, Xinglong Rd. (Dunnan)","brand":"YouBike 2.0","opening_hours":"24/7"},"geometry":{"type":"Point","coordinates":[121.54856,25.00198]}},{"type":"Feature","properties":{"id":"osm:node:11453087674","name":"萬美萬安街口","category":"bicycle_rental","nameEn":"Wanmei St. & Wan'an St. Intersection","brand":"YouBike 2.0","opening_hours":"24/7"},"geometry":{"type":"Point","coordinates":[121.57039,25.00223]}},{"type":"Feature","properties":{"id":"osm:node:11453087675","name":"樟樹公園","category":"bicycle_rental","nameEn":"Jhang Shu Park","brand":"YouBike 2.0","opening_hours":"24/7"},"geometry":{"type":"Point","coordinates":[121.55949,24.9825]}},{"type":"Feature","properties":{"id":"osm:node:11453087676","name":"木柵路二段109巷","category":"bicycle_rental","nameEn":"Ln. 109, Sec. 2, Muzha Rd.","brand":"YouBike 2.0","opening_hours":"24/7"},"geometry":{"type":"Point","coordinates":[121.56195,24.98944]}},{"type":"Feature","properties":{"id":"osm:node:11453087677","name":"木柵路三段48巷","category":"bicycle_rental","nameEn":"Ln. 48, Sec. 3, Muzha Rd.","brand":"YouBike 2.0","opening_hours":"24/7"},"geometry":{"type":"Point","coordinates":[121.56565,24.98768]}},{"type":"Feature","properties":{"id":"osm:node:11453087678","name":"景興路42巷口","category":"bicycle_rental","nameEn":"Ln. 42, Jingxing Rd.","brand":"YouBike 2.0","opening_hours":"24/7"},"geometry":{"type":"Point","coordinates":[121.54454,24.99696]}},{"type":"Feature","properties":{"id":"osm:node:11453087679","name":"萬興國小","category":"bicycle_rental","nameEn":"WangXin Elementary School","brand":"YouBike 2.0","opening_hours":"24/7"},"geometry":{"type":"Point","coordinates":[121.57682,24.98939]}},{"type":"Feature","properties":{"id":"osm:node:11453087680","name":"景行公園","category":"bicycle_rental","nameEn":"Jing Sing Park","brand":"YouBike 2.0","opening_hours":"24/7"},"geometry":{"type":"Point","coordinates":[121.54255,24.99279]}},{"type":"Feature","properties":{"id":"osm:node:11453087681","name":"師大公館校區學二舍","category":"bicycle_rental","nameEn":"NTNU Gongguan Campus (Student Dorm 2)","brand":"YouBike 2.0","opening_hours":"24/7"},"geometry":{"type":"Point","coordinates":[121.53419,25.00825]}},{"type":"Feature","properties":{"id":"osm:node:11453087682","name":"景仁公園_1","category":"bicycle_rental","nameEn":"Jingren Park_1","brand":"YouBike 2.0","opening_hours":"24/7"},"geometry":{"type":"Point","coordinates":[121.5403,24.9966]}},{"type":"Feature","properties":{"id":"osm:node:11453087683","name":"景興國中","category":"bicycle_rental","nameEn":"Jing Xing Junior High School","brand":"YouBike 2.0","opening_hours":"24/7"},"geometry":{"type":"Point","coordinates":[121.54284,24.99609]}},{"type":"Feature","properties":{"id":"osm:node:11453087684","name":"萬和三號公園(北側)","category":"bicycle_rental","nameEn":"Wan He NO.3 Park","brand":"YouBike 2.0","opening_hours":"24/7"},"geometry":{"type":"Point","coordinates":[121.53636,25.00345]}},{"type":"Feature","properties":{"id":"osm:node:11453087685","name":"景美污水抽水站","category":"bicycle_rental","nameEn":"Jingmei Pumping Station","brand":"YouBike 2.0","opening_hours":"24/7"},"geometry":{"type":"Point","coordinates":[121.53637,25.01076]}},{"type":"Feature","properties":{"id":"osm:node:11453087686","name":"敦南山林","category":"bicycle_rental","nameEn":"Dunnan Forest","brand":"YouBike 2.0","opening_hours":"24/7"},"geometry":{"type":"Point","coordinates":[121.5768,25.00264]}},{"type":"Feature","properties":{"id":"osm:node:11453087687","name":"政大水岸電梯","category":"bicycle_rental","nameEn":"Waterfront Elevator","brand":"YouBike 2.0","opening_hours":"24/7"},"geometry":{"type":"Point","coordinates":[121.5717,24.982]}},{"type":"Feature","properties":{"id":"osm:node:11453087688","name":"捷運動物園站(2號出口)","category":"bicycle_rental","nameEn":"MRT Taipei Zoo Sta. (Exit 2)","brand":"YouBike 2.0","opening_hours":"24/7"},"geometry":{"type":"Point","coordinates":[121.57875,24.99766]}},{"type":"Feature","properties":{"id":"osm:node:11453087689","name":"仙岩公園","category":"bicycle_rental","nameEn":"Sian Yan Park","brand":"YouBike 2.0","opening_hours":"24/7"},"geometry":{"type":"Point","coordinates":[121.54982,24.99797]}},{"type":"Feature","properties":{"id":"osm:node:11453087690","name":"忠誠忠義街口(南側)","category":"bicycle_rental","nameEn":"Zhongcheng Rd. & Zhongyi St. Intersection (South)","brand":"YouBike 2.0","opening_hours":"24/7"},"geometry":{"type":"Point","coordinates":[121.52869,25.10519]}},{"type":"Feature","properties":{"id":"osm:node:11453087691","name":"忠誠忠義街口(北側)","category":"bicycle_rental","nameEn":"Zhongcheng Rd. & Zhongyi St. Intersection (North)","brand":"YouBike 2.0","opening_hours":"24/7"},"geometry":{"type":"Point","coordinates":[121.52922,25.10566]}},{"type":"Feature","properties":{"id":"osm:node:11453087692","name":"福安河濱公園","category":"bicycle_rental","nameEn":"Fuan Riverside Park","brand":"YouBike 2.0","opening_hours":"24/7"},"geometry":{"type":"Point","coordinates":[121.49358,25.09646]}},{"type":"Feature","properties":{"id":"osm:node:11453087693","name":"美崙公園(東北側)","category":"bicycle_rental","nameEn":"Meilun Park (Northeast)","brand":"YouBike 2.0","opening_hours":"24/7"},"geometry":{"type":"Point","coordinates":[121.51835,25.09886]}},{"type":"Feature","properties":{"id":"osm:node:11453087694","name":"天母東路8巷/忠誠路二段154巷口","category":"bicycle_rental","nameEn":"Ln. 8, Tianmu E. Rd. & Ln. 154, Sec. 2, Zhongcheng Rd. Intersection","brand":"YouBike 2.0","opening_hours":"24/7"},"geometry":{"type":"Point","coordinates":[121.53113,25.11579]}},{"type":"Feature","properties":{"id":"osm:node:11453087695","name":"臺北市立大學(忠誠路二段207巷)","category":"bicycle_rental","nameEn":"University of Taipei (Ln. 270, Sec. 2, Zhongcheng Rd.)","brand":"YouBike 2.0","opening_hours":"24/7"},"geometry":{"type":"Point","coordinates":[121.53743,25.11642]}},{"type":"Feature","properties":{"id":"osm:node:11453087696","name":"美崙公園","category":"bicycle_rental","nameEn":"Meilun Park","brand":"YouBike 2.0","opening_hours":"24/7"},"geometry":{"type":"Point","coordinates":[121.51931,25.09677]}},{"type":"Feature","properties":{"id":"osm:node:11453087697","name":"士東路91巷口","category":"bicycle_rental","nameEn":"Ln. 91, Shidong Rd.","brand":"YouBike 2.0","opening_hours":"24/7"},"geometry":{"type":"Point","coordinates":[121.52914,25.11247]}},{"type":"Feature","properties":{"id":"osm:node:11453087698","name":"劍潭郵局","category":"bicycle_rental","nameEn":"Shihlin Jiantan Post Office","brand":"YouBike 2.0","opening_hours":"24/7"},"geometry":{"type":"Point","coordinates":[121.52431,25.08182]}},{"type":"Feature","properties":{"id":"osm:node:11453087699","name":"士商路40巷口","category":"bicycle_rental","nameEn":"Ln. 40, Shishang Rd.","brand":"YouBike 2.0","opening_hours":"24/7"},"geometry":{"type":"Point","coordinates":[121.52054,25.09013]}},{"type":"Feature","properties":{"id":"osm:node:11453087700","name":"海光公園南側","category":"bicycle_rental","nameEn":"Haiguang Park (South)","brand":"YouBike 2.0","opening_hours":"24/7"},"geometry":{"type":"Point","coordinates":[121.5084,25.08036]}},{"type":"Feature","properties":{"id":"osm:node:11453087701","name":"銘傳大學(中山北路五段280巷口)","category":"bicycle_rental","nameEn":"MCU (Ln. 280, Sec. 5, Zhongshan N. Rd.)","brand":"YouBike 2.0","opening_hours":"24/7"},"geometry":{"type":"Point","coordinates":[121.52711,25.08762]}},{"type":"Feature","properties":{"id":"osm:node:11453087702","name":"捷運芝山站(2號出口)_1","category":"bicycle_rental","nameEn":"MRT Zhishan Sta. (Exit 2)_1","brand":"YouBike 2.0","opening_hours":"24/7"},"geometry":{"type":"Point","coordinates":[121.52263,25.10336]}},{"type":"Feature","properties":{"id":"osm:node:11453087703","name":"捷運士林站(1號出口)","category":"bicycle_rental","nameEn":"MRT Shilin Sta. (Exit 1)","brand":"YouBike 2.0","opening_hours":"24/7"},"geometry":{"type":"Point","coordinates":[121.52552,25.09561]}},{"type":"Feature","properties":{"id":"osm:node:11453087704","name":"中山北路五段698巷口","category":"bicycle_rental","nameEn":"Ln. 698, Sec. 5, Zhongshan N. Rd.","brand":"YouBike 2.0","opening_hours":"24/7"},"geometry":{"type":"Point","coordinates":[121.52757,25.09765]}},{"type":"Feature","properties":{"id":"osm:node:11453087705","name":"承德後港街口","category":"bicycle_rental","nameEn":"Chengde Rd & Hougang St. Intersection","brand":"YouBike 2.0","opening_hours":"24/7"},"geometry":{"type":"Point","coordinates":[121.52309,25.08238]}},{"type":"Feature","properties":{"id":"osm:node:11453087706","name":"德行公園","category":"bicycle_rental","nameEn":"Dexing Park","brand":"YouBike 2.0","opening_hours":"24/7"},"geometry":{"type":"Point","coordinates":[121.52376,25.10585]}},{"type":"Feature","properties":{"id":"osm:node:11453087707","name":"中山福國路口","category":"bicycle_rental","nameEn":"Zhongshan N. Rd. & Fuguo Rd. Intersection","brand":"YouBike 2.0","opening_hours":"24/7"},"geometry":{"type":"Point","coordinates":[121.52561,25.10203]}},{"type":"Feature","properties":{"id":"osm:node:11453087708","name":"啟明學校","category":"bicycle_rental","nameEn":"Taipei School For The Visually Impaired","brand":"YouBike 2.0","opening_hours":"24/7"},"geometry":{"type":"Point","coordinates":[121.53472,25.11742]}},{"type":"Feature","properties":{"id":"osm:node:11453087709","name":"延平北路五段257巷4弄口","category":"bicycle_rental","nameEn":"Aly. 4, Ln. 257, Sec. 5, Yanping N. Rd.","brand":"YouBike 2.0","opening_hours":"24/7"},"geometry":{"type":"Point","coordinates":[121.5089,25.08471]}},{"type":"Feature","properties":{"id":"osm:node:11453087710","name":"延平北路五段257巷15弄口","category":"bicycle_rental","nameEn":"Aly. 15, Ln. 257, Sec. 5, Yanping N. Rd.","brand":"YouBike 2.0","opening_hours":"24/7"},"geometry":{"type":"Point","coordinates":[121.50959,25.08408]}},{"type":"Feature","properties":{"id":"osm:node:11453087711","name":"文林路101巷口","category":"bicycle_rental","nameEn":"Ln. 101, Wenlin Rd.","brand":"YouBike 2.0","opening_hours":"24/7"},"geometry":{"type":"Point","coordinates":[121.52608,25.08761]}},{"type":"Feature","properties":{"id":"osm:node:11453087712","name":"承德劍潭路口","category":"bicycle_rental","nameEn":"Chengde Rd. & Jiantan Rd. Intersection","brand":"YouBike 2.0","opening_hours":"24/7"},"geometry":{"type":"Point","coordinates":[121.52341,25.0841]}},{"type":"Feature","properties":{"id":"osm:node:11453087713","name":"士林區農會社子分部","category":"bicycle_rental","nameEn":"Shilin District Farmers' Association (Shezi St.)","brand":"YouBike 2.0","opening_hours":"24/7"},"geometry":{"type":"Point","coordinates":[121.5049,25.08912]}},{"type":"Feature","properties":{"id":"osm:node:11453087714","name":"社子市場","category":"bicycle_rental","nameEn":"Shezi Market","brand":"YouBike 2.0","opening_hours":"24/7"},"geometry":{"type":"Point","coordinates":[121.50873,25.0881]}},{"type":"Feature","properties":{"id":"osm:node:11453087715","name":"葫蘆國小(延平北路五段285巷)","category":"bicycle_rental","nameEn":"Hulu Elementary School (Ln. 285, Sec. 5, Yanping N. Rd.)","brand":"YouBike 2.0","opening_hours":"24/7"},"geometry":{"type":"Point","coordinates":[121.5067,25.08406]}},{"type":"Feature","properties":{"id":"osm:node:11453087716","name":"重慶北通河西街口","category":"bicycle_rental","nameEn":"Chongqing N. Rd. & Tonghe W. St. Intersection","brand":"YouBike 2.0","opening_hours":"24/7"},"geometry":{"type":"Point","coordinates":[121.51177,25.08756]}},{"type":"Feature","properties":{"id":"osm:node:11453087717","name":"德行東山路口","category":"bicycle_rental","nameEn":"Dexing Rd. & Dongshan Rd. Intersection","brand":"YouBike 2.0","opening_hours":"24/7"},"geometry":{"type":"Point","coordinates":[121.53999,25.1107]}},{"type":"Feature","properties":{"id":"osm:node:11453087718","name":"大龍市場","category":"bicycle_rental","nameEn":"Dalong Market","brand":"YouBike 2.0","opening_hours":"24/7"},"geometry":{"type":"Point","coordinates":[121.51451,25.07473]}},{"type":"Feature","properties":{"id":"osm:node:11453087719","name":"大同行政中心","category":"bicycle_rental","nameEn":"Datong District Admin. Center","brand":"YouBike 2.0","opening_hours":"24/7"},"geometry":{"type":"Point","coordinates":[121.51481,25.06603]}},{"type":"Feature","properties":{"id":"osm:node:11453087720","name":"延平涼州街口","category":"bicycle_rental","nameEn":"Yanping Rd. & Liangzhou St. Intersection","brand":"YouBike 2.0","opening_hours":"24/7"},"geometry":{"type":"Point","coordinates":[121.51126,25.06092]}},{"type":"Feature","properties":{"id":"osm:node:11453087721","name":"寧夏涼州街口","category":"bicycle_rental","nameEn":"Ningxia Rd. & Liangzhou St. Intersection","brand":"YouBike 2.0","opening_hours":"24/7","wheelchair":"yes"},"geometry":{"type":"Point","coordinates":[121.51428,25.06095]}},{"type":"Feature","properties":{"id":"osm:node:11453087722","name":"雙蓮國小","category":"bicycle_rental","nameEn":"ShuangLian Elementary School","brand":"YouBike 2.0","opening_hours":"24/7"},"geometry":{"type":"Point","coordinates":[121.51683,25.06157]}},{"type":"Feature","properties":{"id":"osm:node:11453087723","name":"成淵高中","category":"bicycle_rental","nameEn":"ChengYuan High School","brand":"YouBike 2.0","opening_hours":"24/7","wheelchair":"yes"},"geometry":{"type":"Point","coordinates":[121.51996,25.06036]}},{"type":"Feature","properties":{"id":"osm:node:11453087724","name":"承德鄭州路口(市民高架下)","category":"bicycle_rental","nameEn":"Chengde Rd. & Zhengzhou Rd. Intersection","brand":"YouBike 2.0","opening_hours":"24/7"},"geometry":{"type":"Point","coordinates":[121.51626,25.04879]}},{"type":"Feature","properties":{"id":"osm:node:11453087725","name":"樹德公園_1","category":"bicycle_rental","nameEn":"Shude Park","brand":"YouBike 2.0","opening_hours":"24/7"},"geometry":{"type":"Point","coordinates":[121.51615,25.06669]}},{"type":"Feature","properties":{"id":"osm:node:11453087726","name":"捷運圓山站(2號出口)","category":"bicycle_rental","nameEn":"MRT Yuanshan Sta. (Exit 2)","brand":"YouBike 2.0","opening_hours":"24/7"},"geometry":{"type":"Point","coordinates":[121.51929,25.07182]}},{"type":"Feature","properties":{"id":"osm:node:11453087727","name":"大同16號廣場","category":"bicycle_rental","nameEn":"Datong Plaza No.16","brand":"YouBike 2.0","opening_hours":"24/7"},"geometry":{"type":"Point","coordinates":[121.50826,25.05658]}},{"type":"Feature","properties":{"id":"osm:node:11453087728","name":"承德昌吉街口","category":"bicycle_rental","nameEn":"Chengde Rd. & Changji St. Intersection","brand":"YouBike 2.0","opening_hours":"24/7"},"geometry":{"type":"Point","coordinates":[121.51847,25.06587]}},{"type":"Feature","properties":{"id":"osm:node:11453087729","name":"捷運中山站(5號出口)","category":"bicycle_rental","nameEn":"MRT Zhongshan Sta. (Exit 5)","brand":"YouBike 2.0","opening_hours":"24/7"},"geometry":{"type":"Point","coordinates":[121.51938,25.05296]}},{"type":"Feature","properties":{"id":"osm:node:11453087730","name":"大稻埕碼頭","category":"bicycle_rental","nameEn":"Dadaocheng Wharf","brand":"YouBike 2.0","opening_hours":"24/7"},"geometry":{"type":"Point","coordinates":[121.50783,25.05662]}},{"type":"Feature","properties":{"id":"osm:node:11453087731","name":"圓山線形公園","category":"bicycle_rental","nameEn":"Linear Park - Yuanshan","brand":"YouBike 2.0","opening_hours":"24/7"},"geometry":{"type":"Point","coordinates":[121.51993,25.06867]}},{"type":"Feature","properties":{"id":"osm:node:11453087732","name":"臺灣師範大學(浦城街)","category":"bicycle_rental","nameEn":"National Taiwan Normal University (Pucheng St.)","brand":"YouBike 2.0","opening_hours":"24/7"},"geometry":{"type":"Point","coordinates":[121.52803,25.02476]}},{"type":"Feature","properties":{"id":"osm:node:11453087733","name":"仁愛大安路口(東北側)","category":"bicycle_rental","nameEn":"Ren'ai Rd. & Da'an Rd. Intersection (Northeast)","brand":"YouBike 2.0","opening_hours":"24/7"},"geometry":{"type":"Point","coordinates":[121.54631,25.03813]}},{"type":"Feature","properties":{"id":"osm:node:11453087734","name":"復興忠孝東路口(東南側)","category":"bicycle_rental","nameEn":"Zhongxiao E. Rd. & Fuxing S. Rd. Intersection (Southeast)","brand":"YouBike 2.0","opening_hours":"24/7"},"geometry":{"type":"Point","coordinates":[121.54389,25.04061]}},{"type":"Feature","properties":{"id":"osm:node:11453087735","name":"通安區民活動中心","category":"bicycle_rental","nameEn":"Ln. 108, Tong'an St.","brand":"YouBike 2.0","opening_hours":"24/7"},"geometry":{"type":"Point","coordinates":[121.55294,25.02942]}},{"type":"Feature","properties":{"id":"osm:node:11453087736","name":"敦化南路一段295巷口","category":"bicycle_rental","nameEn":"Ln. 295, Sec. 1, Dunhua S. Rd.","brand":"YouBike 2.0","opening_hours":"24/7"},"geometry":{"type":"Point","coordinates":[121.54951,25.03551]}},{"type":"Feature","properties":{"id":"osm:node:11453087737","name":"羅斯福浦城街口","category":"bicycle_rental","nameEn":"Roosevelt Rd. & Pucheng St. Intersection","brand":"YouBike 2.0","opening_hours":"24/7"},"geometry":{"type":"Point","coordinates":[121.52678,25.02208]}},{"type":"Feature","properties":{"id":"osm:node:11453087738","name":"仁愛延吉路口(西北側)","category":"bicycle_rental","nameEn":"Ren'ai Rd. & Yanji St. Intersection (Northwest)","brand":"YouBike 2.0","opening_hours":"24/7"},"geometry":{"type":"Point","coordinates":[121.55466,25.03795]}},{"type":"Feature","properties":{"id":"osm:node:11453087739","name":"忠孝東路四段248巷口","category":"bicycle_rental","nameEn":"Ln. 248, Sec. 4, Zhongxiao E. Rd.","brand":"YouBike 2.0","opening_hours":"24/7"},"geometry":{"type":"Point","coordinates":[121.55393,25.04132]}},{"type":"Feature","properties":{"id":"osm:node:11453087740","name":"羅斯福路四段113巷19弄口","category":"bicycle_rental","nameEn":"Aly. 19, Ln. 113, Sec. 4, Roosevelt Rd.","brand":"YouBike 2.0","opening_hours":"24/7"},"geometry":{"type":"Point","coordinates":[121.53998,25.01027]}},{"type":"Feature","properties":{"id":"osm:node:11453087741","name":"臨江公園","category":"bicycle_rental","nameEn":"Linjiang Park","brand":"YouBike 2.0","opening_hours":"24/7"},"geometry":{"type":"Point","coordinates":[121.55592,25.02832]}},{"type":"Feature","properties":{"id":"osm:node:11453087742","name":"捷運大安站(5號出口)","category":"bicycle_rental","nameEn":"MRT Da’an Sta. (Exit 5)","brand":"YouBike 2.0","opening_hours":"24/7","wheelchair":"no"},"geometry":{"type":"Point","coordinates":[121.54372,25.03303]}},{"type":"Feature","properties":{"id":"osm:node:11453087743","name":"和平東路二段18巷口","category":"bicycle_rental","nameEn":"Ln. 18, Sec. 2, Heping E. Rd.","brand":"YouBike 2.0","opening_hours":"24/7"},"geometry":{"type":"Point","coordinates":[121.53608,25.02268]}},{"type":"Feature","properties":{"id":"osm:node:11453087744","name":"立人國小","category":"bicycle_rental","nameEn":"Lih Jen International Private Elementary and Middle School","brand":"YouBike 2.0","opening_hours":"24/7"},"geometry":{"type":"Point","coordinates":[121.55146,25.02974]}},{"type":"Feature","properties":{"id":"osm:node:11453087745","name":"仁愛敦南圓環(西北側)","category":"bicycle_rental","nameEn":"Renai Dunnan Traffic Cir (Northwest)","brand":"YouBike 2.0","opening_hours":"24/7"},"geometry":{"type":"Point","coordinates":[121.54802,25.03827]}},{"type":"Feature","properties":{"id":"osm:node:11453087746","name":"懷生國中","category":"bicycle_rental","nameEn":"Huai Sheng Junior High School","brand":"YouBike 2.0","opening_hours":"24/7"},"geometry":{"type":"Point","coordinates":[121.54122,25.0401]}},{"type":"Feature","properties":{"id":"osm:node:11453087747","name":"捷運國父紀念館站(1號出口)","category":"bicycle_rental","nameEn":"MRT S.Y.S Memorial Hall Sta. (Exit 1)","brand":"YouBike 2.0","opening_hours":"24/7"},"geometry":{"type":"Point","coordinates":[121.55657,25.04205]}},{"type":"Feature","properties":{"id":"osm:node:11453087748","name":"原臺北刑務所官舍","category":"bicycle_rental","nameEn":"Former Taipei Prison Office","brand":"YouBike 2.0","opening_hours":"24/7"},"geometry":{"type":"Point","coordinates":[121.52466,25.03054]}},{"type":"Feature","properties":{"id":"osm:node:11453087749","name":"敦化南路二段81巷","category":"bicycle_rental","nameEn":"Ln. 81, Sec. 2, Dunhua S. Rd.","brand":"YouBike 2.0","opening_hours":"24/7"},"geometry":{"type":"Point","coordinates":[121.54893,25.03002]}},{"type":"Feature","properties":{"id":"osm:node:11453087750","name":"臺大資訊大樓","category":"bicycle_rental","nameEn":"NTU Information Building","brand":"YouBike 2.0","opening_hours":"24/7"},"geometry":{"type":"Point","coordinates":[121.54153,25.02101]}},{"type":"Feature","properties":{"id":"osm:node:11453087751","name":"信義路四段199巷","category":"bicycle_rental","nameEn":"Ln. 199, Sec. 4, Xinyi Rd.","brand":"YouBike 2.0","opening_hours":"24/7"},"geometry":{"type":"Point","coordinates":[121.55164,25.03459]}},{"type":"Feature","properties":{"id":"osm:node:11453087752","name":"捷運大安站(3號出口)","category":"bicycle_rental","nameEn":"MRT Da’an Sta. (Exit 3)","brand":"YouBike 2.0","opening_hours":"24/7","wheelchair":"no"},"geometry":{"type":"Point","coordinates":[121.5425,25.03328]}},{"type":"Feature","properties":{"id":"osm:node:11453087753","name":"四維路170巷口","category":"bicycle_rental","nameEn":"Ln. 170, Siwei Rd.","brand":"YouBike 2.0","opening_hours":"24/7"},"geometry":{"type":"Point","coordinates":[121.54864,25.02821]}},{"type":"Feature","properties":{"id":"osm:node:11453087754","name":"外交部外交及國際事務學院","category":"bicycle_rental","nameEn":"Institute of Diplomacy and International Affairs","brand":"YouBike 2.0","opening_hours":"24/7"},"geometry":{"type":"Point","coordinates":[121.54839,25.0371]}},{"type":"Feature","properties":{"id":"osm:node:11453087755","name":"臺北遠企購物中心","category":"bicycle_rental","nameEn":"The Mall","brand":"YouBike 2.0","opening_hours":"24/7"},"geometry":{"type":"Point","coordinates":[121.54902,25.02709]}},{"type":"Feature","properties":{"id":"osm:node:11453087756","name":"仁愛敦南圓環(東南側)","category":"bicycle_rental","nameEn":"Renai Dunnan Traffic Cir (Southeast)","brand":"YouBike 2.0","opening_hours":"24/7"},"geometry":{"type":"Point","coordinates":[121.54936,25.03715]}},{"type":"Feature","properties":{"id":"osm:node:11453087757","name":"信義路三段134巷口","category":"bicycle_rental","nameEn":"Ln. 134, Sec. 3, Xinyi Rd.","brand":"YouBike 2.0","opening_hours":"24/7"},"geometry":{"type":"Point","coordinates":[121.53968,25.03333]}},{"type":"Feature","properties":{"id":"osm:node:11453087758","name":"和平新生路口西南側","category":"bicycle_rental","nameEn":"Heping Rd. & Xinsheng S. Rd. Intersection (Southwest)","brand":"YouBike 2.0","opening_hours":"24/7"},"geometry":{"type":"Point","coordinates":[121.534,25.02604]}},{"type":"Feature","properties":{"id":"osm:node:11453087759","name":"市民復興路口(東南側)","category":"bicycle_rental","nameEn":"Civic Blvd. & Fuxing Rd. Intersection (Southeast)","brand":"YouBike 2.0","opening_hours":"24/7"},"geometry":{"type":"Point","coordinates":[121.54401,25.04472]}},{"type":"Feature","properties":{"id":"osm:node:11453087760","name":"忠孝東路四段49巷口","category":"bicycle_rental","nameEn":"Ln. 49, Sec. 4, Zhongxiao E. Rd.","brand":"YouBike 2.0","opening_hours":"24/7"},"geometry":{"type":"Point","coordinates":[121.54541,25.04172]}},{"type":"Feature","properties":{"id":"osm:node:11453087761","name":"市民敦化路口","category":"bicycle_rental","nameEn":"Civic Blvd. & Dunhua Rd. Intersection","brand":"YouBike 2.0","opening_hours":"24/7"},"geometry":{"type":"Point","coordinates":[121.54944,25.04464]}},{"type":"Feature","properties":{"id":"osm:node:11453087762","name":"芳蘭山莊","category":"bicycle_rental","nameEn":"Fanglan","brand":"YouBike 2.0","opening_hours":"24/7"},"geometry":{"type":"Point","coordinates":[121.54788,25.01223]}},{"type":"Feature","properties":{"id":"osm:node:11453087763","name":"捷運忠孝新生站(4號出口)","category":"bicycle_rental","nameEn":"MRT Zhongxiao Xinsheng Sta. (Exit 4)","brand":"YouBike 2.0","opening_hours":"24/7"},"geometry":{"type":"Point","coordinates":[121.53324,25.04239]}},{"type":"Feature","properties":{"id":"osm:node:11536899498","name":"中央陸橋 (中央一街)","category":"bicycle_rental","brand":"YouBike 2.0","opening_hours":"24/7"},"geometry":{"type":"Point","coordinates":[121.527312,24.973705]}},{"type":"Feature","properties":{"id":"osm:node:11964900798","name":"埔新街61巷口","category":"bicycle_rental","nameEn":"Ln. 61, Puxin St. Intersection","brand":"YouBike 2.0","opening_hours":"24/7"},"geometry":{"type":"Point","coordinates":[121.61987,25.00241]}},{"type":"Feature","properties":{"id":"osm:node:11964900799","name":"深坑國中","category":"bicycle_rental","nameEn":"Shenkeng Junior High School","brand":"YouBike 2.0","opening_hours":"24/7"},"geometry":{"type":"Point","coordinates":[121.61889,25.00167]}},{"type":"Feature","properties":{"id":"osm:node:11966309541","name":"木柵萬芳路口","category":"bicycle_rental","nameEn":"Muzha &Wanfang Rd. Intersection","brand":"YouBike 2.0","opening_hours":"24/7"},"geometry":{"type":"Point","coordinates":[121.57199,24.99509]}},{"type":"Feature","properties":{"id":"osm:node:11969667324","name":"辛亥木柵路口","category":"bicycle_rental","nameEn":"XinHai Rd. & MuZha Rd. Intersection","brand":"YouBike 2.0","opening_hours":"24/7"},"geometry":{"type":"Point","coordinates":[121.552365,24.988304]}},{"type":"Feature","properties":{"id":"osm:node:11969667325","name":"木新路三段155巷口","category":"bicycle_rental","nameEn":"Ln. 155, Sec. 3, MuXin Rd.","brand":"YouBike 2.0","opening_hours":"24/7"},"geometry":{"type":"Point","coordinates":[121.56125,24.98184]}},{"type":"Feature","properties":{"id":"osm:node:11970542134","name":"興泰公園","category":"bicycle_rental","nameEn":"Sing Tai Park","brand":"YouBike 2.0","opening_hours":"24/7"},"geometry":{"type":"Point","coordinates":[121.55582,25.00492]}},{"type":"Feature","properties":{"id":"osm:node:11970542135","name":"福興路78巷","category":"bicycle_rental","nameEn":"Ln. 78, Fuxing Rd.","brand":"YouBike 2.0","opening_hours":"24/7"},"geometry":{"type":"Point","coordinates":[121.550475,25.00442]}},{"type":"Feature","properties":{"id":"osm:node:11970542136","name":"興岩社會福利綜合大樓","category":"bicycle_rental","nameEn":"Taipei City Xing Yan Social Welfare Services Building","brand":"YouBike 2.0","opening_hours":"24/7"},"geometry":{"type":"Point","coordinates":[121.54941,25.00061]}},{"type":"Feature","properties":{"id":"osm:node:11970542137","name":"興隆路二段22巷9弄口","category":"bicycle_rental","nameEn":"Aly. 9, Ln. 22, Sec. 2, XingLong Rd.","brand":"YouBike 2.0","opening_hours":"24/7"},"geometry":{"type":"Point","coordinates":[121.54543,24.99746]}},{"type":"Feature","properties":{"id":"osm:node:11970542138","name":"景興路102巷口","category":"bicycle_rental","nameEn":"Ln. 102, JingXing Rd.","brand":"YouBike 2.0","opening_hours":"24/7"},"geometry":{"type":"Point","coordinates":[121.54376,24.99438]}},{"type":"Feature","properties":{"id":"osm:node:11970542139","name":"景福街223巷","category":"bicycle_rental","nameEn":"Ln. 223, JingFu St.","brand":"YouBike 2.0","opening_hours":"24/7"},"geometry":{"type":"Point","coordinates":[121.53844,24.99442]}},{"type":"Feature","properties":{"id":"osm:node:12020437367","name":"捷運木柵站(西側)","category":"bicycle_rental","nameEn":"MRT Muzha Sta. (West)","brand":"YouBike 2.0","opening_hours":"24/7"},"geometry":{"type":"Point","coordinates":[121.572811,24.99827]}},{"type":"Feature","properties":{"id":"osm:node:12041261616","name":"德昌街125巷口","category":"bicycle_rental","nameEn":"Ln. 125, DeChang St.","brand":"YouBike 2.0","opening_hours":"24/7"},"geometry":{"type":"Point","coordinates":[121.49639,25.02406]}},{"type":"Feature","properties":{"id":"osm:node:12243937343","name":"臺大禮賢樓西側","category":"bicycle_rental","nameEn":"NTU LIxian Hall (West)","brand":"YouBike 2.0","opening_hours":"24/7"},"geometry":{"type":"Point","coordinates":[121.53765,25.01467]}},{"type":"Feature","properties":{"id":"osm:node:12434854401","name":"捷運蘆洲站(蘆洲捷運公園)","category":"bicycle_rental","nameEn":"MRT LuZhou Sta.(LuZhou Metro Park)","brand":"YouBike 2.0","opening_hours":"24/7"},"geometry":{"type":"Point","coordinates":[121.46358,25.09165]}},{"type":"Feature","properties":{"id":"osm:node:12434854402","name":"蘆洲仁愛國小(水湳街)","category":"bicycle_rental","nameEn":"Ren-Ai Elementary School (ShuiNan St.)","brand":"YouBike 2.0","opening_hours":"24/7"},"geometry":{"type":"Point","coordinates":[121.46947,25.09209]}},{"type":"Feature","properties":{"id":"osm:node:12434854403","name":"永平公園(東南側)","category":"bicycle_rental","nameEn":"YongPing Park (Southeast)","brand":"YouBike 2.0","opening_hours":"24/7"},"geometry":{"type":"Point","coordinates":[121.45909,25.08985]}},{"type":"Feature","properties":{"id":"osm:node:12434854404","name":"三民民族路口","category":"bicycle_rental","nameEn":"SanMin Rd. & MinZu Rd. Intersection","brand":"YouBike 2.0","opening_hours":"24/7"},"geometry":{"type":"Point","coordinates":[121.47494,25.08367]}},{"type":"Feature","properties":{"id":"osm:node:12434854405","name":"民族路257巷/民族路327巷","category":"bicycle_rental","nameEn":"Ln. 257, Minzu Rd. & Ln. 327, Minzu Rd. Intersection","brand":"YouBike 2.0","opening_hours":"24/7"},"geometry":{"type":"Point","coordinates":[121.47515,25.09021]}},{"type":"Feature","properties":{"id":"osm:node:12434854406","name":"九芎街90巷口","category":"bicycle_rental","nameEn":"Ln. 90, Jiuqiong St.","brand":"YouBike 2.0","opening_hours":"24/7"},"geometry":{"type":"Point","coordinates":[121.46567,25.08024]}},{"type":"Feature","properties":{"id":"osm:node:12434854407","name":"國道路二段88號","category":"bicycle_rental","nameEn":"No. 88, Sec. 2, Guodao Rd.","brand":"YouBike 2.0","opening_hours":"24/7"},"geometry":{"type":"Point","coordinates":[121.47198,25.07455]}},{"type":"Feature","properties":{"id":"osm:node:12434854415","name":"中正思源路口(西南側)","category":"bicycle_rental","nameEn":"ZhongZheng Rd. & SiYuan Rd. Intersection (Southwest)","brand":"YouBike 2.0","opening_hours":"24/7"},"geometry":{"type":"Point","coordinates":[121.4595,25.03821]}},{"type":"Feature","properties":{"id":"osm:node:12434854416","name":"台水新莊服務所","category":"bicycle_rental","nameEn":"TWC (SinJhuang Service Center)","brand":"YouBike 2.0","opening_hours":"24/7"},"geometry":{"type":"Point","coordinates":[121.46019,25.04152]}},{"type":"Feature","properties":{"id":"osm:node:12434854417","name":"中正思源路口(東北側)","category":"bicycle_rental","nameEn":"ZhongZheng Rd. & SiYuan Rd. Intersection (Northeast)","brand":"YouBike 2.0","opening_hours":"24/7"},"geometry":{"type":"Point","coordinates":[121.46103,25.03938]}},{"type":"Feature","properties":{"id":"osm:node:12434854418","name":"幸福路678巷口","category":"bicycle_rental","nameEn":"Ln. 678, XingFu Rd.","brand":"YouBike 2.0","opening_hours":"24/7"},"geometry":{"type":"Point","coordinates":[121.45063,25.0492]}},{"type":"Feature","properties":{"id":"osm:node:12434854420","name":"捷運幸福站(2號出口)","category":"bicycle_rental","nameEn":"MRT XingFu Sta. (Exit 2)","brand":"YouBike 2.0","opening_hours":"24/7"},"geometry":{"type":"Point","coordinates":[121.46028,25.04955]}},{"type":"Feature","properties":{"id":"osm:node:12434854421","name":"福慧新知八路口","category":"bicycle_rental","nameEn":"Fuhui Rd. & Xinzhi 8th Rd. Intersection","brand":"YouBike 2.0","opening_hours":"24/7"},"geometry":{"type":"Point","coordinates":[121.45519,25.06204]}},{"type":"Feature","properties":{"id":"osm:node:12434854424","name":"頭前運動公園(頭前路)","category":"bicycle_rental","nameEn":"Touqian Sports Park (Touqian Rd.)","brand":"YouBike 2.0","opening_hours":"24/7"},"geometry":{"type":"Point","coordinates":[121.46362,25.05237]}},{"type":"Feature","properties":{"id":"osm:node:12434854425","name":"麗水富貴路口(聯合公園社區)","category":"bicycle_rental","nameEn":"Lishui St. & Fugui Rd. Intersection","brand":"YouBike 2.0","opening_hours":"24/7"},"geometry":{"type":"Point","coordinates":[121.45162,25.05697]}},{"type":"Feature","properties":{"id":"osm:node:12434854426","name":"碧潭大橋(溪洲路6巷)","category":"bicycle_rental","nameEn":"BiTan Bridge (Ln. 6, XiZhou Rd.)","brand":"YouBike 2.0","opening_hours":"24/7"},"geometry":{"type":"Point","coordinates":[121.53426,24.96061]}},{"type":"Feature","properties":{"id":"osm:node:12434854427","name":"民權二十張路口","category":"bicycle_rental","nameEn":"MinQuan Rd. & ErShiZhang Rd. Intersection","brand":"YouBike 2.0","opening_hours":"24/7"},"geometry":{"type":"Point","coordinates":[121.53966,24.98291]}},{"type":"Feature","properties":{"id":"osm:node:12434854428","name":"寶高路120巷口","category":"bicycle_rental","nameEn":"Ln. 120, Baogao Rd. Intersection","brand":"YouBike 2.0","opening_hours":"24/7"},"geometry":{"type":"Point","coordinates":[121.55433,24.97622]}},{"type":"Feature","properties":{"id":"osm:node:12434854430","name":"新和街32巷口","category":"bicycle_rental","nameEn":"Ln. 32, Xinhe St. Intersection","brand":"YouBike 2.0","opening_hours":"24/7"},"geometry":{"type":"Point","coordinates":[121.519239,24.984532]}},{"type":"Feature","properties":{"id":"osm:node:12434854431","name":"新安永安街94巷口","category":"bicycle_rental","nameEn":"Ln. 94, Yong'an St. (LRT Viaduct)","brand":"YouBike 2.0","opening_hours":"24/7"},"geometry":{"type":"Point","coordinates":[121.520146,24.98433]}},{"type":"Feature","properties":{"id":"osm:node:12434854432","name":"新安永安街口","category":"bicycle_rental","nameEn":"Yong'an St. (LRT Viaduct)","brand":"YouBike 2.0","opening_hours":"24/7"},"geometry":{"type":"Point","coordinates":[121.52138,24.98542]}},{"type":"Feature","properties":{"id":"osm:node:12434854433","name":"中央新村(中央三街)","category":"bicycle_rental","nameEn":"Zhongyang New Village","brand":"YouBike 2.0","opening_hours":"24/7"},"geometry":{"type":"Point","coordinates":[121.52488,24.9764]}},{"type":"Feature","properties":{"id":"osm:node:12434854434","name":"安和路二段117巷口","category":"bicycle_rental","nameEn":"Ln. 117, Sec. 2, Anhe Rd. Intersection","brand":"YouBike 2.0","opening_hours":"24/7"},"geometry":{"type":"Point","coordinates":[121.51883,24.97029]}},{"type":"Feature","properties":{"id":"osm:node:12434854435","name":"啟文央北二路口(中央公園社區)","category":"bicycle_rental","nameEn":"Qiwen Rd. & Yangbei 2nd Rd. Intersection","brand":"YouBike 2.0","opening_hours":"24/7"},"geometry":{"type":"Point","coordinates":[121.52935,24.97976]}},{"type":"Feature","properties":{"id":"osm:node:12434854436","name":"安和碧安街口","category":"bicycle_rental","nameEn":"Anhe Rd. & Bi'an St. Intersection","brand":"YouBike 2.0","opening_hours":"24/7"},"geometry":{"type":"Point","coordinates":[121.51776,24.96696]}},{"type":"Feature","properties":{"id":"osm:node:12434854437","name":"中山路31巷(波爾多2社區)","category":"bicycle_rental","nameEn":"Ln. 31, Zhongshan Rd.","brand":"YouBike 2.0","opening_hours":"24/7"},"geometry":{"type":"Point","coordinates":[121.52478,24.9803]}},{"type":"Feature","properties":{"id":"osm:node:12434854438","name":"忠誠里(北新路2段97巷)","category":"bicycle_rental","nameEn":"Zhongcheng Village (Ln. 97, Sec. 2, Beixin Rd)","brand":"YouBike 2.0","opening_hours":"24/7"},"geometry":{"type":"Point","coordinates":[121.54278,24.97427]}},{"type":"Feature","properties":{"id":"osm:node:12434854449","name":"中山路二段565巷","category":"bicycle_rental","nameEn":"Ln. 565, Sec. 2, ZhongShan Rd.","brand":"YouBike 2.0","opening_hours":"24/7"},"geometry":{"type":"Point","coordinates":[121.48402,25.02263]}},{"type":"Feature","properties":{"id":"osm:node:12434854450","name":"松柏街50巷90弄口","category":"bicycle_rental","nameEn":"Aly. 90, Ln. 50, SongBo St. Intersection","brand":"YouBike 2.0","opening_hours":"24/7"},"geometry":{"type":"Point","coordinates":[121.47621,25.02833]}},{"type":"Feature","properties":{"id":"osm:node:12434854451","name":"民治街81巷","category":"bicycle_rental","nameEn":"Ln. 81, MinZhi St.","brand":"YouBike 2.0","opening_hours":"24/7"},"geometry":{"type":"Point","coordinates":[121.48005,25.03223]}},{"type":"Feature","properties":{"id":"osm:node:12434854452","name":"光復街/中山路二段412巷口","category":"bicycle_rental","nameEn":"GuangFu St. & Ln. 412, Sec. 2, ZhongShan Rd. Intersection","brand":"YouBike 2.0","opening_hours":"24/7"},"geometry":{"type":"Point","coordinates":[121.48399,25.01902]}},{"type":"Feature","properties":{"id":"osm:node:12434854453","name":"民生縣民大道口(東南側)","category":"bicycle_rental","nameEn":"MinSheng Rd. & XianMin Blvd. Intersection","brand":"YouBike 2.0","opening_hours":"24/7"},"geometry":{"type":"Point","coordinates":[121.47166,25.01862]}},{"type":"Feature","properties":{"id":"osm:node:12434854454","name":"板橋公車站","category":"bicycle_rental","nameEn":"Banqiao Bus Sta.","brand":"YouBike 2.0","opening_hours":"24/7"},"geometry":{"type":"Point","coordinates":[121.4621,25.01269]}},{"type":"Feature","properties":{"id":"osm:node:12434854456","name":"板橋國小","category":"bicycle_rental","nameEn":"Banqiao Elementary School","brand":"YouBike 2.0","opening_hours":"24/7"},"geometry":{"type":"Point","coordinates":[121.45815,25.01074]}},{"type":"Feature","properties":{"id":"osm:node:12434854457","name":"江翠國中活動中心地下停車場","category":"bicycle_rental","nameEn":"Jiangcui Junior High School Activity Center Car Park","brand":"YouBike 2.0","opening_hours":"24/7"},"geometry":{"type":"Point","coordinates":[121.46623,25.02838]}},{"type":"Feature","properties":{"id":"osm:node:12434854458","name":"後埔國小(實踐路/重慶路155巷口)","category":"bicycle_rental","nameEn":"Houpu Elementary School (ShiJian Rd. & Ln. 155, ChongQing Rd. Intersection)","brand":"YouBike 2.0","opening_hours":"24/7"},"geometry":{"type":"Point","coordinates":[121.46417,25.00412]}},{"type":"Feature","properties":{"id":"osm:node:12434854459","name":"府中汽車停車場","category":"bicycle_rental","nameEn":"FuZhong Car Park","brand":"YouBike 2.0","opening_hours":"24/7"},"geometry":{"type":"Point","coordinates":[121.45882,25.00745]}},{"type":"Feature","properties":{"id":"osm:node:12434854460","name":"民族路225巷","category":"bicycle_rental","nameEn":"Ln. 225, Minzu Rd.","brand":"YouBike 2.0","opening_hours":"24/7","wheelchair":"yes"},"geometry":{"type":"Point","coordinates":[121.46995,25.00779]}},{"type":"Feature","properties":{"id":"osm:node:12434854461","name":"國慶路149巷口","category":"bicycle_rental","nameEn":"Ln. 149, Guoqing Rd. Intersection","brand":"YouBike 2.0","opening_hours":"24/7"},"geometry":{"type":"Point","coordinates":[121.46151,24.99605]}},{"type":"Feature","properties":{"id":"osm:node:12434854462","name":"文化懷德街口","category":"bicycle_rental","nameEn":"Wenhua Rd. & Huaide St. Intersection","brand":"YouBike 2.0","opening_hours":"24/7"},"geometry":{"type":"Point","coordinates":[121.47574,25.03359]}},{"type":"Feature","properties":{"id":"osm:node:12434854463","name":"文德新海路口","category":"bicycle_rental","nameEn":"Wende Rd. & Xinhai Rd. Intersection","brand":"YouBike 2.0","opening_hours":"24/7"},"geometry":{"type":"Point","coordinates":[121.46112,25.02353]}},{"type":"Feature","properties":{"id":"osm:node:12434854464","name":"縣民富山街口","category":"bicycle_rental","nameEn":"Xianmin Blvd. & Fushan St. Intersection","brand":"YouBike 2.0","opening_hours":"24/7"},"geometry":{"type":"Point","coordinates":[121.47605,25.02201]}},{"type":"Feature","properties":{"id":"osm:node:12434854465","name":"華江一華江二路口(吾界社區)","category":"bicycle_rental","nameEn":"Huajiang 1st Rd. & Huajiang 2nd Rd. Intersection","brand":"YouBike 2.0","opening_hours":"24/7"},"geometry":{"type":"Point","coordinates":[121.47677,25.03596]}},{"type":"Feature","properties":{"id":"osm:node:12434854466","name":"華江五華江一路口(帝國花園廣場社區)","category":"bicycle_rental","nameEn":"Huajiang 5th Rd. & Huajiang 1st Rd. Intersection","brand":"YouBike 2.0","opening_hours":"24/7"},"geometry":{"type":"Point","coordinates":[121.47336,25.03474]}},{"type":"Feature","properties":{"id":"osm:node:12434854467","name":"華江二華江一路口(帝國花園廣場社區)","category":"bicycle_rental","nameEn":"Huajiang 2nd Rd. & Huajiang 1st Rd. Intersection","brand":"YouBike 2.0","opening_hours":"24/7"},"geometry":{"type":"Point","coordinates":[121.47523,25.03544]}},{"type":"Feature","properties":{"id":"osm:node:12434854468","name":"港嘴活動中心","category":"bicycle_rental","nameEn":"Kang chhui Civic Activity Center","brand":"YouBike 2.0","opening_hours":"24/7"},"geometry":{"type":"Point","coordinates":[121.4814,25.02578]}},{"type":"Feature","properties":{"id":"osm:node:12434854477","name":"同興工建路口","category":"bicycle_rental","nameEn":"TongXing Rd. & GongJian Rd. Intersection","brand":"YouBike 2.0","opening_hours":"24/7","wheelchair":"yes"},"geometry":{"type":"Point","coordinates":[121.63682,25.06249]}},{"type":"Feature","properties":{"id":"osm:node:12434854478","name":"汐止國小","category":"bicycle_rental","nameEn":"Xizhi Elementary School","brand":"YouBike 2.0","opening_hours":"24/7"},"geometry":{"type":"Point","coordinates":[121.65433,25.06612]}},{"type":"Feature","properties":{"id":"osm:node:12434854479","name":"濱湖大第(康寧街)","category":"bicycle_rental","nameEn":"BinHu DaDi (KangNing St.)","brand":"YouBike 2.0","opening_hours":"24/7"},"geometry":{"type":"Point","coordinates":[121.63758,25.07225]}},{"type":"Feature","properties":{"id":"osm:node:12434854480","name":"汐萬路一段343巷","category":"bicycle_rental","nameEn":"Ln. 343, Sec. 1, XiWan Rd.","brand":"YouBike 2.0","opening_hours":"24/7"},"geometry":{"type":"Point","coordinates":[121.64971,25.07716]}},{"type":"Feature","properties":{"id":"osm:node:12434854482","name":"同興大同路口","category":"bicycle_rental","nameEn":"TongXing Rd. & DaTong Rd. Intersection","brand":"YouBike 2.0","opening_hours":"24/7"},"geometry":{"type":"Point","coordinates":[121.63882,25.05981]}},{"type":"Feature","properties":{"id":"osm:node:12434854483","name":"汐萬康寧街口","category":"bicycle_rental","nameEn":"Xiwan Rd. & Kangning St. Intersection","brand":"YouBike 2.0","opening_hours":"24/7"},"geometry":{"type":"Point","coordinates":[121.65023,25.07479]}},{"type":"Feature","properties":{"id":"osm:node:12434854484","name":"汐萬抽水站","category":"bicycle_rental","nameEn":"Xiwan Pumping Station","brand":"YouBike 2.0","opening_hours":"24/7"},"geometry":{"type":"Point","coordinates":[121.64843,25.0827]}},{"type":"Feature","properties":{"id":"osm:node:12434854491","name":"石碇","category":"bicycle_rental","nameEn":"ShiDing","brand":"YouBike 2.0","opening_hours":"24/7"},"geometry":{"type":"Point","coordinates":[121.65891,24.99139]}},{"type":"Feature","properties":{"id":"osm:node:12434854493","name":"福和國中(永利路)","category":"bicycle_rental","nameEn":"Fuhe Junior High School (YongLi Rd.)","brand":"YouBike 2.0","opening_hours":"24/7"},"geometry":{"type":"Point","coordinates":[121.52033,25.00432]}},{"type":"Feature","properties":{"id":"osm:node:12434854494","name":"中正路242巷口","category":"bicycle_rental","nameEn":"Ln. 242, Zhongzheng Rd. Intersection","brand":"YouBike 2.0","opening_hours":"24/7"},"geometry":{"type":"Point","coordinates":[121.51634,24.99816]}},{"type":"Feature","properties":{"id":"osm:node:12434854495","name":"錦和運動公園","category":"bicycle_rental","nameEn":"JinHe Sports Park","brand":"YouBike 2.0","opening_hours":"24/7"},"geometry":{"type":"Point","coordinates":[121.49073,24.99213]}},{"type":"Feature","properties":{"id":"osm:node:12434854496","name":"建二建三路口","category":"bicycle_rental","nameEn":"Jian 2nd Rd. & Jian 3rd Rd. Intersection","brand":"YouBike 2.0","opening_hours":"24/7"},"geometry":{"type":"Point","coordinates":[121.4868,25.00369]}},{"type":"Feature","properties":{"id":"osm:node:12434854497","name":"員山市場臨時平面停車場","category":"bicycle_rental","nameEn":"YuanShan Market Car Park","brand":"YouBike 2.0","opening_hours":"24/7"},"geometry":{"type":"Point","coordinates":[121.48063,25.00676]}},{"type":"Feature","properties":{"id":"osm:node:12434854498","name":"福祥永和路口","category":"bicycle_rental","nameEn":"Fuxiang Rd. & Yonghe Rd. Intersection","brand":"YouBike 2.0","opening_hours":"24/7"},"geometry":{"type":"Point","coordinates":[121.49938,25.00365]}},{"type":"Feature","properties":{"id":"osm:node:12434854499","name":"中和公園(安平中安街口)","category":"bicycle_rental","nameEn":"Zhonghe Park (Anping Rd. & Zhong'an St. Intersection)","brand":"YouBike 2.0","opening_hours":"24/7","wheelchair":"yes"},"geometry":{"type":"Point","coordinates":[121.51258,24.99856]}},{"type":"Feature","properties":{"id":"osm:node:12434854500","name":"大仁街20巷口","category":"bicycle_rental","nameEn":"Ln. 20, Daren St. Intersection","brand":"YouBike 2.0","opening_hours":"24/7"},"geometry":{"type":"Point","coordinates":[121.52008,24.9934]}},{"type":"Feature","properties":{"id":"osm:node:12434854501","name":"台灣科技公園","category":"bicycle_rental","nameEn":"Taiwan Tech. Park","brand":"YouBike 2.0","opening_hours":"24/7"},"geometry":{"type":"Point","coordinates":[121.49115,24.99855]}},{"type":"Feature","properties":{"id":"osm:node:12434854504","name":"永豐路157巷口","category":"bicycle_rental","nameEn":"Ln. 157, Yongfeng Rd. Intersection","brand":"YouBike 2.0","opening_hours":"24/7"},"geometry":{"type":"Point","coordinates":[121.46709,24.98171]}},{"type":"Feature","properties":{"id":"osm:node:12434854507","name":"青隆青福街口","category":"bicycle_rental","nameEn":"QingLong St. & QingFu St. Intersection","brand":"YouBike 2.0","opening_hours":"24/7"},"geometry":{"type":"Point","coordinates":[121.45665,24.97974]}},{"type":"Feature","properties":{"id":"osm:node:12434854509","name":"頂崁街210巷28弄口","category":"bicycle_rental","nameEn":"Aly. 28, Ln. 210, DingKan St. Intersection","brand":"YouBike 2.0","opening_hours":"24/7"},"geometry":{"type":"Point","coordinates":[121.47586,25.06803]}},{"type":"Feature","properties":{"id":"osm:node:12434854510","name":"三和國中(自強路三段110巷)","category":"bicycle_rental","nameEn":"Sanhe Junior High School (Ln. 110, Sec. 3, ZiQiang Rd.)","brand":"YouBike 2.0","opening_hours":"24/7"},"geometry":{"type":"Point","coordinates":[121.48694,25.0748]}},{"type":"Feature","properties":{"id":"osm:node:12434854511","name":"修德國小(重陽路三段)","category":"bicycle_rental","nameEn":"Sioude Elementary School (Sec. 3, ChongYang Rd.)","brand":"YouBike 2.0","opening_hours":"24/7"},"geometry":{"type":"Point","coordinates":[121.48895,25.0662]}},{"type":"Feature","properties":{"id":"osm:node:12434854512","name":"仁愛仁和街口","category":"bicycle_rental","nameEn":"RenAi St. & RenHe St. Intersection","brand":"YouBike 2.0","opening_hours":"24/7"},"geometry":{"type":"Point","coordinates":[121.49569,25.07354]}},{"type":"Feature","properties":{"id":"osm:node:12434854513","name":"三張地下停車場","category":"bicycle_rental","nameEn":"SanZhang Car Park","brand":"YouBike 2.0","opening_hours":"24/7"},"geometry":{"type":"Point","coordinates":[121.48981,25.07054]}},{"type":"Feature","properties":{"id":"osm:node:12434854514","name":"慈化公園","category":"bicycle_rental","nameEn":"Cihua Park","brand":"YouBike 2.0","opening_hours":"24/7"},"geometry":{"type":"Point","coordinates":[121.48864,25.08461]}},{"type":"Feature","properties":{"id":"osm:node:12434854515","name":"三信集英路口","category":"bicycle_rental","nameEn":"Sanxin Rd. & Jiying Rd. Intersection","brand":"YouBike 2.0","opening_hours":"24/7"},"geometry":{"type":"Point","coordinates":[121.48748,25.08563]}},{"type":"Feature","properties":{"id":"osm:node:12434854516","name":"三和路四段73號旁","category":"bicycle_rental","nameEn":"No. 73, Sec. 4, Sanhe Rd. (Side)","brand":"YouBike 2.0","opening_hours":"24/7"},"geometry":{"type":"Point","coordinates":[121.48977,25.07513]}},{"type":"Feature","properties":{"id":"osm:node:12434854517","name":"集美街58巷口(東北側)","category":"bicycle_rental","nameEn":"No. 18, Jimei St. (Front)","brand":"YouBike 2.0","opening_hours":"24/7"},"geometry":{"type":"Point","coordinates":[121.48833,25.055]}},{"type":"Feature","properties":{"id":"osm:node:12434854518","name":"光復中興北街175巷口(西北側)","category":"bicycle_rental","nameEn":"Guangfu Rd. & Ln. 175, Zhongxing N. St. Intersection (Northwest)","brand":"YouBike 2.0","opening_hours":"24/7"},"geometry":{"type":"Point","coordinates":[121.47205,25.05676]}},{"type":"Feature","properties":{"id":"osm:node:12434854519","name":"光復路二段42巷口","category":"bicycle_rental","nameEn":"Ln. 42, Sec. 2, Guangfu Rd. Intersection","brand":"YouBike 2.0","opening_hours":"24/7"},"geometry":{"type":"Point","coordinates":[121.47203,25.05452]}},{"type":"Feature","properties":{"id":"osm:node:12434854520","name":"光復興德路口(東南側)","category":"bicycle_rental","nameEn":"Guangfu Rd. & Xingde Rd. Intersection (Southeast)","brand":"YouBike 2.0","opening_hours":"24/7"},"geometry":{"type":"Point","coordinates":[121.4721,25.05251]}},{"type":"Feature","properties":{"id":"osm:node:12434854521","name":"光復路一段99巷口","category":"bicycle_rental","nameEn":"No. 101, Sec. 1, Guangfu Rd. (Front)","brand":"YouBike 2.0","opening_hours":"24/7"},"geometry":{"type":"Point","coordinates":[121.47209,25.05109]}},{"type":"Feature","properties":{"id":"osm:node:12434854522","name":"光復路一段15巷口","category":"bicycle_rental","nameEn":"Ln. 15, Sec. 1, Guangfu Rd. Intersection","brand":"YouBike 2.0","opening_hours":"24/7"},"geometry":{"type":"Point","coordinates":[121.47213,25.04751]}},{"type":"Feature","properties":{"id":"osm:node:12434854523","name":"中正北重陽路口","category":"bicycle_rental","nameEn":"Zhongzheng N. Rd. & Chongyang Rd. Intersection","brand":"YouBike 2.0","opening_hours":"24/7"},"geometry":{"type":"Point","coordinates":[121.48736,25.06417]}},{"type":"Feature","properties":{"id":"osm:node:12434854524","name":"重新路五段(心天匯社區)","category":"bicycle_rental","nameEn":"Sec. 5, Chongxin Rd.","brand":"YouBike 2.0","opening_hours":"24/7"},"geometry":{"type":"Point","coordinates":[121.46815,25.04468]}},{"type":"Feature","properties":{"id":"osm:node:12434854525","name":"簡仔舍街(河家歡社區)","category":"bicycle_rental","nameEn":"Jianzaishe St.","brand":"YouBike 2.0","opening_hours":"24/7"},"geometry":{"type":"Point","coordinates":[121.48652,25.05138]}},{"type":"Feature","properties":{"id":"osm:node:12434854543","name":"捷運亞東醫院站(3號出口)","category":"bicycle_rental","nameEn":"MRT Far Eastern Hospital Sta.(Exit.3)","brand":"YouBike 2.0","opening_hours":"24/7"},"geometry":{"type":"Point","coordinates":[121.45258,24.99821]}},{"type":"Feature","properties":{"id":"osm:node:12810151609","name":"國立臺北教育大學創意館","category":"bicycle_rental","nameEn":"NTUE Creative Building"},"geometry":{"type":"Point","coordinates":[121.543905,25.023041]}},{"type":"Feature","properties":{"id":"osm:node:12896063758","name":"中研院近代史研究所研究大樓","category":"bicycle_rental","nameEn":"Institute of Modern History, Academia Sinica","brand":"YouBike 2.0","opening_hours":"24/7"},"geometry":{"type":"Point","coordinates":[121.615357,25.039931]}},{"type":"Feature","properties":{"id":"osm:node:12896063759","name":"中研院生態時代館","category":"bicycle_rental","nameEn":"Academia Sinica Life Science Library","brand":"YouBike 2.0","opening_hours":"24/7"},"geometry":{"type":"Point","coordinates":[121.613451,25.042717]}},{"type":"Feature","properties":{"id":"osm:node:13367322050","name":"民權敦化路口(西北側)","category":"bicycle_rental","nameEn":"MinQuan Rd. & DunHua Rd. Intersection (Northwest)","brand":"YouBike 2.0","opening_hours":"24/7"},"geometry":{"type":"Point","coordinates":[121.55,25.06185]}},{"type":"Feature","properties":{"id":"osm:node:13441728990","name":"臺大大一女餐廳廣場","category":"bicycle_rental","nameEn":"NTU Freshman Women's Dorm Restaurant","brand":"YouBike 2.0","opening_hours":"24/7"},"geometry":{"type":"Point","coordinates":[121.53494,25.01479]}},{"type":"Feature","properties":{"id":"osm:node:13551387319","name":"國立臺灣戲曲學院(內湖校區)","category":"bicycle_rental","nameEn":"TCPA (NeiHu District)","brand":"YouBike 2.0"},"geometry":{"type":"Point","coordinates":[121.58603,25.081058]}},{"type":"Feature","properties":{"id":"osm:node:13594324427","name":"民權東路三段175巷口","category":"bicycle_rental","nameEn":"Ln. 175, Sec. 3, Minquan E. Rd.","brand":"YouBike 2.0","opening_hours":"24/7"},"geometry":{"type":"Point","coordinates":[121.54738,25.06218]}},{"type":"Feature","properties":{"id":"osm:node:13597736691","name":"潭美公園(南京東路六段482號)","category":"bicycle_rental","nameEn":"TanMei Park (No. 482, Sec. 6, NanJing E. Rd.)","brand":"YouBike 2.0"},"geometry":{"type":"Point","coordinates":[121.588835,25.060874]}},{"type":"Feature","properties":{"id":"osm:node:13601809680","name":"蘆洲環河公園","category":"bicycle_rental","nameEn":"LuZhou HuanHe Park","brand":"YouBike 2.0","opening_hours":"24/7"},"geometry":{"type":"Point","coordinates":[121.46046,25.09516]}},{"type":"Feature","properties":{"id":"osm:node:13601809690","name":"昌盛橋","category":"bicycle_rental","nameEn":"ChangSheng Bridge","brand":"YouBike 2.0","opening_hours":"24/7"},"geometry":{"type":"Point","coordinates":[121.45317,25.04973]}},{"type":"Feature","properties":{"id":"osm:node:13601809694","name":"央北二月記街口","category":"bicycle_rental","nameEn":"YangBei 2nd Rd. & YueJi St. Intersection","brand":"YouBike 2.0","opening_hours":"24/7"},"geometry":{"type":"Point","coordinates":[121.53008,24.97763]}},{"type":"Feature","properties":{"id":"osm:node:13601809695","name":"中正路144巷口","category":"bicycle_rental","nameEn":"Ln. 144, ZhongZheng Rd. Intersection","brand":"YouBike 2.0","opening_hours":"24/7"},"geometry":{"type":"Point","coordinates":[121.5419,24.97148]}},{"type":"Feature","properties":{"id":"osm:node:13601809696","name":"十四張歷史建築園區(文記街)","category":"bicycle_rental","nameEn":"Shisizhang History Park (WenJi St.)","brand":"YouBike 2.0","opening_hours":"24/7"},"geometry":{"type":"Point","coordinates":[121.52792,24.98065]}},{"type":"Feature","properties":{"id":"osm:node:13601809697","name":"十四張歷史公園(北側)","category":"bicycle_rental","nameEn":"Shisizhang History Park (North)","brand":"YouBike 2.0","opening_hours":"24/7"},"geometry":{"type":"Point","coordinates":[121.52689,24.9798]}},{"type":"Feature","properties":{"id":"osm:node:13601809698","name":"福民市民活動中心","category":"bicycle_rental","nameEn":"FuMin Civil Activity Center","brand":"YouBike 2.0","opening_hours":"24/7"},"geometry":{"type":"Point","coordinates":[121.53305,24.97293]}},{"type":"Feature","properties":{"id":"osm:node:13601809699","name":"中央陸橋(中央一街)","category":"bicycle_rental","nameEn":"Zhongyang Footbridge (Zhongyang 1st St.)","brand":"YouBike 2.0","opening_hours":"24/7"},"geometry":{"type":"Point","coordinates":[121.52736,24.97371]}},{"type":"Feature","properties":{"id":"osm:node:13601848209","name":"竹圍國小","category":"bicycle_rental","nameEn":"Zhuwei Elementary School","brand":"YouBike 2.0","opening_hours":"24/7"},"geometry":{"type":"Point","coordinates":[121.45989,25.14638]}},{"type":"Feature","properties":{"id":"osm:node:13601848219","name":"輕軌紅樹林站","category":"bicycle_rental","nameEn":"LRT Hongshulin Station","brand":"YouBike 2.0","opening_hours":"24/7"},"geometry":{"type":"Point","coordinates":[121.458868,25.155053]}},{"type":"Feature","properties":{"id":"osm:node:13601848228","name":"港德攤集區(中正路236巷)","category":"bicycle_rental","nameEn":"Ln. 236, ZhongZheng Rd.","brand":"YouBike 2.0","opening_hours":"24/7"},"geometry":{"type":"Point","coordinates":[121.4597,25.01975]}},{"type":"Feature","properties":{"id":"osm:node:13601848229","name":"縣民板城路口","category":"bicycle_rental","nameEn":"XianMin Blvd. & BanCheng Rd. Intersection","brand":"YouBike 2.0","opening_hours":"24/7"},"geometry":{"type":"Point","coordinates":[121.45325,25.00392]}},{"type":"Feature","properties":{"id":"osm:node:13601848230","name":"藝文一永翠路口","category":"bicycle_rental","nameEn":"YiWen 1st St. & YongCui Rd. Intersection","brand":"YouBike 2.0","opening_hours":"24/7"},"geometry":{"type":"Point","coordinates":[121.45268,25.0224]}},{"type":"Feature","properties":{"id":"osm:node:13601848232","name":"生態南公園","category":"bicycle_rental","nameEn":"Tpark (North of the Central Park)","brand":"YouBike 2.0","opening_hours":"24/7"},"geometry":{"type":"Point","coordinates":[121.45504,24.99602]}},{"type":"Feature","properties":{"id":"osm:node:13601848233","name":"生態北公園","category":"bicycle_rental","nameEn":"Tpark (South of the Central Park)","brand":"YouBike 2.0","opening_hours":"24/7"},"geometry":{"type":"Point","coordinates":[121.45643,24.99952]}},{"type":"Feature","properties":{"id":"osm:node:13601848234","name":"亞東醫院","category":"bicycle_rental","nameEn":"Far Eastern Memorial Hospital","brand":"YouBike 2.0","opening_hours":"24/7"},"geometry":{"type":"Point","coordinates":[121.45318,24.99837]}},{"type":"Feature","properties":{"id":"osm:node:13601848235","name":"捷運新埔站(3號出口)","category":"bicycle_rental","nameEn":"MRT Xinpu Sta.(Exit.3)","brand":"YouBike 2.0","opening_hours":"24/7"},"geometry":{"type":"Point","coordinates":[121.46868,25.02247]}},{"type":"Feature","properties":{"id":"osm:node:13601848236","name":"中山路二段443巷口","category":"bicycle_rental","nameEn":"Ln. 443, Sec. 2, ZhongShan Rd. Intersection","brand":"YouBike 2.0","opening_hours":"24/7"},"geometry":{"type":"Point","coordinates":[121.48102,25.02051]}},{"type":"Feature","properties":{"id":"osm:node:13601848237","name":"重慶國小(和平路101巷)","category":"bicycle_rental","nameEn":"Chongqing Elementary School (Ln. 101, HePing Rd.)","brand":"YouBike 2.0","opening_hours":"24/7"},"geometry":{"type":"Point","coordinates":[121.46216,24.99537]}},{"type":"Feature","properties":{"id":"osm:node:13601848239","name":"捷運江子翠站(5號出口)","category":"bicycle_rental","nameEn":"MRT Jiangzicui Sta.(Exit 5)","brand":"YouBike 2.0","opening_hours":"24/7"},"geometry":{"type":"Point","coordinates":[121.47291,25.03046]}},{"type":"Feature","properties":{"id":"osm:node:13601848240","name":"莊敬路25巷口","category":"bicycle_rental","nameEn":"Ln. 25, ZhuangJing Rd. Intersection","brand":"YouBike 2.0","opening_hours":"24/7"},"geometry":{"type":"Point","coordinates":[121.47338,25.02734]}},{"type":"Feature","properties":{"id":"osm:node:13601848241","name":"致理科技大學","category":"bicycle_rental","nameEn":"Chihlee University of Technology","brand":"YouBike 2.0","opening_hours":"24/7"},"geometry":{"type":"Point","coordinates":[121.46271,25.02025]}},{"type":"Feature","properties":{"id":"osm:node:13601848242","name":"民生路二段226巷8弄","category":"bicycle_rental","nameEn":"Aly. 8, Ln. 226, Sec. 2, MinSheng Rd.","brand":"YouBike 2.0","opening_hours":"24/7"},"geometry":{"type":"Point","coordinates":[121.46996,25.02151]}},{"type":"Feature","properties":{"id":"osm:node:13601848243","name":"田單北街/懷德街201巷(一川社區)","category":"bicycle_rental","nameEn":"TianDan N. St. & Ln. 201, Huaide St.","brand":"YouBike 2.0","opening_hours":"24/7"},"geometry":{"type":"Point","coordinates":[121.48186,25.03025]}},{"type":"Feature","properties":{"id":"osm:node:13601848244","name":"中正新月二街口(青翠社區)","category":"bicycle_rental","nameEn":"Zhongzheng Rd. & Xinyue 2nd St. Intersection","brand":"YouBike 2.0","opening_hours":"24/7"},"geometry":{"type":"Point","coordinates":[121.45472,25.0269]}},{"type":"Feature","properties":{"id":"osm:node:13601848245","name":"懷德街233巷(環翠社區)","category":"bicycle_rental","nameEn":"Ln. 223, Huaide St.","brand":"YouBike 2.0","opening_hours":"24/7"},"geometry":{"type":"Point","coordinates":[121.48148,25.029]}},{"type":"Feature","properties":{"id":"osm:node:13601848246","name":"中正路145巷口","category":"bicycle_rental","nameEn":"Ln.145, Zhongzheng Rd.","brand":"YouBike 2.0","opening_hours":"24/7"},"geometry":{"type":"Point","coordinates":[121.4566,25.01587]}},{"type":"Feature","properties":{"id":"osm:node:13601848261","name":"下街福德宮","category":"bicycle_rental","nameEn":"Xiajie Fude Temple","brand":"YouBike 2.0","opening_hours":"24/7"},"geometry":{"type":"Point","coordinates":[121.65555,25.06807]}},{"type":"Feature","properties":{"id":"osm:node:13601848262","name":"湖光市民活動中心","category":"bicycle_rental","nameEn":"Huguang Citizen Activity Center","brand":"YouBike 2.0","opening_hours":"24/7"},"geometry":{"type":"Point","coordinates":[121.63362,25.06849]}},{"type":"Feature","properties":{"id":"osm:node:13601848263","name":"福德一路392巷口","category":"bicycle_rental","nameEn":"Ln. 392, Fude 1st Rd. Intersection","brand":"YouBike 2.0","opening_hours":"24/7"},"geometry":{"type":"Point","coordinates":[121.62754,25.06098]}},{"type":"Feature","properties":{"id":"osm:node:13601848264","name":"福德一路392巷41弄口","category":"bicycle_rental","nameEn":"Aly. 41, Ln. 392, Fude 1st Rd. Intersection","brand":"YouBike 2.0","opening_hours":"24/7"},"geometry":{"type":"Point","coordinates":[121.62637,25.06314]}},{"type":"Feature","properties":{"id":"osm:node:13601848265","name":"中華街57巷口","category":"bicycle_rental","nameEn":"Ln. 57, ZhongHua St. Intersection","brand":"YouBike 2.0","opening_hours":"24/7"},"geometry":{"type":"Point","coordinates":[121.66763,25.07148]}},{"type":"Feature","properties":{"id":"osm:node:13601848266","name":"江北二橋","category":"bicycle_rental","nameEn":"JiangBei Second Bridge","brand":"YouBike 2.0","opening_hours":"24/7"},"geometry":{"type":"Point","coordinates":[121.65297,25.06997]}},{"type":"Feature","properties":{"id":"osm:node:13601848267","name":"水蓮山莊","category":"bicycle_rental","nameEn":"Lotus Hill","brand":"YouBike 2.0","opening_hours":"24/7"},"geometry":{"type":"Point","coordinates":[121.6301,25.07797]}},{"type":"Feature","properties":{"id":"osm:node:13601848275","name":"獅子頭山水匯集廣場","category":"bicycle_rental","nameEn":"Lion Head Mountain Park","brand":"YouBike 2.0","opening_hours":"24/7"},"geometry":{"type":"Point","coordinates":[121.45769,25.11171]}},{"type":"Feature","properties":{"id":"osm:node:13601848277","name":"五工二五工一路口(泰博科技)","category":"bicycle_rental","nameEn":"WuGong 2nd Rd. & WuGong 1st Rd. Intersection","brand":"YouBike 2.0","opening_hours":"24/7"},"geometry":{"type":"Point","coordinates":[121.45362,25.07155]}},{"type":"Feature","properties":{"id":"osm:node:13601848278","name":"連城路469巷21弄","category":"bicycle_rental","nameEn":"Aly. 21, Ln. 469, LianCheng Rd.","brand":"YouBike 2.0","opening_hours":"24/7"},"geometry":{"type":"Point","coordinates":[121.48432,24.99508]}},{"type":"Feature","properties":{"id":"osm:node:13601848279","name":"中興公園","category":"bicycle_rental","nameEn":"Zhongxing Park","brand":"YouBike 2.0","opening_hours":"24/7"},"geometry":{"type":"Point","coordinates":[121.50061,24.98805]}},{"type":"Feature","properties":{"id":"osm:node:13601848280","name":"中和福美公園","category":"bicycle_rental","nameEn":"ZhongHe FuMei Park","brand":"YouBike 2.0","opening_hours":"24/7"},"geometry":{"type":"Point","coordinates":[121.50265,25.00606]}},{"type":"Feature","properties":{"id":"osm:node:13601848281","name":"捷運橋和站","category":"bicycle_rental","nameEn":"MRT Qiaohe Sta.","brand":"YouBike 2.0","opening_hours":"24/7"},"geometry":{"type":"Point","coordinates":[121.49082,25.00381]}},{"type":"Feature","properties":{"id":"osm:node:13601848282","name":"莒光華安街口","category":"bicycle_rental","nameEn":"Huaan & Juguang Street Intersection","brand":"YouBike 2.0","opening_hours":"24/7"},"geometry":{"type":"Point","coordinates":[121.46876,24.99467]}},{"type":"Feature","properties":{"id":"osm:node:13601848283","name":"大勇立人街口","category":"bicycle_rental","nameEn":"DaYong St. & LiRen St. Intersection","brand":"YouBike 2.0","opening_hours":"24/7"},"geometry":{"type":"Point","coordinates":[121.5175,24.99397]}},{"type":"Feature","properties":{"id":"osm:node:13601848284","name":"水之公園","category":"bicycle_rental","nameEn":"Water Park","brand":"YouBike 2.0","opening_hours":"24/7"},"geometry":{"type":"Point","coordinates":[121.48411,25.013]}},{"type":"Feature","properties":{"id":"osm:node:13601848285","name":"安邦段青年社會住宅","category":"bicycle_rental","nameEn":"Anbang Youth Rental House","brand":"YouBike 2.0","opening_hours":"24/7"},"geometry":{"type":"Point","coordinates":[121.49542,24.9989]}},{"type":"Feature","properties":{"id":"osm:node:13601848286","name":"光之公園","category":"bicycle_rental","nameEn":"Light Park","brand":"YouBike 2.0","opening_hours":"24/7"},"geometry":{"type":"Point","coordinates":[121.48667,25.01184]}},{"type":"Feature","properties":{"id":"osm:node:13601848287","name":"莒光德光路口","category":"bicycle_rental","nameEn":"JuGuang Rd. & DeGuang Rd. Intersection","brand":"YouBike 2.0","opening_hours":"24/7"},"geometry":{"type":"Point","coordinates":[121.47223,25.00429]}},{"type":"Feature","properties":{"id":"osm:node:13601848288","name":"中坑公園","category":"bicycle_rental","nameEn":"ZhongKeng Park","brand":"YouBike 2.0","opening_hours":"24/7"},"geometry":{"type":"Point","coordinates":[121.48294,24.98515]}},{"type":"Feature","properties":{"id":"osm:node:13601848289","name":"新生街112巷口(欽禾社區)","category":"bicycle_rental","nameEn":"Ln. 112, XinSheng St. Intersection","brand":"YouBike 2.0","opening_hours":"24/7"},"geometry":{"type":"Point","coordinates":[121.48345,25.00273]}},{"type":"Feature","properties":{"id":"osm:node:13601848290","name":"光寶科技中和數位大樓","category":"bicycle_rental","nameEn":"LITEON Zhonghe Digitech Center","brand":"YouBike 2.0","opening_hours":"24/7"},"geometry":{"type":"Point","coordinates":[121.48761,25.00214]}},{"type":"Feature","properties":{"id":"osm:node:13601848292","name":"土城綜合球場","category":"bicycle_rental","nameEn":"TuCheng Multi-Sport Stadium","brand":"YouBike 2.0","opening_hours":"24/7"},"geometry":{"type":"Point","coordinates":[121.4542,24.97872]}},{"type":"Feature","properties":{"id":"osm:node:13601848293","name":"明德青和街口","category":"bicycle_rental","nameEn":"Sec. 1, MingDe Rd. & QingHe St. Intersection","brand":"YouBike 2.0","opening_hours":"24/7"},"geometry":{"type":"Point","coordinates":[121.45754,24.97738]}},{"type":"Feature","properties":{"id":"osm:node:13601848298","name":"青雲路411巷口(樂晴市樂郡區社區)","category":"bicycle_rental","nameEn":"Ln. 411, QingYun Rd.","brand":"YouBike 2.0","opening_hours":"24/7"},"geometry":{"type":"Point","coordinates":[121.45911,24.97582]}},{"type":"Feature","properties":{"id":"osm:node:13601848299","name":"金城路二段61巷口(聯邦銀行)","category":"bicycle_rental","nameEn":"Ln. 61, Sec. 2, Jincheng Rd. Intersection","brand":"YouBike 2.0","opening_hours":"24/7"},"geometry":{"type":"Point","coordinates":[121.45077,24.97886]}},{"type":"Feature","properties":{"id":"osm:node:13601848302","name":"長榮龍濱路口","category":"bicycle_rental","nameEn":"ChangRong Rd. & LongBin Rd. Intersection","brand":"YouBike 2.0","opening_hours":"24/7"},"geometry":{"type":"Point","coordinates":[121.50238,25.06908]}},{"type":"Feature","properties":{"id":"osm:node:13601848303","name":"新北大道二段139巷","category":"bicycle_rental","nameEn":"Ln. 139, Sec. 2, New Taipei Blvd.","brand":"YouBike 2.0","opening_hours":"24/7"},"geometry":{"type":"Point","coordinates":[121.46662,25.05981]}},{"type":"Feature","properties":{"id":"osm:node:13601848304","name":"水漾成功一街口","category":"bicycle_rental","nameEn":"ShuiYang Rd. & ChengGong 1st St. Intersection","brand":"YouBike 2.0","opening_hours":"24/7"},"geometry":{"type":"Point","coordinates":[121.48557,25.05004]}},{"type":"Feature","properties":{"id":"osm:node:13601848305","name":"集賢三信路口(南側)","category":"bicycle_rental","nameEn":"JiXian Rd. & SanXin Rd. (South)","brand":"YouBike 2.0","opening_hours":"24/7"},"geometry":{"type":"Point","coordinates":[121.49187,25.08861]}},{"type":"Feature","properties":{"id":"osm:node:13601848306","name":"重新橋第1市民活動中心","category":"bicycle_rental","nameEn":"Chongxin Bridge 1st Civic Activity Center","brand":"YouBike 2.0","opening_hours":"24/7"},"geometry":{"type":"Point","coordinates":[121.48563,25.05355]}},{"type":"Feature","properties":{"id":"osm:node:13601848307","name":"仁愛街458巷口","category":"bicycle_rental","nameEn":"Ln. 458, RenAi St. Intersection","brand":"YouBike 2.0","opening_hours":"24/7"},"geometry":{"type":"Point","coordinates":[121.49015,25.08211]}},{"type":"Feature","properties":{"id":"osm:node:13601848308","name":"仁愛仁政街145巷口","category":"bicycle_rental","nameEn":"RenAi St. & Ln. 145, RenZheng St. Intersection","brand":"YouBike 2.0","opening_hours":"24/7"},"geometry":{"type":"Point","coordinates":[121.49219,25.07949]}},{"type":"Feature","properties":{"id":"osm:node:13601848309","name":"三重環河陸橋","category":"bicycle_rental","nameEn":"SanChong HuanHe Footbridge","brand":"YouBike 2.0","opening_hours":"24/7"},"geometry":{"type":"Point","coordinates":[121.49943,25.08149]}},{"type":"Feature","properties":{"id":"osm:node:13601848310","name":"三重忠孝公園","category":"bicycle_rental","nameEn":"SanChong ZhongXiao Park","brand":"YouBike 2.0","opening_hours":"24/7"},"geometry":{"type":"Point","coordinates":[121.47932,25.06325]}},{"type":"Feature","properties":{"id":"osm:node:13601848311","name":"仁信段平面停車場(元信一街)","category":"bicycle_rental","nameEn":"Renxin Car Park (YuanXin 1st St.)","brand":"YouBike 2.0","opening_hours":"24/7"},"geometry":{"type":"Point","coordinates":[121.49692,25.07791]}},{"type":"Feature","properties":{"id":"osm:node:13601848312","name":"仁義街37巷元富一街口","category":"bicycle_rental","nameEn":"Ln. 37, RenYi St. & YuanFu 1st St. Intersection","brand":"YouBike 2.0","opening_hours":"24/7"},"geometry":{"type":"Point","coordinates":[121.5003,25.07785]}},{"type":"Feature","properties":{"id":"osm:node:13601848313","name":"谷王公園","category":"bicycle_rental","nameEn":"GuWang Park","brand":"YouBike 2.0","opening_hours":"24/7"},"geometry":{"type":"Point","coordinates":[121.47718,25.05283]}},{"type":"Feature","properties":{"id":"osm:node:13601848314","name":"河邊北街100巷口","category":"bicycle_rental","nameEn":"Ln.100, HeBian N. St.","brand":"YouBike 2.0","opening_hours":"24/7"},"geometry":{"type":"Point","coordinates":[121.50404,25.07043]}},{"type":"Feature","properties":{"id":"osm:node:13601848315","name":"三重重陽公園","category":"bicycle_rental","nameEn":"SanChong District Chong Yang Park","brand":"YouBike 2.0","opening_hours":"24/7"},"geometry":{"type":"Point","coordinates":[121.48367,25.05753]}},{"type":"Feature","properties":{"id":"osm:node:13601848316","name":"捷運三重國小站","category":"bicycle_rental","nameEn":"MRT Sanchong Elementary School Sta.","brand":"YouBike 2.0","opening_hours":"24/7"},"geometry":{"type":"Point","coordinates":[121.49713,25.07042]}},{"type":"Feature","properties":{"id":"osm:node:13607291710","name":"臺大數學研究中心(東側)","category":"bicycle_rental","nameEn":"Mathematics National Taiwan University (East)","brand":"YouBike 2.0","opening_hours":"24/7"},"geometry":{"type":"Point","coordinates":[121.53881,25.02004]}},{"type":"Feature","properties":{"id":"osm:node:13607291711","name":"臺大人文館","category":"bicycle_rental","nameEn":"NTU The College of Liberal Arts","brand":"YouBike 2.0","opening_hours":"24/7"},"geometry":{"type":"Point","coordinates":[121.53476,25.0182]}},{"type":"Feature","properties":{"id":"osm:node:13607291712","name":"臺大水源舍區C棟","category":"bicycle_rental","nameEn":"NTU Shui-Yuan Dorms C","brand":"YouBike 2.0","opening_hours":"24/7"},"geometry":{"type":"Point","coordinates":[121.52892,25.01547]}},{"type":"Feature","properties":{"id":"osm:node:13607291713","name":"臺大學新館","category":"bicycle_rental","nameEn":"NTU MK Innovation Hall","brand":"YouBike 2.0","opening_hours":"24/7"},"geometry":{"type":"Point","coordinates":[121.54339,25.01944]}},{"type":"Feature","properties":{"id":"osm:node:13607291714","name":"臺大管理學院一館","category":"bicycle_rental","nameEn":"NTU Bldg.1 College of Management","brand":"YouBike 2.0","opening_hours":"24/7"},"geometry":{"type":"Point","coordinates":[121.53828,25.01436]}},{"type":"Feature","properties":{"id":"osm:node:13607291715","name":"漢口街二段53巷口","category":"bicycle_rental","nameEn":"Ln. 53, Sec. 2, HanKou St.","brand":"YouBike 2.0","opening_hours":"24/7"},"geometry":{"type":"Point","coordinates":[121.50636,25.04581]}},{"type":"Feature","properties":{"id":"osm:node:13607291716","name":"青年公園(西藏路125巷口)","category":"bicycle_rental","nameEn":"Youth Park","brand":"YouBike 2.0","opening_hours":"24/7"},"geometry":{"type":"Point","coordinates":[121.50371,25.0251]}},{"type":"Feature","properties":{"id":"osm:node:13607291717","name":"萬華安居社會住宅B區","category":"bicycle_rental","nameEn":"WanHua Housing B Social Housing","brand":"YouBike 2.0","opening_hours":"24/7"},"geometry":{"type":"Point","coordinates":[121.49089,25.03349]}},{"type":"Feature","properties":{"id":"osm:node:13607291718","name":"環河南路一段350巷口","category":"bicycle_rental","nameEn":"Ln. 350, Sec. 1, HuanHe S. Rd.","brand":"YouBike 2.0","opening_hours":"24/7"},"geometry":{"type":"Point","coordinates":[121.49743,25.03935]}},{"type":"Feature","properties":{"id":"osm:node:13607291719","name":"萬華區公所(大理街)","category":"bicycle_rental","nameEn":"Wanhua District Office (DaLi St.)","brand":"YouBike 2.0","opening_hours":"24/7"},"geometry":{"type":"Point","coordinates":[121.5,25.03457]}},{"type":"Feature","properties":{"id":"osm:node:13607291720","name":"萬華51號公園","category":"bicycle_rental","nameEn":"Wanhua Park NO.51","brand":"YouBike 2.0","opening_hours":"24/7"},"geometry":{"type":"Point","coordinates":[121.49928,25.03484]}},{"type":"Feature","properties":{"id":"osm:node:13607291721","name":"萬華青年社會住宅(青年路168巷49弄)","category":"bicycle_rental","nameEn":"WanHua Qingnian Public Housing (Aly. 49, Ln. 168, QingNian Rd.)","brand":"YouBike 2.0","opening_hours":"24/7"},"geometry":{"type":"Point","coordinates":[121.50229,25.01995]}},{"type":"Feature","properties":{"id":"osm:node:13607291722","name":"環南綜合市場(西藏路)","category":"bicycle_rental","nameEn":"Huannan Market (XiZang Rd.)","brand":"YouBike 2.0","opening_hours":"24/7"},"geometry":{"type":"Point","coordinates":[121.49082,25.0294]}},{"type":"Feature","properties":{"id":"osm:node:13607291723","name":"新和國小(中華路二段416巷)","category":"bicycle_rental","nameEn":"Xinhe Elementary School (Ln. 416, Sec. 2, ZhongHua Rd.)","brand":"YouBike 2.0","opening_hours":"24/7"},"geometry":{"type":"Point","coordinates":[121.50283,25.02677]}},{"type":"Feature","properties":{"id":"osm:node:13607291724","name":"華江高中(西藏路)","category":"bicycle_rental","nameEn":"Huajiang High School (XiZang Rd.)","brand":"YouBike 2.0","opening_hours":"24/7"},"geometry":{"type":"Point","coordinates":[121.49659,25.02901]}},{"type":"Feature","properties":{"id":"osm:node:13607291725","name":"龍山國中(廣州街)","category":"bicycle_rental","nameEn":"LongShan High School (GuangZhou St.)","brand":"YouBike 2.0","opening_hours":"24/7"},"geometry":{"type":"Point","coordinates":[121.50625,25.03614]}},{"type":"Feature","properties":{"id":"osm:node:13607291726","name":"艋舺大道/西園路140巷口","category":"bicycle_rental","nameEn":"Bangka Blvd. & Ln. 140, Sec. 2, XiYuan Rd. Intersection","brand":"YouBike 2.0","opening_hours":"24/7"},"geometry":{"type":"Point","coordinates":[121.49502,25.03174]}},{"type":"Feature","properties":{"id":"osm:node:13607291727","name":"萬青街186號","category":"bicycle_rental","nameEn":"No. 186, WanQing St.","brand":"YouBike 2.0","opening_hours":"24/7"},"geometry":{"type":"Point","coordinates":[121.50154,25.02263]}},{"type":"Feature","properties":{"id":"osm:node:13607291728","name":"艋舺雙園街口","category":"bicycle_rental","nameEn":"BangKa Blvd. & ShuangYuan St. Intersection","brand":"YouBike 2.0","opening_hours":"24/7"},"geometry":{"type":"Point","coordinates":[121.49324,25.0301]}},{"type":"Feature","properties":{"id":"osm:node:13607291729","name":"綠堤公園(西北側)","category":"bicycle_rental","nameEn":"LuTi Park (Northwest)","brand":"YouBike 2.0","opening_hours":"24/7"},"geometry":{"type":"Point","coordinates":[121.49267,25.03338]}},{"type":"Feature","properties":{"id":"osm:node:13607291730","name":"大理高中(西藏路)","category":"bicycle_rental","nameEn":"Dali High School (XiZang Rd.)","brand":"YouBike 2.0","opening_hours":"24/7"},"geometry":{"type":"Point","coordinates":[121.49021,25.03062]}},{"type":"Feature","properties":{"id":"osm:node:13607291731","name":"祥安水岸景觀大廈","category":"bicycle_rental","nameEn":"XiangAn Public Housing","brand":"YouBike 2.0","opening_hours":"24/7"},"geometry":{"type":"Point","coordinates":[121.50219,25.01907]}},{"type":"Feature","properties":{"id":"osm:node:13607291732","name":"青年公園4號出口","category":"bicycle_rental","nameEn":"Youth Park (Exit 4)","brand":"YouBike 2.0","opening_hours":"24/7"},"geometry":{"type":"Point","coordinates":[121.50265,25.02114]}},{"type":"Feature","properties":{"id":"osm:node:13607291733","name":"水源青年路口","category":"bicycle_rental","nameEn":"ShuiYuan Rd. & QingNian Rd. Intersection","brand":"YouBike 2.0","opening_hours":"24/7"},"geometry":{"type":"Point","coordinates":[121.50429,25.02005]}},{"type":"Feature","properties":{"id":"osm:node:13607291734","name":"長泰街52巷口","category":"bicycle_rental","nameEn":"Ln. 52, ChangTai St.","brand":"YouBike 2.0","opening_hours":"24/7"},"geometry":{"type":"Point","coordinates":[121.50028,25.0232]}},{"type":"Feature","properties":{"id":"osm:node:13607291735","name":"萬大路424巷口","category":"bicycle_rental","nameEn":"Ln. 424, Wanda Rd.","brand":"YouBike 2.0","opening_hours":"24/7"},"geometry":{"type":"Point","coordinates":[121.4927,25.02039]}},{"type":"Feature","properties":{"id":"osm:node:13607291736","name":"信義國中","category":"bicycle_rental","nameEn":"Xinyi Junior High School","brand":"YouBike 2.0","opening_hours":"24/7"},"geometry":{"type":"Point","coordinates":[121.56817,25.02953]}},{"type":"Feature","properties":{"id":"osm:node:13607291737","name":"莊敬路341巷3弄","category":"bicycle_rental","nameEn":"Aly. 3, Ln. 341, ZhuangJing Rd.","brand":"YouBike 2.0","opening_hours":"24/7"},"geometry":{"type":"Point","coordinates":[121.56482,25.02864]}},{"type":"Feature","properties":{"id":"osm:node:13607291738","name":"六張犁社會住宅B基地","category":"bicycle_rental","nameEn":"LiuZhangLi Housing B Social Housing","brand":"YouBike 2.0","opening_hours":"24/7"},"geometry":{"type":"Point","coordinates":[121.56024,25.02783]}},{"type":"Feature","properties":{"id":"osm:node:13607291739","name":"國家鐵道博物館","category":"bicycle_rental","nameEn":"Preparatory Office of National Railway Museum","brand":"YouBike 2.0","opening_hours":"24/7"},"geometry":{"type":"Point","coordinates":[121.56337,25.04728]}},{"type":"Feature","properties":{"id":"osm:node:13607291740","name":"松德路25巷口","category":"bicycle_rental","nameEn":"Ln. 25, SongDe Rd.","brand":"YouBike 2.0","opening_hours":"24/7"},"geometry":{"type":"Point","coordinates":[121.57742,25.0392]}},{"type":"Feature","properties":{"id":"osm:node:13607291741","name":"臺北文創大樓(菸廠路)","category":"bicycle_rental","nameEn":"Taipei New Horizon (YanChang Rd.)","brand":"YouBike 2.0","opening_hours":"24/7"},"geometry":{"type":"Point","coordinates":[121.56082,25.04499]}},{"type":"Feature","properties":{"id":"osm:node:13607291742","name":"永吉路120巷15弄口","category":"bicycle_rental","nameEn":"Aly. 15, Ln. 120, YongJi Rd.","brand":"YouBike 2.0","opening_hours":"24/7","wheelchair":"no"},"geometry":{"type":"Point","coordinates":[121.57028,25.04501]}},{"type":"Feature","properties":{"id":"osm:node:13607291743","name":"象山公園(松勤街140巷)","category":"bicycle_rental","nameEn":"Xiangshan Park (Ln. 140, SongPin St.)","brand":"YouBike 2.0","opening_hours":"24/7"},"geometry":{"type":"Point","coordinates":[121.5697,25.03098]}},{"type":"Feature","properties":{"id":"osm:node:13607291744","name":"松智松平路口","category":"bicycle_rental","nameEn":"SongZhi Rd. & SongPing Rd. Intersection","brand":"YouBike 2.0","opening_hours":"24/7"},"geometry":{"type":"Point","coordinates":[121.5654,25.0304]}},{"type":"Feature","properties":{"id":"osm:node:13607291745","name":"松山松隆路口","category":"bicycle_rental","nameEn":"SongShan Rd. & SongLong Rd. Intersection","brand":"YouBike 2.0","opening_hours":"24/7"},"geometry":{"type":"Point","coordinates":[121.57766,25.04831]}},{"type":"Feature","properties":{"id":"osm:node:13607291746","name":"松山家商(東側)","category":"bicycle_rental","nameEn":"Song Shan High School of Commerce and Home Economics (East)","brand":"YouBike 2.0","opening_hours":"24/7"},"geometry":{"type":"Point","coordinates":[121.58133,25.03568]}},{"type":"Feature","properties":{"id":"osm:node:13607291747","name":"信義松智路口(東南側)","category":"bicycle_rental","nameEn":"XinYi Rd. & SongZhi Rd. Intersection (Southeast)","brand":"YouBike 2.0","opening_hours":"24/7"},"geometry":{"type":"Point","coordinates":[121.56555,25.03284]}},{"type":"Feature","properties":{"id":"osm:node:13607291748","name":"光復仁愛路口","category":"bicycle_rental","nameEn":"RenAi Rd. & GuangFu S. Rd. Intersection (Northeast)","brand":"YouBike 2.0","opening_hours":"24/7"},"geometry":{"type":"Point","coordinates":[121.55768,25.03784]}},{"type":"Feature","properties":{"id":"osm:node:13607291749","name":"逸仙松高路口","category":"bicycle_rental","nameEn":"YiXian Rd. & SongGao Rd. Intersection","brand":"YouBike 2.0","opening_hours":"24/7"},"geometry":{"type":"Point","coordinates":[121.56149,25.03942]}},{"type":"Feature","properties":{"id":"osm:node:13607291750","name":"吳興公園","category":"bicycle_rental","nameEn":"Wuxing Park","brand":"YouBike 2.0","opening_hours":"24/7"},"geometry":{"type":"Point","coordinates":[121.56767,25.02383]}},{"type":"Feature","properties":{"id":"osm:node:13607291751","name":"信安街/富陽街44巷口","category":"bicycle_rental","nameEn":"XinAn St. & Ln. 44, FuYang St. Intersection","brand":"YouBike 2.0","opening_hours":"24/7"},"geometry":{"type":"Point","coordinates":[121.55537,25.02309]}},{"type":"Feature","properties":{"id":"osm:node:13607291752","name":"仁愛路四段512巷","category":"bicycle_rental","nameEn":"Ln. 512, Sec. 4, RenAi Rd.","brand":"YouBike 2.0","opening_hours":"24/7"},"geometry":{"type":"Point","coordinates":[121.56124,25.03706]}},{"type":"Feature","properties":{"id":"osm:node:13607291753","name":"永吉路187巷口","category":"bicycle_rental","nameEn":"Ln. 187, YongJi Rd.","brand":"YouBike 2.0","opening_hours":"24/7"},"geometry":{"type":"Point","coordinates":[121.57273,25.04584]}},{"type":"Feature","properties":{"id":"osm:node:13607291754","name":"松山文創園區(一號倉庫)","category":"bicycle_rental","nameEn":"Songshan Cultural and Creative Park (Warehouses 1)","brand":"YouBike 2.0","opening_hours":"24/7"},"geometry":{"type":"Point","coordinates":[121.55951,25.04503]}},{"type":"Feature","properties":{"id":"osm:node:13607291755","name":"吳興新村","category":"bicycle_rental","nameEn":"Wuxing Community","brand":"YouBike 2.0","opening_hours":"24/7"},"geometry":{"type":"Point","coordinates":[121.56114,25.02815]}},{"type":"Feature","properties":{"id":"osm:node:13607291756","name":"松仁路253巷4弄口","category":"bicycle_rental","nameEn":"Aly. 4, Ln. 253, SongRen Rd.","brand":"YouBike 2.0","opening_hours":"24/7"},"geometry":{"type":"Point","coordinates":[121.56954,25.02559]}},{"type":"Feature","properties":{"id":"osm:node:13607291757","name":"基隆市民路口","category":"bicycle_rental","nameEn":"KeeLung Rd. & Civic Blvd. Intersection","brand":"YouBike 2.0","opening_hours":"24/7"},"geometry":{"type":"Point","coordinates":[121.56906,25.04892]}},{"type":"Feature","properties":{"id":"osm:node:13607291758","name":"松仁路281巷66弄","category":"bicycle_rental","nameEn":"Aly. 66, Ln. 281, SongRen Rd.","brand":"YouBike 2.0","opening_hours":"24/7"},"geometry":{"type":"Point","coordinates":[121.57178,25.02261]}},{"type":"Feature","properties":{"id":"osm:node:13607291759","name":"中坡北永吉路口","category":"bicycle_rental","nameEn":"Zhongpo N. Rd. & Yongji Rd. Intersection","brand":"YouBike 2.0","opening_hours":"24/7"},"geometry":{"type":"Point","coordinates":[121.58059,25.04557]}},{"type":"Feature","properties":{"id":"osm:node:13607291760","name":"九如公園(凌雲街)","category":"bicycle_rental","nameEn":"Jiuru Park (LingYun St.)","brand":"YouBike 2.0","opening_hours":"24/7"},"geometry":{"type":"Point","coordinates":[121.61554,25.03904]}},{"type":"Feature","properties":{"id":"osm:node:13607291761","name":"新陽綠地","category":"bicycle_rental","nameEn":"Xinyang Green","brand":"YouBike 2.0","opening_hours":"24/7"},"geometry":{"type":"Point","coordinates":[121.59817,25.05492]}},{"type":"Feature","properties":{"id":"osm:node:13607291762","name":"南港車站C棟(市民大道)","category":"bicycle_rental","nameEn":"Nangang Train Sta. C (Civic Blvd.)","brand":"YouBike 2.0","opening_hours":"24/7"},"geometry":{"type":"Point","coordinates":[121.6045,25.0528]}},{"type":"Feature","properties":{"id":"osm:node:13607291763","name":"生物技術開發中心","category":"bicycle_rental","nameEn":"Development Center for Biotechnology","brand":"YouBike 2.0","opening_hours":"24/7"},"geometry":{"type":"Point","coordinates":[121.61025,25.04921]}},{"type":"Feature","properties":{"id":"osm:node:13607291764","name":"重陽公園(興南街)","category":"bicycle_rental","nameEn":"Chongyang Park (XingNan St.)","brand":"YouBike 2.0","opening_hours":"24/7"},"geometry":{"type":"Point","coordinates":[121.59983,25.05557]}},{"type":"Feature","properties":{"id":"osm:node:13607291765","name":"環保局南港區清潔南港分隊","category":"bicycle_rental","nameEn":"Department of Environmental Protection (NanGang)","brand":"YouBike 2.0","opening_hours":"24/7"},"geometry":{"type":"Point","coordinates":[121.61085,25.06088]}},{"type":"Feature","properties":{"id":"osm:node:13607291766","name":"成功疏散門","category":"bicycle_rental","nameEn":"ChengGong Evacuating Gate","brand":"YouBike 2.0","opening_hours":"24/7"},"geometry":{"type":"Point","coordinates":[121.59407,25.05898]}},{"type":"Feature","properties":{"id":"osm:node:13607291767","name":"中坡松隆路口","category":"bicycle_rental","nameEn":"ZhongPo N. Rd. & SongLong Rd. Intersection","brand":"YouBike 2.0","opening_hours":"24/7"},"geometry":{"type":"Point","coordinates":[121.58028,25.04865]}},{"type":"Feature","properties":{"id":"osm:node:13607291768","name":"南港路三段106巷口(中華賓士)","category":"bicycle_rental","nameEn":"Ln. 106, Sec. 3, NanGang Rd.","brand":"YouBike 2.0","opening_hours":"24/7"},"geometry":{"type":"Point","coordinates":[121.58928,25.05312]}},{"type":"Feature","properties":{"id":"osm:node:13607291769","name":"國家生物模式中心","category":"bicycle_rental","nameEn":"National Center for Biomodels","brand":"YouBike 2.0","opening_hours":"24/7"},"geometry":{"type":"Point","coordinates":[121.60948,25.04637]}},{"type":"Feature","properties":{"id":"osm:node:13607291770","name":"經貿二路185巷","category":"bicycle_rental","nameEn":"Ln. 185, JingMao 2nd Rd.","brand":"YouBike 2.0","opening_hours":"24/7","wheelchair":"yes"},"geometry":{"type":"Point","coordinates":[121.61698,25.06148]}},{"type":"Feature","properties":{"id":"osm:node:13607291771","name":"經貿二路105巷口(經貿一路)","category":"bicycle_rental","nameEn":"Ln. 105, JingMao 2nd Rd. (JingMao 1st Rd.)","brand":"YouBike 2.0","opening_hours":"24/7"},"geometry":{"type":"Point","coordinates":[121.61973,25.0586]}},{"type":"Feature","properties":{"id":"osm:node:13607291772","name":"經貿二路105巷口(經貿二路)","category":"bicycle_rental","nameEn":"Ln. 105, JingMao 2nd Rd. (JingMao 2nd Rd.)","brand":"YouBike 2.0","opening_hours":"24/7"},"geometry":{"type":"Point","coordinates":[121.61704,25.05791]}},{"type":"Feature","properties":{"id":"osm:node:13607291773","name":"臺北市捷運局機電工程處","category":"bicycle_rental","nameEn":"Systemwide E&M Project Office, DORTS, TCG","brand":"YouBike 2.0","opening_hours":"24/7"},"geometry":{"type":"Point","coordinates":[121.61795,25.0614]}},{"type":"Feature","properties":{"id":"osm:node:13607291774","name":"昆陽東新街口","category":"bicycle_rental","nameEn":"KunYang St. & DongXin St. Intersection","brand":"YouBike 2.0","opening_hours":"24/7"},"geometry":{"type":"Point","coordinates":[121.59401,25.04857]}},{"type":"Feature","properties":{"id":"osm:node:13607291775","name":"忠孝東路七段265巷","category":"bicycle_rental","nameEn":"Ln. 265, Sec. 7, Zhongxiao E. Rd.","brand":"YouBike 2.0","opening_hours":"24/7"},"geometry":{"type":"Point","coordinates":[121.60338,25.05216]}},{"type":"Feature","properties":{"id":"osm:node:13607291776","name":"南港機廠(北流)","category":"bicycle_rental","nameEn":"Nangang Depot Bus Station (Taipei Pop Music Center)","brand":"YouBike 2.0","opening_hours":"24/7"},"geometry":{"type":"Point","coordinates":[121.6014,25.05156]}},{"type":"Feature","properties":{"id":"osm:node:13607291777","name":"市民昆陽街口","category":"bicycle_rental","nameEn":"Civic Blvd. & KunyAng St. Intersection","brand":"YouBike 2.0","opening_hours":"24/7"},"geometry":{"type":"Point","coordinates":[121.59361,25.05124]}},{"type":"Feature","properties":{"id":"osm:node:13607291778","name":"南港花園社區A18","category":"bicycle_rental","nameEn":"Nangang Garden Community A18","brand":"YouBike 2.0","opening_hours":"24/7"},"geometry":{"type":"Point","coordinates":[121.59111,25.04015]}},{"type":"Feature","properties":{"id":"osm:node:13607291779","name":"捷運南港軟體園區站(1號出口)","category":"bicycle_rental","nameEn":"MRT Nangang Software Park Sta. (Exit 1)","brand":"YouBike 2.0","opening_hours":"24/7","wheelchair":"limited"},"geometry":{"type":"Point","coordinates":[121.61498,25.06043]}},{"type":"Feature","properties":{"id":"osm:node:13607291780","name":"東明公園","category":"bicycle_rental","nameEn":"Dongming Park","brand":"YouBike 2.0","opening_hours":"24/7"},"geometry":{"type":"Point","coordinates":[121.60381,25.05469]}},{"type":"Feature","properties":{"id":"osm:node:13607291781","name":"玉成街(中坡北路50巷口)","category":"bicycle_rental","nameEn":"YuCheng St. (Ln. 50, ZhongPo N. Rd.)","brand":"YouBike 2.0","opening_hours":"24/7"},"geometry":{"type":"Point","coordinates":[121.58192,25.04691]}},{"type":"Feature","properties":{"id":"osm:node:13607291782","name":"中研院人文社會科學研究中心","category":"bicycle_rental","nameEn":"Research Center for Humanities and Social Sciences","brand":"YouBike 2.0","opening_hours":"24/7"},"geometry":{"type":"Point","coordinates":[121.61532,25.04159]}},{"type":"Feature","properties":{"id":"osm:node:13607291783","name":"興中重陽路口","category":"bicycle_rental","nameEn":"XingZhong Rd. & ChongYang Rd. Intersection","brand":"YouBike 2.0","opening_hours":"24/7"},"geometry":{"type":"Point","coordinates":[121.60674,25.05801]}},{"type":"Feature","properties":{"id":"osm:node:13607291784","name":"研究院路一段151巷口","category":"bicycle_rental","nameEn":"Ln. 151, Sec. 1, Academia Rd.","brand":"YouBike 2.0","opening_hours":"24/7"},"geometry":{"type":"Point","coordinates":[121.6162,25.04997]}},{"type":"Feature","properties":{"id":"osm:node:13607291785","name":"向陽南港路口(西北側)","category":"bicycle_rental","nameEn":"XiangYang Rd. & NanGang Rd. Intersection (Northwest)","brand":"YouBike 2.0","opening_hours":"24/7"},"geometry":{"type":"Point","coordinates":[121.5944,25.05486]}},{"type":"Feature","properties":{"id":"osm:node:13607291786","name":"向陽市民大道路口(西北側)","category":"bicycle_rental","nameEn":"XiangYang Rd. & Civic Blvd. Intersection (Northwest)","brand":"YouBike 2.0","opening_hours":"24/7"},"geometry":{"type":"Point","coordinates":[121.59535,25.05163]}},{"type":"Feature","properties":{"id":"osm:node:13607291787","name":"南京東路三段338巷口","category":"bicycle_rental","nameEn":"Ln. 338, Sec. 3, NanJing E. Rd.","brand":"YouBike 2.0","opening_hours":"24/7"},"geometry":{"type":"Point","coordinates":[121.54766,25.05161]}},{"type":"Feature","properties":{"id":"osm:node:13607291788","name":"敦化北慶城街口","category":"bicycle_rental","nameEn":"DunHua N. Rd. & QingCheng St. Intersection","brand":"YouBike 2.0","opening_hours":"24/7"},"geometry":{"type":"Point","coordinates":[121.54873,25.05714]}},{"type":"Feature","properties":{"id":"osm:node:13607291789","name":"民生東路五段137巷6弄口","category":"bicycle_rental","nameEn":"Aly. 6, Ln. 137, Sec. 5, MinSheng E. Rd.","brand":"YouBike 2.0","opening_hours":"24/7"},"geometry":{"type":"Point","coordinates":[121.56142,25.06043]}},{"type":"Feature","properties":{"id":"osm:node:13607291790","name":"民生東路五段69巷","category":"bicycle_rental","nameEn":"Ln. 69, Sec. 5, MinSheng E. Rd.","brand":"YouBike 2.0","opening_hours":"24/7"},"geometry":{"type":"Point","coordinates":[121.55809,25.05983]}},{"type":"Feature","properties":{"id":"osm:node:13607291791","name":"西松高中地下停車場","category":"bicycle_rental","nameEn":"Xisong High School Car Park","brand":"YouBike 2.0","opening_hours":"24/7"},"geometry":{"type":"Point","coordinates":[121.56551,25.05564]}},{"type":"Feature","properties":{"id":"osm:node:13607291792","name":"民生東路五段177巷口","category":"bicycle_rental","nameEn":"Ln. 177, Sec. 5, MinSheng E. Rd.","brand":"YouBike 2.0","opening_hours":"24/7"},"geometry":{"type":"Point","coordinates":[121.56466,25.05913]}},{"type":"Feature","properties":{"id":"osm:node:13607291793","name":"民生東路四段97巷","category":"bicycle_rental","nameEn":"Ln. 97, Sec. 4, MinSheng E. Rd.","brand":"YouBike 2.0","opening_hours":"24/7"},"geometry":{"type":"Point","coordinates":[121.55208,25.05864]}},{"type":"Feature","properties":{"id":"osm:node:13607291794","name":"延壽街18巷口","category":"bicycle_rental","nameEn":"Ln. 18, YanShou St.","brand":"YouBike 2.0","opening_hours":"24/7"},"geometry":{"type":"Point","coordinates":[121.56843,25.05725]}},{"type":"Feature","properties":{"id":"osm:node:13607291795","name":"富錦新東街口(西側)","category":"bicycle_rental","nameEn":"FuJin St. & XinDong St. Intersection (West)","brand":"YouBike 2.0","opening_hours":"24/7"},"geometry":{"type":"Point","coordinates":[121.5647,25.06108]}},{"type":"Feature","properties":{"id":"osm:node:13607291796","name":"光復延壽街口(西北側)","category":"bicycle_rental","nameEn":"GuangFu N. Rd. & YanShou St. Intersection (Northwest)","brand":"YouBike 2.0","opening_hours":"24/7"},"geometry":{"type":"Point","coordinates":[121.55548,25.05677]}},{"type":"Feature","properties":{"id":"osm:node:13607291797","name":"中崙高中停車場","category":"bicycle_rental","nameEn":"Zhonglun High School Car Park","brand":"YouBike 2.0","opening_hours":"24/7"},"geometry":{"type":"Point","coordinates":[121.56153,25.05023]}},{"type":"Feature","properties":{"id":"osm:node:13607291798","name":"民權運動公園(北側)","category":"bicycle_rental","nameEn":"MingQuan Park (North)","brand":"YouBike 2.0","opening_hours":"24/7"},"geometry":{"type":"Point","coordinates":[121.55711,25.06198]}},{"type":"Feature","properties":{"id":"osm:node:13607291799","name":"民權三民路口","category":"bicycle_rental","nameEn":"MinQuan E. Rd. & SanMin Rd. Intersection","brand":"YouBike 2.0","opening_hours":"24/7"},"geometry":{"type":"Point","coordinates":[121.56296,25.06293]}},{"type":"Feature","properties":{"id":"osm:node:13607291800","name":"基六號疏散門","category":"bicycle_rental","nameEn":"TaYou Evacuating Gate","brand":"YouBike 2.0","opening_hours":"24/7"},"geometry":{"type":"Point","coordinates":[121.568,25.06575]}},{"type":"Feature","properties":{"id":"osm:node:13607291801","name":"撫遠街403巷","category":"bicycle_rental","nameEn":"Ln. 403, FuYuan St.","brand":"YouBike 2.0","opening_hours":"24/7"},"geometry":{"type":"Point","coordinates":[121.5658,25.06608]}},{"type":"Feature","properties":{"id":"osm:node:13607291802","name":"松山國小(東北側)","category":"bicycle_rental","nameEn":"Song Shan Primary School (Northeast)","brand":"YouBike 2.0","opening_hours":"24/7"},"geometry":{"type":"Point","coordinates":[121.57972,25.05141]}},{"type":"Feature","properties":{"id":"osm:node:13607291803","name":"光復北富錦街口","category":"bicycle_rental","nameEn":"GuangFu N. Rd. & FuJin St. Intersection","brand":"YouBike 2.0","opening_hours":"24/7"},"geometry":{"type":"Point","coordinates":[121.55489,25.06054]}},{"type":"Feature","properties":{"id":"osm:node:13607291804","name":"新中街4巷口","category":"bicycle_rental","nameEn":"Ln. 4, XinZhong St.","brand":"YouBike 2.0","opening_hours":"24/7"},"geometry":{"type":"Point","coordinates":[121.56167,25.05779]}},{"type":"Feature","properties":{"id":"osm:node:13607291805","name":"健康公園","category":"bicycle_rental","nameEn":"JianKang Park","brand":"YouBike 2.0","opening_hours":"24/7"},"geometry":{"type":"Point","coordinates":[121.56878,25.05434]}},{"type":"Feature","properties":{"id":"osm:node:13607291806","name":"新東延壽街口","category":"bicycle_rental","nameEn":"XinDong St. & YanShou St. Intersection","brand":"YouBike 2.0","opening_hours":"24/7"},"geometry":{"type":"Point","coordinates":[121.56608,25.05725]}},{"type":"Feature","properties":{"id":"osm:node:13607291807","name":"民生東路三段140巷口","category":"bicycle_rental","nameEn":"Ln. 140, Sec. 3, MinsHeng E. Rd.","brand":"YouBike 2.0","opening_hours":"24/7"},"geometry":{"type":"Point","coordinates":[121.5467,25.056]}},{"type":"Feature","properties":{"id":"osm:node:13607291808","name":"寶清八德路口(北側)","category":"bicycle_rental","nameEn":"BaoQing St. & BaDe Rd. Intersection (North)","brand":"YouBike 2.0","opening_hours":"24/7"},"geometry":{"type":"Point","coordinates":[121.56879,25.05028]}},{"type":"Feature","properties":{"id":"osm:node:13607291809","name":"民生郵局","category":"bicycle_rental","nameEn":"Minsheng Post Office","brand":"YouBike 2.0","opening_hours":"24/7"},"geometry":{"type":"Point","coordinates":[121.56586,25.05936]}},{"type":"Feature","properties":{"id":"osm:node:13607291810","name":"承德文承路口","category":"bicycle_rental","nameEn":"ChengDe Rd. & WenCheng Rd. Intersection","brand":"YouBike 2.0","opening_hours":"24/7"},"geometry":{"type":"Point","coordinates":[121.51178,25.10496]}},{"type":"Feature","properties":{"id":"osm:node:13607291811","name":"民族街36巷口","category":"bicycle_rental","nameEn":"Ln. 36, MinZu St.","brand":"YouBike 2.0","opening_hours":"24/7"},"geometry":{"type":"Point","coordinates":[121.50596,25.13305]}},{"type":"Feature","properties":{"id":"osm:node:13607291812","name":"福星公園地下停車場(出入口B)","category":"bicycle_rental","nameEn":"Fuxing Park Car Park (Exit B)","brand":"YouBike 2.0","opening_hours":"24/7"},"geometry":{"type":"Point","coordinates":[121.51289,25.10744]}},{"type":"Feature","properties":{"id":"osm:node:13607291813","name":"中央北路一段197巷口","category":"bicycle_rental","nameEn":"Ln. 197, Sec. 1, ZhongYang N. Rd.","brand":"YouBike 2.0","opening_hours":"24/7"},"geometry":{"type":"Point","coordinates":[121.49749,25.13579]}},{"type":"Feature","properties":{"id":"osm:node:13607291814","name":"彰化銀行北投分行","category":"bicycle_rental","nameEn":"Chang Hwa Bank (Beitou)","brand":"YouBike 2.0","opening_hours":"24/7"},"geometry":{"type":"Point","coordinates":[121.4971,25.13161]}},{"type":"Feature","properties":{"id":"osm:node:13607291815","name":"薇閣高中","category":"bicycle_rental","nameEn":"WEGO Private Senior High School","brand":"YouBike 2.0","opening_hours":"24/7"},"geometry":{"type":"Point","coordinates":[121.50388,25.13964]}},{"type":"Feature","properties":{"id":"osm:node:13607291816","name":"好市多北投店","category":"bicycle_rental","nameEn":"Costco (Beitou)","brand":"YouBike 2.0","opening_hours":"24/7"},"geometry":{"type":"Point","coordinates":[121.46948,25.12782]}},{"type":"Feature","properties":{"id":"osm:node:13607291817","name":"公舘西安街二段口","category":"bicycle_rental","nameEn":"Gongguan Rd. & Sec. 2, XiAn St. Intersection","brand":"YouBike 2.0","opening_hours":"24/7"},"geometry":{"type":"Point","coordinates":[121.50281,25.12157]}},{"type":"Feature","properties":{"id":"osm:node:13607291818","name":"三合街一段82巷62弄口","category":"bicycle_rental","nameEn":"Aly. 62, Ln. 82, Sec. 1, SanHe St.","brand":"YouBike 2.0","opening_hours":"24/7"},"geometry":{"type":"Point","coordinates":[121.50409,25.12874]}},{"type":"Feature","properties":{"id":"osm:node:13607291819","name":"振華公園","category":"bicycle_rental","nameEn":"Zhenhua Park","brand":"YouBike 2.0","opening_hours":"24/7"},"geometry":{"type":"Point","coordinates":[121.51854,25.11574]}},{"type":"Feature","properties":{"id":"osm:node:13607291820","name":"北投公園噴泉","category":"bicycle_rental","nameEn":"Beitou Park (Fountain)","brand":"YouBike 2.0","opening_hours":"24/7"},"geometry":{"type":"Point","coordinates":[121.5048,25.13687]}},{"type":"Feature","properties":{"id":"osm:node:13607291821","name":"溫泉路81號","category":"bicycle_rental","nameEn":"No. 81, WenQuan Rd.","brand":"YouBike 2.0","opening_hours":"24/7"},"geometry":{"type":"Point","coordinates":[121.5057,25.13543]}},{"type":"Feature","properties":{"id":"osm:node:13607291822","name":"奇岩抽水站","category":"bicycle_rental","nameEn":"QiYan Pumping Station","brand":"YouBike 2.0","opening_hours":"24/7"},"geometry":{"type":"Point","coordinates":[121.50328,25.12386]}},{"type":"Feature","properties":{"id":"osm:node:13607291823","name":"北投市場(民族街口)","category":"bicycle_rental","nameEn":"Beitou Market (MinZu St.)","brand":"YouBike 2.0","opening_hours":"24/7"},"geometry":{"type":"Point","coordinates":[121.50388,25.13221]}},{"type":"Feature","properties":{"id":"osm:node:13607291824","name":"榮華公園","category":"bicycle_rental","nameEn":"Ronghua Park","brand":"YouBike 2.0","opening_hours":"24/7"},"geometry":{"type":"Point","coordinates":[121.52212,25.11138]}},{"type":"Feature","properties":{"id":"osm:node:13607291825","name":"文林橋(文林北路75巷)","category":"bicycle_rental","nameEn":"WenLin Bridge (Ln. 75, WenLin N. Rd.)","brand":"YouBike 2.0","opening_hours":"24/7"},"geometry":{"type":"Point","coordinates":[121.51719,25.10192]}},{"type":"Feature","properties":{"id":"osm:node:13607291826","name":"親水公園","category":"bicycle_rental","nameEn":"Waterfront Park","brand":"YouBike 2.0","opening_hours":"24/7"},"geometry":{"type":"Point","coordinates":[121.49032,25.13761]}},{"type":"Feature","properties":{"id":"osm:node:13607291827","name":"溫泉路68巷6弄口","category":"bicycle_rental","nameEn":"Aly. 6, Ln. 68, WenQuan Rd.","brand":"YouBike 2.0","opening_hours":"24/7"},"geometry":{"type":"Point","coordinates":[121.50564,25.13401]}},{"type":"Feature","properties":{"id":"osm:node:13607291828","name":"幼華中學(大業路)","category":"bicycle_rental","nameEn":"Taipei YouHua High School (DaYe Rd.)","brand":"YouBike 2.0","opening_hours":"24/7"},"geometry":{"type":"Point","coordinates":[121.49602,25.13372]}},{"type":"Feature","properties":{"id":"osm:node:13607291829","name":"大業路667巷口","category":"bicycle_rental","nameEn":"Ln. 667, DaYe Rd.","brand":"YouBike 2.0","opening_hours":"24/7"},"geometry":{"type":"Point","coordinates":[121.4996,25.13709]}},{"type":"Feature","properties":{"id":"osm:node:13607291830","name":"泉源路23巷口","category":"bicycle_rental","nameEn":"Ln. 23, QuanYuan Rd.","brand":"YouBike 2.0","opening_hours":"24/7"},"geometry":{"type":"Point","coordinates":[121.50571,25.13939]}},{"type":"Feature","properties":{"id":"osm:node:13607291831","name":"北投文化公園(中央北路)","category":"bicycle_rental","nameEn":"Wenhua No.1 Park (ZhongYang N. Rd.)","brand":"YouBike 2.0","opening_hours":"24/7"},"geometry":{"type":"Point","coordinates":[121.49686,25.13632]}},{"type":"Feature","properties":{"id":"osm:node:13607291832","name":"石牌路二段324巷口","category":"bicycle_rental","nameEn":"Ln. 324, Sec. 2, ShiPai Rd.","brand":"YouBike 2.0","opening_hours":"24/7"},"geometry":{"type":"Point","coordinates":[121.52404,25.12164]}},{"type":"Feature","properties":{"id":"osm:node:13607291833","name":"承德文林北路口(西側)","category":"bicycle_rental","nameEn":"ChengDe Rd. & WenLin N. Rd. Intersection (West)","brand":"YouBike 2.0","opening_hours":"24/7"},"geometry":{"type":"Point","coordinates":[121.51097,25.11032]}},{"type":"Feature","properties":{"id":"osm:node:13607291834","name":"珠海路(48號公園)","category":"bicycle_rental","nameEn":"ZhuHai Rd. (Park NO.48)","brand":"YouBike 2.0","opening_hours":"24/7"},"geometry":{"type":"Point","coordinates":[121.51218,25.14262]}},{"type":"Feature","properties":{"id":"osm:node:13607291835","name":"關渡碼頭","category":"bicycle_rental","nameEn":"Guandu Wharf","brand":"YouBike 2.0","opening_hours":"24/7"},"geometry":{"type":"Point","coordinates":[121.46228,25.12066]}},{"type":"Feature","properties":{"id":"osm:node:13607291836","name":"華碩立功大樓","category":"bicycle_rental","nameEn":"ASUS LiGong Building","brand":"YouBike 2.0","opening_hours":"24/7"},"geometry":{"type":"Point","coordinates":[121.47071,25.12771]}},{"type":"Feature","properties":{"id":"osm:node:13607291837","name":"捷運石牌站(2號出口)(西安街一段)","category":"bicycle_rental","nameEn":"MRT Shipai Sta. (Exit 2) (Sec. 1, XiAn St.)","brand":"YouBike 2.0","opening_hours":"24/7"},"geometry":{"type":"Point","coordinates":[121.51615,25.11332]}},{"type":"Feature","properties":{"id":"osm:node:13607291838","name":"北投新興公園","category":"bicycle_rental","nameEn":"ShinShing Park","brand":"YouBike 2.0","opening_hours":"24/7"},"geometry":{"type":"Point","coordinates":[121.48711,25.13997]}},{"type":"Feature","properties":{"id":"osm:node:13607291839","name":"中國電影製片廠","category":"bicycle_rental","nameEn":"China Film Studio","brand":"YouBike 2.0","opening_hours":"24/7"},"geometry":{"type":"Point","coordinates":[121.48802,25.13843]}},{"type":"Feature","properties":{"id":"osm:node:13607291840","name":"大業路(農禪寺)","category":"bicycle_rental","nameEn":"DaYe Rd. (Nung Chan Monastery)","brand":"YouBike 2.0","opening_hours":"24/7"},"geometry":{"type":"Point","coordinates":[121.49964,25.12231]}},{"type":"Feature","properties":{"id":"osm:node:13607291841","name":"承德路七段401巷(洲美橋下)","category":"bicycle_rental","nameEn":"Ln. 401, Sec. 7, ChengDe Rd. (ZhouMei Bridge)","brand":"YouBike 2.0","opening_hours":"24/7"},"geometry":{"type":"Point","coordinates":[121.49934,25.11483]}},{"type":"Feature","properties":{"id":"osm:node:13607291842","name":"立功街55巷口","category":"bicycle_rental","nameEn":"Ln. 55, LiGong St.","brand":"YouBike 2.0","opening_hours":"24/7"},"geometry":{"type":"Point","coordinates":[121.46922,25.12518]}},{"type":"Feature","properties":{"id":"osm:node:13607291843","name":"關渡國中","category":"bicycle_rental","nameEn":"Guan Do Junior High School","brand":"YouBike 2.0","opening_hours":"24/7"},"geometry":{"type":"Point","coordinates":[121.46735,25.11955]}},{"type":"Feature","properties":{"id":"osm:node:13607291844","name":"國立陽明交通大學(甲棟)","category":"bicycle_rental","nameEn":"NYCU ( Bldg. A)","brand":"YouBike 2.0","opening_hours":"24/7"},"geometry":{"type":"Point","coordinates":[121.51453,25.11944]}},{"type":"Feature","properties":{"id":"osm:node:13607291845","name":"永興路一段32巷口","category":"bicycle_rental","nameEn":"Ln. 32, Sec. 1, Yongxing Rd.","brand":"YouBike 2.0","opening_hours":"24/7"},"geometry":{"type":"Point","coordinates":[121.50012,25.13905]}},{"type":"Feature","properties":{"id":"osm:node:13607291846","name":"康寧路三段56巷198號","category":"bicycle_rental","nameEn":"No. 198, Ln. 56, Sec. 3, KangNing Rd.","brand":"YouBike 2.0","opening_hours":"24/7"},"geometry":{"type":"Point","coordinates":[121.6072,25.06733]}},{"type":"Feature","properties":{"id":"osm:node:13607291847","name":"成功路二段115巷口(國道一號)","category":"bicycle_rental","nameEn":"Ln. 115, Sec. 2, ChengGong Rd. (Freeway 1)","brand":"YouBike 2.0","opening_hours":"24/7"},"geometry":{"type":"Point","coordinates":[121.59106,25.06468]}},{"type":"Feature","properties":{"id":"osm:node:13607291848","name":"成功路二段/石潭路(西南側)","category":"bicycle_rental","nameEn":"Sec. 2, ChengGong Rd. & ShiTan Rd. Intersection (Southwest)","brand":"YouBike 2.0","opening_hours":"24/7"},"geometry":{"type":"Point","coordinates":[121.5906,25.06315]}},{"type":"Feature","properties":{"id":"osm:node:13607291849","name":"文湖公園","category":"bicycle_rental","nameEn":"Wenhu Park","brand":"YouBike 2.0","opening_hours":"24/7"},"geometry":{"type":"Point","coordinates":[121.5613,25.08748]}},{"type":"Feature","properties":{"id":"osm:node:13607291850","name":"成美抽水站","category":"bicycle_rental","nameEn":"Chengmei Pumping Station","brand":"YouBike 2.0","opening_hours":"24/7"},"geometry":{"type":"Point","coordinates":[121.58354,25.05532]}},{"type":"Feature","properties":{"id":"osm:node:13607291851","name":"成功路四段61巷35弄口","category":"bicycle_rental","nameEn":"Aly. 35, Ln. 61, Sec. 4, ChengGong Rd.","brand":"YouBike 2.0","opening_hours":"24/7"},"geometry":{"type":"Point","coordinates":[121.59361,25.08036]}},{"type":"Feature","properties":{"id":"osm:node:13607291852","name":"金湖康寧路口(白鷺鷥山登山步道)","category":"bicycle_rental","nameEn":"KangHing Rd. & JinHu Rd. Intersection (Bailusishan Trail)","brand":"YouBike 2.0","opening_hours":"24/7"},"geometry":{"type":"Point","coordinates":[121.60132,25.07535]}},{"type":"Feature","properties":{"id":"osm:node:13607291853","name":"內湖大坑公園","category":"bicycle_rental","nameEn":"Dakeng Park","brand":"YouBike 2.0","opening_hours":"24/7"},"geometry":{"type":"Point","coordinates":[121.59842,25.06887]}},{"type":"Feature","properties":{"id":"osm:node:13607291854","name":"三民國中(民權東路)","category":"bicycle_rental","nameEn":"Sanmin Junior High School (MinQuan E. Rd.)","brand":"YouBike 2.0","opening_hours":"24/7"},"geometry":{"type":"Point","coordinates":[121.58493,25.069]}},{"type":"Feature","properties":{"id":"osm:node:13607291855","name":"內湖國小(內湖路二段76巷)","category":"bicycle_rental","nameEn":"NeiHu Elementary School (Ln. 76, Sec. 2, NeiHu Rd.)","brand":"YouBike 2.0","opening_hours":"24/7"},"geometry":{"type":"Point","coordinates":[121.58096,25.07926]}},{"type":"Feature","properties":{"id":"osm:node:13607291856","name":"瑞光路548巷","category":"bicycle_rental","nameEn":"Ln. 548, RuiGuang Rd.","brand":"YouBike 2.0","opening_hours":"24/7"},"geometry":{"type":"Point","coordinates":[121.56679,25.07843]}},{"type":"Feature","properties":{"id":"osm:node:13607291857","name":"港墘路1巷口","category":"bicycle_rental","nameEn":"Ln. 1, GangQian Rd.","brand":"YouBike 2.0","opening_hours":"24/7"},"geometry":{"type":"Point","coordinates":[121.57829,25.08336]}},{"type":"Feature","properties":{"id":"osm:node:13607291858","name":"行愛路78巷","category":"bicycle_rental","nameEn":"Ln. 78, XingAi Rd.","brand":"YouBike 2.0","opening_hours":"24/7"},"geometry":{"type":"Point","coordinates":[121.58029,25.06198]}},{"type":"Feature","properties":{"id":"osm:node:13607291859","name":"內湖路一段737巷/麗山街口","category":"bicycle_rental","nameEn":"Ln. 737, Sec. 1, NeiHu Rd. & LiShan St. Intersection","brand":"YouBike 2.0","opening_hours":"24/7"},"geometry":{"type":"Point","coordinates":[121.5792,25.08294]}},{"type":"Feature","properties":{"id":"osm:node:13607291860","name":"黃石公廟","category":"bicycle_rental","nameEn":"Huangshigong Temple","brand":"YouBike 2.0","opening_hours":"24/7"},"geometry":{"type":"Point","coordinates":[121.60709,25.07726]}},{"type":"Feature","properties":{"id":"osm:node:13607291861","name":"內湖國小(內湖路一段737巷51弄)","category":"bicycle_rental","nameEn":"NeiHu Elementary School (Aly. 51, Ln. 737, Sec. 1, NeiHu Rd.)","brand":"YouBike 2.0","opening_hours":"24/7"},"geometry":{"type":"Point","coordinates":[121.57984,25.08027]}},{"type":"Feature","properties":{"id":"osm:node:13607291862","name":"金湖路401巷","category":"bicycle_rental","nameEn":"Ln. 401, JinHu Rd.","brand":"YouBike 2.0","opening_hours":"24/7"},"geometry":{"type":"Point","coordinates":[121.60376,25.07255]}},{"type":"Feature","properties":{"id":"osm:node:13607291863","name":"成功路五段450巷口","category":"bicycle_rental","nameEn":"Ln. 450, Sec. 5, ChengGong Rd.","brand":"YouBike 2.0","opening_hours":"24/7"},"geometry":{"type":"Point","coordinates":[121.60693,25.07468]}},{"type":"Feature","properties":{"id":"osm:node:13607291864","name":"大湖國小(大湖山莊街173巷口)","category":"bicycle_rental","nameEn":"DaHu Elementary School (Ln. 173, DaHu ShanZhuang St.)","brand":"YouBike 2.0","opening_hours":"24/7"},"geometry":{"type":"Point","coordinates":[121.60124,25.0878]}},{"type":"Feature","properties":{"id":"osm:node:13607291865","name":"成美疏散門","category":"bicycle_rental","nameEn":"Chengmei Evacuating Gate","brand":"YouBike 2.0","opening_hours":"24/7"},"geometry":{"type":"Point","coordinates":[121.58804,25.05734]}},{"type":"Feature","properties":{"id":"osm:node:13607291866","name":"西湖國中","category":"bicycle_rental","nameEn":"Xihu Experimental Junior High School","brand":"YouBike 2.0","opening_hours":"24/7"},"geometry":{"type":"Point","coordinates":[121.56577,25.08466]}},{"type":"Feature","properties":{"id":"osm:node:13607291867","name":"內湖路一段285巷65弄","category":"bicycle_rental","nameEn":"Aly. 65, Ln. 285, Sec. 1, NeiHu Rd.","brand":"YouBike 2.0","opening_hours":"24/7"},"geometry":{"type":"Point","coordinates":[121.56912,25.08443]}},{"type":"Feature","properties":{"id":"osm:node:13607291868","name":"西湖公園(內湖路一段387巷)","category":"bicycle_rental","nameEn":"Xihu Park (Ln. 387, Sec. 1, NeiHu Rd.)","brand":"YouBike 2.0","opening_hours":"24/7"},"geometry":{"type":"Point","coordinates":[121.57066,25.08409]}},{"type":"Feature","properties":{"id":"osm:node:13607291869","name":"文湖街21巷82弄口","category":"bicycle_rental","nameEn":"Aly. 82, Ln. 21, WenHu St.","brand":"YouBike 2.0","opening_hours":"24/7"},"geometry":{"type":"Point","coordinates":[121.56036,25.08899]}},{"type":"Feature","properties":{"id":"osm:node:13607291870","name":"將軍嶺","category":"bicycle_rental","nameEn":"Jiangjun Ling","brand":"YouBike 2.0","opening_hours":"24/7"},"geometry":{"type":"Point","coordinates":[121.5901,25.07457]}},{"type":"Feature","properties":{"id":"osm:node:13607291871","name":"民權東路六段280巷155弄口","category":"bicycle_rental","nameEn":"Aly. 155, Ln. 280, Sec. 6, MinQuan E. Rd.","brand":"YouBike 2.0","opening_hours":"24/7"},"geometry":{"type":"Point","coordinates":[121.60884,25.06865]}},{"type":"Feature","properties":{"id":"osm:node:13607291872","name":"捷運東湖站(2號出口)","category":"bicycle_rental","nameEn":"MRT Donghu Sta. (Exit 2)","brand":"YouBike 2.0","opening_hours":"24/7"},"geometry":{"type":"Point","coordinates":[121.61163,25.06769]}},{"type":"Feature","properties":{"id":"osm:node:13607291873","name":"民權東路六段280巷69弄","category":"bicycle_rental","nameEn":"Aly. 69, Ln. 280, Sec. 6, MinQuan E. Rd.","brand":"YouBike 2.0","opening_hours":"24/7"},"geometry":{"type":"Point","coordinates":[121.60724,25.06892]}},{"type":"Feature","properties":{"id":"osm:node:13607291874","name":"成功路二段406巷口","category":"bicycle_rental","nameEn":"Ln. 406, Sec. 2, ChengGong Rd.","brand":"YouBike 2.0","opening_hours":"24/7"},"geometry":{"type":"Point","coordinates":[121.59,25.07077]}},{"type":"Feature","properties":{"id":"osm:node:13607291875","name":"星雲街210巷口","category":"bicycle_rental","nameEn":"Ln. 210, XingYun St.","brand":"YouBike 2.0","opening_hours":"24/7"},"geometry":{"type":"Point","coordinates":[121.59793,25.07966]}},{"type":"Feature","properties":{"id":"osm:node:13607291876","name":"康寧路一段218巷2弄口","category":"bicycle_rental","nameEn":"Aly. 2, Ln. 218, Sec. 1, KangNing Rd.","brand":"YouBike 2.0","opening_hours":"24/7"},"geometry":{"type":"Point","coordinates":[121.59652,25.07837]}},{"type":"Feature","properties":{"id":"osm:node:13607291877","name":"文德三號公園(文德路)","category":"bicycle_rental","nameEn":"WenDe Park No. 3 (WenDe Rd.)","brand":"YouBike 2.0","opening_hours":"24/7"},"geometry":{"type":"Point","coordinates":[121.58076,25.07834]}},{"type":"Feature","properties":{"id":"osm:node:13607291878","name":"湖興公園(成功路)","category":"bicycle_rental","nameEn":"Huxing Park (ChengGong Rd.)","brand":"YouBike 2.0","opening_hours":"24/7"},"geometry":{"type":"Point","coordinates":[121.59048,25.06703]}},{"type":"Feature","properties":{"id":"osm:node:13607291879","name":"上灣公園","category":"bicycle_rental","nameEn":"Shangwan Park","brand":"YouBike 2.0","opening_hours":"24/7"},"geometry":{"type":"Point","coordinates":[121.59778,25.06572]}},{"type":"Feature","properties":{"id":"osm:node:13607291880","name":"環山路一段136巷口","category":"bicycle_rental","nameEn":"Ln. 136, Sec. 1, HuanShan Rd.","brand":"YouBike 2.0","opening_hours":"24/7"},"geometry":{"type":"Point","coordinates":[121.56928,25.08645]}},{"type":"Feature","properties":{"id":"osm:node:13607291881","name":"內湖路一段1巷口","category":"bicycle_rental","nameEn":"Ln. 1, Sec. 1, NeiHu Rd.","brand":"YouBike 2.0","opening_hours":"24/7"},"geometry":{"type":"Point","coordinates":[121.558,25.08533]}},{"type":"Feature","properties":{"id":"osm:node:13607291882","name":"捷運大湖公園站(1號出口)","category":"bicycle_rental","nameEn":"MRT Dahu Park Sta. (Exit 1)","brand":"YouBike 2.0","opening_hours":"24/7"},"geometry":{"type":"Point","coordinates":[121.60253,25.08383]}},{"type":"Feature","properties":{"id":"osm:node:13607291883","name":"捷運東湖站(3號出口)","category":"bicycle_rental","nameEn":"MRT Donghu Sta. (Exit 3)","brand":"YouBike 2.0","opening_hours":"24/7"},"geometry":{"type":"Point","coordinates":[121.61194,25.06701]}},{"type":"Feature","properties":{"id":"osm:node:13607291884","name":"文德路66巷14弄","category":"bicycle_rental","nameEn":"Aly. 14, Ln. 66, WenDe Rd.","brand":"YouBike 2.0","opening_hours":"24/7"},"geometry":{"type":"Point","coordinates":[121.58096,25.07712]}},{"type":"Feature","properties":{"id":"osm:node:13607291885","name":"明美公園(南京東路六段451巷口)","category":"bicycle_rental","nameEn":"Mingmei Park (Ln. 451, Sec. 6, NanJing E. Rd.)","brand":"YouBike 2.0","opening_hours":"24/7"},"geometry":{"type":"Point","coordinates":[121.58757,25.06082]}},{"type":"Feature","properties":{"id":"osm:node:13607291886","name":"東湖立體停車場","category":"bicycle_rental","nameEn":"Donghu Parking Lot","brand":"YouBike 2.0","opening_hours":"24/7"},"geometry":{"type":"Point","coordinates":[121.6122,25.0692]}},{"type":"Feature","properties":{"id":"osm:node:13607291887","name":"康寧路三段70巷153號","category":"bicycle_rental","nameEn":"No. 153, Ln. 70, Sec. 3, KangNing Rd.","brand":"YouBike 2.0","opening_hours":"24/7"},"geometry":{"type":"Point","coordinates":[121.60803,25.06658]}},{"type":"Feature","properties":{"id":"osm:node:13607291888","name":"明湖國小(康寧路三段165巷23弄)","category":"bicycle_rental","nameEn":"Ming Hu Elementary School (Aly. 23, Ln. 165, Sec. 3, KangNing Rd.)","brand":"YouBike 2.0","opening_hours":"24/7"},"geometry":{"type":"Point","coordinates":[121.61177,25.07165]}},{"type":"Feature","properties":{"id":"osm:node:13607291889","name":"行善路417巷","category":"bicycle_rental","nameEn":"Ln. ˋ417, Xingshan Rd.","brand":"YouBike 2.0","opening_hours":"24/7"},"geometry":{"type":"Point","coordinates":[121.58654,25.06468]}},{"type":"Feature","properties":{"id":"osm:node:13607291890","name":"麗山國小(內湖路一段411巷)","category":"bicycle_rental","nameEn":"LisHan Elementary School (Ln. 411, Sec. 1, NeiHu Rd.)","brand":"YouBike 2.0","opening_hours":"24/7"},"geometry":{"type":"Point","coordinates":[121.57189,25.08389]}},{"type":"Feature","properties":{"id":"osm:node:13607291891","name":"潭美公園(新明路298巷)","category":"bicycle_rental","nameEn":"TanMei Park (Ln. 298, XinMing Rd.)","brand":"YouBike 2.0","opening_hours":"24/7"},"geometry":{"type":"Point","coordinates":[121.58173,25.05698]}},{"type":"Feature","properties":{"id":"osm:node:13607291892","name":"美善公園","category":"bicycle_rental","nameEn":"MeiShan Park","brand":"YouBike 2.0","opening_hours":"24/7"},"geometry":{"type":"Point","coordinates":[121.578601,25.057034]}},{"type":"Feature","properties":{"id":"osm:node:13607291893","name":"環山路三段1巷(麗山高中)","category":"bicycle_rental","nameEn":"Ln. 1, Sec. 3, HuanShan Rd. (Lishan Senior High School)","brand":"YouBike 2.0","opening_hours":"24/7"},"geometry":{"type":"Point","coordinates":[121.57876,25.08438]}},{"type":"Feature","properties":{"id":"osm:node:13607291894","name":"五分埤","category":"bicycle_rental","nameEn":"WuFenPi","brand":"YouBike 2.0","opening_hours":"24/7"},"geometry":{"type":"Point","coordinates":[121.62257,25.07595]}},{"type":"Feature","properties":{"id":"osm:node:13607291895","name":"捷運葫洲站(2號出口)","category":"bicycle_rental","nameEn":"MRT Huzhou Sta. (Exit 2)","brand":"YouBike 2.0","opening_hours":"24/7"},"geometry":{"type":"Point","coordinates":[121.60692,25.07264]}},{"type":"Feature","properties":{"id":"osm:node:13607291896","name":"長壽抽水站","category":"bicycle_rental","nameEn":"ChangShou Pumping Station","brand":"YouBike 2.0","opening_hours":"24/7"},"geometry":{"type":"Point","coordinates":[121.59662,25.06099]}},{"type":"Feature","properties":{"id":"osm:node:13607291897","name":"文德路220巷口","category":"bicycle_rental","nameEn":"Ln. 220, WenDe Rd.","brand":"YouBike 2.0","opening_hours":"24/7"},"geometry":{"type":"Point","coordinates":[121.58796,25.07862]}},{"type":"Feature","properties":{"id":"osm:node:13607291898","name":"瑞光路316巷","category":"bicycle_rental","nameEn":"Ln. 316, Ruiguang Rd.","brand":"YouBike 2.0","opening_hours":"24/7"},"geometry":{"type":"Point","coordinates":[121.57341,25.07567]}},{"type":"Feature","properties":{"id":"osm:node:13607291899","name":"安泰公園","category":"bicycle_rental","nameEn":"Antai Park","brand":"YouBike 2.0","opening_hours":"24/7"},"geometry":{"type":"Point","coordinates":[121.61869,25.07391]}},{"type":"Feature","properties":{"id":"osm:node:13607291900","name":"永安國小(北安路554巷)","category":"bicycle_rental","nameEn":"Yongan Elementary School (Ln. 554, BeiAn Rd.)","brand":"YouBike 2.0","opening_hours":"24/7"},"geometry":{"type":"Point","coordinates":[121.54983,25.08002]}},{"type":"Feature","properties":{"id":"osm:node:13607291901","name":"南京新生路口(北側)","category":"bicycle_rental","nameEn":"NanJing E. Rd. & XinSheng N. Rd. Intersection (North)","brand":"YouBike 2.0","opening_hours":"24/7"},"geometry":{"type":"Point","coordinates":[121.52768,25.0522]}},{"type":"Feature","properties":{"id":"osm:node:13607291902","name":"臺北市立美術館(新生北路三段)","category":"bicycle_rental","nameEn":"Taipei Fine Arts Museum (Sec. 3, XinSheng N. Rd.)","brand":"YouBike 2.0","opening_hours":"24/7"},"geometry":{"type":"Point","coordinates":[121.52529,25.07255]}},{"type":"Feature","properties":{"id":"osm:node:13607291903","name":"臺北市立美術館(中山北路三段)","category":"bicycle_rental","nameEn":"Taipei Fine Arts Museum (Sec. 3, ZhongShan N. Rd.)","brand":"YouBike 2.0","opening_hours":"24/7"},"geometry":{"type":"Point","coordinates":[121.52395,25.07177]}},{"type":"Feature","properties":{"id":"osm:node:13607291904","name":"林森錦州街口","category":"bicycle_rental","nameEn":"LinSen Rd. & JinZhou St. Intersection","brand":"YouBike 2.0","opening_hours":"24/7"},"geometry":{"type":"Point","coordinates":[121.52566,25.06051]}},{"type":"Feature","properties":{"id":"osm:node:13607291905","name":"復興北路430巷","category":"bicycle_rental","nameEn":"Ln. 430, FuXing N. Rd.","brand":"YouBike 2.0","opening_hours":"24/7"},"geometry":{"type":"Point","coordinates":[121.54353,25.06341]}},{"type":"Feature","properties":{"id":"osm:node:13607291906","name":"新壽公園","category":"bicycle_rental","nameEn":"Xinshou Park","brand":"YouBike 2.0","opening_hours":"24/7"},"geometry":{"type":"Point","coordinates":[121.53015,25.06313]}},{"type":"Feature","properties":{"id":"osm:node:13607291907","name":"新生林森北路485巷口","category":"bicycle_rental","nameEn":"XinSheng N. Rd. & Ln. 485, LinSen N. Rd. Intersection","brand":"YouBike 2.0","opening_hours":"24/7"},"geometry":{"type":"Point","coordinates":[121.52745,25.06114]}},{"type":"Feature","properties":{"id":"osm:node:13607291908","name":"北安路608巷明水路口","category":"bicycle_rental","nameEn":"Ln. 608, BeiAn Rd. & MingShui Rd. Intersection","brand":"YouBike 2.0","opening_hours":"24/7"},"geometry":{"type":"Point","coordinates":[121.55124,25.08194]}},{"type":"Feature","properties":{"id":"osm:node:13607291909","name":"德惠雙城街口(西側)","category":"bicycle_rental","nameEn":"DeHui St. & ShuangCheng St. Intersection","brand":"YouBike 2.0","opening_hours":"24/7"},"geometry":{"type":"Point","coordinates":[121.5242,25.0667]}},{"type":"Feature","properties":{"id":"osm:node:13607291910","name":"市民大道二段67巷口","category":"bicycle_rental","nameEn":"Ln. 67, Sec. 2, Civic Blvd.","brand":"YouBike 2.0","opening_hours":"24/7"},"geometry":{"type":"Point","coordinates":[121.5296,25.04652]}},{"type":"Feature","properties":{"id":"osm:node:13607291911","name":"長安林森路口公車站","category":"bicycle_rental","nameEn":"ChangAn E. Rd. & LinSen N. Rd. Intersection","brand":"YouBike 2.0","opening_hours":"24/7"},"geometry":{"type":"Point","coordinates":[121.52589,25.04882]}},{"type":"Feature","properties":{"id":"osm:node:13607291912","name":"八德路二段210巷口","category":"bicycle_rental","nameEn":"Ln. 210, Sec. 2, BaDe Rd.","brand":"YouBike 2.0","opening_hours":"24/7"},"geometry":{"type":"Point","coordinates":[121.53958,25.04478]}},{"type":"Feature","properties":{"id":"osm:node:13607291913","name":"中山北路二段26巷","category":"bicycle_rental","nameEn":"Ln. 26, Sec. 2, ZhongShan N. Rd.","brand":"YouBike 2.0","opening_hours":"24/7"},"geometry":{"type":"Point","coordinates":[121.52066,25.05392]}},{"type":"Feature","properties":{"id":"osm:node:13607291914","name":"中山民生東路口(東南側)","category":"bicycle_rental","nameEn":"ZhongShan N. Rd. & MinSheng E. Rd. Intersection (Southeast)","brand":"YouBike 2.0","opening_hours":"24/7"},"geometry":{"type":"Point","coordinates":[121.52299,25.05778]}},{"type":"Feature","properties":{"id":"osm:node:13607291915","name":"上塔悠公園(明水路)","category":"bicycle_rental","nameEn":"Shangtayo Park (MingShui Rd.)","brand":"YouBike 2.0","opening_hours":"24/7"},"geometry":{"type":"Point","coordinates":[121.55205,25.07767]}},{"type":"Feature","properties":{"id":"osm:node:13607291916","name":"中山北路二段96巷口","category":"bicycle_rental","nameEn":"Ln. 96, Sec. 2, ZhongShan N. Rd.","brand":"YouBike 2.0","opening_hours":"24/7"},"geometry":{"type":"Point","coordinates":[121.52253,25.0598]}},{"type":"Feature","properties":{"id":"osm:node:13607291917","name":"長春路258巷2弄(北側)","category":"bicycle_rental","nameEn":"Aly. 2, Ln. 258, ChangChun Rd.","brand":"YouBike 2.0","opening_hours":"24/7"},"geometry":{"type":"Point","coordinates":[121.5383,25.05474]}},{"type":"Feature","properties":{"id":"osm:node:13607291918","name":"民權東路三段60巷","category":"bicycle_rental","nameEn":"Ln. 60, Sec. 3, MinQuan E. Rd.","brand":"YouBike 2.0","opening_hours":"24/7"},"geometry":{"type":"Point","coordinates":[121.54236,25.06058]}},{"type":"Feature","properties":{"id":"osm:node:13607291919","name":"松江路184巷口","category":"bicycle_rental","nameEn":"Ln. 184, SongJiang Rd.","brand":"YouBike 2.0","opening_hours":"24/7"},"geometry":{"type":"Point","coordinates":[121.53296,25.05623]}},{"type":"Feature","properties":{"id":"osm:node:13607291920","name":"遼寧民生路口","category":"bicycle_rental","nameEn":"MinSheng E. Rd. & LiaoNing St. Intersection","brand":"YouBike 2.0","opening_hours":"24/7"},"geometry":{"type":"Point","coordinates":[121.54215,25.05751]}},{"type":"Feature","properties":{"id":"osm:node:13607291921","name":"大直派出所","category":"bicycle_rental","nameEn":"Dazhi Police Station","brand":"YouBike 2.0","opening_hours":"24/7"},"geometry":{"type":"Point","coordinates":[121.54422,25.07913]}},{"type":"Feature","properties":{"id":"osm:node:13607291922","name":"內湖堤頂大道(西南側)","category":"bicycle_rental","nameEn":"NeiHu Rd. & Tiding Blvd. Intersection (Southwest)","brand":"YouBike 2.0","opening_hours":"24/7"},"geometry":{"type":"Point","coordinates":[121.56016,25.08462]}},{"type":"Feature","properties":{"id":"osm:node:13607291923","name":"飛航服務總臺","category":"bicycle_rental","nameEn":"Air Navigation And Weather Services","brand":"YouBike 2.0","opening_hours":"24/7"},"geometry":{"type":"Point","coordinates":[121.55117,25.07241]}},{"type":"Feature","properties":{"id":"osm:node:13607291924","name":"民生東合江街口","category":"bicycle_rental","nameEn":"MinSheng E. Rd. & HeJiang St. Intersection","brand":"YouBike 2.0","opening_hours":"24/7"},"geometry":{"type":"Point","coordinates":[121.53951,25.05777]}},{"type":"Feature","properties":{"id":"osm:node:13607291925","name":"松江路25巷口","category":"bicycle_rental","nameEn":"Ln. 25, SongJiang Rd.","brand":"YouBike 2.0","opening_hours":"24/7"},"geometry":{"type":"Point","coordinates":[121.53304,25.04628]}},{"type":"Feature","properties":{"id":"osm:node:13607291926","name":"晴光公園","category":"bicycle_rental","nameEn":"Qingguang Park","brand":"YouBike 2.0","opening_hours":"24/7"},"geometry":{"type":"Point","coordinates":[121.52446,25.06411]}},{"type":"Feature","properties":{"id":"osm:node:13607291927","name":"中山北德惠街口","category":"bicycle_rental","nameEn":"ZhongShan N. Rd. & DeHui St Intersection","brand":"YouBike 2.0","opening_hours":"24/7"},"geometry":{"type":"Point","coordinates":[121.52257,25.06671]}},{"type":"Feature","properties":{"id":"osm:node:13607291928","name":"康樂公園西北側","category":"bicycle_rental","nameEn":"Kangle Park Intersection (Northwest)","brand":"YouBike 2.0","opening_hours":"24/7"},"geometry":{"type":"Point","coordinates":[121.52456,25.05377]}},{"type":"Feature","properties":{"id":"osm:node:13607291929","name":"林森公園東北側","category":"bicycle_rental","nameEn":"Linsen Park Intersection (Northeast)","brand":"YouBike 2.0","opening_hours":"24/7"},"geometry":{"type":"Point","coordinates":[121.52674,25.05381]}},{"type":"Feature","properties":{"id":"osm:node:13607291930","name":"朱昌公園","category":"bicycle_rental","nameEn":"Zhuchang Park","brand":"YouBike 2.0","opening_hours":"24/7"},"geometry":{"type":"Point","coordinates":[121.53908,25.0554]}},{"type":"Feature","properties":{"id":"osm:node:13607291931","name":"臺北市立中山女高","category":"bicycle_rental","nameEn":"Nangang Garden Community A18","brand":"YouBike 2.0","opening_hours":"24/7"},"geometry":{"type":"Point","coordinates":[121.53889,25.04841]}},{"type":"Feature","properties":{"id":"osm:node:13607291932","name":"民權東路三段39巷口","category":"bicycle_rental","nameEn":"Ln. 39, Sec. 3, MinQuan E. Rd.","brand":"YouBike 2.0","opening_hours":"24/7"},"geometry":{"type":"Point","coordinates":[121.54259,25.06596]}},{"type":"Feature","properties":{"id":"osm:node:13607291933","name":"大直抽水站公車站","category":"bicycle_rental","nameEn":"Dazhi Pumping Bus Station","brand":"YouBike 2.0","opening_hours":"24/7"},"geometry":{"type":"Point","coordinates":[121.54556,25.07756]}},{"type":"Feature","properties":{"id":"osm:node:13607291934","name":"一江南京東路口(西南側)","category":"bicycle_rental","nameEn":"YiJiang St. & NanJing E. Rd. Intersection (Southwest)","brand":"YouBike 2.0","opening_hours":"24/7"},"geometry":{"type":"Point","coordinates":[121.53146,25.05181]}},{"type":"Feature","properties":{"id":"osm:node:13607291935","name":"捷運劍南路站(3號出口)","category":"bicycle_rental","nameEn":"MRT Jiannan Rd. Sta. (Exit 3)","brand":"YouBike 2.0","opening_hours":"24/7"},"geometry":{"type":"Point","coordinates":[121.55657,25.08444]}},{"type":"Feature","properties":{"id":"osm:node:13607291936","name":"龍江路345巷","category":"bicycle_rental","nameEn":"Ln. 345, Longjiang Rd.","brand":"YouBike 2.0","opening_hours":"24/7"},"geometry":{"type":"Point","coordinates":[121.54116,25.06339]}},{"type":"Feature","properties":{"id":"osm:node:13607291937","name":"吉林南京路口(西北側)","category":"bicycle_rental","nameEn":"JiLin Rd. & NanJing E. Rd. Intersection (Northwest)","brand":"YouBike 2.0","opening_hours":"24/7"},"geometry":{"type":"Point","coordinates":[121.53003,25.05234]}},{"type":"Feature","properties":{"id":"osm:node:13607291938","name":"捷運雙連站(1號出口)","category":"bicycle_rental","nameEn":"MRT Shuanglian Sta. (Exit 1)","brand":"YouBike 2.0","opening_hours":"24/7"},"geometry":{"type":"Point","coordinates":[121.52097,25.05767]}},{"type":"Feature","properties":{"id":"osm:node:13607291939","name":"中山市場","category":"bicycle_rental","nameEn":"ZhongShan Market","brand":"YouBike 2.0","opening_hours":"24/7"},"geometry":{"type":"Point","coordinates":[121.52107,25.05007]}},{"type":"Feature","properties":{"id":"osm:node:13607291940","name":"長安國小","category":"bicycle_rental","nameEn":"ChangAn Elementary School","brand":"YouBike 2.0","opening_hours":"24/7"},"geometry":{"type":"Point","coordinates":[121.53008,25.05018]}},{"type":"Feature","properties":{"id":"osm:node:13607291941","name":"松江長安路口","category":"bicycle_rental","nameEn":"SongJiang Rd. & ChangAn E. Rd. Intersection","brand":"YouBike 2.0","opening_hours":"24/7"},"geometry":{"type":"Point","coordinates":[121.53282,25.04819]}},{"type":"Feature","properties":{"id":"osm:node:13607291942","name":"復興五常街口(西南側)","category":"bicycle_rental","nameEn":"FuXing N. Rd. & WuChang St. Intersection (Southwest)","brand":"YouBike 2.0","opening_hours":"24/7"},"geometry":{"type":"Point","coordinates":[121.54415,25.06409]}},{"type":"Feature","properties":{"id":"osm:node:13607291943","name":"民權中山路口(東北側)","category":"bicycle_rental","nameEn":"MinQuan E. Rd. & ZhongShan N. Rd. Intersection (Northeast)","brand":"YouBike 2.0","opening_hours":"24/7"},"geometry":{"type":"Point","coordinates":[121.52299,25.06292]}},{"type":"Feature","properties":{"id":"osm:node:13607291944","name":"環山抽水站","category":"bicycle_rental","nameEn":"HuanShan Pumping Station","brand":"YouBike 2.0","opening_hours":"24/7"},"geometry":{"type":"Point","coordinates":[121.5631,25.07734]}},{"type":"Feature","properties":{"id":"osm:node:13607291945","name":"濱江國中","category":"bicycle_rental","nameEn":"BinJiang Junior High School","brand":"YouBike 2.0","opening_hours":"24/7"},"geometry":{"type":"Point","coordinates":[121.56152,25.07986]}},{"type":"Feature","properties":{"id":"osm:node:13607291946","name":"吉林農安街口(西北側)","category":"bicycle_rental","nameEn":"JiLin Rd. & NongAn St. Intersection (Northwest)","brand":"YouBike 2.0","opening_hours":"24/7"},"geometry":{"type":"Point","coordinates":[121.53034,25.06493]}},{"type":"Feature","properties":{"id":"osm:node:13607291947","name":"臺北時代廣場","category":"bicycle_rental","nameEn":"Times Square Taipei","brand":"YouBike 2.0","opening_hours":"24/7"},"geometry":{"type":"Point","coordinates":[121.56152,25.08044]}},{"type":"Feature","properties":{"id":"osm:node:13607291948","name":"中正國小(南京東路三段48巷)","category":"bicycle_rental","nameEn":"Zhong Zheng Elementary School (Ln. 48, Sec. 3, NanJing E. Rd.)","brand":"YouBike 2.0","opening_hours":"24/7"},"geometry":{"type":"Point","coordinates":[121.53845,25.05126]}},{"type":"Feature","properties":{"id":"osm:node:13607291949","name":"北安明水路口(自強隧道)","category":"bicycle_rental","nameEn":"BeiAn Rd. & MingShui Rd. Intersection (ZiQiang Tunnel)","brand":"YouBike 2.0","opening_hours":"24/7"},"geometry":{"type":"Point","coordinates":[121.55225,25.08578]}},{"type":"Feature","properties":{"id":"osm:node:13607291950","name":"中崙加油站","category":"bicycle_rental","nameEn":"ZhongLun Gas station","brand":"YouBike 2.0","opening_hours":"24/7"},"geometry":{"type":"Point","coordinates":[121.53979,25.04634]}},{"type":"Feature","properties":{"id":"osm:node:13607291951","name":"臺北市立大同高中","category":"bicycle_rental","nameEn":"Taipei Municipal Datong High School","brand":"YouBike 2.0","opening_hours":"24/7"},"geometry":{"type":"Point","coordinates":[121.53521,25.05484]}},{"type":"Feature","properties":{"id":"osm:node:13607291952","name":"民權東復興北路口(西北側)","category":"bicycle_rental","nameEn":"MinQuan E. Rd. & FuXing N. Rd. Intersection (Northwest)","brand":"YouBike 2.0","opening_hours":"24/7"},"geometry":{"type":"Point","coordinates":[121.54323,25.06246]}},{"type":"Feature","properties":{"id":"osm:node:13607291953","name":"北安通北街口","category":"bicycle_rental","nameEn":"BeiAn Rd. & TongBei St. Intersection","brand":"YouBike 2.0","opening_hours":"24/7"},"geometry":{"type":"Point","coordinates":[121.54148,25.07965]}},{"type":"Feature","properties":{"id":"osm:node:13607291954","name":"四平松江路口","category":"bicycle_rental","nameEn":"SiPing St. & SongJiang Rd. Intersection","brand":"YouBike 2.0","opening_hours":"24/7"},"geometry":{"type":"Point","coordinates":[121.53282,25.05366]}},{"type":"Feature","properties":{"id":"osm:node:13607291955","name":"正守公園","category":"bicycle_rental","nameEn":"ZhengShou Park","brand":"YouBike 2.0","opening_hours":"24/7"},"geometry":{"type":"Point","coordinates":[121.52898,25.04808]}},{"type":"Feature","properties":{"id":"osm:node:13607291956","name":"建國北路三段86巷口","category":"bicycle_rental","nameEn":"Ln. 86, Sec. 3, JianGuo N. Rd.","brand":"YouBike 2.0","opening_hours":"24/7"},"geometry":{"type":"Point","coordinates":[121.53526,25.06617]}},{"type":"Feature","properties":{"id":"osm:node:13607291957","name":"捷運行天宮站(4號出口)","category":"bicycle_rental","nameEn":"MRT Xingtian Temple Sta. (Exit 4)","brand":"YouBike 2.0","opening_hours":"24/7"},"geometry":{"type":"Point","coordinates":[121.53283,25.06037]}},{"type":"Feature","properties":{"id":"osm:node:13607291958","name":"羅斯福路三段210巷口","category":"bicycle_rental","nameEn":"Ln. 210, Sec. 3, Roosevelt Rd.","brand":"YouBike 2.0","opening_hours":"24/7"},"geometry":{"type":"Point","coordinates":[121.52994,25.01884]}},{"type":"Feature","properties":{"id":"osm:node:13607291959","name":"捷運中正紀念堂站(7號出口)","category":"bicycle_rental","nameEn":"MRT C.K.S Memorial Hall Sta.(Exit 7)","brand":"YouBike 2.0","opening_hours":"24/7"},"geometry":{"type":"Point","coordinates":[121.5156,25.03465]}},{"type":"Feature","properties":{"id":"osm:node:13607291960","name":"汀州南海路口","category":"bicycle_rental","nameEn":"TingZhou Rd. & NanHai Rd. Intersection","brand":"YouBike 2.0","opening_hours":"24/7"},"geometry":{"type":"Point","coordinates":[121.50875,25.0288]}},{"type":"Feature","properties":{"id":"osm:node:13607291961","name":"立法院中興大樓","category":"bicycle_rental","nameEn":"Legislative Yuan Research Building","brand":"YouBike 2.0","opening_hours":"24/7"},"geometry":{"type":"Point","coordinates":[121.52119,25.04278]}},{"type":"Feature","properties":{"id":"osm:node:13607291962","name":"螢橋國中","category":"bicycle_rental","nameEn":"Ying Qiao Junior High School","brand":"YouBike 2.0","opening_hours":"24/7"},"geometry":{"type":"Point","coordinates":[121.52582,25.01933]}},{"type":"Feature","properties":{"id":"osm:node:13607291963","name":"愛國東羅斯福路口","category":"bicycle_rental","nameEn":"AiGuo Rd. &RooSevelt Rd. Intersection","brand":"YouBike 2.0","opening_hours":"24/7"},"geometry":{"type":"Point","coordinates":[121.51733,25.03454]}},{"type":"Feature","properties":{"id":"osm:node:13607291964","name":"臨沂街停車場","category":"bicycle_rental","nameEn":"LinYi St. Car Park","brand":"YouBike 2.0","opening_hours":"24/7"},"geometry":{"type":"Point","coordinates":[121.53006,25.0426]}},{"type":"Feature","properties":{"id":"osm:node:13607291965","name":"捷運小南門站(3號出口)","category":"bicycle_rental","nameEn":"MRT Xiaonanmen Sta. (Exit 3)","brand":"YouBike 2.0","opening_hours":"24/7"},"geometry":{"type":"Point","coordinates":[121.51117,25.03532]}},{"type":"Feature","properties":{"id":"osm:node:13607291966","name":"公館水岸廣場","category":"bicycle_rental","nameEn":"Gongguan Riverside Plaza","brand":"YouBike 2.0","opening_hours":"24/7"},"geometry":{"type":"Point","coordinates":[121.52861,25.01193]}},{"type":"Feature","properties":{"id":"osm:node:13607291967","name":"羅斯福路四段108巷口","category":"bicycle_rental","nameEn":"Ln. 108, Sec. 4, Roosevelt Rd.","brand":"YouBike 2.0","opening_hours":"24/7"},"geometry":{"type":"Point","coordinates":[121.5355,25.01346]}},{"type":"Feature","properties":{"id":"osm:node:13607291968","name":"汀州路一段106巷口","category":"bicycle_rental","nameEn":"Ln. 106, Sec. 1, TingZhou Rd.","brand":"YouBike 2.0","opening_hours":"24/7"},"geometry":{"type":"Point","coordinates":[121.50768,25.03008]}},{"type":"Feature","properties":{"id":"osm:node:13607291969","name":"國立臺灣博物館南門館","category":"bicycle_rental","nameEn":"National Taiwan Museum : Nanmen Branch","brand":"YouBike 2.0","opening_hours":"24/7"},"geometry":{"type":"Point","coordinates":[121.5156,25.03351]}},{"type":"Feature","properties":{"id":"osm:node:13607291970","name":"貴陽博愛路口","category":"bicycle_rental","nameEn":"GuiYang St. & BoAi Rd. Intersection","brand":"YouBike 2.0","opening_hours":"24/7"},"geometry":{"type":"Point","coordinates":[121.51093,25.03896]}},{"type":"Feature","properties":{"id":"osm:node:13607291971","name":"仁愛紹興路口(北側)","category":"bicycle_rental","nameEn":"RenAi Rd. & ShaoXing S. St. Intersection (North)","brand":"YouBike 2.0","opening_hours":"24/7"},"geometry":{"type":"Point","coordinates":[121.52385,25.03862]}},{"type":"Feature","properties":{"id":"osm:node:13607291972","name":"牯嶺街95巷","category":"bicycle_rental","nameEn":"Ln. 95, GuLing St.","brand":"YouBike 2.0","opening_hours":"24/7"},"geometry":{"type":"Point","coordinates":[121.52067,25.0255]}},{"type":"Feature","properties":{"id":"osm:node:13607291973","name":"南海路112巷口","category":"bicycle_rental","nameEn":"Ln. 112, NanHai Rd.","brand":"YouBike 2.0","opening_hours":"24/7"},"geometry":{"type":"Point","coordinates":[121.50771,25.02757]}},{"type":"Feature","properties":{"id":"osm:node:13607291974","name":"詔安街37巷口","category":"bicycle_rental","nameEn":"Ln. 37, ZhaoAn St.","brand":"YouBike 2.0","opening_hours":"24/7"},"geometry":{"type":"Point","coordinates":[121.51233,25.02542]}},{"type":"Feature","properties":{"id":"osm:node:13607291975","name":"青島杭州路口","category":"bicycle_rental","nameEn":"QingDao E. Rd. & HangZhou S. Rd. Intersection","brand":"YouBike 2.0","opening_hours":"24/7"},"geometry":{"type":"Point","coordinates":[121.52629,25.04281]}},{"type":"Feature","properties":{"id":"osm:node:13607291976","name":"捷運善導寺站(5號出口)","category":"bicycle_rental","nameEn":"MRT Shandao Temple Sta. (Exit 5)","brand":"YouBike 2.0","opening_hours":"24/7"},"geometry":{"type":"Point","coordinates":[121.52552,25.04418]}},{"type":"Feature","properties":{"id":"osm:node:13607291977","name":"龍口市場","category":"bicycle_rental","nameEn":"LongKou Market","brand":"YouBike 2.0","opening_hours":"24/7"},"geometry":{"type":"Point","coordinates":[121.51013,25.0275]}},{"type":"Feature","properties":{"id":"osm:node:13607291978","name":"幸安市場","category":"bicycle_rental","nameEn":"Xingan Market","brand":"YouBike 2.0","opening_hours":"24/7"},"geometry":{"type":"Point","coordinates":[121.53141,25.04032]}},{"type":"Feature","properties":{"id":"osm:node:13607291979","name":"仁愛新生路口(西南側)","category":"bicycle_rental","nameEn":"Ren'ai Rd. & Xinsheng Rd. Intersection (Southwest)","brand":"YouBike 2.0","opening_hours":"24/7"},"geometry":{"type":"Point","coordinates":[121.53261,25.03796]}},{"type":"Feature","properties":{"id":"osm:node:13607291980","name":"文山溪洲福德宮","category":"bicycle_rental","nameEn":"Xizhou Fude Temple","brand":"YouBike 2.0","opening_hours":"24/7"},"geometry":{"type":"Point","coordinates":[121.53421,25.00622]}},{"type":"Feature","properties":{"id":"osm:node:13607291981","name":"景新大樓","category":"bicycle_rental","nameEn":"Jingxin building","brand":"YouBike 2.0","opening_hours":"24/7"},"geometry":{"type":"Point","coordinates":[121.54236,24.99005]}},{"type":"Feature","properties":{"id":"osm:node:13607291982","name":"保儀公園(興隆路四段195巷)","category":"bicycle_rental","nameEn":"BaoYi Park (Ln. 195, Sec. 4, XinGlong Rd.)","brand":"YouBike 2.0","opening_hours":"24/7"},"geometry":{"type":"Point","coordinates":[121.56307,24.98326]}},{"type":"Feature","properties":{"id":"osm:node:13607291983","name":"貓空纜車動物園站","category":"bicycle_rental","nameEn":"Maokong Gondola Taipei Zoo Station","brand":"YouBike 2.0","opening_hours":"24/7"},"geometry":{"type":"Point","coordinates":[121.57603,24.99645]}},{"type":"Feature","properties":{"id":"osm:node:13607291984","name":"樟新區民活動中心","category":"bicycle_rental","nameEn":"ZhangXin Community Center","brand":"YouBike 2.0","opening_hours":"24/7"},"geometry":{"type":"Point","coordinates":[121.55656,24.97942]}},{"type":"Feature","properties":{"id":"osm:node:13607291985","name":"忠順路二段57巷口","category":"bicycle_rental","nameEn":"Ln. 57, Sec. 2, ZhongShun St.","brand":"YouBike 2.0","opening_hours":"24/7"},"geometry":{"type":"Point","coordinates":[121.56456,24.98484]}},{"type":"Feature","properties":{"id":"osm:node:13607291986","name":"樟新社會住宅","category":"bicycle_rental","nameEn":"ZhangXin Public Housing","brand":"YouBike 2.0","opening_hours":"24/7"},"geometry":{"type":"Point","coordinates":[121.55603,24.97735]}},{"type":"Feature","properties":{"id":"osm:node:13607291987","name":"秀明路二段92巷口","category":"bicycle_rental","nameEn":"Ln. 92, Sec. 2, XiuMing Rd.","brand":"YouBike 2.0","opening_hours":"24/7"},"geometry":{"type":"Point","coordinates":[121.57635,24.99155]}},{"type":"Feature","properties":{"id":"osm:node:13607291988","name":"捷運景美站(1號出口)","category":"bicycle_rental","nameEn":"MRT Jingmei Sta. (Exit 1)","brand":"YouBike 2.0","opening_hours":"24/7"},"geometry":{"type":"Point","coordinates":[121.5409,24.99274]}},{"type":"Feature","properties":{"id":"osm:node:13607291989","name":"景興路177巷","category":"bicycle_rental","nameEn":"Ln. 177, JingXing Rd.","brand":"YouBike 2.0","opening_hours":"24/7"},"geometry":{"type":"Point","coordinates":[121.54479,24.99275]}},{"type":"Feature","properties":{"id":"osm:node:13607291990","name":"興隆社會住宅A區","category":"bicycle_rental","nameEn":"XingLong A Social Housing","brand":"YouBike 2.0","opening_hours":"24/7"},"geometry":{"type":"Point","coordinates":[121.56018,24.988]}},{"type":"Feature","properties":{"id":"osm:node:13607291991","name":"明道國小(明道國宅)","category":"bicycle_rental","nameEn":"Ming Dao Elementary School (Ming Dao Public Housing)","brand":"YouBike 2.0","opening_hours":"24/7"},"geometry":{"type":"Point","coordinates":[121.56301,24.98686]}},{"type":"Feature","properties":{"id":"osm:node:13607291992","name":"考選部國家考場","category":"bicycle_rental","nameEn":"National Examination Center","brand":"YouBike 2.0","opening_hours":"24/7"},"geometry":{"type":"Point","coordinates":[121.54884,24.98703]}},{"type":"Feature","properties":{"id":"osm:node:13607291993","name":"萬芳路107巷口","category":"bicycle_rental","nameEn":"Ln. 107, WanFang Rd.","brand":"YouBike 2.0","opening_hours":"24/7"},"geometry":{"type":"Point","coordinates":[121.56179,24.99715]}},{"type":"Feature","properties":{"id":"osm:node:13607291994","name":"和興水岸社會住宅","category":"bicycle_rental","nameEn":"HeXing Social Housing","brand":"YouBike 2.0","opening_hours":"24/7"},"geometry":{"type":"Point","coordinates":[121.54953,24.98505]}},{"type":"Feature","properties":{"id":"osm:node:13607291995","name":"保儀路142巷","category":"bicycle_rental","nameEn":"Ln. 142, BaoYi Rd.","brand":"YouBike 2.0","opening_hours":"24/7"},"geometry":{"type":"Point","coordinates":[121.56515,24.98327]}},{"type":"Feature","properties":{"id":"osm:node:13607291996","name":"景文街142巷口","category":"bicycle_rental","nameEn":"Ln. 142, JingWen St.","brand":"YouBike 2.0","opening_hours":"24/7"},"geometry":{"type":"Point","coordinates":[121.54065,24.98826]}},{"type":"Feature","properties":{"id":"osm:node:13607291997","name":"景美國小","category":"bicycle_rental","nameEn":"Jingmei Elementary School","brand":"YouBike 2.0","opening_hours":"24/7"},"geometry":{"type":"Point","coordinates":[121.53976,24.9893]}},{"type":"Feature","properties":{"id":"osm:node:13607291998","name":"萬芳出租國宅","category":"bicycle_rental","nameEn":"Wanfang Public Housing","brand":"YouBike 2.0","opening_hours":"24/7"},"geometry":{"type":"Point","coordinates":[121.5655,25.00335]}},{"type":"Feature","properties":{"id":"osm:node:13607291999","name":"政大國際會館","category":"bicycle_rental","nameEn":"NCCU-iHouse","brand":"YouBike 2.0","opening_hours":"24/7"},"geometry":{"type":"Point","coordinates":[121.57513,24.98994]}},{"type":"Feature","properties":{"id":"osm:node:13607292000","name":"名門社區","category":"bicycle_rental","nameEn":"Mingmen Community","brand":"YouBike 2.0","opening_hours":"24/7"},"geometry":{"type":"Point","coordinates":[121.56757,25.00516]}},{"type":"Feature","properties":{"id":"osm:node:13607292001","name":"興隆社會住宅D1區","category":"bicycle_rental","nameEn":"XingLong D1 Social Housing","brand":"YouBike 2.0","opening_hours":"24/7"},"geometry":{"type":"Point","coordinates":[121.55831,24.98783]}},{"type":"Feature","properties":{"id":"osm:node:13607292002","name":"世新大學(試院路)","category":"bicycle_rental","nameEn":"Shih Hsin University (ShiYuan Rd.)","brand":"YouBike 2.0","opening_hours":"24/7"},"geometry":{"type":"Point","coordinates":[121.54783,24.98981]}},{"type":"Feature","properties":{"id":"osm:node:13607292003","name":"通河東街福港街262巷口","category":"bicycle_rental","nameEn":"TongHe E. St. & Ln. 262, FuGang St. Intersection","brand":"YouBike 2.0","opening_hours":"24/7"},"geometry":{"type":"Point","coordinates":[121.51617,25.08407]}},{"type":"Feature","properties":{"id":"osm:node:13607292004","name":"士商中正路口(西南側)","category":"bicycle_rental","nameEn":"ShiShang Rd. & ZhongZheng Rd. Intersection (Southwest)","brand":"YouBike 2.0","opening_hours":"24/7"},"geometry":{"type":"Point","coordinates":[121.51934,25.09149]}},{"type":"Feature","properties":{"id":"osm:node:13607292005","name":"承德中正路口","category":"bicycle_rental","nameEn":"Chengde Rd. & ZhongZheng Rd. Intersection","brand":"YouBike 2.0","opening_hours":"24/7"},"geometry":{"type":"Point","coordinates":[121.51708,25.09076]}},{"type":"Feature","properties":{"id":"osm:node:13607292006","name":"志成中正路口","category":"bicycle_rental","nameEn":"ZhiCheng St. & ZhongZheng Rd. Intersection","brand":"YouBike 2.0","opening_hours":"24/7"},"geometry":{"type":"Point","coordinates":[121.53016,25.09655]}},{"type":"Feature","properties":{"id":"osm:node:13607292007","name":"中山北路六段252巷口","category":"bicycle_rental","nameEn":"Ln. 252, Sec. 6, ZhongShan N. Rd.","brand":"YouBike 2.0","opening_hours":"24/7"},"geometry":{"type":"Point","coordinates":[121.52544,25.10926]}},{"type":"Feature","properties":{"id":"osm:node:13607292008","name":"臺灣戲曲中心(文林德行西路口)","category":"bicycle_rental","nameEn":"Taiwan Traditional Theatre Center (WenLin Rd. & DeXing W. Rd. Intersection)","brand":"YouBike 2.0","opening_hours":"24/7"},"geometry":{"type":"Point","coordinates":[121.5197,25.10288]}},{"type":"Feature","properties":{"id":"osm:node:13607292009","name":"重慶北路四段108號(通河西街側)","category":"bicycle_rental","nameEn":"No. 108, Sec. 4, ChongQing N. Rd. (TongHe W. St.)","brand":"YouBike 2.0","opening_hours":"24/7"},"geometry":{"type":"Point","coordinates":[121.51293,25.08294]}},{"type":"Feature","properties":{"id":"osm:node:13607292010","name":"天母北路87巷9弄","category":"bicycle_rental","nameEn":"Aly. 9, Ln. 87, TianMu N. Rd.","brand":"YouBike 2.0","opening_hours":"24/7"},"geometry":{"type":"Point","coordinates":[121.52731,25.12207]}},{"type":"Feature","properties":{"id":"osm:node:13607292011","name":"德行東路331巷口","category":"bicycle_rental","nameEn":"Ln. 331, DeXng E. Rd.","brand":"YouBike 2.0","opening_hours":"24/7"},"geometry":{"type":"Point","coordinates":[121.53759,25.1106]}},{"type":"Feature","properties":{"id":"osm:node:13607292012","name":"福志公園","category":"bicycle_rental","nameEn":"Fuzhi Park","brand":"YouBike 2.0","opening_hours":"24/7"},"geometry":{"type":"Point","coordinates":[121.53438,25.10022]}},{"type":"Feature","properties":{"id":"osm:node:13607292013","name":"東吳大學","category":"bicycle_rental","nameEn":"Soochow University","brand":"YouBike 2.0","opening_hours":"24/7"},"geometry":{"type":"Point","coordinates":[121.54521,25.095]}},{"type":"Feature","properties":{"id":"osm:node:13607292014","name":"忠誠路二段98巷口","category":"bicycle_rental","nameEn":"Ln. 98, Sec. 2, ZhongCheng Rd.","brand":"YouBike 2.0","opening_hours":"24/7"},"geometry":{"type":"Point","coordinates":[121.53128,25.113]}},{"type":"Feature","properties":{"id":"osm:node:13607292015","name":"士林分局","category":"bicycle_rental","nameEn":"Shilin Precinct","brand":"YouBike 2.0","opening_hours":"24/7"},"geometry":{"type":"Point","coordinates":[121.52687,25.09033]}},{"type":"Feature","properties":{"id":"osm:node:13607292016","name":"中山北路六段427巷口","category":"bicycle_rental","nameEn":"Ln. 427, Sec. 6, ZhongShan N. Rd.","brand":"YouBike 2.0","opening_hours":"24/7"},"geometry":{"type":"Point","coordinates":[121.52698,25.11383]}},{"type":"Feature","properties":{"id":"osm:node:13607292017","name":"社子島抽水站","category":"bicycle_rental","nameEn":"Shezidao Pumping Station","brand":"YouBike 2.0","opening_hours":"24/7"},"geometry":{"type":"Point","coordinates":[121.49552,25.10844]}},{"type":"Feature","properties":{"id":"osm:node:13607292018","name":"至善公園","category":"bicycle_rental","nameEn":"ZhiShan Park","brand":"YouBike 2.0","opening_hours":"24/7"},"geometry":{"type":"Point","coordinates":[121.53749,25.09862]}},{"type":"Feature","properties":{"id":"osm:node:13607292019","name":"圓山育樂中心","category":"bicycle_rental","nameEn":"YSSC YuanShan Sport Club","brand":"YouBike 2.0","opening_hours":"24/7"},"geometry":{"type":"Point","coordinates":[121.52548,25.08248]}},{"type":"Feature","properties":{"id":"osm:node:13607292020","name":"中山北路六段405巷","category":"bicycle_rental","nameEn":"Ln. 405, Sec. 6, ZhongShan N. Rd.","brand":"YouBike 2.0","opening_hours":"24/7"},"geometry":{"type":"Point","coordinates":[121.52693,25.11576]}},{"type":"Feature","properties":{"id":"osm:node:13607292021","name":"中山北路五段378巷口","category":"bicycle_rental","nameEn":"Ln. 378, Sec. 5, ZhongShan N. Rd.","brand":"YouBike 2.0","opening_hours":"24/7"},"geometry":{"type":"Point","coordinates":[121.52765,25.09064]}},{"type":"Feature","properties":{"id":"osm:node:13607292022","name":"福林路255巷口","category":"bicycle_rental","nameEn":"Ln. 255, FuLin Rd.","brand":"YouBike 2.0","opening_hours":"24/7"},"geometry":{"type":"Point","coordinates":[121.53528,25.09854]}},{"type":"Feature","properties":{"id":"osm:node:13607292023","name":"承德區民活動中心","category":"bicycle_rental","nameEn":"ChengDe Community Activity Center","brand":"YouBike 2.0","opening_hours":"24/7"},"geometry":{"type":"Point","coordinates":[121.52157,25.07892]}},{"type":"Feature","properties":{"id":"osm:node:13607292024","name":"重慶北路四段190巷口(通河西街側)","category":"bicycle_rental","nameEn":"Ln. 190, Sec. 4, ChongQing N. Rd. (TongHe W. St.)","brand":"YouBike 2.0","opening_hours":"24/7"},"geometry":{"type":"Point","coordinates":[121.51253,25.0848]}},{"type":"Feature","properties":{"id":"osm:node:13607292025","name":"福林路100巷11弄口","category":"bicycle_rental","nameEn":"Aly. 11, Ln. 100, FuLin Rd.","brand":"YouBike 2.0","opening_hours":"24/7"},"geometry":{"type":"Point","coordinates":[121.53262,25.09601]}},{"type":"Feature","properties":{"id":"osm:node:13607292026","name":"福林路100巷77弄口","category":"bicycle_rental","nameEn":"Aly. 77, Ln. 100, FuLin Rd.","brand":"YouBike 2.0","opening_hours":"24/7"},"geometry":{"type":"Point","coordinates":[121.53285,25.09441]}},{"type":"Feature","properties":{"id":"osm:node:13607292027","name":"蘭雅公園(西側)","category":"bicycle_rental","nameEn":"LanYa Park (West)","brand":"YouBike 2.0","opening_hours":"24/7"},"geometry":{"type":"Point","coordinates":[121.52859,25.10985]}},{"type":"Feature","properties":{"id":"osm:node:13607292028","name":"克強磺溪街口","category":"bicycle_rental","nameEn":"KeGiang Rd. & HuangXi St. Intersection","brand":"YouBike 2.0","opening_hours":"24/7"},"geometry":{"type":"Point","coordinates":[121.52319,25.10893]}},{"type":"Feature","properties":{"id":"osm:node:13607292029","name":"忠誠路二段178巷口","category":"bicycle_rental","nameEn":"Ln. 178, Sec. 2, ZhongCheng Rd.","brand":"YouBike 2.0","opening_hours":"24/7"},"geometry":{"type":"Point","coordinates":[121.53295,25.11633]}},{"type":"Feature","properties":{"id":"osm:node:13607292030","name":"天和一號公園","category":"bicycle_rental","nameEn":"No.1 TianHe Park","brand":"YouBike 2.0","opening_hours":"24/7"},"geometry":{"type":"Point","coordinates":[121.53466,25.11836]}},{"type":"Feature","properties":{"id":"osm:node:13607292031","name":"劍潭海外青年活動中心(志清大樓)","category":"bicycle_rental","nameEn":"Chientan Youth Activity Center (Chin Ching Building)","brand":"YouBike 2.0","opening_hours":"24/7"},"geometry":{"type":"Point","coordinates":[121.52357,25.07793]}},{"type":"Feature","properties":{"id":"osm:node:13607292032","name":"雙溪濕地公園","category":"bicycle_rental","nameEn":"ShuangXi Park","brand":"YouBike 2.0","opening_hours":"24/7"},"geometry":{"type":"Point","coordinates":[121.51321,25.09762]}},{"type":"Feature","properties":{"id":"osm:node:13607292033","name":"士林國小","category":"bicycle_rental","nameEn":"Shilin Elementary School","brand":"YouBike 2.0","opening_hours":"24/7"},"geometry":{"type":"Point","coordinates":[121.52472,25.09204]}},{"type":"Feature","properties":{"id":"osm:node:13607292034","name":"忠和公園","category":"bicycle_rental","nameEn":"Zhonghe Park","brand":"YouBike 2.0","opening_hours":"24/7"},"geometry":{"type":"Point","coordinates":[121.50871,25.0581]}},{"type":"Feature","properties":{"id":"osm:node:13607292035","name":"承德路三段251巷口","category":"bicycle_rental","nameEn":"Ln. 251, Sec. 3, ChengDe Rd.","brand":"YouBike 2.0","opening_hours":"24/7"},"geometry":{"type":"Point","coordinates":[121.51852,25.06993]}},{"type":"Feature","properties":{"id":"osm:node:13607292036","name":"重慶北路派出所","category":"bicycle_rental","nameEn":"ChongQing N. Rd. Police Station","brand":"YouBike 2.0","opening_hours":"24/7"},"geometry":{"type":"Point","coordinates":[121.5136,25.07553]}},{"type":"Feature","properties":{"id":"osm:node:13607292037","name":"捷運北門站(1號出口)","category":"bicycle_rental","nameEn":"MRT Beimen. (Exit 1)","brand":"YouBike 2.0","opening_hours":"24/7"},"geometry":{"type":"Point","coordinates":[121.50988,25.04885]}},{"type":"Feature","properties":{"id":"osm:node:13607292038","name":"大龍國小地下停車場","category":"bicycle_rental","nameEn":"Dalong School Car Park","brand":"YouBike 2.0","opening_hours":"24/7"},"geometry":{"type":"Point","coordinates":[121.5173,25.07374]}},{"type":"Feature","properties":{"id":"osm:node:13607292039","name":"捷運圓山站(庫倫街61巷口)","category":"bicycle_rental","nameEn":"MRT Yuanshan Sta. (Ln. 61, KuLun St.)","brand":"YouBike 2.0","opening_hours":"24/7"},"geometry":{"type":"Point","coordinates":[121.51961,25.07197]}},{"type":"Feature","properties":{"id":"osm:node:13607292040","name":"承德路三段301巷","category":"bicycle_rental","nameEn":"Ln. 301, Sec. 3, ChengDe Rd.","brand":"YouBike 2.0","opening_hours":"24/7"},"geometry":{"type":"Point","coordinates":[121.52138,25.07535]}},{"type":"Feature","properties":{"id":"osm:node:13607292041","name":"捷運民權西路站(1號出口)","category":"bicycle_rental","nameEn":"MRT Minquan W. Rd. Sta. (Exit 1)","brand":"YouBike 2.0","opening_hours":"24/7"},"geometry":{"type":"Point","coordinates":[121.51933,25.06277]}},{"type":"Feature","properties":{"id":"osm:node:13607292042","name":"民權延平路口(西南側)","category":"bicycle_rental","nameEn":"MinQuan W. Rd. & Yanping N. Rd. Intersection (Southwest)","brand":"YouBike 2.0","opening_hours":"24/7"},"geometry":{"type":"Point","coordinates":[121.51107,25.06263]}},{"type":"Feature","properties":{"id":"osm:node:13607292043","name":"永樂國小","category":"bicycle_rental","nameEn":"YongLe Elementary School","brand":"YouBike 2.0","opening_hours":"24/7"},"geometry":{"type":"Point","coordinates":[121.50982,25.06174]}},{"type":"Feature","properties":{"id":"osm:node:13607292044","name":"伊寧重慶北路口","category":"bicycle_rental","nameEn":"YiNing St. & ChongQing N. Rd. Intersection","brand":"YouBike 2.0","opening_hours":"24/7"},"geometry":{"type":"Point","coordinates":[121.51335,25.06465]}},{"type":"Feature","properties":{"id":"osm:node:13607292045","name":"明倫高中","category":"bicycle_rental","nameEn":"Minglun High School","brand":"YouBike 2.0","opening_hours":"24/7"},"geometry":{"type":"Point","coordinates":[121.52011,25.07576]}},{"type":"Feature","properties":{"id":"osm:node:13607292046","name":"太平國小","category":"bicycle_rental","nameEn":"Taiping Elementary School","brand":"YouBike 2.0","opening_hours":"24/7"},"geometry":{"type":"Point","coordinates":[121.51343,25.06189]}},{"type":"Feature","properties":{"id":"osm:node:13607292047","name":"玉泉公園(忠孝西路)","category":"bicycle_rental","nameEn":"YuQuan Park (ZhongXiao W. Rd.)","brand":"YouBike 2.0","opening_hours":"24/7"},"geometry":{"type":"Point","coordinates":[121.50745,25.04888]}},{"type":"Feature","properties":{"id":"osm:node:13607292048","name":"玉泉公園(鄭州路)","category":"bicycle_rental","nameEn":"YuQuan Park (ZhengZhou Rd.)","brand":"YouBike 2.0","opening_hours":"24/7"},"geometry":{"type":"Point","coordinates":[121.50766,25.05044]}},{"type":"Feature","properties":{"id":"osm:node:13607292049","name":"承德路三段324巷口","category":"bicycle_rental","nameEn":"Ln. 324, Sec. 3, ChengDe Rd.","brand":"YouBike 2.0","opening_hours":"24/7"},"geometry":{"type":"Point","coordinates":[121.51977,25.07477]}},{"type":"Feature","properties":{"id":"osm:node:13607292050","name":"民族西大龍街口","category":"bicycle_rental","nameEn":"MinZu W. Rd. & DaLong St. Intersection","brand":"YouBike 2.0","opening_hours":"24/7"},"geometry":{"type":"Point","coordinates":[121.51559,25.06864]}},{"type":"Feature","properties":{"id":"osm:node:13607292051","name":"酒泉庫倫街口","category":"bicycle_rental","nameEn":"JiuQuan St. & KuLun St. Intersection","brand":"YouBike 2.0","opening_hours":"24/7"},"geometry":{"type":"Point","coordinates":[121.51626,25.07194]}},{"type":"Feature","properties":{"id":"osm:node:13607292052","name":"承德路二段91巷口","category":"bicycle_rental","nameEn":"Ln. 91, Sec. 2, ChengDe Rd.","brand":"YouBike 2.0","opening_hours":"24/7"},"geometry":{"type":"Point","coordinates":[121.51847,25.05621]}},{"type":"Feature","properties":{"id":"osm:node:13607292053","name":"重慶北路三段205巷口","category":"bicycle_rental","nameEn":"Ln. 205, Sec. 3, ChongQing N. Rd.","brand":"YouBike 2.0","opening_hours":"24/7"},"geometry":{"type":"Point","coordinates":[121.51388,25.06997]}},{"type":"Feature","properties":{"id":"osm:node:13607292054","name":"民權西路160巷口","category":"bicycle_rental","nameEn":"Ln. 160, MinQuan W. Rd.","brand":"YouBike 2.0","opening_hours":"24/7"},"geometry":{"type":"Point","coordinates":[121.51544,25.06289]}},{"type":"Feature","properties":{"id":"osm:node:13607292055","name":"哈密街23巷19弄口","category":"bicycle_rental","nameEn":"Aly. 19, Ln. 23, Hami St.","brand":"YouBike 2.0","opening_hours":"24/7"},"geometry":{"type":"Point","coordinates":[121.51815,25.07563]}},{"type":"Feature","properties":{"id":"osm:node:13607292056","name":"南京西寧北路口(西北側)","category":"bicycle_rental","nameEn":"NanJing W. Rd. & XiNing N. Rd. Intersection (Northwest)","brand":"YouBike 2.0","opening_hours":"24/7"},"geometry":{"type":"Point","coordinates":[121.50855,25.05348]}},{"type":"Feature","properties":{"id":"osm:node:13607292057","name":"捷運科技大樓站(2號出口)","category":"bicycle_rental","nameEn":"MRT Technology Building. Sta. (Exit 2)","brand":"YouBike 2.0","opening_hours":"24/7"},"geometry":{"type":"Point","coordinates":[121.54293,25.025883]}},{"type":"Feature","properties":{"id":"osm:node:13607292058","name":"羅斯福路四段123巷","category":"bicycle_rental","nameEn":"Ln. 123, Sec. 4, Roosevelt Rd.","brand":"YouBike 2.0","opening_hours":"24/7"},"geometry":{"type":"Point","coordinates":[121.53752,25.01036]}},{"type":"Feature","properties":{"id":"osm:node:13607292059","name":"金華國中(信義路二段198巷)","category":"bicycle_rental","nameEn":"Jinhua Junior High School (Ln. 198, Sec. 2, XinYi Rd.)","brand":"YouBike 2.0","opening_hours":"24/7"},"geometry":{"type":"Point","coordinates":[121.5311,25.03126]}},{"type":"Feature","properties":{"id":"osm:node:13607292060","name":"信義金山路口(西南側)","category":"bicycle_rental","nameEn":"XinYi Rd. & JinShan S. Rd. Intersection (Southwest)","brand":"YouBike 2.0","opening_hours":"24/7"},"geometry":{"type":"Point","coordinates":[121.52682,25.03407]}},{"type":"Feature","properties":{"id":"osm:node:13607292061","name":"和平東路二段107巷口","category":"bicycle_rental","nameEn":"Ln. 107, Sec. 2, HePing E. Rd.","brand":"YouBike 2.0","opening_hours":"24/7"},"geometry":{"type":"Point","coordinates":[121.53951,25.02555]}},{"type":"Feature","properties":{"id":"osm:node:13607292062","name":"和平高中(辛亥基隆路口)","category":"bicycle_rental","nameEn":"Heping High School (XinHai Rd. & KeeLung Rd. Intersection)","brand":"YouBike 2.0","opening_hours":"24/7"},"geometry":{"type":"Point","coordinates":[121.54708,25.01917]}},{"type":"Feature","properties":{"id":"osm:node:13607292063","name":"信義四維路口","category":"bicycle_rental","nameEn":"XinYi Rd. & SiWei Rd. Intersection","brand":"YouBike 2.0","opening_hours":"24/7"},"geometry":{"type":"Point","coordinates":[121.54796,25.03341]}},{"type":"Feature","properties":{"id":"osm:node:13607292064","name":"黎和公園","category":"bicycle_rental","nameEn":"Lihe Green","brand":"YouBike 2.0","opening_hours":"24/7"},"geometry":{"type":"Point","coordinates":[121.56011,25.01663]}},{"type":"Feature","properties":{"id":"osm:node:13607292065","name":"臺科大側門(基隆路四段73巷)","category":"bicycle_rental","nameEn":"NTUST (Ln. 73, Sec. 4, KeeLung Rd.)","brand":"YouBike 2.0","opening_hours":"24/7"},"geometry":{"type":"Point","coordinates":[121.53967,25.01291]}},{"type":"Feature","properties":{"id":"osm:node:13607292066","name":"羅斯福路三段283巷","category":"bicycle_rental","nameEn":"Ln. 283, Sec. 3, Roosevelt Rd.","brand":"YouBike 2.0","opening_hours":"24/7"},"geometry":{"type":"Point","coordinates":[121.53178,25.02017]}},{"type":"Feature","properties":{"id":"osm:node:13607292067","name":"金華國中","category":"bicycle_rental","nameEn":"Jinhua Junior High School","brand":"YouBike 2.0","opening_hours":"24/7"},"geometry":{"type":"Point","coordinates":[121.53306,25.03165]}},{"type":"Feature","properties":{"id":"osm:node:13607292068","name":"愛國東路210巷口","category":"bicycle_rental","nameEn":"Ln. 210, AiGuo E. Rd.","brand":"YouBike 2.0","opening_hours":"24/7"},"geometry":{"type":"Point","coordinates":[121.52407,25.03187]}},{"type":"Feature","properties":{"id":"osm:node:13607292069","name":"辛亥路一段77巷口","category":"bicycle_rental","nameEn":"Aly. 77, Sec. 1, XinHai Rd","brand":"YouBike 2.0","opening_hours":"24/7"},"geometry":{"type":"Point","coordinates":[121.53034,25.02128]}},{"type":"Feature","properties":{"id":"osm:node:13607292070","name":"建國南路二段瑞安街264巷口","category":"bicycle_rental","nameEn":"Sec. 2, JianGuo S. Rd. & Ln. 264, RuiAn St. Intersection","brand":"YouBike 2.0","opening_hours":"24/7"},"geometry":{"type":"Point","coordinates":[121.53782,25.02716]}},{"type":"Feature","properties":{"id":"osm:node:13607292071","name":"臺靜農人文會館","category":"bicycle_rental","nameEn":"Tai JingNong Humanities Hall","brand":"YouBike 2.0","opening_hours":"24/7"},"geometry":{"type":"Point","coordinates":[121.53347,25.02462]}},{"type":"Feature","properties":{"id":"osm:node:13607292072","name":"新生南路二段54巷口","category":"bicycle_rental","nameEn":"Ln. 54, Sec. 2, XinSheng S. Rd.","brand":"YouBike 2.0","opening_hours":"24/7"},"geometry":{"type":"Point","coordinates":[121.53412,25.02878]}},{"type":"Feature","properties":{"id":"osm:node:13607292073","name":"龍圖公園","category":"bicycle_rental","nameEn":"Longtu Park","brand":"YouBike 2.0","opening_hours":"24/7"},"geometry":{"type":"Point","coordinates":[121.54184,25.0305]}},{"type":"Feature","properties":{"id":"osm:node:13607292074","name":"敦化基隆路口(東北側)","category":"bicycle_rental","nameEn":"KeeLung Rd. & DunHua S. Rd. Intersection (Northeast)","brand":"YouBike 2.0","opening_hours":"24/7"},"geometry":{"type":"Point","coordinates":[121.54899,25.02196]}},{"type":"Feature","properties":{"id":"osm:node:13607292075","name":"錦安區民活動中心","category":"bicycle_rental","nameEn":"Jinan Recreation Center","brand":"YouBike 2.0","opening_hours":"24/7"},"geometry":{"type":"Point","coordinates":[121.52935,25.02846]}},{"type":"Feature","properties":{"id":"osm:node:13607292076","name":"師大附中運動中心","category":"bicycle_rental","nameEn":"HSNU Sports Center","brand":"YouBike 2.0","opening_hours":"24/7"},"geometry":{"type":"Point","coordinates":[121.53997,25.03626]}},{"type":"Feature","properties":{"id":"osm:node:13607292077","name":"大安路二段90巷口","category":"bicycle_rental","nameEn":"Ln. 90, Sec. 2, DaAn Rd.","brand":"YouBike 2.0","opening_hours":"24/7"},"geometry":{"type":"Point","coordinates":[121.54602,25.03117]}},{"type":"Feature","properties":{"id":"osm:node:13607292078","name":"政大公企中心","category":"bicycle_rental","nameEn":"NCCU CPBAE","brand":"YouBike 2.0","opening_hours":"24/7"},"geometry":{"type":"Point","coordinates":[121.52781,25.03076]}},{"type":"Feature","properties":{"id":"osm:node:13607292079","name":"捷運忠孝復興站(1號出口)","category":"bicycle_rental","nameEn":"MRT Zhongxiao Fuxing Sta. (Exit 1)","brand":"YouBike 2.0","opening_hours":"24/7"},"geometry":{"type":"Point","coordinates":[121.54362,25.04199]}},{"type":"Feature","properties":{"id":"osm:node:13607292080","name":"和平溫州街口","category":"bicycle_rental","nameEn":"HePing E. Rd. & WenZhou St. Intersection","brand":"YouBike 2.0","opening_hours":"24/7"},"geometry":{"type":"Point","coordinates":[121.53342,25.02634]}},{"type":"Feature","properties":{"id":"osm:node:13607292081","name":"捷運忠孝復興站(4號出口)","category":"bicycle_rental","nameEn":"MRT Zhongxiao Fuxing Sta. (Exit 4)","brand":"YouBike 2.0","opening_hours":"24/7"},"geometry":{"type":"Point","coordinates":[121.54412,25.04173]}},{"type":"Feature","properties":{"id":"osm:node:13607292082","name":"青峰活動中心","category":"bicycle_rental","nameEn":"Qingfeng Activity Center","brand":"YouBike 2.0","opening_hours":"24/7"},"geometry":{"type":"Point","coordinates":[121.55121,25.01524]}},{"type":"Feature","properties":{"id":"osm:node:13607292083","name":"浦城街26巷","category":"bicycle_rental","nameEn":"Ln. 26, PuCheng St.","brand":"YouBike 2.0","opening_hours":"24/7"},"geometry":{"type":"Point","coordinates":[121.52618,25.02324]}},{"type":"Feature","properties":{"id":"osm:node:13607292084","name":"忠孝建國路口(東南側)","category":"bicycle_rental","nameEn":"ZhongXiao E. Rd. & JianGuo S. Rd. Intersection (Southeast)","brand":"YouBike 2.0","opening_hours":"24/7"},"geometry":{"type":"Point","coordinates":[121.5378,25.04159]}},{"type":"Feature","properties":{"id":"osm:node:13607292085","name":"和平東路三段308巷口","category":"bicycle_rental","nameEn":"Ln. 308, Sec. 3, HePing E. Rd.","brand":"YouBike 2.0","opening_hours":"24/7"},"geometry":{"type":"Point","coordinates":[121.5544,25.01883]}},{"type":"Feature","properties":{"id":"osm:node:13607292086","name":"敦化信義路口(東南側)","category":"bicycle_rental","nameEn":"DunHua S. Rd. & XinYi Rd. Intersection (Southeast)","brand":"YouBike 2.0","opening_hours":"24/7"},"geometry":{"type":"Point","coordinates":[121.54907,25.03276]}},{"type":"Feature","properties":{"id":"osm:node:13607292087","name":"和平東路二段76巷","category":"bicycle_rental","nameEn":"Ln. 76, Sec. 2, HePing E. Rd.","brand":"YouBike 2.0","opening_hours":"24/7"},"geometry":{"type":"Point","coordinates":[121.53906,25.02263]}},{"type":"Feature","properties":{"id":"osm:node:13607292088","name":"古風公園","category":"bicycle_rental","nameEn":"GuFeng Park","brand":"YouBike 2.0","opening_hours":"24/7"},"geometry":{"type":"Point","coordinates":[121.52912,25.02187]}},{"type":"Feature","properties":{"id":"osm:node:13607292089","name":"仁愛敦南圓環(東側)","category":"bicycle_rental","nameEn":"RenAi DunNan Traffic Circle (East)","brand":"YouBike 2.0","opening_hours":"24/7"},"geometry":{"type":"Point","coordinates":[121.55042,25.03804]}},{"type":"Feature","properties":{"id":"osm:node:13607292090","name":"仁愛復興路口","category":"bicycle_rental","nameEn":"RenAi Rd. & FuXing Rd. Intersection","brand":"YouBike 2.0","opening_hours":"24/7"},"geometry":{"type":"Point","coordinates":[121.544,25.03817]}},{"type":"Feature","properties":{"id":"osm:node:13607292091","name":"富陽臥龍街口","category":"bicycle_rental","nameEn":"FuYang St. & WoLong St. Intersection","brand":"YouBike 2.0","opening_hours":"24/7"},"geometry":{"type":"Point","coordinates":[121.55688,25.0187]}},{"type":"Feature","properties":{"id":"osm:node:13607292092","name":"光復南路420巷口","category":"bicycle_rental","nameEn":"Ln. 420, GuangFu S. Rd.","brand":"YouBike 2.0","opening_hours":"24/7"},"geometry":{"type":"Point","coordinates":[121.55742,25.03601]}},{"type":"Feature","properties":{"id":"osm:node:13607292093","name":"和平東路二段90巷","category":"bicycle_rental","nameEn":"Ln. 90, Sec. 2, HePing E. Rd.","brand":"YouBike 2.0","opening_hours":"24/7"},"geometry":{"type":"Point","coordinates":[121.53965,25.02468]}},{"type":"Feature","properties":{"id":"osm:node:13607292094","name":"捷運忠孝復興站(3號出口)","category":"bicycle_rental","nameEn":"MRT Zhongxiao Fuxing Sta. (Exit 3)","brand":"YouBike 2.0","opening_hours":"24/7"},"geometry":{"type":"Point","coordinates":[121.54414,25.04152]}},{"type":"Feature","properties":{"id":"osm:node:13607292095","name":"捷運古亭站(3號出口)","category":"bicycle_rental","nameEn":"MRT Guting Sta. (Exit 3)","brand":"YouBike 2.0","opening_hours":"24/7"},"geometry":{"type":"Point","coordinates":[121.52359,25.02572]}},{"type":"Feature","properties":{"id":"osm:node:13607292096","name":"大安國小","category":"bicycle_rental","nameEn":"DaAn Elementary School","brand":"YouBike 2.0","opening_hours":"24/7"},"geometry":{"type":"Point","coordinates":[121.55084,25.02014]}},{"type":"Feature","properties":{"id":"osm:node:13607292097","name":"安和路二段69巷口","category":"bicycle_rental","nameEn":"Ln. 69, Sec. 2, Anhe Rd.","brand":"YouBike 2.0","opening_hours":"24/7"},"geometry":{"type":"Point","coordinates":[121.55252,25.03056]}},{"type":"Feature","properties":{"id":"osm:node:13607292098","name":"羅斯福新生南路口","category":"bicycle_rental","nameEn":"Roosevelt Rd. & Xinsheng S. Rd. Intersection","brand":"YouBike 2.0","opening_hours":"24/7"},"geometry":{"type":"Point","coordinates":[121.53316,25.01604]}},{"type":"Feature","properties":{"id":"osm:node:13607292099","name":"忠孝東路四段223巷口(市民大道側)","category":"bicycle_rental","nameEn":"Ln. 223, Sec. 4, Zhongxiao E. Rd. Intersection","brand":"YouBike 2.0","opening_hours":"24/7"},"geometry":{"type":"Point","coordinates":[121.55291,25.04427]}},{"type":"Feature","properties":{"id":"osm:node:1402587657","name":"成蘆租借站","category":"bicycle_rental"},"geometry":{"type":"Point","coordinates":[121.458506,25.096859]}},{"type":"Feature","properties":{"id":"osm:node:281229823","name":"大佳自行車出租站","category":"bicycle_rental","opening_hours":"Mo-Fr 08:00-12:00, 14:00-21:00; Sa-Su 08:00-21:00","phone":"+886 977 320 521"},"geometry":{"type":"Point","coordinates":[121.540842,25.073594]}},{"type":"Feature","properties":{"id":"osm:node:3051432868","name":"二重親水公園租借站","category":"bicycle_rental","phone":"+886 2 8982 7848"},"geometry":{"type":"Point","coordinates":[121.470193,25.067204]}},{"type":"Feature","properties":{"id":"osm:node:3148681999","name":"新北公共自行車 永和站","category":"bicycle_rental","nameEn":"New Taipei City Public Bicycle Rental Yonghe Station","phone":"+886 2 2922 1750","website":"https://www.cycling-lifestyle.org.tw/station/%E6%B0%B8%E5%92%8C%E7%A7%9F%E5%80%9F%E7%AB%99-311.html","wheelchair":"no"},"geometry":{"type":"Point","coordinates":[121.51755,25.018349]}},{"type":"Feature","properties":{"id":"osm:node:3329192742","name":"觀山自行車出租站","category":"bicycle_rental","opening_hours":"Mo-Fr 08:00-12:00, 14:00-21:00; Sa-Su 08:00-21:00","phone":"+886 2 2761 5927"},"geometry":{"type":"Point","coordinates":[121.56918,25.071239]}},{"type":"Feature","properties":{"id":"osm:node:3329192764","name":"北市自行車出租站彩虹站","category":"bicycle_rental","opening_hours":"Sa-Su 08:00-18:00","phone":"+886 2 2793 5910"},"geometry":{"type":"Point","coordinates":[121.573793,25.052993]}},{"type":"Feature","properties":{"id":"osm:node:3359354493","name":"汐止租借站","category":"bicycle_rental"},"geometry":{"type":"Point","coordinates":[121.660745,25.073336]}},{"type":"Feature","properties":{"id":"osm:node:3365919486","name":"新北市河濱公園自行車租借華江站","category":"bicycle_rental"},"geometry":{"type":"Point","coordinates":[121.4821,25.036003]}},{"type":"Feature","properties":{"id":"osm:node:3820884770","name":"租車瘋","category":"bicycle_rental"},"geometry":{"type":"Point","coordinates":[121.465272,25.118066]}},{"type":"Feature","properties":{"id":"osm:node:5089242824","name":"華中站","category":"bicycle_rental","opening_hours":"Mo-Fr 08:00-12:00, 14:00-21:00; Sa-Su 08:00-21:00","phone":"+886 2 2339 0908"},"geometry":{"type":"Point","coordinates":[121.495578,25.01562]}},{"type":"Feature","properties":{"id":"osm:node:603458990","name":"東方科學園區","category":"bicycle_rental","nameEn":"Oriental Science Park","brand":"YouBike 2.0","opening_hours":"24/7"},"geometry":{"type":"Point","coordinates":[121.64951,25.06126]}},{"type":"Feature","properties":{"id":"osm:node:6336425520","name":"新明成功路口","category":"bicycle_rental","nameEn":"Xinming Rd. & Chenggong Rd. Intersection","brand":"YouBike 2.0","opening_hours":"24/7"},"geometry":{"type":"Point","coordinates":[121.591095,25.060591]}},{"type":"Feature","properties":{"id":"osm:node:8256951618","name":"臺大鄭江樓北側","category":"bicycle_rental","nameEn":"NTU Tseng Jiang Hall(North)","brand":"YouBike 2.0","opening_hours":"24/7"},"geometry":{"type":"Point","coordinates":[121.543093,25.01855]}},{"type":"Feature","properties":{"id":"osm:node:8256951619","name":"臺大天文數學館南側","category":"bicycle_rental","nameEn":"NTU Astronomy - Mathematics Building(South)","brand":"YouBike 2.0","opening_hours":"24/7"},"geometry":{"type":"Point","coordinates":[121.537916,25.021053]}},{"type":"Feature","properties":{"id":"osm:node:8256951620","name":"臺大教研館北側","category":"bicycle_rental","nameEn":"NTU Teaching and Research Building(North)","brand":"YouBike 2.0","opening_hours":"24/7"},"geometry":{"type":"Point","coordinates":[121.53909,25.01337]}},{"type":"Feature","properties":{"id":"osm:node:8256951621","name":"臺大第二行政大樓南側","category":"bicycle_rental","nameEn":"NTU 2nd Administration Building(South)","brand":"YouBike 2.0","opening_hours":"24/7"},"geometry":{"type":"Point","coordinates":[121.53635,25.01603]}},{"type":"Feature","properties":{"id":"osm:node:8256951622","name":"臺大女九舍西南側","category":"bicycle_rental","nameEn":"NTU 9th Women's Dorm(Southwest)","brand":"YouBike 2.0","opening_hours":"24/7"},"geometry":{"type":"Point","coordinates":[121.53903,25.01981]}},{"type":"Feature","properties":{"id":"osm:node:8256951623","name":"臺大獸醫館南側","category":"bicycle_rental","nameEn":"NTU Dept. of Veterinary Medicine(South)","brand":"YouBike 2.0","opening_hours":"24/7"},"geometry":{"type":"Point","coordinates":[121.54242,25.01791]}},{"type":"Feature","properties":{"id":"osm:node:8256951624","name":"臺大黑森林西側","category":"bicycle_rental","nameEn":"NTU Black Forest(West)","brand":"YouBike 2.0","opening_hours":"24/7"},"geometry":{"type":"Point","coordinates":[121.54347,25.01995]}},{"type":"Feature","properties":{"id":"osm:node:8256951625","name":"臺大社科院西側","category":"bicycle_rental","nameEn":"NTU College of social Sciences Building(West)","brand":"YouBike 2.0","opening_hours":"24/7"},"geometry":{"type":"Point","coordinates":[121.541463,25.02061]}},{"type":"Feature","properties":{"id":"osm:node:8256951626","name":"臺大二號館","category":"bicycle_rental","nameEn":"NTU Building No.2","brand":"YouBike 2.0","opening_hours":"24/7"},"geometry":{"type":"Point","coordinates":[121.53574,25.01699]}},{"type":"Feature","properties":{"id":"osm:node:8256951627","name":"臺大共同教室北側","category":"bicycle_rental","nameEn":"NTU Common Subjects Classroom Building(North)","brand":"YouBike 2.0","opening_hours":"24/7"},"geometry":{"type":"Point","coordinates":[121.53791,25.01595]}},{"type":"Feature","properties":{"id":"osm:node:8256951628","name":"臺大卓越研究大樓","category":"bicycle_rental","nameEn":"NTU Complex for Research Excellence","brand":"YouBike 2.0","opening_hours":"24/7"},"geometry":{"type":"Point","coordinates":[121.52917,25.01466]}},{"type":"Feature","properties":{"id":"osm:node:8256951629","name":"臺大鹿鳴堂東側","category":"bicycle_rental","nameEn":"NTU LuMing Hall(East)","brand":"YouBike 2.0","opening_hours":"24/7"},"geometry":{"type":"Point","coordinates":[121.53786,25.01511]}},{"type":"Feature","properties":{"id":"osm:node:8256951630","name":"臺大五號館西側","category":"bicycle_rental","nameEn":"NTU Building No.5(West)","brand":"YouBike 2.0","opening_hours":"24/7"},"geometry":{"type":"Point","coordinates":[121.53718,25.01666]}},{"type":"Feature","properties":{"id":"osm:node:8256951631","name":"臺大土木系館","category":"bicycle_rental","nameEn":"NTU Dept. of Civil Engineering","brand":"YouBike 2.0","opening_hours":"24/7"},"geometry":{"type":"Point","coordinates":[121.53844,25.01761]}},{"type":"Feature","properties":{"id":"osm:node:8256951632","name":"臺大水源修齊會館","category":"bicycle_rental","nameEn":"NTU ShuiYuan HsiuChi House","brand":"YouBike 2.0","opening_hours":"24/7"},"geometry":{"type":"Point","coordinates":[121.52997,25.01411]}},{"type":"Feature","properties":{"id":"osm:node:8256951633","name":"臺大新生教室南側","category":"bicycle_rental","nameEn":"NTU Freshman Classroom Building(South)","brand":"YouBike 2.0","opening_hours":"24/7"},"geometry":{"type":"Point","coordinates":[121.53846,25.0196]}},{"type":"Feature","properties":{"id":"osm:node:8256951634","name":"臺大思亮館東南側","category":"bicycle_rental","nameEn":"NTU Shih - Liang Hall(Southeast)","brand":"YouBike 2.0","opening_hours":"24/7"},"geometry":{"type":"Point","coordinates":[121.53906,25.02074]}},{"type":"Feature","properties":{"id":"osm:node:8256951635","name":"臺大農業陳列館北側","category":"bicycle_rental","nameEn":"NTU Agricultural Exhibition Hall(North)","brand":"YouBike 2.0","opening_hours":"24/7"},"geometry":{"type":"Point","coordinates":[121.53404,25.01839]}},{"type":"Feature","properties":{"id":"osm:node:8256951636","name":"臺大樂學館東側","category":"bicycle_rental","nameEn":"NTU Lesyue Building(East)","brand":"YouBike 2.0","opening_hours":"24/7"},"geometry":{"type":"Point","coordinates":[121.53585,25.01793]}},{"type":"Feature","properties":{"id":"osm:node:8256951637","name":"臺大四號館東北側","category":"bicycle_rental","nameEn":"NTU Building No.4(Northeast)","brand":"YouBike 2.0","opening_hours":"24/7"},"geometry":{"type":"Point","coordinates":[121.53781,25.01703]}},{"type":"Feature","properties":{"id":"osm:node:8256951638","name":"臺大農化新館西側","category":"bicycle_rental","nameEn":"NTU New Agricultural Chemistry Building(West)","brand":"YouBike 2.0","opening_hours":"24/7"},"geometry":{"type":"Point","coordinates":[121.53535,25.01627]}},{"type":"Feature","properties":{"id":"osm:node:8256951639","name":"臺大一號館","category":"bicycle_rental","nameEn":"NTU Building No.1","brand":"YouBike 2.0","opening_hours":"24/7"},"geometry":{"type":"Point","coordinates":[121.53455,25.01698]}},{"type":"Feature","properties":{"id":"osm:node:8256951640","name":"臺大計資中心南側","category":"bicycle_rental","nameEn":"NTU Computer and Information Networking Center(South)","brand":"YouBike 2.0","opening_hours":"24/7"},"geometry":{"type":"Point","coordinates":[121.53992,25.02036]}},{"type":"Feature","properties":{"id":"osm:node:8256951641","name":"臺大共同教室東南側","category":"bicycle_rental","nameEn":"NTU Common Subjects Classroom Building(Southeast)","brand":"YouBike 2.0","opening_hours":"24/7"},"geometry":{"type":"Point","coordinates":[121.53786,25.01566]}},{"type":"Feature","properties":{"id":"osm:node:8256951642","name":"臺大舊體育館西側","category":"bicycle_rental","nameEn":"NTU Gymnasium(West)","brand":"YouBike 2.0","opening_hours":"24/7"},"geometry":{"type":"Point","coordinates":[121.53583,25.0198]}},{"type":"Feature","properties":{"id":"osm:node:8256951643","name":"臺大森林館北側","category":"bicycle_rental","nameEn":"NTU Forestry Building(North)","brand":"YouBike 2.0","opening_hours":"24/7"},"geometry":{"type":"Point","coordinates":[121.53888,25.01704]}},{"type":"Feature","properties":{"id":"osm:node:8256951644","name":"臺大男八舍東側","category":"bicycle_rental","nameEn":"NTU 8th Men's Dorm(East)","brand":"YouBike 2.0","opening_hours":"24/7"},"geometry":{"type":"Point","coordinates":[121.54531,25.01729]}},{"type":"Feature","properties":{"id":"osm:node:8256951645","name":"臺大管理學院二館北側","category":"bicycle_rental","nameEn":"NTU Building 2, College of Management(North)","brand":"YouBike 2.0","opening_hours":"24/7"},"geometry":{"type":"Point","coordinates":[121.53673,25.01355]}},{"type":"Feature","properties":{"id":"osm:node:8256951646","name":"臺大心理系館南側","category":"bicycle_rental","nameEn":"NTU Dept. of Psychology (South Hall)","brand":"YouBike 2.0","opening_hours":"24/7"},"geometry":{"type":"Point","coordinates":[121.5404,25.01941]}},{"type":"Feature","properties":{"id":"osm:node:8256951647","name":"臺大禮賢樓東南側","category":"bicycle_rental","nameEn":"NTU Courtesy House(Southeast)","brand":"YouBike 2.0","opening_hours":"24/7","wheelchair":"yes"},"geometry":{"type":"Point","coordinates":[121.53767,25.01415]}},{"type":"Feature","properties":{"id":"osm:node:8256951648","name":"臺大椰林小舖","category":"bicycle_rental","nameEn":"NTU Green Cabin","brand":"YouBike 2.0","opening_hours":"24/7"},"geometry":{"type":"Point","coordinates":[121.53583,25.01561]}},{"type":"Feature","properties":{"id":"osm:node:8256951649","name":"臺大社會系館南側","category":"bicycle_rental","nameEn":"NTU Department of Sociology(South)","brand":"YouBike 2.0","opening_hours":"24/7"},"geometry":{"type":"Point","coordinates":[121.54175,25.01987]}},{"type":"Feature","properties":{"id":"osm:node:8256951650","name":"臺大大一女舍北側","category":"bicycle_rental","nameEn":"NTU Freshman Women's Dorm(North)","brand":"YouBike 2.0","opening_hours":"24/7"},"geometry":{"type":"Point","coordinates":[121.53436,25.01547]}},{"type":"Feature","properties":{"id":"osm:node:8256951651","name":"臺大水源舍區B棟","category":"bicycle_rental","nameEn":"NTU ShuiYuan Dorms(B)","brand":"YouBike 2.0","opening_hours":"24/7"},"geometry":{"type":"Point","coordinates":[121.53009,25.01525]}},{"type":"Feature","properties":{"id":"osm:node:8256951652","name":"臺大小小福西南側","category":"bicycle_rental","nameEn":"NTU Xiao Xiao Fu Commissary(Southwest)","brand":"YouBike 2.0","opening_hours":"24/7"},"geometry":{"type":"Point","coordinates":[121.53686,25.01539]}},{"type":"Feature","properties":{"id":"osm:node:8256951654","name":"臺大原分所北側","category":"bicycle_rental","nameEn":"NTU Institute of Atomic and Molecular Sciences(North)","brand":"YouBike 2.0","opening_hours":"24/7"},"geometry":{"type":"Point","coordinates":[121.53868,25.01881]}},{"type":"Feature","properties":{"id":"osm:node:8256951655","name":"臺大水源舍區A棟","category":"bicycle_rental","nameEn":"NTU ShuiYuan Dorms(A)","brand":"YouBike 2.0","opening_hours":"24/7"},"geometry":{"type":"Point","coordinates":[121.53044,25.01493]}},{"type":"Feature","properties":{"id":"osm:node:8256951656","name":"臺大圖資系館北側","category":"bicycle_rental","nameEn":"NTU Dept. of Library and Information Sciences(North)","brand":"YouBike 2.0","opening_hours":"24/7"},"geometry":{"type":"Point","coordinates":[121.53928,25.01804]}},{"type":"Feature","properties":{"id":"osm:node:8256951657","name":"臺大第一活動中心西南側","category":"bicycle_rental","nameEn":"NTU 1st Student Activity Center(Southwest)","brand":"YouBike 2.0","opening_hours":"24/7"},"geometry":{"type":"Point","coordinates":[121.53995,25.01761]}},{"type":"Feature","properties":{"id":"osm:node:8256951658","name":"臺大生命科學館西北側","category":"bicycle_rental","nameEn":"NTU Life Science Building(Northwest)","brand":"YouBike 2.0","opening_hours":"24/7"},"geometry":{"type":"Point","coordinates":[121.53825,25.01548]}},{"type":"Feature","properties":{"id":"osm:node:8256951659","name":"臺大工綜館南側","category":"bicycle_rental","nameEn":"NTU College of Engineering Building(South)","brand":"YouBike 2.0","opening_hours":"24/7"},"geometry":{"type":"Point","coordinates":[121.54059,25.01857]}},{"type":"Feature","properties":{"id":"osm:node:8256951660","name":"臺大檔案展示館","category":"bicycle_rental","nameEn":"NTU Archives","brand":"YouBike 2.0","opening_hours":"24/7"},"geometry":{"type":"Point","coordinates":[121.52895,25.01391]}},{"type":"Feature","properties":{"id":"osm:node:8256951661","name":"臺大電機二館東南側","category":"bicycle_rental","nameEn":"NTU E. E. Building No. 2(Southeast)","brand":"YouBike 2.0","opening_hours":"24/7"},"geometry":{"type":"Point","coordinates":[121.54247,25.01857]}},{"type":"Feature","properties":{"id":"osm:node:8256951662","name":"臺大博雅館西側","category":"bicycle_rental","nameEn":"NTU Liberal Education Classroom Building(West)","brand":"YouBike 2.0","opening_hours":"24/7"},"geometry":{"type":"Point","coordinates":[121.536022,25.018918]}},{"type":"Feature","properties":{"id":"osm:node:8256951663","name":"臺大明達館機車停車場","category":"bicycle_rental","nameEn":"NTU Ming - Da Hall Parking","brand":"YouBike 2.0","opening_hours":"24/7"},"geometry":{"type":"Point","coordinates":[121.54398,25.01754]}},{"type":"Feature","properties":{"id":"osm:node:8256951664","name":"臺大新體育館東南側","category":"bicycle_rental","nameEn":"NTU Sports Center(Southeast)","brand":"YouBike 2.0","opening_hours":"24/7"},"geometry":{"type":"Point","coordinates":[121.53591,25.02112]}},{"type":"Feature","properties":{"id":"osm:node:8256951665","name":"臺大總圖書館西南側","category":"bicycle_rental","nameEn":"NTU Main Library(Southwest)","brand":"YouBike 2.0","opening_hours":"24/7"},"geometry":{"type":"Point","coordinates":[121.54031,25.0169]}},{"type":"Feature","properties":{"id":"osm:node:8256951666","name":"臺大公館停車場西北側","category":"bicycle_rental","nameEn":"NTU Gongguan Car Park (Northwest)","brand":"YouBike 2.0","opening_hours":"24/7"},"geometry":{"type":"Point","coordinates":[121.53798,25.01345]}},{"type":"Feature","properties":{"id":"osm:node:8256951667","name":"臺大小福樓東側","category":"bicycle_rental","nameEn":"NTU Xiao Fu Commissary(East)","brand":"YouBike 2.0","opening_hours":"24/7"},"geometry":{"type":"Point","coordinates":[121.5376,25.01846]}},{"type":"Feature","properties":{"id":"osm:node:8256951668","name":"臺大凝態館南側","category":"bicycle_rental","nameEn":"NTU Center for Condensed Matter Sciences(South)","brand":"YouBike 2.0","opening_hours":"24/7"},"geometry":{"type":"Point","coordinates":[121.53633,25.02157]}},{"type":"Feature","properties":{"id":"osm:node:8256951669","name":"臺大立體機車停車場","category":"bicycle_rental","nameEn":"NTU Parking lot(Motorcycle)","brand":"YouBike 2.0","opening_hours":"24/7"},"geometry":{"type":"Point","coordinates":[121.54251,25.01616]}},{"type":"Feature","properties":{"id":"osm:node:8256951670","name":"臺大博理館西側","category":"bicycle_rental","nameEn":"NTU Barry Lam Hall(West)","brand":"YouBike 2.0","opening_hours":"24/7"},"geometry":{"type":"Point","coordinates":[121.54195,25.01922]}},{"type":"Feature","properties":{"id":"osm:node:8256951671","name":"辛亥泰順街口","category":"bicycle_rental","nameEn":"Xinhai Taishun St. Intersection","brand":"YouBike 2.0","opening_hours":"24/7"},"geometry":{"type":"Point","coordinates":[121.53165,25.02193]}},{"type":"Feature","properties":{"id":"osm:node:8256951672","name":"捷運公館站(2號出口)","category":"bicycle_rental","nameEn":"MRT Gongguan Sta. (Exit 2)","brand":"YouBike 2.0","opening_hours":"24/7"},"geometry":{"type":"Point","coordinates":[121.53438,25.01491]}},{"type":"Feature","properties":{"id":"osm:node:8256951673","name":"新生南路三段66號前","category":"bicycle_rental","nameEn":"No. 66, Sec. 3, Xinsheng S. Rd.","brand":"YouBike 2.0","opening_hours":"24/7"},"geometry":{"type":"Point","coordinates":[121.53384,25.01976]}},{"type":"Feature","properties":{"id":"osm:node:8256951674","name":"和平復興路口西北側","category":"bicycle_rental","nameEn":"Heping Fuxing Rd. Intersection (Northwest)","brand":"YouBike 2.0","opening_hours":"24/7"},"geometry":{"type":"Point","coordinates":[121.54332,25.02543]}},{"type":"Feature","properties":{"id":"osm:node:8256951675","name":"捷運公館站(4號出口)","category":"bicycle_rental","nameEn":"MRT Gongguan Sta. (Exit 4)","brand":"YouBike 2.0","opening_hours":"24/7"},"geometry":{"type":"Point","coordinates":[121.533828,25.015069]}},{"type":"Feature","properties":{"id":"osm:node:8256951676","name":"捷運公館站(1號出口)","category":"bicycle_rental","nameEn":"MRT Gongguan Sta. (Exit 1)","brand":"YouBike 2.0","opening_hours":"24/7"},"geometry":{"type":"Point","coordinates":[121.534374,25.014529]}},{"type":"Feature","properties":{"id":"osm:node:8256951677","name":"汀州思源街口東南側","category":"bicycle_rental","nameEn":"Tingzhou Rd. / Siyuan St. intersection (Southeast)","brand":"YouBike 2.0","opening_hours":"24/7"},"geometry":{"type":"Point","coordinates":[121.531908,25.014697]}},{"type":"Feature","properties":{"id":"osm:node:8256951678","name":"臺北自來水事業處","category":"bicycle_rental","nameEn":"Taipei Water Department","brand":"YouBike 2.0","opening_hours":"24/7"},"geometry":{"type":"Point","coordinates":[121.53068,25.013741]}},{"type":"Feature","properties":{"id":"osm:node:8256951679","name":"大安區健康服務中心","category":"bicycle_rental","nameEn":"Daan District Public Health Center","brand":"YouBike 2.0","opening_hours":"24/7"},"geometry":{"type":"Point","coordinates":[121.544069,25.021469]}},{"type":"Feature","properties":{"id":"osm:node:8256951680","name":"和平實小東北側","category":"bicycle_rental","nameEn":"Heping Experiment Elementary School (Northeast)","brand":"YouBike 2.0","opening_hours":"24/7"},"geometry":{"type":"Point","coordinates":[121.54704,25.021641]}},{"type":"Feature","properties":{"id":"osm:node:8256951681","name":"國北教大側門南側","category":"bicycle_rental","nameEn":"NTUE Side Gate(South)","brand":"YouBike 2.0","opening_hours":"24/7"},"geometry":{"type":"Point","coordinates":[121.546622,25.022864]}},{"type":"Feature","properties":{"id":"osm:node:8256951682","name":"基隆長興路口東側","category":"bicycle_rental","nameEn":"Keelung Changxing Rd. Intersection(East)","brand":"YouBike 2.0","opening_hours":"24/7"},"geometry":{"type":"Point","coordinates":[121.54471,25.01727]}},{"type":"Feature","properties":{"id":"osm:node:8256951683","name":"辛亥新生路口東南側","category":"bicycle_rental","nameEn":"Xinhai Xinsheng Rd. Intersection (Southeast)","brand":"YouBike 2.0","opening_hours":"24/7"},"geometry":{"type":"Point","coordinates":[121.53474,25.02218]}},{"type":"Feature","properties":{"id":"osm:node:8256951684","name":"臺大綜合體育館停車場前","category":"bicycle_rental","nameEn":"NTU Sports Center Car Park","brand":"YouBike 2.0","opening_hours":"24/7"},"geometry":{"type":"Point","coordinates":[121.53626,25.0222]}},{"type":"Feature","properties":{"id":"osm:node:8256951685","name":"臺大法人語言訓練中心前","category":"bicycle_rental","nameEn":"NTU Language Training & Testing Center","brand":"YouBike 2.0","opening_hours":"24/7"},"geometry":{"type":"Point","coordinates":[121.54081,25.02104]}},{"type":"Feature","properties":{"id":"osm:node:8256951686","name":"臺大社科院圖書館前","category":"bicycle_rental","nameEn":"NTU College of social Sciences Building","brand":"YouBike 2.0","opening_hours":"24/7"},"geometry":{"type":"Point","coordinates":[121.54284,25.02101]}},{"type":"Feature","properties":{"id":"osm:node:8256951687","name":"臺大國青大樓宿舍前","category":"bicycle_rental","nameEn":"NTU Guo - Ching Building","brand":"YouBike 2.0","opening_hours":"24/7"},"geometry":{"type":"Point","coordinates":[121.54432,25.02076]}},{"type":"Feature","properties":{"id":"osm:node:8256951688","name":"臺大萬才館前","category":"bicycle_rental","nameEn":"NTU Wan Tsai Research Hall","brand":"YouBike 2.0","opening_hours":"24/7"},"geometry":{"type":"Point","coordinates":[121.54497,25.02032]}},{"type":"Feature","properties":{"id":"osm:node:8256951689","name":"臺大土木研究大樓前","category":"bicycle_rental","nameEn":"NTU Civil Engineering Research Building","brand":"YouBike 2.0","opening_hours":"24/7"},"geometry":{"type":"Point","coordinates":[121.5476,25.01787]}},{"type":"Feature","properties":{"id":"osm:node:8256951690","name":"臺大動物醫院前","category":"bicycle_rental","nameEn":"NTU Veterinary Hospital","brand":"YouBike 2.0","opening_hours":"24/7"},"geometry":{"type":"Point","coordinates":[121.54291,25.01576]}},{"type":"Feature","properties":{"id":"osm:node:8256951691","name":"臺大男六舍前","category":"bicycle_rental","nameEn":"NTU 6th Men's Dorm","brand":"YouBike 2.0","opening_hours":"24/7"},"geometry":{"type":"Point","coordinates":[121.5452,25.01664]}},{"type":"Feature","properties":{"id":"osm:node:8256951692","name":"臺大男一舍前","category":"bicycle_rental","nameEn":"NTU 1st Men's Dorm","brand":"YouBike 2.0","opening_hours":"24/7"},"geometry":{"type":"Point","coordinates":[121.54535,25.01637]}},{"type":"Feature","properties":{"id":"osm:node:8256951693","name":"臺大男七舍前","category":"bicycle_rental","nameEn":"NTU 7th Men's Dorm","brand":"YouBike 2.0","opening_hours":"24/7"},"geometry":{"type":"Point","coordinates":[121.54698,25.01537]}},{"type":"Feature","properties":{"id":"osm:node:8256951694","name":"臺大永齡生醫工程館","category":"bicycle_rental","nameEn":"NTU Yonglin Biomedical Engineering Hall","brand":"YouBike 2.0","opening_hours":"24/7"},"geometry":{"type":"Point","coordinates":[121.54656,25.0136]}},{"type":"Feature","properties":{"id":"osm:node:8256951695","name":"臺大環研大樓","category":"bicycle_rental","nameEn":"NTU Environment Research Building","brand":"YouBike 2.0","opening_hours":"24/7"},"geometry":{"type":"Point","coordinates":[121.54503,25.01234]}},{"type":"Feature","properties":{"id":"osm:node:8256951696","name":"臺大醫學院附設癌醫中心","category":"bicycle_rental","nameEn":"NTU Cancer Center","brand":"YouBike 2.0","opening_hours":"24/7"},"geometry":{"type":"Point","coordinates":[121.54382,25.01426]}},{"type":"Feature","properties":{"id":"osm:node:8256951697","name":"臺灣科技大學後門","category":"bicycle_rental","nameEn":"NTUST(Back Gate)","brand":"YouBike 2.0","opening_hours":"24/7"},"geometry":{"type":"Point","coordinates":[121.54165,25.01182]}},{"type":"Feature","properties":{"id":"osm:node:8256951698","name":"公館公園","category":"bicycle_rental","nameEn":"Gongguan Park","brand":"YouBike 2.0","opening_hours":"24/7"},"geometry":{"type":"Point","coordinates":[121.54062,25.01137]}},{"type":"Feature","properties":{"id":"osm:node:8256951699","name":"臺灣科技大學側門","category":"bicycle_rental","nameEn":"NTUST(Side Gate)","brand":"YouBike 2.0","opening_hours":"24/7"},"geometry":{"type":"Point","coordinates":[121.53973,25.01295]}},{"type":"Feature","properties":{"id":"osm:node:8256951700","name":"臺灣科技大學正門","category":"bicycle_rental","nameEn":"NTUST(Main Gate)","brand":"YouBike 2.0","opening_hours":"24/7"},"geometry":{"type":"Point","coordinates":[121.54142,25.01451]}},{"type":"Feature","properties":{"id":"osm:node:8256951701","name":"第二學生活動中心","category":"bicycle_rental","nameEn":"2nd Student Activity Center","brand":"YouBike 2.0","opening_hours":"24/7"},"geometry":{"type":"Point","coordinates":[121.53661,25.01244]}},{"type":"Feature","properties":{"id":"osm:node:8256951702","name":"銘傳國小側門","category":"bicycle_rental","nameEn":"Taipei Municipal MingChuan Elementary School(Side Gate)","brand":"YouBike 2.0","opening_hours":"24/7"},"geometry":{"type":"Point","coordinates":[121.53549,25.01385]}},{"type":"Feature","properties":{"id":"osm:node:8256951703","name":"溫州停車場","category":"bicycle_rental","nameEn":"Wenzhou Parking Lot","brand":"YouBike 2.0","opening_hours":"24/7"},"geometry":{"type":"Point","coordinates":[121.5331,25.02093]}},{"type":"Feature","properties":{"id":"osm:node:8256951704","name":"和平臥龍街口","category":"bicycle_rental","nameEn":"Heping Wolong St. Intersection","brand":"YouBike 2.0","opening_hours":"24/7"},"geometry":{"type":"Point","coordinates":[121.546705,25.024461]}},{"type":"Feature","properties":{"id":"osm:node:8256951705","name":"溫州公園","category":"bicycle_rental","nameEn":"Wenzhou Park","brand":"YouBike 2.0","opening_hours":"24/7"},"geometry":{"type":"Point","coordinates":[121.53156,25.01895]}},{"type":"Feature","properties":{"id":"osm:node:8256951707","name":"大安運動中心停車場","category":"bicycle_rental","nameEn":"Taipei Da-an Sports Center Parking lot","brand":"YouBike 2.0","opening_hours":"24/7"},"geometry":{"type":"Point","coordinates":[121.546977,25.020892]}},{"type":"Feature","properties":{"id":"osm:node:8256951708","name":"羅斯福路三段245號前","category":"bicycle_rental","nameEn":"No. 245, Sec. 3, Roosevelt Rd.","brand":"YouBike 2.0","opening_hours":"24/7"},"geometry":{"type":"Point","coordinates":[121.52989,25.01927]}},{"type":"Feature","properties":{"id":"osm:node:8256951709","name":"羅斯福路三段311號前","category":"bicycle_rental","nameEn":"No. 311, Sec. 3, Roosevelt Rd.","brand":"YouBike 2.0","opening_hours":"24/7"},"geometry":{"type":"Point","coordinates":[121.53202,25.01717]}},{"type":"Feature","properties":{"id":"osm:node:8256951710","name":"辛亥路一段30號前","category":"bicycle_rental","nameEn":"No. 30, Sec. 1, Xinhai Rd.","brand":"YouBike 2.0","opening_hours":"24/7"},"geometry":{"type":"Point","coordinates":[121.52982,25.01986]}},{"type":"Feature","properties":{"id":"osm:node:8256951712","name":"新生南路三段82號前","category":"bicycle_rental","nameEn":"No. 82, Sec. 3, Xinsheng S. Rd.","brand":"YouBike 2.0","opening_hours":"24/7"},"geometry":{"type":"Point","coordinates":[121.53361,25.01894]}},{"type":"Feature","properties":{"id":"osm:node:8256951713","name":"新生南路三段52號前","category":"bicycle_rental","nameEn":"No. 52, Sec. 3, Xinsheng S. Rd.","brand":"YouBike 2.0","opening_hours":"24/7"},"geometry":{"type":"Point","coordinates":[121.53407,25.02112]}},{"type":"Feature","properties":{"id":"osm:node:8256951714","name":"復興南路二段340巷口","category":"bicycle_rental","nameEn":"Ln. 340, Sec. 2, Fuxing S. Rd.","brand":"YouBike 2.0","opening_hours":"24/7"},"geometry":{"type":"Point","coordinates":[121.54326,25.02253]}},{"type":"Feature","properties":{"id":"osm:node:8256951715","name":"復興南路二段280號前","category":"bicycle_rental","nameEn":"No. 280, Sec. 2, Fuxing S. Rd.","brand":"YouBike 2.0","opening_hours":"24/7"},"geometry":{"type":"Point","coordinates":[121.54328,25.02429]}},{"type":"Feature","properties":{"id":"osm:node:8256951716","name":"辛亥復興路口西北側","category":"bicycle_rental","nameEn":"Xinhai Fuxing Rd. Intersection (Northwest)","brand":"YouBike 2.0","opening_hours":"24/7"},"geometry":{"type":"Point","coordinates":[121.54299,25.02153]}},{"type":"Feature","properties":{"id":"osm:node:8256952717","name":"和平公園東側","category":"bicycle_rental","nameEn":"Heping Park (East)","brand":"YouBike 2.0","opening_hours":"24/7"},"geometry":{"type":"Point","coordinates":[121.54282,25.02351]}},{"type":"Feature","properties":{"id":"osm:node:8256952718","name":"國北教大實小東側門","category":"bicycle_rental","nameEn":"NTUE Experiment Elementary School (East)","brand":"YouBike 2.0","opening_hours":"24/7"},"geometry":{"type":"Point","coordinates":[121.54124,25.02429]}},{"type":"Feature","properties":{"id":"osm:node:8256952719","name":"復興南路二段273號前","category":"bicycle_rental","nameEn":"No.273, Sec. 2, Fuxing S. Rd.","brand":"YouBike 2.0","opening_hours":"24/7"},"geometry":{"type":"Point","coordinates":[121.54357,25.02565]}},{"type":"Feature","properties":{"id":"osm:node:8256952720","name":"捷運科技大樓站","category":"bicycle_rental","nameEn":"MRT Technology Bldg. Sta.","brand":"YouBike 2.0","opening_hours":"24/7"},"geometry":{"type":"Point","coordinates":[121.5436,25.02605]}},{"type":"Feature","properties":{"id":"osm:node:8712737820","name":"基隆路二段159巷口","category":"bicycle_rental","nameEn":"Ln. 159, Sec. 2, Keelung Rd. Intersection","brand":"YouBike 2.0","opening_hours":"24/7"},"geometry":{"type":"Point","coordinates":[121.55409,25.02561]}},{"type":"Feature","properties":{"id":"osm:node:8712737821","name":"黎忠區民活動中心","category":"bicycle_rental","nameEn":"Lizhong Community Center","brand":"YouBike 2.0","opening_hours":"24/7"},"geometry":{"type":"Point","coordinates":[121.55769,25.02035]}},{"type":"Feature","properties":{"id":"osm:node:8712737822","name":"桃源國中","category":"bicycle_rental","nameEn":"Taoyuan Junior High School","brand":"YouBike 2.0","opening_hours":"24/7"},"geometry":{"type":"Point","coordinates":[121.47769,25.13485]}},{"type":"Feature","properties":{"id":"osm:node:8712737823","name":"立功立德路口","category":"bicycle_rental","nameEn":"Ligong & Lide Rd. Intersection","brand":"YouBike 2.0","opening_hours":"24/7"},"geometry":{"type":"Point","coordinates":[121.47158,25.12501]}},{"type":"Feature","properties":{"id":"osm:node:8712737824","name":"榮富公園","category":"bicycle_rental","nameEn":"Rongfu Park","brand":"YouBike 2.0","opening_hours":"24/7"},"geometry":{"type":"Point","coordinates":[121.52437,25.1137]}},{"type":"Feature","properties":{"id":"osm:node:8712737825","name":"致遠一路二段11巷","category":"bicycle_rental","nameEn":"Ln. 11, Sec. 2, Zhiyuan 1st Rd.","brand":"YouBike 2.0","opening_hours":"24/7"},"geometry":{"type":"Point","coordinates":[121.51382,25.11093]}},{"type":"Feature","properties":{"id":"osm:node:8712737826","name":"承德路七段280巷口","category":"bicycle_rental","nameEn":"No. 280, Sec. 7, Chengde Rd. Intersection","brand":"YouBike 2.0","opening_hours":"24/7"},"geometry":{"type":"Point","coordinates":[121.50576,25.11587]}},{"type":"Feature","properties":{"id":"osm:node:8712737827","name":"立農國小","category":"bicycle_rental","nameEn":"Linong Elementary School","brand":"YouBike 2.0","opening_hours":"24/7"},"geometry":{"type":"Point","coordinates":[121.50422,25.11978]}},{"type":"Feature","properties":{"id":"osm:node:8712737828","name":"振興公園","category":"bicycle_rental","nameEn":"Zhenxing Park","brand":"YouBike 2.0","opening_hours":"24/7"},"geometry":{"type":"Point","coordinates":[121.5235,25.11865]}},{"type":"Feature","properties":{"id":"osm:node:8712737829","name":"石牌國小","category":"bicycle_rental","nameEn":"Shipai Elementary School","brand":"YouBike 2.0","opening_hours":"24/7"},"geometry":{"type":"Point","coordinates":[121.51307,25.1144]}},{"type":"Feature","properties":{"id":"osm:node:8712737830","name":"振興醫院","category":"bicycle_rental","nameEn":"Cheng Hsin General Hospital","brand":"YouBike 2.0","opening_hours":"24/7"},"geometry":{"type":"Point","coordinates":[121.52186,25.11753]}},{"type":"Feature","properties":{"id":"osm:node:8712737831","name":"捷運石牌站(1號出口)","category":"bicycle_rental","nameEn":"MRT Shipai Sta. (Exit 1)","brand":"YouBike 2.0","opening_hours":"24/7"},"geometry":{"type":"Point","coordinates":[121.51469,25.11542]}},{"type":"Feature","properties":{"id":"osm:node:8712737832","name":"台北護理大學","category":"bicycle_rental","nameEn":"National Taipei University of Nursing and Health Sciences","brand":"YouBike 2.0","opening_hours":"24/7"},"geometry":{"type":"Point","coordinates":[121.51662,25.11752]}},{"type":"Feature","properties":{"id":"osm:node:8712737833","name":"捷運石牌站(2號出口)","category":"bicycle_rental","nameEn":"MRT Shipai Sta. (Exit 2)","brand":"YouBike 2.0","opening_hours":"24/7"},"geometry":{"type":"Point","coordinates":[121.51567,25.11451]}},{"type":"Feature","properties":{"id":"osm:node:8712737834","name":"陽明大學","category":"bicycle_rental","nameEn":"National Yangming Jiaotong University","brand":"YouBike 2.0","opening_hours":"24/7"},"geometry":{"type":"Point","coordinates":[121.51223,25.11912]}},{"type":"Feature","properties":{"id":"osm:node:8712737835","name":"北投運動中心","category":"bicycle_rental","nameEn":"Beitou Sports Center","brand":"YouBike 2.0","opening_hours":"24/7","wheelchair":"yes"},"geometry":{"type":"Point","coordinates":[121.50962,25.11666]}},{"type":"Feature","properties":{"id":"osm:node:8712737836","name":"捷運唭哩岸站(2號出口)","category":"bicycle_rental","nameEn":"MRT Qilian Sta. (Exit 2)","brand":"YouBike 2.0","opening_hours":"24/7"},"geometry":{"type":"Point","coordinates":[121.50523,25.12087]}},{"type":"Feature","properties":{"id":"osm:node:8712737837","name":"北投奇岩長青樂活大樓","category":"bicycle_rental","nameEn":"Beitou Qiyan Elderly Service Center","brand":"YouBike 2.0","opening_hours":"24/7"},"geometry":{"type":"Point","coordinates":[121.503728,25.126636]}},{"type":"Feature","properties":{"id":"osm:node:8712737838","name":"立農公園","category":"bicycle_rental","nameEn":"Linong Park","brand":"YouBike 2.0","opening_hours":"24/7"},"geometry":{"type":"Point","coordinates":[121.50342,25.11798]}},{"type":"Feature","properties":{"id":"osm:node:8712737839","name":"大業路300巷口","category":"bicycle_rental","nameEn":"Ln. 300, Daye Rd. Intersction","brand":"YouBike 2.0","opening_hours":"24/7"},"geometry":{"type":"Point","coordinates":[121.49782,25.12814]}},{"type":"Feature","properties":{"id":"osm:node:8712737840","name":"清江國小","category":"bicycle_rental","nameEn":"Qingjiang Elementary School","brand":"YouBike 2.0","opening_hours":"24/7"},"geometry":{"type":"Point","coordinates":[121.50676,25.12725]}},{"type":"Feature","properties":{"id":"osm:node:8712737841","name":"八仙里辦公處","category":"bicycle_rental","nameEn":"Baxian Village Office","brand":"YouBike 2.0","opening_hours":"24/7"},"geometry":{"type":"Point","coordinates":[121.50158,25.12297]}},{"type":"Feature","properties":{"id":"osm:node:8712737842","name":"捷運奇岩站(三合街)","category":"bicycle_rental","nameEn":"MRT Qiyan Station(Sanhe St.)","brand":"YouBike 2.0","opening_hours":"24/7"},"geometry":{"type":"Point","coordinates":[121.50099,25.12634]}},{"type":"Feature","properties":{"id":"osm:node:8712737843","name":"捷運北投站","category":"bicycle_rental","nameEn":"MRT Beitou Station","brand":"YouBike 2.0","opening_hours":"24/7"},"geometry":{"type":"Point","coordinates":[121.499,25.13187]}},{"type":"Feature","properties":{"id":"osm:node:8712737844","name":"捷運新北投站","category":"bicycle_rental","nameEn":"MRT Xinbeitou Station","brand":"YouBike 2.0","opening_hours":"24/7"},"geometry":{"type":"Point","coordinates":[121.50339,25.13733]}},{"type":"Feature","properties":{"id":"osm:node:8712737845","name":"大業大同街口","category":"bicycle_rental","nameEn":"Daye Datong St. Intersection","brand":"YouBike 2.0","opening_hours":"24/7"},"geometry":{"type":"Point","coordinates":[121.49987,25.13691]}},{"type":"Feature","properties":{"id":"osm:node:8712737846","name":"秀山區民活動中心","category":"bicycle_rental","nameEn":"Xiushan Community Center","brand":"YouBike 2.0","opening_hours":"24/7"},"geometry":{"type":"Point","coordinates":[121.49303,25.14582]}},{"type":"Feature","properties":{"id":"osm:node:8712737847","name":"國防大學政治作戰學院","category":"bicycle_rental","nameEn":"Fu Hsing Kang College","brand":"YouBike 2.0","opening_hours":"24/7"},"geometry":{"type":"Point","coordinates":[121.49345,25.13776]}},{"type":"Feature","properties":{"id":"osm:node:8712737848","name":"豐年公園","category":"bicycle_rental","nameEn":"Fengnian Park","brand":"YouBike 2.0","opening_hours":"24/7"},"geometry":{"type":"Point","coordinates":[121.49613,25.13475]}},{"type":"Feature","properties":{"id":"osm:node:8712737849","name":"捷運復興崗站旅客服務中心","category":"bicycle_rental","nameEn":"MRT Fuxinggang Sta Tourist Information Center","brand":"YouBike 2.0","opening_hours":"24/7"},"geometry":{"type":"Point","coordinates":[121.48159,25.13666]}},{"type":"Feature","properties":{"id":"osm:node:8712737850","name":"捷運復興崗站(1號出口)","category":"bicycle_rental","nameEn":"MRT Fuxinggang Sta. (Exit 1)","brand":"YouBike 2.0","opening_hours":"24/7","wheelchair":"yes"},"geometry":{"type":"Point","coordinates":[121.4863,25.1378]}},{"type":"Feature","properties":{"id":"osm:node:8712737851","name":"大度立德路口","category":"bicycle_rental","nameEn":"Dadu & Lide Rd. Intersection","brand":"YouBike 2.0","opening_hours":"24/7"},"geometry":{"type":"Point","coordinates":[121.47092,25.1231]}},{"type":"Feature","properties":{"id":"osm:node:8712737852","name":"中央北路四段540巷口","category":"bicycle_rental","nameEn":"Ln. 540, Sec. 4, Zhongyang N. Rd. Intersection","brand":"YouBike 2.0","opening_hours":"24/7"},"geometry":{"type":"Point","coordinates":[121.46782,25.12796]}},{"type":"Feature","properties":{"id":"osm:node:8712737853","name":"捷運關渡站(2號出口)","category":"bicycle_rental","nameEn":"MRT Guandu Sta. (Exit 2)","brand":"YouBike 2.0","opening_hours":"24/7"},"geometry":{"type":"Point","coordinates":[121.46737,25.12618]}},{"type":"Feature","properties":{"id":"osm:node:8712737854","name":"捷運關渡站(1號出口)","category":"bicycle_rental","nameEn":"MRT Guandu Sta. (Exit 1)","brand":"YouBike 2.0","opening_hours":"24/7"},"geometry":{"type":"Point","coordinates":[121.46712,25.12397]}},{"type":"Feature","properties":{"id":"osm:node:8712737855","name":"捷運忠義站(1號出口)","category":"bicycle_rental","nameEn":"MRT Zhongyi Sta. (Exit 1)","brand":"YouBike 2.0","opening_hours":"24/7"},"geometry":{"type":"Point","coordinates":[121.47365,25.13149]}},{"type":"Feature","properties":{"id":"osm:node:8712737856","name":"關渡醫院","category":"bicycle_rental","nameEn":"Taipei Guandu hospital","brand":"YouBike 2.0","opening_hours":"24/7"},"geometry":{"type":"Point","coordinates":[121.4665,25.1203]}},{"type":"Feature","properties":{"id":"osm:node:8712737857","name":"關渡自然公園","category":"bicycle_rental","nameEn":"Guandu Nature Park","brand":"YouBike 2.0","opening_hours":"24/7"},"geometry":{"type":"Point","coordinates":[121.46912,25.11884]}},{"type":"Feature","properties":{"id":"osm:node:8712737858","name":"關渡宮","category":"bicycle_rental","nameEn":"Guandu Temple","brand":"YouBike 2.0","opening_hours":"24/7"},"geometry":{"type":"Point","coordinates":[121.46288,25.11739]}},{"type":"Feature","properties":{"id":"osm:node:8712737859","name":"永欣綠地","category":"bicycle_rental","nameEn":"Yongxin Greens","brand":"YouBike 2.0","opening_hours":"24/7"},"geometry":{"type":"Point","coordinates":[121.52607,25.12416]}},{"type":"Feature","properties":{"id":"osm:node:8712737860","name":"文林建民路口","category":"bicycle_rental","nameEn":"Wenlin & Jianmin Intersection","brand":"YouBike 2.0","opening_hours":"24/7"},"geometry":{"type":"Point","coordinates":[121.51457,25.10788]}},{"type":"Feature","properties":{"id":"osm:node:8712737861","name":"捷運明德站(1號出口)","category":"bicycle_rental","nameEn":"MRT Mingde Station (Exit 1)","brand":"YouBike 2.0","opening_hours":"24/7"},"geometry":{"type":"Point","coordinates":[121.51936,25.10896]}},{"type":"Feature","properties":{"id":"osm:node:8712737862","name":"榮華二明德路口","category":"bicycle_rental","nameEn":"Ronghua 2nd & Mingde Rd. Intersection","brand":"YouBike 2.0","opening_hours":"24/7"},"geometry":{"type":"Point","coordinates":[121.52255,25.11357]}},{"type":"Feature","properties":{"id":"osm:node:8712737863","name":"洲美運動公園","category":"bicycle_rental","nameEn":"Zhoumei Sports Park","brand":"YouBike 2.0","opening_hours":"24/7"},"geometry":{"type":"Point","coordinates":[121.49886,25.10981]}},{"type":"Feature","properties":{"id":"osm:node:8712737864","name":"承德路七段304巷口","category":"bicycle_rental","nameEn":"Ln. 304, Sec. 7, Chengde Rd.","brand":"YouBike 2.0","opening_hours":"24/7"},"geometry":{"type":"Point","coordinates":[121.5048,25.1168]}},{"type":"Feature","properties":{"id":"osm:node:8712737865","name":"文湖國小","category":"bicycle_rental","nameEn":"Wenhu Elementary School","brand":"YouBike 2.0","opening_hours":"24/7"},"geometry":{"type":"Point","coordinates":[121.56088,25.08637]}},{"type":"Feature","properties":{"id":"osm:node:8712737866","name":"西康公園","category":"bicycle_rental","nameEn":"Xikang Park","brand":"YouBike 2.0","opening_hours":"24/7"},"geometry":{"type":"Point","coordinates":[121.56449,25.08284]}},{"type":"Feature","properties":{"id":"osm:node:8712737867","name":"洲子一號公園","category":"bicycle_rental","nameEn":"Jhouzih No.1 Park","brand":"YouBike 2.0","opening_hours":"24/7"},"geometry":{"type":"Point","coordinates":[121.56454,25.07977]}},{"type":"Feature","properties":{"id":"osm:node:8712737868","name":"北勢湖環保公園","category":"bicycle_rental","nameEn":"Beishi Lake Environmental Park","brand":"YouBike 2.0","opening_hours":"24/7"},"geometry":{"type":"Point","coordinates":[121.56208,25.08378]}},{"type":"Feature","properties":{"id":"osm:node:8712737869","name":"文湖街21巷118弄口","category":"bicycle_rental","nameEn":"Aly. 118, Ln. 21, Wunhu St.","brand":"YouBike 2.0","opening_hours":"24/7"},"geometry":{"type":"Point","coordinates":[121.55961,25.09122]}},{"type":"Feature","properties":{"id":"osm:node:8712737870","name":"捷運大直站(3號出口)","category":"bicycle_rental","nameEn":"Dazhi Station (Exit 3)","brand":"YouBike 2.0","opening_hours":"24/7"},"geometry":{"type":"Point","coordinates":[121.5473,25.07923]}},{"type":"Feature","properties":{"id":"osm:node:8712737871","name":"樂群二敬業四路口","category":"bicycle_rental","nameEn":"Lequn 2nd & Jingye 4th Rd. Intersection","brand":"YouBike 2.0","opening_hours":"24/7"},"geometry":{"type":"Point","coordinates":[121.55813,25.07976]}},{"type":"Feature","properties":{"id":"osm:node:8712737872","name":"樂群二敬業三路口","category":"bicycle_rental","nameEn":"Lequn 2nd & Jingye 3rd Rd. Intersection","brand":"YouBike 2.0","opening_hours":"24/7"},"geometry":{"type":"Point","coordinates":[121.55609,25.07985]}},{"type":"Feature","properties":{"id":"osm:node:8712737874","name":"北安大直街口","category":"bicycle_rental","nameEn":"Bei'an & Dajhih St. Intersection","brand":"YouBike 2.0","opening_hours":"24/7"},"geometry":{"type":"Point","coordinates":[121.54968,25.08474]}},{"type":"Feature","properties":{"id":"osm:node:8712737875","name":"樂群二明水路口","category":"bicycle_rental","nameEn":"Lequn 2nd & Mingshui Rd. Intersection","brand":"YouBike 2.0","opening_hours":"24/7"},"geometry":{"type":"Point","coordinates":[121.55226,25.08009]}},{"type":"Feature","properties":{"id":"osm:node:8712737876","name":"培英公園","category":"bicycle_rental","nameEn":"Peiying Park","brand":"YouBike 2.0","opening_hours":"24/7"},"geometry":{"type":"Point","coordinates":[121.54462,25.08258]}},{"type":"Feature","properties":{"id":"osm:node:8712737877","name":"劍潭社區","category":"bicycle_rental","nameEn":"Jiantan Community","brand":"YouBike 2.0","opening_hours":"24/7"},"geometry":{"type":"Point","coordinates":[121.53748,25.08524]}},{"type":"Feature","properties":{"id":"osm:node:8712737878","name":"樂群二堤頂大道口","category":"bicycle_rental","nameEn":"Lequn 2nd & Tiding Blvd. Intersection","brand":"YouBike 2.0","opening_hours":"24/7"},"geometry":{"type":"Point","coordinates":[121.56251,25.0803]}},{"type":"Feature","properties":{"id":"osm:node:8712737879","name":"圓山風景區","category":"bicycle_rental","nameEn":"Yuanshan Scenic Area","brand":"YouBike 2.0","opening_hours":"24/7"},"geometry":{"type":"Point","coordinates":[121.5295,25.07805]}},{"type":"Feature","properties":{"id":"osm:node:8712737880","name":"通北街65巷口","category":"bicycle_rental","nameEn":"Ln. 65, Tongbei St.","brand":"YouBike 2.0","opening_hours":"24/7"},"geometry":{"type":"Point","coordinates":[121.54004,25.08251]}},{"type":"Feature","properties":{"id":"osm:node:8712737882","name":"捷運中正紀念堂站(4號出口)","category":"bicycle_rental","nameEn":"MRT C.K.S. Memorial Hall Sta. (Exit 4)","brand":"YouBike 2.0","opening_hours":"24/7"},"geometry":{"type":"Point","coordinates":[121.51772,25.03376]}},{"type":"Feature","properties":{"id":"osm:node:8712737883","name":"捷運中正紀念堂站(3號出口)","category":"bicycle_rental","nameEn":"MRT C.K.S. Memorial Hall Sta. (Exit 3)","brand":"YouBike 2.0","opening_hours":"24/7"},"geometry":{"type":"Point","coordinates":[121.51866,25.03239]}},{"type":"Feature","properties":{"id":"osm:node:8712737884","name":"金華杭州南路口","category":"bicycle_rental","nameEn":"Jinhua & Hangzhou S. Rd. Intersection","brand":"YouBike 2.0","opening_hours":"24/7"},"geometry":{"type":"Point","coordinates":[121.52211,25.031]}},{"type":"Feature","properties":{"id":"osm:node:8712737885","name":"羅斯福路二段6巷口","category":"bicycle_rental","nameEn":"Ln.6, Sec.2, Roosevelt Rd.","brand":"YouBike 2.0","opening_hours":"24/7"},"geometry":{"type":"Point","coordinates":[121.52058,25.02923]}},{"type":"Feature","properties":{"id":"osm:node:8712737886","name":"孫立人將軍官邸","category":"bicycle_rental","nameEn":"Gen.Sun Li-Jen Residence","brand":"YouBike 2.0","opening_hours":"24/7"},"geometry":{"type":"Point","coordinates":[121.51854,25.02933]}},{"type":"Feature","properties":{"id":"osm:node:8712737887","name":"和平重慶路口","category":"bicycle_rental","nameEn":"Heping & Chongqing Rd. Intersection","brand":"YouBike 2.0","opening_hours":"24/7"},"geometry":{"type":"Point","coordinates":[121.51659,25.02723]}},{"type":"Feature","properties":{"id":"osm:node:8712737888","name":"南昌公園","category":"bicycle_rental","nameEn":"Nanchang Park","brand":"YouBike 2.0","opening_hours":"24/7"},"geometry":{"type":"Point","coordinates":[121.52081,25.02698]}},{"type":"Feature","properties":{"id":"osm:node:8712737889","name":"捷運古亭站(7號出口)","category":"bicycle_rental","nameEn":"MRT Guting Sta. (Exit 7)","brand":"YouBike 2.0","opening_hours":"24/7"},"geometry":{"type":"Point","coordinates":[121.52155,25.02805]}},{"type":"Feature","properties":{"id":"osm:node:8712737890","name":"捷運古亭站(8號出口)","category":"bicycle_rental","nameEn":"MRT Guting Sta. (Exit 8)","brand":"YouBike 2.0","opening_hours":"24/7"},"geometry":{"type":"Point","coordinates":[121.52164,25.02701]}},{"type":"Feature","properties":{"id":"osm:node:8712737891","name":"牯嶺公園","category":"bicycle_rental","nameEn":"Guling Park","brand":"YouBike 2.0","opening_hours":"24/7"},"geometry":{"type":"Point","coordinates":[121.51889,25.02338]}},{"type":"Feature","properties":{"id":"osm:node:8712737892","name":"羅斯福三段金門街口","category":"bicycle_rental","nameEn":"Sec. 3, Roosevelt Rd & Jinmen St Intersection","brand":"YouBike 2.0","opening_hours":"24/7","wheelchair":"yes"},"geometry":{"type":"Point","coordinates":[121.52498,25.02345]}},{"type":"Feature","properties":{"id":"osm:node:8712737893","name":"捷運臺電大樓站(4號出口)","category":"bicycle_rental","nameEn":"MRT Taipower Building Sta. (Exit 4)","brand":"YouBike 2.0","opening_hours":"24/7","wheelchair":"no"},"geometry":{"type":"Point","coordinates":[121.52751,25.02102]}},{"type":"Feature","properties":{"id":"osm:node:8712737894","name":"捷運臺電大樓站(5號出口)","category":"bicycle_rental","nameEn":"MRT Taipower Building Sta. (Exit 5)","brand":"YouBike 2.0","opening_hours":"24/7"},"geometry":{"type":"Point","coordinates":[121.52771,25.02075]}},{"type":"Feature","properties":{"id":"osm:node:8712737895","name":"紀州庵","category":"bicycle_rental","nameEn":"Jizhouan Heritage Building","brand":"YouBike 2.0","opening_hours":"24/7"},"geometry":{"type":"Point","coordinates":[121.52049,25.02092]}},{"type":"Feature","properties":{"id":"osm:node:8712737896","name":"河堤國小","category":"bicycle_rental","nameEn":"Taipei Municipal Heti Elementary School","brand":"YouBike 2.0","opening_hours":"24/7"},"geometry":{"type":"Point","coordinates":[121.52289,25.02277]}},{"type":"Feature","properties":{"id":"osm:node:8712737897","name":"客家文化主題公園","category":"bicycle_rental","nameEn":"Hakka Cultural Park","brand":"YouBike 2.0","opening_hours":"24/7"},"geometry":{"type":"Point","coordinates":[121.52456,25.02069]}},{"type":"Feature","properties":{"id":"osm:node:8712737898","name":"捷運臺電大樓站(1號出口)","category":"bicycle_rental","nameEn":"MRT Taipower Building Sta. (Exit 1)","brand":"YouBike 2.0","opening_hours":"24/7","wheelchair":"no"},"geometry":{"type":"Point","coordinates":[121.529,25.0197]}},{"type":"Feature","properties":{"id":"osm:node:8712737899","name":"捷運古亭站(2號出口)","category":"bicycle_rental","nameEn":"MRT Guting Sta. (Exit 2)","brand":"YouBike 2.0","opening_hours":"24/7"},"geometry":{"type":"Point","coordinates":[121.52346,25.0255]}},{"type":"Feature","properties":{"id":"osm:node:8712737900","name":"捷運古亭站(9號出口)","category":"bicycle_rental","nameEn":"MRT Guting Sta. (Exit 9)","brand":"YouBike 2.0","opening_hours":"24/7"},"geometry":{"type":"Point","coordinates":[121.52224,25.02694]}},{"type":"Feature","properties":{"id":"osm:node:8712737901","name":"景美運動公園","category":"bicycle_rental","nameEn":"Jingmei Sports Park","brand":"YouBike 2.0","opening_hours":"24/7"},"geometry":{"type":"Point","coordinates":[121.54454,25.00219]}},{"type":"Feature","properties":{"id":"osm:node:8712737902","name":"興隆路2段203巷","category":"bicycle_rental","nameEn":"Ln. 203, Sec. 2, Xinglong Rd","brand":"YouBike 2.0","opening_hours":"24/7"},"geometry":{"type":"Point","coordinates":[121.54709,25.00346]}},{"type":"Feature","properties":{"id":"osm:node:8712737903","name":"興福國中","category":"bicycle_rental","nameEn":"Xing Fu Junior High School","brand":"YouBike 2.0","opening_hours":"24/7"},"geometry":{"type":"Point","coordinates":[121.5492,25.004695]}},{"type":"Feature","properties":{"id":"osm:node:8712737904","name":"羅斯福景隆街口","category":"bicycle_rental","nameEn":"Roosevelt Jinglong St. Intersection","brand":"YouBike 2.0","opening_hours":"24/7"},"geometry":{"type":"Point","coordinates":[121.5403,24.99898]}},{"type":"Feature","properties":{"id":"osm:node:8712737905","name":"捷運景美站(2號出口)","category":"bicycle_rental","nameEn":"MRT Jingmei Sta. (Exit 2)","brand":"YouBike 2.0","opening_hours":"24/7"},"geometry":{"type":"Point","coordinates":[121.54124,24.99366]}},{"type":"Feature","properties":{"id":"osm:node:8712737906","name":"景仁公園","category":"bicycle_rental","nameEn":"Jingren Park","brand":"YouBike 2.0","opening_hours":"24/7"},"geometry":{"type":"Point","coordinates":[121.54043,24.99621]}},{"type":"Feature","properties":{"id":"osm:node:8712737908","name":"萬和二號公園","category":"bicycle_rental","nameEn":"Wanhe 2nd Park","brand":"YouBike 2.0","opening_hours":"24/7"},"geometry":{"type":"Point","coordinates":[121.5364,25.00154]}},{"type":"Feature","properties":{"id":"osm:node:8712737909","name":"捷運萬隆站(1號出口)","category":"bicycle_rental","nameEn":"MRT Wanlong Sta. (Exit 1)","brand":"YouBike 2.0","opening_hours":"24/7"},"geometry":{"type":"Point","coordinates":[121.53916,25.00115]}},{"type":"Feature","properties":{"id":"osm:node:8712737910","name":"捷運萬隆站(4號出口)","category":"bicycle_rental","nameEn":"MRT Wanlong Sta. (Exit 4)","brand":"YouBike 2.0","opening_hours":"24/7"},"geometry":{"type":"Point","coordinates":[121.53861,25.0027]}},{"type":"Feature","properties":{"id":"osm:node:8712737911","name":"台北花木批發市場","category":"bicycle_rental","nameEn":"Taipei Pot Plant Market","brand":"YouBike 2.0","opening_hours":"24/7"},"geometry":{"type":"Point","coordinates":[121.54074,25.00402]}},{"type":"Feature","properties":{"id":"osm:node:8712737912","name":"士林3號廣場","category":"bicycle_rental","nameEn":"Shilin Plaza","brand":"YouBike 2.0","opening_hours":"24/7"},"geometry":{"type":"Point","coordinates":[121.52417,25.10459]}},{"type":"Feature","properties":{"id":"osm:node:8712737913","name":"至誠公園","category":"bicycle_rental","nameEn":"Zhicheng Park","brand":"YouBike 2.0","opening_hours":"24/7"},"geometry":{"type":"Point","coordinates":[121.53585,25.10143]}},{"type":"Feature","properties":{"id":"osm:node:8712737914","name":"捷運芝山站(1號出口)","category":"bicycle_rental","nameEn":"MRT Zhishan Sta. (Exit 1)","brand":"YouBike 2.0","opening_hours":"24/7"},"geometry":{"type":"Point","coordinates":[121.52286,25.10225]}},{"type":"Feature","properties":{"id":"osm:node:8712737915","name":"聯合醫院陽明院區","category":"bicycle_rental","nameEn":"Taipei City Hospital Yangming Branch","brand":"YouBike 2.0","opening_hours":"24/7"},"geometry":{"type":"Point","coordinates":[121.53195,25.10455]}},{"type":"Feature","properties":{"id":"osm:node:8712737916","name":"蘭雅公園","category":"bicycle_rental","nameEn":"Lanya Park","brand":"YouBike 2.0","opening_hours":"24/7"},"geometry":{"type":"Point","coordinates":[121.53039,25.10991]}},{"type":"Feature","properties":{"id":"osm:node:8712764917","name":"士林高商","category":"bicycle_rental","nameEn":"Shilin High School of Commerce","brand":"YouBike 2.0","opening_hours":"24/7"},"geometry":{"type":"Point","coordinates":[121.51702,25.09435]}},{"type":"Feature","properties":{"id":"osm:node:8712764918","name":"銘傳大學","category":"bicycle_rental","nameEn":"Ming Chuan University Taipei Campus","brand":"YouBike 2.0","opening_hours":"24/7"},"geometry":{"type":"Point","coordinates":[121.52677,25.08771]}},{"type":"Feature","properties":{"id":"osm:node:8712764919","name":"捷運士林站(2號出口)","category":"bicycle_rental","nameEn":"MRT Shilin Station (Exit 2)","brand":"YouBike 2.0","opening_hours":"24/7","wheelchair":"limited"},"geometry":{"type":"Point","coordinates":[121.52642,25.09343]}},{"type":"Feature","properties":{"id":"osm:node:8712764920","name":"福林公園","category":"bicycle_rental","nameEn":"Fulin Park","brand":"YouBike 2.0","opening_hours":"24/7"},"geometry":{"type":"Point","coordinates":[121.52833,25.09419]}},{"type":"Feature","properties":{"id":"osm:node:8712764921","name":"華聲公園","category":"bicycle_rental","nameEn":"Huasheng Park","brand":"YouBike 2.0","opening_hours":"24/7"},"geometry":{"type":"Point","coordinates":[121.5223,25.09619]}},{"type":"Feature","properties":{"id":"osm:node:8712764922","name":"臺北市立天文館","category":"bicycle_rental","nameEn":"Taipei Astronomical Museum","brand":"YouBike 2.0","opening_hours":"24/7"},"geometry":{"type":"Point","coordinates":[121.51776,25.09598]}},{"type":"Feature","properties":{"id":"osm:node:8712764923","name":"兒童新樂園","category":"bicycle_rental","nameEn":"Taipei Children's Amusement Park","brand":"YouBike 2.0","opening_hours":"24/7"},"geometry":{"type":"Point","coordinates":[121.51449,25.09631]}},{"type":"Feature","properties":{"id":"osm:node:8712764924","name":"陽明高中","category":"bicycle_rental","nameEn":"Yangming High School","brand":"YouBike 2.0","opening_hours":"24/7"},"geometry":{"type":"Point","coordinates":[121.51706,25.09164]}},{"type":"Feature","properties":{"id":"osm:node:8712764925","name":"士林運動中心","category":"bicycle_rental","nameEn":"Shihlin Sport Center","brand":"YouBike 2.0","opening_hours":"24/7"},"geometry":{"type":"Point","coordinates":[121.52154,25.08911]}},{"type":"Feature","properties":{"id":"osm:node:8712764926","name":"中山中正路口","category":"bicycle_rental","nameEn":"Sec. 5, Jhongshan N. Rd & Jhongjheng Rd Intersection","brand":"YouBike 2.0","opening_hours":"24/7"},"geometry":{"type":"Point","coordinates":[121.52753,25.09651]}},{"type":"Feature","properties":{"id":"osm:node:8712764927","name":"福林國小","category":"bicycle_rental","nameEn":"Fu-Lin Elementary School","brand":"YouBike 2.0","opening_hours":"24/7"},"geometry":{"type":"Point","coordinates":[121.53025,25.09896]}},{"type":"Feature","properties":{"id":"osm:node:8712764928","name":"志成公園","category":"bicycle_rental","nameEn":"Zhicheng Park","brand":"YouBike 2.0","opening_hours":"24/7"},"geometry":{"type":"Point","coordinates":[121.532132,25.097161]}},{"type":"Feature","properties":{"id":"osm:node:8712764929","name":"劍潭基河路口","category":"bicycle_rental","nameEn":"Jiantan Rd & Jihe Rd Intersection","brand":"YouBike 2.0","opening_hours":"24/7"},"geometry":{"type":"Point","coordinates":[121.5249,25.08403]}},{"type":"Feature","properties":{"id":"osm:node:8712764930","name":"捷運劍潭站(2號出口)","category":"bicycle_rental","nameEn":"MRT Jianta Station","brand":"YouBike 2.0","opening_hours":"24/7"},"geometry":{"type":"Point","coordinates":[121.525339,25.083891]}},{"type":"Feature","properties":{"id":"osm:node:8712764931","name":"臺灣戲曲中心","category":"bicycle_rental","nameEn":"Taiwan Traditional Theatre Center","brand":"YouBike 2.0","opening_hours":"24/7"},"geometry":{"type":"Point","coordinates":[121.51979,25.10208]}},{"type":"Feature","properties":{"id":"osm:node:8712764932","name":"捷運芝山站(2號出口)","category":"bicycle_rental","nameEn":"MRT Zhishan Station","brand":"YouBike 2.0","opening_hours":"24/7"},"geometry":{"type":"Point","coordinates":[121.52219,25.10364]}},{"type":"Feature","properties":{"id":"osm:node:8712764933","name":"百齡高中","category":"bicycle_rental","nameEn":"Bailing High School","brand":"YouBike 2.0","opening_hours":"24/7"},"geometry":{"type":"Point","coordinates":[121.52272,25.08736]}},{"type":"Feature","properties":{"id":"osm:node:8712764934","name":"前港公園(前港街)","category":"bicycle_rental","nameEn":"Qiangang Park (Qiangang St)","brand":"YouBike 2.0","opening_hours":"24/7"},"geometry":{"type":"Point","coordinates":[121.52125,25.0848]}},{"type":"Feature","properties":{"id":"osm:node:8712764935","name":"華齡街185巷口","category":"bicycle_rental","nameEn":"Ln. 185, Hualing St.","brand":"YouBike 2.0","opening_hours":"24/7"},"geometry":{"type":"Point","coordinates":[121.51985,25.08828]}},{"type":"Feature","properties":{"id":"osm:node:8712764936","name":"前港公園(福德宮)","category":"bicycle_rental","nameEn":"Qiangang Park(Fude Temple)","brand":"YouBike 2.0","opening_hours":"24/7"},"geometry":{"type":"Point","coordinates":[121.52096,25.08671]}},{"type":"Feature","properties":{"id":"osm:node:8712764937","name":"華齡公園","category":"bicycle_rental","nameEn":"Hualing Park","brand":"YouBike 2.0","opening_hours":"24/7"},"geometry":{"type":"Point","coordinates":[121.52069,25.08302]}},{"type":"Feature","properties":{"id":"osm:node:8712764938","name":"至誠路一段305巷口","category":"bicycle_rental","nameEn":"Ln. 305, Sec. 1, Zhicheng Rd. Intersection","brand":"YouBike 2.0","opening_hours":"24/7"},"geometry":{"type":"Point","coordinates":[121.53083,25.10186]}},{"type":"Feature","properties":{"id":"osm:node:8712764939","name":"芝山抽水站","category":"bicycle_rental","nameEn":"Zhishan Pumping Plant","brand":"YouBike 2.0","opening_hours":"24/7"},"geometry":{"type":"Point","coordinates":[121.52832,25.10155]}},{"type":"Feature","properties":{"id":"osm:node:8712764940","name":"忠誠公園","category":"bicycle_rental","nameEn":"Zhongcheng Park","brand":"YouBike 2.0","opening_hours":"24/7"},"geometry":{"type":"Point","coordinates":[121.52593,25.10399]}},{"type":"Feature","properties":{"id":"osm:node:8712764941","name":"雨農國小","category":"bicycle_rental","nameEn":"Yunong Elementary School","brand":"YouBike 2.0","opening_hours":"24/7"},"geometry":{"type":"Point","coordinates":[121.5295,25.1054]}},{"type":"Feature","properties":{"id":"osm:node:8712764942","name":"忠誠路一段173巷口","category":"bicycle_rental","nameEn":"No. 173, Sec. 1, Zhongcheng Rd. Intersection","brand":"YouBike 2.0","opening_hours":"24/7"},"geometry":{"type":"Point","coordinates":[121.5304,25.10813]}},{"type":"Feature","properties":{"id":"osm:node:8712764943","name":"劍潭海外青年活動中心","category":"bicycle_rental","nameEn":"Chientan Youth Activity Center","brand":"YouBike 2.0","opening_hours":"24/7"},"geometry":{"type":"Point","coordinates":[121.524185,25.080031]}},{"type":"Feature","properties":{"id":"osm:node:8712764944","name":"明勝公園","category":"bicycle_rental","nameEn":"Mingsheng Park","brand":"YouBike 2.0","opening_hours":"24/7"},"geometry":{"type":"Point","coordinates":[121.51895,25.08009]}},{"type":"Feature","properties":{"id":"osm:node:8712764945","name":"蘭興公園","category":"bicycle_rental","nameEn":"Lanxing Park","brand":"YouBike 2.0","opening_hours":"24/7"},"geometry":{"type":"Point","coordinates":[121.52589,25.11184]}},{"type":"Feature","properties":{"id":"osm:node:8712764946","name":"天母北天玉街口","category":"bicycle_rental","nameEn":"Tianmu N. Rd. & Tianyu St. Intersection","brand":"YouBike 2.0","opening_hours":"24/7"},"geometry":{"type":"Point","coordinates":[121.52652,25.12011]}},{"type":"Feature","properties":{"id":"osm:node:8712764948","name":"忠誠路二段53巷","category":"bicycle_rental","nameEn":"Ln. 53, Sec. 2, Zhongcheng Rd.","brand":"YouBike 2.0","opening_hours":"24/7"},"geometry":{"type":"Point","coordinates":[121.53244,25.11127]}},{"type":"Feature","properties":{"id":"osm:node:8712764949","name":"臺北市立大學(天母校區)","category":"bicycle_rental","nameEn":"University of Taipei (Tianmu Campus)","brand":"YouBike 2.0","opening_hours":"24/7"},"geometry":{"type":"Point","coordinates":[121.53718,25.11356]}},{"type":"Feature","properties":{"id":"osm:node:8712764950","name":"天母運動公園","category":"bicycle_rental","nameEn":"Tianmu Sports Park","brand":"YouBike 2.0","opening_hours":"24/7"},"geometry":{"type":"Point","coordinates":[121.53414,25.11633]}},{"type":"Feature","properties":{"id":"osm:node:8712764951","name":"中山天母路口","category":"bicycle_rental","nameEn":"Zhongshan & Tianmu Rd. Intersection","brand":"YouBike 2.0","opening_hours":"24/7"},"geometry":{"type":"Point","coordinates":[121.52964,25.11856]}},{"type":"Feature","properties":{"id":"osm:node:8712764952","name":"天和公園","category":"bicycle_rental","nameEn":"Tianhe Park","brand":"YouBike 2.0","opening_hours":"24/7"},"geometry":{"type":"Point","coordinates":[121.53357,25.12011]}},{"type":"Feature","properties":{"id":"osm:node:8712764953","name":"雨聲街165巷口","category":"bicycle_rental","nameEn":"Ln. 165, Yusheng St. Intersection","brand":"YouBike 2.0","opening_hours":"24/7"},"geometry":{"type":"Point","coordinates":[121.53357,25.10277]}},{"type":"Feature","properties":{"id":"osm:node:8712764954","name":"百齡國小","category":"bicycle_rental","nameEn":"Bailing Elementary School","brand":"YouBike 2.0","opening_hours":"24/7"},"geometry":{"type":"Point","coordinates":[121.51918,25.08521]}},{"type":"Feature","properties":{"id":"osm:node:8712764955","name":"福港街停車場","category":"bicycle_rental","nameEn":"Fugang St. Parking Lot","brand":"YouBike 2.0","opening_hours":"24/7"},"geometry":{"type":"Point","coordinates":[121.51901,25.08695]}},{"type":"Feature","properties":{"id":"osm:node:8712764956","name":"通河東街大南路口","category":"bicycle_rental","nameEn":"Tonghe E. St. & Danan Rd. Intersection","brand":"YouBike 2.0","opening_hours":"24/7"},"geometry":{"type":"Point","coordinates":[121.51542,25.08914]}},{"type":"Feature","properties":{"id":"osm:node:8712764957","name":"劍潭抽水站","category":"bicycle_rental","nameEn":"Jiantan Pumping Station","brand":"YouBike 2.0","opening_hours":"24/7"},"geometry":{"type":"Point","coordinates":[121.51784,25.08128]}},{"type":"Feature","properties":{"id":"osm:node:8712764958","name":"愛國金山路口","category":"bicycle_rental","nameEn":"Aiguo & Jinshan Rd. Intersection","brand":"YouBike 2.0","opening_hours":"24/7"},"geometry":{"type":"Point","coordinates":[121.52661,25.03164]}},{"type":"Feature","properties":{"id":"osm:node:8712764959","name":"金杭公園","category":"bicycle_rental","nameEn":"Jinhang Park","brand":"YouBike 2.0","opening_hours":"24/7"},"geometry":{"type":"Point","coordinates":[121.52436,25.03325]}},{"type":"Feature","properties":{"id":"osm:node:8712764960","name":"金甌女中","category":"bicycle_rental","nameEn":"Jin'ou Girls High School","brand":"YouBike 2.0","opening_hours":"24/7"},"geometry":{"type":"Point","coordinates":[121.5245,25.03519]}},{"type":"Feature","properties":{"id":"osm:node:8712764961","name":"捷運東門站(3號出口)","category":"bicycle_rental","nameEn":"MRT Dongmen Sta. (Exit 3)","brand":"YouBike 2.0","opening_hours":"24/7"},"geometry":{"type":"Point","coordinates":[121.52815,25.03383]}},{"type":"Feature","properties":{"id":"osm:node:8712764962","name":"金華公園","category":"bicycle_rental","nameEn":"Jinhua Park","brand":"YouBike 2.0","opening_hours":"24/7"},"geometry":{"type":"Point","coordinates":[121.53107,25.02984]}},{"type":"Feature","properties":{"id":"osm:node:8712764963","name":"建國和平路口西北側","category":"bicycle_rental","nameEn":"Sec. 2, Jianguo S. Rd & Sec. 2, Heping E. Rd Intersection","brand":"YouBike 2.0","opening_hours":"24/7"},"geometry":{"type":"Point","coordinates":[121.53738,25.02606]}},{"type":"Feature","properties":{"id":"osm:node:8712764964","name":"新生和平路口東北側","category":"bicycle_rental","nameEn":"Sec. 2, Xinsheng S. Rd & Sec. 2, Heping E. Rd Intersection","brand":"YouBike 2.0","opening_hours":"24/7"},"geometry":{"type":"Point","coordinates":[121.53515,25.02657]}},{"type":"Feature","properties":{"id":"osm:node:8712764965","name":"臺北市立圖書館(總館)","category":"bicycle_rental","nameEn":"Taipei Public library","brand":"YouBike 2.0","opening_hours":"24/7"},"geometry":{"type":"Point","coordinates":[121.5379,25.02895]}},{"type":"Feature","properties":{"id":"osm:node:8712764966","name":"捷運古亭站(5號出口)","category":"bicycle_rental","nameEn":"MRT Guting Sta. (Exit 5)","brand":"YouBike 2.0","opening_hours":"24/7"},"geometry":{"type":"Point","coordinates":[121.52293,25.02715]}},{"type":"Feature","properties":{"id":"osm:node:8712764967","name":"捷運古亭站(6號出口)","category":"bicycle_rental","nameEn":"MRT Guting Sta. (Exit 6)","brand":"YouBike 2.0","opening_hours":"24/7"},"geometry":{"type":"Point","coordinates":[121.52217,25.0276]}},{"type":"Feature","properties":{"id":"osm:node:8712764968","name":"臺灣師範大學(圖書館)","category":"bicycle_rental","nameEn":"National Taiwan Normal University (library)","brand":"YouBike 2.0","opening_hours":"24/7"},"geometry":{"type":"Point","coordinates":[121.52973,25.0266]}},{"type":"Feature","properties":{"id":"osm:node:8712764969","name":"和平泰順街口","category":"bicycle_rental","nameEn":"Sec. 1, Heping E. Rd & Taishun St Intersection","brand":"YouBike 2.0","opening_hours":"24/7"},"geometry":{"type":"Point","coordinates":[121.53171,25.02621]}},{"type":"Feature","properties":{"id":"osm:node:8712764970","name":"捷運臺電大樓站(2號出口)","category":"bicycle_rental","nameEn":"MRT Taipower Building Sta. (Exit 2)","brand":"YouBike 2.0","opening_hours":"24/7","wheelchair":"no"},"geometry":{"type":"Point","coordinates":[121.52942,25.02021]}},{"type":"Feature","properties":{"id":"osm:node:8712764971","name":"法治公園","category":"bicycle_rental","nameEn":"Fazhi Park","brand":"YouBike 2.0","opening_hours":"24/7"},"geometry":{"type":"Point","coordinates":[121.55325,25.02694]}},{"type":"Feature","properties":{"id":"osm:node:8712764972","name":"喬治工商","category":"bicycle_rental","nameEn":"George Vocational High School of Taipei","brand":"YouBike 2.0","opening_hours":"24/7"},"geometry":{"type":"Point","coordinates":[121.55551,25.02705]}},{"type":"Feature","properties":{"id":"osm:node:8712764973","name":"捷運六張犁站","category":"bicycle_rental","nameEn":"MRT Liuzhangli Sta.","brand":"YouBike 2.0","opening_hours":"24/7"},"geometry":{"type":"Point","coordinates":[121.55266,25.02397]}},{"type":"Feature","properties":{"id":"osm:node:8712764974","name":"捷運麟光站(2號出口)","category":"bicycle_rental","nameEn":"MRT Linguang Sta. (Exit 2)","brand":"YouBike 2.0","opening_hours":"24/7"},"geometry":{"type":"Point","coordinates":[121.55929,25.0181]}},{"type":"Feature","properties":{"id":"osm:node:8712764975","name":"嘉興公園","category":"bicycle_rental","nameEn":"Jiaxing Park","brand":"YouBike 2.0","opening_hours":"24/7"},"geometry":{"type":"Point","coordinates":[121.55211,25.021]}},{"type":"Feature","properties":{"id":"osm:node:8712764976","name":"臥龍公園","category":"bicycle_rental","nameEn":"Wolong Park","brand":"YouBike 2.0","opening_hours":"24/7"},"geometry":{"type":"Point","coordinates":[121.55037,25.01623]}},{"type":"Feature","properties":{"id":"osm:node:8712764977","name":"臥龍樂業街口","category":"bicycle_rental","nameEn":"Wolong Leye St. Intersection","brand":"YouBike 2.0","opening_hours":"24/7"},"geometry":{"type":"Point","coordinates":[121.55558,25.01856]}},{"type":"Feature","properties":{"id":"osm:node:8712764979","name":"臺北市芳和實驗中學","category":"bicycle_rental","nameEn":"Taipei City FangHe Experimental High School","brand":"YouBike 2.0","opening_hours":"24/7"},"geometry":{"type":"Point","coordinates":[121.55013,25.0189]}},{"type":"Feature","properties":{"id":"osm:node:8738776271","name":"社子公園","category":"bicycle_rental","nameEn":"Shezi Park","brand":"YouBike 2.0","opening_hours":"24/7"},"geometry":{"type":"Point","coordinates":[121.50622,25.0902]}},{"type":"Feature","properties":{"id":"osm:node:8738776272","name":"社正公園","category":"bicycle_rental","nameEn":"Shezheng Park","brand":"YouBike 2.0","opening_hours":"24/7"},"geometry":{"type":"Point","coordinates":[121.51054,25.08824]}},{"type":"Feature","properties":{"id":"osm:node:8738776273","name":"葫蘆國小","category":"bicycle_rental","nameEn":"Hulu Elementary School","brand":"YouBike 2.0","opening_hours":"24/7"},"geometry":{"type":"Point","coordinates":[121.5075,25.08254]}},{"type":"Feature","properties":{"id":"osm:node:8738776274","name":"重慶北葫東街口","category":"bicycle_rental","nameEn":"Sec. 4, Chongqing N. Rd.& Hudong St Intersection","brand":"YouBike 2.0","opening_hours":"24/7"},"geometry":{"type":"Point","coordinates":[121.51169,25.08393]}},{"type":"Feature","properties":{"id":"osm:node:8738776275","name":"延平北中正路口","category":"bicycle_rental","nameEn":"Yanping N. Rd & Zhongzheng Rd Intersection","brand":"YouBike 2.0","opening_hours":"24/7"},"geometry":{"type":"Point","coordinates":[121.50948,25.08678]}},{"type":"Feature","properties":{"id":"osm:node:8738776276","name":"延平國宅","category":"bicycle_rental","nameEn":"Yanping Public Housing","brand":"YouBike 2.0","opening_hours":"24/7"},"geometry":{"type":"Point","coordinates":[121.51121,25.07894]}},{"type":"Feature","properties":{"id":"osm:node:8742657794","name":"青年公園籃球場","category":"bicycle_rental","nameEn":"Youth Park Basketball Courts","brand":"YouBike 2.0","opening_hours":"24/7"},"geometry":{"type":"Point","coordinates":[121.50539,25.02085]}},{"type":"Feature","properties":{"id":"osm:node:8742657795","name":"國興青年路口","category":"bicycle_rental","nameEn":"Guoxing Rd & Qingnian Rd Intersection","brand":"YouBike 2.0","opening_hours":"24/7"},"geometry":{"type":"Point","coordinates":[121.50651,25.02594]}},{"type":"Feature","properties":{"id":"osm:node:8742657796","name":"青年公園高爾夫球場","category":"bicycle_rental","nameEn":"Youth Park Golf Driving Range","brand":"YouBike 2.0","opening_hours":"24/7"},"geometry":{"type":"Point","coordinates":[121.50755,25.02481]}},{"type":"Feature","properties":{"id":"osm:node:8742657797","name":"古亭國中","category":"bicycle_rental","nameEn":"Guting Junior High School","brand":"YouBike 2.0","opening_hours":"24/7"},"geometry":{"type":"Point","coordinates":[121.5107,25.02442]}},{"type":"Feature","properties":{"id":"osm:node:8742657798","name":"國興中華路口","category":"bicycle_rental","nameEn":"Guoxing Rd & Sec. 2, Zhonghua Rd Intersection","brand":"YouBike 2.0","opening_hours":"24/7"},"geometry":{"type":"Point","coordinates":[121.50898,25.02485]}},{"type":"Feature","properties":{"id":"osm:node:8742657799","name":"中華路二段409巷口","category":"bicycle_rental","nameEn":"Ln. 409, Sec. 2, Zhonghua Rd","brand":"YouBike 2.0","opening_hours":"24/7"},"geometry":{"type":"Point","coordinates":[121.50806,25.02598]}},{"type":"Feature","properties":{"id":"osm:node:8742657800","name":"永昌公園","category":"bicycle_rental","nameEn":"Yongchang Park","brand":"YouBike 2.0","opening_hours":"24/7"},"geometry":{"type":"Point","coordinates":[121.50936,25.02643]}},{"type":"Feature","properties":{"id":"osm:node:8742657801","name":"古亭智慧圖書館","category":"bicycle_rental","nameEn":"Guting Intelligent Library","brand":"YouBike 2.0","opening_hours":"24/7"},"geometry":{"type":"Point","coordinates":[121.51052,25.02543]}},{"type":"Feature","properties":{"id":"osm:node:8742657802","name":"泰北高中","category":"bicycle_rental","nameEn":"Taibei High School","brand":"YouBike 2.0","opening_hours":"24/7"},"geometry":{"type":"Point","coordinates":[121.53402,25.09763]}},{"type":"Feature","properties":{"id":"osm:node:8742657803","name":"忠誠路一段138號","category":"bicycle_rental","nameEn":"No. 138, Sec. 1, Zhongcheng Rd","brand":"YouBike 2.0","opening_hours":"24/7"},"geometry":{"type":"Point","coordinates":[121.52944,25.10641]}},{"type":"Feature","properties":{"id":"osm:node:8742657804","name":"社中街384巷口","category":"bicycle_rental","nameEn":"Ln. 384, Shezhong St Intersection","brand":"YouBike 2.0","opening_hours":"24/7"},"geometry":{"type":"Point","coordinates":[121.50376,25.09346]}},{"type":"Feature","properties":{"id":"osm:node:8742657805","name":"社子國小","category":"bicycle_rental","nameEn":"Shezi Elementary School","brand":"YouBike 2.0","opening_hours":"24/7"},"geometry":{"type":"Point","coordinates":[121.502922,25.091858]}},{"type":"Feature","properties":{"id":"osm:node:8742657806","name":"敦化基隆路口","category":"bicycle_rental","nameEn":"Sec. 2, Dunhua S. Rd & Sec. 2, Keelung Rd Intersection","brand":"YouBike 2.0","opening_hours":"24/7"},"geometry":{"type":"Point","coordinates":[121.54839,25.02215]}},{"type":"Feature","properties":{"id":"osm:node:8742657807","name":"敦化南路二段293巷口南側","category":"bicycle_rental","nameEn":"Ln. 293, Sec. 2, Dunhua S. Rd (South)","brand":"YouBike 2.0","opening_hours":"24/7","wheelchair":"limited"},"geometry":{"type":"Point","coordinates":[121.54899,25.0237]}},{"type":"Feature","properties":{"id":"osm:node:8742657808","name":"和平龍泉街口","category":"bicycle_rental","nameEn":"Sec. 1, Heping E. Rd & Longquan St. Intersection","brand":"YouBike 2.0","opening_hours":"24/7"},"geometry":{"type":"Point","coordinates":[121.529716,25.026377]}},{"type":"Feature","properties":{"id":"osm:node:8755153188","name":"嘉興街175巷口","category":"bicycle_rental","nameEn":"Ln. 175, Jiaxing St Intersection.","brand":"YouBike 2.0","opening_hours":"24/7"},"geometry":{"type":"Point","coordinates":[121.55671,25.02811]}},{"type":"Feature","properties":{"id":"osm:node:8755153189","name":"港華五號公園","category":"bicycle_rental","nameEn":"Ganghua 2nd Park","brand":"YouBike 2.0","opening_hours":"24/7"},"geometry":{"type":"Point","coordinates":[121.57462,25.08522]}},{"type":"Feature","properties":{"id":"osm:node:8755153190","name":"臨江街夜市(通化街101巷口)","category":"bicycle_rental","nameEn":"Linjiang St night market (Ln. 101, Tonghua St)","brand":"YouBike 2.0","opening_hours":"24/7"},"geometry":{"type":"Point","coordinates":[121.55406,25.02952]}},{"type":"Feature","properties":{"id":"osm:node:8889580821","name":"華江八號公園","category":"bicycle_rental","nameEn":"Huajiang No.8 Park","brand":"YouBike 2.0","opening_hours":"24/7"},"geometry":{"type":"Point","coordinates":[121.49293,25.03388]}},{"type":"Feature","properties":{"id":"osm:node:8889580822","name":"西園艋舺路口","category":"bicycle_rental","nameEn":"Sec. 2, Xiyuan Rd & Bangka Blvd Intersection","brand":"YouBike 2.0","opening_hours":"24/7"},"geometry":{"type":"Point","coordinates":[121.49757,25.03267]}},{"type":"Feature","properties":{"id":"osm:node:8889580823","name":"華江高中","category":"bicycle_rental","nameEn":"Hua Jiang Senior High School","brand":"YouBike 2.0","opening_hours":"24/7"},"geometry":{"type":"Point","coordinates":[121.49619,25.02744]}},{"type":"Feature","properties":{"id":"osm:node:8889580825","name":"莒光郵局","category":"bicycle_rental","nameEn":"Taipei Juguang Post Office","brand":"YouBike 2.0","opening_hours":"24/7"},"geometry":{"type":"Point","coordinates":[121.50122,25.03124]}},{"type":"Feature","properties":{"id":"osm:node:8889580826","name":"新和國小","category":"bicycle_rental","nameEn":"Xinhe Elementary School","brand":"YouBike 2.0","opening_hours":"24/7"},"geometry":{"type":"Point","coordinates":[121.50255,25.02582]}},{"type":"Feature","properties":{"id":"osm:node:8889580827","name":"德昌寶興街口(西北角)","category":"bicycle_rental","nameEn":"Dechang St & Baoxing St Intersection (Northwest)","brand":"YouBike 2.0","opening_hours":"24/7"},"geometry":{"type":"Point","coordinates":[121.49528,25.02365]}},{"type":"Feature","properties":{"id":"osm:node:8889580828","name":"春光公園","category":"bicycle_rental","nameEn":"Chunguang Park","brand":"YouBike 2.0","opening_hours":"24/7","wheelchair":"yes"},"geometry":{"type":"Point","coordinates":[121.58112,25.0427]}},{"type":"Feature","properties":{"id":"osm:node:8889580829","name":"捷運台北101/世貿站(5號出口)","category":"bicycle_rental","nameEn":"MRT Taipei 101/World Trade Center Sta. (Exit 5)","brand":"YouBike 2.0","opening_hours":"24/7"},"geometry":{"type":"Point","coordinates":[121.56333,25.03338]}},{"type":"Feature","properties":{"id":"osm:node:8889580830","name":"市府松高路口","category":"bicycle_rental","nameEn":"Shifu Rd & Songgao Rd Intersection","brand":"YouBike 2.0","opening_hours":"24/7"},"geometry":{"type":"Point","coordinates":[121.56369,25.03899]}},{"type":"Feature","properties":{"id":"osm:node:8889580831","name":"市府松壽路口","category":"bicycle_rental","nameEn":"Shifu Rd & Songshou Rd Intersection","brand":"YouBike 2.0","opening_hours":"24/7"},"geometry":{"type":"Point","coordinates":[121.56383,25.03627]}},{"type":"Feature","properties":{"id":"osm:node:8889580832","name":"松智松壽路口","category":"bicycle_rental","nameEn":"Songzhi Rd & Songshou Rd Intersection","brand":"YouBike 2.0","opening_hours":"24/7"},"geometry":{"type":"Point","coordinates":[121.56535,25.03607]}},{"type":"Feature","properties":{"id":"osm:node:8889580833","name":"臺北市政府","category":"bicycle_rental","nameEn":"Taipei City Hall","brand":"YouBike 2.0","opening_hours":"24/7"},"geometry":{"type":"Point","coordinates":[121.565379,25.038387]}},{"type":"Feature","properties":{"id":"osm:node:8889580834","name":"永春陂濕地公園","category":"bicycle_rental","nameEn":"Yong Chun Pi Wetland Park","brand":"YouBike 2.0","opening_hours":"24/7"},"geometry":{"type":"Point","coordinates":[121.58096,25.03301]}},{"type":"Feature","properties":{"id":"osm:node:8889580835","name":"松山家商","category":"bicycle_rental","nameEn":"Songshan High School of Commerce and Home Economics","brand":"YouBike 2.0","opening_hours":"24/7"},"geometry":{"type":"Point","coordinates":[121.58018,25.0347]}},{"type":"Feature","properties":{"id":"osm:node:8889580836","name":"林口公園","category":"bicycle_rental","nameEn":"Linkou Park","brand":"YouBike 2.0","opening_hours":"24/7","wheelchair":"yes"},"geometry":{"type":"Point","coordinates":[121.57915,25.03894]}},{"type":"Feature","properties":{"id":"osm:node:8889580837","name":"松友公園","category":"bicycle_rental","nameEn":"Songyou Park","brand":"YouBike 2.0","opening_hours":"24/7"},"geometry":{"type":"Point","coordinates":[121.57636,25.03423]}},{"type":"Feature","properties":{"id":"osm:node:8889580838","name":"松山工農","category":"bicycle_rental","nameEn":"Songshan High School of Agriculture and Industry","brand":"YouBike 2.0","opening_hours":"24/7"},"geometry":{"type":"Point","coordinates":[121.57199,25.03961]}},{"type":"Feature","properties":{"id":"osm:node:8889580839","name":"仁愛路四段496巷口","category":"bicycle_rental","nameEn":"Ln. 496, Sec. 4, Ren'ai Rd Intersection","brand":"YouBike 2.0","opening_hours":"24/7"},"geometry":{"type":"Point","coordinates":[121.5602,25.03745]}},{"type":"Feature","properties":{"id":"osm:node:8889580840","name":"三張犁","category":"bicycle_rental","nameEn":"Sanzhangli","brand":"YouBike 2.0","opening_hours":"24/7"},"geometry":{"type":"Point","coordinates":[121.5576,25.03452]}},{"type":"Feature","properties":{"id":"osm:node:8889580841","name":"景新公園","category":"bicycle_rental","nameEn":"Jingxin Park","brand":"YouBike 2.0","opening_hours":"24/7"},"geometry":{"type":"Point","coordinates":[121.56287,25.03003]}},{"type":"Feature","properties":{"id":"osm:node:8889580842","name":"信義運動中心","category":"bicycle_rental","nameEn":"Taipei Xinyi Sports Center","brand":"YouBike 2.0","opening_hours":"24/7"},"geometry":{"type":"Point","coordinates":[121.56678,25.03189]}},{"type":"Feature","properties":{"id":"osm:node:8889580843","name":"中全公園","category":"bicycle_rental","nameEn":"Zhongquan Park","brand":"YouBike 2.0","opening_hours":"24/7"},"geometry":{"type":"Point","coordinates":[121.57495,25.0382]}},{"type":"Feature","properties":{"id":"osm:node:8889580844","name":"松德路200巷","category":"bicycle_rental","nameEn":"Ln. 200, Songde Rd","brand":"YouBike 2.0","opening_hours":"24/7","wheelchair":"yes"},"geometry":{"type":"Point","coordinates":[121.57301,25.03471]}},{"type":"Feature","properties":{"id":"osm:node:8889580845","name":"捷運象山站(1號出口)","category":"bicycle_rental","nameEn":"MRT Xiangshan Sta. (Exit 1)","brand":"YouBike 2.0","opening_hours":"24/7"},"geometry":{"type":"Point","coordinates":[121.56867,25.03295]}},{"type":"Feature","properties":{"id":"osm:node:8889580846","name":"捷運象山站(2號出口)","category":"bicycle_rental","nameEn":"MRT Xiangshan Sta. (Exit 2)","brand":"YouBike 2.0","opening_hours":"24/7"},"geometry":{"type":"Point","coordinates":[121.56974,25.03222]}},{"type":"Feature","properties":{"id":"osm:node:8889580847","name":"松德站","category":"bicycle_rental","nameEn":"Songde Sta.","brand":"YouBike 2.0","opening_hours":"24/7"},"geometry":{"type":"Point","coordinates":[121.57396,25.03162]}},{"type":"Feature","properties":{"id":"osm:node:8889580848","name":"三興公園","category":"bicycle_rental","nameEn":"Sanxing Park","brand":"YouBike 2.0","opening_hours":"24/7"},"geometry":{"type":"Point","coordinates":[121.55932,25.02868]}},{"type":"Feature","properties":{"id":"osm:node:8889580849","name":"臺北醫學大學","category":"bicycle_rental","nameEn":"Taipei Medical University","brand":"YouBike 2.0","opening_hours":"24/7"},"geometry":{"type":"Point","coordinates":[121.56175,25.02668]}},{"type":"Feature","properties":{"id":"osm:node:8889580850","name":"景勤二號公園","category":"bicycle_rental","nameEn":"Jingqin No. 2 Park","brand":"YouBike 2.0","opening_hours":"24/7"},"geometry":{"type":"Point","coordinates":[121.55841,25.02698]}},{"type":"Feature","properties":{"id":"osm:node:8889580851","name":"和平東路三段530巷口","category":"bicycle_rental","nameEn":"Ln. 530, Sec. 3, Heping E. Rd Intersection","brand":"YouBike 2.0","opening_hours":"24/7"},"geometry":{"type":"Point","coordinates":[121.56134,25.01545]}},{"type":"Feature","properties":{"id":"osm:node:8889580852","name":"和平東路三段631巷口","category":"bicycle_rental","nameEn":"Ln. 631, Sec. 3, Heping E. Rd Intersection","brand":"YouBike 2.0","opening_hours":"24/7"},"geometry":{"type":"Point","coordinates":[121.56335,25.0132]}},{"type":"Feature","properties":{"id":"osm:node:8889580853","name":"中正高中","category":"bicycle_rental","nameEn":"Zhongzheng Senior High School","brand":"YouBike 2.0","opening_hours":"24/7"},"geometry":{"type":"Point","coordinates":[121.51654,25.10467]}},{"type":"Feature","properties":{"id":"osm:node:8889580854","name":"湖光國宅","category":"bicycle_rental","nameEn":"Hu Guang Public House","brand":"YouBike 2.0","opening_hours":"24/7"},"geometry":{"type":"Point","coordinates":[121.58079,25.07538]}},{"type":"Feature","properties":{"id":"osm:node:8889580855","name":"瑞陽公園","category":"bicycle_rental","nameEn":"Ruiyang Park","brand":"YouBike 2.0","opening_hours":"24/7"},"geometry":{"type":"Point","coordinates":[121.57961,25.07777]}},{"type":"Feature","properties":{"id":"osm:node:8889580856","name":"文德二號公園(南側)","category":"bicycle_rental","nameEn":"Wende No.2 Park (South)","brand":"YouBike 2.0","opening_hours":"24/7"},"geometry":{"type":"Point","coordinates":[121.58375,25.07504]}},{"type":"Feature","properties":{"id":"osm:node:8889580857","name":"捷運文德站(2號出口)","category":"bicycle_rental","nameEn":"MRT Wende Sta. (Exit 2)","brand":"YouBike 2.0","opening_hours":"24/7"},"geometry":{"type":"Point","coordinates":[121.58464,25.07842]}},{"type":"Feature","properties":{"id":"osm:node:8889580858","name":"金瑞公園","category":"bicycle_rental","nameEn":"Jinrui Park","brand":"YouBike 2.0","opening_hours":"24/7"},"geometry":{"type":"Point","coordinates":[121.587916,25.087906]}},{"type":"Feature","properties":{"id":"osm:node:8889580859","name":"碧山公園","category":"bicycle_rental","nameEn":"Bishan Park","brand":"YouBike 2.0","opening_hours":"24/7"},"geometry":{"type":"Point","coordinates":[121.59227,25.0878]}},{"type":"Feature","properties":{"id":"osm:node:8889580860","name":"環山路二段26巷口","category":"bicycle_rental","nameEn":"Ln. 26, Sec. 2, Huanshan Rd Intersection","brand":"YouBike 2.0","opening_hours":"24/7"},"geometry":{"type":"Point","coordinates":[121.572,25.08598]}},{"type":"Feature","properties":{"id":"osm:node:8889580861","name":"港都公園","category":"bicycle_rental","nameEn":"Gangdu Park","brand":"YouBike 2.0","opening_hours":"24/7"},"geometry":{"type":"Point","coordinates":[121.5752,25.08296]}},{"type":"Feature","properties":{"id":"osm:node:8889580862","name":"洲子二號公園","category":"bicycle_rental","nameEn":"Zhouzi No. 2 Park","brand":"YouBike 2.0","opening_hours":"24/7"},"geometry":{"type":"Point","coordinates":[121.56869,25.07932]}},{"type":"Feature","properties":{"id":"osm:node:8889580863","name":"捷運西湖站(2號出口)","category":"bicycle_rental","nameEn":"MRT Xihu Sta. (Exit 2)","brand":"YouBike 2.0","opening_hours":"24/7"},"geometry":{"type":"Point","coordinates":[121.56716,25.08205]}},{"type":"Feature","properties":{"id":"osm:node:8889580864","name":"捷運西湖站(1號出口)","category":"bicycle_rental","nameEn":"MRT Xihu Sta. (Exit 1)","brand":"YouBike 2.0","opening_hours":"24/7"},"geometry":{"type":"Point","coordinates":[121.56638,25.08301]}},{"type":"Feature","properties":{"id":"osm:node:8889580865","name":"星雲街47號","category":"bicycle_rental","nameEn":"No. 47, Xingyun St","brand":"YouBike 2.0","opening_hours":"24/7"},"geometry":{"type":"Point","coordinates":[121.59177,25.07864]}},{"type":"Feature","properties":{"id":"osm:node:8889580866","name":"康寧星雲街口","category":"bicycle_rental","nameEn":"Kangning Rd & Xingyun St Intersection","brand":"YouBike 2.0","opening_hours":"24/7"},"geometry":{"type":"Point","coordinates":[121.59336,25.07958]}},{"type":"Feature","properties":{"id":"osm:node:8889580867","name":"文德三號公園(江南街71巷16弄)","category":"bicycle_rental","nameEn":"Wende No. 3 Park","brand":"YouBike 2.0","opening_hours":"24/7"},"geometry":{"type":"Point","coordinates":[121.5772,25.07524]}},{"type":"Feature","properties":{"id":"osm:node:8889580868","name":"瑞光計程車服務站","category":"bicycle_rental","nameEn":"Ruiguangjichengchefuwu Sta","brand":"YouBike 2.0","opening_hours":"24/7"},"geometry":{"type":"Point","coordinates":[121.57389,25.0745]}},{"type":"Feature","properties":{"id":"osm:node:8889580869","name":"東湖路113巷95弄","category":"bicycle_rental","nameEn":"Aly. 95, Ln. 113, Donghu Rd","brand":"YouBike 2.0","opening_hours":"24/7"},"geometry":{"type":"Point","coordinates":[121.61491,25.07177]}},{"type":"Feature","properties":{"id":"osm:node:8889580870","name":"安湖三號公園","category":"bicycle_rental","nameEn":"Anhu No.3 Park","brand":"YouBike 2.0","opening_hours":"24/7"},"geometry":{"type":"Point","coordinates":[121.61593,25.07021]}},{"type":"Feature","properties":{"id":"osm:node:8889580871","name":"大湖國小","category":"bicycle_rental","nameEn":"Dahu Elementary School","brand":"YouBike 2.0","opening_hours":"24/7"},"geometry":{"type":"Point","coordinates":[121.59958,25.08803]}},{"type":"Feature","properties":{"id":"osm:node:8889580872","name":"麗山高中","category":"bicycle_rental","nameEn":"Lishan Senior High School","brand":"YouBike 2.0","opening_hours":"24/7"},"geometry":{"type":"Point","coordinates":[121.57725,25.08398]}},{"type":"Feature","properties":{"id":"osm:node:8889580873","name":"麗山國小","category":"bicycle_rental","nameEn":"Lishan Elementary School","brand":"YouBike 2.0","opening_hours":"24/7"},"geometry":{"type":"Point","coordinates":[121.571598,25.082624]}},{"type":"Feature","properties":{"id":"osm:node:8889580874","name":"德明財經科技大學","category":"bicycle_rental","nameEn":"Takming University of Science and Technology","brand":"YouBike 2.0","opening_hours":"24/7"},"geometry":{"type":"Point","coordinates":[121.56574,25.08637]}},{"type":"Feature","properties":{"id":"osm:node:8889580875","name":"文湖街81巷10號西側","category":"bicycle_rental","nameEn":"No. 10, Ln. 81, Wenhu St","brand":"YouBike 2.0","opening_hours":"24/7"},"geometry":{"type":"Point","coordinates":[121.5641,25.08697]}},{"type":"Feature","properties":{"id":"osm:node:8889580876","name":"捷運臺大醫院站(4號出口)","category":"bicycle_rental","nameEn":"MRT NTU Hospital Sta. (Exit 4)","brand":"YouBike 2.0","opening_hours":"24/7"},"geometry":{"type":"Point","coordinates":[121.51643,25.04297]}},{"type":"Feature","properties":{"id":"osm:node:8889580877","name":"中華路一段21巷口","category":"bicycle_rental","nameEn":"Ln. 21, Sec. 1, Zhonghua Rd Intersection","brand":"YouBike 2.0","opening_hours":"24/7"},"geometry":{"type":"Point","coordinates":[121.50989,25.04677]}},{"type":"Feature","properties":{"id":"osm:node:8889580878","name":"中華漢口街口","category":"bicycle_rental","nameEn":"Sec. 1, Zhonghua Rd & Hankou St Intersection","brand":"YouBike 2.0","opening_hours":"24/7"},"geometry":{"type":"Point","coordinates":[121.509601,25.045376]}},{"type":"Feature","properties":{"id":"osm:node:8889580879","name":"中山堂","category":"bicycle_rental","nameEn":"Zhongshan Hall","brand":"YouBike 2.0","opening_hours":"24/7"},"geometry":{"type":"Point","coordinates":[121.51025,25.04412]}},{"type":"Feature","properties":{"id":"osm:node:8889580880","name":"市民金山路口","category":"bicycle_rental","nameEn":"Civic Blvd & Jinshan N. Rd Intersection","brand":"YouBike 2.0","opening_hours":"24/7"},"geometry":{"type":"Point","coordinates":[121.53068,25.0459]}},{"type":"Feature","properties":{"id":"osm:node:8889580881","name":"國家圖書館","category":"bicycle_rental","nameEn":"National Central Library","brand":"YouBike 2.0","opening_hours":"24/7"},"geometry":{"type":"Point","coordinates":[121.51709,25.03763]}},{"type":"Feature","properties":{"id":"osm:node:8889580882","name":"臺北市立大學(博愛校區)","category":"bicycle_rental","nameEn":"University of Taipei Boai Campus","brand":"YouBike 2.0","opening_hours":"24/7"},"geometry":{"type":"Point","coordinates":[121.51327,25.03545]}},{"type":"Feature","properties":{"id":"osm:node:8889580883","name":"寶慶博愛路口","category":"bicycle_rental","nameEn":"Baoqing Rd & Bo'ai Rd Intersection","brand":"YouBike 2.0","opening_hours":"24/7"},"geometry":{"type":"Point","coordinates":[121.5112,25.04129]}},{"type":"Feature","properties":{"id":"osm:node:8889580884","name":"捷運西門站(2號出口)","category":"bicycle_rental","nameEn":"MRT Ximen Sta (Exit 2)","brand":"YouBike 2.0","opening_hours":"24/7"},"geometry":{"type":"Point","coordinates":[121.50842,25.0416]}},{"type":"Feature","properties":{"id":"osm:node:8889580885","name":"延平南路133巷口","category":"bicycle_rental","nameEn":"Ln. 133, Yanping S. Rd Intersection","brand":"YouBike 2.0","opening_hours":"24/7"},"geometry":{"type":"Point","coordinates":[121.50846,25.03792]}},{"type":"Feature","properties":{"id":"osm:node:8889580886","name":"捷運小南門站(1號出口)","category":"bicycle_rental","nameEn":"MRT Xiaonanmen Sta. (Exit 1)","brand":"YouBike 2.0","opening_hours":"24/7"},"geometry":{"type":"Point","coordinates":[121.50951,25.03648]}},{"type":"Feature","properties":{"id":"osm:node:8889580887","name":"捷運善導寺站(3號出口)","category":"bicycle_rental","nameEn":"MRT Shandao Temple Sta (Exit 3)","brand":"YouBike 2.0","opening_hours":"24/7"},"geometry":{"type":"Point","coordinates":[121.52336,25.04428]}},{"type":"Feature","properties":{"id":"osm:node:8889580888","name":"信義杭州路口","category":"bicycle_rental","nameEn":"Sec 1, Xinyi Rd & Hangzhou S. Rd Intersection","brand":"YouBike 2.0","opening_hours":"24/7"},"geometry":{"type":"Point","coordinates":[121.523858,25.035864]}},{"type":"Feature","properties":{"id":"osm:node:8889580889","name":"中正運動中心","category":"bicycle_rental","nameEn":"Zhongzheng Sports Center","brand":"YouBike 2.0","opening_hours":"24/7"},"geometry":{"type":"Point","coordinates":[121.51985,25.03786]}},{"type":"Feature","properties":{"id":"osm:node:8889580890","name":"林森仁愛路口","category":"bicycle_rental","nameEn":"Linsen S. Rd & Sec 1, Ren'ai Rd Intersection","brand":"YouBike 2.0","opening_hours":"24/7"},"geometry":{"type":"Point","coordinates":[121.52163,25.03915]}},{"type":"Feature","properties":{"id":"osm:node:8889580891","name":"濟南紹興路口","category":"bicycle_rental","nameEn":"Jinan Rd & Shaoxing S. St Intersection","brand":"YouBike 2.0","opening_hours":"24/7"},"geometry":{"type":"Point","coordinates":[121.52459,25.04193]}},{"type":"Feature","properties":{"id":"osm:node:8889580892","name":"捷運善導寺站(1號出口)","category":"bicycle_rental","nameEn":"MRT Shandao Temple Sta (Exit 1)","brand":"YouBike 2.0","opening_hours":"24/7"},"geometry":{"type":"Point","coordinates":[121.5222,25.04527]}},{"type":"Feature","properties":{"id":"osm:node:8889580893","name":"華山文創園區","category":"bicycle_rental","nameEn":"Huashan 1914 Creative Park","brand":"YouBike 2.0","opening_hours":"24/7"},"geometry":{"type":"Point","coordinates":[121.52849,25.04367]}},{"type":"Feature","properties":{"id":"osm:node:8889580894","name":"介壽公園","category":"bicycle_rental","nameEn":"Jieshou Park","brand":"YouBike 2.0","opening_hours":"24/7"},"geometry":{"type":"Point","coordinates":[121.5138,25.03907]}},{"type":"Feature","properties":{"id":"osm:node:8889580895","name":"捷運小南門站(2號出口)","category":"bicycle_rental","nameEn":"MRT Xiaonanmen Sta. (Exit 2)","brand":"YouBike 2.0","opening_hours":"24/7"},"geometry":{"type":"Point","coordinates":[121.51006,25.03567]}},{"type":"Feature","properties":{"id":"osm:node:8889580896","name":"南門國中","category":"bicycle_rental","nameEn":"Nan Men Junior High School","brand":"YouBike 2.0","opening_hours":"24/7"},"geometry":{"type":"Point","coordinates":[121.50834,25.03543]}},{"type":"Feature","properties":{"id":"osm:node:8889580897","name":"水源路11-1號旁","category":"bicycle_rental","nameEn":"No. 11-1, Shuiyuan Rd","brand":"YouBike 2.0","opening_hours":"24/7"},"geometry":{"type":"Point","coordinates":[121.52565,25.01602]}},{"type":"Feature","properties":{"id":"osm:node:8889580898","name":"南海和平路口西南側","category":"bicycle_rental","nameEn":"Nanhai Rd & Sec. 2, Heping W. Rd (Southwest)","brand":"YouBike 2.0","opening_hours":"24/7"},"geometry":{"type":"Point","coordinates":[121.50904,25.03024]}},{"type":"Feature","properties":{"id":"osm:node:8889580899","name":"福安國中","category":"bicycle_rental","nameEn":"Fu'an Junior High School","brand":"YouBike 2.0","opening_hours":"24/7"},"geometry":{"type":"Point","coordinates":[121.48819,25.10261]}},{"type":"Feature","properties":{"id":"osm:node:8889580900","name":"社子島濕地解說小築","category":"bicycle_rental","nameEn":"Shezidao Wetlands Service Center","brand":"YouBike 2.0","opening_hours":"24/7"},"geometry":{"type":"Point","coordinates":[121.48974,25.11314]}},{"type":"Feature","properties":{"id":"osm:node:8889580901","name":"坤天亭","category":"bicycle_rental","nameEn":"Kuntian Temple","brand":"YouBike 2.0","opening_hours":"24/7"},"geometry":{"type":"Point","coordinates":[121.4836,25.1064]}},{"type":"Feature","properties":{"id":"osm:node:8889580902","name":"延平北路八段133巷口","category":"bicycle_rental","nameEn":"Ln. 133, Sec. 8, Yanping N. Rd Intersection","brand":"YouBike 2.0","opening_hours":"24/7"},"geometry":{"type":"Point","coordinates":[121.48297,25.10304]}},{"type":"Feature","properties":{"id":"osm:node:8889580903","name":"社子島島頭公園","category":"bicycle_rental","nameEn":"Daotou Park","brand":"YouBike 2.0","opening_hours":"24/7"},"geometry":{"type":"Point","coordinates":[121.46639,25.10893]}},{"type":"Feature","properties":{"id":"osm:node:8889580904","name":"重慶北路四段117號","category":"bicycle_rental","nameEn":"No. 117, Sec. 4, Chongqing N. Rd","brand":"YouBike 2.0","opening_hours":"24/7"},"geometry":{"type":"Point","coordinates":[121.51219,25.08279]}},{"type":"Feature","properties":{"id":"osm:node:8889580905","name":"後港公園","category":"bicycle_rental","nameEn":"Hougang Park","brand":"YouBike 2.0","opening_hours":"24/7"},"geometry":{"type":"Point","coordinates":[121.51419,25.09312]}},{"type":"Feature","properties":{"id":"osm:node:8889580906","name":"國立故宮博物院","category":"bicycle_rental","nameEn":"National Palace Museum","brand":"YouBike 2.0","opening_hours":"24/7"},"geometry":{"type":"Point","coordinates":[121.54788,25.09833]}},{"type":"Feature","properties":{"id":"osm:node:8889580907","name":"重慶北路四段190巷口","category":"bicycle_rental","nameEn":"Ln. 190, Sec. 4, Chongqing N. Rd Intersection","brand":"YouBike 2.0","opening_hours":"24/7"},"geometry":{"type":"Point","coordinates":[121.51166,25.08505]}},{"type":"Feature","properties":{"id":"osm:node:8889580908","name":"梅林新村","category":"bicycle_rental","nameEn":"Meilin New Village","brand":"YouBike 2.0","opening_hours":"24/7"},"geometry":{"type":"Point","coordinates":[121.54036,25.09755]}},{"type":"Feature","properties":{"id":"osm:node:8889580909","name":"通河東街2段10巷口","category":"bicycle_rental","nameEn":"Ln. 10, Sec. 2, Tonghe E. St. Intersection","brand":"YouBike 2.0","opening_hours":"24/7"},"geometry":{"type":"Point","coordinates":[121.51502,25.09106]}},{"type":"Feature","properties":{"id":"osm:node:8889580910","name":"原住民文化主題公園","category":"bicycle_rental","nameEn":"Indigenous People's Park","brand":"YouBike 2.0","opening_hours":"24/7"},"geometry":{"type":"Point","coordinates":[121.55159,25.10113]}},{"type":"Feature","properties":{"id":"osm:node:8889580911","name":"天母棒球場","category":"bicycle_rental","nameEn":"Taipei Tianmu Baseball Stadium","brand":"YouBike 2.0","opening_hours":"24/7"},"geometry":{"type":"Point","coordinates":[121.53195,25.11341]}},{"type":"Feature","properties":{"id":"osm:node:8889580912","name":"捷運忠孝新生站(3號出口)","category":"bicycle_rental","nameEn":"MRT Zhongxiao Xinsheng Sta. (Exit 3)","brand":"YouBike 2.0","opening_hours":"24/7"},"geometry":{"type":"Point","coordinates":[121.53376,25.04189]}},{"type":"Feature","properties":{"id":"osm:node:8889580913","name":"捷運忠孝新生站(6號出口)","category":"bicycle_rental","nameEn":"MRT Zhongxiao Xinsheng Sta. (Exit 6)","brand":"YouBike 2.0","opening_hours":"24/7"},"geometry":{"type":"Point","coordinates":[121.53295,25.04091]}},{"type":"Feature","properties":{"id":"osm:node:8889580914","name":"僑安地下停車場(2號出口)東南側","category":"bicycle_rental","nameEn":"Qiao An Dixia Parking (Exit 2) (Southeast)","brand":"YouBike 2.0","opening_hours":"24/7"},"geometry":{"type":"Point","coordinates":[121.5569,25.0391]}},{"type":"Feature","properties":{"id":"osm:node:8889580915","name":"光信公園(光復南路456巷)","category":"bicycle_rental","nameEn":"Guangxin Park (Ln. 456, Guangfu S. Rd)","brand":"YouBike 2.0","opening_hours":"24/7"},"geometry":{"type":"Point","coordinates":[121.5561,25.03513]}},{"type":"Feature","properties":{"id":"osm:node:8889580916","name":"信義延吉街口","category":"bicycle_rental","nameEn":"Sec. 4,Xinyi Rd & Yanji St Intersection","brand":"YouBike 2.0","opening_hours":"24/7"},"geometry":{"type":"Point","coordinates":[121.55725,25.03318]}},{"type":"Feature","properties":{"id":"osm:node:8889601918","name":"昌隆公園","category":"bicycle_rental","nameEn":"Changlong Park","brand":"YouBike 2.0","opening_hours":"24/7"},"geometry":{"type":"Point","coordinates":[121.53946,25.04448]}},{"type":"Feature","properties":{"id":"osm:node:8889601919","name":"八德市場","category":"bicycle_rental","nameEn":"Bade Traditional Market","brand":"YouBike 2.0","opening_hours":"24/7"},"geometry":{"type":"Point","coordinates":[121.53665,25.04463]}},{"type":"Feature","properties":{"id":"osm:node:8889601920","name":"捷運信義安和站(2號出口)","category":"bicycle_rental","nameEn":"MRT Xinyi Anhe Sta (Exit 2)","brand":"YouBike 2.0","opening_hours":"24/7"},"geometry":{"type":"Point","coordinates":[121.55171,25.03304]}},{"type":"Feature","properties":{"id":"osm:node:8889601921","name":"仁愛國中","category":"bicycle_rental","nameEn":"Ren Ai Junior High School","brand":"YouBike 2.0","opening_hours":"24/7"},"geometry":{"type":"Point","coordinates":[121.55166,25.03706]}},{"type":"Feature","properties":{"id":"osm:node:8889601922","name":"信義敦化路口","category":"bicycle_rental","nameEn":"Sec. 4, Xinyi Rd & Sec. 1, Dunhua S. Rd Intersection","brand":"YouBike 2.0","opening_hours":"24/7"},"geometry":{"type":"Point","coordinates":[121.54977,25.03333]}},{"type":"Feature","properties":{"id":"osm:node:8889601923","name":"龍門廣場","category":"bicycle_rental","nameEn":"Long Men Plaza","brand":"YouBike 2.0","opening_hours":"24/7"},"geometry":{"type":"Point","coordinates":[121.54825,25.04092]}},{"type":"Feature","properties":{"id":"osm:node:8889601924","name":"信義大安路口(信維大樓)","category":"bicycle_rental","nameEn":"Sec. 4, Xinyi Rd & Da’an Rd Intersection (Xinwei Building)","brand":"YouBike 2.0","opening_hours":"24/7"},"geometry":{"type":"Point","coordinates":[121.54639,25.03317]}},{"type":"Feature","properties":{"id":"osm:node:8889601925","name":"捷運大安站(2號出口)","category":"bicycle_rental","nameEn":"MRT Da’an Sta (Exit 2)","brand":"YouBike 2.0","opening_hours":"24/7"},"geometry":{"type":"Point","coordinates":[121.54141,25.03358]}},{"type":"Feature","properties":{"id":"osm:node:8889601926","name":"捷運大安站(4號出口)","category":"bicycle_rental","nameEn":"MRT Da’an Sta (Exit 4)","brand":"YouBike 2.0","opening_hours":"24/7","wheelchair":"limited"},"geometry":{"type":"Point","coordinates":[121.5439,25.0332]}},{"type":"Feature","properties":{"id":"osm:node:8889601927","name":"捷運忠孝復興站(2號出口)","category":"bicycle_rental","nameEn":"MRT Zhongxiao Fuxing Sta (Exit 2)","brand":"YouBike 2.0","opening_hours":"24/7"},"geometry":{"type":"Point","coordinates":[121.5436,25.04035]}},{"type":"Feature","properties":{"id":"osm:node:8889601928","name":"建國濟南路口","category":"bicycle_rental","nameEn":"Sec. 1, Jianguo S. Rd & Sec. 3, Jinan Rd Intersection","brand":"YouBike 2.0","opening_hours":"24/7"},"geometry":{"type":"Point","coordinates":[121.53828,25.03935]}},{"type":"Feature","properties":{"id":"osm:node:8889601929","name":"復興南路1段340巷口","category":"bicycle_rental","nameEn":"Ln. 340, Sec. 1, Fuxing S. Rd Intersection","brand":"YouBike 2.0","opening_hours":"24/7"},"geometry":{"type":"Point","coordinates":[121.54348,25.03701]}},{"type":"Feature","properties":{"id":"osm:node:8889601930","name":"民榮公園","category":"bicycle_rental","nameEn":"Minrong Park","brand":"YouBike 2.0","opening_hours":"24/7"},"geometry":{"type":"Point","coordinates":[121.5354,25.03534]}},{"type":"Feature","properties":{"id":"osm:node:8889601931","name":"幸安國小(仁愛路)","category":"bicycle_rental","nameEn":"Xing'an Elementary School (Ren'ai Rd)","brand":"YouBike 2.0","opening_hours":"24/7"},"geometry":{"type":"Point","coordinates":[121.535243,25.037654]}},{"type":"Feature","properties":{"id":"osm:node:8889601932","name":"新生南路一段119巷口","category":"bicycle_rental","nameEn":"Ln. 119, Sec. 1, Xinsheng S. Rd Intersection","brand":"YouBike 2.0","opening_hours":"24/7"},"geometry":{"type":"Point","coordinates":[121.53299,25.04003]}},{"type":"Feature","properties":{"id":"osm:node:8889601933","name":"台北科技大學億光大樓","category":"bicycle_rental","nameEn":"National Taipei University of Technology (Everlight Building)","brand":"YouBike 2.0","opening_hours":"24/7"},"geometry":{"type":"Point","coordinates":[121.53833,25.04177]}},{"type":"Feature","properties":{"id":"osm:node:8889601934","name":"臨江街夜市(基隆路)","category":"bicycle_rental","nameEn":"Linjiang St night market (Keelung Rd)","brand":"YouBike 2.0","opening_hours":"24/7"},"geometry":{"type":"Point","coordinates":[121.55721,25.02931]}},{"type":"Feature","properties":{"id":"osm:node:8889601935","name":"安和路二段181巷口","category":"bicycle_rental","nameEn":"Ln. 181, Sec. 2, Anhe Rd","brand":"YouBike 2.0","opening_hours":"24/7"},"geometry":{"type":"Point","coordinates":[121.54988,25.02721]}},{"type":"Feature","properties":{"id":"osm:node:8889601936","name":"和平金山路口","category":"bicycle_rental","nameEn":"Sec. 1, Heping E. Rd & Sec. 2, Jinshan S. Rd Intersection","brand":"YouBike 2.0","opening_hours":"24/7"},"geometry":{"type":"Point","coordinates":[121.52529,25.02669]}},{"type":"Feature","properties":{"id":"osm:node:8925231692","name":"新明路343號","category":"bicycle_rental","nameEn":"No. 343, Xinming Rd.","brand":"YouBike 2.0","opening_hours":"24/7"},"geometry":{"type":"Point","coordinates":[121.58345,25.05653]}},{"type":"Feature","properties":{"id":"osm:node:8925231693","name":"潭美國小(南京舊宗路口)","category":"bicycle_rental","nameEn":"Tanmei Elementary School (Nanjing Rd. & Jiuzong Rd. Intersection","brand":"YouBike 2.0","opening_hours":"24/7"},"geometry":{"type":"Point","coordinates":[121.58159,25.05768]}},{"type":"Feature","properties":{"id":"osm:node:8925231694","name":"內湖119號綠地","category":"bicycle_rental","nameEn":"No.119 Neihu Greens","brand":"YouBike 2.0","opening_hours":"24/7"},"geometry":{"type":"Point","coordinates":[121.57865,25.05594]}},{"type":"Feature","properties":{"id":"osm:node:8925231695","name":"行善公園","category":"bicycle_rental","nameEn":"Xingshan Park","brand":"YouBike 2.0","opening_hours":"24/7"},"geometry":{"type":"Point","coordinates":[121.575642,25.053088]}},{"type":"Feature","properties":{"id":"osm:node:8931478899","name":"南京東路六段180號","category":"bicycle_rental","nameEn":"No. 180, Sec. 6, Nanjing E. Rd.","brand":"YouBike 2.0","opening_hours":"24/7"},"geometry":{"type":"Point","coordinates":[121.57991,25.0559]}},{"type":"Feature","properties":{"id":"osm:node:8973123818","name":"成美長壽橋(潭美街)","category":"bicycle_rental","nameEn":"Chengmei Changshou Bridge (TanMei St.)","brand":"YouBike 2.0","opening_hours":"24/7"},"geometry":{"type":"Point","coordinates":[121.58084,25.0539]}},{"type":"Feature","properties":{"id":"osm:node:8973123819","name":"潭美街213號","category":"bicycle_rental","nameEn":"No. 213, Tanmei St.","brand":"YouBike 2.0","opening_hours":"24/7"},"geometry":{"type":"Point","coordinates":[121.58486,25.05575]}},{"type":"Feature","properties":{"id":"osm:node:9020115362","name":"萬華青年公宅","category":"bicycle_rental","nameEn":"Wanhua Qingnian Public Housing","brand":"YouBike 2.0","opening_hours":"24/7"},"geometry":{"type":"Point","coordinates":[121.50376,25.02021]}},{"type":"Feature","properties":{"id":"osm:node:9020115363","name":"兩棵樹公園","category":"bicycle_rental","nameEn":"Liangkeshu Park","brand":"YouBike 2.0","opening_hours":"24/7"},"geometry":{"type":"Point","coordinates":[121.495206,25.03231]}},{"type":"Feature","properties":{"id":"osm:node:9020115364","name":"糖廍文化園區","category":"bicycle_rental","nameEn":"Tang bu Cultural Park","brand":"YouBike 2.0","opening_hours":"24/7"},"geometry":{"type":"Point","coordinates":[121.4946,25.03383]}},{"type":"Feature","properties":{"id":"osm:node:9020115365","name":"大理高中","category":"bicycle_rental","nameEn":"Dali Senior High School","brand":"YouBike 2.0","opening_hours":"24/7"},"geometry":{"type":"Point","coordinates":[121.49075,25.03124]}},{"type":"Feature","properties":{"id":"osm:node:9020115366","name":"環河南雙園街口","category":"bicycle_rental","nameEn":"Sec. 2, Huanhe S. R & Shuangyuan St Intersection","brand":"YouBike 2.0","opening_hours":"24/7"},"geometry":{"type":"Point","coordinates":[121.49127,25.03203]}},{"type":"Feature","properties":{"id":"osm:node:9020115367","name":"萬華安居社會住宅A區","category":"bicycle_rental","nameEn":"WanHua Housing A Social Housing","brand":"YouBike 2.0","opening_hours":"24/7"},"geometry":{"type":"Point","coordinates":[121.49029,25.03397]}},{"type":"Feature","properties":{"id":"osm:node:9020115368","name":"長順區民活動中心","category":"bicycle_rental","nameEn":"Changshun Community Center","brand":"YouBike 2.0","opening_hours":"24/7"},"geometry":{"type":"Point","coordinates":[121.48908,25.03284]}},{"type":"Feature","properties":{"id":"osm:node:9020115369","name":"雙園國中","category":"bicycle_rental","nameEn":"Shuang Yuan Junior High School","brand":"YouBike 2.0","opening_hours":"24/7"},"geometry":{"type":"Point","coordinates":[121.49176,25.02673]}},{"type":"Feature","properties":{"id":"osm:node:9020115370","name":"華中疏散門","category":"bicycle_rental","nameEn":"Huazhong Evacuation Gate","brand":"YouBike 2.0","opening_hours":"24/7"},"geometry":{"type":"Point","coordinates":[121.49534,25.01688]}},{"type":"Feature","properties":{"id":"osm:node:9020115371","name":"東園國小","category":"bicycle_rental","nameEn":"Dongyuan Elementary School","brand":"YouBike 2.0","opening_hours":"24/7"},"geometry":{"type":"Point","coordinates":[121.49807,25.02257]}},{"type":"Feature","properties":{"id":"osm:node:9020115372","name":"艋舺大道146巷口","category":"bicycle_rental","nameEn":"Ln. 146, Bangka Blvd Intersection","brand":"YouBike 2.0","opening_hours":"24/7"},"geometry":{"type":"Point","coordinates":[121.5016,25.03301]}},{"type":"Feature","properties":{"id":"osm:node:9020115373","name":"莒光立體停車場","category":"bicycle_rental","nameEn":"Juguang Car Park","brand":"YouBike 2.0","opening_hours":"24/7"},"geometry":{"type":"Point","coordinates":[121.50336,25.03116]}},{"type":"Feature","properties":{"id":"osm:node:9020115374","name":"青年公園棒球場","category":"bicycle_rental","nameEn":"Youth Park Baseball Field","brand":"YouBike 2.0","opening_hours":"24/7"},"geometry":{"type":"Point","coordinates":[121.50289,25.0241]}},{"type":"Feature","properties":{"id":"osm:node:9020115375","name":"國興水源路口","category":"bicycle_rental","nameEn":"Guoxing Rd & Shuiyuan Rd Intersection","brand":"YouBike 2.0","opening_hours":"24/7"},"geometry":{"type":"Point","coordinates":[121.50845,25.02297]}},{"type":"Feature","properties":{"id":"osm:node:9020115376","name":"三興國小","category":"bicycle_rental","nameEn":"Sanxing Elementary School","brand":"YouBike 2.0","opening_hours":"24/7"},"geometry":{"type":"Point","coordinates":[121.55766,25.02969]}},{"type":"Feature","properties":{"id":"osm:node:9020115377","name":"松山車站","category":"bicycle_rental","nameEn":"Songshan Sta.","brand":"YouBike 2.0","opening_hours":"24/7"},"geometry":{"type":"Point","coordinates":[121.57841,25.0489]}},{"type":"Feature","properties":{"id":"osm:node:9020115378","name":"雅祥公園(松信路50巷口)","category":"bicycle_rental","nameEn":"Yaxiang Park (Ln. 50, Songxin Rd.)","brand":"YouBike 2.0","opening_hours":"24/7"},"geometry":{"type":"Point","coordinates":[121.57211,25.04732]}},{"type":"Feature","properties":{"id":"osm:node:9020115379","name":"興雅國小(基隆路一段37巷)","category":"bicycle_rental","nameEn":"Xingya Elementary School (Ln. 37, Sec. 1, Jilong Rd.)","brand":"YouBike 2.0","opening_hours":"24/7"},"geometry":{"type":"Point","coordinates":[121.56895,25.04773]}},{"type":"Feature","properties":{"id":"osm:node:9020115380","name":"泰和公園","category":"bicycle_rental","nameEn":"Taihe Park","brand":"YouBike 2.0","opening_hours":"24/7"},"geometry":{"type":"Point","coordinates":[121.57105,25.0193]}},{"type":"Feature","properties":{"id":"osm:node:9020115381","name":"吳興公車總站","category":"bicycle_rental","nameEn":"Bus Wuxing Sta.","brand":"YouBike 2.0","opening_hours":"24/7"},"geometry":{"type":"Point","coordinates":[121.56984,25.02388]}},{"type":"Feature","properties":{"id":"osm:node:9020115382","name":"興雅松仁路口","category":"bicycle_rental","nameEn":"Xingya Rd. & Songren Rd. Intersection","brand":"YouBike 2.0","opening_hours":"24/7"},"geometry":{"type":"Point","coordinates":[121.56822,25.0401]}},{"type":"Feature","properties":{"id":"osm:node:9020115383","name":"福德公園","category":"bicycle_rental","nameEn":"Fude Park","brand":"YouBike 2.0","opening_hours":"24/7","wheelchair":"yes"},"geometry":{"type":"Point","coordinates":[121.58355,25.03841]}},{"type":"Feature","properties":{"id":"osm:node:9020115384","name":"福德國小","category":"bicycle_rental","nameEn":"Fude Elementary School","brand":"YouBike 2.0","opening_hours":"24/7"},"geometry":{"type":"Point","coordinates":[121.58618,25.03846]}},{"type":"Feature","properties":{"id":"osm:node:9020115385","name":"松仁路121巷口","category":"bicycle_rental","nameEn":"Ln. 121, Songren Rd Intersection","brand":"YouBike 2.0","opening_hours":"24/7"},"geometry":{"type":"Point","coordinates":[121.56865,25.03476]}},{"type":"Feature","properties":{"id":"osm:node:9020115386","name":"信義廣場(台北101)","category":"bicycle_rental","nameEn":"Xinyi Plaza (Taipei 101)","brand":"YouBike 2.0","opening_hours":"24/7"},"geometry":{"type":"Point","coordinates":[121.565927,25.033109]}},{"type":"Feature","properties":{"id":"osm:node:9020115387","name":"捷運台北101/世貿站(3號出口)","category":"bicycle_rental","nameEn":"MRT Taipei 101/World Trade Center Sta. (Exit 3)","brand":"YouBike 2.0","opening_hours":"24/7"},"geometry":{"type":"Point","coordinates":[121.56337,25.03275]}},{"type":"Feature","properties":{"id":"osm:node:9020115388","name":"興雅國中","category":"bicycle_rental","nameEn":"Xingya Junior High School","brand":"YouBike 2.0","opening_hours":"24/7"},"geometry":{"type":"Point","coordinates":[121.56983,25.03616]}},{"type":"Feature","properties":{"id":"osm:node:9020115389","name":"松仁路253巷3弄","category":"bicycle_rental","nameEn":"Aly. 3, Ln. 253, Songren Rd","brand":"YouBike 2.0","opening_hours":"24/7"},"geometry":{"type":"Point","coordinates":[121.56884,25.02678]}},{"type":"Feature","properties":{"id":"osm:node:9020115390","name":"象山公園","category":"bicycle_rental","nameEn":"Xiangshan Park","brand":"YouBike 2.0","opening_hours":"24/7","wheelchair":"yes"},"geometry":{"type":"Point","coordinates":[121.569803,25.028879]}},{"type":"Feature","properties":{"id":"osm:node:9020115391","name":"東新國小","category":"bicycle_rental","nameEn":"Dongxin Elementary School","brand":"YouBike 2.0","opening_hours":"24/7"},"geometry":{"type":"Point","coordinates":[121.601942,25.056246]}},{"type":"Feature","properties":{"id":"osm:node:9020115392","name":"捷運南港站(1號出口)","category":"bicycle_rental","nameEn":"MRT Nangang Sta. (Exit 1)","brand":"YouBike 2.0","opening_hours":"24/7"},"geometry":{"type":"Point","coordinates":[121.60642,25.05192]}},{"type":"Feature","properties":{"id":"osm:node:9020115393","name":"南港車站(忠孝東路七段415巷)","category":"bicycle_rental","nameEn":"Nangang Sta. (Ln. 415, Sec. 7, Zhongxiao E. Rd.)","brand":"YouBike 2.0","opening_hours":"24/7"},"geometry":{"type":"Point","coordinates":[121.60922,25.05252]}},{"type":"Feature","properties":{"id":"osm:node:9020115394","name":"向陽南港路口","category":"bicycle_rental","nameEn":"Xiangyang Rd. & Nangang Rd. Intersection","brand":"YouBike 2.0","opening_hours":"24/7"},"geometry":{"type":"Point","coordinates":[121.59423,25.05437]}},{"type":"Feature","properties":{"id":"osm:node:9020115395","name":"東陽公園","category":"bicycle_rental","nameEn":"Dongyang Park","brand":"YouBike 2.0","opening_hours":"24/7"},"geometry":{"type":"Point","coordinates":[121.59792,25.05716]}},{"type":"Feature","properties":{"id":"osm:node:9020115396","name":"臺北市立圖書館南港分館","category":"bicycle_rental","nameEn":"Taipei Public Library Nangang Branch","brand":"YouBike 2.0","opening_hours":"24/7"},"geometry":{"type":"Point","coordinates":[121.60866,25.05485]}},{"type":"Feature","properties":{"id":"osm:node:9020115397","name":"興中立體停車場(興中路)","category":"bicycle_rental","nameEn":"Xing Zhong Parking Lot (Xingzhong Rd.)","brand":"YouBike 2.0","opening_hours":"24/7"},"geometry":{"type":"Point","coordinates":[121.607,25.05629]}},{"type":"Feature","properties":{"id":"osm:node:9020115398","name":"南港國小","category":"bicycle_rental","nameEn":"Nangang Elementary School","brand":"YouBike 2.0","opening_hours":"24/7"},"geometry":{"type":"Point","coordinates":[121.61137,25.05668]}},{"type":"Feature","properties":{"id":"osm:node:9020115399","name":"捷運南港軟體園區(2號出口)","category":"bicycle_rental","nameEn":"MRT Nangang Software Park Sta. (Exit 2)","brand":"YouBike 2.0","opening_hours":"24/7"},"geometry":{"type":"Point","coordinates":[121.61677,25.05933]}},{"type":"Feature","properties":{"id":"osm:node:9020115400","name":"市民大道八段532號","category":"bicycle_rental","nameEn":"No. 532, Sec. 8, Civic Blvd.","brand":"YouBike 2.0","opening_hours":"24/7"},"geometry":{"type":"Point","coordinates":[121.61334,25.054]}},{"type":"Feature","properties":{"id":"osm:node:9020115401","name":"凌雲市場","category":"bicycle_rental","nameEn":"Lingyun Market","brand":"YouBike 2.0","opening_hours":"24/7"},"geometry":{"type":"Point","coordinates":[121.61415,25.03564]}},{"type":"Feature","properties":{"id":"osm:node:9020115402","name":"舊莊區民活動中心","category":"bicycle_rental","nameEn":"Jiuzhuang Recreation Center","brand":"YouBike 2.0","opening_hours":"24/7"},"geometry":{"type":"Point","coordinates":[121.6191,25.04139]}},{"type":"Feature","properties":{"id":"osm:node:9020115403","name":"福山公園","category":"bicycle_rental","nameEn":"Fushan Park","brand":"YouBike 2.0","opening_hours":"24/7"},"geometry":{"type":"Point","coordinates":[121.61775,25.04499]}},{"type":"Feature","properties":{"id":"osm:node:9020115404","name":"國家生技園區","category":"bicycle_rental","nameEn":"National Biotechnology Research Park","brand":"YouBike 2.0","opening_hours":"24/7"},"geometry":{"type":"Point","coordinates":[121.61145,25.04763]}},{"type":"Feature","properties":{"id":"osm:node:9020115405","name":"中研院綜合體育館東側","category":"bicycle_rental","nameEn":"Academia Sinica Gymnasium (East)","brand":"YouBike 2.0","opening_hours":"24/7"},"geometry":{"type":"Point","coordinates":[121.61374,25.04054]}},{"type":"Feature","properties":{"id":"osm:node:9020115406","name":"研究院舊莊街口","category":"bicycle_rental","nameEn":"Academia Sinica (Jiuzhuang St. Intersection)","brand":"YouBike 2.0","opening_hours":"24/7"},"geometry":{"type":"Point","coordinates":[121.61683,25.04239]}},{"type":"Feature","properties":{"id":"osm:node:9020115407","name":"玉成公園","category":"bicycle_rental","nameEn":"Yucheng Park","brand":"YouBike 2.0","opening_hours":"24/7","wheelchair":"yes"},"geometry":{"type":"Point","coordinates":[121.58613,25.04281]}},{"type":"Feature","properties":{"id":"osm:node:9020115408","name":"成德國中","category":"bicycle_rental","nameEn":"Chengde Junior High School","brand":"YouBike 2.0","opening_hours":"24/7"},"geometry":{"type":"Point","coordinates":[121.5882,25.04592]}},{"type":"Feature","properties":{"id":"osm:node:9020115409","name":"合心廣場","category":"bicycle_rental","nameEn":"Hexing Square","brand":"YouBike 2.0","opening_hours":"24/7"},"geometry":{"type":"Point","coordinates":[121.58315,25.04608]}},{"type":"Feature","properties":{"id":"osm:node:9020115410","name":"合樂公園","category":"bicycle_rental","nameEn":"Hele Park","brand":"YouBike 2.0","opening_hours":"24/7"},"geometry":{"type":"Point","coordinates":[121.58154,25.04843]}},{"type":"Feature","properties":{"id":"osm:node:9020115411","name":"捷運後山埤站(1號出口)","category":"bicycle_rental","nameEn":"MRT Houshanpi Sta (Exit 1)","brand":"YouBike 2.0","opening_hours":"24/7"},"geometry":{"type":"Point","coordinates":[121.58133,25.04437]}},{"type":"Feature","properties":{"id":"osm:node:9020115412","name":"忠孝東路六段225巷口","category":"bicycle_rental","nameEn":"Ln. 225, Sec. 6, Zhongxiao E. Rd Intersection","brand":"YouBike 2.0","opening_hours":"24/7"},"geometry":{"type":"Point","coordinates":[121.58832,25.04919]}},{"type":"Feature","properties":{"id":"osm:node:9020115413","name":"捷運昆陽站(1號出口)","category":"bicycle_rental","nameEn":"MRT Kunyang Sta. (Exit 1)","brand":"YouBike 2.0","opening_hours":"24/7"},"geometry":{"type":"Point","coordinates":[121.59238,25.05014]}},{"type":"Feature","properties":{"id":"osm:node:9020115414","name":"南港公園(東新街)","category":"bicycle_rental","nameEn":"Nangang Park (Dongxin St)","brand":"YouBike 2.0","opening_hours":"24/7"},"geometry":{"type":"Point","coordinates":[121.59226,25.04591]}},{"type":"Feature","properties":{"id":"osm:node:9020115415","name":"塔悠八德路口","category":"bicycle_rental","nameEn":"Tayou Rd. & Bade Rd. Intersection","brand":"YouBike 2.0","opening_hours":"24/7"},"geometry":{"type":"Point","coordinates":[121.57202,25.05009]}},{"type":"Feature","properties":{"id":"osm:node:9020115416","name":"捷運松山站(4號出口)","category":"bicycle_rental","nameEn":"MRT Songshan Sta. (Exit 4)","brand":"YouBike 2.0","opening_hours":"24/7"},"geometry":{"type":"Point","coordinates":[121.57785,25.04987]}},{"type":"Feature","properties":{"id":"osm:node:9020127817","name":"陽明交大圖書館","category":"bicycle_rental","nameEn":"National Yang-Ming University Library","brand":"YouBike 2.0","opening_hours":"24/7"},"geometry":{"type":"Point","coordinates":[121.51352,25.12081]}},{"type":"Feature","properties":{"id":"osm:node:9020127818","name":"捷運港墘站(2號出口)","category":"bicycle_rental","nameEn":"MRT Gangqian Sta. (Exit 2)","brand":"YouBike 2.0","opening_hours":"24/7"},"geometry":{"type":"Point","coordinates":[121.57584,25.07967]}},{"type":"Feature","properties":{"id":"osm:node:9020127819","name":"內溝溪生態展示館","category":"bicycle_rental","nameEn":"Neigousi Ecological Exhibition Hall","brand":"YouBike 2.0","opening_hours":"24/7"},"geometry":{"type":"Point","coordinates":[121.62306,25.08722]}},{"type":"Feature","properties":{"id":"osm:node:9020127820","name":"安泰街83巷","category":"bicycle_rental","nameEn":"Ln. 83, Antai St.","brand":"YouBike 2.0","opening_hours":"24/7"},"geometry":{"type":"Point","coordinates":[121.61709,25.07669]}},{"type":"Feature","properties":{"id":"osm:node:9020127821","name":"安康公園","category":"bicycle_rental","nameEn":"Ankang Park","brand":"YouBike 2.0","opening_hours":"24/7"},"geometry":{"type":"Point","coordinates":[121.6136,25.06657]}},{"type":"Feature","properties":{"id":"osm:node:9020127822","name":"康寧路一段156巷20弄口","category":"bicycle_rental","nameEn":"Aly. 20, Ln. 156, Sec. 1, Kangning Rd. Intersection","brand":"YouBike 2.0","opening_hours":"24/7"},"geometry":{"type":"Point","coordinates":[121.59354,25.07792]}},{"type":"Feature","properties":{"id":"osm:node:9020127823","name":"康寧金湖路口","category":"bicycle_rental","nameEn":"Kangning Rd. & Jinhu Rd. Intersection","brand":"YouBike 2.0","opening_hours":"24/7"},"geometry":{"type":"Point","coordinates":[121.59921,25.07896]}},{"type":"Feature","properties":{"id":"osm:node:9020127824","name":"內湖區農會","category":"bicycle_rental","nameEn":"Neihu District Farmers' Association","brand":"YouBike 2.0","opening_hours":"24/7"},"geometry":{"type":"Point","coordinates":[121.58891,25.08165]}},{"type":"Feature","properties":{"id":"osm:node:9020127825","name":"貿七社區","category":"bicycle_rental","nameEn":"Maoqi Community","brand":"YouBike 2.0","opening_hours":"24/7"},"geometry":{"type":"Point","coordinates":[121.58534,25.08357]}},{"type":"Feature","properties":{"id":"osm:node:9020127826","name":"碧湖公園(內湖路二段103巷)","category":"bicycle_rental","nameEn":"Bihu Park (Ln. 103, Sec. 2, Neihu Rd.)","brand":"YouBike 2.0","opening_hours":"24/7","wheelchair":"yes"},"geometry":{"type":"Point","coordinates":[121.58109,25.08317]}},{"type":"Feature","properties":{"id":"osm:node:9020127827","name":"碧湖公園","category":"bicycle_rental","nameEn":"Bihu Park","brand":"YouBike 2.0","opening_hours":"24/7"},"geometry":{"type":"Point","coordinates":[121.58287,25.07988]}},{"type":"Feature","properties":{"id":"osm:node:9020127828","name":"金湖路347巷125弄口","category":"bicycle_rental","nameEn":"Aly. 125, Ln. 347, Jinhu Rd. Intersection","brand":"YouBike 2.0","opening_hours":"24/7"},"geometry":{"type":"Point","coordinates":[121.59834,25.0733]}},{"type":"Feature","properties":{"id":"osm:node:9020127829","name":"麗湖國小","category":"bicycle_rental","nameEn":"Lihu Elementary School","brand":"YouBike 2.0","opening_hours":"24/7"},"geometry":{"type":"Point","coordinates":[121.60223,25.07332]}},{"type":"Feature","properties":{"id":"osm:node:9020127830","name":"捷運葫洲站(1號出口)","category":"bicycle_rental","nameEn":"MRT Huzhou Sta. (Exit 1)","brand":"YouBike 2.0","opening_hours":"24/7"},"geometry":{"type":"Point","coordinates":[121.60796,25.07249]}},{"type":"Feature","properties":{"id":"osm:node:9020127831","name":"臺北市網球中心","category":"bicycle_rental","nameEn":"Taipei Tennis Center","brand":"YouBike 2.0","opening_hours":"24/7"},"geometry":{"type":"Point","coordinates":[121.59749,25.0674]}},{"type":"Feature","properties":{"id":"osm:node:9020127832","name":"三軍總醫院","category":"bicycle_rental","nameEn":"Tri-Service General Hospital","brand":"YouBike 2.0","opening_hours":"24/7"},"geometry":{"type":"Point","coordinates":[121.58991,25.07151]}},{"type":"Feature","properties":{"id":"osm:node:9020127833","name":"新湖三民善街口","category":"bicycle_rental","nameEn":"Xinhu 3rd Rd & Minshan St Intersection","brand":"YouBike 2.0","opening_hours":"24/7"},"geometry":{"type":"Point","coordinates":[121.57497,25.06286]}},{"type":"Feature","properties":{"id":"osm:node:9020127834","name":"扶輪親恩公園","category":"bicycle_rental","nameEn":"Rotary Park","brand":"YouBike 2.0","opening_hours":"24/7"},"geometry":{"type":"Point","coordinates":[121.58002,25.06709]}},{"type":"Feature","properties":{"id":"osm:node:9020127835","name":"民權東路六段15巷","category":"bicycle_rental","nameEn":"Ln. 15, Sec. 6, Minquan E. Rd.","brand":"YouBike 2.0","opening_hours":"24/7"},"geometry":{"type":"Point","coordinates":[121.57813,25.06853]}},{"type":"Feature","properties":{"id":"osm:node:9020127836","name":"瑞光公共住宅(瑞光路)","category":"bicycle_rental","nameEn":"Ruiguang Public Housing (Ruiguang Rd)","brand":"YouBike 2.0","opening_hours":"24/7"},"geometry":{"type":"Point","coordinates":[121.57951,25.07335]}},{"type":"Feature","properties":{"id":"osm:node:9020127837","name":"民權瑞光路口","category":"bicycle_rental","nameEn":"Minquan E. Rd. & Ruiguang Rd. Intersection","brand":"YouBike 2.0","opening_hours":"24/7"},"geometry":{"type":"Point","coordinates":[121.58323,25.06835]}},{"type":"Feature","properties":{"id":"osm:node:9020127839","name":"南京東路六段368巷","category":"bicycle_rental","nameEn":"Ln. 368, Sec. 6, Nanjing E. Rd.","brand":"YouBike 2.0","opening_hours":"24/7"},"geometry":{"type":"Point","coordinates":[121.58707,25.05827]}},{"type":"Feature","properties":{"id":"osm:node:9020127840","name":"明美公園","category":"bicycle_rental","nameEn":"Mingmei Park","brand":"YouBike 2.0","opening_hours":"24/7"},"geometry":{"type":"Point","coordinates":[121.58607,25.06256]}},{"type":"Feature","properties":{"id":"osm:node:9020127841","name":"安康路32巷24弄","category":"bicycle_rental","nameEn":"Aly. 24, Ln. 32, Ankang Rd.","brand":"YouBike 2.0","opening_hours":"24/7"},"geometry":{"type":"Point","coordinates":[121.59447,25.06181]}},{"type":"Feature","properties":{"id":"osm:node:9020127842","name":"樂康公園","category":"bicycle_rental","nameEn":"Lekang Park","brand":"YouBike 2.0","opening_hours":"24/7"},"geometry":{"type":"Point","coordinates":[121.62055,25.07007]}},{"type":"Feature","properties":{"id":"osm:node:9020127843","name":"文德二號公園(北側)","category":"bicycle_rental","nameEn":"Wende No.2 Park (North)","brand":"YouBike 2.0","opening_hours":"24/7"},"geometry":{"type":"Point","coordinates":[121.58381,25.07758]}},{"type":"Feature","properties":{"id":"osm:node:9020127844","name":"陽光公園","category":"bicycle_rental","nameEn":"Yangguang Park","brand":"YouBike 2.0","opening_hours":"24/7"},"geometry":{"type":"Point","coordinates":[121.58764,25.07695]}},{"type":"Feature","properties":{"id":"osm:node:9020127845","name":"成功金龍路口","category":"bicycle_rental","nameEn":"Chenggong Rd & Jinlong Rd Intersection","brand":"YouBike 2.0","opening_hours":"24/7"},"geometry":{"type":"Point","coordinates":[121.59478,25.08436]}},{"type":"Feature","properties":{"id":"osm:node:9020127846","name":"捷運大湖公園站(2號出口)","category":"bicycle_rental","nameEn":"MRT Dahu Park Sta. (Exit 2)","brand":"YouBike 2.0","opening_hours":"24/7"},"geometry":{"type":"Point","coordinates":[121.60185,25.08395]}},{"type":"Feature","properties":{"id":"osm:node:9020127847","name":"寶藏巖觀音亭","category":"bicycle_rental","nameEn":"Treasure Hill Guanyin Temple","brand":"YouBike 2.0","opening_hours":"24/7"},"geometry":{"type":"Point","coordinates":[121.5331,25.01027]}},{"type":"Feature","properties":{"id":"osm:node:9020127848","name":"法務部","category":"bicycle_rental","nameEn":"Agency Against Corruption","brand":"YouBike 2.0","opening_hours":"24/7"},"geometry":{"type":"Point","coordinates":[121.51249,25.03705]}},{"type":"Feature","properties":{"id":"osm:node:9020127849","name":"中華貴陽街口","category":"bicycle_rental","nameEn":"Zhonghua Rd & Guiyang St Intersection","brand":"YouBike 2.0","opening_hours":"24/7"},"geometry":{"type":"Point","coordinates":[121.50772,25.03938]}},{"type":"Feature","properties":{"id":"osm:node:9020127850","name":"莒光和平路口","category":"bicycle_rental","nameEn":"Juguang Rd & Sec. 2, Heping W. Rd Intersection","brand":"YouBike 2.0","opening_hours":"24/7"},"geometry":{"type":"Point","coordinates":[121.50745,25.03132]}},{"type":"Feature","properties":{"id":"osm:node:9020127851","name":"南機場夜市(中華路二段)","category":"bicycle_rental","nameEn":"Nanjichang Night Market (Sec. 2, Zhonghua Rd)","brand":"YouBike 2.0","opening_hours":"24/7"},"geometry":{"type":"Point","coordinates":[121.50518,25.02886]}},{"type":"Feature","properties":{"id":"osm:node:9020127852","name":"螢橋國小","category":"bicycle_rental","nameEn":"Ying-Qiao Elementary School","brand":"YouBike 2.0","opening_hours":"24/7"},"geometry":{"type":"Point","coordinates":[121.51389,25.02609]}},{"type":"Feature","properties":{"id":"osm:node:9020127853","name":"景文中學","category":"bicycle_rental","nameEn":"Jingwen Bilingual High School","brand":"YouBike 2.0","opening_hours":"24/7"},"geometry":{"type":"Point","coordinates":[121.56745,24.98574]}},{"type":"Feature","properties":{"id":"osm:node:9020127854","name":"忠順區民活動中心","category":"bicycle_rental","nameEn":"Zhongshun Community Center","brand":"YouBike 2.0","opening_hours":"24/7"},"geometry":{"type":"Point","coordinates":[121.56332,24.98471]}},{"type":"Feature","properties":{"id":"osm:node:9020127858","name":"世新大學","category":"bicycle_rental","nameEn":"Shih Hsin University","brand":"YouBike 2.0","opening_hours":"24/7"},"geometry":{"type":"Point","coordinates":[121.54336,24.98859]}},{"type":"Feature","properties":{"id":"osm:node:9020127859","name":"興豐公園","category":"bicycle_rental","nameEn":"Xingfeng Park","brand":"YouBike 2.0","opening_hours":"24/7"},"geometry":{"type":"Point","coordinates":[121.54761,24.99982]}},{"type":"Feature","properties":{"id":"osm:node:9020127860","name":"捷運辛亥站","category":"bicycle_rental","nameEn":"MRT Xinhai Sta.","brand":"YouBike 2.0","opening_hours":"24/7"},"geometry":{"type":"Point","coordinates":[121.55684,25.00467]}},{"type":"Feature","properties":{"id":"osm:node:9020127861","name":"捷運萬芳社區站","category":"bicycle_rental","nameEn":"MRT Wanfang Community Sta.","brand":"YouBike 2.0","opening_hours":"24/7"},"geometry":{"type":"Point","coordinates":[121.56769,24.99886]}},{"type":"Feature","properties":{"id":"osm:node:9020127863","name":"國立政治大學","category":"bicycle_rental","nameEn":"National Chengchi University","brand":"YouBike 2.0","opening_hours":"24/7"},"geometry":{"type":"Point","coordinates":[121.577267,24.987391]}},{"type":"Feature","properties":{"id":"osm:node:9020127864","name":"仙跡岩登山口(景興路)","category":"bicycle_rental","nameEn":"Xianjiyan Trailhead (Jingxing Rd.)","brand":"YouBike 2.0","opening_hours":"24/7"},"geometry":{"type":"Point","coordinates":[121.5436,24.99118]}},{"type":"Feature","properties":{"id":"osm:node:9020127865","name":"師範大學公館校區","category":"bicycle_rental","nameEn":"National Taiwan Normal University Gongguan Campus","brand":"YouBike 2.0","opening_hours":"24/7"},"geometry":{"type":"Point","coordinates":[121.53731,25.00792]}},{"type":"Feature","properties":{"id":"osm:node:9020127866","name":"景福街/羅斯福路6段142巷口","category":"bicycle_rental","nameEn":"Jingfu St & Ln. 142, Sec. 6, Roosevelt Rd Intersection","brand":"YouBike 2.0","opening_hours":"24/7"},"geometry":{"type":"Point","coordinates":[121.536875,24.998336]}},{"type":"Feature","properties":{"id":"osm:node:9020127867","name":"聖山綠地","category":"bicycle_rental","nameEn":"Shengshan Greens","brand":"YouBike 2.0","opening_hours":"24/7"},"geometry":{"type":"Point","coordinates":[121.53234,25.10696]}},{"type":"Feature","properties":{"id":"osm:node:9020127868","name":"福安消防分隊","category":"bicycle_rental","nameEn":"Taipei City Fire Department of Fuan Station","brand":"YouBike 2.0","opening_hours":"24/7"},"geometry":{"type":"Point","coordinates":[121.49706,25.09669]}},{"type":"Feature","properties":{"id":"osm:node:9020127869","name":"敦化市民路口","category":"bicycle_rental","nameEn":"Dunhua S. Rd. & Civic Blvd. Intersection","brand":"YouBike 2.0","opening_hours":"24/7"},"geometry":{"type":"Point","coordinates":[121.5486,25.04405]}},{"type":"Feature","properties":{"id":"osm:node:9020127870","name":"瑠公公園","category":"bicycle_rental","nameEn":"Liugong Park","brand":"YouBike 2.0","opening_hours":"24/7"},"geometry":{"type":"Point","coordinates":[121.54612,25.04201]}},{"type":"Feature","properties":{"id":"osm:node:9020127871","name":"大安高工","category":"bicycle_rental","nameEn":"Daan Vocational High School","brand":"YouBike 2.0","opening_hours":"24/7"},"geometry":{"type":"Point","coordinates":[121.54339,25.03126]}},{"type":"Feature","properties":{"id":"osm:node:9020127872","name":"建國南路一段279巷口","category":"bicycle_rental","nameEn":"Ln. 279, Sec. 1, Jianguo S. Rd Intersection","brand":"YouBike 2.0","opening_hours":"24/7"},"geometry":{"type":"Point","coordinates":[121.53833,25.03635]}},{"type":"Feature","properties":{"id":"osm:node:9144780139","name":"木柵光輝路口","category":"bicycle_rental","nameEn":"Muzha Rd. & Guanghui Rd. Intersection","brand":"YouBike 2.0","opening_hours":"24/7"},"geometry":{"type":"Point","coordinates":[121.55528,24.98816]}},{"type":"Feature","properties":{"id":"osm:node:9144780152","name":"指南路3段2巷","category":"bicycle_rental","nameEn":"Ln. 2, Sec. 3, Zhinan Rd.","brand":"YouBike 2.0","opening_hours":"24/7"},"geometry":{"type":"Point","coordinates":[121.57959,24.98537]}},{"type":"Feature","properties":{"id":"osm:node:9180652821","name":"捷運圓山站(1號出口)","category":"bicycle_rental","nameEn":"MRT Yuanshan Sta. (Exit 1)","brand":"YouBike 2.0","opening_hours":"24/7"},"geometry":{"type":"Point","coordinates":[121.52024,25.07133]}},{"type":"Feature","properties":{"id":"osm:node:9180652822","name":"平安新城","category":"bicycle_rental","nameEn":"Pingan New Town","brand":"YouBike 2.0","opening_hours":"24/7"},"geometry":{"type":"Point","coordinates":[121.559,25.05528]}},{"type":"Feature","properties":{"id":"osm:node:9180652823","name":"民生敦化路口","category":"bicycle_rental","nameEn":"Minsheng Rd. & Dunhua Rd. Intersection","brand":"YouBike 2.0","opening_hours":"24/7"},"geometry":{"type":"Point","coordinates":[121.54897,25.05804]}},{"type":"Feature","properties":{"id":"osm:node:9180652824","name":"民有一號公園","category":"bicycle_rental","nameEn":"Minyou No.1 Park","brand":"YouBike 2.0","opening_hours":"24/7"},"geometry":{"type":"Point","coordinates":[121.54731,25.06095]}},{"type":"Feature","properties":{"id":"osm:node:9180652825","name":"民生國小(敦化北路199巷)","category":"bicycle_rental","nameEn":"Minsheng Elementary School (Ln. 199, Dunhua N. Rd.)","brand":"YouBike 2.0","opening_hours":"24/7"},"geometry":{"type":"Point","coordinates":[121.55286,25.05633]}},{"type":"Feature","properties":{"id":"osm:node:9180652826","name":"江寧公園","category":"bicycle_rental","nameEn":"Jiangning Park","brand":"YouBike 2.0","opening_hours":"24/7"},"geometry":{"type":"Point","coordinates":[121.539266,25.061704]}},{"type":"Feature","properties":{"id":"osm:node:9180652827","name":"三軍總醫院(松山分院)","category":"bicycle_rental","nameEn":"Tri-Service General Hospital Songshan Branch","brand":"YouBike 2.0","opening_hours":"24/7"},"geometry":{"type":"Point","coordinates":[121.55631,25.05419]}},{"type":"Feature","properties":{"id":"osm:node:9180652828","name":"敦北公園","category":"bicycle_rental","nameEn":"Dunbei Park","brand":"YouBike 2.0","opening_hours":"24/7"},"geometry":{"type":"Point","coordinates":[121.55098,25.06118]}},{"type":"Feature","properties":{"id":"osm:node:9180652829","name":"新生長春路口","category":"bicycle_rental","nameEn":"Xinsheng Rd. & Changchun Rd. Intersection","brand":"YouBike 2.0","opening_hours":"24/7"},"geometry":{"type":"Point","coordinates":[121.52752,25.05639]}},{"type":"Feature","properties":{"id":"osm:node:9180652830","name":"長沙公園","category":"bicycle_rental","nameEn":"Changsha Park","brand":"YouBike 2.0","opening_hours":"24/7"},"geometry":{"type":"Point","coordinates":[121.49992,25.0417]}},{"type":"Feature","properties":{"id":"osm:node:9180652831","name":"捷運中山國小站(2號出口)","category":"bicycle_rental","nameEn":"MRT Zhongshan Elementary School Sta. (Exit 2)","brand":"YouBike 2.0","opening_hours":"24/7"},"geometry":{"type":"Point","coordinates":[121.52705,25.06246]}},{"type":"Feature","properties":{"id":"osm:node:9180652832","name":"中吉公園","category":"bicycle_rental","nameEn":"Zhongji Park","brand":"YouBike 2.0","opening_hours":"24/7"},"geometry":{"type":"Point","coordinates":[121.53166,25.05604]}},{"type":"Feature","properties":{"id":"osm:node:9180652834","name":"捷運民權西路站(2號出口)","category":"bicycle_rental","nameEn":"MRT Minquan W. Rd. Sta. (Exit 2)","brand":"YouBike 2.0","opening_hours":"24/7"},"geometry":{"type":"Point","coordinates":[121.51969,25.06174]}},{"type":"Feature","properties":{"id":"osm:node:9180652835","name":"第二果菜批發市場","category":"bicycle_rental","nameEn":"The Second Wholesale Fruit and Vegetable Market","brand":"YouBike 2.0","opening_hours":"24/7"},"geometry":{"type":"Point","coordinates":[121.53735,25.06642]}},{"type":"Feature","properties":{"id":"osm:node:9180652836","name":"捷運行天宮站(3號出口)","category":"bicycle_rental","nameEn":"MRT Xingtian Temple Sta. (Exit 3)","brand":"YouBike 2.0","opening_hours":"24/7","wheelchair":"no"},"geometry":{"type":"Point","coordinates":[121.5333,25.05992]}},{"type":"Feature","properties":{"id":"osm:node:9180652837","name":"捷運松江南京站(7號出口)","category":"bicycle_rental","nameEn":"MRT Songjiang Nanjing Sta. (Exit 7)","brand":"YouBike 2.0","opening_hours":"24/7"},"geometry":{"type":"Point","coordinates":[121.5332,25.05246]}},{"type":"Feature","properties":{"id":"osm:node:9180652838","name":"龍江錦州街口","category":"bicycle_rental","nameEn":"Long Jiang Rd. & Jinzhou St. Intersection","brand":"YouBike 2.0","opening_hours":"24/7"},"geometry":{"type":"Point","coordinates":[121.54077,25.06045]}},{"type":"Feature","properties":{"id":"osm:node:9180652839","name":"捷運中山國中站","category":"bicycle_rental","nameEn":"MRT Zhongshan Junior High School Sta.","brand":"YouBike 2.0","opening_hours":"24/7"},"geometry":{"type":"Point","coordinates":[121.54406,25.06106]}},{"type":"Feature","properties":{"id":"osm:node:9180652840","name":"民生建國路口","category":"bicycle_rental","nameEn":"Minsheng Rd. & Jianguo Rd. Intersection","brand":"YouBike 2.0","opening_hours":"24/7"},"geometry":{"type":"Point","coordinates":[121.53692,25.05778]}},{"type":"Feature","properties":{"id":"osm:node:9180652841","name":"一江公園","category":"bicycle_rental","nameEn":"Yijiang Park","brand":"YouBike 2.0","opening_hours":"24/7"},"geometry":{"type":"Point","coordinates":[121.53146,25.05316]}},{"type":"Feature","properties":{"id":"osm:node:9180652842","name":"南京新生路口","category":"bicycle_rental","nameEn":"Nanjing Rd. & Xinsheng Rd. Intersection","brand":"YouBike 2.0","opening_hours":"24/7"},"geometry":{"type":"Point","coordinates":[121.52766,25.05194]}},{"type":"Feature","properties":{"id":"osm:node:9180652843","name":"民福三號綠地","category":"bicycle_rental","nameEn":"Minfu No.3 Greens","brand":"YouBike 2.0","opening_hours":"24/7"},"geometry":{"type":"Point","coordinates":[121.54767,25.06374]}},{"type":"Feature","properties":{"id":"osm:node:9180652844","name":"建國長春路口","category":"bicycle_rental","nameEn":"Jianguo Rd. & Changchun Rd. Intersection","brand":"YouBike 2.0","opening_hours":"24/7"},"geometry":{"type":"Point","coordinates":[121.53686,25.05469]}},{"type":"Feature","properties":{"id":"osm:node:9180652845","name":"興安華城","category":"bicycle_rental","nameEn":"Xing An Hua Cheng","brand":"YouBike 2.0","opening_hours":"24/7"},"geometry":{"type":"Point","coordinates":[121.54175,25.05606]}},{"type":"Feature","properties":{"id":"osm:node:9180652846","name":"南京遼寧街口","category":"bicycle_rental","nameEn":"Nanjing Rd. & Liaoning St. Intersection","brand":"YouBike 2.0","opening_hours":"24/7"},"geometry":{"type":"Point","coordinates":[121.54217,25.05176]}},{"type":"Feature","properties":{"id":"osm:node:9180652847","name":"臺北孔廟","category":"bicycle_rental","nameEn":"Taipei Confucius Temple","brand":"YouBike 2.0","opening_hours":"24/7"},"geometry":{"type":"Point","coordinates":[121.51583,25.07378]}},{"type":"Feature","properties":{"id":"osm:node:9180652848","name":"樹德公園","category":"bicycle_rental","nameEn":"Shude Park","brand":"YouBike 2.0","opening_hours":"24/7"},"geometry":{"type":"Point","coordinates":[121.5165,25.06647]}},{"type":"Feature","properties":{"id":"osm:node:9180652849","name":"臺北市藝文推廣處","category":"bicycle_rental","nameEn":"Taipei City Arts Promotion Office","brand":"YouBike 2.0","opening_hours":"24/7"},"geometry":{"type":"Point","coordinates":[121.55235,25.04826]}},{"type":"Feature","properties":{"id":"osm:node:9180652850","name":"中崙高中","category":"bicycle_rental","nameEn":"Zhonglun Senior High School","brand":"YouBike 2.0","opening_hours":"24/7"},"geometry":{"type":"Point","coordinates":[121.56087,25.04878]}},{"type":"Feature","properties":{"id":"osm:node:9180652851","name":"南京建國路口","category":"bicycle_rental","nameEn":"Nanjing E Rd. & Jianguo Rd. Intersection","brand":"YouBike 2.0","opening_hours":"24/7"},"geometry":{"type":"Point","coordinates":[121.5368,25.05214]}},{"type":"Feature","properties":{"id":"osm:node:9180652852","name":"民權延平路口(西北側)","category":"bicycle_rental","nameEn":"Minquan Rd. & Yanping Rd. Intersection (Northwest)","brand":"YouBike 2.0","opening_hours":"24/7"},"geometry":{"type":"Point","coordinates":[121.51099,25.06326]}},{"type":"Feature","properties":{"id":"osm:node:9180652853","name":"臺北市立圖書館大同分館","category":"bicycle_rental","nameEn":"Taipei Public Library DaTong Branch","brand":"YouBike 2.0","opening_hours":"24/7"},"geometry":{"type":"Point","coordinates":[121.51349,25.0741]}},{"type":"Feature","properties":{"id":"osm:node:9180652854","name":"松江公園","category":"bicycle_rental","nameEn":"Songjiang Park","brand":"YouBike 2.0","opening_hours":"24/7"},"geometry":{"type":"Point","coordinates":[121.53273,25.05025]}},{"type":"Feature","properties":{"id":"osm:node:9180652855","name":"民族延平路口","category":"bicycle_rental","nameEn":"Minzu Rd. & Yanping Rd. Intersection","brand":"YouBike 2.0","opening_hours":"24/7"},"geometry":{"type":"Point","coordinates":[121.5107,25.06864]}},{"type":"Feature","properties":{"id":"osm:node:9180652856","name":"三民路166巷口","category":"bicycle_rental","nameEn":"Ln. 166, Sanmin Rd. Intersection","brand":"YouBike 2.0","opening_hours":"24/7","wheelchair":"yes"},"geometry":{"type":"Point","coordinates":[121.56328,25.0619]}},{"type":"Feature","properties":{"id":"osm:node:9180652857","name":"松基公園","category":"bicycle_rental","nameEn":"Song-Ji Park","brand":"YouBike 2.0","opening_hours":"24/7"},"geometry":{"type":"Point","coordinates":[121.54486,25.0546]}},{"type":"Feature","properties":{"id":"osm:node:9180652858","name":"民權復興路口","category":"bicycle_rental","nameEn":"Minquan Rd. & Fuxing Rd. Intersection","brand":"YouBike 2.0","opening_hours":"24/7"},"geometry":{"type":"Point","coordinates":[121.54565,25.0622]}},{"type":"Feature","properties":{"id":"osm:node:9180652859","name":"捷運小巨蛋站(2號出口)","category":"bicycle_rental","nameEn":"MRT Taipei Arena Sta. (Exit.2)","brand":"YouBike 2.0","opening_hours":"24/7"},"geometry":{"type":"Point","coordinates":[121.55118,25.05157]}},{"type":"Feature","properties":{"id":"osm:node:9180652860","name":"民生活動中心","category":"bicycle_rental","nameEn":"Minsheng Activity Center","brand":"YouBike 2.0","opening_hours":"24/7","wheelchair":"yes"},"geometry":{"type":"Point","coordinates":[121.56305,25.05907]}},{"type":"Feature","properties":{"id":"osm:node:9180652861","name":"捷運南京三民站(4號出口)","category":"bicycle_rental","nameEn":"MRT Nanjing Sanmin Sta. (Exit 4)","brand":"YouBike 2.0","opening_hours":"24/7"},"geometry":{"type":"Point","coordinates":[121.5646,25.05152]}},{"type":"Feature","properties":{"id":"osm:node:9180652862","name":"光復北路11巷口","category":"bicycle_rental","nameEn":"Ln. 11, Guangfu N Rd.","brand":"YouBike 2.0","opening_hours":"24/7"},"geometry":{"type":"Point","coordinates":[121.558,25.04937]}},{"type":"Feature","properties":{"id":"osm:node:9180652863","name":"捷運南京三民站(1號出口)","category":"bicycle_rental","nameEn":"MRT Nanjing Sanmin Sta. (Exit 1)","brand":"YouBike 2.0","opening_hours":"24/7"},"geometry":{"type":"Point","coordinates":[121.5636,25.05155]}},{"type":"Feature","properties":{"id":"osm:node:9180652864","name":"捷運南京三民站(2號出口)","category":"bicycle_rental","nameEn":"MRT Nanjing Sanmin Sta. (Exit 2)","brand":"YouBike 2.0","opening_hours":"24/7"},"geometry":{"type":"Point","coordinates":[121.56283,25.05136]}},{"type":"Feature","properties":{"id":"osm:node:9180652865","name":"大稻埕公園","category":"bicycle_rental","nameEn":"Dadaocheng Park","brand":"YouBike 2.0","opening_hours":"24/7"},"geometry":{"type":"Point","coordinates":[121.51033,25.05915]}},{"type":"Feature","properties":{"id":"osm:node:9180652866","name":"民權迪化街口","category":"bicycle_rental","nameEn":"Minquan Rd. & Dihua St. Intersection","brand":"YouBike 2.0","opening_hours":"24/7"},"geometry":{"type":"Point","coordinates":[121.50943,25.06327]}},{"type":"Feature","properties":{"id":"osm:node:9180652867","name":"酒泉延平路口","category":"bicycle_rental","nameEn":"Jiuquan St. & Yanping Rd. Intersection","brand":"YouBike 2.0","opening_hours":"24/7"},"geometry":{"type":"Point","coordinates":[121.51057,25.0722]}},{"type":"Feature","properties":{"id":"osm:node:9180652868","name":"陳天來故居","category":"bicycle_rental","nameEn":"Chen Tian-lai Residence","brand":"YouBike 2.0","opening_hours":"24/7"},"geometry":{"type":"Point","coordinates":[121.50895,25.05601]}},{"type":"Feature","properties":{"id":"osm:node:9180652869","name":"重慶酒泉街口","category":"bicycle_rental","nameEn":"Chongqing Rd. & Jiuquan St. Intersection","brand":"YouBike 2.0","opening_hours":"24/7"},"geometry":{"type":"Point","coordinates":[121.51368,25.07158]}},{"type":"Feature","properties":{"id":"osm:node:9191159950","name":"捷運南港站(2號出口)","category":"bicycle_rental","nameEn":"MRT Nangang Sta. (Exit 2)","brand":"YouBike 2.0","opening_hours":"24/7"},"geometry":{"type":"Point","coordinates":[121.60741,25.05201]}},{"type":"Feature","properties":{"id":"osm:node:9191159951","name":"捷運龍山寺站(3號出口)","category":"bicycle_rental","nameEn":"MRT Longshan Temple Sta. (Exit 3)","brand":"YouBike 2.0","opening_hours":"24/7"},"geometry":{"type":"Point","coordinates":[121.50199,25.03509]}},{"type":"Feature","properties":{"id":"osm:node:9191159952","name":"萬華火車站(D2廣場)","category":"bicycle_rental","nameEn":"Wanhua Train Sta. (D2 Plaza)","brand":"YouBike 2.0","opening_hours":"24/7"},"geometry":{"type":"Point","coordinates":[121.50117,25.03394]}},{"type":"Feature","properties":{"id":"osm:node:9191159953","name":"萬華火車站","category":"bicycle_rental","nameEn":"Wanhua Train Sta.","brand":"YouBike 2.0","opening_hours":"24/7"},"geometry":{"type":"Point","coordinates":[121.50322,25.03364]}},{"type":"Feature","properties":{"id":"osm:node:9191159954","name":"老松國小","category":"bicycle_rental","nameEn":"laosong Elementary School","brand":"YouBike 2.0","opening_hours":"24/7"},"geometry":{"type":"Point","coordinates":[121.50177,25.03792]}},{"type":"Feature","properties":{"id":"osm:node:9191159955","name":"華西公園","category":"bicycle_rental","nameEn":"Huaxi Park","brand":"YouBike 2.0","opening_hours":"24/7"},"geometry":{"type":"Point","coordinates":[121.49881,25.03852]}},{"type":"Feature","properties":{"id":"osm:node:9191159956","name":"龍山國小","category":"bicycle_rental","nameEn":"Longshan Elementary School","brand":"YouBike 2.0","opening_hours":"24/7"},"geometry":{"type":"Point","coordinates":[121.49541,25.0355]}},{"type":"Feature","properties":{"id":"osm:node:9191159957","name":"捷運龍山寺站(1號出口)","category":"bicycle_rental","nameEn":"MRT Longshan Temple Sta. (Exit 1)","brand":"YouBike 2.0","opening_hours":"24/7"},"geometry":{"type":"Point","coordinates":[121.49938,25.03535]}},{"type":"Feature","properties":{"id":"osm:node:9191159958","name":"中華桂林路口","category":"bicycle_rental","nameEn":"Zhonghua Rd. & Guilin Rd. Intersection","brand":"YouBike 2.0","opening_hours":"24/7"},"geometry":{"type":"Point","coordinates":[121.50662,25.03771]}},{"type":"Feature","properties":{"id":"osm:node:9191159959","name":"西本願寺廣場","category":"bicycle_rental","nameEn":"Nishi Honganji Relics Plaza","brand":"YouBike 2.0","opening_hours":"24/7"},"geometry":{"type":"Point","coordinates":[121.50769,25.04099]}},{"type":"Feature","properties":{"id":"osm:node:9191159960","name":"峨眉停車場","category":"bicycle_rental","nameEn":"Emei Parking Lots","brand":"YouBike 2.0","opening_hours":"24/7"},"geometry":{"type":"Point","coordinates":[121.50541,25.04441]}},{"type":"Feature","properties":{"id":"osm:node:9191159961","name":"開封西寧路口","category":"bicycle_rental","nameEn":"Kaifeng St. & Xining Rd. Intersection","brand":"YouBike 2.0","opening_hours":"24/7"},"geometry":{"type":"Point","coordinates":[121.50717,25.04662]}},{"type":"Feature","properties":{"id":"osm:node:9191159962","name":"忠德公園","category":"bicycle_rental","nameEn":"Zhongde Park","brand":"YouBike 2.0","opening_hours":"24/7"},"geometry":{"type":"Point","coordinates":[121.49604,25.02516]}},{"type":"Feature","properties":{"id":"osm:node:9191159963","name":"萬大路486巷口","category":"bicycle_rental","nameEn":"Ln. 486, Wanda Rd","brand":"YouBike 2.0","opening_hours":"24/7","wheelchair":"yes"},"geometry":{"type":"Point","coordinates":[121.4973,25.01975]}},{"type":"Feature","properties":{"id":"osm:node:9191159964","name":"寶興長泰街口(西南角)","category":"bicycle_rental","nameEn":"Baoxing St & Changtai St Intersection (Southwest)","brand":"YouBike 2.0","opening_hours":"24/7"},"geometry":{"type":"Point","coordinates":[121.49597,25.0216]}},{"type":"Feature","properties":{"id":"osm:node:9191159965","name":"松山路292巷口","category":"bicycle_rental","nameEn":"Ln. 292, Songshan Rd. Intersection","brand":"YouBike 2.0","opening_hours":"24/7"},"geometry":{"type":"Point","coordinates":[121.57789,25.0432]}},{"type":"Feature","properties":{"id":"osm:node:9191159966","name":"松山永吉路口","category":"bicycle_rental","nameEn":"Songshan Rd. & Yongji Rd. Intersection","brand":"YouBike 2.0","opening_hours":"24/7"},"geometry":{"type":"Point","coordinates":[121.57772,25.04623]}},{"type":"Feature","properties":{"id":"osm:node:9191159967","name":"永吉公園","category":"bicycle_rental","nameEn":"Yongji Park","brand":"YouBike 2.0","opening_hours":"24/7"},"geometry":{"type":"Point","coordinates":[121.57539,25.04345]}},{"type":"Feature","properties":{"id":"osm:node:9191159968","name":"虎林永吉路口","category":"bicycle_rental","nameEn":"Hulin St. & Yongji Rd. Intersection","brand":"YouBike 2.0","opening_hours":"24/7"},"geometry":{"type":"Point","coordinates":[121.57712,25.04519]}},{"type":"Feature","properties":{"id":"osm:node:9191159969","name":"基隆忠孝路口西南側","category":"bicycle_rental","nameEn":"Keelung Rd. & Zhongxiao Rd. Intersection (Southwest)","brand":"YouBike 2.0","opening_hours":"24/7"},"geometry":{"type":"Point","coordinates":[121.5629,25.04108]}},{"type":"Feature","properties":{"id":"osm:node:9191159970","name":"基隆光復路口","category":"bicycle_rental","nameEn":"Keelung Rd. & Guangfu Rd. Intersection","brand":"YouBike 2.0","opening_hours":"24/7"},"geometry":{"type":"Point","coordinates":[121.55764,25.03005]}},{"type":"Feature","properties":{"id":"osm:node:9191159971","name":"松山高中","category":"bicycle_rental","nameEn":"Songshan Senior High School","brand":"YouBike 2.0","opening_hours":"24/7"},"geometry":{"type":"Point","coordinates":[121.5638,25.0433]}},{"type":"Feature","properties":{"id":"osm:node:9191159972","name":"永吉松信路口","category":"bicycle_rental","nameEn":"Yongji Rd. & Songxin Rd. Intersection","brand":"YouBike 2.0","opening_hours":"24/7"},"geometry":{"type":"Point","coordinates":[121.57207,25.04548]}},{"type":"Feature","properties":{"id":"osm:node:9191159973","name":"五常公園","category":"bicycle_rental","nameEn":"Wuchang Park","brand":"YouBike 2.0","opening_hours":"24/7"},"geometry":{"type":"Point","coordinates":[121.57432,25.04797]}},{"type":"Feature","properties":{"id":"osm:node:9191159974","name":"福祥公園","category":"bicycle_rental","nameEn":"Fuxiang Park (Aly. 11, Ln. 127, Yongji Rd.)","brand":"YouBike 2.0","opening_hours":"24/7"},"geometry":{"type":"Point","coordinates":[121.57045,25.04626]}},{"type":"Feature","properties":{"id":"osm:node:9191159975","name":"松高路(信義新天地A4館)","category":"bicycle_rental","nameEn":"Songgao Rd. (Xinyi Place A4)","brand":"YouBike 2.0","opening_hours":"24/7"},"geometry":{"type":"Point","coordinates":[121.56654,25.03918]}},{"type":"Feature","properties":{"id":"osm:node:9191159976","name":"南港路三段290巷口","category":"bicycle_rental","nameEn":"Ln. 290, Sec. 3, Nangang Rd. Intersection","brand":"YouBike 2.0","opening_hours":"24/7"},"geometry":{"type":"Point","coordinates":[121.58152,25.05234]}},{"type":"Feature","properties":{"id":"osm:node:9191159977","name":"南港高中(昆陽街)","category":"bicycle_rental","nameEn":"Nangang Senior High School (Kunyang St.)","brand":"YouBike 2.0","opening_hours":"24/7"},"geometry":{"type":"Point","coordinates":[121.59279,25.05285]}},{"type":"Feature","properties":{"id":"osm:node:9191159978","name":"凌雲五村(研究院路三段8巷)","category":"bicycle_rental","nameEn":"Lingyun Village 5 (Ln. 8, Sec. 3, Yanjiuyuan Rd.)","brand":"YouBike 2.0","opening_hours":"24/7"},"geometry":{"type":"Point","coordinates":[121.61688,25.03595]}},{"type":"Feature","properties":{"id":"osm:node:9191159979","name":"世貿公園","category":"bicycle_rental","nameEn":"World Trade Park","brand":"YouBike 2.0","opening_hours":"24/7"},"geometry":{"type":"Point","coordinates":[121.61422,25.05831]}},{"type":"Feature","properties":{"id":"osm:node:9191159980","name":"南港軟體園區(新民街)","category":"bicycle_rental","nameEn":"NKSP (Xinmin St)","brand":"YouBike 2.0","opening_hours":"24/7","wheelchair":"yes"},"geometry":{"type":"Point","coordinates":[121.61369,25.05627]}},{"type":"Feature","properties":{"id":"osm:node:9191159981","name":"忠孝東路七段527巷口","category":"bicycle_rental","nameEn":"Ln. 527, Sec. 7, Zhongxiao E Rd. Intersection","brand":"YouBike 2.0","opening_hours":"24/7"},"geometry":{"type":"Point","coordinates":[121.61275,25.05266]}},{"type":"Feature","properties":{"id":"osm:node:9191159982","name":"南港車站(市民大道)","category":"bicycle_rental","nameEn":"Nangang Train Sta. (Civic Blvd)","brand":"YouBike 2.0","opening_hours":"24/7"},"geometry":{"type":"Point","coordinates":[121.60656,25.05326]}},{"type":"Feature","properties":{"id":"osm:node:9191159983","name":"臺北流行音樂中心(市民大道)","category":"bicycle_rental","nameEn":"Taipei Pop Music Center (Civic Blvd)","brand":"YouBike 2.0","opening_hours":"24/7"},"geometry":{"type":"Point","coordinates":[121.59839,25.05211]}},{"type":"Feature","properties":{"id":"osm:node:9191159984","name":"興南公園","category":"bicycle_rental","nameEn":"Xingnan Park","brand":"YouBike 2.0","opening_hours":"24/7"},"geometry":{"type":"Point","coordinates":[121.60396,25.05766]}},{"type":"Feature","properties":{"id":"osm:node:9191159985","name":"臺北流行音樂中心(南港路)","category":"bicycle_rental","nameEn":"Taipei Pop Music Center","brand":"YouBike 2.0","opening_hours":"24/7"},"geometry":{"type":"Point","coordinates":[121.59945,25.05343]}},{"type":"Feature","properties":{"id":"osm:node:9191159986","name":"南港加壓站","category":"bicycle_rental","nameEn":"Nangangjiaya Sta.","brand":"YouBike 2.0","opening_hours":"24/7"},"geometry":{"type":"Point","coordinates":[121.61594,25.04805]}},{"type":"Feature","properties":{"id":"osm:node:9191159987","name":"六福公園","category":"bicycle_rental","nameEn":"Liufu Park","brand":"YouBike 2.0","opening_hours":"24/7"},"geometry":{"type":"Point","coordinates":[121.61703,25.04681]}},{"type":"Feature","properties":{"id":"osm:node:9191159988","name":"中華科技大學","category":"bicycle_rental","nameEn":"China University of Science and Technology","brand":"YouBike 2.0","opening_hours":"24/7"},"geometry":{"type":"Point","coordinates":[121.60985,25.03392]}},{"type":"Feature","properties":{"id":"osm:node:9191159989","name":"中研公園","category":"bicycle_rental","nameEn":"Academia Park","brand":"YouBike 2.0","opening_hours":"24/7"},"geometry":{"type":"Point","coordinates":[121.61375,25.04697]}},{"type":"Feature","properties":{"id":"osm:node:9191159990","name":"捷運南港展覽館站(5號出口)","category":"bicycle_rental","nameEn":"MRT Nangang Exhibition Center Sta. (Exit 5)","brand":"YouBike 2.0","opening_hours":"24/7","wheelchair":"yes"},"geometry":{"type":"Point","coordinates":[121.61669,25.05469]}},{"type":"Feature","properties":{"id":"osm:node:9191159991","name":"南港公園(福德街)","category":"bicycle_rental","nameEn":"Nangang Park (Fude St)","brand":"YouBike 2.0","opening_hours":"24/7"},"geometry":{"type":"Point","coordinates":[121.59089,25.04128]}},{"type":"Feature","properties":{"id":"osm:node:9191159992","name":"光復南路22巷口","category":"bicycle_rental","nameEn":"Ln. 22, Guangfu S. Rd. Intersection","brand":"YouBike 2.0","opening_hours":"24/7"},"geometry":{"type":"Point","coordinates":[121.55771,25.04693]}},{"type":"Feature","properties":{"id":"osm:node:9191159993","name":"民權光復路口(東北側)","category":"bicycle_rental","nameEn":"Minquan Rd. & Guangfu Rd. Intersection (Northeast)","brand":"YouBike 2.0","opening_hours":"24/7"},"geometry":{"type":"Point","coordinates":[121.55475,25.06206]}},{"type":"Feature","properties":{"id":"osm:node:9191159994","name":"健康社會住宅","category":"bicycle_rental","nameEn":"Jiankang Social Housing","brand":"YouBike 2.0","opening_hours":"24/7"},"geometry":{"type":"Point","coordinates":[121.56545,25.05433]}},{"type":"Feature","properties":{"id":"osm:node:9191159995","name":"八德路三段8巷口","category":"bicycle_rental","nameEn":"Ln. 8, Sec. 3, Bade Rd. Intersection","brand":"YouBike 2.0","opening_hours":"24/7"},"geometry":{"type":"Point","coordinates":[121.549531,25.044937]}},{"type":"Feature","properties":{"id":"osm:node:9191159996","name":"八德路三段74巷口","category":"bicycle_rental","nameEn":"Ln. 74, Sec. 3, Bade Rd. Intersection","brand":"YouBike 2.0","opening_hours":"24/7"},"geometry":{"type":"Point","coordinates":[121.55252,25.04459]}},{"type":"Feature","properties":{"id":"osm:node:9191159997","name":"新東公園","category":"bicycle_rental","nameEn":"Xindong Park","brand":"YouBike 2.0","opening_hours":"24/7","wheelchair":"yes"},"geometry":{"type":"Point","coordinates":[121.56888,25.05925]}},{"type":"Feature","properties":{"id":"osm:node:9191159998","name":"民權運動公園","category":"bicycle_rental","nameEn":"Minquan Sports Park","brand":"YouBike 2.0","opening_hours":"24/7"},"geometry":{"type":"Point","coordinates":[121.56019,25.062]}},{"type":"Feature","properties":{"id":"osm:node:9191159999","name":"西松高中","category":"bicycle_rental","nameEn":"Xisong Senior High School","brand":"YouBike 2.0","opening_hours":"24/7"},"geometry":{"type":"Point","coordinates":[121.56701,25.05492]}},{"type":"Feature","properties":{"id":"osm:node:9191160000","name":"鵬程公園","category":"bicycle_rental","nameEn":"Pengcheng Park","brand":"YouBike 2.0","opening_hours":"24/7"},"geometry":{"type":"Point","coordinates":[121.56876,25.05503]}},{"type":"Feature","properties":{"id":"osm:node:9191160001","name":"捷運新北投站(2號出口)","category":"bicycle_rental","nameEn":"MRT Xinbeitou Sta. (Exit 2)","brand":"YouBike 2.0","opening_hours":"24/7"},"geometry":{"type":"Point","coordinates":[121.50224,25.13675]}},{"type":"Feature","properties":{"id":"osm:node:9191160002","name":"東湖國中","category":"bicycle_rental","nameEn":"Dong Hu Junior High School","brand":"YouBike 2.0","opening_hours":"24/7"},"geometry":{"type":"Point","coordinates":[121.61962,25.07334]}},{"type":"Feature","properties":{"id":"osm:node:9191160003","name":"捷運內湖站(2號出口)","category":"bicycle_rental","nameEn":"MRT Neihu Sta. (Exit 2)","brand":"YouBike 2.0","opening_hours":"24/7"},"geometry":{"type":"Point","coordinates":[121.59454,25.0835]}},{"type":"Feature","properties":{"id":"osm:node:9191160004","name":"福華商場","category":"bicycle_rental","nameEn":"Fuhua Market","brand":"YouBike 2.0","opening_hours":"24/7"},"geometry":{"type":"Point","coordinates":[121.59265,25.06877]}},{"type":"Feature","properties":{"id":"osm:node:9191160005","name":"內湖行政中心","category":"bicycle_rental","nameEn":"Neihu District Office","brand":"YouBike 2.0","opening_hours":"24/7"},"geometry":{"type":"Point","coordinates":[121.58898,25.06915]}},{"type":"Feature","properties":{"id":"osm:node:9191160006","name":"林安泰古厝","category":"bicycle_rental","nameEn":"Lin An Tai Historical House","brand":"YouBike 2.0","opening_hours":"24/7"},"geometry":{"type":"Point","coordinates":[121.53058,25.07154]}},{"type":"Feature","properties":{"id":"osm:node:9191160007","name":"吉林路407巷口","category":"bicycle_rental","nameEn":"Ln. 407, Jilin Rd. Intersection","brand":"YouBike 2.0","opening_hours":"24/7"},"geometry":{"type":"Point","coordinates":[121.53041,25.06595]}},{"type":"Feature","properties":{"id":"osm:node:9191160008","name":"新喜公園","category":"bicycle_rental","nameEn":"Xinxi Park","brand":"YouBike 2.0","opening_hours":"24/7"},"geometry":{"type":"Point","coordinates":[121.53177,25.06533]}},{"type":"Feature","properties":{"id":"osm:node:9191160009","name":"五常國中","category":"bicycle_rental","nameEn":"Wuchang Junior High School","brand":"YouBike 2.0","opening_hours":"24/7"},"geometry":{"type":"Point","coordinates":[121.54366,25.06505]}},{"type":"Feature","properties":{"id":"osm:node:9191160010","name":"下埤公園","category":"bicycle_rental","nameEn":"Xiapi Park","brand":"YouBike 2.0","opening_hours":"24/7"},"geometry":{"type":"Point","coordinates":[121.54213,25.06682]}},{"type":"Feature","properties":{"id":"osm:node:9191160011","name":"中原公園","category":"bicycle_rental","nameEn":"Zhongyuan Park","brand":"YouBike 2.0","opening_hours":"24/7"},"geometry":{"type":"Point","coordinates":[121.52821,25.05583]}},{"type":"Feature","properties":{"id":"osm:node:9191160012","name":"南京林森路口","category":"bicycle_rental","nameEn":"Nanjing E. Rd.","brand":"YouBike 2.0","opening_hours":"24/7"},"geometry":{"type":"Point","coordinates":[121.52556,25.05201]}},{"type":"Feature","properties":{"id":"osm:node:9191160013","name":"新生高架停車場(林森北路107巷口)","category":"bicycle_rental","nameEn":"Xinsheng Elevated Parking Lot (Ln. 107, Linsen N. Rd.)","brand":"YouBike 2.0","opening_hours":"24/7"},"geometry":{"type":"Point","coordinates":[121.52853,25.04983]}},{"type":"Feature","properties":{"id":"osm:node:9191160014","name":"捷運中山國小站(4號出口)","category":"bicycle_rental","nameEn":"MRT Zhongshan Elementary School Sta. (Exit 4)","brand":"YouBike 2.0","opening_hours":"24/7"},"geometry":{"type":"Point","coordinates":[121.52697,25.06283]}},{"type":"Feature","properties":{"id":"osm:node:9191160015","name":"林森農安街口","category":"bicycle_rental","nameEn":"Linsen Rd. & Nong'an St. Intersection","brand":"YouBike 2.0","opening_hours":"24/7"},"geometry":{"type":"Point","coordinates":[121.52565,25.06531]}},{"type":"Feature","properties":{"id":"osm:node:9191160016","name":"華山公園","category":"bicycle_rental","nameEn":"Huashan Park","brand":"YouBike 2.0","opening_hours":"24/7"},"geometry":{"type":"Point","coordinates":[121.5277,25.0471]}},{"type":"Feature","properties":{"id":"osm:node:9191173817","name":"朱崙商場","category":"bicycle_rental","nameEn":"Zhulun Market","brand":"YouBike 2.0","opening_hours":"24/7"},"geometry":{"type":"Point","coordinates":[121.54043,25.04762]}},{"type":"Feature","properties":{"id":"osm:node:9191173818","name":"市民林森路口","category":"bicycle_rental","nameEn":"Civic Blvd. & Linsen Rd. Intersection","brand":"YouBike 2.0","opening_hours":"24/7"},"geometry":{"type":"Point","coordinates":[121.525889,25.047659]}},{"type":"Feature","properties":{"id":"osm:node:9191173819","name":"新生長安路口","category":"bicycle_rental","nameEn":"Xinsheng Rd. & Chang'an Rd. Intersection","brand":"YouBike 2.0","opening_hours":"24/7"},"geometry":{"type":"Point","coordinates":[121.52935,25.04861]}},{"type":"Feature","properties":{"id":"osm:node:9191173820","name":"伊通長安路口","category":"bicycle_rental","nameEn":"Yitong St. & Chang'an Rd. Intersection","brand":"YouBike 2.0","opening_hours":"24/7"},"geometry":{"type":"Point","coordinates":[121.53469,25.04833]}},{"type":"Feature","properties":{"id":"osm:node:9191173821","name":"復興市民路口","category":"bicycle_rental","nameEn":"Fuxing Rd. & Civic Blvd. Intersection","brand":"YouBike 2.0","opening_hours":"24/7"},"geometry":{"type":"Point","coordinates":[121.54375,25.04585]}},{"type":"Feature","properties":{"id":"osm:node:9191173822","name":"中山徐州路口","category":"bicycle_rental","nameEn":"Zhongshan Rd. & Xuzhou Rd. Intersection","brand":"YouBike 2.0","opening_hours":"24/7"},"geometry":{"type":"Point","coordinates":[121.51907,25.04178]}},{"type":"Feature","properties":{"id":"osm:node:9191173823","name":"師大水源路口","category":"bicycle_rental","nameEn":"Shida Rd. & Shuiyuan Rd. Intersection","brand":"YouBike 2.0","opening_hours":"24/7"},"geometry":{"type":"Point","coordinates":[121.52302,25.0203]}},{"type":"Feature","properties":{"id":"osm:node:9191173824","name":"老泉街籃球場","category":"bicycle_rental","nameEn":"Laoquan St. Basketball Court","brand":"YouBike 2.0","opening_hours":"24/7"},"geometry":{"type":"Point","coordinates":[121.5583,24.97619]}},{"type":"Feature","properties":{"id":"osm:node:9191173826","name":"和興路26巷口","category":"bicycle_rental","nameEn":"No. 26, Hexing St. Intersection","brand":"YouBike 2.0","opening_hours":"24/7"},"geometry":{"type":"Point","coordinates":[121.545294,24.985742]}},{"type":"Feature","properties":{"id":"osm:node:9191173827","name":"考試院","category":"bicycle_rental","nameEn":"Examination Yuan","brand":"YouBike 2.0","opening_hours":"24/7"},"geometry":{"type":"Point","coordinates":[121.5498,24.987568]}},{"type":"Feature","properties":{"id":"osm:node:9191173828","name":"捷運動物園站","category":"bicycle_rental","nameEn":"MRT Taipei Zoo Sta.","brand":"YouBike 2.0","opening_hours":"24/7"},"geometry":{"type":"Point","coordinates":[121.57985,24.99873]}},{"type":"Feature","properties":{"id":"osm:node:9191173829","name":"景華街128巷口","category":"bicycle_rental","nameEn":"Ln 128, Jinghua St.","brand":"YouBike 2.0","opening_hours":"24/7"},"geometry":{"type":"Point","coordinates":[121.54725,24.99543]}},{"type":"Feature","properties":{"id":"osm:node:9191173830","name":"景美醫院","category":"bicycle_rental","nameEn":"Jing Mei Hospital","brand":"YouBike 2.0","opening_hours":"24/7"},"geometry":{"type":"Point","coordinates":[121.54008,24.99136]}},{"type":"Feature","properties":{"id":"osm:node:9191173831","name":"興旺公園","category":"bicycle_rental","nameEn":"Xingwang Park","brand":"YouBike 2.0","opening_hours":"24/7"},"geometry":{"type":"Point","coordinates":[121.550221,25.005948]}},{"type":"Feature","properties":{"id":"osm:node:9191173832","name":"芝山國小","category":"bicycle_rental","nameEn":"Zhishan Elementary School","brand":"YouBike 2.0","opening_hours":"24/7"},"geometry":{"type":"Point","coordinates":[121.53595,25.11044]}},{"type":"Feature","properties":{"id":"osm:node:9191173833","name":"永樂市場","category":"bicycle_rental","nameEn":"Yongle Market","brand":"YouBike 2.0","opening_hours":"24/7"},"geometry":{"type":"Point","coordinates":[121.51052,25.05454]}},{"type":"Feature","properties":{"id":"osm:node:9191173834","name":"朝陽公園","category":"bicycle_rental","nameEn":"Zhaoyang Park","brand":"YouBike 2.0","opening_hours":"24/7"},"geometry":{"type":"Point","coordinates":[121.51367,25.05592]}},{"type":"Feature","properties":{"id":"osm:node:9191173835","name":"捷運北門站(3號出口)","category":"bicycle_rental","nameEn":"MRT Beimen. (Exit 3)","brand":"YouBike 2.0","opening_hours":"24/7"},"geometry":{"type":"Point","coordinates":[121.5104,25.04991]}},{"type":"Feature","properties":{"id":"osm:node:9191173836","name":"大龍峒社會住宅","category":"bicycle_rental","nameEn":"Dalongdong Social Housing","brand":"YouBike 2.0","opening_hours":"24/7"},"geometry":{"type":"Point","coordinates":[121.51826,25.0708]}},{"type":"Feature","properties":{"id":"osm:node:9191173837","name":"台北數位產業園區","category":"bicycle_rental","nameEn":"DigiBlock Taipei","brand":"YouBike 2.0","opening_hours":"24/7"},"geometry":{"type":"Point","coordinates":[121.52003,25.07447]}},{"type":"Feature","properties":{"id":"osm:node:9191173838","name":"重慶北路三段383巷口","category":"bicycle_rental","nameEn":"Ln. 383, Sec. 3, Chongqing N Rd. Intersection","brand":"YouBike 2.0","opening_hours":"24/7"},"geometry":{"type":"Point","coordinates":[121.51409,25.07598]}},{"type":"Feature","properties":{"id":"osm:node:9191173839","name":"重慶國中","category":"bicycle_rental","nameEn":"Chongqing Junior High School","brand":"YouBike 2.0","opening_hours":"24/7"},"geometry":{"type":"Point","coordinates":[121.51862,25.07567]}},{"type":"Feature","properties":{"id":"osm:node:9191173840","name":"合昌宮","category":"bicycle_rental","nameEn":"Hechang Temple","brand":"YouBike 2.0","opening_hours":"24/7"},"geometry":{"type":"Point","coordinates":[121.50934,25.07717]}},{"type":"Feature","properties":{"id":"osm:node:9191173841","name":"樂利路21巷口","category":"bicycle_rental","nameEn":"Ln. 21, Leli Rd. Intersection","brand":"YouBike 2.0","opening_hours":"24/7"},"geometry":{"type":"Point","coordinates":[121.55132,25.0277]}},{"type":"Feature","properties":{"id":"osm:node:9191173842","name":"瑞安街208巷","category":"bicycle_rental","nameEn":"Ln. 208, Rui'an St.","brand":"YouBike 2.0","opening_hours":"24/7"},"geometry":{"type":"Point","coordinates":[121.54053,25.02979]}},{"type":"Feature","properties":{"id":"osm:node:9191173843","name":"捷運忠孝敦化站(7號出口)","category":"bicycle_rental","nameEn":"MRT Zhongxiao Dunhua Sta. (Exit 7)","brand":"YouBike 2.0","opening_hours":"24/7"},"geometry":{"type":"Point","coordinates":[121.54937,25.04159]}},{"type":"Feature","properties":{"id":"osm:node:9191173844","name":"捷運忠孝敦化站(2號出口)","category":"bicycle_rental","nameEn":"MRT Zhongxiao Dunhua Sta. (Exit 2)","brand":"YouBike 2.0","opening_hours":"24/7"},"geometry":{"type":"Point","coordinates":[121.5524,25.04153]}},{"type":"Feature","properties":{"id":"osm:node:9191173845","name":"捷運忠孝復興站(5號出口)","category":"bicycle_rental","nameEn":"MRT Zhongxiao Fuxing Sta (Exit 5)","brand":"YouBike 2.0","opening_hours":"24/7"},"geometry":{"type":"Point","coordinates":[121.54443,25.04262]}},{"type":"Feature","properties":{"id":"osm:node:9191173846","name":"德安公園(四維路66巷)","category":"bicycle_rental","nameEn":"Dean Park","brand":"YouBike 2.0","opening_hours":"24/7"},"geometry":{"type":"Point","coordinates":[121.54767,25.03473]}},{"type":"Feature","properties":{"id":"osm:node:9191173847","name":"東豐公園","category":"bicycle_rental","nameEn":"Dongfeng Park","brand":"YouBike 2.0","opening_hours":"24/7"},"geometry":{"type":"Point","coordinates":[121.5451,25.03569]}},{"type":"Feature","properties":{"id":"osm:node:9191173848","name":"信義建國路口","category":"bicycle_rental","nameEn":"Xinyi Rd. & Jianguo Rd. Intersection","brand":"YouBike 2.0","opening_hours":"24/7"},"geometry":{"type":"Point","coordinates":[121.53746,25.0328]}},{"type":"Feature","properties":{"id":"osm:node:9191173849","name":"捷運大安森林公園站(5號出口)","category":"bicycle_rental","nameEn":"MRT Daan Park Sta. (Exit 5)","brand":"YouBike 2.0","opening_hours":"24/7"},"geometry":{"type":"Point","coordinates":[121.5364,25.03336]}},{"type":"Feature","properties":{"id":"osm:node:9230243084","name":"新北市政府(新站路)","category":"bicycle_rental","nameEn":"New Taipei City Hall (Xinzhan Rd)","brand":"YouBike 2.0","opening_hours":"24/7"},"geometry":{"type":"Point","coordinates":[121.46653,25.01252]}},{"type":"Feature","properties":{"id":"osm:node:9230243085","name":"新北市政府(新府路)","category":"bicycle_rental","nameEn":"New Taipei City Hall (Xinfu Rd.)","brand":"YouBike 2.0","opening_hours":"24/7"},"geometry":{"type":"Point","coordinates":[121.4642,25.01245]}},{"type":"Feature","properties":{"id":"osm:node:9230243086","name":"環河公園","category":"bicycle_rental","nameEn":"Huanhe Park","brand":"YouBike 2.0","opening_hours":"24/7"},"geometry":{"type":"Point","coordinates":[121.45064,25.01666]}},{"type":"Feature","properties":{"id":"osm:node:9230243087","name":"四川遠東路口","category":"bicycle_rental","nameEn":"Sichuan & Yuandong Intersection","brand":"YouBike 2.0","opening_hours":"24/7"},"geometry":{"type":"Point","coordinates":[121.45759,24.99856]}},{"type":"Feature","properties":{"id":"osm:node:9230243088","name":"捷運亞東醫院站(2號出口)","category":"bicycle_rental","nameEn":"MRT Far Eastern Hospital Sta.(Exit.2)","brand":"YouBike 2.0","opening_hours":"24/7"},"geometry":{"type":"Point","coordinates":[121.4522,24.99763]}},{"type":"Feature","properties":{"id":"osm:node:9230243090","name":"台灣科技廣場","category":"bicycle_rental","nameEn":"Taiwan Science And Technology Plaza","brand":"YouBike 2.0","opening_hours":"24/7"},"geometry":{"type":"Point","coordinates":[121.48906,25.00572]}},{"type":"Feature","properties":{"id":"osm:node:9230243091","name":"民有公園","category":"bicycle_rental","nameEn":"Minyou Park","brand":"YouBike 2.0","opening_hours":"24/7"},"geometry":{"type":"Point","coordinates":[121.47468,25.00863]}},{"type":"Feature","properties":{"id":"osm:node:9230243092","name":"民享藝文特區","category":"bicycle_rental","nameEn":"Minxiang Art Zone","brand":"YouBike 2.0","opening_hours":"24/7"},"geometry":{"type":"Point","coordinates":[121.47529,25.00354]}},{"type":"Feature","properties":{"id":"osm:node:9230243093","name":"新北市立中和高級中學","category":"bicycle_rental","nameEn":"New Taipei Municipal Zhonghe Senior High School","brand":"YouBike 2.0","opening_hours":"24/7"},"geometry":{"type":"Point","coordinates":[121.4786,24.99424]}},{"type":"Feature","properties":{"id":"osm:node:9230243094","name":"景安板南路口","category":"bicycle_rental","nameEn":"Jing’an / Bannan Intersection","brand":"YouBike 2.0","opening_hours":"24/7"},"geometry":{"type":"Point","coordinates":[121.50424,24.99228]}},{"type":"Feature","properties":{"id":"osm:node:9230243095","name":"中正路161巷口","category":"bicycle_rental","nameEn":"Ln.161,Zhongzheng & Zhongzheng Intersection","brand":"YouBike 2.0","opening_hours":"24/7"},"geometry":{"type":"Point","coordinates":[121.49935,24.99299]}},{"type":"Feature","properties":{"id":"osm:node:9230243096","name":"捷運南勢角站(4號出口)","category":"bicycle_rental","nameEn":"MRT Nanshijiao Sta.(Exit 4)","brand":"YouBike 2.0","opening_hours":"24/7","wheelchair":"yes"},"geometry":{"type":"Point","coordinates":[121.50998,24.98942]}},{"type":"Feature","properties":{"id":"osm:node:9230243097","name":"光華橋(保平路)","category":"bicycle_rental","nameEn":"Guanghua Bridge (Baoping Rd.)","brand":"YouBike 2.0","opening_hours":"24/7"},"geometry":{"type":"Point","coordinates":[121.50779,25.00467]}},{"type":"Feature","properties":{"id":"osm:node:9230243098","name":"漳和國中","category":"bicycle_rental","nameEn":"Zhanghe Junior High School","brand":"YouBike 2.0","opening_hours":"24/7"},"geometry":{"type":"Point","coordinates":[121.50505,25.00244]}},{"type":"Feature","properties":{"id":"osm:node:9230243099","name":"天山公園(永安街)","category":"bicycle_rental","nameEn":"Tianshan Park (Yong'an St.)","brand":"YouBike 2.0","opening_hours":"24/7"},"geometry":{"type":"Point","coordinates":[121.51753,24.98652]}},{"type":"Feature","properties":{"id":"osm:node:9230243100","name":"東勢宜興活動中心","category":"bicycle_rental","nameEn":"Yixing Dongshi Activity Center","brand":"YouBike 2.0","opening_hours":"24/7"},"geometry":{"type":"Point","coordinates":[121.62429,25.03881]}},{"type":"Feature","properties":{"id":"osm:node:9230243101","name":"捷運景安站","category":"bicycle_rental","nameEn":"MRT Jingan Station","brand":"YouBike 2.0","opening_hours":"24/7"},"geometry":{"type":"Point","coordinates":[121.50472,24.99352]}},{"type":"Feature","properties":{"id":"osm:node:9230243102","name":"雙和醫院","category":"bicycle_rental","nameEn":"Shuang Ho Hospital","brand":"YouBike 2.0","opening_hours":"24/7"},"geometry":{"type":"Point","coordinates":[121.49411,24.99367]}},{"type":"Feature","properties":{"id":"osm:node:9230243103","name":"台灣科學園區","category":"bicycle_rental","nameEn":"Taiwan Science Park","brand":"YouBike 2.0","opening_hours":"24/7"},"geometry":{"type":"Point","coordinates":[121.63496,25.05793]}},{"type":"Feature","properties":{"id":"osm:node:9230243104","name":"三重高中","category":"bicycle_rental","nameEn":"Sanchong High School","brand":"YouBike 2.0","opening_hours":"24/7"},"geometry":{"type":"Point","coordinates":[121.49171,25.05478]}},{"type":"Feature","properties":{"id":"osm:node:9230243105","name":"重新重安街口","category":"bicycle_rental","nameEn":"Chongxin Rd. & Zhongan St. Intersection","brand":"YouBike 2.0","opening_hours":"24/7"},"geometry":{"type":"Point","coordinates":[121.48975,25.05844]}},{"type":"Feature","properties":{"id":"osm:node:9230243106","name":"北新國小","category":"bicycle_rental","nameEn":"Beixin Elementary School","brand":"YouBike 2.0","opening_hours":"24/7"},"geometry":{"type":"Point","coordinates":[121.54443,24.97423]}},{"type":"Feature","properties":{"id":"osm:node:9230243107","name":"中興寶橋路口","category":"bicycle_rental","nameEn":"Zhongxing Rd. & Baoqiao Rd. Intersection","brand":"YouBike 2.0","opening_hours":"24/7"},"geometry":{"type":"Point","coordinates":[121.54687,24.97618]}},{"type":"Feature","properties":{"id":"osm:node:9230243108","name":"疏洪東竹圍仔街口","category":"bicycle_rental","nameEn":"Shuhong E. Rd. & Zhuweizi St. Intersection","brand":"YouBike 2.0","opening_hours":"24/7"},"geometry":{"type":"Point","coordinates":[121.4864,25.04861]}},{"type":"Feature","properties":{"id":"osm:node:9230243109","name":"中興橋(環河南路254巷口)","category":"bicycle_rental","nameEn":"Zhongxing Bridge (Ln. 254, Huanhe S. Rd.)","brand":"YouBike 2.0","opening_hours":"24/7"},"geometry":{"type":"Point","coordinates":[121.49138,25.05052]}},{"type":"Feature","properties":{"id":"osm:node:9230243110","name":"捷運三重站(1號出口)","category":"bicycle_rental","nameEn":"MRT Sanchong Sta. (Exit 1)","brand":"YouBike 2.0","opening_hours":"24/7"},"geometry":{"type":"Point","coordinates":[121.48322,25.05464]}},{"type":"Feature","properties":{"id":"osm:node:9230243111","name":"三重國民運動中心","category":"bicycle_rental","nameEn":"Sanchong Civil Sports Center","brand":"YouBike 2.0","opening_hours":"24/7"},"geometry":{"type":"Point","coordinates":[121.48849,25.05439]}},{"type":"Feature","properties":{"id":"osm:node:9230243112","name":"健華新城社區","category":"bicycle_rental","nameEn":"Jianhua New Village","brand":"YouBike 2.0","opening_hours":"24/7"},"geometry":{"type":"Point","coordinates":[121.4653,25.01927]}},{"type":"Feature","properties":{"id":"osm:node:9230243113","name":"捷運板新站","category":"bicycle_rental","nameEn":"MRT Banxin Station","brand":"YouBike 2.0","opening_hours":"24/7"},"geometry":{"type":"Point","coordinates":[121.47124,25.01409]}},{"type":"Feature","properties":{"id":"osm:node:9230243114","name":"捷運新埔站(1號出口)","category":"bicycle_rental","nameEn":"MRT Xinpu Sta.(Exit.1)","brand":"YouBike 2.0","opening_hours":"24/7"},"geometry":{"type":"Point","coordinates":[121.46745,25.0235]}},{"type":"Feature","properties":{"id":"osm:node:9230243115","name":"捷運新埔站(5號出口)","category":"bicycle_rental","nameEn":"MRT Xinpu Station (Exit.5)","brand":"YouBike 2.0","opening_hours":"24/7"},"geometry":{"type":"Point","coordinates":[121.46808,25.0235]}},{"type":"Feature","properties":{"id":"osm:node:9230243116","name":"興華公園","category":"bicycle_rental","nameEn":"Xinghua Park","brand":"YouBike 2.0","opening_hours":"24/7"},"geometry":{"type":"Point","coordinates":[121.4831,25.06013]}},{"type":"Feature","properties":{"id":"osm:node:9230253917","name":"光興國小","category":"bicycle_rental","nameEn":"Guangxing Elementary School","brand":"YouBike 2.0","opening_hours":"24/7"},"geometry":{"type":"Point","coordinates":[121.49978,25.06027]}},{"type":"Feature","properties":{"id":"osm:node:9230253918","name":"捷運十四張站","category":"bicycle_rental","nameEn":"MRT Shisizhang Sta.","brand":"YouBike 2.0","opening_hours":"24/7"},"geometry":{"type":"Point","coordinates":[121.52833,24.983819]}},{"type":"Feature","properties":{"id":"osm:node:9230253919","name":"捷運小碧潭站(1號出口)","category":"bicycle_rental","nameEn":"MRT Xiaobitan Sta. (Exit 1)","brand":"YouBike 2.0","opening_hours":"24/7"},"geometry":{"type":"Point","coordinates":[121.53029,24.97152]}},{"type":"Feature","properties":{"id":"osm:node:9230253920","name":"陽光橋","category":"bicycle_rental","nameEn":"Yangguang Bridge","brand":"YouBike 2.0","opening_hours":"24/7"},"geometry":{"type":"Point","coordinates":[121.52477,24.97924]}},{"type":"Feature","properties":{"id":"osm:node:9230253921","name":"湳雅觀光夜市(津渡橋)","category":"bicycle_rental","nameEn":"Nanya Night Market (Jindu Bridge)","brand":"YouBike 2.0","opening_hours":"24/7"},"geometry":{"type":"Point","coordinates":[121.45231,25.0079]}},{"type":"Feature","properties":{"id":"osm:node:9230253922","name":"華德公園","category":"bicycle_rental","nameEn":"Huade Park","brand":"YouBike 2.0","opening_hours":"24/7"},"geometry":{"type":"Point","coordinates":[121.45279,24.99195]}},{"type":"Feature","properties":{"id":"osm:node:9230253924","name":"三光國小(金滿意)","category":"bicycle_rental","nameEn":"Sanguang Elementary School (Jin manyì)","brand":"YouBike 2.0","opening_hours":"24/7"},"geometry":{"type":"Point","coordinates":[121.49687,25.05596]}},{"type":"Feature","properties":{"id":"osm:node:9230253925","name":"環河福德南路口","category":"bicycle_rental","nameEn":"Huanhe Rd. & Fude Rd. Intersection","brand":"YouBike 2.0","opening_hours":"24/7"},"geometry":{"type":"Point","coordinates":[121.50217,25.06029]}},{"type":"Feature","properties":{"id":"osm:node:9230253927","name":"中正國小","category":"bicycle_rental","nameEn":"Zhongzheng Elementary School","brand":"YouBike 2.0","opening_hours":"24/7","wheelchair":"yes"},"geometry":{"type":"Point","coordinates":[121.53646,24.9714]}},{"type":"Feature","properties":{"id":"osm:node:9230253928","name":"新店高中","category":"bicycle_rental","nameEn":"Hsin Tien Senior High School","brand":"YouBike 2.0","opening_hours":"24/7"},"geometry":{"type":"Point","coordinates":[121.53421,24.97418]}},{"type":"Feature","properties":{"id":"osm:node:9230253929","name":"三重商工(後竹圍街)","category":"bicycle_rental","nameEn":"SanChung Commercial and Indus (Houzhuwei St.)","brand":"YouBike 2.0","opening_hours":"24/7"},"geometry":{"type":"Point","coordinates":[121.47976,25.07031]}},{"type":"Feature","properties":{"id":"osm:node:9230253930","name":"三重綜合體育館","category":"bicycle_rental","nameEn":"Sanchong Sports Center","brand":"YouBike 2.0","opening_hours":"24/7"},"geometry":{"type":"Point","coordinates":[121.49193,25.06145]}},{"type":"Feature","properties":{"id":"osm:node:9230253931","name":"捷運菜寮站(3號出口)","category":"bicycle_rental","nameEn":"MRT Cailiao Sta. (Exit 3)","brand":"YouBike 2.0","opening_hours":"24/7"},"geometry":{"type":"Point","coordinates":[121.4922,25.06047]}},{"type":"Feature","properties":{"id":"osm:node:9230253932","name":"三重行政中心","category":"bicycle_rental","nameEn":"Sanchong District Admin. Center","brand":"YouBike 2.0","opening_hours":"24/7"},"geometry":{"type":"Point","coordinates":[121.48823,25.06057]}},{"type":"Feature","properties":{"id":"osm:node:9230253933","name":"文中小停車場","category":"bicycle_rental","nameEn":"Wenzhongxiao Parking Lot","brand":"YouBike 2.0","opening_hours":"24/7"},"geometry":{"type":"Point","coordinates":[121.48255,25.05899]}},{"type":"Feature","properties":{"id":"osm:node:9230253934","name":"聯邦公園","category":"bicycle_rental","nameEn":"Lianbang Park","brand":"YouBike 2.0","opening_hours":"24/7"},"geometry":{"type":"Point","coordinates":[121.48371,25.06445]}},{"type":"Feature","properties":{"id":"osm:node:9230253935","name":"板橋信義公園","category":"bicycle_rental","nameEn":"Banqiao Xinyi Park","brand":"YouBike 2.0","opening_hours":"24/7"},"geometry":{"type":"Point","coordinates":[121.45622,24.99625]}},{"type":"Feature","properties":{"id":"osm:node:9230253937","name":"南雅公園","category":"bicycle_rental","nameEn":"Nanya Park","brand":"YouBike 2.0","opening_hours":"24/7"},"geometry":{"type":"Point","coordinates":[121.45526,25.00376]}},{"type":"Feature","properties":{"id":"osm:node:9230253938","name":"忠孝國中","category":"bicycle_rental","nameEn":"Zhongxiao Junior High School","brand":"YouBike 2.0","opening_hours":"24/7"},"geometry":{"type":"Point","coordinates":[121.46129,25.00488]}},{"type":"Feature","properties":{"id":"osm:node:9230253939","name":"修德國小","category":"bicycle_rental","nameEn":"Sioude Elementary School","brand":"YouBike 2.0","opening_hours":"24/7"},"geometry":{"type":"Point","coordinates":[121.49045,25.0653]}},{"type":"Feature","properties":{"id":"osm:node:9230253940","name":"厚德公園","category":"bicycle_rental","nameEn":"Houde Park","brand":"YouBike 2.0","opening_hours":"24/7"},"geometry":{"type":"Point","coordinates":[121.4912,25.07199]}},{"type":"Feature","properties":{"id":"osm:node:9230253941","name":"三張公園","category":"bicycle_rental","nameEn":"Sanzhang Park","brand":"YouBike 2.0","opening_hours":"24/7"},"geometry":{"type":"Point","coordinates":[121.49094,25.07051]}},{"type":"Feature","properties":{"id":"osm:node:9230253942","name":"六合公園","category":"bicycle_rental","nameEn":"Liuhe Park","brand":"YouBike 2.0","opening_hours":"24/7"},"geometry":{"type":"Point","coordinates":[121.48759,25.0695]}},{"type":"Feature","properties":{"id":"osm:node:9230253943","name":"和平公園","category":"bicycle_rental","nameEn":"Helping Park","brand":"YouBike 2.0","opening_hours":"24/7"},"geometry":{"type":"Point","coordinates":[121.48571,25.07088]}},{"type":"Feature","properties":{"id":"osm:node:9230253944","name":"後竹圍市民活動中心","category":"bicycle_rental","nameEn":"Houzhuwei Civil Activity Center","brand":"YouBike 2.0","opening_hours":"24/7"},"geometry":{"type":"Point","coordinates":[121.48576,25.07246]}},{"type":"Feature","properties":{"id":"osm:node:9230253945","name":"力行大勇街口","category":"bicycle_rental","nameEn":"Lixing & Tayung Intersection","brand":"YouBike 2.0","opening_hours":"24/7"},"geometry":{"type":"Point","coordinates":[121.48151,25.07193]}},{"type":"Feature","properties":{"id":"osm:node:9230253946","name":"埤墘公園","category":"bicycle_rental","nameEn":"Piqian Park","brand":"YouBike 2.0","opening_hours":"24/7"},"geometry":{"type":"Point","coordinates":[121.47422,25.02332]}},{"type":"Feature","properties":{"id":"osm:node:9230253947","name":"捷運新埔民生站","category":"bicycle_rental","nameEn":"MRT Xinpu Minsheng Station","brand":"YouBike 2.0","opening_hours":"24/7"},"geometry":{"type":"Point","coordinates":[121.46657,25.02598]}},{"type":"Feature","properties":{"id":"osm:node:9230253948","name":"板橋仁愛公園","category":"bicycle_rental","nameEn":"Banqiao Renai Park","brand":"YouBike 2.0","opening_hours":"24/7"},"geometry":{"type":"Point","coordinates":[121.45971,24.99601]}},{"type":"Feature","properties":{"id":"osm:node:9230253949","name":"民生公園","category":"bicycle_rental","nameEn":"Minsheng Park","brand":"YouBike 2.0","opening_hours":"24/7"},"geometry":{"type":"Point","coordinates":[121.47542,25.01368]}},{"type":"Feature","properties":{"id":"osm:node:9230253950","name":"板橋和平公園","category":"bicycle_rental","nameEn":"Banqiao Heping Park","brand":"YouBike 2.0","opening_hours":"24/7"},"geometry":{"type":"Point","coordinates":[121.46427,24.99766]}},{"type":"Feature","properties":{"id":"osm:node:9230253951","name":"莊敬公園","category":"bicycle_rental","nameEn":"Zhuangjing Park","brand":"YouBike 2.0","opening_hours":"24/7"},"geometry":{"type":"Point","coordinates":[121.47025,25.02062]}},{"type":"Feature","properties":{"id":"osm:node:9230253952","name":"四川忠孝路口","category":"bicycle_rental","nameEn":"Sichuan & Zhongxiao Intersection","brand":"YouBike 2.0","opening_hours":"24/7"},"geometry":{"type":"Point","coordinates":[121.45924,25.00149]}},{"type":"Feature","properties":{"id":"osm:node:9230253953","name":"環河西大漢街口","category":"bicycle_rental","nameEn":"Huanhe W. & Dahan Intersection","brand":"YouBike 2.0","opening_hours":"24/7"},"geometry":{"type":"Point","coordinates":[121.4612,25.03183]}},{"type":"Feature","properties":{"id":"osm:node:9230253954","name":"板橋地政事務所","category":"bicycle_rental","nameEn":"Banqiao Land Office","brand":"YouBike 2.0","opening_hours":"24/7","wheelchair":"yes"},"geometry":{"type":"Point","coordinates":[121.46333,25.00841]}},{"type":"Feature","properties":{"id":"osm:node:9230253955","name":"板橋真武廟","category":"bicycle_rental","nameEn":"Banqiao Zenwu Temple","brand":"YouBike 2.0","opening_hours":"24/7"},"geometry":{"type":"Point","coordinates":[121.48594,25.02046]}},{"type":"Feature","properties":{"id":"osm:node:9230253956","name":"安邦公園","category":"bicycle_rental","nameEn":"Anbang Park","brand":"YouBike 2.0","opening_hours":"24/7"},"geometry":{"type":"Point","coordinates":[121.49651,24.99678]}},{"type":"Feature","properties":{"id":"osm:node:9230253957","name":"莒光國小","category":"bicycle_rental","nameEn":"Juguang Elementary School","brand":"YouBike 2.0","opening_hours":"24/7","wheelchair":"yes"},"geometry":{"type":"Point","coordinates":[121.47465,25.02565]}},{"type":"Feature","properties":{"id":"osm:node:9230253958","name":"光復高中","category":"bicycle_rental","nameEn":"Guangfu Senior High School","brand":"YouBike 2.0","opening_hours":"24/7"},"geometry":{"type":"Point","coordinates":[121.48258,25.01735]}},{"type":"Feature","properties":{"id":"osm:node:9230253960","name":"板橋福德公園","category":"bicycle_rental","nameEn":"Banqiao Fude Park","brand":"YouBike 2.0","opening_hours":"24/7","wheelchair":"yes"},"geometry":{"type":"Point","coordinates":[121.46734,25.01156]}},{"type":"Feature","properties":{"id":"osm:node:9230253963","name":"保順環河西路口","category":"bicycle_rental","nameEn":"Baoshun & Huanhe W. Intersection","brand":"YouBike 2.0","opening_hours":"24/7"},"geometry":{"type":"Point","coordinates":[121.50285,25.01135]}},{"type":"Feature","properties":{"id":"osm:node:9230253964","name":"名利橋","category":"bicycle_rental","nameEn":"Minli Bridge","brand":"YouBike 2.0","opening_hours":"24/7"},"geometry":{"type":"Point","coordinates":[121.50099,25.00785]}},{"type":"Feature","properties":{"id":"osm:node:9230253965","name":"捷運景平站","category":"bicycle_rental","nameEn":"MRT Jingping Sta.","brand":"YouBike 2.0","opening_hours":"24/7"},"geometry":{"type":"Point","coordinates":[121.51563,24.99202]}},{"type":"Feature","properties":{"id":"osm:node:9230253968","name":"圓通錦和路口","category":"bicycle_rental","nameEn":"Yuantong & Jinhe Intersection","brand":"YouBike 2.0","opening_hours":"24/7"},"geometry":{"type":"Point","coordinates":[121.49125,24.98955]}},{"type":"Feature","properties":{"id":"osm:node:9230253969","name":"碧河宮","category":"bicycle_rental","nameEn":"Bihe Temple","brand":"YouBike 2.0","opening_hours":"24/7"},"geometry":{"type":"Point","coordinates":[121.49314,24.99665]}},{"type":"Feature","properties":{"id":"osm:node:9230253970","name":"民樂人行廣場","category":"bicycle_rental","nameEn":"Minle Jenhsing Square","brand":"YouBike 2.0","opening_hours":"24/7"},"geometry":{"type":"Point","coordinates":[121.48265,25.00184]}},{"type":"Feature","properties":{"id":"osm:node:9230253971","name":"中和安和路口","category":"bicycle_rental","nameEn":"Zhonghe & Anhoe Rd.","brand":"YouBike 2.0","opening_hours":"24/7"},"geometry":{"type":"Point","coordinates":[121.50602,24.99966]}},{"type":"Feature","properties":{"id":"osm:node:9230253977","name":"捷運新埔站(2號出口)","category":"bicycle_rental","nameEn":"MRT Xinpu Sta.(Exit.2)","brand":"YouBike 2.0","opening_hours":"24/7"},"geometry":{"type":"Point","coordinates":[121.46779,25.02237]}},{"type":"Feature","properties":{"id":"osm:node:9230253978","name":"永平高中","category":"bicycle_rental","nameEn":"Yong-Ping High School","brand":"YouBike 2.0","opening_hours":"24/7"},"geometry":{"type":"Point","coordinates":[121.50909,25.00979]}},{"type":"Feature","properties":{"id":"osm:node:9230253984","name":"竹圍公園","category":"bicycle_rental","nameEn":"Chuwei Park","brand":"YouBike 2.0","opening_hours":"24/7"},"geometry":{"type":"Point","coordinates":[121.4634,25.13823]}},{"type":"Feature","properties":{"id":"osm:node:9230253985","name":"蘆洲中原公園","category":"bicycle_rental","nameEn":"Zhung Yuan Park","brand":"YouBike 2.0","opening_hours":"24/7"},"geometry":{"type":"Point","coordinates":[121.46389,25.08332]}},{"type":"Feature","properties":{"id":"osm:node:9230253986","name":"永安圖書館","category":"bicycle_rental","nameEn":"Yong-an Library","brand":"YouBike 2.0","opening_hours":"24/7"},"geometry":{"type":"Point","coordinates":[121.46223,25.0786]}},{"type":"Feature","properties":{"id":"osm:node:9230253987","name":"蘆洲李宅古蹟","category":"bicycle_rental","nameEn":"The Luzhou Lee Family","brand":"YouBike 2.0","opening_hours":"24/7"},"geometry":{"type":"Point","coordinates":[121.46655,25.08496]}},{"type":"Feature","properties":{"id":"osm:node:9230253988","name":"永安南路九芎街71巷口","category":"bicycle_rental","nameEn":"Yong' an S. Rd. & Ln. 71, Jiuqiong St Intersection","brand":"YouBike 2.0","opening_hours":"24/7"},"geometry":{"type":"Point","coordinates":[121.46607,25.07756]}},{"type":"Feature","properties":{"id":"osm:node:9230253990","name":"捷運新埔站(4號出口)","category":"bicycle_rental","nameEn":"MRT Xinpu Sta.(Exit.4)","brand":"YouBike 2.0","opening_hours":"24/7","wheelchair":"limited"},"geometry":{"type":"Point","coordinates":[121.46857,25.02341]}},{"type":"Feature","properties":{"id":"osm:node:9230253991","name":"板橋第一運動場","category":"bicycle_rental","nameEn":"Banqiao First Stadium","brand":"YouBike 2.0","opening_hours":"24/7","wheelchair":"yes"},"geometry":{"type":"Point","coordinates":[121.46799,25.00914]}},{"type":"Feature","properties":{"id":"osm:node:9230253992","name":"永安公園","category":"bicycle_rental","nameEn":"Yong'an Park","brand":"YouBike 2.0","opening_hours":"24/7"},"geometry":{"type":"Point","coordinates":[121.47776,25.02418]}},{"type":"Feature","properties":{"id":"osm:node:9230253993","name":"福和宮","category":"bicycle_rental","nameEn":"Fuhe Temple","brand":"YouBike 2.0","opening_hours":"24/7"},"geometry":{"type":"Point","coordinates":[121.50195,25.00111]}},{"type":"Feature","properties":{"id":"osm:node:9230253994","name":"原興廣場","category":"bicycle_rental","nameEn":"Yuan Xing Square","brand":"YouBike 2.0","opening_hours":"24/7"},"geometry":{"type":"Point","coordinates":[121.63304,25.06507]}},{"type":"Feature","properties":{"id":"osm:node:9230253995","name":"汐科火車站(南)","category":"bicycle_rental","nameEn":"Xike Railway Station(South)","brand":"YouBike 2.0","opening_hours":"24/7"},"geometry":{"type":"Point","coordinates":[121.646842,25.062745]}},{"type":"Feature","properties":{"id":"osm:node:9230253997","name":"竿蓁市民活動中心","category":"bicycle_rental","nameEn":"Ganzhen Civil Activity Center","brand":"YouBike 2.0","opening_hours":"24/7"},"geometry":{"type":"Point","coordinates":[121.45069,25.16504]}},{"type":"Feature","properties":{"id":"osm:node:9230253998","name":"捷運紅樹林站","category":"bicycle_rental","nameEn":"MRT Hongshulin Sta.","brand":"YouBike 2.0","opening_hours":"24/7"},"geometry":{"type":"Point","coordinates":[121.45912,25.15358]}},{"type":"Feature","properties":{"id":"osm:node:9230253999","name":"捷運竹圍站","category":"bicycle_rental","nameEn":"MRT Zhuwei Sta.","brand":"YouBike 2.0","opening_hours":"24/7"},"geometry":{"type":"Point","coordinates":[121.46023,25.13717]}},{"type":"Feature","properties":{"id":"osm:node:9230254004","name":"仁化文新路口","category":"bicycle_rental","nameEn":"Renhua & Wenhua Intersection","brand":"YouBike 2.0","opening_hours":"24/7"},"geometry":{"type":"Point","coordinates":[121.47928,25.03486]}},{"type":"Feature","properties":{"id":"osm:node:9230254005","name":"江翠國小","category":"bicycle_rental","nameEn":"Jiangcui Elementary School","brand":"YouBike 2.0","opening_hours":"24/7"},"geometry":{"type":"Point","coordinates":[121.474295,25.032349]}},{"type":"Feature","properties":{"id":"osm:node:9230254006","name":"時光公園","category":"bicycle_rental","nameEn":"Time Park","brand":"YouBike 2.0","opening_hours":"24/7"},"geometry":{"type":"Point","coordinates":[121.47948,25.03622]}},{"type":"Feature","properties":{"id":"osm:node:9230254007","name":"捷運板橋站(1號出口)","category":"bicycle_rental","nameEn":"MRT Banqiao Sta.(Exit.1)","brand":"YouBike 2.0","opening_hours":"24/7"},"geometry":{"type":"Point","coordinates":[121.46202,25.01335]}},{"type":"Feature","properties":{"id":"osm:node:9230254008","name":"永和國小","category":"bicycle_rental","nameEn":"Yonghe Elementary School","brand":"YouBike 2.0","opening_hours":"24/7"},"geometry":{"type":"Point","coordinates":[121.51744,25.00227]}},{"type":"Feature","properties":{"id":"osm:node:9230254009","name":"蘆洲中路公園","category":"bicycle_rental","nameEn":"Luzhou Zhonglu Park","brand":"YouBike 2.0","opening_hours":"24/7"},"geometry":{"type":"Point","coordinates":[121.46822,25.0818]}},{"type":"Feature","properties":{"id":"osm:node:9230254010","name":"溪墘公園","category":"bicycle_rental","nameEn":"Si Cian Park","brand":"YouBike 2.0","opening_hours":"24/7"},"geometry":{"type":"Point","coordinates":[121.47621,25.07997]}},{"type":"Feature","properties":{"id":"osm:node:9230254011","name":"捷運徐匯中學站(1號出口)","category":"bicycle_rental","nameEn":"MRT St.Ignatius High School Sta. (Exit 1)","brand":"YouBike 2.0","opening_hours":"24/7"},"geometry":{"type":"Point","coordinates":[121.479941,25.080312]}},{"type":"Feature","properties":{"id":"osm:node:9230254012","name":"秀朗國小","category":"bicycle_rental","nameEn":"Xiu Lang Elementary School","brand":"YouBike 2.0","opening_hours":"24/7"},"geometry":{"type":"Point","coordinates":[121.52278,24.99896]}},{"type":"Feature","properties":{"id":"osm:node:9230254013","name":"福和國中","category":"bicycle_rental","nameEn":"Fuhe Junior High School","brand":"YouBike 2.0","opening_hours":"24/7"},"geometry":{"type":"Point","coordinates":[121.52093,25.00595]}},{"type":"Feature","properties":{"id":"osm:node:9230254014","name":"福和國中停車場","category":"bicycle_rental","nameEn":"Fuhe Junior High School Parking Lot","brand":"YouBike 2.0","opening_hours":"24/7"},"geometry":{"type":"Point","coordinates":[121.52267,25.00501]}},{"type":"Feature","properties":{"id":"osm:node:9230254015","name":"永和國民運動中心","category":"bicycle_rental","nameEn":"Yonghe Civil Sports Center","brand":"YouBike 2.0","opening_hours":"24/7"},"geometry":{"type":"Point","coordinates":[121.52407,25.00317]}},{"type":"Feature","properties":{"id":"osm:node:9230254016","name":"板橋果菜批發市場","category":"bicycle_rental","nameEn":"Banqiao Fruit and Vegetable Wholesale Market","brand":"YouBike 2.0","opening_hours":"24/7"},"geometry":{"type":"Point","coordinates":[121.45004,25.02113]}},{"type":"Feature","properties":{"id":"osm:node:9230254017","name":"輕軌淡江大學站","category":"bicycle_rental","nameEn":"LRT Tamkang University Station","brand":"YouBike 2.0","opening_hours":"24/7"},"geometry":{"type":"Point","coordinates":[121.45613,25.17653]}},{"type":"Feature","properties":{"id":"osm:node:9230254018","name":"捷運板橋站(3號出口)","category":"bicycle_rental","nameEn":"MRT Banqiao Sta.(Exit.3)","brand":"YouBike 2.0","opening_hours":"24/7"},"geometry":{"type":"Point","coordinates":[121.46179,25.01452]}},{"type":"Feature","properties":{"id":"osm:node:9230254019","name":"輕軌淡金北新站","category":"bicycle_rental","nameEn":"LRT Danjin Beixin Station","brand":"YouBike 2.0","opening_hours":"24/7"},"geometry":{"type":"Point","coordinates":[121.45245,25.1808]}},{"type":"Feature","properties":{"id":"osm:node:9230254020","name":"文化路二段182巷1弄","category":"bicycle_rental","nameEn":"Aly. 1, Ln. 182, Wenhua Rd.","brand":"YouBike 2.0","opening_hours":"24/7"},"geometry":{"type":"Point","coordinates":[121.47241,25.02926]}},{"type":"Feature","properties":{"id":"osm:node:9230254021","name":"藝文二永翠路口(青峰社區)","category":"bicycle_rental","nameEn":"Yiwen 2nd & Yongcui Intersection","brand":"YouBike 2.0","opening_hours":"24/7"},"geometry":{"type":"Point","coordinates":[121.45221,25.02142]}},{"type":"Feature","properties":{"id":"osm:node:9230254022","name":"永翠藝文街口(柏克萊公園社區)","category":"bicycle_rental","nameEn":"Yongcui & Yiwen Intersection","brand":"YouBike 2.0","opening_hours":"24/7"},"geometry":{"type":"Point","coordinates":[121.45066,25.01811]}},{"type":"Feature","properties":{"id":"osm:node:9230254023","name":"永翠藝文街口(大禾社區)","category":"bicycle_rental","nameEn":"Yongcui & Yiwen Intersection","brand":"YouBike 2.0","opening_hours":"24/7"},"geometry":{"type":"Point","coordinates":[121.45029,25.01801]}},{"type":"Feature","properties":{"id":"osm:node:9230254024","name":"彩虹兒童公園","category":"bicycle_rental","nameEn":"Caihong Children's Park","brand":"YouBike 2.0","opening_hours":"24/7"},"geometry":{"type":"Point","coordinates":[121.4646,25.08871]}},{"type":"Feature","properties":{"id":"osm:node:9230254025","name":"柳堤公園","category":"bicycle_rental","nameEn":"Liuti Park","brand":"YouBike 2.0","opening_hours":"24/7"},"geometry":{"type":"Point","coordinates":[121.46219,25.08799]}},{"type":"Feature","properties":{"id":"osm:node:9230254026","name":"民生長江路口","category":"bicycle_rental","nameEn":"Minsheng & Changjiang Intersection","brand":"YouBike 2.0","opening_hours":"24/7"},"geometry":{"type":"Point","coordinates":[121.46346,25.03134]}},{"type":"Feature","properties":{"id":"osm:node:9230254027","name":"捷運江子翠站(3號出口)","category":"bicycle_rental","nameEn":"MRT Jiangzicui Sta.(Exit 3)","brand":"YouBike 2.0","opening_hours":"24/7"},"geometry":{"type":"Point","coordinates":[121.47195,25.02933]}},{"type":"Feature","properties":{"id":"osm:node:9230254028","name":"捷運蘆洲站","category":"bicycle_rental","nameEn":"MRT Luzhou Sta.","brand":"YouBike 2.0","opening_hours":"24/7"},"geometry":{"type":"Point","coordinates":[121.46403,25.09164]}},{"type":"Feature","properties":{"id":"osm:node:9230254029","name":"板橋國中","category":"bicycle_rental","nameEn":"Banqiao Junior High School","brand":"YouBike 2.0","opening_hours":"24/7"},"geometry":{"type":"Point","coordinates":[121.45437,25.02499]}},{"type":"Feature","properties":{"id":"osm:node:9230254030","name":"新北市藝文中心","category":"bicycle_rental","nameEn":"New Taipei City Art Center","brand":"YouBike 2.0","opening_hours":"24/7","wheelchair":"yes"},"geometry":{"type":"Point","coordinates":[121.47251,25.0262]}},{"type":"Feature","properties":{"id":"osm:node:9230254031","name":"汐科火車站(北)","category":"bicycle_rental","nameEn":"Xike Railway Station(North)","brand":"YouBike 2.0","opening_hours":"24/7"},"geometry":{"type":"Point","coordinates":[121.65294,25.06426]}},{"type":"Feature","properties":{"id":"osm:node:9230254032","name":"捷運中原站","category":"bicycle_rental","nameEn":"MRT Zhogyuan Station","brand":"YouBike 2.0","opening_hours":"24/7"},"geometry":{"type":"Point","coordinates":[121.48486,25.00765]}},{"type":"Feature","properties":{"id":"osm:node:9230254033","name":"寶橋路235巷口","category":"bicycle_rental","nameEn":"Ln. 235, Baoqiao Rd.","brand":"YouBike 2.0","opening_hours":"24/7"},"geometry":{"type":"Point","coordinates":[121.55234,24.97955]}},{"type":"Feature","properties":{"id":"osm:node:9230254034","name":"捷運三民高中站(1號出口)","category":"bicycle_rental","nameEn":"Sanmin Senior High School Sta. (Exit 1)","brand":"YouBike 2.0","opening_hours":"24/7"},"geometry":{"type":"Point","coordinates":[121.47272,25.08582]}},{"type":"Feature","properties":{"id":"osm:node:9230254035","name":"三民高中(民權路)","category":"bicycle_rental","nameEn":"Sanmin Senior High School(Minquan Rd.)","brand":"YouBike 2.0","opening_hours":"24/7"},"geometry":{"type":"Point","coordinates":[121.47393,25.08802]}},{"type":"Feature","properties":{"id":"osm:node:9230254036","name":"林建生紀念圖書館","category":"bicycle_rental","nameEn":"Lin Jian Sheng Memorial Library","brand":"YouBike 2.0","opening_hours":"24/7"},"geometry":{"type":"Point","coordinates":[121.46988,25.08843]}},{"type":"Feature","properties":{"id":"osm:node:9230254037","name":"仁愛廣場","category":"bicycle_rental","nameEn":"Renai Square","brand":"YouBike 2.0","opening_hours":"24/7"},"geometry":{"type":"Point","coordinates":[121.47162,25.09057]}},{"type":"Feature","properties":{"id":"osm:node:9230254038","name":"蘆洲三民公園","category":"bicycle_rental","nameEn":"Luchou Sanmin Park","brand":"YouBike 2.0","opening_hours":"24/7"},"geometry":{"type":"Point","coordinates":[121.46013,25.09431]}},{"type":"Feature","properties":{"id":"osm:node:9230254039","name":"華江一華江五路口(雙江翠社區)","category":"bicycle_rental","nameEn":"Huajiang 1st & Huajiang 5th Intersection","brand":"YouBike 2.0","opening_hours":"24/7"},"geometry":{"type":"Point","coordinates":[121.47253,25.03485]}},{"type":"Feature","properties":{"id":"osm:node:9230254040","name":"華新街109巷11弄","category":"bicycle_rental","nameEn":"Aly. 11, Ln. 109, Huaxin St.","brand":"YouBike 2.0","opening_hours":"24/7"},"geometry":{"type":"Point","coordinates":[121.50873,24.97996]}},{"type":"Feature","properties":{"id":"osm:node:9230254041","name":"明志國中","category":"bicycle_rental","nameEn":"Mingzhi Junior High School","brand":"YouBike 2.0","opening_hours":"24/7"},"geometry":{"type":"Point","coordinates":[121.48898,25.0634]}},{"type":"Feature","properties":{"id":"osm:node:9230254043","name":"潤泰社區","category":"bicycle_rental","nameEn":"Runtai Community","brand":"YouBike 2.0","opening_hours":"24/7"},"geometry":{"type":"Point","coordinates":[121.47938,25.01795]}},{"type":"Feature","properties":{"id":"osm:node:9230254044","name":"廣福公園","category":"bicycle_rental","nameEn":"Guangfu Park","brand":"YouBike 2.0","opening_hours":"24/7"},"geometry":{"type":"Point","coordinates":[121.462872,24.991643]}},{"type":"Feature","properties":{"id":"osm:node:9230254045","name":"三重永豐公園","category":"bicycle_rental","nameEn":"San chong Yongfeng Park","brand":"YouBike 2.0","opening_hours":"24/7"},"geometry":{"type":"Point","coordinates":[121.47816,25.07463]}},{"type":"Feature","properties":{"id":"osm:node:9230254046","name":"永豐公園活動中心","category":"bicycle_rental","nameEn":"Yongfeng Park Activity Center","brand":"YouBike 2.0","opening_hours":"24/7"},"geometry":{"type":"Point","coordinates":[121.47685,25.02113]}},{"type":"Feature","properties":{"id":"osm:node:9230254049","name":"四維公園地下停車場","category":"bicycle_rental","nameEn":"Siwei Park Parking Lot","brand":"YouBike 2.0","opening_hours":"24/7"},"geometry":{"type":"Point","coordinates":[121.46392,25.02569]}},{"type":"Feature","properties":{"id":"osm:node:9230254050","name":"板橋四維公園","category":"bicycle_rental","nameEn":"Banqiao Siwei Park","brand":"YouBike 2.0","opening_hours":"24/7"},"geometry":{"type":"Point","coordinates":[121.46319,25.02452]}},{"type":"Feature","properties":{"id":"osm:node:9230254051","name":"縣民漢生東路口","category":"bicycle_rental","nameEn":"Xianmin & Hansheng E. Intersection","brand":"YouBike 2.0","opening_hours":"24/7"},"geometry":{"type":"Point","coordinates":[121.46779,25.01578]}},{"type":"Feature","properties":{"id":"osm:node:9230254052","name":"萬板文聖街口","category":"bicycle_rental","nameEn":"Wanban & Wensheng Intersection","brand":"YouBike 2.0","opening_hours":"24/7"},"geometry":{"type":"Point","coordinates":[121.47973,25.02638]}},{"type":"Feature","properties":{"id":"osm:node:9230254054","name":"福和路7巷口","category":"bicycle_rental","nameEn":"Ln. 7, Fuhe Rd.","brand":"YouBike 2.0","opening_hours":"24/7"},"geometry":{"type":"Point","coordinates":[121.52473,25.00854]}},{"type":"Feature","properties":{"id":"osm:node:9230254057","name":"安光公園","category":"bicycle_rental","nameEn":"Anguang Park","brand":"YouBike 2.0","opening_hours":"24/7"},"geometry":{"type":"Point","coordinates":[121.51446,24.96423]}},{"type":"Feature","properties":{"id":"osm:node:9230254059","name":"柴埕市民活動中心","category":"bicycle_rental","nameEn":"Chaicheng Civic Activity Center","brand":"YouBike 2.0","opening_hours":"24/7"},"geometry":{"type":"Point","coordinates":[121.51648,24.96678]}},{"type":"Feature","properties":{"id":"osm:node:9230254060","name":"安康高中","category":"bicycle_rental","nameEn":"An Kang High School","brand":"YouBike 2.0","opening_hours":"24/7"},"geometry":{"type":"Point","coordinates":[121.51521,24.96927]}},{"type":"Feature","properties":{"id":"osm:node:9230254061","name":"陽光Park社區","category":"bicycle_rental","nameEn":"The Young Area Community","brand":"YouBike 2.0","opening_hours":"24/7"},"geometry":{"type":"Point","coordinates":[121.51555,24.9794]}},{"type":"Feature","properties":{"id":"osm:node:9230254062","name":"新店新和國小","category":"bicycle_rental","nameEn":"Hsin Tien Xinhe Elementary School","brand":"YouBike 2.0","opening_hours":"24/7"},"geometry":{"type":"Point","coordinates":[121.51768,24.98498]}},{"type":"Feature","properties":{"id":"osm:node:9230254063","name":"民生路156巷","category":"bicycle_rental","nameEn":"Ln. 156, Minsheng Rd.","brand":"YouBike 2.0","opening_hours":"24/7"},"geometry":{"type":"Point","coordinates":[121.52751,24.98202]}},{"type":"Feature","properties":{"id":"osm:node:9230254064","name":"福和橋","category":"bicycle_rental","nameEn":"Fuhe Bridge","brand":"YouBike 2.0","opening_hours":"24/7"},"geometry":{"type":"Point","coordinates":[121.52785,25.00454]}},{"type":"Feature","properties":{"id":"osm:node:9230254065","name":"中正橋","category":"bicycle_rental","nameEn":"Zhongzheng Bridge","brand":"YouBike 2.0","opening_hours":"24/7"},"geometry":{"type":"Point","coordinates":[121.51681,25.01776]}},{"type":"Feature","properties":{"id":"osm:node:9230254066","name":"新海長江路口","category":"bicycle_rental","nameEn":"Xinhai & Changjiang Intersection","brand":"YouBike 2.0","opening_hours":"24/7"},"geometry":{"type":"Point","coordinates":[121.45779,25.02788]}},{"type":"Feature","properties":{"id":"osm:node:9230254067","name":"聯合醫院板橋院區","category":"bicycle_rental","nameEn":"New Taipei City Hospital Banqiao Branch","brand":"YouBike 2.0","opening_hours":"24/7"},"geometry":{"type":"Point","coordinates":[121.45789,25.02406]}},{"type":"Feature","properties":{"id":"osm:node:9230254068","name":"文德國小(公館街)","category":"bicycle_rental","nameEn":"Wende Elementary School(Gongguan St.)","brand":"YouBike 2.0","opening_hours":"24/7"},"geometry":{"type":"Point","coordinates":[121.45923,25.02145]}},{"type":"Feature","properties":{"id":"osm:node:9230254070","name":"五峰國中","category":"bicycle_rental","nameEn":"Wufeng Junior High School","brand":"YouBike 2.0","opening_hours":"24/7"},"geometry":{"type":"Point","coordinates":[121.54311,24.96601]}},{"type":"Feature","properties":{"id":"osm:node:9230254071","name":"開元市民活動中心","category":"bicycle_rental","nameEn":"Kaiyuan Civic Activity Center","brand":"YouBike 2.0","opening_hours":"24/7"},"geometry":{"type":"Point","coordinates":[121.50356,25.06607]}},{"type":"Feature","properties":{"id":"osm:node:9230254072","name":"信義公園","category":"bicycle_rental","nameEn":"Xinyi Park","brand":"YouBike 2.0","opening_hours":"24/7"},"geometry":{"type":"Point","coordinates":[121.49875,25.0648]}},{"type":"Feature","properties":{"id":"osm:node:9230254073","name":"先嗇宮","category":"bicycle_rental","nameEn":"Xianse Temple","brand":"YouBike 2.0","opening_hours":"24/7"},"geometry":{"type":"Point","coordinates":[121.47601,25.05119]}},{"type":"Feature","properties":{"id":"osm:node:9230254074","name":"碧華公園","category":"bicycle_rental","nameEn":"Bihua Park","brand":"YouBike 2.0","opening_hours":"24/7"},"geometry":{"type":"Point","coordinates":[121.48749,25.08374]}},{"type":"Feature","properties":{"id":"osm:node:9230254076","name":"大智公園","category":"bicycle_rental","nameEn":"Dazhi Park","brand":"YouBike 2.0","opening_hours":"24/7"},"geometry":{"type":"Point","coordinates":[121.49445,25.06361]}},{"type":"Feature","properties":{"id":"osm:node:9230254077","name":"正義公園","category":"bicycle_rental","nameEn":"Zhengyi Park","brand":"YouBike 2.0","opening_hours":"24/7"},"geometry":{"type":"Point","coordinates":[121.49782,25.06855]}},{"type":"Feature","properties":{"id":"osm:node:9230254078","name":"穀保家商","category":"bicycle_rental","nameEn":"Ku Pao Home Economics & Commercial High School","brand":"YouBike 2.0","opening_hours":"24/7"},"geometry":{"type":"Point","coordinates":[121.47103,25.0681]}},{"type":"Feature","properties":{"id":"osm:node:9230254079","name":"翔譽雙子星","category":"bicycle_rental","nameEn":"Xiang Yu Twin Towers","brand":"YouBike 2.0","opening_hours":"24/7"},"geometry":{"type":"Point","coordinates":[121.49292,25.05364]}},{"type":"Feature","properties":{"id":"osm:node:9230254080","name":"集成成功路口","category":"bicycle_rental","nameEn":"Ji Cheng Cheng Gong Intersection","brand":"YouBike 2.0","opening_hours":"24/7"},"geometry":{"type":"Point","coordinates":[121.48821,25.05154]}},{"type":"Feature","properties":{"id":"osm:node:9230254081","name":"進安公園","category":"bicycle_rental","nameEn":"Jinan Park","brand":"YouBike 2.0","opening_hours":"24/7"},"geometry":{"type":"Point","coordinates":[121.49377,25.08603]}},{"type":"Feature","properties":{"id":"osm:node:9230254082","name":"慈愛公園","category":"bicycle_rental","nameEn":"Ci'ai Park","brand":"YouBike 2.0","opening_hours":"24/7"},"geometry":{"type":"Point","coordinates":[121.48461,25.08119]}},{"type":"Feature","properties":{"id":"osm:node:9230254083","name":"中興北街42巷17弄","category":"bicycle_rental","nameEn":"Zhongxing N. St. 175 Ln","brand":"YouBike 2.0","opening_hours":"24/7"},"geometry":{"type":"Point","coordinates":[121.46892,25.05006]}},{"type":"Feature","properties":{"id":"osm:node:9230254084","name":"元氣大鎮社區","category":"bicycle_rental","nameEn":"Uanchi Big Town Commun","brand":"YouBike 2.0","opening_hours":"24/7"},"geometry":{"type":"Point","coordinates":[121.479,25.00572]}},{"type":"Feature","properties":{"id":"osm:node:9230254085","name":"員勝公園","category":"bicycle_rental","nameEn":"Yuansheng Park","brand":"YouBike 2.0","opening_hours":"24/7"},"geometry":{"type":"Point","coordinates":[121.478607,25.010904]}},{"type":"Feature","properties":{"id":"osm:node:9230254086","name":"中和地政事務所","category":"bicycle_rental","nameEn":"Zhonghe Land Office","brand":"YouBike 2.0","opening_hours":"24/7"},"geometry":{"type":"Point","coordinates":[121.5024,24.99039]}},{"type":"Feature","properties":{"id":"osm:node:9230254087","name":"環河西路三段(日安社區)","category":"bicycle_rental","nameEn":"Sec. 3, Huanhe W. Rd. (Rian Community)","brand":"YouBike 2.0","opening_hours":"24/7"},"geometry":{"type":"Point","coordinates":[121.49321,25.00774]}},{"type":"Feature","properties":{"id":"osm:node:9230254088","name":"福祥里(中和溝)","category":"bicycle_rental","nameEn":"Fuxiang Village (Zhonghe Ditch)","brand":"YouBike 2.0","opening_hours":"24/7"},"geometry":{"type":"Point","coordinates":[121.49957,25.00593]}},{"type":"Feature","properties":{"id":"osm:node:9230254089","name":"捷運中和站","category":"bicycle_rental","nameEn":"MRT Zhonghe Station","brand":"YouBike 2.0","opening_hours":"24/7"},"geometry":{"type":"Point","coordinates":[121.49587,25.00221]}},{"type":"Feature","properties":{"id":"osm:node:9230254090","name":"興南路二段34巷口","category":"bicycle_rental","nameEn":"Ln. 34, Sec. 2, Xingnan Rd.","brand":"YouBike 2.0","opening_hours":"24/7"},"geometry":{"type":"Point","coordinates":[121.50701,24.98539]}},{"type":"Feature","properties":{"id":"osm:node:9230254091","name":"積穗國中","category":"bicycle_rental","nameEn":"Jisui Junior High School","brand":"YouBike 2.0","opening_hours":"24/7"},"geometry":{"type":"Point","coordinates":[121.47808,24.99977]}},{"type":"Feature","properties":{"id":"osm:node:9230254092","name":"山北公園","category":"bicycle_rental","nameEn":"Shanbei Park","brand":"YouBike 2.0","opening_hours":"24/7"},"geometry":{"type":"Point","coordinates":[121.50014,25.00653]}},{"type":"Feature","properties":{"id":"osm:node:9230254093","name":"圓通路335巷33弄","category":"bicycle_rental","nameEn":"Aly. 33, Ln. 335, Yuantong Rd.","brand":"YouBike 2.0","opening_hours":"24/7"},"geometry":{"type":"Point","coordinates":[121.49303,24.98899]}},{"type":"Feature","properties":{"id":"osm:node:9230254094","name":"安樂宜安路口","category":"bicycle_rental","nameEn":"Anle & Yian Rd. Intersection","brand":"YouBike 2.0","opening_hours":"24/7"},"geometry":{"type":"Point","coordinates":[121.51351,24.99527]}},{"type":"Feature","properties":{"id":"osm:node:9230254095","name":"飛駝社區(興南路)","category":"bicycle_rental","nameEn":"Feito Community(Xingnan Rd.)","brand":"YouBike 2.0","opening_hours":"24/7"},"geometry":{"type":"Point","coordinates":[121.50483,24.98347]}},{"type":"Feature","properties":{"id":"osm:node:9230254096","name":"中和區公所","category":"bicycle_rental","nameEn":"Zhonghe District Office","brand":"YouBike 2.0","opening_hours":"24/7"},"geometry":{"type":"Point","coordinates":[121.50053,24.99856]}},{"type":"Feature","properties":{"id":"osm:node:9230254097","name":"華福市民活動中心","category":"bicycle_rental","nameEn":"Huafu Civil Activity Center","brand":"YouBike 2.0","opening_hours":"24/7"},"geometry":{"type":"Point","coordinates":[121.46753,24.99548]}},{"type":"Feature","properties":{"id":"osm:node:9230254098","name":"中和環球購物中心","category":"bicycle_rental","nameEn":"Zhonghe Global Mall","brand":"YouBike 2.0","opening_hours":"24/7"},"geometry":{"type":"Point","coordinates":[121.47422,25.00637]}},{"type":"Feature","properties":{"id":"osm:node:9230254099","name":"忠孝活動中心","category":"bicycle_rental","nameEn":"Zhongxiao Activity Center","brand":"YouBike 2.0","opening_hours":"24/7"},"geometry":{"type":"Point","coordinates":[121.51528,25.01677]}},{"type":"Feature","properties":{"id":"osm:node:9230254100","name":"環河西路一段95巷口","category":"bicycle_rental","nameEn":"Ln. 95, Sec. 1, Huanhe W. Rd.Intersection","brand":"YouBike 2.0","opening_hours":"24/7"},"geometry":{"type":"Point","coordinates":[121.51196,25.01783]}},{"type":"Feature","properties":{"id":"osm:node:9230254101","name":"保平路214巷","category":"bicycle_rental","nameEn":"Baoping Ln 214","brand":"YouBike 2.0","opening_hours":"24/7"},"geometry":{"type":"Point","coordinates":[121.50921,25.00701]}},{"type":"Feature","properties":{"id":"osm:node:9230254102","name":"頂溪國小","category":"bicycle_rental","nameEn":"Tinghsi Elementary School","brand":"YouBike 2.0","opening_hours":"24/7"},"geometry":{"type":"Point","coordinates":[121.51126,25.01581]}},{"type":"Feature","properties":{"id":"osm:node:9230254103","name":"三重商工","category":"bicycle_rental","nameEn":"San-Chung Commercial and Industrial Vocational High School","brand":"YouBike 2.0","opening_hours":"24/7"},"geometry":{"type":"Point","coordinates":[121.48071,25.06868]}},{"type":"Feature","properties":{"id":"osm:node:9230254104","name":"白雲國小","category":"bicycle_rental","nameEn":"Jinlong Elementary School","brand":"YouBike 2.0","opening_hours":"24/7"},"geometry":{"type":"Point","coordinates":[121.61889,25.04758]}},{"type":"Feature","properties":{"id":"osm:node:9230254105","name":"民權社區活動中心","category":"bicycle_rental","nameEn":"Minquan Community Activity Center","brand":"YouBike 2.0","opening_hours":"24/7"},"geometry":{"type":"Point","coordinates":[121.51968,24.99778]}},{"type":"Feature","properties":{"id":"osm:node:9230254106","name":"永和自由街","category":"bicycle_rental","nameEn":"Yonghe Ziyou St.","brand":"YouBike 2.0","opening_hours":"24/7"},"geometry":{"type":"Point","coordinates":[121.51334,25.0052]}},{"type":"Feature","properties":{"id":"osm:node:9230254107","name":"永和國父紀念館","category":"bicycle_rental","nameEn":"Yonghe-Sun Yat-Sen Memorial Hall","brand":"YouBike 2.0","opening_hours":"24/7"},"geometry":{"type":"Point","coordinates":[121.52023,25.00839]}},{"type":"Feature","properties":{"id":"osm:node:9230254108","name":"蘆洲國民運動中心","category":"bicycle_rental","nameEn":"Luzhou Civil Sports Center","brand":"YouBike 2.0","opening_hours":"24/7"},"geometry":{"type":"Point","coordinates":[121.46161,25.09195]}},{"type":"Feature","properties":{"id":"osm:node:9230254109","name":"二重國中","category":"bicycle_rental","nameEn":"Er Chung Junior High School","brand":"YouBike 2.0","opening_hours":"24/7"},"geometry":{"type":"Point","coordinates":[121.48047,25.06596]}},{"type":"Feature","properties":{"id":"osm:node:9230254110","name":"江翠國中","category":"bicycle_rental","nameEn":"Jiangcui Junior High School","brand":"YouBike 2.0","opening_hours":"24/7"},"geometry":{"type":"Point","coordinates":[121.46848,25.02858]}},{"type":"Feature","properties":{"id":"osm:node:9230254111","name":"捷運府中站(1號出口)","category":"bicycle_rental","nameEn":"MRT Fuzhong Sta.(Exit.1)","brand":"YouBike 2.0","opening_hours":"24/7"},"geometry":{"type":"Point","coordinates":[121.45904,25.00821]}},{"type":"Feature","properties":{"id":"osm:node:9230254112","name":"南興公園","category":"bicycle_rental","nameEn":"Nanxing Park","brand":"YouBike 2.0","opening_hours":"24/7"},"geometry":{"type":"Point","coordinates":[121.65255,25.05978]}},{"type":"Feature","properties":{"id":"osm:node:9230254113","name":"連興龍安路口","category":"bicycle_rental","nameEn":"Lianxing & Long’an Intersection","brand":"YouBike 2.0","opening_hours":"24/7"},"geometry":{"type":"Point","coordinates":[121.65443,25.06299]}},{"type":"Feature","properties":{"id":"osm:node:9230254114","name":"文化白雲公園","category":"bicycle_rental","nameEn":"Wenhua-Baiyun Park","brand":"YouBike 2.0","opening_hours":"24/7"},"geometry":{"type":"Point","coordinates":[121.65521,25.05688]}},{"type":"Feature","properties":{"id":"osm:node:9230254115","name":"秀得里(成功路二段)","category":"bicycle_rental","nameEn":"Xiu de Village (Chenggong Rd. Sec. 2)","brand":"YouBike 2.0","opening_hours":"24/7"},"geometry":{"type":"Point","coordinates":[121.52673,25.00071]}},{"type":"Feature","properties":{"id":"osm:node:9230254116","name":"世貿國家公園社區","category":"bicycle_rental","nameEn":"Shi Mao National Park Community","brand":"YouBike 2.0","opening_hours":"24/7"},"geometry":{"type":"Point","coordinates":[121.65865,25.07289]}},{"type":"Feature","properties":{"id":"osm:node:9230254117","name":"崇德橋東活動中心","category":"bicycle_rental","nameEn":"Chungde-Ciaodong Activity Center","brand":"YouBike 2.0","opening_hours":"24/7"},"geometry":{"type":"Point","coordinates":[121.667,25.07051]}},{"type":"Feature","properties":{"id":"osm:node:9230254118","name":"橋東里(忠孝東路)","category":"bicycle_rental","nameEn":"Qiaodong Village (Zhongxiao E. Rd.)","brand":"YouBike 2.0","opening_hours":"24/7"},"geometry":{"type":"Point","coordinates":[121.66626,25.07368]}},{"type":"Feature","properties":{"id":"osm:node:9230254119","name":"汐止火車站","category":"bicycle_rental","nameEn":"Xizhi Railway Station","brand":"YouBike 2.0","opening_hours":"24/7"},"geometry":{"type":"Point","coordinates":[121.66275,25.06891]}},{"type":"Feature","properties":{"id":"osm:node:9230254120","name":"康福公園","category":"bicycle_rental","nameEn":"Kangfu Park","brand":"YouBike 2.0","opening_hours":"24/7"},"geometry":{"type":"Point","coordinates":[121.63748,25.06894]}},{"type":"Feature","properties":{"id":"osm:node:9230254121","name":"民族二街明峰街口","category":"bicycle_rental","nameEn":"Minzu 2nd & Mingfeng Intersection","brand":"YouBike 2.0","opening_hours":"24/7"},"geometry":{"type":"Point","coordinates":[121.63502,25.07105]}},{"type":"Feature","properties":{"id":"osm:node:9230254123","name":"板橋中山公園","category":"bicycle_rental","nameEn":"Banqiao Zhongshan Park","brand":"YouBike 2.0","opening_hours":"24/7"},"geometry":{"type":"Point","coordinates":[121.47109,25.02336]}},{"type":"Feature","properties":{"id":"osm:node:9230254124","name":"新北市藝文中心(文化路二段124巷)","category":"bicycle_rental","nameEn":"New Taipei City Art Center(Ln. 124, Sec. 2, Wenhua Rd.)","brand":"YouBike 2.0","opening_hours":"24/7"},"geometry":{"type":"Point","coordinates":[121.4714,25.02563]}},{"type":"Feature","properties":{"id":"osm:node:9230254125","name":"重慶國小","category":"bicycle_rental","nameEn":"Chongqing Elementary School","brand":"YouBike 2.0","opening_hours":"24/7"},"geometry":{"type":"Point","coordinates":[121.46253,24.99373]}},{"type":"Feature","properties":{"id":"osm:node:9230254126","name":"民生中山路口","category":"bicycle_rental","nameEn":"Minsheng & Zhongshan Intersection","brand":"YouBike 2.0","opening_hours":"24/7"},"geometry":{"type":"Point","coordinates":[121.47346,25.01606]}},{"type":"Feature","properties":{"id":"osm:node:9230254127","name":"振義里公園","category":"bicycle_rental","nameEn":"Zhenyi Village Park","brand":"YouBike 2.0","opening_hours":"24/7"},"geometry":{"type":"Point","coordinates":[121.48397,25.02389]}},{"type":"Feature","properties":{"id":"osm:node:9230254128","name":"中山國中","category":"bicycle_rental","nameEn":"Zhong Shan Junior High Schoo","brand":"YouBike 2.0","opening_hours":"24/7"},"geometry":{"type":"Point","coordinates":[121.467525,25.018584]}},{"type":"Feature","properties":{"id":"osm:node:9230254129","name":"石雕公園","category":"bicycle_rental","nameEn":"Shidiao Park","brand":"YouBike 2.0","opening_hours":"24/7"},"geometry":{"type":"Point","coordinates":[121.46947,25.03026]}},{"type":"Feature","properties":{"id":"osm:node:9230254130","name":"埔墘國小","category":"bicycle_rental","nameEn":"Puqian Elementary School","brand":"YouBike 2.0","opening_hours":"24/7"},"geometry":{"type":"Point","coordinates":[121.47372,25.01908]}},{"type":"Feature","properties":{"id":"osm:node:9230254131","name":"林本源園邸","category":"bicycle_rental","nameEn":"The Lin Family Mansion and Garden","brand":"YouBike 2.0","opening_hours":"24/7","wheelchair":"no"},"geometry":{"type":"Point","coordinates":[121.45598,25.01086]}},{"type":"Feature","properties":{"id":"osm:node:9230254133","name":"板橋國民運動中心","category":"bicycle_rental","nameEn":"Banqiao Civil Sports Cente","brand":"YouBike 2.0","opening_hours":"24/7"},"geometry":{"type":"Point","coordinates":[121.45815,25.02224]}},{"type":"Feature","properties":{"id":"osm:node:9230254137","name":"淡江大學(水源街)","category":"bicycle_rental","nameEn":"Tamkang University (Shuiyuan St.)","brand":"YouBike 2.0","opening_hours":"24/7"},"geometry":{"type":"Point","coordinates":[121.45236,25.17457]}},{"type":"Feature","properties":{"id":"osm:node:9230254138","name":"安和市民活動中心","category":"bicycle_rental","nameEn":"Anhe Activity Center","brand":"YouBike 2.0","opening_hours":"24/7"},"geometry":{"type":"Point","coordinates":[121.51569,24.97532]}},{"type":"Feature","properties":{"id":"osm:node:9230254139","name":"建國民權路口","category":"bicycle_rental","nameEn":"Jianguo Minquan Intersection","brand":"YouBike 2.0","opening_hours":"24/7"},"geometry":{"type":"Point","coordinates":[121.53746,24.98318]}},{"type":"Feature","properties":{"id":"osm:node:9230254140","name":"新店公有中央市場","category":"bicycle_rental","nameEn":"Zhongyang Market","brand":"YouBike 2.0","opening_hours":"24/7"},"geometry":{"type":"Point","coordinates":[121.52729,24.97531]}},{"type":"Feature","properties":{"id":"osm:node:9230254143","name":"捷運大坪林站(5號出口)","category":"bicycle_rental","nameEn":"MRT DaPingLin Station(Exit.5)","brand":"YouBike 2.0","opening_hours":"24/7"},"geometry":{"type":"Point","coordinates":[121.54376,24.98288]}},{"type":"Feature","properties":{"id":"osm:node:9230254145","name":"安康立體停車場","category":"bicycle_rental","nameEn":"An Kang Parking Lot","brand":"YouBike 2.0","opening_hours":"24/7"},"geometry":{"type":"Point","coordinates":[121.51267,24.96261]}},{"type":"Feature","properties":{"id":"osm:node:9230254147","name":"安成安德街口","category":"bicycle_rental","nameEn":"Ancheng & Ande Intersection","brand":"YouBike 2.0","opening_hours":"24/7"},"geometry":{"type":"Point","coordinates":[121.50999,24.96115]}},{"type":"Feature","properties":{"id":"osm:node:9230254148","name":"綠湖公園","category":"bicycle_rental","nameEn":"Green Lake Park","brand":"YouBike 2.0","opening_hours":"24/7"},"geometry":{"type":"Point","coordinates":[121.54751,24.97756]}},{"type":"Feature","properties":{"id":"osm:node:9230254149","name":"新北市立圖書館新店分館","category":"bicycle_rental","nameEn":"New Taipei City Library Xindian Branch","brand":"YouBike 2.0","opening_hours":"24/7"},"geometry":{"type":"Point","coordinates":[121.5409,24.98214]}},{"type":"Feature","properties":{"id":"osm:node:9230254150","name":"捷運新店區公所站(1號出口)","category":"bicycle_rental","nameEn":"MRT Xindian District Office Sta.(Exit.1)","brand":"YouBike 2.0","opening_hours":"24/7"},"geometry":{"type":"Point","coordinates":[121.54101,24.96737]}},{"type":"Feature","properties":{"id":"osm:node:9230254151","name":"光明街","category":"bicycle_rental","nameEn":"Guangming St.","brand":"YouBike 2.0","opening_hours":"24/7"},"geometry":{"type":"Point","coordinates":[121.54009,24.96316]}},{"type":"Feature","properties":{"id":"osm:node:9230254152","name":"新店行政園區","category":"bicycle_rental","nameEn":"Xindian Administrative Park","brand":"YouBike 2.0","opening_hours":"24/7"},"geometry":{"type":"Point","coordinates":[121.54205,24.96757]}},{"type":"Feature","properties":{"id":"osm:node:9230254153","name":"中興中正路口","category":"bicycle_rental","nameEn":"Zhongxing & Zhongzheng Intersection","brand":"YouBike 2.0","opening_hours":"24/7"},"geometry":{"type":"Point","coordinates":[121.54617,24.96991]}},{"type":"Feature","properties":{"id":"osm:node:9230254154","name":"惠國市場","category":"bicycle_rental","nameEn":"Huiguo Market","brand":"YouBike 2.0","opening_hours":"24/7"},"geometry":{"type":"Point","coordinates":[121.54338,24.97042]}},{"type":"Feature","properties":{"id":"osm:node:9230254155","name":"中正民權路口","category":"bicycle_rental","nameEn":"Zhongzheng & Minquan Intersection","brand":"YouBike 2.0","opening_hours":"24/7"},"geometry":{"type":"Point","coordinates":[121.5336,24.98263]}},{"type":"Feature","properties":{"id":"osm:node:9230254156","name":"五福里(五華街)","category":"bicycle_rental","nameEn":"Wufu Village (Wuhua St.)","brand":"YouBike 2.0","opening_hours":"24/7"},"geometry":{"type":"Point","coordinates":[121.4939,25.08173]}},{"type":"Feature","properties":{"id":"osm:node:9230254157","name":"國泰綜合醫院","category":"bicycle_rental","nameEn":"Cathay General Hospital","brand":"YouBike 2.0","opening_hours":"24/7"},"geometry":{"type":"Point","coordinates":[121.66256,25.07315]}},{"type":"Feature","properties":{"id":"osm:node:9230254159","name":"新北高中","category":"bicycle_rental","nameEn":"New Taipei Senior High School","brand":"YouBike 2.0","opening_hours":"24/7"},"geometry":{"type":"Point","coordinates":[121.48953,25.08723]}},{"type":"Feature","properties":{"id":"osm:node:9230254160","name":"忠山市民活動中心","category":"bicycle_rental","nameEn":"Jhongshan Civil Activity Center","brand":"YouBike 2.0","opening_hours":"24/7"},"geometry":{"type":"Point","coordinates":[121.62449,25.0782]}},{"type":"Feature","properties":{"id":"osm:node:9230254161","name":"康寧街307巷","category":"bicycle_rental","nameEn":"Ln. 307, Kangning St.","brand":"YouBike 2.0","opening_hours":"24/7"},"geometry":{"type":"Point","coordinates":[121.62697,25.06809]}},{"type":"Feature","properties":{"id":"osm:node:9230254162","name":"光復國小","category":"bicycle_rental","nameEn":"Kuangfu Elementary School","brand":"YouBike 2.0","opening_hours":"24/7"},"geometry":{"type":"Point","coordinates":[121.48169,25.01501]}},{"type":"Feature","properties":{"id":"osm:node:9230254164","name":"蘆洲延平派出所","category":"bicycle_rental","nameEn":"Luzhou Yanping Police Station","brand":"YouBike 2.0","opening_hours":"24/7"},"geometry":{"type":"Point","coordinates":[121.46162,25.08162]}},{"type":"Feature","properties":{"id":"osm:node:9230254165","name":"上林里(環河東路一段)","category":"bicycle_rental","nameEn":"Shanglin Village (Huanhe E. Rd. Sec. 1 )","brand":"YouBike 2.0","opening_hours":"24/7"},"geometry":{"type":"Point","coordinates":[121.52095,25.015]}},{"type":"Feature","properties":{"id":"osm:node:9230254167","name":"板橋戶政事務所","category":"bicycle_rental","nameEn":"Banqiao District Household Registration Office","brand":"YouBike 2.0","opening_hours":"24/7"},"geometry":{"type":"Point","coordinates":[121.456433,25.013105]}},{"type":"Feature","properties":{"id":"osm:node:9230254168","name":"捷運秀朗橋站","category":"bicycle_rental","nameEn":"MRT Xiulang Bridge Station","brand":"YouBike 2.0","opening_hours":"24/7"},"geometry":{"type":"Point","coordinates":[121.52496,24.99045]}},{"type":"Feature","properties":{"id":"osm:node:9230254169","name":"捷運三和國中站(1號出口)","category":"bicycle_rental","nameEn":"MRT Sanhe Junior High School Sta.","brand":"YouBike 2.0","opening_hours":"24/7"},"geometry":{"type":"Point","coordinates":[121.4878,25.07588]}},{"type":"Feature","properties":{"id":"osm:node:9230254170","name":"永盛公園","category":"bicycle_rental","nameEn":"YongSheng Park","brand":"YouBike 2.0","opening_hours":"24/7"},"geometry":{"type":"Point","coordinates":[121.4843,25.07613]}},{"type":"Feature","properties":{"id":"osm:node:9230254173","name":"藍天大樓","category":"bicycle_rental","nameEn":"Lantian Building","brand":"YouBike 2.0","opening_hours":"24/7"},"geometry":{"type":"Point","coordinates":[121.47017,25.0531]}},{"type":"Feature","properties":{"id":"osm:node:9230254174","name":"捷運先嗇宮站(2號出口)","category":"bicycle_rental","nameEn":"MRT Xianse Temple Sta.(Exit.2)","brand":"YouBike 2.0","opening_hours":"24/7"},"geometry":{"type":"Point","coordinates":[121.47099,25.04607]}},{"type":"Feature","properties":{"id":"osm:node:9230254176","name":"中興北街175巷口","category":"bicycle_rental","nameEn":"Zhongxing N. St. 175 Ln","brand":"YouBike 2.0","opening_hours":"24/7"},"geometry":{"type":"Point","coordinates":[121.4696,25.05595]}},{"type":"Feature","properties":{"id":"osm:node:9230254177","name":"仁愛街70巷口","category":"bicycle_rental","nameEn":"Ln. 70, Ren’ai St.","brand":"YouBike 2.0","opening_hours":"24/7"},"geometry":{"type":"Point","coordinates":[121.47126,25.09398]}},{"type":"Feature","properties":{"id":"osm:node:9230254178","name":"鷺江廣場","category":"bicycle_rental","nameEn":"Lu Jiang square","brand":"YouBike 2.0","opening_hours":"24/7"},"geometry":{"type":"Point","coordinates":[121.47769,25.08562]}},{"type":"Feature","properties":{"id":"osm:node:9230254179","name":"永安兒童公園","category":"bicycle_rental","nameEn":"Yongan Children's Park","brand":"YouBike 2.0","opening_hours":"24/7"},"geometry":{"type":"Point","coordinates":[121.48224,25.08227]}},{"type":"Feature","properties":{"id":"osm:node:9230254180","name":"三民中山一路口","category":"bicycle_rental","nameEn":"Sanmin & Zhongshan 1st Rd. Intersection","brand":"YouBike 2.0","opening_hours":"24/7"},"geometry":{"type":"Point","coordinates":[121.476,25.08223]}},{"type":"Feature","properties":{"id":"osm:node:9230254181","name":"二重國小","category":"bicycle_rental","nameEn":"Er Chong Elementary School","brand":"YouBike 2.0","opening_hours":"24/7"},"geometry":{"type":"Point","coordinates":[121.47766,25.06598]}},{"type":"Feature","properties":{"id":"osm:node:9230254182","name":"同安公園","category":"bicycle_rental","nameEn":"Tong An Park","brand":"YouBike 2.0","opening_hours":"24/7"},"geometry":{"type":"Point","coordinates":[121.49907,25.05732]}},{"type":"Feature","properties":{"id":"osm:node:9230254184","name":"永福國小","category":"bicycle_rental","nameEn":"Yong Fu Elementary School","brand":"YouBike 2.0","opening_hours":"24/7"},"geometry":{"type":"Point","coordinates":[121.48032,25.07771]}},{"type":"Feature","properties":{"id":"osm:node:9230254185","name":"東海高中","category":"bicycle_rental","nameEn":"Tung Hai Senior High School","brand":"YouBike 2.0","opening_hours":"24/7"},"geometry":{"type":"Point","coordinates":[121.47942,25.06484]}},{"type":"Feature","properties":{"id":"osm:node:9230254186","name":"秀朗成功路口","category":"bicycle_rental","nameEn":"Xiulang & Chenggong Intersection","brand":"YouBike 2.0","opening_hours":"24/7"},"geometry":{"type":"Point","coordinates":[121.52655,24.9956]}},{"type":"Feature","properties":{"id":"osm:node:9230254187","name":"捷運永安市場站","category":"bicycle_rental","nameEn":"MRT Yongan Market Sta.","brand":"YouBike 2.0","opening_hours":"24/7"},"geometry":{"type":"Point","coordinates":[121.51111,25.00049]}},{"type":"Feature","properties":{"id":"osm:node:9230254188","name":"仁愛路151巷口","category":"bicycle_rental","nameEn":"Ren Ai Rd 151 Ln","brand":"YouBike 2.0","opening_hours":"24/7"},"geometry":{"type":"Point","coordinates":[121.6641,25.0652]}},{"type":"Feature","properties":{"id":"osm:node:9230254189","name":"汐止區公所","category":"bicycle_rental","nameEn":"Xizhi Dist. Office","brand":"YouBike 2.0","opening_hours":"24/7"},"geometry":{"type":"Point","coordinates":[121.6583,25.06416]}},{"type":"Feature","properties":{"id":"osm:node:9230254190","name":"五堵火車站","category":"bicycle_rental","nameEn":"Wudu Railway Station","brand":"YouBike 2.0","opening_hours":"24/7"},"geometry":{"type":"Point","coordinates":[121.667642,25.07823]}},{"type":"Feature","properties":{"id":"osm:node:9230254191","name":"蘆洲重陽大樓","category":"bicycle_rental","nameEn":"Luzhou Chongyang Building","brand":"YouBike 2.0","opening_hours":"24/7"},"geometry":{"type":"Point","coordinates":[121.48189,25.08506]}},{"type":"Feature","properties":{"id":"osm:node:9230254192","name":"板橋車站","category":"bicycle_rental","nameEn":"Banqiao Station","brand":"YouBike 2.0","opening_hours":"24/7"},"geometry":{"type":"Point","coordinates":[121.463735,25.015519]}},{"type":"Feature","properties":{"id":"osm:node:9230254193","name":"捷運頂溪站(2號出口)","category":"bicycle_rental","nameEn":"MRT Ding Sta(exit 2)","brand":"YouBike 2.0","opening_hours":"24/7"},"geometry":{"type":"Point","coordinates":[121.51549,25.01424]}},{"type":"Feature","properties":{"id":"osm:node:9230254194","name":"溪頭公園","category":"bicycle_rental","nameEn":"Xitou Park","brand":"YouBike 2.0","opening_hours":"24/7"},"geometry":{"type":"Point","coordinates":[121.46852,25.03312]}},{"type":"Feature","properties":{"id":"osm:node:9349924887","name":"夢奇地公園(文化路一段)","category":"bicycle_rental","nameEn":"Mengqide Park(Sec. 1, Wenhua Rd.)","brand":"YouBike 2.0","opening_hours":"24/7"},"geometry":{"type":"Point","coordinates":[121.4638,25.017]}},{"type":"Feature","properties":{"id":"osm:node:9349924889","name":"景新國小","category":"bicycle_rental","nameEn":"Jingxin Elementary School","brand":"YouBike 2.0","opening_hours":"24/7","wheelchair":"no"},"geometry":{"type":"Point","coordinates":[121.5148,24.98893]}},{"type":"Feature","properties":{"id":"osm:node:9349924890","name":"重陽公園","category":"bicycle_rental","nameEn":"Chong Yang Park","brand":"YouBike 2.0","opening_hours":"24/7"},"geometry":{"type":"Point","coordinates":[121.484,25.0857]}},{"type":"Feature","properties":{"id":"osm:node:9349924891","name":"永平公園","category":"bicycle_rental","nameEn":"Yongping Park","brand":"YouBike 2.0","opening_hours":"24/7"},"geometry":{"type":"Point","coordinates":[121.45942,25.08999]}},{"type":"Feature","properties":{"id":"osm:node:9349924892","name":"永康公園","category":"bicycle_rental","nameEn":"Yongkang Park","brand":"YouBike 2.0","opening_hours":"24/7"},"geometry":{"type":"Point","coordinates":[121.45821,25.08492]}},{"type":"Feature","properties":{"id":"osm:node:9349924893","name":"鴨母港抽水站","category":"bicycle_rental","nameEn":"Yamugang Pumping Station","brand":"YouBike 2.0","opening_hours":"24/7"},"geometry":{"type":"Point","coordinates":[121.45673,25.08294]}},{"type":"Feature","properties":{"id":"osm:node:9349924894","name":"寶高智慧產業園區","category":"bicycle_rental","nameEn":"Baogao Intelligent Industrial Park","brand":"YouBike 2.0","opening_hours":"24/7"},"geometry":{"type":"Point","coordinates":[121.551,24.9775]}},{"type":"Feature","properties":{"id":"osm:node:9349924895","name":"十四張央北二路口(波爾多社區)","category":"bicycle_rental","nameEn":"Shisizhang & Yangbei 2nd Intersection","brand":"YouBike 2.0","opening_hours":"24/7"},"geometry":{"type":"Point","coordinates":[121.52635,24.98285]}},{"type":"Feature","properties":{"id":"osm:node:9349924896","name":"新店高中(中央路)","category":"bicycle_rental","nameEn":"Hsin Tien Senior High School (Zhongyang Rd.)","brand":"YouBike 2.0","opening_hours":"24/7"},"geometry":{"type":"Point","coordinates":[121.53103,24.97508]}},{"type":"Feature","properties":{"id":"osm:node:9349924898","name":"捷運七張站(1號出口)","category":"bicycle_rental","nameEn":"MRT Qizhang Sta. (Exit 1)","brand":"YouBike 2.0","opening_hours":"24/7"},"geometry":{"type":"Point","coordinates":[121.542767,24.974996]}},{"type":"Feature","properties":{"id":"osm:node:9349924899","name":"台北慈濟醫院","category":"bicycle_rental","nameEn":"Taipei Tzu Chi Hospital","brand":"YouBike 2.0","opening_hours":"24/7"},"geometry":{"type":"Point","coordinates":[121.537,24.9859]}},{"type":"Feature","properties":{"id":"osm:node:9349924900","name":"央北社會住宅","category":"bicycle_rental","nameEn":"Yangbei Youth Rental House","brand":"YouBike 2.0","opening_hours":"24/7"},"geometry":{"type":"Point","coordinates":[121.52643,24.98263]}},{"type":"Feature","properties":{"id":"osm:node:9349924902","name":"新和活動中心","category":"bicycle_rental","nameEn":"Xinhe Activity Center","brand":"YouBike 2.0","opening_hours":"24/7"},"geometry":{"type":"Point","coordinates":[121.52183,24.98677]}},{"type":"Feature","properties":{"id":"osm:node:9349924903","name":"寶橋路78巷","category":"bicycle_rental","nameEn":"Ln. 78, Baoqiao Rd.","brand":"YouBike 2.0","opening_hours":"24/7"},"geometry":{"type":"Point","coordinates":[121.5476,24.97368]}},{"type":"Feature","properties":{"id":"osm:node:9349924915","name":"海山高中","category":"bicycle_rental","nameEn":"Municipal Haishangaoji Junior High School","brand":"YouBike 2.0","opening_hours":"24/7"},"geometry":{"type":"Point","coordinates":[121.47149,25.00911]}},{"type":"Feature","properties":{"id":"osm:node:9349924916","name":"國泰街111巷口","category":"bicycle_rental","nameEn":"Ln. 111, Guotai St.","brand":"YouBike 2.0","opening_hours":"24/7"},"geometry":{"type":"Point","coordinates":[121.46617,25.00609]}},{"type":"Feature","properties":{"id":"osm:node:9350007617","name":"華江九華江一路口(匯翠社區)","category":"bicycle_rental","nameEn":"Huajiang 9th & Huajiang 1st Intersection","brand":"YouBike 2.0","opening_hours":"24/7"},"geometry":{"type":"Point","coordinates":[121.466,25.033]}},{"type":"Feature","properties":{"id":"osm:node:9350007618","name":"香社一藝文街口(歡喜市社區)","category":"bicycle_rental","nameEn":"Xiangshe & Yiwen 1st Intersection","brand":"YouBike 2.0","opening_hours":"24/7"},"geometry":{"type":"Point","coordinates":[121.451,25.0208]}},{"type":"Feature","properties":{"id":"osm:node:9350007619","name":"藝文藝文二街口(大悅社區)","category":"bicycle_rental","nameEn":"Yiwen & Yiwen 2nd Intersection","brand":"YouBike 2.0","opening_hours":"24/7"},"geometry":{"type":"Point","coordinates":[121.45157,25.021765]}},{"type":"Feature","properties":{"id":"osm:node:9350007620","name":"環河西新月一街口(新月天地社區)","category":"bicycle_rental","nameEn":"Huanhe W. & Xinyue 1st Intersection","brand":"YouBike 2.0","opening_hours":"24/7"},"geometry":{"type":"Point","coordinates":[121.453,25.0267]}},{"type":"Feature","properties":{"id":"osm:node:9350007621","name":"華江一華江六路口(仰真社區)","category":"bicycle_rental","nameEn":"Huajiang 1st & Huajiang 6th Intersection","brand":"YouBike 2.0","opening_hours":"24/7"},"geometry":{"type":"Point","coordinates":[121.470004,25.034002]}},{"type":"Feature","properties":{"id":"osm:node:9350007622","name":"板橋重慶公園","category":"bicycle_rental","nameEn":"Banqiao Chongqing Park","brand":"YouBike 2.0","opening_hours":"24/7"},"geometry":{"type":"Point","coordinates":[121.463,25.0001]}},{"type":"Feature","properties":{"id":"osm:node:9350007623","name":"國光公園","category":"bicycle_rental","nameEn":"Guoguang Park","brand":"YouBike 2.0","opening_hours":"24/7"},"geometry":{"type":"Point","coordinates":[121.454,25.0198]}},{"type":"Feature","properties":{"id":"osm:node:9350007624","name":"國光里(國光路)","category":"bicycle_rental","nameEn":"Guoguang Village (Guoguang Rd.)","brand":"YouBike 2.0","opening_hours":"24/7"},"geometry":{"type":"Point","coordinates":[121.458475,25.017801]}},{"type":"Feature","properties":{"id":"osm:node:9350007625","name":"華江一華江九路口","category":"bicycle_rental","nameEn":"Huajiang 1st Huajiang 9th Intersection","brand":"YouBike 2.0","opening_hours":"24/7"},"geometry":{"type":"Point","coordinates":[121.46681,25.033]}},{"type":"Feature","properties":{"id":"osm:node:9350007626","name":"大觀路二段19巷","category":"bicycle_rental","nameEn":"Ln. 19, Sec. 2, Daguan Rd.","brand":"YouBike 2.0","opening_hours":"24/7"},"geometry":{"type":"Point","coordinates":[121.45079,25.00256]}},{"type":"Feature","properties":{"id":"osm:node:9350007627","name":"音樂公園","category":"bicycle_rental","nameEn":"Yinyue Park","brand":"YouBike 2.0","opening_hours":"24/7"},"geometry":{"type":"Point","coordinates":[121.48039,25.02856]}},{"type":"Feature","properties":{"id":"osm:node:9350007630","name":"信義公園市民活動中心","category":"bicycle_rental","nameEn":"Xinyi Park","brand":"YouBike 2.0","opening_hours":"24/7"},"geometry":{"type":"Point","coordinates":[121.45713,24.99181]}},{"type":"Feature","properties":{"id":"osm:node:9350007631","name":"中華電信學院","category":"bicycle_rental","nameEn":"School Of Chunghwa Telecom","brand":"YouBike 2.0","opening_hours":"24/7"},"geometry":{"type":"Point","coordinates":[121.46684,25.00801]}},{"type":"Feature","properties":{"id":"osm:node:9350007638","name":"矽谷園區","category":"bicycle_rental","nameEn":"Silicon Valley Park","brand":"YouBike 2.0","opening_hours":"24/7","wheelchair":"yes"},"geometry":{"type":"Point","coordinates":[121.63447,25.06227]}},{"type":"Feature","properties":{"id":"osm:node:9350007639","name":"福德一路201巷口(福德ONE社區)","category":"bicycle_rental","nameEn":"Ln. 201, Fude 1st Rd.","brand":"YouBike 2.0","opening_hours":"24/7","wheelchair":"yes"},"geometry":{"type":"Point","coordinates":[121.6351,25.06575]}},{"type":"Feature","properties":{"id":"osm:node:9350007640","name":"金龍公園","category":"bicycle_rental","nameEn":"Jinlong Park","brand":"YouBike 2.0","opening_hours":"24/7"},"geometry":{"type":"Point","coordinates":[121.63153,25.06947]}},{"type":"Feature","properties":{"id":"osm:node:9350007641","name":"汐止區綜合運動場","category":"bicycle_rental","nameEn":"Xizhi Sports Field","brand":"YouBike 2.0","opening_hours":"24/7"},"geometry":{"type":"Point","coordinates":[121.65907,25.06624]}},{"type":"Feature","properties":{"id":"osm:node:9350007642","name":"金龍國小","category":"bicycle_rental","nameEn":"Jinlong Elementary School","brand":"YouBike 2.0","opening_hours":"24/7"},"geometry":{"type":"Point","coordinates":[121.628674,25.069095]}},{"type":"Feature","properties":{"id":"osm:node:9350007643","name":"長安橋(吉祥街12巷)","category":"bicycle_rental","nameEn":"Chang An Bridge (Ln. 12, Jixiang St.)","brand":"YouBike 2.0","opening_hours":"24/7"},"geometry":{"type":"Point","coordinates":[121.66846,25.08033]}},{"type":"Feature","properties":{"id":"osm:node:9350007644","name":"崇德國小","category":"bicycle_rental","nameEn":"Chongde Elementary School","brand":"YouBike 2.0","opening_hours":"24/7"},"geometry":{"type":"Point","coordinates":[121.66979,25.06938]}},{"type":"Feature","properties":{"id":"osm:node:9350007645","name":"汐止公園","category":"bicycle_rental","nameEn":"Xizhi Park","brand":"YouBike 2.0","opening_hours":"24/7"},"geometry":{"type":"Point","coordinates":[121.65964,25.06781]}},{"type":"Feature","properties":{"id":"osm:node:9350007646","name":"北港國小","category":"bicycle_rental","nameEn":"Beigang Elementary School","brand":"YouBike 2.0","opening_hours":"24/7"},"geometry":{"type":"Point","coordinates":[121.64595,25.08903]}},{"type":"Feature","properties":{"id":"osm:node:9350007647","name":"蘭庭序大廈","category":"bicycle_rental","nameEn":"Lantingji Xu Community","brand":"YouBike 2.0","opening_hours":"24/7"},"geometry":{"type":"Point","coordinates":[121.65207,25.07207]}},{"type":"Feature","properties":{"id":"osm:node:9350007648","name":"青山國民中小學","category":"bicycle_rental","nameEn":"Qingshan Elementary and Junior High School","brand":"YouBike 2.0","opening_hours":"24/7"},"geometry":{"type":"Point","coordinates":[121.65559,25.06103]}},{"type":"Feature","properties":{"id":"osm:node:9350007649","name":"雍和科學園區","category":"bicycle_rental","nameEn":"Yonghe Science Park","brand":"YouBike 2.0","opening_hours":"24/7"},"geometry":{"type":"Point","coordinates":[121.62602,25.05808]}},{"type":"Feature","properties":{"id":"osm:node:9350007650","name":"樟樹國小","category":"bicycle_rental","nameEn":"Zhangshu Elementary School","brand":"YouBike 2.0","opening_hours":"24/7"},"geometry":{"type":"Point","coordinates":[121.64039,25.06693]}},{"type":"Feature","properties":{"id":"osm:node:9350007651","name":"工建樟樹一路口","category":"bicycle_rental","nameEn":"Gongjian Rd. & Zhangshu 1st Rd. Intersection","brand":"YouBike 2.0","opening_hours":"24/7"},"geometry":{"type":"Point","coordinates":[121.64112,25.06319]}},{"type":"Feature","properties":{"id":"osm:node:9350007653","name":"永福橋","category":"bicycle_rental","nameEn":"Yongfu Bridge","brand":"YouBike 2.0","opening_hours":"24/7"},"geometry":{"type":"Point","coordinates":[121.524195,25.010183]}},{"type":"Feature","properties":{"id":"osm:node:9350007654","name":"仁愛公園(仁愛路)","category":"bicycle_rental","nameEn":"Ren Ai Park (Ren Ai Rd.)","brand":"YouBike 2.0","opening_hours":"24/7"},"geometry":{"type":"Point","coordinates":[121.50796,25.01138]}},{"type":"Feature","properties":{"id":"osm:node:9350007655","name":"永和耕莘醫院","category":"bicycle_rental","nameEn":"Yonghe Cardinal Tien Hospital","brand":"YouBike 2.0","opening_hours":"24/7"},"geometry":{"type":"Point","coordinates":[121.5177,25.01123]}},{"type":"Feature","properties":{"id":"osm:node:9350007657","name":"成泰路4段22巷","category":"bicycle_rental","nameEn":"Ln. 22, Sec. 4, Chengtai Rd.","brand":"YouBike 2.0","opening_hours":"24/7"},"geometry":{"type":"Point","coordinates":[121.456,25.1083]}},{"type":"Feature","properties":{"id":"osm:node:9350007659","name":"新北市勞工活動中心","category":"bicycle_rental","nameEn":"New Taipei City Labor Activity Center","brand":"YouBike 2.0","opening_hours":"24/7"},"geometry":{"type":"Point","coordinates":[121.451,25.0615]}},{"type":"Feature","properties":{"id":"osm:node:9350007662","name":"台北得意GO","category":"bicycle_rental","nameEn":"Taipei Deyi GO","brand":"YouBike 2.0","opening_hours":"24/7"},"geometry":{"type":"Point","coordinates":[121.46769,25.07429]}},{"type":"Feature","properties":{"id":"osm:node:9350007663","name":"成州國小","category":"bicycle_rental","nameEn":"Chengzhou Elementary School","brand":"YouBike 2.0","opening_hours":"24/7"},"geometry":{"type":"Point","coordinates":[121.4509,25.09952]}},{"type":"Feature","properties":{"id":"osm:node:9350007671","name":"成德公園","category":"bicycle_rental","nameEn":"Chengde Park","brand":"YouBike 2.0","opening_hours":"24/7"},"geometry":{"type":"Point","coordinates":[121.45282,25.10484]}},{"type":"Feature","properties":{"id":"osm:node:9350007674","name":"民德立體停車場","category":"bicycle_rental","nameEn":"Minde Parking Lot","brand":"YouBike 2.0","opening_hours":"24/7"},"geometry":{"type":"Point","coordinates":[121.46836,24.99909]}},{"type":"Feature","properties":{"id":"osm:node:9350007675","name":"錦和高中","category":"bicycle_rental","nameEn":"Jinghe Senior High School","brand":"YouBike 2.0","opening_hours":"24/7"},"geometry":{"type":"Point","coordinates":[121.49076,24.99351]}},{"type":"Feature","properties":{"id":"osm:node:9350007676","name":"德光國光街口","category":"bicycle_rental","nameEn":"Tekuang & Kuokuang Intersection","brand":"YouBike 2.0","opening_hours":"24/7"},"geometry":{"type":"Point","coordinates":[121.46809,25.00314]}},{"type":"Feature","properties":{"id":"osm:node:9350007677","name":"中和青年社會住宅","category":"bicycle_rental","nameEn":"Zhonghe Youth Rental House","brand":"YouBike 2.0","opening_hours":"24/7"},"geometry":{"type":"Point","coordinates":[121.51918,24.99099]}},{"type":"Feature","properties":{"id":"osm:node:9350007678","name":"中和國民運動中心","category":"bicycle_rental","nameEn":"Zhonghe Civil Sports Center","brand":"YouBike 2.0","opening_hours":"24/7"},"geometry":{"type":"Point","coordinates":[121.48758,24.99348]}},{"type":"Feature","properties":{"id":"osm:node:9350007679","name":"廣福派出所","category":"bicycle_rental","nameEn":"Guangfu Police Substation","brand":"YouBike 2.0","opening_hours":"24/7"},"geometry":{"type":"Point","coordinates":[121.45655,24.98816]}},{"type":"Feature","properties":{"id":"osm:node:9350007680","name":"立德青雲路口","category":"bicycle_rental","nameEn":"Lide & Qingyun Intersection","brand":"YouBike 2.0","opening_hours":"24/7"},"geometry":{"type":"Point","coordinates":[121.46102,24.9883]}},{"type":"Feature","properties":{"id":"osm:node:9350007681","name":"延和社區公園","category":"bicycle_rental","nameEn":"Yanhe Community Park","brand":"YouBike 2.0","opening_hours":"24/7"},"geometry":{"type":"Point","coordinates":[121.46882,24.99018]}},{"type":"Feature","properties":{"id":"osm:node:9350007684","name":"金城裕民路口(中正國中)","category":"bicycle_rental","nameEn":"Gincheng & Yumin Intersection(Zhing Zheng Junior High School)","brand":"YouBike 2.0","opening_hours":"24/7"},"geometry":{"type":"Point","coordinates":[121.45619,24.98288]}},{"type":"Feature","properties":{"id":"osm:node:9350007686","name":"新北高工","category":"bicycle_rental","nameEn":"New Taipei Industrial Vocational High School","brand":"YouBike 2.0","opening_hours":"24/7"},"geometry":{"type":"Point","coordinates":[121.45049,24.983477]}},{"type":"Feature","properties":{"id":"osm:node:9350007688","name":"青雲路451巷口(紐約艾美社區)","category":"bicycle_rental","nameEn":"Ln. 451, Qingyun Rd.","brand":"YouBike 2.0","opening_hours":"24/7"},"geometry":{"type":"Point","coordinates":[121.45873,24.97475]}},{"type":"Feature","properties":{"id":"osm:node:9350007689","name":"金城裕民路口(金城舞社區)","category":"bicycle_rental","nameEn":"Gincheng & Yumin Intersection","brand":"YouBike 2.0","opening_hours":"24/7"},"geometry":{"type":"Point","coordinates":[121.45466,24.98156]}},{"type":"Feature","properties":{"id":"osm:node:9350007697","name":"金城立體停車場","category":"bicycle_rental","nameEn":"Jincheng Parking Lot","brand":"YouBike 2.0","opening_hours":"24/7"},"geometry":{"type":"Point","coordinates":[121.45795,24.98367]}},{"type":"Feature","properties":{"id":"osm:node:9350007698","name":"金城立德路口","category":"bicycle_rental","nameEn":"Jincheng & Lide Intersection","brand":"YouBike 2.0","opening_hours":"24/7"},"geometry":{"type":"Point","coordinates":[121.465945,24.986905]}},{"type":"Feature","properties":{"id":"osm:node:9350007704","name":"學成公園","category":"bicycle_rental","nameEn":"Xuecheng Park","brand":"YouBike 2.0","opening_hours":"24/7"},"geometry":{"type":"Point","coordinates":[121.45151,24.98803]}},{"type":"Feature","properties":{"id":"osm:node:9350007706","name":"土城綜合體育場","category":"bicycle_rental","nameEn":"Tucheng Sports Field","brand":"YouBike 2.0","opening_hours":"24/7"},"geometry":{"type":"Point","coordinates":[121.453802,24.984093]}},{"type":"Feature","properties":{"id":"osm:node:9350007711","name":"土城仁愛社區公園","category":"bicycle_rental","nameEn":"Tucheng Renai Park","brand":"YouBike 2.0","opening_hours":"24/7"},"geometry":{"type":"Point","coordinates":[121.46035,24.98071]}},{"type":"Feature","properties":{"id":"osm:node:9350007712","name":"清水社區公園","category":"bicycle_rental","nameEn":"Qing Shui Community Park","brand":"YouBike 2.0","opening_hours":"24/7"},"geometry":{"type":"Point","coordinates":[121.46353,24.98382]}},{"type":"Feature","properties":{"id":"osm:node:9350007713","name":"新北高工(學士路)","category":"bicycle_rental","nameEn":"New Taipei Industrial Vocational High School (Xueshi Rd.)","brand":"YouBike 2.0","opening_hours":"24/7"},"geometry":{"type":"Point","coordinates":[121.45277,24.98216]}},{"type":"Feature","properties":{"id":"osm:node:9350007714","name":"溪尾街196巷/仁美街口","category":"bicycle_rental","nameEn":"Ln. 196, Xiwei St. & Renmei St. Intersection","brand":"YouBike 2.0","opening_hours":"24/7"},"geometry":{"type":"Point","coordinates":[121.48587,25.0802]}},{"type":"Feature","properties":{"id":"osm:node:9350007715","name":"中正北路193巷(愛買三重店)","category":"bicycle_rental","nameEn":"Lane 193, Zhongzheng North Rd. (a.mart Sanchong)","brand":"YouBike 2.0","opening_hours":"24/7"},"geometry":{"type":"Point","coordinates":[121.47599,25.07136]}},{"type":"Feature","properties":{"id":"osm:node:9350007716","name":"三重親水公園","category":"bicycle_rental","nameEn":"Triple hydrophilic Park","brand":"YouBike 2.0","opening_hours":"24/7"},"geometry":{"type":"Point","coordinates":[121.49039,25.09114]}},{"type":"Feature","properties":{"id":"osm:node:9350007717","name":"力行地下停車場","category":"bicycle_rental","nameEn":"li xing Underground Parking Lot","brand":"YouBike 2.0","opening_hours":"24/7"},"geometry":{"type":"Point","coordinates":[121.48287,25.07787]}},{"type":"Feature","properties":{"id":"osm:node:9350007718","name":"重陽國小","category":"bicycle_rental","nameEn":"Chong Yang Elementary School","brand":"YouBike 2.0","opening_hours":"24/7"},"geometry":{"type":"Point","coordinates":[121.484879,25.066199]}},{"type":"Feature","properties":{"id":"osm:node:9350007719","name":"頂崁公園","category":"bicycle_rental","nameEn":"Dingkan Park","brand":"YouBike 2.0","opening_hours":"24/7"},"geometry":{"type":"Point","coordinates":[121.4756,25.05493]}},{"type":"Feature","properties":{"id":"osm:node:9350007720","name":"仁愛街112巷","category":"bicycle_rental","nameEn":"Ln. 112, Renhua St.","brand":"YouBike 2.0","opening_hours":"24/7"},"geometry":{"type":"Point","coordinates":[121.49488,25.07486]}},{"type":"Feature","properties":{"id":"osm:node:9350007721","name":"捷運三重站(3號出口)","category":"bicycle_rental","nameEn":"MRT Sanchong Sta. (Exit 3)","brand":"YouBike 2.0","opening_hours":"24/7"},"geometry":{"type":"Point","coordinates":[121.48474,25.05588]}},{"type":"Feature","properties":{"id":"osm:node:9350007722","name":"龍門公園","category":"bicycle_rental","nameEn":"Longmen Park","brand":"YouBike 2.0","opening_hours":"24/7"},"geometry":{"type":"Point","coordinates":[121.49848,25.07482]}},{"type":"Feature","properties":{"id":"osm:node:9350007723","name":"新北市立圖書館三重分館","category":"bicycle_rental","nameEn":"New Taipei City Library Sanchong Branch","brand":"YouBike 2.0","opening_hours":"24/7"},"geometry":{"type":"Point","coordinates":[121.49553,25.0661]}},{"type":"Feature","properties":{"id":"osm:node:9350007724","name":"自強溪尾街口","category":"bicycle_rental","nameEn":"Ziqiang & Xiwei Intersection","brand":"YouBike 2.0","opening_hours":"24/7"},"geometry":{"type":"Point","coordinates":[121.49016,25.07822]}},{"type":"Feature","properties":{"id":"osm:node:9350007725","name":"碧華公園(集勇街)","category":"bicycle_rental","nameEn":"Bihua Park(Jiyong Rd.)","brand":"YouBike 2.0","opening_hours":"24/7","wheelchair":"yes"},"geometry":{"type":"Point","coordinates":[121.48554,25.08415]}},{"type":"Feature","properties":{"id":"osm:node:9350007726","name":"三德公園","category":"bicycle_rental","nameEn":"Sante Park","brand":"YouBike 2.0","opening_hours":"24/7"},"geometry":{"type":"Point","coordinates":[121.500772,25.075007]}},{"type":"Feature","properties":{"id":"osm:node:9350007727","name":"龍門龍濱路口","category":"bicycle_rental","nameEn":"Longmen & Longbin Intersection","brand":"YouBike 2.0","opening_hours":"24/7"},"geometry":{"type":"Point","coordinates":[121.50098,25.07348]}},{"type":"Feature","properties":{"id":"osm:node:9350007730","name":"龍形停車場","category":"bicycle_rental","nameEn":"Long Xing Parking Tower","brand":"YouBike 2.0","opening_hours":"24/7"},"geometry":{"type":"Point","coordinates":[121.4513,25.13041]}},{"type":"Feature","properties":{"id":"osm:node:9360196144","name":"臺北市電影主題公園(康定路)","category":"bicycle_rental","nameEn":"Taipei Cinema Park (Kangding Rd.)","brand":"YouBike 2.0","opening_hours":"24/7"},"geometry":{"type":"Point","coordinates":[121.50318,25.04551]}},{"type":"Feature","properties":{"id":"osm:node:9360196145","name":"臺北市電影主題公園(峨眉街)","category":"bicycle_rental","nameEn":"Taipei Cinema Park (Emei St.)","brand":"YouBike 2.0","opening_hours":"24/7"},"geometry":{"type":"Point","coordinates":[121.50306,25.04445]}},{"type":"Feature","properties":{"id":"osm:node:9360196146","name":"貓公園(中興橋頭)","category":"bicycle_rental","nameEn":"Cat Park (Zhongxing Bridgehead)","brand":"YouBike 2.0","opening_hours":"24/7"},"geometry":{"type":"Point","coordinates":[121.5018,25.04369]}},{"type":"Feature","properties":{"id":"osm:node:9360196147","name":"復華花園新城","category":"bicycle_rental","nameEn":"Fuhua Garden Metro","brand":"YouBike 2.0","opening_hours":"24/7"},"geometry":{"type":"Point","coordinates":[121.50258,25.02964]}},{"type":"Feature","properties":{"id":"osm:node:9360196148","name":"協和祐德高級中學","category":"bicycle_rental","nameEn":"Xiehe Youde High School","brand":"YouBike 2.0","opening_hours":"24/7","wheelchair":"yes"},"geometry":{"type":"Point","coordinates":[121.58381,25.0426]}},{"type":"Feature","properties":{"id":"osm:node:9360196149","name":"吳興街284巷36弄口","category":"bicycle_rental","nameEn":"Aly. 36, Ln. 284, Wuxing St.","brand":"YouBike 2.0","opening_hours":"24/7"},"geometry":{"type":"Point","coordinates":[121.56268,25.02236]}},{"type":"Feature","properties":{"id":"osm:node:9360196150","name":"捷運台北101/世貿站(2號出口)","category":"bicycle_rental","nameEn":"MRT Taipei 101 / World Trade Center Sta.(Exit.2)","brand":"YouBike 2.0","opening_hours":"24/7"},"geometry":{"type":"Point","coordinates":[121.56157,25.0327]}},{"type":"Feature","properties":{"id":"osm:node:9360196151","name":"信義基隆路口","category":"bicycle_rental","nameEn":"Xinyi & Keelung Intersection","brand":"YouBike 2.0","opening_hours":"24/7"},"geometry":{"type":"Point","coordinates":[121.55873,25.03321]}},{"type":"Feature","properties":{"id":"osm:node:9360196152","name":"松德路169巷口","category":"bicycle_rental","nameEn":"Ln. 169, Songde Rd.","brand":"YouBike 2.0","opening_hours":"24/7","wheelchair":"yes"},"geometry":{"type":"Point","coordinates":[121.575844,25.036332]}},{"type":"Feature","properties":{"id":"osm:node:9360196153","name":"仁愛逸仙路口","category":"bicycle_rental","nameEn":"Ren'ai Rd. & Yisian Rd. Intersection","brand":"YouBike 2.0","opening_hours":"24/7"},"geometry":{"type":"Point","coordinates":[121.56124,25.03771]}},{"type":"Feature","properties":{"id":"osm:node:9360196154","name":"松山家商(林口街)","category":"bicycle_rental","nameEn":"Songshan Vocational High School (Linkou St.)","brand":"YouBike 2.0","opening_hours":"24/7"},"geometry":{"type":"Point","coordinates":[121.57906,25.03593]}},{"type":"Feature","properties":{"id":"osm:node:9360196155","name":"吳興街260巷","category":"bicycle_rental","nameEn":"Ln. 260, Wuxing St. Intersection","brand":"YouBike 2.0","opening_hours":"24/7"},"geometry":{"type":"Point","coordinates":[121.5631,25.02606]}},{"type":"Feature","properties":{"id":"osm:node:9360196156","name":"捷運永春站(2號出口)","category":"bicycle_rental","nameEn":"MRT Yongchun Sta.(Exit.2)","brand":"YouBike 2.0","opening_hours":"24/7"},"geometry":{"type":"Point","coordinates":[121.57538,25.0405]}},{"type":"Feature","properties":{"id":"osm:node:9360196157","name":"基隆路一段101巷口","category":"bicycle_rental","nameEn":"Ln. 101, Sec. 1,Keelung Rd. Intersection","brand":"YouBike 2.0","opening_hours":"24/7"},"geometry":{"type":"Point","coordinates":[121.56702,25.04516]}},{"type":"Feature","properties":{"id":"osm:node:9360196158","name":"富台公園","category":"bicycle_rental","nameEn":"Futai Park","brand":"YouBike 2.0","opening_hours":"24/7"},"geometry":{"type":"Point","coordinates":[121.57204,25.04185]}},{"type":"Feature","properties":{"id":"osm:node:9360196159","name":"松德虎林街口","category":"bicycle_rental","nameEn":"Songde Rd. & Hulin St. Intersection","brand":"YouBike 2.0","opening_hours":"24/7"},"geometry":{"type":"Point","coordinates":[121.5762,25.0383]}},{"type":"Feature","properties":{"id":"osm:node:9360196160","name":"松德公園","category":"bicycle_rental","nameEn":"Songde Park","brand":"YouBike 2.0","opening_hours":"24/7","wheelchair":"yes"},"geometry":{"type":"Point","coordinates":[121.57349,25.03657]}},{"type":"Feature","properties":{"id":"osm:node:9360196161","name":"捷運象山站(3號出口)","category":"bicycle_rental","nameEn":"MRT Xiangshan Sta.(Exit.3)","brand":"YouBike 2.0","opening_hours":"24/7"},"geometry":{"type":"Point","coordinates":[121.5712,25.03295]}},{"type":"Feature","properties":{"id":"osm:node:9360196162","name":"永吉路321巷口","category":"bicycle_rental","nameEn":"Ln. 321, Yongji Rd. Intersection","brand":"YouBike 2.0","opening_hours":"24/7"},"geometry":{"type":"Point","coordinates":[121.57549,25.04561]}},{"type":"Feature","properties":{"id":"osm:node:9360196163","name":"捷運後山埤站(2號出口)","category":"bicycle_rental","nameEn":"MRT Houshanpi Sta. (Exit 2)","brand":"YouBike 2.0","opening_hours":"24/7"},"geometry":{"type":"Point","coordinates":[121.58184,25.04395]}},{"type":"Feature","properties":{"id":"osm:node:9360196164","name":"泰和里民活動中心","category":"bicycle_rental","nameEn":"Taihe Activity Center","brand":"YouBike 2.0","opening_hours":"24/7"},"geometry":{"type":"Point","coordinates":[121.57027,25.0213]}},{"type":"Feature","properties":{"id":"osm:node:9360196165","name":"光復信義路口東南側","category":"bicycle_rental","nameEn":"Guangfu S. Rd & Sec. 4, Xinyi Rd Intersection (Southeast)","brand":"YouBike 2.0","opening_hours":"24/7"},"geometry":{"type":"Point","coordinates":[121.55756,25.03281]}},{"type":"Feature","properties":{"id":"osm:node:9360196166","name":"舊莊國小(舊莊街一段)","category":"bicycle_rental","nameEn":"JiuZhuang Elementary School(Sec. 1, Jiuzong Rd.)","brand":"YouBike 2.0","opening_hours":"24/7"},"geometry":{"type":"Point","coordinates":[121.62015,25.03987]}},{"type":"Feature","properties":{"id":"osm:node:9360196167","name":"百福公園","category":"bicycle_rental","nameEn":"Baifu Park","brand":"YouBike 2.0","opening_hours":"24/7"},"geometry":{"type":"Point","coordinates":[121.58788,25.03884]}},{"type":"Feature","properties":{"id":"osm:node:9360196168","name":"玉成公園運動中心","category":"bicycle_rental","nameEn":"Yucheng Park Sports Center","brand":"YouBike 2.0","opening_hours":"24/7"},"geometry":{"type":"Point","coordinates":[121.58493,25.04193]}},{"type":"Feature","properties":{"id":"osm:node:9360196169","name":"捷運後山埤站(3號出口)","category":"bicycle_rental","nameEn":"MRT Houshanpi Sta. (Exit 3)","brand":"YouBike 2.0","opening_hours":"24/7"},"geometry":{"type":"Point","coordinates":[121.5836,25.04511]}},{"type":"Feature","properties":{"id":"osm:node:9360196170","name":"八德中坡路口","category":"bicycle_rental","nameEn":"Bade Rd. & Zhongpo Rd. Intersection","brand":"YouBike 2.0","opening_hours":"24/7"},"geometry":{"type":"Point","coordinates":[121.5803,25.05064]}},{"type":"Feature","properties":{"id":"osm:node:9360196171","name":"南港東新街口","category":"bicycle_rental","nameEn":"Nangang Rd. & Dongxin St. Intersection","brand":"YouBike 2.0","opening_hours":"24/7"},"geometry":{"type":"Point","coordinates":[121.58284,25.05168]}},{"type":"Feature","properties":{"id":"osm:node:9360196172","name":"南港路三段220巷口","category":"bicycle_rental","nameEn":"Ln. 220, Sec. 3, Nangang Rd. Intersection","brand":"YouBike 2.0","opening_hours":"24/7"},"geometry":{"type":"Point","coordinates":[121.58599,25.05289]}},{"type":"Feature","properties":{"id":"osm:node:9360196173","name":"新新公園(昆陽街60巷)","category":"bicycle_rental","nameEn":"Xinxin Park (Ln. 60, Kunyang St.)","brand":"YouBike 2.0","opening_hours":"24/7"},"geometry":{"type":"Point","coordinates":[121.59053,25.0521]}},{"type":"Feature","properties":{"id":"osm:node:9360196174","name":"塔悠疏散門","category":"bicycle_rental","nameEn":"Tayou Evacuation Gate","brand":"YouBike 2.0","opening_hours":"24/7"},"geometry":{"type":"Point","coordinates":[121.56788,25.0648]}},{"type":"Feature","properties":{"id":"osm:node:9360196175","name":"捷運南京復興站(5號出口)","category":"bicycle_rental","nameEn":"MRT Nanjing Fuxing Sta.(Exit.5)","brand":"YouBike 2.0","opening_hours":"24/7"},"geometry":{"type":"Point","coordinates":[121.54506,25.05168]}},{"type":"Feature","properties":{"id":"osm:node:9360196176","name":"捷運南京復興站(7號出口)","category":"bicycle_rental","nameEn":"MRT Nanjing Fuxing Sta.(Exit.7)","brand":"YouBike 2.0","opening_hours":"24/7"},"geometry":{"type":"Point","coordinates":[121.54478,25.05278]}},{"type":"Feature","properties":{"id":"osm:node:9360196177","name":"中崙福成宮","category":"bicycle_rental","nameEn":"Zhonglun Fucheng Temple","brand":"YouBike 2.0","opening_hours":"24/7"},"geometry":{"type":"Point","coordinates":[121.54659,25.04524]}},{"type":"Feature","properties":{"id":"osm:node:9360196178","name":"復盛公園","category":"bicycle_rental","nameEn":"Fusheng Park","brand":"YouBike 2.0","opening_hours":"24/7"},"geometry":{"type":"Point","coordinates":[121.56115,25.04763]}},{"type":"Feature","properties":{"id":"osm:node:9360196179","name":"健安新城","category":"bicycle_rental","nameEn":"Jianan Sincheng","brand":"YouBike 2.0","opening_hours":"24/7"},"geometry":{"type":"Point","coordinates":[121.56345,25.05606]}},{"type":"Feature","properties":{"id":"osm:node:9360196180","name":"健康新城","category":"bicycle_rental","nameEn":"Jiankang New Village","brand":"YouBike 2.0","opening_hours":"24/7"},"geometry":{"type":"Point","coordinates":[121.56095,25.05408]}},{"type":"Feature","properties":{"id":"osm:node:9360196181","name":"民生立體停車場","category":"bicycle_rental","nameEn":"Minsheng Parking Lot","brand":"YouBike 2.0","opening_hours":"24/7"},"geometry":{"type":"Point","coordinates":[121.55947,25.05846]}},{"type":"Feature","properties":{"id":"osm:node:9360196182","name":"南京光復路口","category":"bicycle_rental","nameEn":"Nanjing Rd. & Guangfu Rd. Intersection","brand":"YouBike 2.0","opening_hours":"24/7"},"geometry":{"type":"Point","coordinates":[121.55716,25.05143]}},{"type":"Feature","properties":{"id":"osm:node:9360196183","name":"國土管理署","category":"bicycle_rental","nameEn":"National Land Management Agency, MOI","brand":"YouBike 2.0","opening_hours":"24/7"},"geometry":{"type":"Point","coordinates":[121.5448,25.04769]}},{"type":"Feature","properties":{"id":"osm:node:9360196184","name":"光復南路46巷","category":"bicycle_rental","nameEn":"Ln. 46, GuangFu S. Rd.","brand":"YouBike 2.0","opening_hours":"24/7"},"geometry":{"type":"Point","coordinates":[121.556662,25.046063]}},{"type":"Feature","properties":{"id":"osm:node:9360196185","name":"洲美公園","category":"bicycle_rental","nameEn":"Zhoumei Park","brand":"YouBike 2.0","opening_hours":"24/7"},"geometry":{"type":"Point","coordinates":[121.50599,25.10032]}},{"type":"Feature","properties":{"id":"osm:node:9360196186","name":"大豐公園","category":"bicycle_rental","nameEn":"Dafeng Park","brand":"YouBike 2.0","opening_hours":"24/7"},"geometry":{"type":"Point","coordinates":[121.50408,25.13102]}},{"type":"Feature","properties":{"id":"osm:node:9360196187","name":"捷運明德站(3號出口)","category":"bicycle_rental","nameEn":"MRT Mingde Sta.(Exit.3)","brand":"YouBike 2.0","opening_hours":"24/7"},"geometry":{"type":"Point","coordinates":[121.51841,25.11]}},{"type":"Feature","properties":{"id":"osm:node:9360196188","name":"承德路七段188巷口","category":"bicycle_rental","nameEn":"Ln. 188, Sec. 7, Chengde Rd. Intersection","brand":"YouBike 2.0","opening_hours":"24/7"},"geometry":{"type":"Point","coordinates":[121.50771,25.11416]}},{"type":"Feature","properties":{"id":"osm:node:9360196189","name":"承德石牌路口","category":"bicycle_rental","nameEn":"Chengde Rd. & Shipai Rd. Intersection","brand":"YouBike 2.0","opening_hours":"24/7"},"geometry":{"type":"Point","coordinates":[121.50922,25.11272]}},{"type":"Feature","properties":{"id":"osm:node:9360196190","name":"復興公園","category":"bicycle_rental","nameEn":"Fuxing Park","brand":"YouBike 2.0","opening_hours":"24/7"},"geometry":{"type":"Point","coordinates":[121.5021,25.13872]}},{"type":"Feature","properties":{"id":"osm:node:9360196191","name":"稻香重三路口","category":"bicycle_rental","nameEn":"Daoxiang Chongshan Rd. Intersection","brand":"YouBike 2.0","opening_hours":"24/7"},"geometry":{"type":"Point","coordinates":[121.48967,25.13997]}},{"type":"Feature","properties":{"id":"osm:node:9360196192","name":"九華公園","category":"bicycle_rental","nameEn":"Jiuhua Park","brand":"YouBike 2.0","opening_hours":"24/7"},"geometry":{"type":"Point","coordinates":[121.56122,25.08844]}},{"type":"Feature","properties":{"id":"osm:node:9360196193","name":"民權東路六段190巷117弄口","category":"bicycle_rental","nameEn":"Aly. 117, Ln. 190, Sec. 6, Minquan E. Rd.","brand":"YouBike 2.0","opening_hours":"24/7"},"geometry":{"type":"Point","coordinates":[121.59399,25.06434]}},{"type":"Feature","properties":{"id":"osm:node:9360196194","name":"舊宗行善路口","category":"bicycle_rental","nameEn":"Jiuzong Rd. & Xingshan Rd. Intersection","brand":"YouBike 2.0","opening_hours":"24/7"},"geometry":{"type":"Point","coordinates":[121.58062,25.05876]}},{"type":"Feature","properties":{"id":"osm:node:9360196195","name":"下灣公園(成功路)","category":"bicycle_rental","nameEn":"Xiawan Park","brand":"YouBike 2.0","opening_hours":"24/7"},"geometry":{"type":"Point","coordinates":[121.5907,25.06682]}},{"type":"Feature","properties":{"id":"osm:node:9360196196","name":"瑞湖陽光街口","category":"bicycle_rental","nameEn":"Rueihu St. & Yangguang St. Intersection","brand":"YouBike 2.0","opening_hours":"24/7"},"geometry":{"type":"Point","coordinates":[121.57603,25.07296]}},{"type":"Feature","properties":{"id":"osm:node:9360196197","name":"捷運內湖站(1號出口)","category":"bicycle_rental","nameEn":"MRT Neihu Sta. (Exit.1)","brand":"YouBike 2.0","opening_hours":"24/7"},"geometry":{"type":"Point","coordinates":[121.59406,25.08373]}},{"type":"Feature","properties":{"id":"osm:node:9360196198","name":"東湖國小","category":"bicycle_rental","nameEn":"Donghu Elementary School","brand":"YouBike 2.0","opening_hours":"24/7"},"geometry":{"type":"Point","coordinates":[121.61532,25.06854]}},{"type":"Feature","properties":{"id":"osm:node:9360196200","name":"民權東路六段245巷口","category":"bicycle_rental","nameEn":"Ln. 245, Sec. 6, Minquan E. Rd. Intersection","brand":"YouBike 2.0","opening_hours":"24/7"},"geometry":{"type":"Point","coordinates":[121.60059,25.06708]}},{"type":"Feature","properties":{"id":"osm:node:9360196201","name":"下灣公園","category":"bicycle_rental","nameEn":"Xiawan Park","brand":"YouBike 2.0","opening_hours":"24/7"},"geometry":{"type":"Point","coordinates":[121.59561,25.06516]}},{"type":"Feature","properties":{"id":"osm:node:9360196202","name":"新明路460巷口","category":"bicycle_rental","nameEn":"Ln. 460, Xinming Rd. Intersection","brand":"YouBike 2.0","opening_hours":"24/7"},"geometry":{"type":"Point","coordinates":[121.57823,25.05503]}},{"type":"Feature","properties":{"id":"osm:node:9360196203","name":"行善路25巷口","category":"bicycle_rental","nameEn":"Ln. 25, Xingshan Rd. Intersection","brand":"YouBike 2.0","opening_hours":"24/7"},"geometry":{"type":"Point","coordinates":[121.57658,25.05707]}},{"type":"Feature","properties":{"id":"osm:node:9360196204","name":"康寧公園(北側)","category":"bicycle_rental","nameEn":"Kangning Park (North)","brand":"YouBike 2.0","opening_hours":"24/7"},"geometry":{"type":"Point","coordinates":[121.61019,25.06927]}},{"type":"Feature","properties":{"id":"osm:node:9360196205","name":"內湖垃圾焚化廠","category":"bicycle_rental","nameEn":"Neihu Refuse Incineration Plant","brand":"YouBike 2.0","opening_hours":"24/7"},"geometry":{"type":"Point","coordinates":[121.60347,25.06209]}},{"type":"Feature","properties":{"id":"osm:node:9360196206","name":"中山北路二段59巷口","category":"bicycle_rental","nameEn":"Ln. 59, Sec. 2, Zhongshan N. Rd.","brand":"YouBike 2.0","opening_hours":"24/7"},"geometry":{"type":"Point","coordinates":[121.5229,25.05606]}},{"type":"Feature","properties":{"id":"osm:node:9360196207","name":"錦州吉林路口","category":"bicycle_rental","nameEn":"Jinzhou St. & Jilin Rd. Intersection","brand":"YouBike 2.0","opening_hours":"24/7"},"geometry":{"type":"Point","coordinates":[121.52991,25.06028]}},{"type":"Feature","properties":{"id":"osm:node:9360196208","name":"國立臺北大學(臺北校區)","category":"bicycle_rental","nameEn":"National Taipei University(Taipei Canpus)","brand":"YouBike 2.0","opening_hours":"24/7"},"geometry":{"type":"Point","coordinates":[121.543033,25.058059]}},{"type":"Feature","properties":{"id":"osm:node:9360196209","name":"吉林路123巷口","category":"bicycle_rental","nameEn":"Ln. 123, Jilin Rd.","brand":"YouBike 2.0","opening_hours":"24/7"},"geometry":{"type":"Point","coordinates":[121.53021,25.05731]}},{"type":"Feature","properties":{"id":"osm:node:9360196210","name":"中吉公園(松江路188巷)","category":"bicycle_rental","nameEn":"Zhongji Park(Ln. 188, Songjiang Rd.)","brand":"YouBike 2.0","opening_hours":"24/7"},"geometry":{"type":"Point","coordinates":[121.53191,25.0568]}},{"type":"Feature","properties":{"id":"osm:node:9360196211","name":"捷運行政大樓","category":"bicycle_rental","nameEn":"MRT Administration Building","brand":"YouBike 2.0","opening_hours":"24/7"},"geometry":{"type":"Point","coordinates":[121.52168,25.05575]}},{"type":"Feature","properties":{"id":"osm:node:9360196212","name":"中山農安街口","category":"bicycle_rental","nameEn":"Zhongshan Rd. & Nong'an St. Intersection","brand":"YouBike 2.0","opening_hours":"24/7","wheelchair":"yes"},"geometry":{"type":"Point","coordinates":[121.5224,25.0651]}},{"type":"Feature","properties":{"id":"osm:node:9360196213","name":"民權吉林路口","category":"bicycle_rental","nameEn":"Minquan & Jilin Intersection","brand":"YouBike 2.0","opening_hours":"24/7"},"geometry":{"type":"Point","coordinates":[121.53061,25.06269]}},{"type":"Feature","properties":{"id":"osm:node:9360196214","name":"市民新生路口","category":"bicycle_rental","nameEn":"Civic & Xinsheng Intersection","brand":"YouBike 2.0","opening_hours":"24/7"},"geometry":{"type":"Point","coordinates":[121.53193,25.04611]}},{"type":"Feature","properties":{"id":"osm:node:9360196215","name":"建國長安路口","category":"bicycle_rental","nameEn":"Jianguo & Chang'an Intersection","brand":"YouBike 2.0","opening_hours":"24/7"},"geometry":{"type":"Point","coordinates":[121.53669,25.04836]}},{"type":"Feature","properties":{"id":"osm:node:9360196216","name":"松江路77巷口","category":"bicycle_rental","nameEn":"Ln. 77, Songjiang Rd.","brand":"YouBike 2.0","opening_hours":"24/7"},"geometry":{"type":"Point","coordinates":[121.53312,25.04985]}},{"type":"Feature","properties":{"id":"osm:node:9360227617","name":"建國農安街口","category":"bicycle_rental","nameEn":"Jianguo & Nong'an Intersection","brand":"YouBike 2.0","opening_hours":"24/7","wheelchair":"limited"},"geometry":{"type":"Point","coordinates":[121.53678,25.06503]}},{"type":"Feature","properties":{"id":"osm:node:9360227618","name":"林森長春路口","category":"bicycle_rental","nameEn":"Linsen & Changchun Intersection","brand":"YouBike 2.0","opening_hours":"24/7"},"geometry":{"type":"Point","coordinates":[121.52536,25.05497]}},{"type":"Feature","properties":{"id":"osm:node:9360227619","name":"捷運行天宮站(1號出口)","category":"bicycle_rental","nameEn":"MRT Xingtian Temple Sta. (Exit 1)","brand":"YouBike 2.0","opening_hours":"24/7"},"geometry":{"type":"Point","coordinates":[121.53305,25.05867]}},{"type":"Feature","properties":{"id":"osm:node:9360227620","name":"新生公園","category":"bicycle_rental","nameEn":"Xinsheng Park","brand":"YouBike 2.0","opening_hours":"24/7","wheelchair":"yes"},"geometry":{"type":"Point","coordinates":[121.53032,25.06839]}},{"type":"Feature","properties":{"id":"osm:node:9360227621","name":"撫順公園","category":"bicycle_rental","nameEn":"Fushun Park","brand":"YouBike 2.0","opening_hours":"24/7"},"geometry":{"type":"Point","coordinates":[121.52203,25.06416]}},{"type":"Feature","properties":{"id":"osm:node:9360227622","name":"捷運中山站(2號出口)","category":"bicycle_rental","nameEn":"MRT Zhongshan Sta. (Exit 2)","brand":"YouBike 2.0","opening_hours":"24/7"},"geometry":{"type":"Point","coordinates":[121.52176,25.05228]}},{"type":"Feature","properties":{"id":"osm:node:9360227623","name":"渭水八德路口","category":"bicycle_rental","nameEn":"Weishuei Rd. & Bade Rd. Intersection","brand":"YouBike 2.0","opening_hours":"24/7"},"geometry":{"type":"Point","coordinates":[121.53508,25.04573]}},{"type":"Feature","properties":{"id":"osm:node:9360227625","name":"民族松江路口","category":"bicycle_rental","nameEn":"Minzu Rd. & Songjiang Rd. Intersection","brand":"YouBike 2.0","opening_hours":"24/7"},"geometry":{"type":"Point","coordinates":[121.5328,25.06833]}},{"type":"Feature","properties":{"id":"osm:node:9360227626","name":"松江路431巷口","category":"bicycle_rental","nameEn":"Ln. 431, Songshan Rd. Intersection","brand":"YouBike 2.0","opening_hours":"24/7"},"geometry":{"type":"Point","coordinates":[121.53338,25.06585]}},{"type":"Feature","properties":{"id":"osm:node:9360227627","name":"民權建國路口","category":"bicycle_rental","nameEn":"Minquan Rd. & Jianguo N. Rd. Intersection","brand":"YouBike 2.0","opening_hours":"24/7"},"geometry":{"type":"Point","coordinates":[121.53765,25.06251]}},{"type":"Feature","properties":{"id":"osm:node:9360227628","name":"榮星花園","category":"bicycle_rental","nameEn":"Rongxing Garden","brand":"YouBike 2.0","opening_hours":"24/7"},"geometry":{"type":"Point","coordinates":[121.54037,25.06424]}},{"type":"Feature","properties":{"id":"osm:node:9360227629","name":"中山民族路口","category":"bicycle_rental","nameEn":"Zhongshan Rd. & Minzu Rd. Intersection","brand":"YouBike 2.0","opening_hours":"24/7"},"geometry":{"type":"Point","coordinates":[121.52265,25.06816]}},{"type":"Feature","properties":{"id":"osm:node:9360227630","name":"臺北市立美術館","category":"bicycle_rental","nameEn":"Taipei Fine Arts Museum","brand":"YouBike 2.0","opening_hours":"24/7"},"geometry":{"type":"Point","coordinates":[121.52291,25.06987]}},{"type":"Feature","properties":{"id":"osm:node:9360227631","name":"民族林森路口","category":"bicycle_rental","nameEn":"Minzu Rd. & Linsen Rd. Intersection","brand":"YouBike 2.0","opening_hours":"24/7"},"geometry":{"type":"Point","coordinates":[121.52559,25.06847]}},{"type":"Feature","properties":{"id":"osm:node:9360227632","name":"新生德惠街口","category":"bicycle_rental","nameEn":"Xinsheng Rd. & Dehui St. Intersection","brand":"YouBike 2.0","opening_hours":"24/7"},"geometry":{"type":"Point","coordinates":[121.52762,25.06652]}},{"type":"Feature","properties":{"id":"osm:node:9360227633","name":"農安雙城街口","category":"bicycle_rental","nameEn":"Nong'an St. & Shuangcheng St. Intersection","brand":"YouBike 2.0","opening_hours":"24/7"},"geometry":{"type":"Point","coordinates":[121.52449,25.06491]}},{"type":"Feature","properties":{"id":"osm:node:9360227634","name":"民權龍江路口","category":"bicycle_rental","nameEn":"Minquan E. Rd. & Long Jiang Rd. Intersection","brand":"YouBike 2.0","opening_hours":"24/7"},"geometry":{"type":"Point","coordinates":[121.54107,25.06225]}},{"type":"Feature","properties":{"id":"osm:node:9360227635","name":"建國北路一段17巷","category":"bicycle_rental","nameEn":"Ln. 17, Sec. 1, Jianguo N. Rd.","brand":"YouBike 2.0","opening_hours":"24/7"},"geometry":{"type":"Point","coordinates":[121.53735,25.04699]}},{"type":"Feature","properties":{"id":"osm:node:9360227636","name":"王貫英先生紀念圖書館","category":"bicycle_rental","nameEn":"Taipei Public Library Wang Guan-Ying Branch","brand":"YouBike 2.0","opening_hours":"24/7"},"geometry":{"type":"Point","coordinates":[121.52362,25.02266]}},{"type":"Feature","properties":{"id":"osm:node:9360227637","name":"中山青島路口","category":"bicycle_rental","nameEn":"Zhongshan & Qingdao Intersection","brand":"YouBike 2.0","opening_hours":"24/7"},"geometry":{"type":"Point","coordinates":[121.51968,25.04503]}},{"type":"Feature","properties":{"id":"osm:node:9360227639","name":"臺北轉運站","category":"bicycle_rental","nameEn":"Taipei Bus Station","brand":"YouBike 2.0","opening_hours":"24/7"},"geometry":{"type":"Point","coordinates":[121.51994,25.04842]}},{"type":"Feature","properties":{"id":"osm:node:9360227640","name":"信義連雲街口","category":"bicycle_rental","nameEn":"Xinyi Rd. & Lianyun St. Intersection","brand":"YouBike 2.0","opening_hours":"24/7"},"geometry":{"type":"Point","coordinates":[121.53041,25.03377]}},{"type":"Feature","properties":{"id":"osm:node:9360227641","name":"聯合醫院和平院區","category":"bicycle_rental","nameEn":"Taipei City Hospital Heping Branch","brand":"YouBike 2.0","opening_hours":"24/7"},"geometry":{"type":"Point","coordinates":[121.505124,25.034641]}},{"type":"Feature","properties":{"id":"osm:node:9360227642","name":"達賢圖書館","category":"bicycle_rental","nameEn":"Dah Hsian Seetoo Library","brand":"YouBike 2.0","opening_hours":"24/7"},"geometry":{"type":"Point","coordinates":[121.57786,24.9884]}},{"type":"Feature","properties":{"id":"osm:node:9360227644","name":"興得閱覽室","category":"bicycle_rental","nameEn":"Xingde Reading Room","opening_hours":"24/7"},"geometry":{"type":"Point","coordinates":[121.55498,24.99579]}},{"type":"Feature","properties":{"id":"osm:node:9360227645","name":"市立圖書館葫蘆堵分館","category":"bicycle_rental","nameEn":"Taipei Public Library Huludu Branch","brand":"YouBike 2.0","opening_hours":"24/7"},"geometry":{"type":"Point","coordinates":[121.51074,25.08217]}},{"type":"Feature","properties":{"id":"osm:node:9360227646","name":"至善臨溪路口","category":"bicycle_rental","nameEn":"Jhihshan Rd. & Linsi Rd. Intersection","brand":"YouBike 2.0","opening_hours":"24/7"},"geometry":{"type":"Point","coordinates":[121.54229,25.09709]}},{"type":"Feature","properties":{"id":"osm:node:9360227647","name":"中正基河路口","category":"bicycle_rental","nameEn":"Jhongjheng Rd. & Jihe Rd. Intersection","brand":"YouBike 2.0","opening_hours":"24/7"},"geometry":{"type":"Point","coordinates":[121.519222,25.093826]}},{"type":"Feature","properties":{"id":"osm:node:9360227648","name":"蘭雅國小","category":"bicycle_rental","nameEn":"Lanya Elementary School","brand":"YouBike 2.0","opening_hours":"24/7"},"geometry":{"type":"Point","coordinates":[121.52312,25.10775]}},{"type":"Feature","properties":{"id":"osm:node:9360227649","name":"士林新天地","category":"bicycle_rental","nameEn":"Shilin New Village","brand":"YouBike 2.0","opening_hours":"24/7"},"geometry":{"type":"Point","coordinates":[121.51751,25.08899]}},{"type":"Feature","properties":{"id":"osm:node:9360227650","name":"迪化休閒運動公園","category":"bicycle_rental","nameEn":"Dihua Recreational Sports Park","brand":"YouBike 2.0","opening_hours":"24/7"},"geometry":{"type":"Point","coordinates":[121.5115,25.07491]}},{"type":"Feature","properties":{"id":"osm:node:9360227651","name":"聯合醫院中興院區","category":"bicycle_rental","nameEn":"Taipei City Hospital Zhongxing Branch","brand":"YouBike 2.0","opening_hours":"24/7"},"geometry":{"type":"Point","coordinates":[121.50818,25.05205]}},{"type":"Feature","properties":{"id":"osm:node:9360227652","name":"國順公園","category":"bicycle_rental","nameEn":"Guoshun Park","brand":"YouBike 2.0","opening_hours":"24/7"},"geometry":{"type":"Point","coordinates":[121.51078,25.06594]}},{"type":"Feature","properties":{"id":"osm:node:9360227653","name":"太原廣場","category":"bicycle_rental","nameEn":"Tai Yuan Guang Chang","brand":"YouBike 2.0","opening_hours":"24/7"},"geometry":{"type":"Point","coordinates":[121.51468,25.04925]}},{"type":"Feature","properties":{"id":"osm:node:9360227654","name":"承德路三段8巷口","category":"bicycle_rental","nameEn":"Ln. 8, Sec. 3, Chengde Rd. Intersection","brand":"YouBike 2.0","opening_hours":"24/7"},"geometry":{"type":"Point","coordinates":[121.51822,25.06407]}},{"type":"Feature","properties":{"id":"osm:node:9360227655","name":"重慶民族路口","category":"bicycle_rental","nameEn":"Chongcing Rd. & Minzu Rd. Intersection","brand":"YouBike 2.0","opening_hours":"24/7"},"geometry":{"type":"Point","coordinates":[121.51359,25.06853]}},{"type":"Feature","properties":{"id":"osm:node:9360227656","name":"圓環站","category":"bicycle_rental","nameEn":"Yuanhuan","brand":"YouBike 2.0","opening_hours":"24/7"},"geometry":{"type":"Point","coordinates":[121.51418,25.05369]}},{"type":"Feature","properties":{"id":"osm:node:9360227657","name":"重慶涼州街口","category":"bicycle_rental","nameEn":"Chongcing Rd. & Liangjhou St. Intersection","brand":"YouBike 2.0","opening_hours":"24/7"},"geometry":{"type":"Point","coordinates":[121.51338,25.06054]}},{"type":"Feature","properties":{"id":"osm:node:9360227658","name":"大龍公園","category":"bicycle_rental","nameEn":"Dalong Park","brand":"YouBike 2.0","opening_hours":"24/7"},"geometry":{"type":"Point","coordinates":[121.51596,25.07049]}},{"type":"Feature","properties":{"id":"osm:node:9360227659","name":"捷運雙連站(2號出口)","category":"bicycle_rental","nameEn":"MRT Shuanglian Sta. (Exit 2)","brand":"YouBike 2.0","opening_hours":"24/7"},"geometry":{"type":"Point","coordinates":[121.52063,25.05826]}},{"type":"Feature","properties":{"id":"osm:node:9360227660","name":"捷運大橋頭站(1A出口)","category":"bicycle_rental","nameEn":"MRT Daqiaotou Sta. (Exit 1A)","brand":"YouBike 2.0","opening_hours":"24/7","wheelchair":"no"},"geometry":{"type":"Point","coordinates":[121.51162,25.06325]}},{"type":"Feature","properties":{"id":"osm:node:9360227661","name":"捷運大橋頭站(2號出口)","category":"bicycle_rental","nameEn":"MRT Daqiaotou Sta. (Exit 2)","brand":"YouBike 2.0","opening_hours":"24/7"},"geometry":{"type":"Point","coordinates":[121.51308,25.06314]}},{"type":"Feature","properties":{"id":"osm:node:9360227662","name":"大龍老人住宅","category":"bicycle_rental","nameEn":"Dalong Old People Housing","brand":"YouBike 2.0","opening_hours":"24/7"},"geometry":{"type":"Point","coordinates":[121.51729,25.06853]}},{"type":"Feature","properties":{"id":"osm:node:9360227663","name":"和平東建國南路口","category":"bicycle_rental","nameEn":"Heping E. Rd. & Jianguo S. Rd. Intersection","brand":"YouBike 2.0","opening_hours":"24/7"},"geometry":{"type":"Point","coordinates":[121.5377,25.02575]}},{"type":"Feature","properties":{"id":"osm:node:9360227664","name":"復興南路二段128巷口","category":"bicycle_rental","nameEn":"Ln. 128, Sec. 2, Fuxing S. Rd.","brand":"YouBike 2.0","opening_hours":"24/7"},"geometry":{"type":"Point","coordinates":[121.54336,25.02861]}},{"type":"Feature","properties":{"id":"osm:node:9360227665","name":"敦化南路二段103巷口","category":"bicycle_rental","nameEn":"Ln. 103,Sec. 2,Dunhua S. Rd.","brand":"YouBike 2.0","opening_hours":"24/7"},"geometry":{"type":"Point","coordinates":[121.54904,25.0287]}},{"type":"Feature","properties":{"id":"osm:node:9360227666","name":"捷運信義安和站(1號出口)","category":"bicycle_rental","nameEn":"MRT Xinyi Anhe Sta.(Exit.1)","brand":"YouBike 2.0","opening_hours":"24/7"},"geometry":{"type":"Point","coordinates":[121.55265,25.03331]}},{"type":"Feature","properties":{"id":"osm:node:9360227667","name":"仁愛延吉街口","category":"bicycle_rental","nameEn":"Renai & Yanji Intersection","brand":"YouBike 2.0","opening_hours":"24/7"},"geometry":{"type":"Point","coordinates":[121.55564,25.03748]}},{"type":"Feature","properties":{"id":"osm:node:9360227668","name":"成功國宅","category":"bicycle_rental","nameEn":"Chenggong Public House","brand":"YouBike 2.0","opening_hours":"24/7"},"geometry":{"type":"Point","coordinates":[121.546617,25.026828]}},{"type":"Feature","properties":{"id":"osm:node:9360227669","name":"捷運信義安和站(4號出口)","category":"bicycle_rental","nameEn":"MRT Xinyi Anhe Sta.(Exit.4)","brand":"YouBike 2.0","opening_hours":"24/7"},"geometry":{"type":"Point","coordinates":[121.55378,25.03305]}},{"type":"Feature","properties":{"id":"osm:node:9360227670","name":"仁愛醫院","category":"bicycle_rental","nameEn":"Taipei City Hospital Renai Branch","brand":"YouBike 2.0","opening_hours":"24/7"},"geometry":{"type":"Point","coordinates":[121.54587,25.03756]}},{"type":"Feature","properties":{"id":"osm:node:9360227671","name":"捷運國父紀念館站(2號出口)","category":"bicycle_rental","nameEn":"MRT S.Y.S Memorial Hall Stataion(Exit 2.)","brand":"YouBike 2.0","opening_hours":"24/7"},"geometry":{"type":"Point","coordinates":[121.55745,25.04122]}},{"type":"Feature","properties":{"id":"osm:node:9360227672","name":"仁愛安和路口","category":"bicycle_rental","nameEn":"Sec. 4, Ren'ai Rd & Sec. 1, Anhe Rd Intersection","brand":"YouBike 2.0","opening_hours":"24/7"},"geometry":{"type":"Point","coordinates":[121.55285,25.03754]}},{"type":"Feature","properties":{"id":"osm:node:9363053026","name":"水河里活動中心","category":"bicycle_rental","nameEn":"Shuei He Village Activity Center","brand":"YouBike 2.0","opening_hours":"24/7"},"geometry":{"type":"Point","coordinates":[121.47448,25.09345]}},{"type":"Feature","properties":{"id":"osm:node:9363053069","name":"宏匯思源廣場","category":"bicycle_rental","nameEn":"Honghui Siyuan Squar","brand":"YouBike 2.0","opening_hours":"24/7"},"geometry":{"type":"Point","coordinates":[121.45905,25.05745]}},{"type":"Feature","properties":{"id":"osm:node:9363053070","name":"思賢國小","category":"bicycle_rental","nameEn":"Sixian Elementary School","brand":"YouBike 2.0","opening_hours":"24/7"},"geometry":{"type":"Point","coordinates":[121.4577,25.04629]}},{"type":"Feature","properties":{"id":"osm:node:9363053071","name":"塭仔底濕地公園","category":"bicycle_rental","nameEn":"wenzidi Wetland Park","brand":"YouBike 2.0","opening_hours":"24/7","wheelchair":"yes"},"geometry":{"type":"Point","coordinates":[121.45438,25.05635]}},{"type":"Feature","properties":{"id":"osm:node:9363053075","name":"頭前國小","category":"bicycle_rental","nameEn":"Touqian Elementary School","brand":"YouBike 2.0","opening_hours":"24/7"},"geometry":{"type":"Point","coordinates":[121.46506,25.05257]}},{"type":"Feature","properties":{"id":"osm:node:9363053076","name":"頭前運動公園","category":"bicycle_rental","nameEn":"Touqian Sports Park","brand":"YouBike 2.0","opening_hours":"24/7"},"geometry":{"type":"Point","coordinates":[121.46211,25.05165]}},{"type":"Feature","properties":{"id":"osm:node:9363053077","name":"福美公園","category":"bicycle_rental","nameEn":"Fumei Park","brand":"YouBike 2.0","opening_hours":"24/7"},"geometry":{"type":"Point","coordinates":[121.46106,25.05503]}},{"type":"Feature","properties":{"id":"osm:node:9363053078","name":"福基公園","category":"bicycle_rental","nameEn":"Fuji Park","brand":"YouBike 2.0","opening_hours":"24/7"},"geometry":{"type":"Point","coordinates":[121.46086,25.05816]}},{"type":"Feature","properties":{"id":"osm:node:9363053080","name":"臺北醫院","category":"bicycle_rental","nameEn":"Taipei Hospital","brand":"YouBike 2.0","opening_hours":"24/7"},"geometry":{"type":"Point","coordinates":[121.45978,25.04358]}},{"type":"Feature","properties":{"id":"osm:node:9363053086","name":"興化公園","category":"bicycle_rental","nameEn":"Xinhua Park","brand":"YouBike 2.0","opening_hours":"24/7"},"geometry":{"type":"Point","coordinates":[121.46112,25.06523]}},{"type":"Feature","properties":{"id":"osm:node:9363053092","name":"昌平公園","category":"bicycle_rental","nameEn":"Changping Park","brand":"YouBike 2.0","opening_hours":"24/7"},"geometry":{"type":"Point","coordinates":[121.45811,25.05866]}},{"type":"Feature","properties":{"id":"osm:node:9363053094","name":"大眾廟","category":"bicycle_rental","nameEn":"Dazhong Temple","brand":"YouBike 2.0","opening_hours":"24/7"},"geometry":{"type":"Point","coordinates":[121.458,25.0374]}},{"type":"Feature","properties":{"id":"osm:node:9363053096","name":"昌隆國小","category":"bicycle_rental","nameEn":"Changlong Elementary School","brand":"YouBike 2.0","opening_hours":"24/7"},"geometry":{"type":"Point","coordinates":[121.45489,25.05213]}},{"type":"Feature","properties":{"id":"osm:node:9363053106","name":"新莊田徑場","category":"bicycle_rental","nameEn":"Xinzhuang Stadium","brand":"YouBike 2.0","opening_hours":"24/7"},"geometry":{"type":"Point","coordinates":[121.45259,25.04341]}},{"type":"Feature","properties":{"id":"osm:node:9363053109","name":"捷運新莊站(2號出口)","category":"bicycle_rental","nameEn":"MRT Xinzhuang Sta. (Exit 2)","brand":"YouBike 2.0","opening_hours":"24/7"},"geometry":{"type":"Point","coordinates":[121.45278,25.03607]}},{"type":"Feature","properties":{"id":"osm:node:9363053110","name":"捷運新莊站(1號出口)","category":"bicycle_rental","nameEn":"MRT Xinzhuang Sta. (Exit 1)","brand":"YouBike 2.0","opening_hours":"24/7"},"geometry":{"type":"Point","coordinates":[121.45204,25.03641]}},{"type":"Feature","properties":{"id":"osm:node:9363053112","name":"捷運頭前庄站(1號出口)","category":"bicycle_rental","nameEn":"MRT Touqianzhuang Sta.(Exit.1)","brand":"YouBike 2.0","opening_hours":"24/7"},"geometry":{"type":"Point","coordinates":[121.4608,25.03953]}},{"type":"Feature","properties":{"id":"osm:node:9363053113","name":"中港大排願景館","category":"bicycle_rental","nameEn":"Zhonggang Vision Hall","brand":"YouBike 2.0","opening_hours":"24/7"},"geometry":{"type":"Point","coordinates":[121.45165,25.05894]}},{"type":"Feature","properties":{"id":"osm:node:9363053114","name":"中華中原路口","category":"bicycle_rental","nameEn":"Zhonghua & Zhongyuan Intersection","brand":"YouBike 2.0","opening_hours":"24/7"},"geometry":{"type":"Point","coordinates":[121.45178,25.05423]}},{"type":"Feature","properties":{"id":"osm:node:9363053115","name":"福壽公園","category":"bicycle_rental","nameEn":"Fushou Park","brand":"YouBike 2.0","opening_hours":"24/7"},"geometry":{"type":"Point","coordinates":[121.45758,25.05151]}},{"type":"Feature","properties":{"id":"osm:node:9363053116","name":"頭前國中","category":"bicycle_rental","nameEn":"Touqian Junior High School","brand":"YouBike 2.0","opening_hours":"24/7"},"geometry":{"type":"Point","coordinates":[121.45916,25.05444]}},{"type":"Feature","properties":{"id":"osm:node:9363053117","name":"化成公園","category":"bicycle_rental","nameEn":"Huacheng Park","brand":"YouBike 2.0","opening_hours":"24/7"},"geometry":{"type":"Point","coordinates":[121.4616,25.04786]}},{"type":"Feature","properties":{"id":"osm:node:9363053119","name":"捷運新北產業園區站","category":"bicycle_rental","nameEn":"MRT New Taipei Industrial Park Sta.","brand":"YouBike 2.0","opening_hours":"24/7"},"geometry":{"type":"Point","coordinates":[121.45918,25.06203]}},{"type":"Feature","properties":{"id":"osm:node:9363053128","name":"中華自治街口","category":"bicycle_rental","nameEn":"Xinzhuang Gymnasium","brand":"YouBike 2.0","opening_hours":"24/7"},"geometry":{"type":"Point","coordinates":[121.4533,25.04775]}},{"type":"Feature","properties":{"id":"osm:node:9363053129","name":"中華里(中華路二段)","category":"bicycle_rental","nameEn":"Zhonghua Village (Zhonghua Rd. Sec. 2 )","brand":"YouBike 2.0","opening_hours":"24/7"},"geometry":{"type":"Point","coordinates":[121.45367,25.04619]}},{"type":"Feature","properties":{"id":"osm:node:9363053130","name":"新莊體育館","category":"bicycle_rental","nameEn":"Xinzhuang Gymnasium","brand":"YouBike 2.0","opening_hours":"24/7"},"geometry":{"type":"Point","coordinates":[121.45255,25.04078]}},{"type":"Feature","properties":{"id":"osm:node:9363053133","name":"捷運幸福站","category":"bicycle_rental","nameEn":"MRT Xingfu Station","brand":"YouBike 2.0","opening_hours":"24/7"},"geometry":{"type":"Point","coordinates":[121.46018,25.04988]}},{"type":"Feature","properties":{"id":"osm:node:9363053134","name":"台灣科技總部","category":"bicycle_rental","nameEn":"Taiwan Technology Headquarter","brand":"YouBike 2.0","opening_hours":"24/7"},"geometry":{"type":"Point","coordinates":[121.54905,24.97344]}},{"type":"Feature","properties":{"id":"osm:node:9363053135","name":"順德街(御中央3社區)","category":"bicycle_rental","nameEn":"Shunde St.","brand":"YouBike 2.0","opening_hours":"24/7"},"geometry":{"type":"Point","coordinates":[121.53,24.9789]}},{"type":"Feature","properties":{"id":"osm:node:9363053136","name":"中正路284巷","category":"bicycle_rental","nameEn":"Ln. 284, Zhongzheng Rd.","brand":"YouBike 2.0","opening_hours":"24/7"},"geometry":{"type":"Point","coordinates":[121.53842,24.9747]}},{"type":"Feature","properties":{"id":"osm:node:9363053140","name":"三民翠華街口","category":"bicycle_rental","nameEn":"Sanmin Cuihua St.Intersection","brand":"YouBike 2.0","opening_hours":"24/7"},"geometry":{"type":"Point","coordinates":[121.48024,25.02317]}},{"type":"Feature","properties":{"id":"osm:node:9363053142","name":"新北市立圖書館總館","category":"bicycle_rental","nameEn":"New Taipei City Library","brand":"YouBike 2.0","opening_hours":"24/7"},"geometry":{"type":"Point","coordinates":[121.45569,25.00147]}},{"type":"Feature","properties":{"id":"osm:node:9363053143","name":"伯爵山莊第二期(康寧街)","category":"bicycle_rental","nameEn":"Earl's Villa Phase II (Corning Street)","brand":"YouBike 2.0","opening_hours":"24/7"},"geometry":{"type":"Point","coordinates":[121.6384,25.07299]}},{"type":"Feature","properties":{"id":"osm:node:9363053144","name":"華城橋（康寧街61巷）","category":"bicycle_rental","nameEn":"Huacheng Bridge (Ln. 61, Kangning St.)","brand":"YouBike 2.0","opening_hours":"24/7"},"geometry":{"type":"Point","coordinates":[121.61988,25.06833]}},{"type":"Feature","properties":{"id":"osm:node:9363053145","name":"雙和橋","category":"bicycle_rental","nameEn":"Shuanghe Bridge","brand":"YouBike 2.0","opening_hours":"24/7"},"geometry":{"type":"Point","coordinates":[121.50574,25.00573]}},{"type":"Feature","properties":{"id":"osm:node:9363053146","name":"保安永平路口","category":"bicycle_rental","nameEn":"Bao’an & Yongping Intersection","brand":"YouBike 2.0","opening_hours":"24/7"},"geometry":{"type":"Point","coordinates":[121.50604,25.01233]}},{"type":"Feature","properties":{"id":"osm:node:9363053147","name":"仁愛公園","category":"bicycle_rental","nameEn":"Renai Park","brand":"YouBike 2.0","opening_hours":"24/7"},"geometry":{"type":"Point","coordinates":[121.50542,25.00952]}},{"type":"Feature","properties":{"id":"osm:node:9363053148","name":"五股郵局","category":"bicycle_rental","nameEn":"Wugu Post Office","brand":"YouBike 2.0","opening_hours":"24/7"},"geometry":{"type":"Point","coordinates":[121.45098,25.10165]}},{"type":"Feature","properties":{"id":"osm:node:9363053150","name":"秀山國小","category":"bicycle_rental","nameEn":"Xiushan Elementary School","brand":"YouBike 2.0","opening_hours":"24/7"},"geometry":{"type":"Point","coordinates":[121.52192,24.99612]}},{"type":"Feature","properties":{"id":"osm:node:9363053151","name":"中和自強公園","category":"bicycle_rental","nameEn":"Neutralize Ziqiang Park","brand":"YouBike 2.0","opening_hours":"24/7"},"geometry":{"type":"Point","coordinates":[121.47238,24.99886]}},{"type":"Feature","properties":{"id":"osm:node:9363053152","name":"中和公園","category":"bicycle_rental","nameEn":"Zhonghe Park","brand":"YouBike 2.0","opening_hours":"24/7"},"geometry":{"type":"Point","coordinates":[121.51435,25.00073]}},{"type":"Feature","properties":{"id":"osm:node:9363053153","name":"德光莒光路口","category":"bicycle_rental","nameEn":"Deguang & Juguang Intersection","brand":"YouBike 2.0","opening_hours":"24/7"},"geometry":{"type":"Point","coordinates":[121.47178,25.0047]}},{"type":"Feature","properties":{"id":"osm:node:9363053154","name":"佳和公園","category":"bicycle_rental","nameEn":"Chiahe Park","brand":"YouBike 2.0","opening_hours":"24/7"},"geometry":{"type":"Point","coordinates":[121.5032,25.00694]}},{"type":"Feature","properties":{"id":"osm:node:9363053155","name":"瓦磘溝(福真里)","category":"bicycle_rental","nameEn":"Wayao Ditch (Fuzhen Village)","brand":"YouBike 2.0","opening_hours":"24/7"},"geometry":{"type":"Point","coordinates":[121.49439,25.00402]}},{"type":"Feature","properties":{"id":"osm:node:9363053156","name":"遠雄左岸","category":"bicycle_rental","nameEn":"Yuanxiong Left Bank","brand":"YouBike 2.0","opening_hours":"24/7"},"geometry":{"type":"Point","coordinates":[121.48808,25.00983]}},{"type":"Feature","properties":{"id":"osm:node:9363053157","name":"中原東街(左岸牡丹園)","category":"bicycle_rental","nameEn":"Zhongyuan E St. ( Left bank Peony Garden )","brand":"YouBike 2.0","opening_hours":"24/7"},"geometry":{"type":"Point","coordinates":[121.48601,25.01297]}},{"type":"Feature","properties":{"id":"osm:node:9363053158","name":"清水高中","category":"bicycle_rental","nameEn":"Qing Shui Senior High School","brand":"YouBike 2.0","opening_hours":"24/7"},"geometry":{"type":"Point","coordinates":[121.46547,24.982]}},{"type":"Feature","properties":{"id":"osm:node:9363053159","name":"青山廣場","category":"bicycle_rental","nameEn":"Qingshan Square","brand":"YouBike 2.0","opening_hours":"24/7"},"geometry":{"type":"Point","coordinates":[121.45987,24.97793]}},{"type":"Feature","properties":{"id":"osm:node:9363053163","name":"清和里(青雲路)","category":"bicycle_rental","nameEn":"Qinghe Village(Qingyun Rd.)","brand":"YouBike 2.0","opening_hours":"24/7"},"geometry":{"type":"Point","coordinates":[121.45874,24.97513]}},{"type":"Feature","properties":{"id":"osm:node:9363053188","name":"自然公園","category":"bicycle_rental","nameEn":"Natural Park","brand":"YouBike 2.0","opening_hours":"24/7"},"geometry":{"type":"Point","coordinates":[121.48799,25.08984]}},{"type":"Feature","properties":{"id":"osm:node:9363053189","name":"六張公園","category":"bicycle_rental","nameEn":"Liuzhang Park","brand":"YouBike 2.0","opening_hours":"24/7"},"geometry":{"type":"Point","coordinates":[121.49405,25.06966]}},{"type":"Feature","properties":{"id":"osm:node:9363053190","name":"三重棒球場","category":"bicycle_rental","nameEn":"Sanchong Baseball Court","brand":"YouBike 2.0","opening_hours":"24/7"},"geometry":{"type":"Point","coordinates":[121.4815,25.0613]}},{"type":"Feature","properties":{"id":"osm:node:9363053191","name":"三重商工地下停車場","category":"bicycle_rental","nameEn":"San-Chung Commercial and Industrial Vocational High School basement parking","brand":"YouBike 2.0","opening_hours":"24/7"},"geometry":{"type":"Point","coordinates":[121.48352,25.06966]}},{"type":"Feature","properties":{"id":"osm:node:9363053192","name":"太陽公園","category":"bicycle_rental","nameEn":"Taiyang Park","brand":"YouBike 2.0","opening_hours":"24/7"},"geometry":{"type":"Point","coordinates":[121.4856,25.08645]}},{"type":"Feature","properties":{"id":"osm:node:9363053193","name":"三重五常公園","category":"bicycle_rental","nameEn":"Sanchong Wuchang Park","brand":"YouBike 2.0","opening_hours":"24/7"},"geometry":{"type":"Point","coordinates":[121.49615,25.08065]}},{"type":"Feature","properties":{"id":"osm:node:9363220328","name":"萬大國小(萬大路344巷口)","category":"bicycle_rental","nameEn":"Wanda Elementary School (Ln. 344, Wanda Rd.)","brand":"YouBike 2.0","opening_hours":"24/7"},"geometry":{"type":"Point","coordinates":[121.49986,25.02376]}},{"type":"Feature","properties":{"id":"osm:node:9363220329","name":"向陽公園","category":"bicycle_rental","nameEn":"Siangyang Greens","brand":"YouBike 2.0","opening_hours":"24/7"},"geometry":{"type":"Point","coordinates":[121.59265,25.05705]}},{"type":"Feature","properties":{"id":"osm:node:9363220330","name":"育成高中","category":"bicycle_rental","nameEn":"Yu Cheng Senior High School","brand":"YouBike 2.0","opening_hours":"24/7"},"geometry":{"type":"Point","coordinates":[121.60983,25.05853]}},{"type":"Feature","properties":{"id":"osm:node:9363220331","name":"南港車站B棟(市民大道)","category":"bicycle_rental","nameEn":"Nangang Station Building B (Civic Blvd.)","brand":"YouBike 2.0","opening_hours":"24/7"},"geometry":{"type":"Point","coordinates":[121.60549,25.05293]}},{"type":"Feature","properties":{"id":"osm:node:9363220332","name":"捷運小巨蛋站(5號出口)","category":"bicycle_rental","nameEn":"MRT Taipei Arena Sta. (Exit.5)","brand":"YouBike 2.0","opening_hours":"24/7"},"geometry":{"type":"Point","coordinates":[121.55352,25.05176]}},{"type":"Feature","properties":{"id":"osm:node:9363220333","name":"松山新城","category":"bicycle_rental","nameEn":"Songshan New Village","brand":"YouBike 2.0","opening_hours":"24/7"},"geometry":{"type":"Point","coordinates":[121.55436,25.05347]}},{"type":"Feature","properties":{"id":"osm:node:9363220334","name":"市民東興路口","category":"bicycle_rental","nameEn":"Civic Blvd. & Dongxing Rd. Intersection","brand":"YouBike 2.0","opening_hours":"24/7"},"geometry":{"type":"Point","coordinates":[121.56586,25.0484]}},{"type":"Feature","properties":{"id":"osm:node:9363220335","name":"三民公園","category":"bicycle_rental","nameEn":"Sanmin Park","brand":"YouBike 2.0","opening_hours":"24/7","wheelchair":"yes"},"geometry":{"type":"Point","coordinates":[121.566679,25.061287]}},{"type":"Feature","properties":{"id":"osm:node:9363220336","name":"珠海復興一路口","category":"bicycle_rental","nameEn":"Zhuhai Rd. & Fuxing 1st Rd. Intersection","brand":"YouBike 2.0","opening_hours":"24/7"},"geometry":{"type":"Point","coordinates":[121.50446,25.14045]}},{"type":"Feature","properties":{"id":"osm:node:9363220337","name":"金龍公園","category":"bicycle_rental","nameEn":"Jinlong Park","brand":"YouBike 2.0","opening_hours":"24/7"},"geometry":{"type":"Point","coordinates":[121.59081,25.085514]}},{"type":"Feature","properties":{"id":"osm:node:9363220338","name":"瑞光港墘路口","category":"bicycle_rental","nameEn":"Rueiguang Rd. & Gangcian Rd. Intersection","brand":"YouBike 2.0","opening_hours":"24/7"},"geometry":{"type":"Point","coordinates":[121.57487,25.07611]}},{"type":"Feature","properties":{"id":"osm:node:9363220339","name":"仁德公園","category":"bicycle_rental","nameEn":"Rende Park","brand":"YouBike 2.0","opening_hours":"24/7"},"geometry":{"type":"Point","coordinates":[121.5289,25.05337]}},{"type":"Feature","properties":{"id":"osm:node:9363220341","name":"恆光橋(老泉街)","category":"bicycle_rental","nameEn":"Hengguang Bridge (Laoquan St.)","brand":"YouBike 2.0","opening_hours":"24/7"},"geometry":{"type":"Point","coordinates":[121.56753,24.97989]}},{"type":"Feature","properties":{"id":"osm:node:9363220342","name":"蔣渭水紀念公園","category":"bicycle_rental","nameEn":"Chiang Wei-shui Memorial Park","brand":"YouBike 2.0","opening_hours":"24/7","wheelchair":"yes"},"geometry":{"type":"Point","coordinates":[121.51729,25.06011]}},{"type":"Feature","properties":{"id":"osm:node:9410139071","name":"思賢國小(自由街)","category":"bicycle_rental","nameEn":"Sixian Elementary School(Ziyou St.)","brand":"YouBike 2.0","opening_hours":"24/7"},"geometry":{"type":"Point","coordinates":[121.45587,25.04551]}},{"type":"Feature","properties":{"id":"osm:node:9410139080","name":"昌平國小","category":"bicycle_rental","nameEn":"Changping Elementary School","brand":"YouBike 2.0","opening_hours":"24/7"},"geometry":{"type":"Point","coordinates":[121.45685,25.05658]}},{"type":"Feature","properties":{"id":"osm:node:9410139084","name":"新北大道昌平街口(臨時站)","category":"bicycle_rental","nameEn":"New Taipei Blvd. & Changping St. Intersection(Test Station)","brand":"YouBike 2.0","opening_hours":"24/7","wheelchair":"yes"},"geometry":{"type":"Point","coordinates":[121.45474,25.06035]}},{"type":"Feature","properties":{"id":"osm:node:9410139085","name":"安和公園","category":"bicycle_rental","nameEn":"Anhe Park","brand":"YouBike 2.0","opening_hours":"24/7"},"geometry":{"type":"Point","coordinates":[121.518447,24.973904]}},{"type":"Feature","properties":{"id":"osm:node:9410139098","name":"新月二綠堤街口","category":"bicycle_rental","nameEn":"Xinyue 2nd Luti St. Intersection","brand":"YouBike 2.0","opening_hours":"24/7"},"geometry":{"type":"Point","coordinates":[121.45526,25.02627]}},{"type":"Feature","properties":{"id":"osm:node:9410139099","name":"新民民族路口","category":"bicycle_rental","nameEn":"Xinmin Minzu Rd. Intersection","brand":"YouBike 2.0","opening_hours":"24/7"},"geometry":{"type":"Point","coordinates":[121.4638,25.0094]}},{"type":"Feature","properties":{"id":"osm:node:9410139100","name":"大明街20巷19弄口","category":"bicycle_rental","nameEn":"Lane 20, Daming St.","brand":"YouBike 2.0","opening_hours":"24/7"},"geometry":{"type":"Point","coordinates":[121.45714,25.00306]}},{"type":"Feature","properties":{"id":"osm:node:9410139101","name":"板橋第二運動場(皇翔建設)","category":"bicycle_rental","nameEn":"Banqiao 2nd Stadium","brand":"YouBike 2.0","opening_hours":"24/7"},"geometry":{"type":"Point","coordinates":[121.45897,25.01387]}},{"type":"Feature","properties":{"id":"osm:node:9410139102","name":"中正新月二街口(富江翠社區)","category":"bicycle_rental","nameEn":"Zhongzheng & Xinyue 2nd Intersection","brand":"YouBike 2.0","opening_hours":"24/7"},"geometry":{"type":"Point","coordinates":[121.45437,25.02586]}},{"type":"Feature","properties":{"id":"osm:node:9410158437","name":"永和勵行街口","category":"bicycle_rental","nameEn":"Yonghe Lixing St. Intersection","brand":"YouBike 2.0","opening_hours":"24/7"},"geometry":{"type":"Point","coordinates":[121.51583,25.01455]}},{"type":"Feature","properties":{"id":"osm:node:9410158438","name":"仁愛信義路口","category":"bicycle_rental","nameEn":"Ren'ai Xinyi Rd. Intersection","brand":"YouBike 2.0","opening_hours":"24/7"},"geometry":{"type":"Point","coordinates":[121.51269,25.01329]}},{"type":"Feature","properties":{"id":"osm:node:9410158439","name":"永和區公所公有新生市場","category":"bicycle_rental","nameEn":"Yonghe Xinsheng Market","brand":"YouBike 2.0","opening_hours":"24/7"},"geometry":{"type":"Point","coordinates":[121.50704,25.01402]}},{"type":"Feature","properties":{"id":"osm:node:9410158440","name":"永貞水源街口","category":"bicycle_rental","nameEn":"Yongzheng Shuiyuan St. Intersection","brand":"YouBike 2.0","opening_hours":"24/7"},"geometry":{"type":"Point","coordinates":[121.5117,25.00492]}},{"type":"Feature","properties":{"id":"osm:node:9410158441","name":"福和自強街28巷口","category":"bicycle_rental","nameEn":"Fuhe & Ln. 28, Ziqiang St. Intersection","brand":"YouBike 2.0","opening_hours":"24/7"},"geometry":{"type":"Point","coordinates":[121.51572,25.00725]}},{"type":"Feature","properties":{"id":"osm:node:9410158442","name":"保平永和路一段口","category":"bicycle_rental","nameEn":"Baoping Sec 1, Yonghe Rd.Intersection","brand":"YouBike 2.0","opening_hours":"24/7"},"geometry":{"type":"Point","coordinates":[121.5134,25.00746]}},{"type":"Feature","properties":{"id":"osm:node:9410158443","name":"板南路492號","category":"bicycle_rental","nameEn":"No. 492, Bannan Rd.","brand":"YouBike 2.0","opening_hours":"24/7"},"geometry":{"type":"Point","coordinates":[121.48582,25.00754]}},{"type":"Feature","properties":{"id":"osm:node:9410158444","name":"圓通綠廊","category":"bicycle_rental","nameEn":"Yuantong Green Way","brand":"YouBike 2.0","opening_hours":"24/7"},"geometry":{"type":"Point","coordinates":[121.49711,24.9945]}},{"type":"Feature","properties":{"id":"osm:node:9410158445","name":"南華路56巷","category":"bicycle_rental","nameEn":"Lane 56, Nanhua Rd","brand":"YouBike 2.0","opening_hours":"24/7"},"geometry":{"type":"Point","coordinates":[121.50431,24.99706]}},{"type":"Feature","properties":{"id":"osm:node:9410158446","name":"延吉街291巷口","category":"bicycle_rental","nameEn":"Ln. 291, Yanji St.","brand":"YouBike 2.0","opening_hours":"24/7"},"geometry":{"type":"Point","coordinates":[121.46716,24.98394]}},{"type":"Feature","properties":{"id":"osm:node:9410207218","name":"綠堤社區公園","category":"bicycle_rental","nameEn":"Luti Community Park","brand":"YouBike 2.0","opening_hours":"24/7"},"geometry":{"type":"Point","coordinates":[121.4931,25.03302]}},{"type":"Feature","properties":{"id":"osm:node:9410207219","name":"柳鄉公園","category":"bicycle_rental","nameEn":"Liuxiang Park","brand":"YouBike 2.0","opening_hours":"24/7"},"geometry":{"type":"Point","coordinates":[121.49526,25.03731]}},{"type":"Feature","properties":{"id":"osm:node:9410207220","name":"萬華266號綠地","category":"bicycle_rental","nameEn":"wanhua greehs NO.266","brand":"YouBike 2.0","opening_hours":"24/7"},"geometry":{"type":"Point","coordinates":[121.50197,25.0403]}},{"type":"Feature","properties":{"id":"osm:node:9410207221","name":"中華峨眉街口","category":"bicycle_rental","nameEn":"Zhonghua Rd. & Emei St. Intersection","brand":"YouBike 2.0","opening_hours":"24/7"},"geometry":{"type":"Point","coordinates":[121.50841,25.04345]}},{"type":"Feature","properties":{"id":"osm:node:9410207222","name":"力行橋(南港)","category":"bicycle_rental","nameEn":"Lixing Bridge (Nangang)","brand":"YouBike 2.0","opening_hours":"24/7"},"geometry":{"type":"Point","coordinates":[121.61686,25.05172]}},{"type":"Feature","properties":{"id":"osm:node:9410207223","name":"捷運南港展覽館站(7號出口)","category":"bicycle_rental","nameEn":"MRT Nangang Exhibition Center Sta. (Exit 7)","brand":"YouBike 2.0","opening_hours":"24/7"},"geometry":{"type":"Point","coordinates":[121.6181,25.05436]}},{"type":"Feature","properties":{"id":"osm:node:9410207224","name":"經貿公園","category":"bicycle_rental","nameEn":"Jingmao Park","brand":"YouBike 2.0","opening_hours":"24/7"},"geometry":{"type":"Point","coordinates":[121.61597,25.06271]}},{"type":"Feature","properties":{"id":"osm:node:9410207225","name":"敦化長春路口","category":"bicycle_rental","nameEn":"Dunhua Rd. & Changchun Rd. Intersection","brand":"YouBike 2.0","opening_hours":"24/7"},"geometry":{"type":"Point","coordinates":[121.54871,25.0536]}},{"type":"Feature","properties":{"id":"osm:node:9410207226","name":"臺北田徑場","category":"bicycle_rental","nameEn":"Taipei Stadium","brand":"YouBike 2.0","opening_hours":"24/7"},"geometry":{"type":"Point","coordinates":[121.54941,25.04951]}},{"type":"Feature","properties":{"id":"osm:node:9410207227","name":"民生光復路口","category":"bicycle_rental","nameEn":"Minsheng Rd. & Guangfu N. Rd. Intersection","brand":"YouBike 2.0","opening_hours":"24/7"},"geometry":{"type":"Point","coordinates":[121.55496,25.05834]}},{"type":"Feature","properties":{"id":"osm:node:9410207228","name":"文化三杏林一路口","category":"bicycle_rental","nameEn":"Wenhua 3rd Rd. & Xinglin 1st Rd. Intersection","brand":"YouBike 2.0","opening_hours":"24/7"},"geometry":{"type":"Point","coordinates":[121.49915,25.14058]}},{"type":"Feature","properties":{"id":"osm:node:9410207229","name":"洲美蜆仔港公園","category":"bicycle_rental","nameEn":"Zhoumei Xianzaigang Park","brand":"YouBike 2.0","opening_hours":"24/7"},"geometry":{"type":"Point","coordinates":[121.51107,25.10065]}},{"type":"Feature","properties":{"id":"osm:node:9410207230","name":"中和街455巷11弄","category":"bicycle_rental","nameEn":"Aly. 11, Ln. 455, Zhonghe St.","brand":"YouBike 2.0","opening_hours":"24/7"},"geometry":{"type":"Point","coordinates":[121.49621,25.14319]}},{"type":"Feature","properties":{"id":"osm:node:9410207231","name":"國防醫學院","category":"bicycle_rental","nameEn":"National Defense Medical Center","brand":"YouBike 2.0","opening_hours":"24/7"},"geometry":{"type":"Point","coordinates":[121.59559,25.06851]}},{"type":"Feature","properties":{"id":"osm:node:9410207232","name":"金湖星雲街口","category":"bicycle_rental","nameEn":"Jinhu Rd. & Xingyun St. Intersection","brand":"YouBike 2.0","opening_hours":"24/7"},"geometry":{"type":"Point","coordinates":[121.59764,25.08151]}},{"type":"Feature","properties":{"id":"osm:node:9410207233","name":"康湖二號公園(康寧醫院)","category":"bicycle_rental","nameEn":"Kanghu No. 2 Park(Kang-Ning General Hospital)","brand":"YouBike 2.0","opening_hours":"24/7"},"geometry":{"type":"Point","coordinates":[121.60857,25.07514]}},{"type":"Feature","properties":{"id":"osm:node:9410207234","name":"東湖二號公園","category":"bicycle_rental","nameEn":"Donghu No. 2 Park","brand":"YouBike 2.0","opening_hours":"24/7"},"geometry":{"type":"Point","coordinates":[121.61075,25.07415]}},{"type":"Feature","properties":{"id":"osm:node:9410207235","name":"東湖一號公園","category":"bicycle_rental","nameEn":"Donghu No. 1 Park","brand":"YouBike 2.0","opening_hours":"24/7"},"geometry":{"type":"Point","coordinates":[121.6118,25.07567]}},{"type":"Feature","properties":{"id":"osm:node:9410207236","name":"康寧路三段54巷口","category":"bicycle_rental","nameEn":"Ln. 54, Sec. 3, Kangning Rd. Intersection","brand":"YouBike 2.0","opening_hours":"24/7"},"geometry":{"type":"Point","coordinates":[121.60936,25.0716]}},{"type":"Feature","properties":{"id":"osm:node:9410207237","name":"新生錦州街口","category":"bicycle_rental","nameEn":"Xinsheng Rd. & Jinzhou St. Intersection","brand":"YouBike 2.0","opening_hours":"24/7"},"geometry":{"type":"Point","coordinates":[121.52744,25.05955]}},{"type":"Feature","properties":{"id":"osm:node:9410207238","name":"永盛公園(民生東路一段23巷)","category":"bicycle_rental","nameEn":"Yongsheng Park(Ln. 23, Sec. 1, Minsheng E. Rd.)","brand":"YouBike 2.0","opening_hours":"24/7"},"geometry":{"type":"Point","coordinates":[121.52488,25.05873]}},{"type":"Feature","properties":{"id":"osm:node:9410207239","name":"捷運中正紀念堂站(5號出口)","category":"bicycle_rental","nameEn":"MRT C.K.S Memorial Hall Sta.(Exit.5)","brand":"YouBike 2.0","opening_hours":"24/7"},"geometry":{"type":"Point","coordinates":[121.5168,25.03526]}},{"type":"Feature","properties":{"id":"osm:node:9410207240","name":"莒光大埔街口","category":"bicycle_rental","nameEn":"Jyuguang Rd. & Dapu St. Intersection","brand":"YouBike 2.0","opening_hours":"24/7"},"geometry":{"type":"Point","coordinates":[121.50519,25.03132]}},{"type":"Feature","properties":{"id":"osm:node:9410207241","name":"辛亥生態公園","category":"bicycle_rental","nameEn":"Xinhai Ecological Park","brand":"YouBike 2.0","opening_hours":"24/7"},"geometry":{"type":"Point","coordinates":[121.55642,25.00348]}},{"type":"Feature","properties":{"id":"osm:node:9410207243","name":"太原五原路口","category":"bicycle_rental","nameEn":"Taiyuan Rd. & Wuyuan Rd. Intersection","brand":"YouBike 2.0","opening_hours":"24/7"},"geometry":{"type":"Point","coordinates":[121.51698,25.05646]}},{"type":"Feature","properties":{"id":"osm:node:9410207244","name":"歸綏戲曲公園","category":"bicycle_rental","nameEn":"Guisui Park","brand":"YouBike 2.0","opening_hours":"24/7"},"geometry":{"type":"Point","coordinates":[121.51353,25.05805]}},{"type":"Feature","properties":{"id":"osm:node:9410207245","name":"臺北科技大學(電機工程系)","category":"bicycle_rental","nameEn":"NTUT(EE)","brand":"YouBike 2.0","opening_hours":"24/7"},"geometry":{"type":"Point","coordinates":[121.53653,25.04196]}},{"type":"Feature","properties":{"id":"osm:node:9410207246","name":"捷運東門站(5號出口)","category":"bicycle_rental","nameEn":"MRT Dongmen Sta. (Exit 5)","brand":"YouBike 2.0","opening_hours":"24/7"},"geometry":{"type":"Point","coordinates":[121.52962,25.03363]}},{"type":"Feature","properties":{"id":"osm:node:9410207247","name":"復興南路一段126巷口","category":"bicycle_rental","nameEn":"Ln. 126, Sec. 1, Fuxing S. Rd.","brand":"YouBike 2.0","opening_hours":"24/7"},"geometry":{"type":"Point","coordinates":[121.54313,25.04311]}},{"type":"Feature","properties":{"id":"osm:node:9599438433","name":"新生南路三段94巷口","category":"bicycle_rental","nameEn":"Ln. 94, Sec. 3, Xinsheng S. Rd. Intersection","brand":"YouBike 2.0","opening_hours":"24/7"},"geometry":{"type":"Point","coordinates":[121.53334,25.01744]}},{"type":"Feature","properties":{"id":"osm:node:9628026907","name":"萬華國中_1","category":"bicycle_rental","nameEn":"Wanhuaguomin Junior High School","brand":"YouBike 2.0","opening_hours":"24/7"},"geometry":{"type":"Point","coordinates":[121.49936,25.02926]}},{"type":"Feature","properties":{"id":"osm:node:9628026908","name":"龍山國中","category":"bicycle_rental","nameEn":"LongShan Junior High School","brand":"YouBike 2.0","opening_hours":"24/7"},"geometry":{"type":"Point","coordinates":[121.50492,25.03646]}},{"type":"Feature","properties":{"id":"osm:node:9628026909","name":"環南綜合市場","category":"bicycle_rental","nameEn":"Huanhe Market","brand":"YouBike 2.0","opening_hours":"24/7"},"geometry":{"type":"Point","coordinates":[121.48908,25.0286]}},{"type":"Feature","properties":{"id":"osm:node:9628026910","name":"富民路145巷口","category":"bicycle_rental","nameEn":"Ln. 145, Fumin Rd.","brand":"YouBike 2.0","opening_hours":"24/7"},"geometry":{"type":"Point","coordinates":[121.49988,25.01796]}},{"type":"Feature","properties":{"id":"osm:node:9628026911","name":"長順艋舺大道口","category":"bicycle_rental","nameEn":"Changshun St. & Bangka Blvd. Intersection","brand":"YouBike 2.0","opening_hours":"24/7"},"geometry":{"type":"Point","coordinates":[121.49228,25.03035]}},{"type":"Feature","properties":{"id":"osm:node:9628026912","name":"華江污水廠","category":"bicycle_rental","nameEn":"Huajiang Sewage Treatment Plant","brand":"YouBike 2.0","opening_hours":"24/7"},"geometry":{"type":"Point","coordinates":[121.49163,25.03606]}},{"type":"Feature","properties":{"id":"osm:node:9628026913","name":"西園公園","category":"bicycle_rental","nameEn":"Xiyuan Park","brand":"YouBike 2.0","opening_hours":"24/7"},"geometry":{"type":"Point","coordinates":[121.49775,25.0271]}},{"type":"Feature","properties":{"id":"osm:node:9628026914","name":"長順街60巷口","category":"bicycle_rental","nameEn":"Ln. 60, Changshun St.","brand":"YouBike 2.0","opening_hours":"24/7"},"geometry":{"type":"Point","coordinates":[121.48858,25.03119]}},{"type":"Feature","properties":{"id":"osm:node:9628026915","name":"環河南和平西路口","category":"bicycle_rental","nameEn":"Huanhe S. Rd. & Heping W. Rd. Intersection","brand":"YouBike 2.0","opening_hours":"24/7"},"geometry":{"type":"Point","coordinates":[121.49048,25.03517]}},{"type":"Feature","properties":{"id":"osm:node:9628026916","name":"德昌街10巷口","category":"bicycle_rental","nameEn":"Ln. 10, Dechang St.","brand":"YouBike 2.0","opening_hours":"24/7"},"geometry":{"type":"Point","coordinates":[121.4996,25.02533]}},{"type":"Feature","properties":{"id":"osm:node:9628105417","name":"錦德公園","category":"bicycle_rental","nameEn":"Jinde Park","brand":"YouBike 2.0","opening_hours":"24/7"},"geometry":{"type":"Point","coordinates":[121.49264,25.02332]}},{"type":"Feature","properties":{"id":"osm:node:9628105418","name":"臺北南山廣場_1","category":"bicycle_rental","nameEn":"Nan Shan Plaza","brand":"YouBike 2.0","opening_hours":"24/7"},"geometry":{"type":"Point","coordinates":[121.565906,25.033673]}},{"type":"Feature","properties":{"id":"osm:node:9628105419","name":"福德國小公車站","category":"bicycle_rental","nameEn":"Fude Elementary School Bus Station","brand":"YouBike 2.0","opening_hours":"24/7"},"geometry":{"type":"Point","coordinates":[121.58755,25.03929]}},{"type":"Feature","properties":{"id":"osm:node:9628105420","name":"世貿三館","category":"bicycle_rental","nameEn":"TWTC Exhibition Hall 3","brand":"YouBike 2.0","opening_hours":"24/7"},"geometry":{"type":"Point","coordinates":[121.56369,25.03511]}},{"type":"Feature","properties":{"id":"osm:node:9628105421","name":"市民松信路口","category":"bicycle_rental","nameEn":"Civic Blvd. & Songxin Rd. Intersection","brand":"YouBike 2.0","opening_hours":"24/7"},"geometry":{"type":"Point","coordinates":[121.57205,25.04927]}},{"type":"Feature","properties":{"id":"osm:node:9628105422","name":"市民廣場","category":"bicycle_rental","nameEn":"City Hall Square","brand":"YouBike 2.0","opening_hours":"24/7"},"geometry":{"type":"Point","coordinates":[121.562766,25.036035]}},{"type":"Feature","properties":{"id":"osm:node:9628105423","name":"台北市災害應變中心","category":"bicycle_rental","nameEn":"Taipei Emergency Operation Center","brand":"YouBike 2.0","opening_hours":"24/7"},"geometry":{"type":"Point","coordinates":[121.56672,25.02868]}},{"type":"Feature","properties":{"id":"osm:node:9628105424","name":"南港車站(興華路)","category":"bicycle_rental","nameEn":"Nangang Train Sta. (Xinghua Rd.)","brand":"YouBike 2.0","opening_hours":"24/7"},"geometry":{"type":"Point","coordinates":[121.606309,25.053381]}},{"type":"Feature","properties":{"id":"osm:node:9628105425","name":"南港車站(忠孝東路)","category":"bicycle_rental","nameEn":"Nangang Train Sta. (Zhongxiao E. Rd.)","brand":"YouBike 2.0","opening_hours":"24/7"},"geometry":{"type":"Point","coordinates":[121.607646,25.052292]}},{"type":"Feature","properties":{"id":"osm:node:9628105426","name":"成德綠地","category":"bicycle_rental","nameEn":"Chengde Greens","brand":"YouBike 2.0","opening_hours":"24/7"},"geometry":{"type":"Point","coordinates":[121.58731,25.04675]}},{"type":"Feature","properties":{"id":"osm:node:9628105427","name":"捷運南港展覽館站(4號出口)","category":"bicycle_rental","nameEn":"MRT Nangang Exhibition Center Sta. (Exit 4)","brand":"YouBike 2.0","opening_hours":"24/7"},"geometry":{"type":"Point","coordinates":[121.61838,25.05535]}},{"type":"Feature","properties":{"id":"osm:node:9628105428","name":"捷運南港展覽館站(6號出口)","category":"bicycle_rental","nameEn":"MRT Nangang Exhibition Center Sta. (Exit 6)","brand":"YouBike 2.0","opening_hours":"24/7"},"geometry":{"type":"Point","coordinates":[121.6185,25.05465]}},{"type":"Feature","properties":{"id":"osm:node:9628105429","name":"小彎社會住宅","category":"bicycle_rental","nameEn":"Xiaowan Social Housing","brand":"YouBike 2.0","opening_hours":"24/7"},"geometry":{"type":"Point","coordinates":[121.59368,25.0582]}},{"type":"Feature","properties":{"id":"osm:node:9628105430","name":"南港抽水站","category":"bicycle_rental","nameEn":"Nangang Pumping Station","brand":"YouBike 2.0","opening_hours":"24/7"},"geometry":{"type":"Point","coordinates":[121.61267,25.06164]}},{"type":"Feature","properties":{"id":"osm:node:9628105431","name":"胡適公園","category":"bicycle_rental","nameEn":"Dr.Hu Shih Park","brand":"YouBike 2.0","opening_hours":"24/7"},"geometry":{"type":"Point","coordinates":[121.61766,25.04014]}},{"type":"Feature","properties":{"id":"osm:node:9628105432","name":"園區重陽路口","category":"bicycle_rental","nameEn":"Park St. & Chongyang Rd. Intersection","brand":"YouBike 2.0","opening_hours":"24/7","wheelchair":"yes"},"geometry":{"type":"Point","coordinates":[121.61072,25.05937]}},{"type":"Feature","properties":{"id":"osm:node:9628105433","name":"南湖大橋(經貿二路255巷)","category":"bicycle_rental","nameEn":"Nanhu Bridge (Ln. 255, Jingmao 2nd Rd.)","brand":"YouBike 2.0","opening_hours":"24/7","wheelchair":"yes"},"geometry":{"type":"Point","coordinates":[121.61384,25.06148]}},{"type":"Feature","properties":{"id":"osm:node:9628105434","name":"西松公園","category":"bicycle_rental","nameEn":"Xisong Park","brand":"YouBike 2.0","opening_hours":"24/7"},"geometry":{"type":"Point","coordinates":[121.56407,25.05406]}},{"type":"Feature","properties":{"id":"osm:node:9628105435","name":"寶清公園","category":"bicycle_rental","nameEn":"Baoqing Park","brand":"YouBike 2.0","opening_hours":"24/7"},"geometry":{"type":"Point","coordinates":[121.5681,25.05198]}},{"type":"Feature","properties":{"id":"osm:node:9628105436","name":"三民公園(塔悠路)","category":"bicycle_rental","nameEn":"Sanmin Park (Tayou Rd.)","brand":"YouBike 2.0","opening_hours":"24/7","wheelchair":"yes"},"geometry":{"type":"Point","coordinates":[121.56831,25.06241]}},{"type":"Feature","properties":{"id":"osm:node:9628105437","name":"南京東路五段59巷口","category":"bicycle_rental","nameEn":"Ln. 59, Sec. 5, Nanjing E. Rd.","brand":"YouBike 2.0","opening_hours":"24/7"},"geometry":{"type":"Point","coordinates":[121.55907,25.05163]}},{"type":"Feature","properties":{"id":"osm:node:9628105438","name":"民權東路三段106巷口","category":"bicycle_rental","nameEn":"Ln. 106, Sec. 3, Minquan E. Rd.","brand":"YouBike 2.0","opening_hours":"24/7"},"geometry":{"type":"Point","coordinates":[121.54472,25.062]}},{"type":"Feature","properties":{"id":"osm:node:9628105439","name":"捷運松山站(2號出口)","category":"bicycle_rental","nameEn":"MRT Songshan Sta. (Exit 2)","brand":"YouBike 2.0","opening_hours":"24/7"},"geometry":{"type":"Point","coordinates":[121.57635,25.05013]}},{"type":"Feature","properties":{"id":"osm:node:9628105440","name":"饒河疏散門(基四號疏散門)","category":"bicycle_rental","nameEn":"Raohe Evacuation Gate","brand":"YouBike 2.0","opening_hours":"24/7"},"geometry":{"type":"Point","coordinates":[121.57683,25.05147]}},{"type":"Feature","properties":{"id":"osm:node:9628105441","name":"福星公園","category":"bicycle_rental","nameEn":"Fuxing Park","brand":"YouBike 2.0","opening_hours":"24/7"},"geometry":{"type":"Point","coordinates":[121.51248,25.1094]}},{"type":"Feature","properties":{"id":"osm:node:9628105442","name":"奇岩一號公園","category":"bicycle_rental","nameEn":"Qiyan No.1 Park","brand":"YouBike 2.0","opening_hours":"24/7"},"geometry":{"type":"Point","coordinates":[121.503933,25.129888]}},{"type":"Feature","properties":{"id":"osm:node:9628105443","name":"臺北健康護理大學(教研大樓)","category":"bicycle_rental","nameEn":"NTUNHS","brand":"YouBike 2.0","opening_hours":"24/7"},"geometry":{"type":"Point","coordinates":[121.51846,25.11857]}},{"type":"Feature","properties":{"id":"osm:node:9628105444","name":"奇岩4號綠地","category":"bicycle_rental","nameEn":"Qiyan No4 Green Space","brand":"YouBike 2.0","opening_hours":"24/7"},"geometry":{"type":"Point","coordinates":[121.50573,25.12533]}},{"type":"Feature","properties":{"id":"osm:node:9628105445","name":"泉源公園","category":"bicycle_rental","nameEn":"Quanyuan Park","brand":"YouBike 2.0","opening_hours":"24/7"},"geometry":{"type":"Point","coordinates":[121.50835,25.14193]}},{"type":"Feature","properties":{"id":"osm:node:9628105446","name":"新奇岩社會住宅","category":"bicycle_rental","nameEn":"Xinqiyan Social Housing","brand":"YouBike 2.0","opening_hours":"24/7"},"geometry":{"type":"Point","coordinates":[121.5037,25.12287]}},{"type":"Feature","properties":{"id":"osm:node:9628105447","name":"裕民二路33巷","category":"bicycle_rental","nameEn":"Ln. 33, Yumin 2nd Rd.","brand":"YouBike 2.0","opening_hours":"24/7"},"geometry":{"type":"Point","coordinates":[121.51736,25.11535]}},{"type":"Feature","properties":{"id":"osm:node:9628105448","name":"碧山內湖路口","category":"bicycle_rental","nameEn":"Bishan Rd. & Neihu Rd. Intersection","brand":"YouBike 2.0","opening_hours":"24/7"},"geometry":{"type":"Point","coordinates":[121.5914,25.08627]}},{"type":"Feature","properties":{"id":"osm:node:9628105449","name":"三民國中(民權東路六段47巷)","category":"bicycle_rental","nameEn":"Sanmin Junior High School (Ln. 47, Sec. 6, Minquan E. Rd.)","brand":"YouBike 2.0","opening_hours":"24/7"},"geometry":{"type":"Point","coordinates":[121.58692,25.06935]}},{"type":"Feature","properties":{"id":"osm:node:9628105450","name":"潭美公園(南京東路六段368巷)","category":"bicycle_rental","nameEn":"Tanmei Park (Ln. 368, Sec. 6, Nanjing E. Rd.)","brand":"YouBike 2.0","opening_hours":"24/7"},"geometry":{"type":"Point","coordinates":[121.58617,25.05928]}},{"type":"Feature","properties":{"id":"osm:node:9628105451","name":"陽光街161巷口","category":"bicycle_rental","nameEn":"Ln. 161, Yangguang St. Intersection","brand":"YouBike 2.0","opening_hours":"24/7"},"geometry":{"type":"Point","coordinates":[121.58584,25.07433]}},{"type":"Feature","properties":{"id":"osm:node:9628105452","name":"統振大樓","category":"bicycle_rental","nameEn":"Welldone Building","brand":"YouBike 2.0","opening_hours":"24/7"},"geometry":{"type":"Point","coordinates":[121.60138,25.06007]}},{"type":"Feature","properties":{"id":"osm:node:9628105453","name":"民善新湖二路口(家樂福內湖店)","category":"bicycle_rental","nameEn":"Xinhu 2nd Rd. & Minshan St. Intersection (Carrefour)","brand":"YouBike 2.0","opening_hours":"24/7"},"geometry":{"type":"Point","coordinates":[121.57552,25.06017]}},{"type":"Feature","properties":{"id":"osm:node:9628105454","name":"行善行愛路口","category":"bicycle_rental","nameEn":"Xingshan Rd. & Xing'ai Rd. Intersection","brand":"YouBike 2.0","opening_hours":"24/7"},"geometry":{"type":"Point","coordinates":[121.58286,25.0606]}},{"type":"Feature","properties":{"id":"osm:node:9628105455","name":"內湖路二段179巷口","category":"bicycle_rental","nameEn":"Ln. 179, Sec. 2, Neihu Rd.","brand":"YouBike 2.0","opening_hours":"24/7"},"geometry":{"type":"Point","coordinates":[121.584,25.08454]}},{"type":"Feature","properties":{"id":"osm:node:9628105456","name":"內湖運動中心","category":"bicycle_rental","nameEn":"Taipei Neihu Sports Center","brand":"YouBike 2.0","opening_hours":"24/7"},"geometry":{"type":"Point","coordinates":[121.57493,25.07848]}},{"type":"Feature","properties":{"id":"osm:node:9628105457","name":"成功路四段41巷口","category":"bicycle_rental","nameEn":"Ln. 41, Sec. 4, Chenggong Rd.","brand":"YouBike 2.0","opening_hours":"24/7"},"geometry":{"type":"Point","coordinates":[121.59205,25.08105]}},{"type":"Feature","properties":{"id":"osm:node:9628105458","name":"新湖二路250巷口","category":"bicycle_rental","nameEn":"Ln. 250, Xinhu 2nd Rd.","brand":"YouBike 2.0","opening_hours":"24/7"},"geometry":{"type":"Point","coordinates":[121.58262,25.06455]}},{"type":"Feature","properties":{"id":"osm:node:9628105459","name":"堤頂大道新湖一路口","category":"bicycle_rental","nameEn":"Tiding Blvd. & Xinhu 1st Rd. Intersection","brand":"YouBike 2.0","opening_hours":"24/7"},"geometry":{"type":"Point","coordinates":[121.57354,25.05892]}},{"type":"Feature","properties":{"id":"osm:node:9628105460","name":"星雲街138巷1弄口","category":"bicycle_rental","nameEn":"Aly. 1, Ln. 138, Xingyun St.","brand":"YouBike 2.0","opening_hours":"24/7"},"geometry":{"type":"Point","coordinates":[121.59544,25.07943]}},{"type":"Feature","properties":{"id":"osm:node:9628105461","name":"石潭公園(安康路)","category":"bicycle_rental","nameEn":"Shitan Park (Ankang Rd.)","brand":"YouBike 2.0","opening_hours":"24/7"},"geometry":{"type":"Point","coordinates":[121.59334,25.06261]}},{"type":"Feature","properties":{"id":"osm:node:9628105462","name":"樂群二明水路口_1","category":"bicycle_rental","nameEn":"Lequn 2nd Rd. & Mingshui Rd. Intersection","brand":"YouBike 2.0","opening_hours":"24/7"},"geometry":{"type":"Point","coordinates":[121.55236,25.07983]}},{"type":"Feature","properties":{"id":"osm:node:9628105463","name":"捷運大直站(3號出口)_1","category":"bicycle_rental","nameEn":"MRT Dazhi Sta.(Exit 3)_1","brand":"YouBike 2.0","opening_hours":"24/7"},"geometry":{"type":"Point","coordinates":[121.54671,25.07934]}},{"type":"Feature","properties":{"id":"osm:node:9628105464","name":"稻江高級護理家事職業學校","category":"bicycle_rental","nameEn":"Daojiang Senior High School of Nursing and Home Economics","brand":"YouBike 2.0","opening_hours":"24/7"},"geometry":{"type":"Point","coordinates":[121.52848,25.06532]}},{"type":"Feature","properties":{"id":"osm:node:9628105465","name":"新生農安街口","category":"bicycle_rental","nameEn":"Xinsheng Rd. & Nong'an St. Intersection","brand":"YouBike 2.0","opening_hours":"24/7","wheelchair":"yes"},"geometry":{"type":"Point","coordinates":[121.52778,25.06493]}},{"type":"Feature","properties":{"id":"osm:node:9628105466","name":"經國七海文化園區","category":"bicycle_rental","nameEn":"Ching-kuo Chi-Hai Culture Park","brand":"YouBike 2.0","opening_hours":"24/7"},"geometry":{"type":"Point","coordinates":[121.53511,25.07802]}},{"type":"Feature","properties":{"id":"osm:node:9628105467","name":"松江長春路口","category":"bicycle_rental","nameEn":"Songjiang Rd. & Changchun Rd. Intersection","brand":"YouBike 2.0","opening_hours":"24/7"},"geometry":{"type":"Point","coordinates":[121.53295,25.05499]}},{"type":"Feature","properties":{"id":"osm:node:9628105468","name":"南京一江街口","category":"bicycle_rental","nameEn":"Nanjing Rd. & Yijiang St. Intersection","brand":"YouBike 2.0","opening_hours":"24/7"},"geometry":{"type":"Point","coordinates":[121.53171,25.05215]}},{"type":"Feature","properties":{"id":"osm:node:9628105469","name":"捷運松江南京站(8號出口)","category":"bicycle_rental","nameEn":"MRT Songjiang Nanjing Sta. (Exit 8)","brand":"YouBike 2.0","opening_hours":"24/7"},"geometry":{"type":"Point","coordinates":[121.53276,25.05215]}},{"type":"Feature","properties":{"id":"osm:node:9628105470","name":"長春一江街口","category":"bicycle_rental","nameEn":"Changchun Rd. & Yijiang St. Intersection","brand":"YouBike 2.0","opening_hours":"24/7"},"geometry":{"type":"Point","coordinates":[121.53142,25.05488]}},{"type":"Feature","properties":{"id":"osm:node:9628105471","name":"長春吉林路口","category":"bicycle_rental","nameEn":"Changchun Rd. & Jilin Rd. Intersection","brand":"YouBike 2.0","opening_hours":"24/7"},"geometry":{"type":"Point","coordinates":[121.53032,25.05481]}},{"type":"Feature","properties":{"id":"osm:node:9628105472","name":"松江路132巷口","category":"bicycle_rental","nameEn":"Ln. 132, Songjiang Rd.","brand":"YouBike 2.0","opening_hours":"24/7"},"geometry":{"type":"Point","coordinates":[121.53013,25.05277]}},{"type":"Feature","properties":{"id":"osm:node:9628105473","name":"松江民生路口","category":"bicycle_rental","nameEn":"Songjiang Rd. & Minsheng Rd. Intersection","brand":"YouBike 2.0","opening_hours":"24/7"},"geometry":{"type":"Point","coordinates":[121.53299,25.05765]}},{"type":"Feature","properties":{"id":"osm:node:9628105474","name":"長春路137巷口","category":"bicycle_rental","nameEn":"Ln. 137, Changchun Rd.","brand":"YouBike 2.0","opening_hours":"24/7"},"geometry":{"type":"Point","coordinates":[121.53114,25.05791]}},{"type":"Feature","properties":{"id":"osm:node:9628105475","name":"中429公園","category":"bicycle_rental","nameEn":"hong 429 Park","brand":"YouBike 2.0","opening_hours":"24/7"},"geometry":{"type":"Point","coordinates":[121.55557,25.07864]}},{"type":"Feature","properties":{"id":"osm:node:9628105476","name":"捷運松江南京站(4號出口)","category":"bicycle_rental","nameEn":"MRT Songjiang Nanjing Sta. (Exit 4)","brand":"YouBike 2.0","opening_hours":"24/7"},"geometry":{"type":"Point","coordinates":[121.53312,25.0512]}},{"type":"Feature","properties":{"id":"osm:node:9628105477","name":"捷運大直站(1號出口)","category":"bicycle_rental","nameEn":"MRT Dazhi Sta. (Exit 1)","brand":"YouBike 2.0","opening_hours":"24/7"},"geometry":{"type":"Point","coordinates":[121.54708,25.0801]}},{"type":"Feature","properties":{"id":"osm:node:9628105478","name":"臺北市立圖書館大直分館","category":"bicycle_rental","nameEn":"Taipei Public Library Dazhi Branch","brand":"YouBike 2.0","opening_hours":"24/7"},"geometry":{"type":"Point","coordinates":[121.54646,25.08152]}},{"type":"Feature","properties":{"id":"osm:node:9628105479","name":"撫順街41巷(崇德宮前)","category":"bicycle_rental","nameEn":"Ln. 41, Fushun St. (Chongde Temple)","brand":"YouBike 2.0","opening_hours":"24/7"},"geometry":{"type":"Point","coordinates":[121.51916,25.06389]}},{"type":"Feature","properties":{"id":"osm:node:9628105480","name":"南京龍江路口","category":"bicycle_rental","nameEn":"Nanjing Rd. & Longjiang Rd. Intersection","brand":"YouBike 2.0","opening_hours":"24/7"},"geometry":{"type":"Point","coordinates":[121.54012,25.05205]}},{"type":"Feature","properties":{"id":"osm:node:9628105481","name":"南京伊通街口","category":"bicycle_rental","nameEn":"Nanjing Rd. & Yitong St. Intersection","brand":"YouBike 2.0","opening_hours":"24/7"},"geometry":{"type":"Point","coordinates":[121.53517,25.05189]}},{"type":"Feature","properties":{"id":"osm:node:9628105482","name":"新興公園","category":"bicycle_rental","nameEn":"Xinxing Park","brand":"YouBike 2.0","opening_hours":"24/7"},"geometry":{"type":"Point","coordinates":[121.52439,25.06157]}},{"type":"Feature","properties":{"id":"osm:node:9628105483","name":"植福樂群路口","category":"bicycle_rental","nameEn":"Zhifu Rd. & Lequn Rd. Intersection","brand":"YouBike 2.0","opening_hours":"24/7"},"geometry":{"type":"Point","coordinates":[121.5604,25.08303]}},{"type":"Feature","properties":{"id":"osm:node:9628105484","name":"台泥大樓","category":"bicycle_rental","nameEn":"TCC Building","brand":"YouBike 2.0","opening_hours":"24/7","wheelchair":"limited"},"geometry":{"type":"Point","coordinates":[121.52305,25.06142]}},{"type":"Feature","properties":{"id":"osm:node:9628105485","name":"復興北路514巷口東側","category":"bicycle_rental","nameEn":"Fuxing Rd. & Longjiang Rd. Intersection","brand":"YouBike 2.0","opening_hours":"24/7"},"geometry":{"type":"Point","coordinates":[121.54117,25.06597]}},{"type":"Feature","properties":{"id":"osm:node:9628105486","name":"興安合江路口","category":"bicycle_rental","nameEn":"Xing'an St. & Hejiang St. Intersection","brand":"YouBike 2.0","opening_hours":"24/7"},"geometry":{"type":"Point","coordinates":[121.53949,25.05619]}},{"type":"Feature","properties":{"id":"osm:node:9628105487","name":"濱江果菜市場","category":"bicycle_rental","nameEn":"Binjiang Fruit and Vegetable Wholesale Market","brand":"YouBike 2.0","opening_hours":"24/7"},"geometry":{"type":"Point","coordinates":[121.53673,25.06807]}},{"type":"Feature","properties":{"id":"osm:node:9628105488","name":"大佳社區公園","category":"bicycle_rental","nameEn":"Dajia Community Park","brand":"YouBike 2.0","opening_hours":"24/7"},"geometry":{"type":"Point","coordinates":[121.5373,25.07275]}},{"type":"Feature","properties":{"id":"osm:node:9628105489","name":"濱江街199巷口","category":"bicycle_rental","nameEn":"Ln. 199, Binjiang St.","brand":"YouBike 2.0","opening_hours":"24/7"},"geometry":{"type":"Point","coordinates":[121.53985,25.0734]}},{"type":"Feature","properties":{"id":"osm:node:9628105490","name":"吉林路236巷口","category":"bicycle_rental","nameEn":"Ln. 236, JiLin Rd.","brand":"YouBike 2.0","opening_hours":"24/7"},"geometry":{"type":"Point","coordinates":[121.530267,25.059317]}},{"type":"Feature","properties":{"id":"osm:node:9628105491","name":"捷運西門站(3號出口)","category":"bicycle_rental","nameEn":"MRT Ximen Sta. (Exit 3)","brand":"YouBike 2.0","opening_hours":"24/7"},"geometry":{"type":"Point","coordinates":[121.50869,25.04178]}},{"type":"Feature","properties":{"id":"osm:node:9628105492","name":"仁愛林森路口","category":"bicycle_rental","nameEn":"Ren'ai Rd. & Linsen Rd. Intersection","brand":"YouBike 2.0","opening_hours":"24/7"},"geometry":{"type":"Point","coordinates":[121.522519,25.038788]}},{"type":"Feature","properties":{"id":"osm:node:9628105493","name":"羅斯福寧波東街口","category":"bicycle_rental","nameEn":"Roosevelt Rd. & Ningbo E. St. Intersection","brand":"YouBike 2.0","opening_hours":"24/7"},"geometry":{"type":"Point","coordinates":[121.51941,25.03145]}},{"type":"Feature","properties":{"id":"osm:node:9628105494","name":"紹興徐州路口","category":"bicycle_rental","nameEn":"Shaoxing St. & Xuzhou Rd. Intersection","brand":"YouBike 2.0","opening_hours":"24/7"},"geometry":{"type":"Point","coordinates":[121.52401,25.04051]}},{"type":"Feature","properties":{"id":"osm:node:9628105495","name":"台北市替代役中心","category":"bicycle_rental","nameEn":"Substitute Military Service Center","brand":"YouBike 2.0","opening_hours":"24/7"},"geometry":{"type":"Point","coordinates":[121.5275,25.01808]}},{"type":"Feature","properties":{"id":"osm:node:9628105496","name":"臺北市第一女子高級中學","category":"bicycle_rental","nameEn":"Taipei First Girls High School","brand":"YouBike 2.0","opening_hours":"24/7"},"geometry":{"type":"Point","coordinates":[121.51288,25.0385]}},{"type":"Feature","properties":{"id":"osm:node:9628105497","name":"弘道國中","category":"bicycle_rental","nameEn":"Hondao Junior High School","brand":"YouBike 2.0","opening_hours":"24/7"},"geometry":{"type":"Point","coordinates":[121.515332,25.038354]}},{"type":"Feature","properties":{"id":"osm:node:9628105498","name":"捷運西門站(5號出口)","category":"bicycle_rental","nameEn":"MRT Ximen Sta. (Exit 5)","brand":"YouBike 2.0","opening_hours":"24/7"},"geometry":{"type":"Point","coordinates":[121.50864,25.04244]}},{"type":"Feature","properties":{"id":"osm:node:9628105499","name":"臺北市國父史蹟館(逸仙公園)","category":"bicycle_rental","nameEn":"Dr. Sun Yat-Sen Memorial House (Sun Yat-sen Park)","brand":"YouBike 2.0","opening_hours":"24/7"},"geometry":{"type":"Point","coordinates":[121.52042,25.04779]}},{"type":"Feature","properties":{"id":"osm:node:9628105502","name":"捷運臺北車站(M2出口)","category":"bicycle_rental","nameEn":"MRT Taipei Main Sta.(Exit M2)","brand":"YouBike 2.0","opening_hours":"24/7"},"geometry":{"type":"Point","coordinates":[121.51903,25.04821]}},{"type":"Feature","properties":{"id":"osm:node:9628105503","name":"捷運中正紀念堂站(6號出口)","category":"bicycle_rental","nameEn":"MRT C.K.S Memorial Hall Sta.(Exit 6)","brand":"YouBike 2.0","opening_hours":"24/7"},"geometry":{"type":"Point","coordinates":[121.5166,25.03615]}},{"type":"Feature","properties":{"id":"osm:node:9628105504","name":"徐州杭州路口","category":"bicycle_rental","nameEn":"Xuzhou Rd. Hangzhou Rd. Intersection","brand":"YouBike 2.0","opening_hours":"24/7"},"geometry":{"type":"Point","coordinates":[121.52565,25.04023]}},{"type":"Feature","properties":{"id":"osm:node:9628105505","name":"林森徐州路口","category":"bicycle_rental","nameEn":"Linsen Rd. & Xuzhou Rd. Intersection","brand":"YouBike 2.0","opening_hours":"24/7"},"geometry":{"type":"Point","coordinates":[121.52215,25.04094]}},{"type":"Feature","properties":{"id":"osm:node:9628105506","name":"金山信義路口","category":"bicycle_rental","nameEn":"Jinshan Rd. & Xinyi Rd. Intersection","brand":"YouBike 2.0","opening_hours":"24/7"},"geometry":{"type":"Point","coordinates":[121.52721,25.03443]}},{"type":"Feature","properties":{"id":"osm:node:9628105507","name":"北平東杭州北路口","category":"bicycle_rental","nameEn":"Beiping E. Rd. & Hangzhou N. Rd. Intersection","brand":"YouBike 2.0","opening_hours":"24/7"},"geometry":{"type":"Point","coordinates":[121.52736,25.04553]}},{"type":"Feature","properties":{"id":"osm:node:9628105508","name":"捷運忠孝新生站(2號出口)","category":"bicycle_rental","nameEn":"MRT Zhongxiao Xinsheng Sta.(Exit.2)","brand":"YouBike 2.0","opening_hours":"24/7"},"geometry":{"type":"Point","coordinates":[121.53222,25.04235]}},{"type":"Feature","properties":{"id":"osm:node:9628105509","name":"師範大學公館校區_1","category":"bicycle_rental","nameEn":"National Taiwan Normal University Gongguan Campus_1","brand":"YouBike 2.0","opening_hours":"24/7"},"geometry":{"type":"Point","coordinates":[121.53719,25.00753]}},{"type":"Feature","properties":{"id":"osm:node:9628105510","name":"實踐國中(木新路三段310巷口)","category":"bicycle_rental","nameEn":"Shijian Junior High School (Ln. 310, Sec. 3, Muxin Rd.)","brand":"YouBike 2.0","opening_hours":"24/7"},"geometry":{"type":"Point","coordinates":[121.55645,24.98339]}},{"type":"Feature","properties":{"id":"osm:node:9628105511","name":"木南公園","category":"bicycle_rental","nameEn":"Mu Nan Park","brand":"YouBike 2.0","opening_hours":"24/7"},"geometry":{"type":"Point","coordinates":[121.57071,24.98662]}},{"type":"Feature","properties":{"id":"osm:node:9628105512","name":"明道國小東南側","category":"bicycle_rental","nameEn":"Ming Dao Elementary School (Southeast)","brand":"YouBike 2.0","opening_hours":"24/7"},"geometry":{"type":"Point","coordinates":[121.56456,24.98695]}},{"type":"Feature","properties":{"id":"osm:node:9628105514","name":"文山第二行政中心","category":"bicycle_rental","nameEn":"Wenshan 2nd District Office","brand":"YouBike 2.0","opening_hours":"24/7"},"geometry":{"type":"Point","coordinates":[121.55142,25.00115]}},{"type":"Feature","properties":{"id":"osm:node:9628105515","name":"政大一街口","category":"bicycle_rental","nameEn":"Zhengda 1st St.","brand":"YouBike 2.0","opening_hours":"24/7"},"geometry":{"type":"Point","coordinates":[121.58006,24.98543]}},{"type":"Feature","properties":{"id":"osm:node:9628105517","name":"捷運劍潭站(1號出口)","category":"bicycle_rental","nameEn":"MRT Jianta Sta. (Exit 1)","brand":"YouBike 2.0","opening_hours":"24/7"},"geometry":{"type":"Point","coordinates":[121.52531,25.08577]}},{"type":"Feature","properties":{"id":"osm:node:9628105518","name":"社子國小_1","category":"bicycle_rental","nameEn":"SheZi Elementary School","brand":"YouBike 2.0","opening_hours":"24/7"},"geometry":{"type":"Point","coordinates":[121.50189,25.09029]}},{"type":"Feature","properties":{"id":"osm:node:9628105519","name":"劍潭海外青年活動中心_1","category":"bicycle_rental","nameEn":"Chientan Overseas Youth Activity Center_1","brand":"YouBike 2.0","opening_hours":"24/7"},"geometry":{"type":"Point","coordinates":[121.5237,25.0796]}},{"type":"Feature","properties":{"id":"osm:node:9628105520","name":"文林福華路口","category":"bicycle_rental","nameEn":"Wenlin Rd. & Fude Rd. Intersection","brand":"YouBike 2.0","opening_hours":"24/7"},"geometry":{"type":"Point","coordinates":[121.52243,25.10094]}},{"type":"Feature","properties":{"id":"osm:node:9628105521","name":"基河文林路口","category":"bicycle_rental","nameEn":"Jihe Rd. & Wenlin Rd. Intersection","brand":"YouBike 2.0","opening_hours":"24/7"},"geometry":{"type":"Point","coordinates":[121.5247,25.08637]}},{"type":"Feature","properties":{"id":"osm:node:9628105522","name":"天母公園","category":"bicycle_rental","nameEn":"Tianmu Park","brand":"YouBike 2.0","opening_hours":"24/7"},"geometry":{"type":"Point","coordinates":[121.53003,25.12408]}},{"type":"Feature","properties":{"id":"osm:node:9628105523","name":"捷運線型公園(後街)","category":"bicycle_rental","nameEn":"MRT Linear Park (Hou St.)","brand":"YouBike 2.0","opening_hours":"24/7"},"geometry":{"type":"Point","coordinates":[121.52449,25.09812]}},{"type":"Feature","properties":{"id":"osm:node:9628105524","name":"至誠雨聲街口","category":"bicycle_rental","nameEn":"Zhicheng Rd. & Yusheng St. Intersection","brand":"YouBike 2.0","opening_hours":"24/7"},"geometry":{"type":"Point","coordinates":[121.52927,25.10199]}},{"type":"Feature","properties":{"id":"osm:node:9628105525","name":"芝山聖佑宮","category":"bicycle_rental","nameEn":"Zhishan Shengyou Temple","brand":"YouBike 2.0","opening_hours":"24/7"},"geometry":{"type":"Point","coordinates":[121.53025,25.10455]}},{"type":"Feature","properties":{"id":"osm:node:9628105526","name":"通河街76巷/承德路四段10巷口","category":"bicycle_rental","nameEn":"Ln. 76, Tonghe St. & Ln. 10, Sec. 4, Chengde Rd. Intersection","brand":"YouBike 2.0","opening_hours":"24/7"},"geometry":{"type":"Point","coordinates":[121.5202,25.08019]}},{"type":"Feature","properties":{"id":"osm:node:9628105527","name":"雨農橋","category":"bicycle_rental","nameEn":"Yunong Bridge","brand":"YouBike 2.0","opening_hours":"24/7"},"geometry":{"type":"Point","coordinates":[121.53253,25.10012]}},{"type":"Feature","properties":{"id":"osm:node:9628105528","name":"永平社會住宅","category":"bicycle_rental","nameEn":"Yongping Social Housing","brand":"YouBike 2.0","opening_hours":"24/7"},"geometry":{"type":"Point","coordinates":[121.50314,25.08887]}},{"type":"Feature","properties":{"id":"osm:node:9628105529","name":"東山路110巷口","category":"bicycle_rental","nameEn":"Ln. 110, Dongshan Rd.","brand":"YouBike 2.0","opening_hours":"24/7"},"geometry":{"type":"Point","coordinates":[121.53945,25.11306]}},{"type":"Feature","properties":{"id":"osm:node:9628105530","name":"福林公園(福林路)","category":"bicycle_rental","nameEn":"Fulin Park (Fulin Rd.)","brand":"YouBike 2.0","opening_hours":"24/7"},"geometry":{"type":"Point","coordinates":[121.531224,25.095876]}},{"type":"Feature","properties":{"id":"osm:node:9628105531","name":"捷運民權西路站(3號出口)","category":"bicycle_rental","nameEn":"MRT Minquan W. Rd. Sta. (Exit 3)","brand":"YouBike 2.0","opening_hours":"24/7"},"geometry":{"type":"Point","coordinates":[121.52021,25.06129]}},{"type":"Feature","properties":{"id":"osm:node:9628105532","name":"臺北轉運站(華陰街)","category":"bicycle_rental","nameEn":"Taipei Bus Station (Huayin St.)","brand":"YouBike 2.0","opening_hours":"24/7"},"geometry":{"type":"Point","coordinates":[121.51914,25.04937]}},{"type":"Feature","properties":{"id":"osm:node:9628105533","name":"承德民生西路口","category":"bicycle_rental","nameEn":"Chengde Rd. & Minsheng W. Rd. Intersection","brand":"YouBike 2.0","opening_hours":"24/7"},"geometry":{"type":"Point","coordinates":[121.51828,25.05756]}},{"type":"Feature","properties":{"id":"osm:node:9628105534","name":"南京太原路口","category":"bicycle_rental","nameEn":"Nanjing Rd. & Taiyuan Rd. Intersection","brand":"YouBike 2.0","opening_hours":"24/7"},"geometry":{"type":"Point","coordinates":[121.51638,25.05366]}},{"type":"Feature","properties":{"id":"osm:node:9628105535","name":"承德民權路口","category":"bicycle_rental","nameEn":"Chengde Rd. & Minquan Rd. Intersection","brand":"YouBike 2.0","opening_hours":"24/7"},"geometry":{"type":"Point","coordinates":[121.51839,25.06247]}},{"type":"Feature","properties":{"id":"osm:node:9628105536","name":"民權國中(民權西路)","category":"bicycle_rental","nameEn":"Min-Quan Junior High School (Minquan W. Rd.)","brand":"YouBike 2.0","opening_hours":"24/7"},"geometry":{"type":"Point","coordinates":[121.5144,25.06322]}},{"type":"Feature","properties":{"id":"osm:node:9628105537","name":"重慶保安街口(家樂福重慶店)","category":"bicycle_rental","nameEn":"Chongqing Rd. & Bao'an St. Intersection","brand":"YouBike 2.0","opening_hours":"24/7"},"geometry":{"type":"Point","coordinates":[121.51373,25.05918]}},{"type":"Feature","properties":{"id":"osm:node:9628105538","name":"大同運動中心","category":"bicycle_rental","nameEn":"Taipei DaTong Sports Center","brand":"YouBike 2.0","opening_hours":"24/7"},"geometry":{"type":"Point","coordinates":[121.51608,25.06496]}},{"type":"Feature","properties":{"id":"osm:node:9628105539","name":"仁愛路四段122巷口","category":"bicycle_rental","nameEn":"Ln. 122, Sec. 4, Ren'ai Rd.","brand":"YouBike 2.0","opening_hours":"24/7"},"geometry":{"type":"Point","coordinates":[121.55009,25.03762]}},{"type":"Feature","properties":{"id":"osm:node:9628105540","name":"基隆長興路口","category":"bicycle_rental","nameEn":"Keelung Rd. & Changxing St. Intersection","brand":"YouBike 2.0","opening_hours":"24/7"},"geometry":{"type":"Point","coordinates":[121.54435,25.01705]}},{"type":"Feature","properties":{"id":"osm:node:9628105541","name":"和平敦化路口","category":"bicycle_rental","nameEn":"Heping Rd. & Dunhua Rd. Intersection","brand":"YouBike 2.0","opening_hours":"24/7"},"geometry":{"type":"Point","coordinates":[121.54908,25.02444]}},{"type":"Feature","properties":{"id":"osm:node:9628105542","name":"大安運動中心","category":"bicycle_rental","nameEn":"Taipei Daan Sports Center","brand":"YouBike 2.0","opening_hours":"24/7"},"geometry":{"type":"Point","coordinates":[121.54561,25.02054]}},{"type":"Feature","properties":{"id":"osm:node:9628105543","name":"敦親公園","category":"bicycle_rental","nameEn":"Dunchin Park","brand":"YouBike 2.0","opening_hours":"24/7"},"geometry":{"type":"Point","coordinates":[121.54108,25.02347]}},{"type":"Feature","properties":{"id":"osm:node:9628105544","name":"臥龍基隆路口","category":"bicycle_rental","nameEn":"Wolong St. & Xinyi Rd. Intersection","brand":"YouBike 2.0","opening_hours":"24/7"},"geometry":{"type":"Point","coordinates":[121.54853,25.02039]}},{"type":"Feature","properties":{"id":"osm:node:9628105545","name":"辛亥路三段157巷口","category":"bicycle_rental","nameEn":"Ln. 157, Sec. 3, Xinhai Rd.","brand":"YouBike 2.0","opening_hours":"24/7"},"geometry":{"type":"Point","coordinates":[121.54904,25.01727]}},{"type":"Feature","properties":{"id":"osm:node:9628105546","name":"臥龍街195巷口","category":"bicycle_rental","nameEn":"Ln. 195, Wolong St.","brand":"YouBike 2.0","opening_hours":"24/7"},"geometry":{"type":"Point","coordinates":[121.55224,25.01783]}},{"type":"Feature","properties":{"id":"osm:node:9628105547","name":"捷運大安站(6號出口)","category":"bicycle_rental","nameEn":"MRT Da’an Sta. (Exit 6)","brand":"YouBike 2.0","opening_hours":"24/7"},"geometry":{"type":"Point","coordinates":[121.54376,25.03479]}},{"type":"Feature","properties":{"id":"osm:node:9628105548","name":"辛亥新生路口西北側","category":"bicycle_rental","nameEn":"Xinhai Rd. & Xinsheng S. Rd. Intersection","brand":"YouBike 2.0","opening_hours":"24/7"},"geometry":{"type":"Point","coordinates":[121.5341,25.02267]}},{"type":"Feature","properties":{"id":"osm:node:9628105549","name":"忠孝東路三段216巷口","category":"bicycle_rental","nameEn":"Ln. 216, Sec. 3, ZhongXiao E. Rd.","brand":"YouBike 2.0","opening_hours":"24/7"},"geometry":{"type":"Point","coordinates":[121.5402,25.04157]}},{"type":"Feature","properties":{"id":"osm:node:9628105550","name":"仁愛路四段48巷口","category":"bicycle_rental","nameEn":"Ln. 48, Sec. 4, Ren'ai Rd.","brand":"YouBike 2.0","opening_hours":"24/7"},"geometry":{"type":"Point","coordinates":[121.54693,25.03597]}},{"type":"Feature","properties":{"id":"osm:node:9628105551","name":"捷運科技大樓站(台北教育大學)","category":"bicycle_rental","nameEn":"MRT Technology Building Station","brand":"YouBike 2.0","opening_hours":"24/7"},"geometry":{"type":"Point","coordinates":[121.54459,25.02469]}},{"type":"Feature","properties":{"id":"osm:node:9630963960","name":"福德二街35號","category":"bicycle_rental","nameEn":"No. 35, Fude 2nd St.","brand":"YouBike 2.0","opening_hours":"24/7"},"geometry":{"type":"Point","coordinates":[121.4623,25.05719]}},{"type":"Feature","properties":{"id":"osm:node:9630963963","name":"央北三中央路口(全陽大璽)","category":"bicycle_rental","nameEn":"Yangbei 3rd & Zhongyang Rd. Intersection","brand":"YouBike 2.0","opening_hours":"24/7"},"geometry":{"type":"Point","coordinates":[121.53339,24.97878]}},{"type":"Feature","properties":{"id":"osm:node:9630963964","name":"輕軌淡金鄧公站","category":"bicycle_rental","nameEn":"LRT Danjin Denggong Sta.","brand":"YouBike 2.0","opening_hours":"24/7"},"geometry":{"type":"Point","coordinates":[121.45936,25.16874]}},{"type":"Feature","properties":{"id":"osm:node:9630963967","name":"板新中山路一段口","category":"bicycle_rental","nameEn":"Banxin & Sec.1, Zhongshan Rd. Intersection","brand":"YouBike 2.0","opening_hours":"24/7"},"geometry":{"type":"Point","coordinates":[121.47161,25.01491]}},{"type":"Feature","properties":{"id":"osm:node:9630963968","name":"雙十萬板路口","category":"bicycle_rental","nameEn":"Shuangshi Wanban Rd. Intersection","brand":"YouBike 2.0","opening_hours":"24/7"},"geometry":{"type":"Point","coordinates":[121.47718,25.02538]}},{"type":"Feature","properties":{"id":"osm:node:9630963969","name":"西安市民活動中心","category":"bicycle_rental","nameEn":"Xi'an Civic Activity Center","brand":"YouBike 2.0","opening_hours":"24/7"},"geometry":{"type":"Point","coordinates":[121.47188,25.01712]}},{"type":"Feature","properties":{"id":"osm:node:9630963970","name":"縣民民族路口","category":"bicycle_rental","nameEn":"Xianmin Blvd & Minzu Intersection","brand":"YouBike 2.0","opening_hours":"24/7"},"geometry":{"type":"Point","coordinates":[121.461,25.01]}},{"type":"Feature","properties":{"id":"osm:node:9630963981","name":"秀朗路二段24巷16弄24號","category":"bicycle_rental","nameEn":"No. 24, Aly. 16, Ln. 24, Sec. 2, Xiulang Rd.","brand":"YouBike 2.0","opening_hours":"24/7"},"geometry":{"type":"Point","coordinates":[121.52007,25.00239]}},{"type":"Feature","properties":{"id":"osm:node:9630963982","name":"瓦磘截流站","category":"bicycle_rental","nameEn":"Wayao Interception & Pumping Plant","brand":"YouBike 2.0","opening_hours":"24/7"},"geometry":{"type":"Point","coordinates":[121.49972,25.009]}},{"type":"Feature","properties":{"id":"osm:node:9630963983","name":"仁愛路306巷18弄口","category":"bicycle_rental","nameEn":"Aly. 18, Ln. 306, Ren'ai Rd. Intersection","brand":"YouBike 2.0","opening_hours":"24/7"},"geometry":{"type":"Point","coordinates":[121.50303,25.00888]}},{"type":"Feature","properties":{"id":"osm:node:9630963984","name":"保福保福路二段133巷口","category":"bicycle_rental","nameEn":"Bao'fu & Ln. 133, Sec. 2, Bao'fu Rd. Intersection","brand":"YouBike 2.0","opening_hours":"24/7"},"geometry":{"type":"Point","coordinates":[121.5097,25.01422]}},{"type":"Feature","properties":{"id":"osm:node:9630963985","name":"保安保福路二段口","category":"bicycle_rental","nameEn":"Bao'an & Sec. 2, Bao'fu Rd. Intersection","brand":"YouBike 2.0","opening_hours":"24/7"},"geometry":{"type":"Point","coordinates":[121.5087,25.01497]}},{"type":"Feature","properties":{"id":"osm:node:9630963986","name":"中正路666巷口","category":"bicycle_rental","nameEn":"Ln. 666, Zhongzheng Rd.","brand":"YouBike 2.0","opening_hours":"24/7"},"geometry":{"type":"Point","coordinates":[121.51917,25.00913]}},{"type":"Feature","properties":{"id":"osm:node:9630963987","name":"永和國中(國中路)","category":"bicycle_rental","nameEn":"Yonghe Junior High School(Guozhong Rd.)","brand":"YouBike 2.0","opening_hours":"24/7"},"geometry":{"type":"Point","coordinates":[121.52269,25.00674]}},{"type":"Feature","properties":{"id":"osm:node:9630963988","name":"環河民樂街59巷26弄口","category":"bicycle_rental","nameEn":"Huanh Alley 26, Lane 59, Minyue St.","brand":"YouBike 2.0","opening_hours":"24/7"},"geometry":{"type":"Point","coordinates":[121.52844,24.99798]}},{"type":"Feature","properties":{"id":"osm:node:9630963990","name":"秀山公園(北側)","category":"bicycle_rental","nameEn":"Xiushan Park(North)","brand":"YouBike 2.0","opening_hours":"24/7"},"geometry":{"type":"Point","coordinates":[121.52327,24.99592]}},{"type":"Feature","properties":{"id":"osm:node:9630963991","name":"安平橋","category":"bicycle_rental","nameEn":"Anping bridge","brand":"YouBike 2.0","opening_hours":"24/7"},"geometry":{"type":"Point","coordinates":[121.50936,24.99474]}},{"type":"Feature","properties":{"id":"osm:node:9630963992","name":"壽德新村","category":"bicycle_rental","nameEn":"Shoude New Village","brand":"YouBike 2.0","opening_hours":"24/7"},"geometry":{"type":"Point","coordinates":[121.46536,24.99548]}},{"type":"Feature","properties":{"id":"osm:node:9630963993","name":"華夏科技大學","category":"bicycle_rental","nameEn":"Hwa Hsia University of Technology","brand":"YouBike 2.0","opening_hours":"24/7"},"geometry":{"type":"Point","coordinates":[121.50765,24.98067]}},{"type":"Feature","properties":{"id":"osm:node:9630963996","name":"裕民路口(清水路)","category":"bicycle_rental","nameEn":"Yumin Rd. Intersection(Qingshui Rd.)","brand":"YouBike 2.0","opening_hours":"24/7"},"geometry":{"type":"Point","coordinates":[121.45616,24.98157]}},{"type":"Feature","properties":{"id":"osm:node:9796887049","name":"海巡署(南側)","category":"bicycle_rental","nameEn":"Coast Guard Administration (South)","opening_hours":"24/7"},"geometry":{"type":"Point","coordinates":[121.55949,24.99472]}},{"type":"Feature","properties":{"id":"osm:node:9807832370","name":"仁愛金山路口","category":"bicycle_rental","nameEn":"Ren'ai Rd. & Jinshan Rd. Intersection","brand":"YouBike 2.0","opening_hours":"24/7"},"geometry":{"type":"Point","coordinates":[121.52801,25.0384]}},{"type":"Feature","properties":{"id":"osm:node:9843515167","name":"中誠立體停車場","category":"bicycle_rental","nameEn":"Zhongchneg Parking Lot","brand":"YouBike 2.0","opening_hours":"24/7"},"geometry":{"type":"Point","coordinates":[121.45137,25.04757]}},{"type":"Feature","properties":{"id":"osm:node:9843515170","name":"永安南路二段16巷口","category":"bicycle_rental","nameEn":"Ln. 16, Sec. 2, Yong'an N. Rd. Intersection","brand":"YouBike 2.0","opening_hours":"24/7"},"geometry":{"type":"Point","coordinates":[121.46765,25.07702]}},{"type":"Feature","properties":{"id":"osm:node:9843515171","name":"中山一和平路口","category":"bicycle_rental","nameEn":"Zhongshan 1St Heping Rd. Intersection","brand":"YouBike 2.0","opening_hours":"24/7"},"geometry":{"type":"Point","coordinates":[121.47162,25.07919]}},{"type":"Feature","properties":{"id":"osm:node:9843515172","name":"捷運蘆洲站(1號出口)","category":"bicycle_rental","nameEn":"MRT Luzou Sta.(Exit 1)","brand":"YouBike 2.0","opening_hours":"24/7"},"geometry":{"type":"Point","coordinates":[121.4651,25.09113]}},{"type":"Feature","properties":{"id":"osm:node:9843515173","name":"三民長榮路口","category":"bicycle_rental","nameEn":"Samin Changrong Rd. Intersection","brand":"YouBike 2.0","opening_hours":"24/7"},"geometry":{"type":"Point","coordinates":[121.4616,25.09328]}},{"type":"Feature","properties":{"id":"osm:node:9843515174","name":"鷺江國中(長興路298巷)","category":"bicycle_rental","nameEn":"11","brand":"YouBike 2.0","opening_hours":"24/7"},"geometry":{"type":"Point","coordinates":[121.46106,25.09005]}},{"type":"Feature","properties":{"id":"osm:node:9843515175","name":"捷運三民高中站(2號出口)","category":"bicycle_rental","nameEn":"MRT Sanmin Senior High School Sta.(Exit 2)","brand":"YouBike 2.0","opening_hours":"24/7"},"geometry":{"type":"Point","coordinates":[121.47374,25.08577]}},{"type":"Feature","properties":{"id":"osm:node:9843515178","name":"頭前國小(化成路)","category":"bicycle_rental","nameEn":"Touqian Elementary School(Huacheng Rd.)","brand":"YouBike 2.0","opening_hours":"24/7"},"geometry":{"type":"Point","coordinates":[121.46624,25.0535]}},{"type":"Feature","properties":{"id":"osm:node:9843515179","name":"塭仔底濕地公園(中華路)","category":"bicycle_rental","nameEn":"Wenzidi Wetland Park(Zhonghua Rd.)","brand":"YouBike 2.0","opening_hours":"24/7"},"geometry":{"type":"Point","coordinates":[121.45222,25.05645]}},{"type":"Feature","properties":{"id":"osm:node:9843515180","name":"大豐公園停車場","category":"bicycle_rental","nameEn":"Dafeng Park Parking","brand":"YouBike 2.0","opening_hours":"24/7"},"geometry":{"type":"Point","coordinates":[121.53587,24.97875]}},{"type":"Feature","properties":{"id":"osm:node:9843515181","name":"十四張歷史公園(南側)","category":"bicycle_rental","nameEn":"Shisizhang Park(South)","brand":"YouBike 2.0","opening_hours":"24/7"},"geometry":{"type":"Point","coordinates":[121.52844,24.979]}},{"type":"Feature","properties":{"id":"osm:node:9843515182","name":"永平街23巷","category":"bicycle_rental","nameEn":"Ln. 23, Yongping St.","brand":"YouBike 2.0","opening_hours":"24/7"},"geometry":{"type":"Point","coordinates":[121.51604,24.98316]}},{"type":"Feature","properties":{"id":"osm:node:9843515189","name":"文化路一段212巷口","category":"bicycle_rental","nameEn":"Ln. 212, Sec. 1, Wenhua Rd. Intersection","brand":"YouBike 2.0","opening_hours":"24/7"},"geometry":{"type":"Point","coordinates":[121.46639,25.02021]}},{"type":"Feature","properties":{"id":"osm:node:9843515190","name":"民生路二段/文化路一段286巷口","category":"bicycle_rental","nameEn":"Sec. 2, Minsheng Rd. & Ln. 286, Sec. 1, Wenhua Rd. Intersection","brand":"YouBike 2.0","opening_hours":"24/7"},"geometry":{"type":"Point","coordinates":[121.46885,25.02132]}},{"type":"Feature","properties":{"id":"osm:node:9843515191","name":"後埔國小","category":"bicycle_rental","nameEn":"Houpu Elementary School","brand":"YouBike 2.0","opening_hours":"24/7","wheelchair":"yes"},"geometry":{"type":"Point","coordinates":[121.4643,25.00339]}},{"type":"Feature","properties":{"id":"osm:node:9843515192","name":"海山高中(漢生東路)","category":"bicycle_rental","nameEn":"Haishang High School(Hansheng E. Rd.)","brand":"YouBike 2.0","opening_hours":"24/7"},"geometry":{"type":"Point","coordinates":[121.47048,25.01067]}},{"type":"Feature","properties":{"id":"osm:node:9843515193","name":"新府區運路口","category":"bicycle_rental","nameEn":"Xinfu Quyun Rd. Intersection","brand":"YouBike 2.0","opening_hours":"24/7","wheelchair":"yes"},"geometry":{"type":"Point","coordinates":[121.46546,25.01016]}},{"type":"Feature","properties":{"id":"osm:node:9843515194","name":"信義和平路口","category":"bicycle_rental","nameEn":"Xinyi Heping Rd. Intersection","brand":"YouBike 2.0","opening_hours":"24/7"},"geometry":{"type":"Point","coordinates":[121.45721,24.99455]}},{"type":"Feature","properties":{"id":"osm:node:9843515195","name":"黃石中繼市場","category":"bicycle_rental","nameEn":"Huangshi Market","brand":"YouBike 2.0","opening_hours":"24/7"},"geometry":{"type":"Point","coordinates":[121.45699,25.0125]}},{"type":"Feature","properties":{"id":"osm:node:9843515196","name":"信義路163巷口","category":"bicycle_rental","nameEn":"Ln. 163, Xinyi Rd. Intersection","brand":"YouBike 2.0","opening_hours":"24/7"},"geometry":{"type":"Point","coordinates":[121.45848,24.99271]}},{"type":"Feature","properties":{"id":"osm:node:9843515197","name":"樟樹一山光路口","category":"bicycle_rental","nameEn":"Zhangshu 1st. & Shanguang Rd. Intersection","brand":"YouBike 2.0","opening_hours":"24/7"},"geometry":{"type":"Point","coordinates":[121.642863,25.070296]}},{"type":"Feature","properties":{"id":"osm:node:9843515198","name":"秀峰高中(忠孝東路)","category":"bicycle_rental","nameEn":"Xiufeng High School(Zhongxiao E. Rd.)","brand":"YouBike 2.0","opening_hours":"24/7"},"geometry":{"type":"Point","coordinates":[121.66172,25.06635]}},{"type":"Feature","properties":{"id":"osm:node:9843515199","name":"永成市民活動中心","category":"bicycle_rental","nameEn":"Yongzheng Civic Activity Center","brand":"YouBike 2.0","opening_hours":"24/7"},"geometry":{"type":"Point","coordinates":[121.5101,25.0173]}},{"type":"Feature","properties":{"id":"osm:node:9843515200","name":"景本里集會所","category":"bicycle_rental","nameEn":"Jingben Village Activity Center","brand":"YouBike 2.0","opening_hours":"24/7"},"geometry":{"type":"Point","coordinates":[121.51326,24.98933]}},{"type":"Feature","properties":{"id":"osm:node:9843515201","name":"雙和醫院(圓通路252巷口)","category":"bicycle_rental","nameEn":"Shuang ho Hospital(Ln. 252, Yuantong Rd. Intersection)","brand":"YouBike 2.0","opening_hours":"24/7"},"geometry":{"type":"Point","coordinates":[121.49373,24.99092]}},{"type":"Feature","properties":{"id":"osm:node:9843515202","name":"烘爐地山下籃球場","category":"bicycle_rental","nameEn":"Oven ground Under the mountain Basketball court","brand":"YouBike 2.0","opening_hours":"24/7"},"geometry":{"type":"Point","coordinates":[121.4987,24.9798]}},{"type":"Feature","properties":{"id":"osm:node:9843515203","name":"延吉街47巷口","category":"bicycle_rental","nameEn":"Ln. 291, Yanji St. Intersection","brand":"YouBike 2.0","opening_hours":"24/7"},"geometry":{"type":"Point","coordinates":[121.47236,24.98795]}},{"type":"Feature","properties":{"id":"osm:node:9843515204","name":"和平路105號","category":"bicycle_rental","nameEn":"No. 105, Heping Rd.","brand":"YouBike 2.0","opening_hours":"24/7"},"geometry":{"type":"Point","coordinates":[121.45129,24.96847]}},{"type":"Feature","properties":{"id":"osm:node:9843515206","name":"廣福國小","category":"bicycle_rental","nameEn":"Guangfu Elementary School","brand":"YouBike 2.0","opening_hours":"24/7"},"geometry":{"type":"Point","coordinates":[121.45506,24.98713]}},{"type":"Feature","properties":{"id":"osm:node:9843515207","name":"新北高工(明德路)","category":"bicycle_rental","nameEn":"New Taipei Industrial Vocational High School(Mingde Rd.)","brand":"YouBike 2.0","opening_hours":"24/7"},"geometry":{"type":"Point","coordinates":[121.4515,24.98112]}},{"type":"Feature","properties":{"id":"osm:node:9843515208","name":"延吉街111巷1弄","category":"bicycle_rental","nameEn":"Aly. 1, Ln. 111, Yanji St.","brand":"YouBike 2.0","opening_hours":"24/7"},"geometry":{"type":"Point","coordinates":[121.47171,24.98623]}},{"type":"Feature","properties":{"id":"osm:node:9843515209","name":"清水高中(國際路)","category":"bicycle_rental","nameEn":"Qingshui High School(Guoji Rd.)","brand":"YouBike 2.0","opening_hours":"24/7"},"geometry":{"type":"Point","coordinates":[121.46498,24.98034]}},{"type":"Feature","properties":{"id":"osm:node:9945331592","name":"中庸公園","category":"bicycle_rental","nameEn":"Zhongyong Park","brand":"YouBike 2.0","opening_hours":"24/7"},"geometry":{"type":"Point","coordinates":[121.50142,25.13774]}},{"type":"Feature","properties":{"id":"osm:relation:11278522","name":"捷運大坪林站(1號出口)","category":"bicycle_rental","nameEn":"MRT DaPingLin Station(Beixin & MinQuan Intersection)","brand":"YouBike 2.0","opening_hours":"24/7"},"geometry":{"type":"Point","coordinates":[121.541175,24.982682]}},{"type":"Feature","properties":{"id":"osm:relation:13300064","name":"永安藝文館_表演36房","category":"bicycle_rental","nameEn":"Performing Arts School 36","brand":"YouBike 2.0","opening_hours":"24/7"},"geometry":{"type":"Point","coordinates":[121.569071,24.984187]}},{"type":"Feature","properties":{"id":"osm:relation:17650559","name":"興隆公共住宅D2區","category":"bicycle_rental","nameEn":"Xinglong Public Housing (D2)","brand":"YouBike 2.0","opening_hours":"24/7"},"geometry":{"type":"Point","coordinates":[121.563427,24.988183]}},{"type":"Feature","properties":{"id":"osm:relation:17754447","name":"木柵公園","category":"bicycle_rental","nameEn":"Muzha Park","brand":"YouBike 2.0","opening_hours":"24/7"},"geometry":{"type":"Point","coordinates":[121.560636,24.987006]}},{"type":"Feature","properties":{"id":"osm:relation:19601102","name":"景豐公園","category":"bicycle_rental","nameEn":"Jing Fong Park","brand":"YouBike 2.0"},"geometry":{"type":"Point","coordinates":[121.544932,24.999879]}},{"type":"Feature","properties":{"id":"osm:relation:20271467","name":"捷運萬隆站(2號出口)","category":"bicycle_rental","nameEn":"MRT Wanlong Sta. (Exit 2)","brand":"YouBike 2.0","opening_hours":"24/7"},"geometry":{"type":"Point","coordinates":[121.539855,25.001412]}},{"type":"Feature","properties":{"id":"osm:relation:20271468","name":"光華商場","category":"bicycle_rental","nameEn":"Guang Hua Computer Market","brand":"YouBike 2.0","opening_hours":"24/7"},"geometry":{"type":"Point","coordinates":[121.532727,25.044908]}},{"type":"Feature","properties":{"id":"osm:relation:9964138","name":"文山運動中心","category":"bicycle_rental","nameEn":"Wen Shan Sports Center","brand":"YouBike 2.0","opening_hours":"24/7"},"geometry":{"type":"Point","coordinates":[121.559651,24.996896]}},{"type":"Feature","properties":{"id":"osm:way:1028324083","name":"博嘉運動公園","category":"bicycle_rental","nameEn":"Bo Jia Sports Park","brand":"YouBike 2.0","opening_hours":"24/7"},"geometry":{"type":"Point","coordinates":[121.575491,25.001011]}},{"type":"Feature","properties":{"id":"osm:way:1030697590","name":"萬有3號公園","category":"bicycle_rental","nameEn":"Wan You NO.3 Park","brand":"YouBike 2.0","opening_hours":"24/7"},"geometry":{"type":"Point","coordinates":[121.543152,24.998904]}},{"type":"Feature","properties":{"id":"osm:way:1066946938","name":"移民署訓練中心","category":"bicycle_rental","nameEn":"National Immigration Agency Training Center","opening_hours":"24/7"},"geometry":{"type":"Point","coordinates":[121.55864,24.992717]}},{"type":"Feature","properties":{"id":"osm:way:1066946943","name":"捷運萬芳醫院站(興隆路三段115巷)","category":"bicycle_rental","nameEn":"MRT Wanfang Hospital Sta. (Ln. 115, Sec. 3, Xinglong Rd.)","brand":"YouBike 2.0","opening_hours":"24/7"},"geometry":{"type":"Point","coordinates":[121.558388,24.999262]}},{"type":"Feature","properties":{"id":"osm:way:1138596399","name":"綠湖公園地下停車場","category":"bicycle_rental","nameEn":"Liuhu Park Underground Parking Lot","brand":"YouBike 2.0","opening_hours":"24/7"},"geometry":{"type":"Point","coordinates":[121.546627,24.979195]}},{"type":"Feature","properties":{"id":"osm:way:1290499452","name":"深坑松柏街","category":"bicycle_rental","nameEn":"Shenkeng Songbo St.","brand":"YouBike 2.0","opening_hours":"24/7"},"geometry":{"type":"Point","coordinates":[121.638521,25.010986]}},{"type":"Feature","properties":{"id":"osm:way:1290499453","name":"深坑區公所(深坑老街)","category":"bicycle_rental","nameEn":"Shenkeng District Office(Shenkeng Old Street)","brand":"YouBike 2.0","opening_hours":"24/7"},"geometry":{"type":"Point","coordinates":[121.616204,25.0014]}},{"type":"Feature","properties":{"id":"osm:way:1290499455","name":"深坑雲鄉路","category":"bicycle_rental","nameEn":"Shenkeng Yunxiang Rd.","brand":"YouBike 2.0","opening_hours":"24/7"},"geometry":{"type":"Point","coordinates":[121.621084,24.999966]}},{"type":"Feature","properties":{"id":"osm:way:1290499456","name":"東南科技大學","category":"bicycle_rental","nameEn":"Tungnan University","brand":"YouBike 2.0","opening_hours":"24/7"},"geometry":{"type":"Point","coordinates":[121.602294,25.003264]}},{"type":"Feature","properties":{"id":"osm:way:1455969257","name":"二重埔市民活動中心","category":"bicycle_rental","nameEn":"Erchongpu Civil Activity Center","brand":"YouBike 2.0","opening_hours":"24/7"},"geometry":{"type":"Point","coordinates":[121.474935,25.066197]}},{"type":"Feature","properties":{"id":"osm:way:1482603382","name":"溪洲原住民族生活文化園區Cinemnemay","category":"bicycle_rental","nameEn":"Xizhou Aboriginal Cultural Park","brand":"YouBike 2.0"},"geometry":{"type":"Point","coordinates":[121.5283,24.968244]}},{"type":"Feature","properties":{"id":"osm:way:236364407","name":"美堤自行車租借站","category":"bicycle_rental","opening_hours":"Mo-Fr 08:00-12:00, 14:00-21:00; Sa-Su 08:00-21:00","phone":"+8862-8501-1962"},"geometry":{"type":"Point","coordinates":[121.561595,25.075851]}},{"type":"Feature","properties":{"id":"osm:way:320728554","name":"捷運大安森林公園站(2號出口)","category":"bicycle_rental","nameEn":"MRT Daan Park Sta. (Exit 2)","brand":"YouBike 2.0","opening_hours":"24/7"},"geometry":{"type":"Point","coordinates":[121.534256,25.033236]}},{"type":"Feature","properties":{"id":"osm:way:322471193","name":"中興寶慶街口","category":"bicycle_rental","nameEn":"Zhongxing & Baoqing Intersection","brand":"YouBike 2.0","opening_hours":"24/7"},"geometry":{"type":"Point","coordinates":[121.541947,24.986875]}},{"type":"Feature","properties":{"id":"osm:way:322471200","name":"小金門友誼公園","category":"bicycle_rental","nameEn":"Little Kinmen Park","brand":"YouBike 2.0","opening_hours":"24/7"},"geometry":{"type":"Point","coordinates":[121.538023,24.976998]}},{"type":"Feature","properties":{"id":"osm:way:322471203","name":"崇光女中","category":"bicycle_rental","nameEn":"Our Lady Of Providence Girl's High School","brand":"YouBike 2.0","opening_hours":"24/7"},"geometry":{"type":"Point","coordinates":[121.53934,24.971904]}},{"type":"Feature","properties":{"id":"osm:way:322668114","name":"大鵬華城","category":"bicycle_rental","nameEn":"Dapeng community","brand":"YouBike 2.0","opening_hours":"24/7"},"geometry":{"type":"Point","coordinates":[121.533974,24.991176]}},{"type":"Feature","properties":{"id":"osm:way:338966662","name":"鐵馬驛站","category":"bicycle_rental"},"geometry":{"type":"Point","coordinates":[121.465535,25.016395]}},{"type":"Feature","properties":{"id":"osm:way:356730633","name":"大稻埕自行車出租站","category":"bicycle_rental","nameEn":"Taipei Riverside Bike Rental Centers","opening_hours":"Mo-Fr 08:00-12:00, 14:00-21:00; Sa-Su 08:00-21:00","phone":"+886 2 2557-1639","website":"http://www.ukan.com.tw/3introduction-5Dadaocheng.html"},"geometry":{"type":"Point","coordinates":[121.507277,25.055735]}},{"type":"Feature","properties":{"id":"osm:way:378671025","name":"關渡碼頭租借站","category":"bicycle_rental","opening_hours":"Mo-Fr 08:00-12:00, 14:00-21:00; Sa-Su 08:00-21:00","phone":"+886 2 2858 1016"},"geometry":{"type":"Point","coordinates":[121.462233,25.121205]}},{"type":"Feature","properties":{"id":"osm:way:484642246","name":"四輪腳踏車租借站","category":"bicycle_rental"},"geometry":{"type":"Point","coordinates":[121.538976,25.073759]}},{"type":"Feature","properties":{"id":"osm:way:496059986","name":"北市河濱自行車租借站木柵站","category":"bicycle_rental","opening_hours":"Mo-Fr 08:00-12:00, 14:00-21:00; Sa-Su 08:00-21:00","phone":"+886 2 2938 2181"},"geometry":{"type":"Point","coordinates":[121.579939,24.999143]}},{"type":"Feature","properties":{"id":"osm:way:723893750","name":"Giant單車租借站","category":"bicycle_rental"},"geometry":{"type":"Point","coordinates":[121.517829,24.978051]}},{"type":"Feature","properties":{"id":"osm:way:827581550","name":"中興路2段100巷口","category":"bicycle_rental","nameEn":"Ln. 100, Sec. 2, Zhongxing Rd.","brand":"YouBike 2.0","opening_hours":"24/7"},"geometry":{"type":"Point","coordinates":[121.547516,24.971383]}},{"type":"Feature","properties":{"id":"osm:way:989381875","name":"萊茵公園","category":"bicycle_rental","nameEn":"Laiyin Park","brand":"YouBike 2.0","opening_hours":"24/7"},"geometry":{"type":"Point","coordinates":[121.565136,24.986462]}},{"type":"Feature","properties":{"id":"osm:way:989381877","name":"木柵社會住宅","category":"bicycle_rental","nameEn":"Muzha Social Housing","brand":"YouBike 2.0","opening_hours":"24/7"},"geometry":{"type":"Point","coordinates":[121.566535,24.989397]}},{"type":"Feature","properties":{"id":"osm:way:989381878","name":"秀明路一段185巷口","category":"bicycle_rental","nameEn":"Ln. 185, Sec. 1, Xiuming Rd. Intersection","brand":"YouBike 2.0","opening_hours":"24/7"},"geometry":{"type":"Point","coordinates":[121.56848,24.991581]}},{"type":"Feature","properties":{"id":"osm:way:989381879","name":"秀明路一段129巷口","category":"bicycle_rental","nameEn":"Ln. 129, Sec. 1, Xiuming Rd. Intersection","brand":"YouBike 2.0","opening_hours":"24/7"},"geometry":{"type":"Point","coordinates":[121.567008,24.991223]}},{"type":"Feature","properties":{"id":"osm:way:990704268","name":"捷運木柵站","category":"bicycle_rental","nameEn":"MRT Muzha Sta.","brand":"YouBike 2.0","opening_hours":"24/7"},"geometry":{"type":"Point","coordinates":[121.574859,24.997942]}},{"type":"Feature","properties":{"id":"osm:way:990704274","name":"文山行政中心","category":"bicycle_rental","nameEn":"Wenshan District Admin. Center","brand":"YouBike 2.0","opening_hours":"24/7"},"geometry":{"type":"Point","coordinates":[121.569605,24.989633]}},{"type":"Feature","properties":{"id":"osm:way:990854937","name":"臺北市立景美女中","category":"bicycle_rental","nameEn":"Jingmei Girls High School","brand":"YouBike 2.0","opening_hours":"24/7"},"geometry":{"type":"Point","coordinates":[121.556074,24.980603]}},{"type":"Feature","properties":{"id":"osm:way:990854939","name":"一壽橋","category":"bicycle_rental","nameEn":"Yishou Bridge","brand":"YouBike 2.0","opening_hours":"24/7"},"geometry":{"type":"Point","coordinates":[121.555482,24.978376]}},{"type":"Feature","properties":{"id":"osm:way:990854944","name":"樟腳里公園","category":"bicycle_rental","nameEn":"Zhangjiaoli Park","brand":"YouBike 2.0","opening_hours":"24/7"},"geometry":{"type":"Point","coordinates":[121.565793,24.98179]}},{"type":"Feature","properties":{"id":"osm:way:990857124","name":"木新路3段95巷口","category":"bicycle_rental","nameEn":"Ln. 95, Sec. 3, Muxin Rd. Intersection","brand":"YouBike 2.0","opening_hours":"24/7"},"geometry":{"type":"Point","coordinates":[121.563093,24.980863]}},{"type":"Feature","properties":{"id":"osm:way:990857125","name":"實踐國中","category":"bicycle_rental","nameEn":"Shijian Junior High School","brand":"YouBike 2.0","opening_hours":"24/7"},"geometry":{"type":"Point","coordinates":[121.554045,24.982953]}}]}