{"type":"FeatureCollection","features":[{"type":"Feature","properties":{"id":"osm:node:10001028018","name":"Cama Cafe 四號公園店","category":"cafe","opening_hours":"Mo-Fr 07:30-18:00; Sa-Su 08:00-19:00"},"geometry":{"type":"Point","coordinates":[121.513298,25.003128]}},{"type":"Feature","properties":{"id":"osm:node:10029223326","name":"CoCo都可","category":"cafe","name_en":"CoCo Fresh Tea & Juice","cuisine":"bubble_tea","brand":"CoCo都可"},"geometry":{"type":"Point","coordinates":[121.491193,25.054186]}},{"type":"Feature","properties":{"id":"osm:node:10032296949","name":"白巷子","category":"cafe","cuisine":"bubble_tea"},"geometry":{"type":"Point","coordinates":[121.481255,25.079873]}},{"type":"Feature","properties":{"id":"osm:node:10032343021","name":"Come Buy","category":"cafe","cuisine":"bubble_tea"},"geometry":{"type":"Point","coordinates":[121.487125,25.072267]}},{"type":"Feature","properties":{"id":"osm:node:10035781326","name":"艾斯糖咖啡","category":"cafe"},"geometry":{"type":"Point","coordinates":[121.534963,25.041215]}},{"type":"Feature","properties":{"id":"osm:node:10037456269","name":"毒水製茶","category":"cafe","cuisine":"bubble_tea"},"geometry":{"type":"Point","coordinates":[121.491219,25.052733]}},{"type":"Feature","properties":{"id":"osm:node:10037456274","name":"好了啦超大杯","category":"cafe","cuisine":"bubble_tea"},"geometry":{"type":"Point","coordinates":[121.490915,25.05289]}},{"type":"Feature","properties":{"id":"osm:node:10037504975","name":"交心茶","category":"cafe","cuisine":"bubble_tea"},"geometry":{"type":"Point","coordinates":[121.490587,25.053405]}},{"type":"Feature","properties":{"id":"osm:node:10049206250","name":"抿茶 min cha","category":"cafe","cuisine":"bubble_tea","opening_hours":"Mo-Fr 11:00-20:00; Sa-Su 11:30-20:00"},"geometry":{"type":"Point","coordinates":[121.52137,25.051424]}},{"type":"Feature","properties":{"id":"osm:node:10049206252","name":"青山","category":"cafe","name_en":"Peak Tea","cuisine":"bubble_tea","opening_hours":"11:00-22:00"},"geometry":{"type":"Point","coordinates":[121.521549,25.051526]}},{"type":"Feature","properties":{"id":"osm:node:10049206253","name":"可不可熟成紅茶","category":"cafe","name_en":"Kebuke","cuisine":"bubble_tea","brand":"可不可熟成紅茶","opening_hours":"10:00-22:00"},"geometry":{"type":"Point","coordinates":[121.521506,25.051561]}},{"type":"Feature","properties":{"id":"osm:node:10062964739","name":"Pure Juice","category":"cafe","cuisine":"bubble_tea"},"geometry":{"type":"Point","coordinates":[121.510771,25.042292]}},{"type":"Feature","properties":{"id":"osm:node:10074309521","name":"露易莎咖啡","category":"cafe","cuisine":"burger;咖啡"},"geometry":{"type":"Point","coordinates":[121.457851,25.01022]}},{"type":"Feature","properties":{"id":"osm:node:10076726199","name":"再睡五分鐘","category":"cafe","name_en":"Nap Tea","cuisine":"bubble_tea","brand":"再睡五分鐘"},"geometry":{"type":"Point","coordinates":[121.515044,25.056873]}},{"type":"Feature","properties":{"id":"osm:node:10087232676","name":"% Arabica","category":"cafe","cuisine":"coffee_shop","brand":"% Arabica"},"geometry":{"type":"Point","coordinates":[121.570705,25.027242]}},{"type":"Feature","properties":{"id":"osm:node:10125449110","name":"After 5 and Later","category":"cafe"},"geometry":{"type":"Point","coordinates":[121.524025,25.05622]}},{"type":"Feature","properties":{"id":"osm:node:10125619547","name":"GO GO GEESAA","category":"cafe"},"geometry":{"type":"Point","coordinates":[121.574869,25.07772]}},{"type":"Feature","properties":{"id":"osm:node:10139274745","name":"田野咖啡","category":"cafe","name_en":"Tian Ye Coffee","cuisine":"coffee_shop","opening_hours":"Mo-Su 10:00-17:00"},"geometry":{"type":"Point","coordinates":[121.600276,25.05445]}},{"type":"Feature","properties":{"id":"osm:node:10156051672","name":"植蘊Planté武昌","category":"cafe","cuisine":"bubble_tea","opening_hours":"Mo-Su 09:00-20:00"},"geometry":{"type":"Point","coordinates":[121.512503,25.04387]}},{"type":"Feature","properties":{"id":"osm:node:1015797103","name":"聖娜多堡咖啡","category":"cafe"},"geometry":{"type":"Point","coordinates":[121.500498,25.035647]}},{"type":"Feature","properties":{"id":"osm:node:10161164605","name":"壹咖啡","category":"cafe"},"geometry":{"type":"Point","coordinates":[121.513427,25.046089]}},{"type":"Feature","properties":{"id":"osm:node:10161164607","name":"三田家","category":"cafe","cuisine":"bubble_tea"},"geometry":{"type":"Point","coordinates":[121.513519,25.046087]}},{"type":"Feature","properties":{"id":"osm:node:10161164610","name":"上宇林連鎖茶飲","category":"cafe","cuisine":"bubble_tea","brand":"上宇林"},"geometry":{"type":"Point","coordinates":[121.513717,25.046073]}},{"type":"Feature","properties":{"id":"osm:node:10161164613","name":"可不可熟成紅茶","category":"cafe","name_en":"Kebuke","cuisine":"bubble_tea","brand":"可不可熟成紅茶"},"geometry":{"type":"Point","coordinates":[121.51386,25.046086]}},{"type":"Feature","properties":{"id":"osm:node:10161164616","name":"羊毛與花 咖啡小酒館","category":"cafe","name_en":"Youmou To Ohana Coffee"},"geometry":{"type":"Point","coordinates":[121.522269,25.053211]}},{"type":"Feature","properties":{"id":"osm:node:10161168317","name":"老茶人","category":"cafe","opening_hours":"Mo-Su 11:00-23:00"},"geometry":{"type":"Point","coordinates":[121.528207,25.022134]}},{"type":"Feature","properties":{"id":"osm:node:10177513418","name":"路易莎咖啡","category":"cafe","name_en":"Louisa Coffee","cuisine":"coffee_shop","brand":"路易莎咖啡"},"geometry":{"type":"Point","coordinates":[121.512784,25.042739]}},{"type":"Feature","properties":{"id":"osm:node:10177679391","name":"Kiosk","category":"cafe"},"geometry":{"type":"Point","coordinates":[121.531274,25.046401]}},{"type":"Feature","properties":{"id":"osm:node:10177679392","name":"羊毛與花 ‧ 華山","category":"cafe","name_en":"youmoutoohana Coffee"},"geometry":{"type":"Point","coordinates":[121.530558,25.046398]}},{"type":"Feature","properties":{"id":"osm:node:10180083917","name":"COMEBUY","category":"cafe","cuisine":"bubble_tea","opening_hours":"11:00-22:00; Fr-Sa 11:00-22:30"},"geometry":{"type":"Point","coordinates":[121.508316,25.043721]}},{"type":"Feature","properties":{"id":"osm:node:10185290573","name":"烏弄原生茶飲","category":"cafe","name_en":"UNOCHA Technology Building Shop","cuisine":"bubble_tea","opening_hours":"Mo-Su 10:00-22:00"},"geometry":{"type":"Point","coordinates":[121.544866,25.024962]}},{"type":"Feature","properties":{"id":"osm:node:10225475437","name":"錦院咖啡","category":"cafe"},"geometry":{"type":"Point","coordinates":[121.55245,25.047988]}},{"type":"Feature","properties":{"id":"osm:node:10226938268","name":"路易莎咖啡","category":"cafe","name_en":"Louisa Coffee","cuisine":"coffee_shop","brand":"路易莎咖啡"},"geometry":{"type":"Point","coordinates":[121.547911,25.028052]}},{"type":"Feature","properties":{"id":"osm:node:10247965809","name":"晨露","category":"cafe","name_en":"Little droplet","cuisine":"coffee_shop","opening_hours":"Mo-Fr 08:30-17:00; Sa-Su 10:00-17:00"},"geometry":{"type":"Point","coordinates":[121.565555,25.049721]}},{"type":"Feature","properties":{"id":"osm:node:10250167550","name":"Mimosa","category":"cafe"},"geometry":{"type":"Point","coordinates":[121.479465,25.016897]}},{"type":"Feature","properties":{"id":"osm:node:10255129310","name":"Supranormal Bakery Cafe","category":"cafe","name_en":"Supranormal Bakery Cafe","opening_hours":"Mo-Fr 07:00-16:00; Sa-Su 07:00-16:30"},"geometry":{"type":"Point","coordinates":[121.530622,25.119631]}},{"type":"Feature","properties":{"id":"osm:node:10268953141","name":"紅茶洋行","category":"cafe","cuisine":"bubble_tea"},"geometry":{"type":"Point","coordinates":[121.481519,25.019876]}},{"type":"Feature","properties":{"id":"osm:node:10271125783","name":"黛黛茶","category":"cafe","cuisine":"bubble_tea"},"geometry":{"type":"Point","coordinates":[121.479354,25.01518]}},{"type":"Feature","properties":{"id":"osm:node:10297663909","name":"忠孝復興店","category":"cafe","name_en":"Dreamers Coffee Roasters","cuisine":"breakfast;coffee_shop","opening_hours":"Mo-Su 07:00-21:30"},"geometry":{"type":"Point","coordinates":[121.54469,25.042723]}},{"type":"Feature","properties":{"id":"osm:node:10303874152","name":"Primaroma","category":"cafe","cuisine":"coffee_shop"},"geometry":{"type":"Point","coordinates":[121.544278,25.052874]}},{"type":"Feature","properties":{"id":"osm:node:10310131232","name":"羅賓咖啡","category":"cafe","name_en":"Raw Bean Roaster","cuisine":"coffee_shop","opening_hours":"Mo-Su 11:00-18:00"},"geometry":{"type":"Point","coordinates":[121.524879,25.06442]}},{"type":"Feature","properties":{"id":"osm:node:10314208877","name":"迷客夏","category":"cafe","name_en":"Milkshop","cuisine":"bubble_tea","brand":"迷客夏"},"geometry":{"type":"Point","coordinates":[121.51218,24.961426]}},{"type":"Feature","properties":{"id":"osm:node:10316007587","name":"路易莎咖啡","category":"cafe","name_en":"Louisa Coffee","cuisine":"coffee_shop","brand":"路易莎咖啡"},"geometry":{"type":"Point","coordinates":[121.545694,25.052787]}},{"type":"Feature","properties":{"id":"osm:node:10564349073","name":"抹茶王子","category":"cafe","name_en":"Matcha Prince"},"geometry":{"type":"Point","coordinates":[121.508611,25.038467]}},{"type":"Feature","properties":{"id":"osm:node:10569226120","name":"Simple Kaffa","category":"cafe","cuisine":"coffee_shop"},"geometry":{"type":"Point","coordinates":[121.52638,25.030308]}},{"type":"Feature","properties":{"id":"osm:node:10652170186","name":"甜柚籽","category":"cafe","cuisine":"bubble_tea"},"geometry":{"type":"Point","coordinates":[121.551277,25.040727]}},{"type":"Feature","properties":{"id":"osm:node:10652170191","name":"續咖啡洋食館","category":"cafe"},"geometry":{"type":"Point","coordinates":[121.55013,25.040977]}},{"type":"Feature","properties":{"id":"osm:node:10675699621","name":"Curista Coffee 奎士咖啡","category":"cafe","opening_hours":"Mo-Su 08:00-20:30"},"geometry":{"type":"Point","coordinates":[121.564053,25.041467]}},{"type":"Feature","properties":{"id":"osm:node:10675829369","name":"珍煮丹","category":"cafe","name_en":"Truedan","cuisine":"bubble_tea","brand":"珍煮丹"},"geometry":{"type":"Point","coordinates":[121.565516,25.041431]}},{"type":"Feature","properties":{"id":"osm:node:10677615105","name":"HITOKUCHI COFFEE","category":"cafe","opening_hours":"Th-Tu 09:00-18:00"},"geometry":{"type":"Point","coordinates":[121.517518,25.013773]}},{"type":"Feature","properties":{"id":"osm:node:10679742705","name":"圈外咖啡專門店 Kengai coffea","category":"cafe","name_en":"Kengai Coffea","cuisine":"coffee_shop","opening_hours":"Mo-Su 10:00-22:00"},"geometry":{"type":"Point","coordinates":[121.514018,25.000149]}},{"type":"Feature","properties":{"id":"osm:node:10680156309","name":"怡客咖啡","category":"cafe"},"geometry":{"type":"Point","coordinates":[121.562488,25.040543]}},{"type":"Feature","properties":{"id":"osm:node:10680156328","name":"路易莎咖啡","category":"cafe","name_en":"Louisa Coffee","cuisine":"coffee_shop","brand":"路易莎咖啡"},"geometry":{"type":"Point","coordinates":[121.562201,25.040552]}},{"type":"Feature","properties":{"id":"osm:node:10685028270","name":"SAKImoto Bakery","category":"cafe"},"geometry":{"type":"Point","coordinates":[121.56563,25.042082]}},{"type":"Feature","properties":{"id":"osm:node:10685052838","name":"一心豪飲","category":"cafe","cuisine":"bubble_tea"},"geometry":{"type":"Point","coordinates":[121.566042,25.042234]}},{"type":"Feature","properties":{"id":"osm:node:10687359105","name":"國家攝影文化中心門市","category":"cafe","name_en":"COFFEE TO","opening_hours":"Mo-Su 08:00-19:00"},"geometry":{"type":"Point","coordinates":[121.514459,25.046719]}},{"type":"Feature","properties":{"id":"osm:node:10699027964","name":"拾汣茶屋","category":"cafe","name_en":"19 Tea House","cuisine":"bubble_tea","opening_hours":"10:00-20:00"},"geometry":{"type":"Point","coordinates":[121.566982,25.082548]}},{"type":"Feature","properties":{"id":"osm:node:10718342790","name":"麻古","category":"cafe","cuisine":"bubble_tea"},"geometry":{"type":"Point","coordinates":[121.612761,25.055697]}},{"type":"Feature","properties":{"id":"osm:node:10718342791","name":"約翰紅茶","category":"cafe","cuisine":"bubble_tea"},"geometry":{"type":"Point","coordinates":[121.612826,25.055675]}},{"type":"Feature","properties":{"id":"osm:node:10718342792","name":"得正","category":"cafe","cuisine":"bubble_tea"},"geometry":{"type":"Point","coordinates":[121.613566,25.055485]}},{"type":"Feature","properties":{"id":"osm:node:10719155910","name":"可不可熟成紅茶","category":"cafe","name_en":"Kebuke","cuisine":"bubble_tea","brand":"可不可熟成紅茶","opening_hours":"Mo-Su 11:00-23:00"},"geometry":{"type":"Point","coordinates":[121.474946,25.005876]}},{"type":"Feature","properties":{"id":"osm:node:10720229135","name":"星巴克","category":"cafe","name_en":"Starbucks","cuisine":"coffee_shop","brand":"星巴克","opening_hours":"Mo-Su 11:00-22:00"},"geometry":{"type":"Point","coordinates":[121.467006,25.01389]}},{"type":"Feature","properties":{"id":"osm:node:10721743372","name":"路易莎咖啡","category":"cafe","name_en":"Louisa Coffee","cuisine":"coffee_shop","brand":"路易莎咖啡"},"geometry":{"type":"Point","coordinates":[121.580297,25.050443]}},{"type":"Feature","properties":{"id":"osm:node:10731809590","name":"CoCo都可","category":"cafe","name_en":"CoCo Fresh Tea & Juice","cuisine":"bubble_tea","brand":"CoCo都可"},"geometry":{"type":"Point","coordinates":[121.471741,25.008336]}},{"type":"Feature","properties":{"id":"osm:node:10740532282","name":"生活在他方","category":"cafe"},"geometry":{"type":"Point","coordinates":[121.515589,25.029322]}},{"type":"Feature","properties":{"id":"osm:node:10752479275","name":"幸福堂","category":"cafe","name_en":"Xing Fu Tang","cuisine":"bubble_tea","brand":"幸福堂"},"geometry":{"type":"Point","coordinates":[121.507343,25.043353]}},{"type":"Feature","properties":{"id":"osm:node:10755668557","name":"Come Buy","category":"cafe","cuisine":"bubble_tea"},"geometry":{"type":"Point","coordinates":[121.507409,25.044378]}},{"type":"Feature","properties":{"id":"osm:node:10758341846","name":"功夫茶","category":"cafe","cuisine":"bubble_tea"},"geometry":{"type":"Point","coordinates":[121.50842,25.043984]}},{"type":"Feature","properties":{"id":"osm:node:10778974562","name":"穀嶼","category":"cafe","opening_hours":"Fr-Su 11:30-17:00"},"geometry":{"type":"Point","coordinates":[121.52439,25.10697]}},{"type":"Feature","properties":{"id":"osm:node:10792446966","name":"清心福全","category":"cafe","name_en":"Ching Shin","cuisine":"bubble_tea","brand":"清心福全"},"geometry":{"type":"Point","coordinates":[121.506822,25.043797]}},{"type":"Feature","properties":{"id":"osm:node:10796722049","name":"COFFEE LAW","category":"cafe","cuisine":"coffee_shop"},"geometry":{"type":"Point","coordinates":[121.549757,25.044042]}},{"type":"Feature","properties":{"id":"osm:node:10801354593","name":"S&D Coffee","category":"cafe"},"geometry":{"type":"Point","coordinates":[121.573568,25.08176]}},{"type":"Feature","properties":{"id":"osm:node:10811426474","name":"無飲","category":"cafe","cuisine":"bubble_tea","opening_hours":"Mo-Sa 11:00-21:30; Su 11:00-19:30"},"geometry":{"type":"Point","coordinates":[121.523397,25.050637]}},{"type":"Feature","properties":{"id":"osm:node:1081855291","name":"伯朗咖啡","category":"cafe","name_en":"Mr. Brown coffee","opening_hours":"Mo-Fr 07:30-21:30; Sa-Su 07:30-21:00; PH 07:30-21:00"},"geometry":{"type":"Point","coordinates":[121.535247,25.041742]}},{"type":"Feature","properties":{"id":"osm:node:10826522735","name":"M17 cafe & lab 中途貓咪咖啡館實驗室","category":"cafe","cuisine":"coffee_shop;dessert","opening_hours":"Mo-Su 12:00-20:00"},"geometry":{"type":"Point","coordinates":[121.547212,25.036476]}},{"type":"Feature","properties":{"id":"osm:node:10834268277","name":"CoCo都可","category":"cafe","name_en":"CoCo Fresh Tea & Juice","cuisine":"bubble_tea","brand":"CoCo都可"},"geometry":{"type":"Point","coordinates":[121.518988,25.048161]}},{"type":"Feature","properties":{"id":"osm:node:10917797647","name":"1996 台灣茶葉飲品專賣店","category":"cafe","cuisine":"bubble_tea"},"geometry":{"type":"Point","coordinates":[121.518536,25.064073]}},{"type":"Feature","properties":{"id":"osm:node:10933560383","name":"加園咖啡","category":"cafe","name_en":"Homeland Coffee","cuisine":"coffee_shop"},"geometry":{"type":"Point","coordinates":[121.498494,25.024828]}},{"type":"Feature","properties":{"id":"osm:node:10975617606","name":"Matcha One","category":"cafe","name_en":"Matcha One"},"geometry":{"type":"Point","coordinates":[121.528459,25.041486]}},{"type":"Feature","properties":{"id":"osm:node:10975632505","name":"春水堂人文茶館","category":"cafe","name_en":"Chun Shui Tang","cuisine":"bubble_tea","brand":"春水堂人文茶館"},"geometry":{"type":"Point","coordinates":[121.55417,25.08419]}},{"type":"Feature","properties":{"id":"osm:node:10976174517","name":"Twin Brothers Coffee","category":"cafe","cuisine":"coffee_shop"},"geometry":{"type":"Point","coordinates":[121.51791,25.049718]}},{"type":"Feature","properties":{"id":"osm:node:10976424993","name":"路易莎咖啡","category":"cafe","name_en":"Louisa Coffee","cuisine":"coffee_shop","brand":"路易莎咖啡"},"geometry":{"type":"Point","coordinates":[121.517746,25.049757]}},{"type":"Feature","properties":{"id":"osm:node:10996681072","name":"Chang Yang","category":"cafe"},"geometry":{"type":"Point","coordinates":[121.537242,25.07866]}},{"type":"Feature","properties":{"id":"osm:node:11004819573","name":"得正","category":"cafe","cuisine":"bubble_tea"},"geometry":{"type":"Point","coordinates":[121.463895,25.010701]}},{"type":"Feature","properties":{"id":"osm:node:11043977915","name":"A' DIMA Café","category":"cafe"},"geometry":{"type":"Point","coordinates":[121.472602,25.014989]}},{"type":"Feature","properties":{"id":"osm:node:11061673339","name":"山焙","category":"cafe","name_en":"SUNBAY TEA BREW","cuisine":"bubble_tea"},"geometry":{"type":"Point","coordinates":[121.461079,25.007701]}},{"type":"Feature","properties":{"id":"osm:node:11061673340","name":"路易莎咖啡","category":"cafe","name_en":"Louisa Coffee","cuisine":"coffee_shop","brand":"路易莎咖啡","opening_hours":"Mo-Su 07:00-21:00"},"geometry":{"type":"Point","coordinates":[121.461216,25.00763]}},{"type":"Feature","properties":{"id":"osm:node:11061673346","name":"萬波島嶼紅茶","category":"cafe","cuisine":"bubble_tea"},"geometry":{"type":"Point","coordinates":[121.461243,25.00761]}},{"type":"Feature","properties":{"id":"osm:node:11061673347","name":"COMEBUY","category":"cafe","cuisine":"bubble_tea"},"geometry":{"type":"Point","coordinates":[121.461291,25.007578]}},{"type":"Feature","properties":{"id":"osm:node:11061673348","name":"發發","category":"cafe","name_en":"The Far Far Farm","cuisine":"bubble_tea","brand":"發發","opening_hours":"Mo-Fr 10:00-22:00; Sa-Su 11:00-22:00"},"geometry":{"type":"Point","coordinates":[121.461324,25.007566]}},{"type":"Feature","properties":{"id":"osm:node:11070409309","name":"蒔嚐喫咖啡","category":"cafe","name_en":"Often Cafe","cuisine":"coffee_shop","opening_hours":"Tu-Su 11:00-20:30"},"geometry":{"type":"Point","coordinates":[121.466449,25.023111]}},{"type":"Feature","properties":{"id":"osm:node:11076757410","name":"丹家暢堤咖啡","category":"cafe","cuisine":"coffee_shop"},"geometry":{"type":"Point","coordinates":[121.578488,25.074362]}},{"type":"Feature","properties":{"id":"osm:node:11078038046","name":"Mr. Brown 伯朗咖啡館","category":"cafe","name_en":"Mr. Brown Café","cuisine":"coffee_shop","brand":"Mr. Brown 伯朗咖啡館"},"geometry":{"type":"Point","coordinates":[121.532978,25.061197]}},{"type":"Feature","properties":{"id":"osm:node:11079226544","name":"朗咖啡館","category":"cafe","name_en":"Mr. Brown Café","cuisine":"coffee_shop","brand":"Mr. Brown 伯朗咖啡館","opening_hours":"Mo-Su 08:00-19:00"},"geometry":{"type":"Point","coordinates":[121.521953,25.064072]}},{"type":"Feature","properties":{"id":"osm:node:11096920819","name":"cama café","category":"cafe","cuisine":"coffee_shop","opening_hours":"Mo-Fr 07:30-19:00; Sa-Su 08:00-18:00"},"geometry":{"type":"Point","coordinates":[121.475584,25.012331]}},{"type":"Feature","properties":{"id":"osm:node:11096920823","name":"康青龍","category":"cafe","cuisine":"bubble_tea"},"geometry":{"type":"Point","coordinates":[121.475341,25.012471]}},{"type":"Feature","properties":{"id":"osm:node:11096920829","name":"解渴","category":"cafe","cuisine":"bubble_tea"},"geometry":{"type":"Point","coordinates":[121.474802,25.012173]}},{"type":"Feature","properties":{"id":"osm:node:11141086488","name":"星巴克","category":"cafe","name_en":"Starbucks","cuisine":"coffee_shop","brand":"星巴克","opening_hours":"Mo-Sa 07:00-21:30; Su 07:30-21:30"},"geometry":{"type":"Point","coordinates":[121.468941,25.023489]}},{"type":"Feature","properties":{"id":"osm:node:11152488180","name":"一間咖啡","category":"cafe"},"geometry":{"type":"Point","coordinates":[121.511297,25.043186]}},{"type":"Feature","properties":{"id":"osm:node:1115759434","name":"內湖101花草茶棧","category":"cafe"},"geometry":{"type":"Point","coordinates":[121.582783,25.102888]}},{"type":"Feature","properties":{"id":"osm:node:1115760285","name":"sky coffee","category":"cafe"},"geometry":{"type":"Point","coordinates":[121.580698,25.103558]}},{"type":"Feature","properties":{"id":"osm:node:11214926867","name":"Two Shots","category":"cafe","name_en":"Two Shots","cuisine":"coffee_shop"},"geometry":{"type":"Point","coordinates":[121.530112,25.019144]}},{"type":"Feature","properties":{"id":"osm:node:11233541692","name":"143 POLARIS","category":"cafe","cuisine":"coffee_shop"},"geometry":{"type":"Point","coordinates":[121.511934,25.053403]}},{"type":"Feature","properties":{"id":"osm:node:11243785217","name":"路易莎咖啡","category":"cafe","name_en":"Louisa Coffee","cuisine":"coffee_shop","brand":"路易莎咖啡","opening_hours":"Mo-Su 07:00-21:00"},"geometry":{"type":"Point","coordinates":[121.515933,25.032175]}},{"type":"Feature","properties":{"id":"osm:node:11247787062","name":"喜悅研磨咖啡","category":"cafe","cuisine":"coffee_shop","opening_hours":"Mo-Fr 06:00-13:30; Sa 06:00-12:00"},"geometry":{"type":"Point","coordinates":[121.507911,25.035542]}},{"type":"Feature","properties":{"id":"osm:node:11250932803","name":"凝視．咖啡","category":"cafe","name_en":"Gaze Cafe","cuisine":"coffee_shop"},"geometry":{"type":"Point","coordinates":[121.504322,25.036397]}},{"type":"Feature","properties":{"id":"osm:node:11254397591","name":"路易莎咖啡","category":"cafe","name_en":"Louisa Coffee","cuisine":"coffee_shop","brand":"路易莎咖啡","opening_hours":"Mo-Su 07:00-21:00"},"geometry":{"type":"Point","coordinates":[121.616124,25.052982]}},{"type":"Feature","properties":{"id":"osm:node:11256548842","name":"Instil Coffee","category":"cafe","cuisine":"coffee_shop"},"geometry":{"type":"Point","coordinates":[121.51832,25.052152]}},{"type":"Feature","properties":{"id":"osm:node:11257656151","name":"爛醉咖啡","category":"cafe","cuisine":"coffee_shop","opening_hours":"12:00-23:30"},"geometry":{"type":"Point","coordinates":[121.556063,25.043446]}},{"type":"Feature","properties":{"id":"osm:node:11264965816","name":"50嵐","category":"cafe","name_en":"50 Lan","cuisine":"bubble_tea","brand":"50嵐"},"geometry":{"type":"Point","coordinates":[121.544457,24.969836]}},{"type":"Feature","properties":{"id":"osm:node:11271702532","name":"路易莎咖啡","category":"cafe","name_en":"Louisa Coffee","cuisine":"coffee_shop","brand":"路易莎咖啡","opening_hours":"Mo-Su 07:30-20:00"},"geometry":{"type":"Point","coordinates":[121.523748,25.025665]}},{"type":"Feature","properties":{"id":"osm:node:11276987645","name":"馬世特","category":"cafe"},"geometry":{"type":"Point","coordinates":[121.516395,25.044232]}},{"type":"Feature","properties":{"id":"osm:node:11294014326","name":"Two Shots","category":"cafe"},"geometry":{"type":"Point","coordinates":[121.527728,25.033811]}},{"type":"Feature","properties":{"id":"osm:node:11294039990","name":"Dreamers","category":"cafe","opening_hours":"Mo-Su 07:00-21:30"},"geometry":{"type":"Point","coordinates":[121.530586,25.033411]}},{"type":"Feature","properties":{"id":"osm:node:11294041163","name":"Peter Better","category":"cafe"},"geometry":{"type":"Point","coordinates":[121.527672,25.033797]}},{"type":"Feature","properties":{"id":"osm:node:11299163763","name":"Backer House","category":"cafe"},"geometry":{"type":"Point","coordinates":[121.509748,25.058355]}},{"type":"Feature","properties":{"id":"osm:node:11299185771","name":"Anita's Life Cafe","category":"cafe"},"geometry":{"type":"Point","coordinates":[121.509279,25.061884]}},{"type":"Feature","properties":{"id":"osm:node:11307888019","name":"路易莎咖啡","category":"cafe","name_en":"Louisa Coffee","cuisine":"coffee_shop","brand":"路易莎咖啡"},"geometry":{"type":"Point","coordinates":[121.531959,25.123166]}},{"type":"Feature","properties":{"id":"osm:node:11309203702","name":"Nemo","category":"cafe","cuisine":"coffee_shop"},"geometry":{"type":"Point","coordinates":[121.557967,25.052704]}},{"type":"Feature","properties":{"id":"osm:node:11309203703","name":"Kingmauii","category":"cafe"},"geometry":{"type":"Point","coordinates":[121.553556,25.052109]}},{"type":"Feature","properties":{"id":"osm:node:11309203707","name":"Nana Coffee","category":"cafe"},"geometry":{"type":"Point","coordinates":[121.542163,25.0441]}},{"type":"Feature","properties":{"id":"osm:node:11309203708","name":"豆香坊咖啡","category":"cafe"},"geometry":{"type":"Point","coordinates":[121.557987,25.05294]}},{"type":"Feature","properties":{"id":"osm:node:11309203713","name":"Arrival","category":"cafe"},"geometry":{"type":"Point","coordinates":[121.5542,25.05233]}},{"type":"Feature","properties":{"id":"osm:node:11309203714","name":"Café Roi","category":"cafe"},"geometry":{"type":"Point","coordinates":[121.552723,25.05221]}},{"type":"Feature","properties":{"id":"osm:node:11309203717","name":"The Gathering Café","category":"cafe"},"geometry":{"type":"Point","coordinates":[121.552977,25.052328]}},{"type":"Feature","properties":{"id":"osm:node:11309203722","name":"Sunny Heart Coffee","category":"cafe"},"geometry":{"type":"Point","coordinates":[121.541375,25.042915]}},{"type":"Feature","properties":{"id":"osm:node:11311408364","name":"Café Gugu","category":"cafe"},"geometry":{"type":"Point","coordinates":[121.526209,25.040445]}},{"type":"Feature","properties":{"id":"osm:node:11311415372","name":"路易莎咖啡","category":"cafe","name_en":"Louisa Coffee","cuisine":"coffee_shop","brand":"路易莎咖啡"},"geometry":{"type":"Point","coordinates":[121.529324,25.042382]}},{"type":"Feature","properties":{"id":"osm:node:11311415377","name":"臺北酒精交易所","category":"cafe","name_en":"Taipei Alcohol Exchange Kaffe"},"geometry":{"type":"Point","coordinates":[121.528328,25.04261]}},{"type":"Feature","properties":{"id":"osm:node:11311415379","name":"演咖啡","category":"cafe"},"geometry":{"type":"Point","coordinates":[121.521583,25.061105]}},{"type":"Feature","properties":{"id":"osm:node:11359761099","name":"Fujin Tree Café","category":"cafe"},"geometry":{"type":"Point","coordinates":[121.557842,25.06059]}},{"type":"Feature","properties":{"id":"osm:node:11378647767","name":"MK","category":"cafe","cuisine":"coffee_shop","opening_hours":"Tu-Sa 09:30-17:30, Sa,Su 13:30-17:30"},"geometry":{"type":"Point","coordinates":[121.568885,25.044893]}},{"type":"Feature","properties":{"id":"osm:node:11380919227","name":"珈琲 寶山","category":"cafe","cuisine":"coffee_shop;cake;dessert"},"geometry":{"type":"Point","coordinates":[121.520522,25.05001]}},{"type":"Feature","properties":{"id":"osm:node:11389231250","name":"Jar Pâtisserie","category":"cafe"},"geometry":{"type":"Point","coordinates":[121.534253,25.051042]}},{"type":"Feature","properties":{"id":"osm:node:11389231252","name":"占士邦","category":"cafe"},"geometry":{"type":"Point","coordinates":[121.534071,25.051051]}},{"type":"Feature","properties":{"id":"osm:node:11390928036","name":"50嵐","category":"cafe","name_en":"50 Lan","cuisine":"bubble_tea","brand":"50嵐"},"geometry":{"type":"Point","coordinates":[121.493945,25.026477]}},{"type":"Feature","properties":{"id":"osm:node:11390928046","name":"七盞茶","category":"cafe","cuisine":"bubble_tea","opening_hours":"Mo-Su 10:00-23:00"},"geometry":{"type":"Point","coordinates":[121.493929,25.026814]}},{"type":"Feature","properties":{"id":"osm:node:11393324265","name":"Together Café","category":"cafe"},"geometry":{"type":"Point","coordinates":[121.460057,25.01102]}},{"type":"Feature","properties":{"id":"osm:node:11407270269","name":"路易莎咖啡","category":"cafe","name_en":"Louisa Coffee","cuisine":"coffee_shop","brand":"路易莎咖啡"},"geometry":{"type":"Point","coordinates":[121.574679,25.060284]}},{"type":"Feature","properties":{"id":"osm:node:11413955777","name":"路易莎咖啡","category":"cafe","name_en":"Louisa Coffee","cuisine":"coffee_shop","brand":"路易莎咖啡","opening_hours":"Mo-Fr 07:00-16:00; Sa 08:00-16:00; Su off"},"geometry":{"type":"Point","coordinates":[121.564736,25.042024]}},{"type":"Feature","properties":{"id":"osm:node:11413972990","name":"Peter Better Cafe","category":"cafe","cuisine":"coffee_shop"},"geometry":{"type":"Point","coordinates":[121.564759,25.042063]}},{"type":"Feature","properties":{"id":"osm:node:11415760491","name":"星巴克","category":"cafe","name_en":"Starbucks","cuisine":"coffee_shop","brand":"星巴克","opening_hours":"Mo-Fr 07:00-18:00"},"geometry":{"type":"Point","coordinates":[121.566132,25.048029]}},{"type":"Feature","properties":{"id":"osm:node:11433316993","name":"Cuppa Cuppa","category":"cafe","cuisine":"coffee_shop"},"geometry":{"type":"Point","coordinates":[121.56373,25.04205]}},{"type":"Feature","properties":{"id":"osm:node:11462747551","name":"町咖啡","category":"cafe","name_en":"Block & Cafe","opening_hours":"Mo-Su 08:00-03:00"},"geometry":{"type":"Point","coordinates":[121.515204,25.050845]}},{"type":"Feature","properties":{"id":"osm:node:11462987117","name":"茶聚","category":"cafe","cuisine":"bubble_tea","opening_hours":"Mo-Su 10:30-21:00"},"geometry":{"type":"Point","coordinates":[121.515323,25.051414]}},{"type":"Feature","properties":{"id":"osm:node:11493126149","name":"烏弄","category":"cafe","cuisine":"bubble_tea"},"geometry":{"type":"Point","coordinates":[121.542222,25.048653]}},{"type":"Feature","properties":{"id":"osm:node:11496693138","name":"現榨果汁","category":"cafe","cuisine":"bubble_tea"},"geometry":{"type":"Point","coordinates":[121.616027,25.044607]}},{"type":"Feature","properties":{"id":"osm:node:11503480987","name":"久癮咖啡 Join Cafe","category":"cafe"},"geometry":{"type":"Point","coordinates":[121.472331,25.028342]}},{"type":"Feature","properties":{"id":"osm:node:11510555466","name":"cafe Notte","category":"cafe"},"geometry":{"type":"Point","coordinates":[121.47229,25.028898]}},{"type":"Feature","properties":{"id":"osm:node:11524112083","name":"TA Coffee","category":"cafe","cuisine":"coffee_shop","opening_hours":"08:00-16:00"},"geometry":{"type":"Point","coordinates":[121.572702,25.043365]}},{"type":"Feature","properties":{"id":"osm:node:11536239511","name":"鴿子茶飲","category":"cafe","cuisine":"bubble_tea"},"geometry":{"type":"Point","coordinates":[121.494017,25.026721]}},{"type":"Feature","properties":{"id":"osm:node:11555970197","name":"街咖啡","category":"cafe"},"geometry":{"type":"Point","coordinates":[121.510269,25.052153]}},{"type":"Feature","properties":{"id":"osm:node:11555970218","name":"咖啡思美妲","category":"cafe"},"geometry":{"type":"Point","coordinates":[121.508917,25.053976]}},{"type":"Feature","properties":{"id":"osm:node:11555970224","name":"小樽咖啡","category":"cafe"},"geometry":{"type":"Point","coordinates":[121.510017,25.054514]}},{"type":"Feature","properties":{"id":"osm:node:11555970225","name":"清心福全","category":"cafe","name_en":"Ching Shin","cuisine":"bubble_tea","brand":"清心福全"},"geometry":{"type":"Point","coordinates":[121.510563,25.05432]}},{"type":"Feature","properties":{"id":"osm:node:11555970228","name":"嶌日咖啡","category":"cafe"},"geometry":{"type":"Point","coordinates":[121.510585,25.054369]}},{"type":"Feature","properties":{"id":"osm:node:11555970229","name":"琢磨咖啡","category":"cafe"},"geometry":{"type":"Point","coordinates":[121.510372,25.054321]}},{"type":"Feature","properties":{"id":"osm:node:11559675945","name":"animate cafe","category":"cafe","name_en":"animate cafe","opening_hours":"Mo-Su 12:00-20:00"},"geometry":{"type":"Point","coordinates":[121.509751,25.045414]}},{"type":"Feature","properties":{"id":"osm:node:11594150349","name":"功夫茶 KUNGFUTEA","category":"cafe","cuisine":"bubble_tea"},"geometry":{"type":"Point","coordinates":[121.467443,24.989914]}},{"type":"Feature","properties":{"id":"osm:node:11594150352","name":"大苑子","category":"cafe","name_en":"DaYung's","cuisine":"bubble_tea","brand":"大苑子"},"geometry":{"type":"Point","coordinates":[121.465938,24.989331]}},{"type":"Feature","properties":{"id":"osm:node:11594150353","name":"清心福全","category":"cafe","name_en":"Ching Shin","cuisine":"bubble_tea","brand":"清心福全"},"geometry":{"type":"Point","coordinates":[121.465894,24.989311]}},{"type":"Feature","properties":{"id":"osm:node:11594150354","name":"鮮茶道","category":"cafe","cuisine":"bubble_tea","brand":"鮮茶道"},"geometry":{"type":"Point","coordinates":[121.465869,24.989107]}},{"type":"Feature","properties":{"id":"osm:node:11612844469","name":"饗旭咖啡","category":"cafe","name_en":"Foliage cafe"},"geometry":{"type":"Point","coordinates":[121.552493,25.020469]}},{"type":"Feature","properties":{"id":"osm:node:11618927870","name":"撒哈拉薰香咖啡館","category":"cafe","name_en":"Sahara Shisha Cafe","opening_hours":"Mo-Su 13:00-23:30"},"geometry":{"type":"Point","coordinates":[121.556216,25.04686]}},{"type":"Feature","properties":{"id":"osm:node:11629614791","name":"Cafe!N","category":"cafe","cuisine":"coffee_shop","opening_hours":"Mo-Fr 07:00-17:00; Sa,Su 08:00-17:00"},"geometry":{"type":"Point","coordinates":[121.563372,25.051175]}},{"type":"Feature","properties":{"id":"osm:node:11639684913","name":"Stand Up","category":"cafe","cuisine":"coffee_shop","opening_hours":"Mo-Tu 11:00-19:30; Th 12:00-17:30; Fr-Su 11:00-17:30"},"geometry":{"type":"Point","coordinates":[121.569156,25.045862]}},{"type":"Feature","properties":{"id":"osm:node:11654992515","name":"Ten thousand","category":"cafe","cuisine":"coffee_shop"},"geometry":{"type":"Point","coordinates":[121.561356,25.044674]}},{"type":"Feature","properties":{"id":"osm:node:11664061174","name":"Black Hole Café","category":"cafe","name_en":"Black Hole Café","opening_hours":"Mo,We-Fr 11:00-20:00; Sa,Su 09:00-18:00"},"geometry":{"type":"Point","coordinates":[121.52947,25.01807]}},{"type":"Feature","properties":{"id":"osm:node:11693466773","name":"Louisa Coffee","category":"cafe","cuisine":"coffee_shop","opening_hours":"Mo-Fr 07:30-18:00; Sa,Su 08:30-18:00"},"geometry":{"type":"Point","coordinates":[121.585186,25.068712]}},{"type":"Feature","properties":{"id":"osm:node:11703556435","name":"龍角","category":"cafe","name_en":"Dragon Horn","cuisine":"bubble_tea","opening_hours":"Mo-Fr 10:30-20:00; Sa-Su 12:00-20:00"},"geometry":{"type":"Point","coordinates":[121.523088,25.057659]}},{"type":"Feature","properties":{"id":"osm:node:11715680062","name":"He Coffee","category":"cafe"},"geometry":{"type":"Point","coordinates":[121.562784,25.050406]}},{"type":"Feature","properties":{"id":"osm:node:11761362389","name":"Gui Ji","category":"cafe","cuisine":"bubble_tea"},"geometry":{"type":"Point","coordinates":[121.524753,25.064831]}},{"type":"Feature","properties":{"id":"osm:node:11761371168","name":"星巴克","category":"cafe","name_en":"Starbucks","cuisine":"coffee_shop","brand":"星巴克"},"geometry":{"type":"Point","coordinates":[121.525544,25.0648]}},{"type":"Feature","properties":{"id":"osm:node:11761376166","name":"Oolong Tea Project","category":"cafe","cuisine":"bubble_tea"},"geometry":{"type":"Point","coordinates":[121.524656,25.064848]}},{"type":"Feature","properties":{"id":"osm:node:11761378270","name":"Like Tea Shop","category":"cafe","cuisine":"bubble_tea"},"geometry":{"type":"Point","coordinates":[121.525386,25.064808]}},{"type":"Feature","properties":{"id":"osm:node:11773856175","name":"路易莎咖啡","category":"cafe","name_en":"Louisa Coffee","cuisine":"coffee_shop","brand":"路易莎咖啡"},"geometry":{"type":"Point","coordinates":[121.487877,25.000112]}},{"type":"Feature","properties":{"id":"osm:node:11774800135","name":"清心福全","category":"cafe","name_en":"Ching Shin","cuisine":"bubble_tea","brand":"清心福全"},"geometry":{"type":"Point","coordinates":[121.515248,25.055352]}},{"type":"Feature","properties":{"id":"osm:node:11775194293","name":"蛙奶ㄟ呷厚拎","category":"cafe","cuisine":"bubble_tea","opening_hours":"Mo-Sa 11:00-23:00"},"geometry":{"type":"Point","coordinates":[121.56333,24.989233]}},{"type":"Feature","properties":{"id":"osm:node:11813554566","name":"TR Lounge 臺鐵南港禮賓室","category":"cafe","name_en":"TR Lounge (Nangang)","brand":"Taiwan Railway","opening_hours":"Mo-Su 09:30-18:00"},"geometry":{"type":"Point","coordinates":[121.607279,25.053044]}},{"type":"Feature","properties":{"id":"osm:node:11815982620","name":"路易莎咖啡","category":"cafe","name_en":"Louisa Coffee","cuisine":"coffee_shop","brand":"路易莎咖啡","opening_hours":"Tu-Sa 08:30-21:00; Su,Mo 08:30-17:00"},"geometry":{"type":"Point","coordinates":[121.455323,25.001601]}},{"type":"Feature","properties":{"id":"osm:node:11870972561","name":"月半咖啡","category":"cafe","cuisine":"coffee_shop","opening_hours":"Mo-Su 11:00-20:00"},"geometry":{"type":"Point","coordinates":[121.531254,25.030317]}},{"type":"Feature","properties":{"id":"osm:node:11873796958","name":"Wooloomooloo Simple Joy","category":"cafe"},"geometry":{"type":"Point","coordinates":[121.532722,25.048837]}},{"type":"Feature","properties":{"id":"osm:node:11882673553","name":"咖啡製造所","category":"cafe","opening_hours":"Mo-Fr 7:30-18:00,Sa-SH, PH 12:30-18:00"},"geometry":{"type":"Point","coordinates":[121.534411,25.053515]}},{"type":"Feature","properties":{"id":"osm:node:11911674730","name":" 半夏生","category":"cafe"},"geometry":{"type":"Point","coordinates":[121.609837,25.072679]}},{"type":"Feature","properties":{"id":"osm:node:11914926403","name":"康青龍","category":"cafe","cuisine":"bubble_tea"},"geometry":{"type":"Point","coordinates":[121.533285,25.053685]}},{"type":"Feature","properties":{"id":"osm:node:11914943490","name":"杯Bay匠茶飲品專賣店","category":"cafe","cuisine":"bubble_tea"},"geometry":{"type":"Point","coordinates":[121.534018,25.054665]}},{"type":"Feature","properties":{"id":"osm:node:11917368999","name":"框旅 咖啡","category":"cafe"},"geometry":{"type":"Point","coordinates":[121.589101,25.085952]}},{"type":"Feature","properties":{"id":"osm:node:11917369001","name":"理茶招待所2.0","category":"cafe","cuisine":"bubble_tea"},"geometry":{"type":"Point","coordinates":[121.521954,25.05457]}},{"type":"Feature","properties":{"id":"osm:node:11939053732","name":"萬象","category":"cafe","name_en":"WANGXINAG","cuisine":"cake;coffee_shop;ice_cream;noodles;tea","opening_hours":"Fr-We 13:30-20:30"},"geometry":{"type":"Point","coordinates":[121.521534,25.023271]}},{"type":"Feature","properties":{"id":"osm:node:11939053733","name":"岸畔咖啡","category":"cafe","name_en":"Kishibe Café","cuisine":"cake;coffee_shop;tea","opening_hours":"Tu-Su 13:00-20:00"},"geometry":{"type":"Point","coordinates":[121.520251,25.021511]}},{"type":"Feature","properties":{"id":"osm:node:11941455069","name":"Koon coffee roasting studio 㒭咖啡淺焙專賣店","category":"cafe","name_en":"Koon coffee roasting studio","cuisine":"coffee_shop","opening_hours":"Tu-Fr 11:00-18:00; Sa-Su 09:00-18:00"},"geometry":{"type":"Point","coordinates":[121.485776,25.053717]}},{"type":"Feature","properties":{"id":"osm:node:11941455079","name":"清心福全","category":"cafe","name_en":"Ching Shin","cuisine":"bubble_tea","brand":"清心福全","opening_hours":"Mo-Su 11:30-22:50"},"geometry":{"type":"Point","coordinates":[121.486805,25.058804]}},{"type":"Feature","properties":{"id":"osm:node:11945587487","name":"Always Day One Cafe","category":"cafe","name_en":"Always Day One Cafe","cuisine":"cake;coffee_shop","opening_hours":"Su-Fr 08:00-17:00; Sa 08:00-18:00"},"geometry":{"type":"Point","coordinates":[121.54536,25.081346]}},{"type":"Feature","properties":{"id":"osm:node:11951303334","name":"小川咖啡 Ogawa Coffee","category":"cafe","name_en":"Ogawa Coffee","opening_hours":"Tu-Sa 10:00-19:00"},"geometry":{"type":"Point","coordinates":[121.575068,24.987667]}},{"type":"Feature","properties":{"id":"osm:node:11967479092","name":"路易莎咖啡","category":"cafe","name_en":"Louisa Coffee","cuisine":"coffee_shop","brand":"路易莎咖啡"},"geometry":{"type":"Point","coordinates":[121.505287,24.994177]}},{"type":"Feature","properties":{"id":"osm:node:11967479093","name":"CAFE IN 硬咖啡","category":"cafe"},"geometry":{"type":"Point","coordinates":[121.505212,24.993902]}},{"type":"Feature","properties":{"id":"osm:node:11967479094","name":"井製茶飲 Hashtea","category":"cafe","cuisine":"bubble_tea"},"geometry":{"type":"Point","coordinates":[121.505241,24.99403]}},{"type":"Feature","properties":{"id":"osm:node:11969524066","name":"客美多咖啡","category":"cafe","name_en":"Komeda Coffee Shop","cuisine":"coffee_shop","brand":"客美多咖啡"},"geometry":{"type":"Point","coordinates":[121.531421,25.015538]}},{"type":"Feature","properties":{"id":"osm:node:11977465985","name":"龜記","category":"cafe","cuisine":"bubble_tea"},"geometry":{"type":"Point","coordinates":[121.531569,25.04447]}},{"type":"Feature","properties":{"id":"osm:node:11983086042","name":"康青龍創意茶飲","category":"cafe","cuisine":"bubble_tea"},"geometry":{"type":"Point","coordinates":[121.505623,24.995424]}},{"type":"Feature","properties":{"id":"osm:node:11983086065","name":"江山野放茶","category":"cafe","cuisine":"bubble_tea"},"geometry":{"type":"Point","coordinates":[121.505296,24.994219]}},{"type":"Feature","properties":{"id":"osm:node:11993246569","name":"胖虎咖啡","category":"cafe","name_en":"PH Coffee Perspective & Hunger","opening_hours":"Mo-Fr 07:30-18:30, Sa 08:30-16:00; Su off"},"geometry":{"type":"Point","coordinates":[121.53595,25.048803]}},{"type":"Feature","properties":{"id":"osm:node:12041431041","name":"艾卡啡商行","category":"cafe","name_en":"iCAFE"},"geometry":{"type":"Point","coordinates":[121.577344,25.077879]}},{"type":"Feature","properties":{"id":"osm:node:12052522098","name":"樂米","category":"cafe","name_en":"La Meet","cuisine":"coffee_shop","opening_hours":"Mo-Fr 10:00-18:00,Sa-Su, PH 11:00-18:00"},"geometry":{"type":"Point","coordinates":[121.529296,25.018046]}},{"type":"Feature","properties":{"id":"osm:node:12070739256","name":"cama café","category":"cafe","cuisine":"coffee_shop","opening_hours":"Mo-Fr 07:30-16:00; Sa,Su 08:00-16:00"},"geometry":{"type":"Point","coordinates":[121.528547,25.025627]}},{"type":"Feature","properties":{"id":"osm:node:12077911531","name":"書香家咖啡","category":"cafe"},"geometry":{"type":"Point","coordinates":[121.513319,25.044832]}},{"type":"Feature","properties":{"id":"osm:node:12077911532","name":"豆遏開心","category":"cafe","cuisine":"bubble_tea"},"geometry":{"type":"Point","coordinates":[121.513318,25.044896]}},{"type":"Feature","properties":{"id":"osm:node:12078001802","name":"Coffee for Life","category":"cafe"},"geometry":{"type":"Point","coordinates":[121.510389,25.041706]}},{"type":"Feature","properties":{"id":"osm:node:12078413706","name":"言文字","category":"cafe"},"geometry":{"type":"Point","coordinates":[121.513997,25.045923]}},{"type":"Feature","properties":{"id":"osm:node:12079643050","name":"甲蟲秘境親子咖啡廳 象山店","category":"cafe","cuisine":"coffee_shop"},"geometry":{"type":"Point","coordinates":[121.569507,25.027047]}},{"type":"Feature","properties":{"id":"osm:node:12083322349","name":"吾悠茶所","category":"cafe","cuisine":"bubble_tea"},"geometry":{"type":"Point","coordinates":[121.513141,25.0464]}},{"type":"Feature","properties":{"id":"osm:node:12095329004","name":"芋頭太郎","category":"cafe"},"geometry":{"type":"Point","coordinates":[121.515391,25.05675]}},{"type":"Feature","properties":{"id":"osm:node:12116562101","name":"鬧蟬咖啡","category":"cafe","name_en":"Now Chance Coffee","cuisine":"cake;coffee_shop","opening_hours":"Mo-Fr 08:00-18:00; Sa-Su 10:30-18:00"},"geometry":{"type":"Point","coordinates":[121.541985,25.05355]}},{"type":"Feature","properties":{"id":"osm:node:12116593902","name":"潮洋行 Cafe","category":"cafe","name_en":"Comptoir Cafe","cuisine":"coffee_shop","opening_hours":"Mo-Su 11:00-19:00"},"geometry":{"type":"Point","coordinates":[121.511868,25.053666]}},{"type":"Feature","properties":{"id":"osm:node:12135717098","name":"街上The Street","category":"cafe","cuisine":"coffee_shop","opening_hours":"We-Mo 14:00-23:00"},"geometry":{"type":"Point","coordinates":[121.515031,25.053216]}},{"type":"Feature","properties":{"id":"osm:node:12151529901","name":"白眼找茶","category":"cafe","name_en":"Baiyan Zhao Tea","cuisine":"bubble_tea;tea","opening_hours":"We-Su 11:30-21:00, 23:00-02:00; Mo-Tu 11:30-01:00"},"geometry":{"type":"Point","coordinates":[121.576902,25.046391]}},{"type":"Feature","properties":{"id":"osm:node:12174967078","name":"路易莎咖啡","category":"cafe","name_en":"Louisa Coffee","cuisine":"coffee_shop","brand":"路易莎咖啡"},"geometry":{"type":"Point","coordinates":[121.543142,25.014721]}},{"type":"Feature","properties":{"id":"osm:node:12176262524","name":"聲色","category":"cafe","name_en":"Sounds Good Cafe"},"geometry":{"type":"Point","coordinates":[121.532703,25.031833]}},{"type":"Feature","properties":{"id":"osm:node:12177694738","name":"Cama","category":"cafe"},"geometry":{"type":"Point","coordinates":[121.583885,25.044929]}},{"type":"Feature","properties":{"id":"osm:node:12181417500","name":"路易莎咖啡","category":"cafe","name_en":"Louisa Coffee","cuisine":"coffee_shop","brand":"路易莎咖啡","opening_hours":"Mo-Fr 07:00-17:00; Sa-Su 08:00-17:00"},"geometry":{"type":"Point","coordinates":[121.49452,25.07176]}},{"type":"Feature","properties":{"id":"osm:node:12185852074","name":"怡客咖啡","category":"cafe"},"geometry":{"type":"Point","coordinates":[121.512447,25.042173]}},{"type":"Feature","properties":{"id":"osm:node:12192612915","name":"象山日光珈琲 Sunshine Cafe","category":"cafe","cuisine":"coffee_shop;cake"},"geometry":{"type":"Point","coordinates":[121.57035,25.027311]}},{"type":"Feature","properties":{"id":"osm:node:12198749831","name":"星巴克","category":"cafe","name_en":"Starbucks","cuisine":"coffee_shop","brand":"星巴克"},"geometry":{"type":"Point","coordinates":[121.54151,24.967025]}},{"type":"Feature","properties":{"id":"osm:node:12205319829","name":"BigBytes","category":"cafe"},"geometry":{"type":"Point","coordinates":[121.544093,24.992036]}},{"type":"Feature","properties":{"id":"osm:node:12213895887","name":"綠光花園咖啡館","category":"cafe"},"geometry":{"type":"Point","coordinates":[121.577962,25.078226]}},{"type":"Feature","properties":{"id":"osm:node:12234805477","name":"春水堂人文茶館","category":"cafe","name_en":"Chun Shui Tang","cuisine":"bubble_tea","brand":"春水堂人文茶館"},"geometry":{"type":"Point","coordinates":[121.52935,25.044139]}},{"type":"Feature","properties":{"id":"osm:node:12237139465","name":"Cafe ACME","category":"cafe","cuisine":"sandwich;salad;cake"},"geometry":{"type":"Point","coordinates":[121.564849,25.034344]}},{"type":"Feature","properties":{"id":"osm:node:1224128124","name":"迷客夏","category":"cafe","name_en":"Milkshop","cuisine":"bubble_tea","brand":"迷客夏","opening_hours":"09:00-22:30"},"geometry":{"type":"Point","coordinates":[121.544679,24.974658]}},{"type":"Feature","properties":{"id":"osm:node:12245890112","name":"黃山羊咖啡館","category":"cafe","cuisine":"coffee_shop"},"geometry":{"type":"Point","coordinates":[121.550898,25.002328]}},{"type":"Feature","properties":{"id":"osm:node:12248380920","name":"朵莉絲咖啡","category":"cafe","name_en":"Doris Cafe","opening_hours":"Mo-Su 12:00-17:30"},"geometry":{"type":"Point","coordinates":[121.537413,24.99871]}},{"type":"Feature","properties":{"id":"osm:node:12250201254","name":"富錦樹咖啡","category":"cafe"},"geometry":{"type":"Point","coordinates":[121.527367,25.044051]}},{"type":"Feature","properties":{"id":"osm:node:12298700259","name":"天晴咖啡","category":"cafe","name_en":"Sunshine coffee","opening_hours":"Mo-Fr 08:00-16:30; Sa-Su off"},"geometry":{"type":"Point","coordinates":[121.536073,25.04876]}},{"type":"Feature","properties":{"id":"osm:node:12306530701","name":"be.coffee","category":"cafe","cuisine":"sandwich"},"geometry":{"type":"Point","coordinates":[121.510473,25.052426]}},{"type":"Feature","properties":{"id":"osm:node:12328793145","name":"Ratio Coffee Roasters","category":"cafe","opening_hours":"Su-Mo 10:00-19:00,Tu-Th 10:30-22:30,Fr-Sa 10:00-23:00"},"geometry":{"type":"Point","coordinates":[121.547987,25.043453]}},{"type":"Feature","properties":{"id":"osm:node:12343143756","name":"DoDo Cafe","category":"cafe"},"geometry":{"type":"Point","coordinates":[121.56528,24.988053]}},{"type":"Feature","properties":{"id":"osm:node:12348194701","name":"覺旅咖啡 Journey Kaffe 陽光店","category":"cafe","name_en":"Journey Kaffe","cuisine":"international;coffee_shop;dessert","opening_hours":"Mo-Su 09:00-21:00"},"geometry":{"type":"Point","coordinates":[121.577794,25.071557]}},{"type":"Feature","properties":{"id":"osm:node:12362635251","name":"50嵐","category":"cafe","name_en":"50 Lan","cuisine":"bubble_tea","brand":"50嵐"},"geometry":{"type":"Point","coordinates":[121.491668,25.054369]}},{"type":"Feature","properties":{"id":"osm:node:12365486901","name":"午甜","category":"cafe","name_en":"Woodi","cuisine":"cake;coffee_shop;tea","opening_hours":"Mo-Su 11:30-18:30"},"geometry":{"type":"Point","coordinates":[121.536061,24.969533]}},{"type":"Feature","properties":{"id":"osm:node:12374943357","name":"路易莎 市民門市","category":"cafe","cuisine":"coffee_shop"},"geometry":{"type":"Point","coordinates":[121.557189,25.04332]}},{"type":"Feature","properties":{"id":"osm:node:12384580420","name":"Moooon River Cafe & Books","category":"cafe","cuisine":"coffee_shop;tea","opening_hours":"Mo-Th 11:00-18:00; Fr-Su 11:00-21:00"},"geometry":{"type":"Point","coordinates":[121.576088,25.075447]}},{"type":"Feature","properties":{"id":"osm:node:12412924771","name":"咖啡帶","category":"cafe"},"geometry":{"type":"Point","coordinates":[121.497409,25.034306]}},{"type":"Feature","properties":{"id":"osm:node:12429486542","name":"季緣茶飲","category":"cafe","name_en":"Chi Yuan","cuisine":"bubble_tea","opening_hours":"Mo-Su 10:30-21:30"},"geometry":{"type":"Point","coordinates":[121.532093,25.051785]}},{"type":"Feature","properties":{"id":"osm:node:12429486543","name":"季綠茶飲","category":"cafe","name_en":"Chi Yuan","cuisine":"bubble_tea","opening_hours":"Mo-Su 10:00-21:30"},"geometry":{"type":"Point","coordinates":[121.555243,25.052262]}},{"type":"Feature","properties":{"id":"osm:node:12429486546","name":"SOUSAN 9","category":"cafe"},"geometry":{"type":"Point","coordinates":[121.532491,25.046298]}},{"type":"Feature","properties":{"id":"osm:node:12441137731","name":"The Platypus Café","category":"cafe"},"geometry":{"type":"Point","coordinates":[121.525207,25.037773]}},{"type":"Feature","properties":{"id":"osm:node:12441137739","name":"La Petite Cave à Vins","category":"cafe"},"geometry":{"type":"Point","coordinates":[121.531006,25.053208]}},{"type":"Feature","properties":{"id":"osm:node:12441748148","name":"破曉咖啡","category":"cafe","name_en":"DayBreak"},"geometry":{"type":"Point","coordinates":[121.502537,25.033107]}},{"type":"Feature","properties":{"id":"osm:node:12459997130","name":"樸樹咖啡","category":"cafe","opening_hours":"Mo-Fr 09:00-18:00,Sa-Su 10:00-18:00"},"geometry":{"type":"Point","coordinates":[121.549056,25.000345]}},{"type":"Feature","properties":{"id":"osm:node:12466521473","name":"伊是曼寧","category":"cafe","name_en":"It's money coffee"},"geometry":{"type":"Point","coordinates":[121.526683,25.033647]}},{"type":"Feature","properties":{"id":"osm:node:12466735857","name":"木衛二","category":"cafe","cuisine":"bubble_tea"},"geometry":{"type":"Point","coordinates":[121.534474,25.013911]}},{"type":"Feature","properties":{"id":"osm:node:12466891358","name":"一沐日","category":"cafe","name_en":"A nice Holiday","cuisine":"bubble_tea","brand":"一沐日","opening_hours":"Mo-Fr 10:00-21:00, Sa-Su 11:00-21:00"},"geometry":{"type":"Point","coordinates":[121.5298,25.051855]}},{"type":"Feature","properties":{"id":"osm:node:12466891363","name":"U-Free Cafée","category":"cafe"},"geometry":{"type":"Point","coordinates":[121.529008,25.051535]}},{"type":"Feature","properties":{"id":"osm:node:12466891366","name":"30讚500CC","category":"cafe","cuisine":"bubble_tea"},"geometry":{"type":"Point","coordinates":[121.529016,25.051636]}},{"type":"Feature","properties":{"id":"osm:node:12466891368","name":"小皮咖啡","category":"cafe","name_en":"Pipi Cafe"},"geometry":{"type":"Point","coordinates":[121.528879,25.05156]}},{"type":"Feature","properties":{"id":"osm:node:12466891370","name":"老行家","category":"cafe"},"geometry":{"type":"Point","coordinates":[121.529081,25.051872]}},{"type":"Feature","properties":{"id":"osm:node:12477846540","name":"Oolong Tea Project","category":"cafe","cuisine":"bubble_tea"},"geometry":{"type":"Point","coordinates":[121.571118,25.082446]}},{"type":"Feature","properties":{"id":"osm:node:12477868224","name":"Chappii","category":"cafe","cuisine":"bubble_tea"},"geometry":{"type":"Point","coordinates":[121.57124,25.082403]}},{"type":"Feature","properties":{"id":"osm:node:12517825995","name":"CHIT CHAT Cafe","category":"cafe"},"geometry":{"type":"Point","coordinates":[121.559414,25.051294]}},{"type":"Feature","properties":{"id":"osm:node:12517893837","name":"雪球咖啡","category":"cafe"},"geometry":{"type":"Point","coordinates":[121.556855,25.052551]}},{"type":"Feature","properties":{"id":"osm:node:12517900427","name":"路易莎咖啡","category":"cafe","name_en":"Louisa Coffee","cuisine":"coffee_shop","brand":"路易莎咖啡"},"geometry":{"type":"Point","coordinates":[121.556734,25.051366]}},{"type":"Feature","properties":{"id":"osm:node:12521608614","name":"Cafe Fugu Roasters","category":"cafe","cuisine":"coffee_shop"},"geometry":{"type":"Point","coordinates":[121.564404,25.0282]}},{"type":"Feature","properties":{"id":"osm:node:12521639227","name":"Uno Coffee","category":"cafe","cuisine":"coffee_shop"},"geometry":{"type":"Point","coordinates":[121.564305,25.026974]}},{"type":"Feature","properties":{"id":"osm:node:12531330992","name":"路易莎咖啡","category":"cafe","name_en":"Louisa Coffee","cuisine":"coffee_shop","brand":"路易莎咖啡","opening_hours":"Mo-Fr 07:00-19:00, Sa-Su 08:00-19:00"},"geometry":{"type":"Point","coordinates":[121.612993,25.040767]}},{"type":"Feature","properties":{"id":"osm:node:12535737101","name":"Amål x Café","category":"cafe","name_en":"Amal Café","opening_hours":"Mo-Su 13:30-19:30"},"geometry":{"type":"Point","coordinates":[121.537227,25.075872]}},{"type":"Feature","properties":{"id":"osm:node:12554128508","name":"武藏野森珈琲Diner","category":"cafe"},"geometry":{"type":"Point","coordinates":[121.459415,25.057711]}},{"type":"Feature","properties":{"id":"osm:node:12595136760","name":"Coffeeology","category":"cafe","cuisine":"coffee_shop"},"geometry":{"type":"Point","coordinates":[121.550779,25.04754]}},{"type":"Feature","properties":{"id":"osm:node:12611305128","name":"再睡5分鐘","category":"cafe","cuisine":"bubble_tea"},"geometry":{"type":"Point","coordinates":[121.546321,25.044516]}},{"type":"Feature","properties":{"id":"osm:node:12622924537","name":"50嵐","category":"cafe","name_en":"50 Lan","cuisine":"bubble_tea","brand":"50嵐"},"geometry":{"type":"Point","coordinates":[121.559581,25.031633]}},{"type":"Feature","properties":{"id":"osm:node:12622924542","name":"Cama","category":"cafe"},"geometry":{"type":"Point","coordinates":[121.559997,25.03118]}},{"type":"Feature","properties":{"id":"osm:node:12622924547","name":"蟬吃茶","category":"cafe","cuisine":"bubble_tea"},"geometry":{"type":"Point","coordinates":[121.559773,25.031326]}},{"type":"Feature","properties":{"id":"osm:node:12643644162","name":"Dreamers Coffee Roasters","category":"cafe","opening_hours":"07:00-19:00"},"geometry":{"type":"Point","coordinates":[121.551539,25.038108]}},{"type":"Feature","properties":{"id":"osm:node:12702606801","name":"窩窩咖啡廳","category":"cafe","name_en":"Wooo","cuisine":"coffee_shop","opening_hours":"Mo-Su 11:30-18:30"},"geometry":{"type":"Point","coordinates":[121.509274,25.056824]}},{"type":"Feature","properties":{"id":"osm:node:12747923992","name":"纖果王","category":"cafe","cuisine":"juice","opening_hours":"Mo-Su 11:00-23:00"},"geometry":{"type":"Point","coordinates":[121.521682,25.024229]}},{"type":"Feature","properties":{"id":"osm:node:12756098344","name":"sara美睫紋繡新秘","category":"cafe"},"geometry":{"type":"Point","coordinates":[121.513168,25.008136]}},{"type":"Feature","properties":{"id":"osm:node:12756253896","name":"小林拉麵","category":"cafe"},"geometry":{"type":"Point","coordinates":[121.512858,25.008642]}},{"type":"Feature","properties":{"id":"osm:node:12756377501","name":"三榮皮鞋店","category":"cafe"},"geometry":{"type":"Point","coordinates":[121.513127,25.008248]}},{"type":"Feature","properties":{"id":"osm:node:12769540190","name":"路易莎咖啡","category":"cafe","name_en":"Louisa Coffee","cuisine":"coffee_shop","brand":"路易莎咖啡"},"geometry":{"type":"Point","coordinates":[121.508926,24.989741]}},{"type":"Feature","properties":{"id":"osm:node:12769767102","name":"路易莎咖啡","category":"cafe","name_en":"Louisa Coffee","cuisine":"coffee_shop","brand":"路易莎咖啡"},"geometry":{"type":"Point","coordinates":[121.529997,24.973086]}},{"type":"Feature","properties":{"id":"osm:node:12770602030","name":"波森咖啡","category":"cafe","name_en":"Bosun Coffee","cuisine":"coffee_shop;sandwich;cake"},"geometry":{"type":"Point","coordinates":[121.516538,24.98592]}},{"type":"Feature","properties":{"id":"osm:node:12785993563","name":"Louisa","category":"cafe","cuisine":"coffee_shop"},"geometry":{"type":"Point","coordinates":[121.500612,24.990186]}},{"type":"Feature","properties":{"id":"osm:node:12799609280","name":"Snob Café","category":"cafe"},"geometry":{"type":"Point","coordinates":[121.566804,25.04244]}},{"type":"Feature","properties":{"id":"osm:node:12799611355","name":"UUCAFE 北歐精品咖啡 台北概念店","category":"cafe","name_en":"UUCAFE","cuisine":"coffee_shop","opening_hours":"Mo-Fr 09:00-18:00, Sa 10:30-1630"},"geometry":{"type":"Point","coordinates":[121.56565,25.042747]}},{"type":"Feature","properties":{"id":"osm:node:12810757137","name":"Tropo Cafe","category":"cafe"},"geometry":{"type":"Point","coordinates":[121.563286,25.043328]}},{"type":"Feature","properties":{"id":"osm:node:12821412271","name":"CoCo都可","category":"cafe","name_en":"CoCo Fresh Tea & Juice","cuisine":"bubble_tea","brand":"CoCo都可","opening_hours":"Mo-Su 10:00-21:15"},"geometry":{"type":"Point","coordinates":[121.568899,25.044256]}},{"type":"Feature","properties":{"id":"osm:node:12822571710","name":"路易莎咖啡","category":"cafe","name_en":"Louisa Coffee","cuisine":"coffee_shop","brand":"路易莎咖啡"},"geometry":{"type":"Point","coordinates":[121.528322,25.05185]}},{"type":"Feature","properties":{"id":"osm:node:12822571718","name":"旅徒 咖啡","category":"cafe"},"geometry":{"type":"Point","coordinates":[121.531716,25.054673]}},{"type":"Feature","properties":{"id":"osm:node:12827757101","name":"Sucré Beans","category":"cafe","cuisine":"coffee_shop"},"geometry":{"type":"Point","coordinates":[121.53523,25.034113]}},{"type":"Feature","properties":{"id":"osm:node:12832933102","name":"藍裙咖啡","category":"cafe","name_en":"BlueSkirtCafé","cuisine":"coffee_shop;sandwich;tea","opening_hours":"Mo-Fr 09:30-18:00"},"geometry":{"type":"Point","coordinates":[121.535744,25.058427]}},{"type":"Feature","properties":{"id":"osm:node:12833705197","name":"深夜咖啡","category":"cafe","name_en":"Old Major","cuisine":"coffee_shop"},"geometry":{"type":"Point","coordinates":[121.544432,25.056259]}},{"type":"Feature","properties":{"id":"osm:node:12845334340","name":"50嵐","category":"cafe","name_en":"50 Lan","cuisine":"bubble_tea","brand":"50嵐"},"geometry":{"type":"Point","coordinates":[121.504934,24.993125]}},{"type":"Feature","properties":{"id":"osm:node:12845334342","name":"CoCo都可","category":"cafe","name_en":"CoCo Fresh Tea & Juice","cuisine":"bubble_tea","brand":"CoCo都可"},"geometry":{"type":"Point","coordinates":[121.504666,24.993036]}},{"type":"Feature","properties":{"id":"osm:node:12845334343","name":"佐日生茶館","category":"cafe","name_en":"The Sunbeam","cuisine":"bubble_tea"},"geometry":{"type":"Point","coordinates":[121.504001,24.993727]}},{"type":"Feature","properties":{"id":"osm:node:12852378830","name":"Bros Coffee","category":"cafe"},"geometry":{"type":"Point","coordinates":[121.543869,25.034106]}},{"type":"Feature","properties":{"id":"osm:node:12854394419","name":"鐵道餐廳","category":"cafe"},"geometry":{"type":"Point","coordinates":[121.51106,25.049174]}},{"type":"Feature","properties":{"id":"osm:node:12855388701","name":"四月羊咖啡館","category":"cafe"},"geometry":{"type":"Point","coordinates":[121.540652,24.981704]}},{"type":"Feature","properties":{"id":"osm:node:12856801180","name":"Fifteen","category":"cafe"},"geometry":{"type":"Point","coordinates":[121.547131,25.036859]}},{"type":"Feature","properties":{"id":"osm:node:12860086003","name":"Our Owl","category":"cafe","cuisine":"bubble_tea"},"geometry":{"type":"Point","coordinates":[121.546084,25.035325]}},{"type":"Feature","properties":{"id":"osm:node:12860086004","name":"Martin Coffee","category":"cafe"},"geometry":{"type":"Point","coordinates":[121.546103,25.035655]}},{"type":"Feature","properties":{"id":"osm:node:12863602370","name":"Frankie Feels Good","category":"cafe","cuisine":"bagel;coffee_shop","opening_hours":"10:00-18:00"},"geometry":{"type":"Point","coordinates":[121.553026,25.038565]}},{"type":"Feature","properties":{"id":"osm:node:12863602371","name":"星巴克","category":"cafe","name_en":"Starbucks","cuisine":"coffee_shop","brand":"星巴克"},"geometry":{"type":"Point","coordinates":[121.554506,25.037267]}},{"type":"Feature","properties":{"id":"osm:node:12863602372","name":"Normal Coffee - 仁愛店","category":"cafe","cuisine":"coffee_shop"},"geometry":{"type":"Point","coordinates":[121.556204,25.03795]}},{"type":"Feature","properties":{"id":"osm:node:12894669427","name":"先喝道","category":"cafe","name_en":"Tao-Tao Tea","cuisine":"bubble_tea","brand":"先喝道"},"geometry":{"type":"Point","coordinates":[121.523205,25.027223]}},{"type":"Feature","properties":{"id":"osm:node:12894669429","name":"德正","category":"cafe","cuisine":"bubble_tea"},"geometry":{"type":"Point","coordinates":[121.522969,25.027243]}},{"type":"Feature","properties":{"id":"osm:node:12894669430","name":"十盛","category":"cafe","cuisine":"bubble_tea"},"geometry":{"type":"Point","coordinates":[121.52293,25.02725]}},{"type":"Feature","properties":{"id":"osm:node:12894669442","name":"雪球咖啡","category":"cafe"},"geometry":{"type":"Point","coordinates":[121.523521,25.026785]}},{"type":"Feature","properties":{"id":"osm:node:12901648431","name":"權泉珈琲","category":"cafe","name_en":"KWON SAEM COFFEE","opening_hours":"Mo-Su 12:00-18:30"},"geometry":{"type":"Point","coordinates":[121.519642,25.055885]}},{"type":"Feature","properties":{"id":"osm:node:12901746326","name":"Dimple Café 酒窩咖啡館","category":"cafe"},"geometry":{"type":"Point","coordinates":[121.528125,25.043397]}},{"type":"Feature","properties":{"id":"osm:node:12901802603","name":"一品現泡茶","category":"cafe","cuisine":"bubble_tea"},"geometry":{"type":"Point","coordinates":[121.520235,25.053106]}},{"type":"Feature","properties":{"id":"osm:node:12918897643","name":"Tea tac toe","category":"cafe"},"geometry":{"type":"Point","coordinates":[121.565603,25.041859]}},{"type":"Feature","properties":{"id":"osm:node:12925078410","name":"路易莎咖啡","category":"cafe","name_en":"Louisa Coffee","cuisine":"coffee_shop","brand":"路易莎咖啡"},"geometry":{"type":"Point","coordinates":[121.554636,25.041948]}},{"type":"Feature","properties":{"id":"osm:node:12956463187","name":"50嵐","category":"cafe","name_en":"50 Lan","cuisine":"bubble_tea","brand":"50嵐","opening_hours":"10:00-22:00"},"geometry":{"type":"Point","coordinates":[121.552757,25.049047]}},{"type":"Feature","properties":{"id":"osm:node:12959213233","name":"大苑子","category":"cafe","name_en":"DaYung's","cuisine":"bubble_tea","brand":"大苑子"},"geometry":{"type":"Point","coordinates":[121.566157,25.049146]}},{"type":"Feature","properties":{"id":"osm:node:12976937917","name":"路易莎咖啡","category":"cafe","name_en":"Louisa Coffee","cuisine":"coffee_shop","brand":"路易莎咖啡"},"geometry":{"type":"Point","coordinates":[121.543788,25.025009]}},{"type":"Feature","properties":{"id":"osm:node:12976937919","name":"倍邱室咖啡","category":"cafe"},"geometry":{"type":"Point","coordinates":[121.543759,25.028664]}},{"type":"Feature","properties":{"id":"osm:node:12986851991","name":"Dreamers Coffee","category":"cafe","cuisine":"coffee_shop","opening_hours":"Mo-Su 07:00-21:30"},"geometry":{"type":"Point","coordinates":[121.556945,25.040634]}},{"type":"Feature","properties":{"id":"osm:node:12997270856","name":"天仁茗茶","category":"cafe","name_en":"TenRen's Tea","cuisine":"bubble_tea","brand":"天仁茗茶","opening_hours":"11:30-21:30"},"geometry":{"type":"Point","coordinates":[121.617466,25.05943]}},{"type":"Feature","properties":{"id":"osm:node:12999140819","name":"咖樂迪咖啡農場","category":"cafe","name_en":"KALDI COFFEE FARM","opening_hours":"Mo-Su 11:00-21:30"},"geometry":{"type":"Point","coordinates":[121.617713,25.060164]}},{"type":"Feature","properties":{"id":"osm:node:13028157693","name":"茶水格格","category":"cafe","cuisine":"bubble_tea"},"geometry":{"type":"Point","coordinates":[121.504413,25.041414]}},{"type":"Feature","properties":{"id":"osm:node:13041333273","name":"咖啡@川端橋","category":"cafe","name_en":"Coffee At Kawabata"},"geometry":{"type":"Point","coordinates":[121.51641,25.01779]}},{"type":"Feature","properties":{"id":"osm:node:13047779801","name":"烘焙者咖啡","category":"cafe","cuisine":"coffee_shop;sandwich","opening_hours":"Mo-Fr 10:30-22:00; Sa-Su 09:00-22:00"},"geometry":{"type":"Point","coordinates":[121.575461,25.037607]}},{"type":"Feature","properties":{"id":"osm:node:13050296122","name":"香濃綠豆沙專賣店","category":"cafe"},"geometry":{"type":"Point","coordinates":[121.533658,25.053569]}},{"type":"Feature","properties":{"id":"osm:node:13057713696","name":"来蘇遅珊","category":"cafe"},"geometry":{"type":"Point","coordinates":[121.511479,25.052898]}},{"type":"Feature","properties":{"id":"osm:node:13062906401","name":"CAFE!N 硬咖啡","category":"cafe","cuisine":"cake;coffee_shop;sandwich","opening_hours":"Mo-Su 07:30-17:00"},"geometry":{"type":"Point","coordinates":[121.554403,25.041109]}},{"type":"Feature","properties":{"id":"osm:node:13062907201","name":"Barista Ray Coffee（台北店）","category":"cafe","cuisine":"coffee_shop","opening_hours":"Mo-Su 10:00-18:00"},"geometry":{"type":"Point","coordinates":[121.554147,25.040528]}},{"type":"Feature","properties":{"id":"osm:node:13063373601","name":"可不可熟成紅茶","category":"cafe","name_en":"Kebuke","cuisine":"bubble_tea","brand":"可不可熟成紅茶"},"geometry":{"type":"Point","coordinates":[121.511005,25.064002]}},{"type":"Feature","properties":{"id":"osm:node:13065431434","name":"未知星體","category":"cafe","name_en":"Maid Cafe & Bar"},"geometry":{"type":"Point","coordinates":[121.513067,25.042695]}},{"type":"Feature","properties":{"id":"osm:node:13080066093","name":"隅咖啡","category":"cafe","name_en":"Aroundtheblock","cuisine":"coffee_shop;cake","opening_hours":"We-Su 12:00-21:00"},"geometry":{"type":"Point","coordinates":[121.521371,25.024337]}},{"type":"Feature","properties":{"id":"osm:node:13091179620","name":"手作茶飲","category":"cafe","name_en":"Boba Tea Shop"},"geometry":{"type":"Point","coordinates":[121.582537,25.046391]}},{"type":"Feature","properties":{"id":"osm:node:13093853157","name":"LEAVES Cafe 午葉","category":"cafe"},"geometry":{"type":"Point","coordinates":[121.578701,25.073772]}},{"type":"Feature","properties":{"id":"osm:node:13096109867","name":"五桐號","category":"cafe","name_en":"WooTea","cuisine":"bubble_tea","brand":"五桐號"},"geometry":{"type":"Point","coordinates":[121.575605,25.07627]}},{"type":"Feature","properties":{"id":"osm:node:13096149904","name":"俏 Ciao","category":"cafe","cuisine":"bubble_tea"},"geometry":{"type":"Point","coordinates":[121.576459,25.075596]}},{"type":"Feature","properties":{"id":"osm:node:13103066992","name":"Banana Blue Coffee","category":"cafe","cuisine":"coffee_shop;sandwich;cake","brand":"Banana Blue Coffee","opening_hours":"Mo-Su 08:30-20:30"},"geometry":{"type":"Point","coordinates":[121.527277,25.095819]}},{"type":"Feature","properties":{"id":"osm:node:13108188477","name":"MOJI MOJI萌吉茶飲","category":"cafe","cuisine":"bubble_tea"},"geometry":{"type":"Point","coordinates":[121.542235,25.047855]}},{"type":"Feature","properties":{"id":"osm:node:13128230630","name":"the Second Half","category":"cafe","cuisine":"coffee_shop;dessert","opening_hours":"Tu-Su 12:00-21:00"},"geometry":{"type":"Point","coordinates":[121.580032,24.985262]}},{"type":"Feature","properties":{"id":"osm:node:13128230640","name":"廢墟","category":"cafe","name_en":"Ruins Coffee Roasters","cuisine":"coffee_shop;pastry","opening_hours":"Mo-Su 10:00-18:00"},"geometry":{"type":"Point","coordinates":[121.578841,24.988273]}},{"type":"Feature","properties":{"id":"osm:node:13130475072","name":"政大茶亭","category":"cafe","cuisine":"bubble_tea","opening_hours":"10:00-21:30"},"geometry":{"type":"Point","coordinates":[121.574302,24.98788]}},{"type":"Feature","properties":{"id":"osm:node:13130475077","name":"蛋蛋的幸福 蔬食料理","category":"cafe","cuisine":"coffee_shop","opening_hours":"Mo-Sa 11:30-18:30"},"geometry":{"type":"Point","coordinates":[121.57372,24.988175]}},{"type":"Feature","properties":{"id":"osm:node:13130475081","name":"𝗦𝗵𝗼𝘂 𝗦𝗵𝗼𝘂 𝗖𝗼𝗳𝗳𝗲𝗲 惜惜咖啡","category":"cafe","cuisine":"cake;tea;dessert;coffee_shop","opening_hours":"We-Su 10:00-18:00"},"geometry":{"type":"Point","coordinates":[121.575322,24.990159]}},{"type":"Feature","properties":{"id":"osm:node:13130475091","name":"大亨咖啡磨坊","category":"cafe","cuisine":"coffee_shop","opening_hours":"Mo-Sa 09:00-20:00"},"geometry":{"type":"Point","coordinates":[121.576979,24.987485]}},{"type":"Feature","properties":{"id":"osm:node:13130478702","name":"政大茶亭二店","category":"cafe","cuisine":"bubble_tea"},"geometry":{"type":"Point","coordinates":[121.576627,24.987649]}},{"type":"Feature","properties":{"id":"osm:node:13131018963","name":"Gabi Coffee","category":"cafe"},"geometry":{"type":"Point","coordinates":[121.533183,25.014538]}},{"type":"Feature","properties":{"id":"osm:node:13131122516","name":"小公寓 Apt.cafe","category":"cafe"},"geometry":{"type":"Point","coordinates":[121.575455,24.987582]}},{"type":"Feature","properties":{"id":"osm:node:13131122521","name":"酪農初茶","category":"cafe","cuisine":"bubble_tea"},"geometry":{"type":"Point","coordinates":[121.575509,24.98758]}},{"type":"Feature","properties":{"id":"osm:node:13131122537","name":"清心福全政大店-珍珠奶茶手搖飲料專賣店","category":"cafe","cuisine":"bubble_tea"},"geometry":{"type":"Point","coordinates":[121.574602,24.987918]}},{"type":"Feature","properties":{"id":"osm:node:13131122538","name":"50嵐","category":"cafe","name_en":"50 Lan","cuisine":"bubble_tea","brand":"50嵐"},"geometry":{"type":"Point","coordinates":[121.574656,24.987905]}},{"type":"Feature","properties":{"id":"osm:node:13131122539","name":"得正#台北政大計劃","category":"cafe","cuisine":"bubble_tea"},"geometry":{"type":"Point","coordinates":[121.574722,24.987893]}},{"type":"Feature","properties":{"id":"osm:node:13131122562","name":"海熊咖啡","category":"cafe","name_en":"Polar Bear_Cafe_Tea"},"geometry":{"type":"Point","coordinates":[121.573735,24.98837]}},{"type":"Feature","properties":{"id":"osm:node:13131122569","name":"咖啡大亨","category":"cafe"},"geometry":{"type":"Point","coordinates":[121.574287,24.988172]}},{"type":"Feature","properties":{"id":"osm:node:13131122573","name":"自由·之丘","category":"cafe"},"geometry":{"type":"Point","coordinates":[121.570929,24.985941]}},{"type":"Feature","properties":{"id":"osm:node:13134459228","name":"15號院子咖啡","category":"cafe"},"geometry":{"type":"Point","coordinates":[121.566848,24.981638]}},{"type":"Feature","properties":{"id":"osm:node:13134459243","name":"茶聚CHAGE","category":"cafe","cuisine":"bubble_tea"},"geometry":{"type":"Point","coordinates":[121.566072,24.983117]}},{"type":"Feature","properties":{"id":"osm:node:13134459253","name":"紅窗咖啡（Red Window Coffee）","category":"cafe"},"geometry":{"type":"Point","coordinates":[121.579937,24.985162]}},{"type":"Feature","properties":{"id":"osm:node:13134459255","name":"樂之窩","category":"cafe","name_en":"MUSICLAND"},"geometry":{"type":"Point","coordinates":[121.579593,24.983401]}},{"type":"Feature","properties":{"id":"osm:node:13140997294","name":"咖啡超人茶飲專賣店","category":"cafe","cuisine":"bubble_tea;tea"},"geometry":{"type":"Point","coordinates":[121.56829,24.986643]}},{"type":"Feature","properties":{"id":"osm:node:13140997300","name":"昇咖啡｜會議包廂・空間租借","category":"cafe"},"geometry":{"type":"Point","coordinates":[121.567822,24.986795]}},{"type":"Feature","properties":{"id":"osm:node:13141006307","name":"李記紅茶冰","category":"cafe","cuisine":"bubble_tea"},"geometry":{"type":"Point","coordinates":[121.568383,24.987047]}},{"type":"Feature","properties":{"id":"osm:node:13141006310","name":"50嵐","category":"cafe","name_en":"50 Lan","cuisine":"bubble_tea","brand":"50嵐"},"geometry":{"type":"Point","coordinates":[121.568593,24.987062]}},{"type":"Feature","properties":{"id":"osm:node:13141006313","name":"吉諾烘豆坊 Gino Roasters","category":"cafe"},"geometry":{"type":"Point","coordinates":[121.568891,24.986866]}},{"type":"Feature","properties":{"id":"osm:node:13142341003","name":"咖啡租界鮮焙咖啡舖","category":"cafe"},"geometry":{"type":"Point","coordinates":[121.56796,24.98826]}},{"type":"Feature","properties":{"id":"osm:node:13142341054","name":"萬波島嶼紅茶","category":"cafe","name_en":"Wan Po Tea Shop","cuisine":"bubble_tea"},"geometry":{"type":"Point","coordinates":[121.568469,24.988719]}},{"type":"Feature","properties":{"id":"osm:node:13142682202","name":"深坑廳 咖啡店","category":"cafe"},"geometry":{"type":"Point","coordinates":[121.61521,25.001594]}},{"type":"Feature","properties":{"id":"osm:node:13149036675","name":"巃蕪 - Tea Lab . LONGOO","category":"cafe","name_en":"Tea Lab . LONGOO","cuisine":"bubble_tea","brand":"巃蕪 - Tea Lab . LONGOO","opening_hours":"11:00-21:00"},"geometry":{"type":"Point","coordinates":[121.521566,25.051642]}},{"type":"Feature","properties":{"id":"osm:node:13161157509","name":"Little M cafe","category":"cafe","opening_hours":"Mo-Sa 10:00-19:00"},"geometry":{"type":"Point","coordinates":[121.519797,25.026719]}},{"type":"Feature","properties":{"id":"osm:node:13161173141","name":"咖啡黑潮","category":"cafe","opening_hours":"Tu-Su 13:00-18:30"},"geometry":{"type":"Point","coordinates":[121.530618,25.0279]}},{"type":"Feature","properties":{"id":"osm:node:13174562445","name":"阿克蒂雅 Arkadia 女僕咖啡&餐廳","category":"cafe","opening_hours":"Mo-Su 12:00-21:30"},"geometry":{"type":"Point","coordinates":[121.51191,25.04613]}},{"type":"Feature","properties":{"id":"osm:node:13175157001","name":"Cozy Cowork Cafe","category":"cafe"},"geometry":{"type":"Point","coordinates":[121.556139,25.047078]}},{"type":"Feature","properties":{"id":"osm:node:13175236301","name":"Out Of Office Coffee Roastery","category":"cafe"},"geometry":{"type":"Point","coordinates":[121.52837,25.030002]}},{"type":"Feature","properties":{"id":"osm:node:13175236401","name":"Weiyang Coffee","category":"cafe"},"geometry":{"type":"Point","coordinates":[121.547405,25.026273]}},{"type":"Feature","properties":{"id":"osm:node:13180604827","name":"你好咖啡旅館","category":"cafe","name_en":"NIHAO CAFE & HOTEL"},"geometry":{"type":"Point","coordinates":[121.542318,25.033858]}},{"type":"Feature","properties":{"id":"osm:node:13242738859","name":"北投紅茶","category":"cafe","cuisine":"bubble_tea"},"geometry":{"type":"Point","coordinates":[121.541466,24.99163]}},{"type":"Feature","properties":{"id":"osm:node:13249499256","name":"御茶殿","category":"cafe","cuisine":"bubble_tea"},"geometry":{"type":"Point","coordinates":[121.467338,24.990127]}},{"type":"Feature","properties":{"id":"osm:node:13257244151","name":"Kokorolia 心物語 Maid Café","category":"cafe","opening_hours":"Mo-Su 13:00-21:00"},"geometry":{"type":"Point","coordinates":[121.510246,25.044686]}},{"type":"Feature","properties":{"id":"osm:node:13266698429","name":"CoCo都可","category":"cafe","name_en":"CoCo Fresh Tea & Juice","cuisine":"bubble_tea","brand":"CoCo都可"},"geometry":{"type":"Point","coordinates":[121.463517,24.987312]}},{"type":"Feature","properties":{"id":"osm:node:13275566115","name":"客美多咖啡","category":"cafe","name_en":"Komeda Coffee Shop","cuisine":"coffee_shop","brand":"客美多咖啡"},"geometry":{"type":"Point","coordinates":[121.516908,25.046018]}},{"type":"Feature","properties":{"id":"osm:node:13288419201","name":"Enjoy Life Brunch and Cafe","category":"cafe","opening_hours":"We-Mo 08:00-18:30"},"geometry":{"type":"Point","coordinates":[121.547579,25.078527]}},{"type":"Feature","properties":{"id":"osm:node:13290198919","name":"Come True Cafe","category":"cafe","opening_hours":"08:30-18:30"},"geometry":{"type":"Point","coordinates":[121.52056,25.05026]}},{"type":"Feature","properties":{"id":"osm:node:13298601214","name":"Holiqday","category":"cafe"},"geometry":{"type":"Point","coordinates":[121.564055,25.042394]}},{"type":"Feature","properties":{"id":"osm:node:13305918325","name":"蒔現茶空間","category":"cafe","name_en":"Shi Sien Tea","cuisine":"tea","opening_hours":"We-Su 10:00-17:30"},"geometry":{"type":"Point","coordinates":[121.512564,25.0571]}},{"type":"Feature","properties":{"id":"osm:node:13308155503","name":"西雅圖極品咖啡","category":"cafe","name_en":"Barista Coffee","cuisine":"coffee_shop","brand":"西雅圖極品咖啡","opening_hours":"Su-Th 11:00-21:30,Fr-Sa 11:00-22:00"},"geometry":{"type":"Point","coordinates":[121.574691,25.064162]}},{"type":"Feature","properties":{"id":"osm:node:13308155504","name":"西雅圖極品咖啡","category":"cafe","name_en":"Barista Coffee","cuisine":"coffee_shop","brand":"西雅圖極品咖啡","opening_hours":"Mo-Fr 07:00-19:00,Sa-Su, PH 07:00-18:00"},"geometry":{"type":"Point","coordinates":[121.519641,25.040482]}},{"type":"Feature","properties":{"id":"osm:node:13313368301","name":"ssSip!","category":"cafe","cuisine":"cake;coffee_shop;pizza","opening_hours":"Mo-Su 15:10-00:10"},"geometry":{"type":"Point","coordinates":[121.460086,25.009649]}},{"type":"Feature","properties":{"id":"osm:node:13321574204","name":"葡萄牙小酒館","category":"cafe","name_en":"Porto Português Piano Café","cuisine":"portuguese"},"geometry":{"type":"Point","coordinates":[121.470332,25.017801]}},{"type":"Feature","properties":{"id":"osm:node:13321758841","name":"路易莎咖啡","category":"cafe","name_en":"Louisa Coffee","cuisine":"coffee_shop","brand":"路易莎咖啡"},"geometry":{"type":"Point","coordinates":[121.465694,24.983054]}},{"type":"Feature","properties":{"id":"osm:node:13321758882","name":"可不可熟成紅茶","category":"cafe","name_en":"Kebuke","cuisine":"bubble_tea","brand":"可不可熟成紅茶"},"geometry":{"type":"Point","coordinates":[121.465009,24.984881]}},{"type":"Feature","properties":{"id":"osm:node:13321758885","name":"50嵐","category":"cafe","name_en":"50 Lan","cuisine":"bubble_tea","brand":"50嵐"},"geometry":{"type":"Point","coordinates":[121.465316,24.984638]}},{"type":"Feature","properties":{"id":"osm:node:13335652891","name":"紅茶巴士","category":"cafe","cuisine":"bubble_tea"},"geometry":{"type":"Point","coordinates":[121.462502,24.978346]}},{"type":"Feature","properties":{"id":"osm:node:13338162121","name":"中研咖啡","category":"cafe","cuisine":"coffee_shop","opening_hours":"Mo-Fr 08:30-16:30"},"geometry":{"type":"Point","coordinates":[121.615544,25.044071]}},{"type":"Feature","properties":{"id":"osm:node:13338177810","name":"書與咖啡","category":"cafe","cuisine":"coffee_shop"},"geometry":{"type":"Point","coordinates":[121.615539,25.046846]}},{"type":"Feature","properties":{"id":"osm:node:13342630291","name":"理途Cafe'","category":"cafe","cuisine":"coffee_shop;dessert","opening_hours":"12:00-19:00"},"geometry":{"type":"Point","coordinates":[121.666393,25.074158]}},{"type":"Feature","properties":{"id":"osm:node:13344412101","name":"Nearby 2店","category":"cafe","cuisine":"buschenschank;coffee_shop;tea","opening_hours":"Mo-Su 10:00-00:00"},"geometry":{"type":"Point","coordinates":[121.510637,25.045397]}},{"type":"Feature","properties":{"id":"osm:node:13356996170","name":"路易莎咖啡","category":"cafe","name_en":"Louisa Coffee","cuisine":"coffee_shop","brand":"路易莎咖啡"},"geometry":{"type":"Point","coordinates":[121.562019,25.025833]}},{"type":"Feature","properties":{"id":"osm:node:13411401701","name":"偶然咖啡","category":"cafe","name_en":"ALLthen"},"geometry":{"type":"Point","coordinates":[121.552095,25.040974]}},{"type":"Feature","properties":{"id":"osm:node:13420370901","name":"Ramble Cafe","category":"cafe","cuisine":"coffee_shop","opening_hours":"Mo-Su 09:00-18:00"},"geometry":{"type":"Point","coordinates":[121.501358,25.036488]}},{"type":"Feature","properties":{"id":"osm:node:13426096701","name":"4F劇場咖啡","category":"cafe","name_en":"Le Promenoir"},"geometry":{"type":"Point","coordinates":[121.509735,25.043399]}},{"type":"Feature","properties":{"id":"osm:node:13426139895","name":"天仁茗茶","category":"cafe","name_en":"TenRen's Tea","cuisine":"bubble_tea","brand":"天仁茗茶","opening_hours":"10:00-21:30"},"geometry":{"type":"Point","coordinates":[121.515858,25.014423]}},{"type":"Feature","properties":{"id":"osm:node:13426388886","name":"星巴克","category":"cafe","name_en":"Starbucks","cuisine":"coffee_shop","brand":"星巴克"},"geometry":{"type":"Point","coordinates":[121.589697,25.063509]}},{"type":"Feature","properties":{"id":"osm:node:13426388889","name":"星巴克","category":"cafe","name_en":"Starbucks","cuisine":"coffee_shop","brand":"星巴克"},"geometry":{"type":"Point","coordinates":[121.483049,25.055275]}},{"type":"Feature","properties":{"id":"osm:node:13426946191","name":"龍角","category":"cafe","name_en":"Dragon Horn","cuisine":"bubble_tea","opening_hours":"Mo-Th 09:30-22:30; Fr 09:30-23:00; Sa 10:30-23:00; Su 10:30-22:30"},"geometry":{"type":"Point","coordinates":[121.515373,25.013719]}},{"type":"Feature","properties":{"id":"osm:node:13443058102","name":"茶的魔手","category":"cafe","name_en":"Tea & Magic Hand","cuisine":"bubble_tea","brand":"茶的魔手"},"geometry":{"type":"Point","coordinates":[121.554274,25.030092]}},{"type":"Feature","properties":{"id":"osm:node:13443058103","name":"一沐日","category":"cafe","name_en":"A nice Holiday","cuisine":"bubble_tea","brand":"一沐日"},"geometry":{"type":"Point","coordinates":[121.554126,25.030183]}},{"type":"Feature","properties":{"id":"osm:node:13447525901","name":"G'Day Coffee","category":"cafe","opening_hours":"Tu-Su 10:00-18:00"},"geometry":{"type":"Point","coordinates":[121.551869,25.043354]}},{"type":"Feature","properties":{"id":"osm:node:13461577601","name":"珈啡所在 Coffee Field","category":"cafe"},"geometry":{"type":"Point","coordinates":[121.518833,25.06395]}},{"type":"Feature","properties":{"id":"osm:node:13462219701","name":"根本在旅行-內湖昇恆昌旗艦店","category":"cafe"},"geometry":{"type":"Point","coordinates":[121.588122,25.064477]}},{"type":"Feature","properties":{"id":"osm:node:13462231301","name":"玖仰 Jiuyang-信陽門市","category":"cafe"},"geometry":{"type":"Point","coordinates":[121.516254,25.044516]}},{"type":"Feature","properties":{"id":"osm:node:13462251101","name":"GinGin Coffee 忠孝本店","category":"cafe"},"geometry":{"type":"Point","coordinates":[121.531286,25.041003]}},{"type":"Feature","properties":{"id":"osm:node:13462268101","name":"Sky Cofi 咖啡館","category":"cafe"},"geometry":{"type":"Point","coordinates":[121.5462,25.052062]}},{"type":"Feature","properties":{"id":"osm:node:13463177001","name":"墨羚找食","category":"cafe"},"geometry":{"type":"Point","coordinates":[121.564554,25.058026]}},{"type":"Feature","properties":{"id":"osm:node:13476101501","name":"Mushin Noshin","category":"cafe"},"geometry":{"type":"Point","coordinates":[121.550595,25.040367]}},{"type":"Feature","properties":{"id":"osm:node:13476587881","name":"珍珠之王","category":"cafe","name_en":"BUBBLE KING","cuisine":"bubble_tea"},"geometry":{"type":"Point","coordinates":[121.508203,25.043874]}},{"type":"Feature","properties":{"id":"osm:node:13478272311","name":"現打鮮蔬果汁","category":"cafe","cuisine":"juice"},"geometry":{"type":"Point","coordinates":[121.524963,25.037035]}},{"type":"Feature","properties":{"id":"osm:node:13478272312","name":"時時咖啡","category":"cafe","name_en":"TokiDoki Coffee Roastery","opening_hours":"Mo-Su 08:30-16:00"},"geometry":{"type":"Point","coordinates":[121.524945,25.036988]}},{"type":"Feature","properties":{"id":"osm:node:13494982504","name":"可能存在的遊樂園","category":"cafe","name_en":"CollaPlay","opening_hours":"Mo-Su 10:00-22:00; PH closed"},"geometry":{"type":"Point","coordinates":[121.505274,25.045462]}},{"type":"Feature","properties":{"id":"osm:node:13505434101","name":"走咖啡 Gofor Cafe","category":"cafe"},"geometry":{"type":"Point","coordinates":[121.547612,25.043187]}},{"type":"Feature","properties":{"id":"osm:node:13505525701","name":"路易莎咖啡","category":"cafe","name_en":"Louisa Coffee","cuisine":"coffee_shop","brand":"路易莎咖啡"},"geometry":{"type":"Point","coordinates":[121.55184,25.039528]}},{"type":"Feature","properties":{"id":"osm:node:13505525801","name":"Cama 咖啡","category":"cafe"},"geometry":{"type":"Point","coordinates":[121.55185,25.039387]}},{"type":"Feature","properties":{"id":"osm:node:13523027701","name":"路易．莎咖啡(城中店)","category":"cafe"},"geometry":{"type":"Point","coordinates":[121.510864,25.046056]}},{"type":"Feature","properties":{"id":"osm:node:13523027702","name":"路易莎咖啡(寶慶店)","category":"cafe"},"geometry":{"type":"Point","coordinates":[121.509884,25.042105]}},{"type":"Feature","properties":{"id":"osm:node:13523737911","name":"布里斯哞","category":"cafe","name_en":"Bellissimo Coffee","cuisine":"coffee_shop","opening_hours":"Mo-Fr 07:00-17:00,Sa-Su 08:00-17:00"},"geometry":{"type":"Point","coordinates":[121.527967,25.021177]}},{"type":"Feature","properties":{"id":"osm:node:13527677002","name":"Changing Cafe/淺淾咖啡","category":"cafe"},"geometry":{"type":"Point","coordinates":[121.518448,25.115873]}},{"type":"Feature","properties":{"id":"osm:node:13535823701","name":"CAMA CAFE 蘆洲中山店","category":"cafe"},"geometry":{"type":"Point","coordinates":[121.472071,25.081552]}},{"type":"Feature","properties":{"id":"osm:node:13542418440","name":"一沐日","category":"cafe","name_en":"A nice Holiday","cuisine":"bubble_tea","brand":"一沐日","opening_hours":"10:00-21:00"},"geometry":{"type":"Point","coordinates":[121.521505,25.052064]}},{"type":"Feature","properties":{"id":"osm:node:13545344501","name":"Always Been Good","category":"cafe"},"geometry":{"type":"Point","coordinates":[121.559752,25.025147]}},{"type":"Feature","properties":{"id":"osm:node:13551037101","name":"木咖 Horoka","category":"cafe"},"geometry":{"type":"Point","coordinates":[121.504817,25.03926]}},{"type":"Feature","properties":{"id":"osm:node:13551478801","name":"Twatutia","category":"cafe"},"geometry":{"type":"Point","coordinates":[121.509375,25.053483]}},{"type":"Feature","properties":{"id":"osm:node:13563403901","name":"星巴克","category":"cafe","name_en":"Starbucks","cuisine":"coffee_shop","brand":"星巴克"},"geometry":{"type":"Point","coordinates":[121.553941,25.041193]}},{"type":"Feature","properties":{"id":"osm:node:13563572832","name":"D23咖啡","category":"cafe"},"geometry":{"type":"Point","coordinates":[121.537277,25.055792]}},{"type":"Feature","properties":{"id":"osm:node:13563573402","name":"Wood White","category":"cafe"},"geometry":{"type":"Point","coordinates":[121.525026,25.045531]}},{"type":"Feature","properties":{"id":"osm:node:13563574401","name":"Tutukaki","category":"cafe"},"geometry":{"type":"Point","coordinates":[121.524968,25.045552]}},{"type":"Feature","properties":{"id":"osm:node:13580286101","name":"星巴克","category":"cafe","cuisine":"coffee_shop"},"geometry":{"type":"Point","coordinates":[121.54922,25.031019]}},{"type":"Feature","properties":{"id":"osm:node:13580292502","name":"路易莎咖啡","category":"cafe","cuisine":"coffee_shop"},"geometry":{"type":"Point","coordinates":[121.551935,25.024043]}},{"type":"Feature","properties":{"id":"osm:node:13580304501","name":"路易莎咖啡","category":"cafe","cuisine":"coffee_shop"},"geometry":{"type":"Point","coordinates":[121.549083,25.024869]}},{"type":"Feature","properties":{"id":"osm:node:13586525792","name":"Italia","category":"cafe"},"geometry":{"type":"Point","coordinates":[121.459402,25.013484]}},{"type":"Feature","properties":{"id":"osm:node:13597389250","name":"Tian Liang","category":"cafe","cuisine":"bubble_tea"},"geometry":{"type":"Point","coordinates":[121.510675,25.055582]}},{"type":"Feature","properties":{"id":"osm:node:13604563201","name":"四維咖啡商號","category":"cafe","name_en":"Café 4 Way","cuisine":"asian;chinese;curry;sandwich","opening_hours":"We-Mo 09:30-18:00"},"geometry":{"type":"Point","coordinates":[121.558368,25.059473]}},{"type":"Feature","properties":{"id":"osm:node:13608802737","name":"妳有咖啡 neo cafe","category":"cafe","name_en":"neo cafe","cuisine":"western;coffee_shop"},"geometry":{"type":"Point","coordinates":[121.50505,25.045708]}},{"type":"Feature","properties":{"id":"osm:node:13609038354","name":"Cafe!N","category":"cafe","cuisine":"coffee_shop"},"geometry":{"type":"Point","coordinates":[121.554978,25.083902]}},{"type":"Feature","properties":{"id":"osm:node:13612559385","name":"莫古咖啡","category":"cafe","name_en":"MEET GRACE COFFEE","cuisine":"dessert;coffee_shop","opening_hours":"Mo,We-Su 10:00-18:00"},"geometry":{"type":"Point","coordinates":[121.517656,25.026222]}},{"type":"Feature","properties":{"id":"osm:node:13615461042","name":"85度C","category":"cafe","name_en":"85°C Bakery Cafe","cuisine":"coffee_shop","brand":"85度C"},"geometry":{"type":"Point","coordinates":[121.53682,25.015286]}},{"type":"Feature","properties":{"id":"osm:node:13616054587","name":"墨歐早午餐","category":"cafe","name_en":"MELB & CO.","opening_hours":"We-Su 09:00-18:00; Mo,Tu off"},"geometry":{"type":"Point","coordinates":[121.516612,25.030625]}},{"type":"Feature","properties":{"id":"osm:node:13616246454","name":"Bellini Kaffe","category":"cafe"},"geometry":{"type":"Point","coordinates":[121.548406,25.033771]}},{"type":"Feature","properties":{"id":"osm:node:13651445101","name":"有地咖啡","category":"cafe","name_en":"UDE Café","cuisine":"cake;coffee_shop","opening_hours":"Su-Tu, Th 13:00-20:00; Fr-Sa 13:00-21:00"},"geometry":{"type":"Point","coordinates":[121.506827,25.046493]}},{"type":"Feature","properties":{"id":"osm:node:13654012201","name":"Sabor","category":"cafe"},"geometry":{"type":"Point","coordinates":[121.53331,25.053691]}},{"type":"Feature","properties":{"id":"osm:node:13700805322","name":"隱家茶寮","category":"cafe","cuisine":"coffee_shop;蛋糕店;japanese"},"geometry":{"type":"Point","coordinates":[121.652198,25.063513]}},{"type":"Feature","properties":{"id":"osm:node:13702887001","name":"蝕咖啡","category":"cafe","name_en":"ECLIPSE CAFE","opening_hours":"Tu-Su 11:00-21:00; Mo 00:00-24:00"},"geometry":{"type":"Point","coordinates":[121.583062,25.040263]}},{"type":"Feature","properties":{"id":"osm:node:13704831301","name":"Tzubi coffee","category":"cafe"},"geometry":{"type":"Point","coordinates":[121.551616,25.039375]}},{"type":"Feature","properties":{"id":"osm:node:13712764714","name":"Kokorolia 心物語 Maid Café","category":"cafe","cuisine":"coffee_shop","opening_hours":"Mo-Su 12:00-21:30"},"geometry":{"type":"Point","coordinates":[121.510325,25.044926]}},{"type":"Feature","properties":{"id":"osm:node:13713899338","name":"萌姬女僕咖啡館","category":"cafe","opening_hours":"Mo-Su 12:00-16:30 17:00-21:30"},"geometry":{"type":"Point","coordinates":[121.507707,25.042841]}},{"type":"Feature","properties":{"id":"osm:node:13713905682","name":"蕾菲亞女僕咖啡廳","category":"cafe","opening_hours":"Mo-Fr 14:00-22:00 Sa-Su 12:00~22:00"},"geometry":{"type":"Point","coordinates":[121.50649,25.040816]}},{"type":"Feature","properties":{"id":"osm:node:13728693974","name":"清心福全","category":"cafe","name_en":"Ching Shin","cuisine":"bubble_tea","brand":"清心福全","opening_hours":"Mo-Su 10:30-22:30"},"geometry":{"type":"Point","coordinates":[121.498978,25.005139]}},{"type":"Feature","properties":{"id":"osm:node:13728726953","name":"自由溫室深夜咖啡廳梟bravecoffee","category":"cafe","cuisine":"coffee_shop","opening_hours":"Tu-Su 11:00-00:00"},"geometry":{"type":"Point","coordinates":[121.510619,25.003238]}},{"type":"Feature","properties":{"id":"osm:node:13728730115","name":"Coco","category":"cafe","cuisine":"coffee_shop;bubble_tea;tea;juice","opening_hours":"Mo-Su 10:30-21:15"},"geometry":{"type":"Point","coordinates":[121.498791,25.005292]}},{"type":"Feature","properties":{"id":"osm:node:13728730744","name":"囧貓苑子","category":"cafe","cuisine":"italian;coffee_shop;pizza;pasta;tea;salad","opening_hours":"Sa-Su 11:30-20:00"},"geometry":{"type":"Point","coordinates":[121.523207,25.009233]}},{"type":"Feature","properties":{"id":"osm:node:13728740482","name":"先喝道","category":"cafe","name_en":"Tao-Tao Tea","cuisine":"bubble_tea","brand":"先喝道","opening_hours":"Mo-Su 10:00-21:50"},"geometry":{"type":"Point","coordinates":[121.522703,24.99974]}},{"type":"Feature","properties":{"id":"osm:node:13729166516","name":"Longbridge Cafe","category":"cafe","cuisine":"coffee_shop"},"geometry":{"type":"Point","coordinates":[121.509737,25.045558]}},{"type":"Feature","properties":{"id":"osm:node:13744440113","name":"小青苑 Cyan Cafe","category":"cafe","cuisine":"coffee_shop;dessert","opening_hours":"Mo-Sa 13:00-19:00"},"geometry":{"type":"Point","coordinates":[121.567098,25.042439]}},{"type":"Feature","properties":{"id":"osm:node:13776271416","name":"Saturn Landing Turkish Coffee","category":"cafe"},"geometry":{"type":"Point","coordinates":[121.562978,25.040266]}},{"type":"Feature","properties":{"id":"osm:node:13784015381","name":"杉旅森林 Coffee Roaster","category":"cafe"},"geometry":{"type":"Point","coordinates":[121.53441,25.16858]}},{"type":"Feature","properties":{"id":"osm:node:13793398372","name":"鶴茶樓","category":"cafe","name_en":"Hechalou Tea","cuisine":"bubble_tea","brand":"鶴茶樓"},"geometry":{"type":"Point","coordinates":[121.520506,25.052086]}},{"type":"Feature","properties":{"id":"osm:node:13796696071","name":"迷上甜點","category":"cafe","name_en":"Mignon Patisserie","cuisine":"coffee_shop","brand":"迷上甜點","opening_hours":"Mo-Su 12:30-20:30"},"geometry":{"type":"Point","coordinates":[121.5215,25.050049]}},{"type":"Feature","properties":{"id":"osm:node:13796749824","name":"CHAFFEE","category":"cafe","cuisine":"bubble_tea"},"geometry":{"type":"Point","coordinates":[121.520564,25.052144]}},{"type":"Feature","properties":{"id":"osm:node:13798197867","name":"Utroo café","category":"cafe","opening_hours":"Mo-We, Fr-Su 12:00-19:00"},"geometry":{"type":"Point","coordinates":[121.571091,25.040386]}},{"type":"Feature","properties":{"id":"osm:node:13807571701","name":"皮皮手做千層蛋糕","category":"cafe"},"geometry":{"type":"Point","coordinates":[121.588011,25.046468]}},{"type":"Feature","properties":{"id":"osm:node:13882651312","name":"余白yohaku coffee","category":"cafe","cuisine":"coffee_shop"},"geometry":{"type":"Point","coordinates":[121.549335,24.989509]}},{"type":"Feature","properties":{"id":"osm:node:13906200293","name":"Oasis","category":"cafe","cuisine":"coffee_shop"},"geometry":{"type":"Point","coordinates":[121.523454,25.066313]}},{"type":"Feature","properties":{"id":"osm:node:13911717992","name":"星巴克","category":"cafe","name_en":"Starbucks","cuisine":"coffee_shop","brand":"星巴克"},"geometry":{"type":"Point","coordinates":[121.605554,25.053986]}},{"type":"Feature","properties":{"id":"osm:node:13911937747","name":"星巴克","category":"cafe","name_en":"Starbucks","cuisine":"coffee_shop","brand":"星巴克"},"geometry":{"type":"Point","coordinates":[121.592344,25.053233]}},{"type":"Feature","properties":{"id":"osm:node:13914243106","name":"這島咖啡","category":"cafe","opening_hours":"Mo, Tu, Th-Su 13:00-23:00"},"geometry":{"type":"Point","coordinates":[121.514515,25.032426]}},{"type":"Feature","properties":{"id":"osm:node:13915793201","name":"樂透咖啡","category":"cafe","name_en":"Lottery & Cafe."},"geometry":{"type":"Point","coordinates":[121.513986,25.043211]}},{"type":"Feature","properties":{"id":"osm:node:13916780218","name":"烘培者咖啡","category":"cafe","name_en":"RoastTing Coffee","cuisine":"coffee_shop"},"geometry":{"type":"Point","coordinates":[121.586753,25.057705]}},{"type":"Feature","properties":{"id":"osm:node:13921939929","name":"龜記","category":"cafe","cuisine":"bubble_tea"},"geometry":{"type":"Point","coordinates":[121.504532,24.993343]}},{"type":"Feature","properties":{"id":"osm:node:13926600548","name":"星巴克","category":"cafe","name_en":"Starbucks","cuisine":"coffee_shop","brand":"星巴克"},"geometry":{"type":"Point","coordinates":[121.519549,25.052641]}},{"type":"Feature","properties":{"id":"osm:node:13961818397","name":"來速咖啡 CUP&GO","category":"cafe"},"geometry":{"type":"Point","coordinates":[121.473036,25.085441]}},{"type":"Feature","properties":{"id":"osm:node:1397157195","name":"85度C","category":"cafe","name_en":"85°C Bakery Cafe","cuisine":"coffee_shop","brand":"85度C","opening_hours":"Mo-Su 07:00-23:00"},"geometry":{"type":"Point","coordinates":[121.471099,25.024094]}},{"type":"Feature","properties":{"id":"osm:node:13995734470","name":"Coffee Smith","category":"cafe","cuisine":"coffee_shop;brunch"},"geometry":{"type":"Point","coordinates":[121.518458,25.116384]}},{"type":"Feature","properties":{"id":"osm:node:13995777941","name":"巧晨咖啡館","category":"cafe","cuisine":"coffee_shop;chinese;italian"},"geometry":{"type":"Point","coordinates":[121.517834,25.115494]}},{"type":"Feature","properties":{"id":"osm:node:13996894221","name":"清心福全","category":"cafe","name_en":"Ching Shin","cuisine":"bubble_tea","brand":"清心福全","opening_hours":"Mo-Su 10:00-22:50"},"geometry":{"type":"Point","coordinates":[121.5319,25.048367]}},{"type":"Feature","properties":{"id":"osm:node:13997746293","name":"茗京萃","category":"cafe"},"geometry":{"type":"Point","coordinates":[121.532007,25.048359]}},{"type":"Feature","properties":{"id":"osm:node:14002390322","name":"85度C","category":"cafe","name_en":"85°C Bakery Cafe","cuisine":"coffee_shop","brand":"85度C","opening_hours":"Mo-Su 07:00-24:00"},"geometry":{"type":"Point","coordinates":[121.491302,25.079461]}},{"type":"Feature","properties":{"id":"osm:node:14002390323","name":"85度C","category":"cafe","name_en":"85°C Bakery Cafe","cuisine":"coffee_shop","brand":"85度C","opening_hours":"Mo-Su 07:00-23:00"},"geometry":{"type":"Point","coordinates":[121.492845,25.067596]}},{"type":"Feature","properties":{"id":"osm:node:14002390324","name":"85度C","category":"cafe","name_en":"85°C Bakery Cafe","cuisine":"coffee_shop","brand":"85度C","opening_hours":"Mo-Su 07:30-23:00"},"geometry":{"type":"Point","coordinates":[121.485423,25.077183]}},{"type":"Feature","properties":{"id":"osm:node:14002634593","name":"85度C","category":"cafe","name_en":"85°C Bakery Cafe","cuisine":"coffee_shop","brand":"85度C","opening_hours":"Mo-Su 06:00-00:30"},"geometry":{"type":"Point","coordinates":[121.468955,25.003425]}},{"type":"Feature","properties":{"id":"osm:node:14002634596","name":"85度C","category":"cafe","name_en":"85°C Bakery Cafe","cuisine":"coffee_shop","brand":"85度C","opening_hours":"Mo-Su 06:30-21:00"},"geometry":{"type":"Point","coordinates":[121.469997,24.989731]}},{"type":"Feature","properties":{"id":"osm:node:14002634598","name":"85度C","category":"cafe","name_en":"85°C Bakery Cafe","cuisine":"coffee_shop","brand":"85度C","opening_hours":"Mo-Su 07:00-22:00"},"geometry":{"type":"Point","coordinates":[121.465394,25.025086]}},{"type":"Feature","properties":{"id":"osm:node:14002634599","name":"85度C","category":"cafe","name_en":"85°C Bakery Cafe","cuisine":"coffee_shop","brand":"85度C","opening_hours":"Mo-Su 07:00-22:00"},"geometry":{"type":"Point","coordinates":[121.462595,25.002083]}},{"type":"Feature","properties":{"id":"osm:node:14002634600","name":"85度C","category":"cafe","name_en":"85°C Bakery Cafe","cuisine":"coffee_shop","brand":"85度C","opening_hours":"Mo-Su 07:00-23:00"},"geometry":{"type":"Point","coordinates":[121.456371,25.007287]}},{"type":"Feature","properties":{"id":"osm:node:14027964141","name":"Bridge Coffee Roastery 橋咖啡","category":"cafe"},"geometry":{"type":"Point","coordinates":[121.559901,25.085372]}},{"type":"Feature","properties":{"id":"osm:node:14030079350","name":"來速咖啡","category":"cafe"},"geometry":{"type":"Point","coordinates":[121.555677,25.032758]}},{"type":"Feature","properties":{"id":"osm:node:14050448474","name":"COMEBUY 臺灣科大店","category":"cafe","cuisine":"tea"},"geometry":{"type":"Point","coordinates":[121.542698,25.012927]}},{"type":"Feature","properties":{"id":"osm:node:14050448475","name":"清心福全","category":"cafe","name_en":"Ching Shin","cuisine":"bubble_tea","brand":"清心福全"},"geometry":{"type":"Point","coordinates":[121.54248,25.014125]}},{"type":"Feature","properties":{"id":"osm:node:14057812885","name":"登機門咖啡","category":"cafe"},"geometry":{"type":"Point","coordinates":[121.533878,25.053708]}},{"type":"Feature","properties":{"id":"osm:node:14062941126","name":"路易莎咖啡","category":"cafe","name_en":"Louisa Coffee","cuisine":"coffee_shop","brand":"路易莎咖啡"},"geometry":{"type":"Point","coordinates":[121.522261,25.039063]}},{"type":"Feature","properties":{"id":"osm:node:14069643374","name":"Danesi Caffè Taiwan","category":"cafe","cuisine":"coffee_shop","opening_hours":"Mo-Fr 09:00-12:00 13:00-18:00"},"geometry":{"type":"Point","coordinates":[121.567329,25.042877]}},{"type":"Feature","properties":{"id":"osm:node:14078695891","name":"CoCo都可","category":"cafe","name_en":"CoCo Fresh Tea & Juice","cuisine":"bubble_tea","brand":"CoCo都可"},"geometry":{"type":"Point","coordinates":[121.517725,25.046364]}},{"type":"Feature","properties":{"id":"osm:node:14085543745","name":"雪球咖啡","category":"cafe"},"geometry":{"type":"Point","coordinates":[121.554503,25.024186]}},{"type":"Feature","properties":{"id":"osm:node:14089049377","name":"Güt Co. Cafe","category":"cafe","cuisine":"coffee_shop","opening_hours":"Mo 13:30-20:30; Tu off; We-Su 10:30-18:00"},"geometry":{"type":"Point","coordinates":[121.548226,25.035643]}},{"type":"Feature","properties":{"id":"osm:node:1411751321","name":"茶的魔手","category":"cafe","name_en":"Tea & Magic Hand","cuisine":"bubble_tea","brand":"茶的魔手"},"geometry":{"type":"Point","coordinates":[121.462281,24.99609]}},{"type":"Feature","properties":{"id":"osm:node:14127616969","name":"Cama Cafe","category":"cafe","cuisine":"coffee_shop"},"geometry":{"type":"Point","coordinates":[121.522802,25.049681]}},{"type":"Feature","properties":{"id":"osm:node:1720014706","name":"溫莎小品","category":"cafe"},"geometry":{"type":"Point","coordinates":[121.551366,25.080093]}},{"type":"Feature","properties":{"id":"osm:node:1720016588","name":"星巴克","category":"cafe","name_en":"Starbucks","cuisine":"coffee_shop","brand":"星巴克"},"geometry":{"type":"Point","coordinates":[121.546197,25.083568]}},{"type":"Feature","properties":{"id":"osm:node:1720016589","name":"西雅圖極品咖啡","category":"cafe","name_en":"Barista Coffee","cuisine":"coffee_shop","brand":"西雅圖極品咖啡","opening_hours":"Mo-Su 07:00-21:00"},"geometry":{"type":"Point","coordinates":[121.5502,25.080156]}},{"type":"Feature","properties":{"id":"osm:node:1720282435","name":"星巴克","category":"cafe","name_en":"Starbucks","cuisine":"coffee_shop","brand":"星巴克"},"geometry":{"type":"Point","coordinates":[121.613124,25.05809]}},{"type":"Feature","properties":{"id":"osm:node:1720282437","name":"星巴克","category":"cafe","name_en":"Starbucks","cuisine":"coffee_shop","brand":"星巴克"},"geometry":{"type":"Point","coordinates":[121.611944,25.057256]}},{"type":"Feature","properties":{"id":"osm:node:1727357661","name":"威爾貝克手烘咖啡","category":"cafe","name_en":"Wilbeck","cuisine":"coffee_shop"},"geometry":{"type":"Point","coordinates":[121.515653,25.044566]}},{"type":"Feature","properties":{"id":"osm:node:1735966199","name":"怡客咖啡","category":"cafe","name_en":"Ikari Coffee","cuisine":"coffee_shop","opening_hours":"Mo-Su 07:00-22:30"},"geometry":{"type":"Point","coordinates":[121.518769,25.029302]}},{"type":"Feature","properties":{"id":"osm:node:1796775323","name":"TIMAMA","category":"cafe"},"geometry":{"type":"Point","coordinates":[121.577511,25.075533]}},{"type":"Feature","properties":{"id":"osm:node:1832923214","name":"星巴克","category":"cafe","name_en":"Starbucks","cuisine":"coffee_shop","brand":"星巴克"},"geometry":{"type":"Point","coordinates":[121.567078,25.082327]}},{"type":"Feature","properties":{"id":"osm:node:1837838072","name":"覺旅咖啡","category":"cafe","name_en":"Journey Kaffe","cuisine":"international","opening_hours":"Mo-Su 09:00-21:00"},"geometry":{"type":"Point","coordinates":[121.568119,25.080528]}},{"type":"Feature","properties":{"id":"osm:node:1837961146","name":"星巴克","category":"cafe","name_en":"Starbucks","cuisine":"coffee_shop","brand":"星巴克"},"geometry":{"type":"Point","coordinates":[121.570475,25.081007]}},{"type":"Feature","properties":{"id":"osm:node:1843811036","name":"星巴克","category":"cafe","name_en":"Starbucks","cuisine":"coffee_shop","brand":"星巴克"},"geometry":{"type":"Point","coordinates":[121.51623,25.116529]}},{"type":"Feature","properties":{"id":"osm:node:1944052154","name":"SEASON Cuisine Pâtissiartism","category":"cafe"},"geometry":{"type":"Point","coordinates":[121.546222,25.077993]}},{"type":"Feature","properties":{"id":"osm:node:1946350910","name":"Coco","category":"cafe"},"geometry":{"type":"Point","coordinates":[121.546429,25.083007]}},{"type":"Feature","properties":{"id":"osm:node:1946350915","name":"50嵐","category":"cafe","name_en":"50 Lan","cuisine":"bubble_tea","brand":"50嵐"},"geometry":{"type":"Point","coordinates":[121.546428,25.083065]}},{"type":"Feature","properties":{"id":"osm:node:1973476982","name":"星巴克","category":"cafe","name_en":"Starbucks","cuisine":"coffee_shop","brand":"星巴克"},"geometry":{"type":"Point","coordinates":[121.531706,25.041997]}},{"type":"Feature","properties":{"id":"osm:node:1982299403","name":"RUFOUS COFFEE ROASTERS","category":"cafe","name_en":"RUFOUS","cuisine":"coffee_shop","opening_hours":"Fr-We 13:00-22:00"},"geometry":{"type":"Point","coordinates":[121.543589,25.023498]}},{"type":"Feature","properties":{"id":"osm:node:1992113481","name":"星巴克","category":"cafe","name_en":"Starbucks","cuisine":"coffee_shop","brand":"星巴克"},"geometry":{"type":"Point","coordinates":[121.592903,25.0687]}},{"type":"Feature","properties":{"id":"osm:node:1993453983","name":"星巴克","category":"cafe","name_en":"Starbucks","cuisine":"coffee_shop","brand":"星巴克"},"geometry":{"type":"Point","coordinates":[121.556764,25.083584]}},{"type":"Feature","properties":{"id":"osm:node:1993682446","name":"找點心","category":"cafe","name_en":"Find Cafe","opening_hours":"Mo-Su 10:00-20:00"},"geometry":{"type":"Point","coordinates":[121.531257,25.025393]}},{"type":"Feature","properties":{"id":"osm:node:1995088872","name":"星巴克","category":"cafe","name_en":"Starbucks","cuisine":"coffee_shop","brand":"星巴克"},"geometry":{"type":"Point","coordinates":[121.573287,25.079036]}},{"type":"Feature","properties":{"id":"osm:node:2034846820","name":"吃飽喝醉","category":"cafe","name_en":"Guru House","cuisine":"burger;cafe"},"geometry":{"type":"Point","coordinates":[121.53189,25.019438]}},{"type":"Feature","properties":{"id":"osm:node:2058250154","name":"靈感咖啡","category":"cafe","name_en":"My Desy","cuisine":"coffee_shop","opening_hours":"Mo-Fr 10:30-22:00; Sa-Su 13:00-22:00"},"geometry":{"type":"Point","coordinates":[121.53349,25.018912]}},{"type":"Feature","properties":{"id":"osm:node:2059724803","name":"貳貳","category":"cafe"},"geometry":{"type":"Point","coordinates":[121.546775,25.056199]}},{"type":"Feature","properties":{"id":"osm:node:2077766640","name":"星巴克","category":"cafe","name_en":"Starbucks","cuisine":"coffee_shop","brand":"星巴克"},"geometry":{"type":"Point","coordinates":[121.611645,25.069864]}},{"type":"Feature","properties":{"id":"osm:node:2079684617","name":"老叢茶舖","category":"cafe"},"geometry":{"type":"Point","coordinates":[121.529184,25.044558]}},{"type":"Feature","properties":{"id":"osm:node:2081019330","name":"加爾第咖啡","category":"cafe","opening_hours":"Mo-Sa 10:00-22:00,Last Thr off"},"geometry":{"type":"Point","coordinates":[121.56284,25.028704]}},{"type":"Feature","properties":{"id":"osm:node:2085444960","name":"Dulu Coffee Shop","category":"cafe","cuisine":"coffee_shop","opening_hours":"We-Mo 14:00-22:00"},"geometry":{"type":"Point","coordinates":[121.524875,25.026486]}},{"type":"Feature","properties":{"id":"osm:node:2086050788","name":"tutti home","category":"cafe","name_en":"AMARE coffee","cuisine":"coffee_shop","opening_hours":"Tu-Fr 11:00-20:30; Sa-Su 12:30-20:30"},"geometry":{"type":"Point","coordinates":[121.614411,25.066311]}},{"type":"Feature","properties":{"id":"osm:node:2090614029","name":"閾靈咖啡館","category":"cafe","name_en":"The Fairy Cafe","cuisine":"south_african_bistro","opening_hours":"Tu-Fr 10:30-21:30; Sa-Su 09:30-21:30"},"geometry":{"type":"Point","coordinates":[121.542,24.972174]}},{"type":"Feature","properties":{"id":"osm:node:2094919984","name":"天仁茗茶","category":"cafe","name_en":"TenRen's Tea","cuisine":"bubble_tea","brand":"天仁茗茶"},"geometry":{"type":"Point","coordinates":[121.511775,25.042158]}},{"type":"Feature","properties":{"id":"osm:node:2094938655","name":"coco 都可茶飲","category":"cafe","cuisine":"drinks"},"geometry":{"type":"Point","coordinates":[121.527142,25.034366]}},{"type":"Feature","properties":{"id":"osm:node:2094941419","name":"緑逗薏人","category":"cafe","cuisine":"drinks"},"geometry":{"type":"Point","coordinates":[121.527142,25.034461]}},{"type":"Feature","properties":{"id":"osm:node:2136854023","name":"伯朗咖啡館","category":"cafe","name_en":"Mr. Brown","cuisine":"coffee_shop","brand":"Mr. Brown 伯朗咖啡館","opening_hours":"Mo-Fr 07:00-22:00; Sa-Su 07:30-22:00"},"geometry":{"type":"Point","coordinates":[121.536343,25.051763]}},{"type":"Feature","properties":{"id":"osm:node:2137219932","name":"星巴克","category":"cafe","name_en":"Starbucks","cuisine":"coffee_shop","brand":"星巴克"},"geometry":{"type":"Point","coordinates":[121.543837,25.033577]}},{"type":"Feature","properties":{"id":"osm:node:2137510669","name":"聞山咖啡 永春有貓店","category":"cafe","cuisine":"cake","opening_hours":"Mo-Su 12:00-20:00"},"geometry":{"type":"Point","coordinates":[121.576363,25.039863]}},{"type":"Feature","properties":{"id":"osm:node:2142307112","name":"葛蕾絲咖啡館","category":"cafe"},"geometry":{"type":"Point","coordinates":[121.520061,25.050705]}},{"type":"Feature","properties":{"id":"osm:node:2142307116","name":"85度C","category":"cafe","name_en":"85°C Bakery Cafe","cuisine":"coffee_shop","brand":"85度C"},"geometry":{"type":"Point","coordinates":[121.51995,25.050295]}},{"type":"Feature","properties":{"id":"osm:node:2144323914","name":"丹堤咖啡","category":"cafe","name_en":"Dandi Café"},"geometry":{"type":"Point","coordinates":[121.534485,25.062254]}},{"type":"Feature","properties":{"id":"osm:node:2146172802","name":"西雅圖極品咖啡","category":"cafe","name_en":"Barista Coffee","cuisine":"coffee_shop","brand":"西雅圖極品咖啡","opening_hours":"Mo-Su 07:00-21:00"},"geometry":{"type":"Point","coordinates":[121.541132,25.062575]}},{"type":"Feature","properties":{"id":"osm:node:2147393714","name":"丹堤咖啡","category":"cafe"},"geometry":{"type":"Point","coordinates":[121.533468,25.063823]}},{"type":"Feature","properties":{"id":"osm:node:2150409176","name":"星巴克","category":"cafe","name_en":"Starbucks","cuisine":"coffee_shop","brand":"星巴克","opening_hours":"Mo-Th 07:30-23:00, Fr-Sa 07:00-02:30, Su 07:30-23:00"},"geometry":{"type":"Point","coordinates":[121.537215,25.052236]}},{"type":"Feature","properties":{"id":"osm:node:2157316896","name":"歐客佬長春店(原松江店)","category":"cafe","name_en":"Oklao Speciality Coffee (formerly Sonjiang store)","opening_hours":"Mo-Fr 10:00-19:00"},"geometry":{"type":"Point","coordinates":[121.531031,25.054947]}},{"type":"Feature","properties":{"id":"osm:node:2157329681","name":"丹堤咖啡","category":"cafe"},"geometry":{"type":"Point","coordinates":[121.532906,25.058277]}},{"type":"Feature","properties":{"id":"osm:node:2157329683","name":"星巴克","category":"cafe","name_en":"Starbucks","cuisine":"coffee_shop","brand":"星巴克","opening_hours":"Mo-Su 07:00-21:30"},"geometry":{"type":"Point","coordinates":[121.532917,25.057789]}},{"type":"Feature","properties":{"id":"osm:node:2163466091","name":"85度C","category":"cafe","name_en":"85°C Bakery Cafe","cuisine":"coffee_shop","brand":"85度C"},"geometry":{"type":"Point","coordinates":[121.530391,25.059991]}},{"type":"Feature","properties":{"id":"osm:node:2171113414","name":"星巴克","category":"cafe","name_en":"Starbucks","cuisine":"coffee_shop","brand":"星巴克","opening_hours":"Mo-Fr 07:00-21:00, Sa-Su 08:00-21:00"},"geometry":{"type":"Point","coordinates":[121.576179,25.075348]}},{"type":"Feature","properties":{"id":"osm:node:2174595773","name":"Coffee+咖啡家","category":"cafe"},"geometry":{"type":"Point","coordinates":[121.539914,25.052441]}},{"type":"Feature","properties":{"id":"osm:node:2174595778","name":"菜鳥咖啡","category":"cafe"},"geometry":{"type":"Point","coordinates":[121.539892,25.052287]}},{"type":"Feature","properties":{"id":"osm:node:2178660017","name":"沐樂咖啡","category":"cafe"},"geometry":{"type":"Point","coordinates":[121.5311,25.042332]}},{"type":"Feature","properties":{"id":"osm:node:2179271668","name":"媞米咖啡","category":"cafe"},"geometry":{"type":"Point","coordinates":[121.551704,25.100824]}},{"type":"Feature","properties":{"id":"osm:node:2179745337","name":"85度C","category":"cafe","name_en":"85°C Bakery Cafe","cuisine":"coffee_shop","brand":"85度C"},"geometry":{"type":"Point","coordinates":[121.540871,25.066066]}},{"type":"Feature","properties":{"id":"osm:node:2188405251","name":"怡客咖啡廳","category":"cafe","name_en":"ikari coffee"},"geometry":{"type":"Point","coordinates":[121.53339,25.060138]}},{"type":"Feature","properties":{"id":"osm:node:2197447288","name":"迷客夏","category":"cafe","name_en":"Milkshop","cuisine":"bubble_tea","brand":"迷客夏"},"geometry":{"type":"Point","coordinates":[121.534704,25.052851]}},{"type":"Feature","properties":{"id":"osm:node:2198983755","name":"默克禮創作工坊","category":"cafe"},"geometry":{"type":"Point","coordinates":[121.591618,25.078678]}},{"type":"Feature","properties":{"id":"osm:node:2207845685","name":"星巴克","category":"cafe","name_en":"Starbucks","cuisine":"coffee_shop","brand":"星巴克"},"geometry":{"type":"Point","coordinates":[121.489217,25.089367]}},{"type":"Feature","properties":{"id":"osm:node:2209949971","name":"星巴克","category":"cafe","name_en":"Starbucks","cuisine":"coffee_shop","brand":"星巴克"},"geometry":{"type":"Point","coordinates":[121.541251,24.967704]}},{"type":"Feature","properties":{"id":"osm:node:2216099453","name":"E61 咖啡場所","category":"cafe","cuisine":"coffee_shop"},"geometry":{"type":"Point","coordinates":[121.515156,25.001765]}},{"type":"Feature","properties":{"id":"osm:node:2222594677","name":"PEG coffee","category":"cafe","cuisine":"coffee_shop","opening_hours":"Mo-Su 14:00-20:00"},"geometry":{"type":"Point","coordinates":[121.554656,25.023235]}},{"type":"Feature","properties":{"id":"osm:node:2230015804","name":"人性空間台大店","category":"cafe"},"geometry":{"type":"Point","coordinates":[121.532096,25.015849]}},{"type":"Feature","properties":{"id":"osm:node:2244030053","name":"cama","category":"cafe"},"geometry":{"type":"Point","coordinates":[121.539368,25.051723]}},{"type":"Feature","properties":{"id":"osm:node:2269707335","name":"首選咖啡","category":"cafe"},"geometry":{"type":"Point","coordinates":[121.588091,24.968244]}},{"type":"Feature","properties":{"id":"osm:node:2278521194","name":"北投紅茶","category":"cafe","cuisine":"bubble_tea"},"geometry":{"type":"Point","coordinates":[121.529226,25.024541]}},{"type":"Feature","properties":{"id":"osm:node:2289018105","name":"爐鍋咖啡","category":"cafe"},"geometry":{"type":"Point","coordinates":[121.466732,25.124248]}},{"type":"Feature","properties":{"id":"osm:node:2290850450","name":"85度C","category":"cafe","name_en":"85°C Bakery Cafe","cuisine":"coffee_shop","brand":"85度C","opening_hours":"Mo-Su 07:00-24:00"},"geometry":{"type":"Point","coordinates":[121.461118,25.018532]}},{"type":"Feature","properties":{"id":"osm:node:2292591821","name":"85度C","category":"cafe","name_en":"85C Bakery Cafe","cuisine":"coffee_shop","brand":"85度C"},"geometry":{"type":"Point","coordinates":[121.517587,24.975302]}},{"type":"Feature","properties":{"id":"osm:node:2293203426","name":"壹咖啡","category":"cafe"},"geometry":{"type":"Point","coordinates":[121.523117,25.06699]}},{"type":"Feature","properties":{"id":"osm:node:2296283851","name":"寄杯咖啡","category":"cafe"},"geometry":{"type":"Point","coordinates":[121.531609,25.051342]}},{"type":"Feature","properties":{"id":"osm:node:2297914131","name":"50嵐","category":"cafe","name_en":"50 Lan","cuisine":"bubble_tea","brand":"50嵐"},"geometry":{"type":"Point","coordinates":[121.592249,25.080071]}},{"type":"Feature","properties":{"id":"osm:node:2297924578","name":"布夏拉提咖啡","category":"cafe"},"geometry":{"type":"Point","coordinates":[121.59248,25.079947]}},{"type":"Feature","properties":{"id":"osm:node:2297956779","name":"茶聚CHAGE","category":"cafe","cuisine":"bubble_tea"},"geometry":{"type":"Point","coordinates":[121.592629,25.079881]}},{"type":"Feature","properties":{"id":"osm:node:2299091779","name":"觀茶入微","category":"cafe"},"geometry":{"type":"Point","coordinates":[121.591921,25.082555]}},{"type":"Feature","properties":{"id":"osm:node:2307156604","name":"茶研觀色","category":"cafe"},"geometry":{"type":"Point","coordinates":[121.591792,25.082456]}},{"type":"Feature","properties":{"id":"osm:node:2307156614","name":"壹咖啡","category":"cafe"},"geometry":{"type":"Point","coordinates":[121.591226,25.081886]}},{"type":"Feature","properties":{"id":"osm:node:2310896584","name":"城市烘焙","category":"cafe"},"geometry":{"type":"Point","coordinates":[121.57923,25.082536]}},{"type":"Feature","properties":{"id":"osm:node:2315944924","name":"50嵐","category":"cafe","name_en":"50 Lan","cuisine":"bubble_tea","brand":"50嵐"},"geometry":{"type":"Point","coordinates":[121.539111,25.002163]}},{"type":"Feature","properties":{"id":"osm:node:2316045625","name":"星巴克","category":"cafe","name_en":"Starbucks","cuisine":"coffee_shop","brand":"星巴克"},"geometry":{"type":"Point","coordinates":[121.575696,24.987806]}},{"type":"Feature","properties":{"id":"osm:node:2318382198","name":"星巴克","category":"cafe","name_en":"Starbucks","cuisine":"coffee_shop","brand":"星巴克","opening_hours":"Mo-Sa 06:30-22:30; Su 07:00-22:30"},"geometry":{"type":"Point","coordinates":[121.522948,25.026798]}},{"type":"Feature","properties":{"id":"osm:node:2320119248","name":"星巴克","category":"cafe","name_en":"Starbucks","cuisine":"coffee_shop","brand":"星巴克","opening_hours":"Mo-Su 07:00-22:30"},"geometry":{"type":"Point","coordinates":[121.504324,25.136224]}},{"type":"Feature","properties":{"id":"osm:node:2320351790","name":"澡咖","category":"cafe"},"geometry":{"type":"Point","coordinates":[121.522362,25.106059]}},{"type":"Feature","properties":{"id":"osm:node:2321736273","name":"小貓花園","category":"cafe","opening_hours":"Mo-Sa 10:00-17:00"},"geometry":{"type":"Point","coordinates":[121.522318,25.102338]}},{"type":"Feature","properties":{"id":"osm:node:2326365546","name":"星巴克","category":"cafe","name_en":"Starbucks","cuisine":"coffee_shop","brand":"星巴克","opening_hours":"Mo-Su 07:30-22:00"},"geometry":{"type":"Point","coordinates":[121.516399,25.045572]}},{"type":"Feature","properties":{"id":"osm:node:2326615554","name":"杯執咖啡茶飲","category":"cafe"},"geometry":{"type":"Point","coordinates":[121.526582,25.049744]}},{"type":"Feature","properties":{"id":"osm:node:2341919465","name":"85度C","category":"cafe","name_en":"85°C Bakery Cafe","cuisine":"coffee_shop","brand":"85度C","opening_hours":"Mo-Su 07:00-23:00"},"geometry":{"type":"Point","coordinates":[121.519907,25.03205]}},{"type":"Feature","properties":{"id":"osm:node:2341924480","name":"Cafe De Gear","category":"cafe","cuisine":"coffee_shop","opening_hours":"Mo-Su 11:00-21:00"},"geometry":{"type":"Point","coordinates":[121.519701,25.032242]}},{"type":"Feature","properties":{"id":"osm:node:2341943647","name":"自然褂","category":"cafe","name_en":"Gobo","cuisine":"bubble_tea"},"geometry":{"type":"Point","coordinates":[121.532455,25.015674]}},{"type":"Feature","properties":{"id":"osm:node:2341954685","name":"五桐號","category":"cafe","name_en":"WooTea","cuisine":"bubble_tea","brand":"五桐號"},"geometry":{"type":"Point","coordinates":[121.522853,25.027252]}},{"type":"Feature","properties":{"id":"osm:node:2357128246","name":"CoCo都可","category":"cafe","name_en":"CoCo Fresh Tea & Juice","cuisine":"bubble_tea","brand":"CoCo都可"},"geometry":{"type":"Point","coordinates":[121.555743,24.99995]}},{"type":"Feature","properties":{"id":"osm:node:2376980936","name":"星巴克","category":"cafe","name_en":"Starbucks","cuisine":"coffee_shop","brand":"星巴克"},"geometry":{"type":"Point","coordinates":[121.556735,25.042414]}},{"type":"Feature","properties":{"id":"osm:node:2378064316","name":"50嵐","category":"cafe","name_en":"50 Lan","cuisine":"bubble_tea","brand":"50嵐"},"geometry":{"type":"Point","coordinates":[121.535096,24.976022]}},{"type":"Feature","properties":{"id":"osm:node:2378064453","name":"丹堤咖啡","category":"cafe"},"geometry":{"type":"Point","coordinates":[121.535239,24.976267]}},{"type":"Feature","properties":{"id":"osm:node:2383980620","name":"Nozomi Bakery","category":"cafe"},"geometry":{"type":"Point","coordinates":[121.528226,25.022482]}},{"type":"Feature","properties":{"id":"osm:node:2386218384","name":"珍咖啡坊","category":"cafe"},"geometry":{"type":"Point","coordinates":[121.526321,25.021986]}},{"type":"Feature","properties":{"id":"osm:node:2386625619","name":"咖啡實驗室","category":"cafe","name_en":"Coffee Lab","opening_hours":"Mo-Th 11:00-20:00,Fr-Su 11:00-21:30"},"geometry":{"type":"Point","coordinates":[121.528591,25.043052]}},{"type":"Feature","properties":{"id":"osm:node:2387011531","name":"I'm Here","category":"cafe"},"geometry":{"type":"Point","coordinates":[121.484087,25.114591]}},{"type":"Feature","properties":{"id":"osm:node:2394959860","name":"八茗茶","category":"cafe","cuisine":"bubble_tea"},"geometry":{"type":"Point","coordinates":[121.452162,25.036899]}},{"type":"Feature","properties":{"id":"osm:node:2398288180","name":"85度C","category":"cafe","name_en":"85°C Bakery Cafe","cuisine":"coffee_shop","brand":"85度C","opening_hours":"24/7"},"geometry":{"type":"Point","coordinates":[121.458328,25.049522]}},{"type":"Feature","properties":{"id":"osm:node:2399354852","name":"85度C麵包坊","category":"cafe"},"geometry":{"type":"Point","coordinates":[121.541214,24.991769]}},{"type":"Feature","properties":{"id":"osm:node:2399354858","name":"CoCo都可","category":"cafe","name_en":"CoCo Fresh Tea & Juice","cuisine":"bubble_tea","brand":"CoCo都可"},"geometry":{"type":"Point","coordinates":[121.541327,24.991008]}},{"type":"Feature","properties":{"id":"osm:node:2406854839","name":"星巴克","category":"cafe","name_en":"Starbucks","cuisine":"coffee_shop","brand":"星巴克"},"geometry":{"type":"Point","coordinates":[121.507479,25.044102]}},{"type":"Feature","properties":{"id":"osm:node:2410134951","name":"京沺屋","category":"cafe","cuisine":"bubble_tea","opening_hours":"Sa-Su 11:30-21:30"},"geometry":{"type":"Point","coordinates":[121.508645,25.044809]}},{"type":"Feature","properties":{"id":"osm:node:2415942438","name":"星巴克","category":"cafe","name_en":"Starbucks","cuisine":"coffee_shop","brand":"星巴克"},"geometry":{"type":"Point","coordinates":[121.549139,25.025481]}},{"type":"Feature","properties":{"id":"osm:node:2440534527","name":"85度C","category":"cafe","name_en":"85°C Bakery Cafe","cuisine":"coffee_shop","brand":"85度C","opening_hours":"Mo-Su 05:00-02:00"},"geometry":{"type":"Point","coordinates":[121.500539,25.036544]}},{"type":"Feature","properties":{"id":"osm:node:2441153348","name":"Solo Beans 咖啡專賣","category":"cafe","cuisine":"coffee_shop","opening_hours":"Mo-Fr 07:30-19:30; Sa-Su 09:00-18:00"},"geometry":{"type":"Point","coordinates":[121.513713,25.043568]}},{"type":"Feature","properties":{"id":"osm:node:2446558825","name":"Metro Cafe","category":"cafe","cuisine":"sandwich;breakfast;coffee_shop","opening_hours":"Mo-Fr 08:00-17:00; Sa 09:00-17:00"},"geometry":{"type":"Point","coordinates":[121.513109,25.043524]}},{"type":"Feature","properties":{"id":"osm:node:2456412700","name":"50嵐","category":"cafe","name_en":"50 Lan","cuisine":"bubble_tea","brand":"50嵐"},"geometry":{"type":"Point","coordinates":[121.542248,25.047393]}},{"type":"Feature","properties":{"id":"osm:node:2456412703","name":"丹堤咖啡","category":"cafe"},"geometry":{"type":"Point","coordinates":[121.542278,25.047302]}},{"type":"Feature","properties":{"id":"osm:node:2460626582","name":"貳茶飲","category":"cafe"},"geometry":{"type":"Point","coordinates":[121.542094,25.047261]}},{"type":"Feature","properties":{"id":"osm:node:2460626586","name":"阿布生活咖啡館","category":"cafe"},"geometry":{"type":"Point","coordinates":[121.543406,25.053225]}},{"type":"Feature","properties":{"id":"osm:node:2462837884","name":"星巴克","category":"cafe","name_en":"Starbucks","cuisine":"coffee_shop","brand":"星巴克"},"geometry":{"type":"Point","coordinates":[121.544338,24.992576]}},{"type":"Feature","properties":{"id":"osm:node:2462841631","name":"聞山咖啡","category":"cafe","cuisine":"coffee_shop"},"geometry":{"type":"Point","coordinates":[121.542075,24.993032]}},{"type":"Feature","properties":{"id":"osm:node:2470163462","name":"Cross Cafe","category":"cafe"},"geometry":{"type":"Point","coordinates":[121.546629,25.038672]}},{"type":"Feature","properties":{"id":"osm:node:2470176170","name":"享Cafe","category":"cafe","opening_hours":"Mo-Fr 07:30-20:00; Sa-Su 08:30-20:00"},"geometry":{"type":"Point","coordinates":[121.547069,25.038709]}},{"type":"Feature","properties":{"id":"osm:node:2473232900","name":"COMEBUY","category":"cafe"},"geometry":{"type":"Point","coordinates":[121.542923,25.022619]}},{"type":"Feature","properties":{"id":"osm:node:2473232910","name":"Oneway Cafe","category":"cafe"},"geometry":{"type":"Point","coordinates":[121.542783,25.02304]}},{"type":"Feature","properties":{"id":"osm:node:2473809733","name":"Coffee Loopy","category":"cafe"},"geometry":{"type":"Point","coordinates":[121.531077,25.016939]}},{"type":"Feature","properties":{"id":"osm:node:2481944776","name":"Fika Fika Cafe","category":"cafe","cuisine":"coffee_shop;sandwich","opening_hours":"Mo-Su 08:00-21:00"},"geometry":{"type":"Point","coordinates":[121.535257,25.05044]}},{"type":"Feature","properties":{"id":"osm:node:2490656632","name":"五桐號","category":"cafe","name_en":"WooTea","cuisine":"bubble_tea","brand":"五桐號"},"geometry":{"type":"Point","coordinates":[121.542018,25.0491]}},{"type":"Feature","properties":{"id":"osm:node:2507914373","name":"有記名茶","category":"cafe","name_en":"Wang tea","cuisine":"tea"},"geometry":{"type":"Point","coordinates":[121.513099,25.055707]}},{"type":"Feature","properties":{"id":"osm:node:2526182352","name":"50嵐","category":"cafe","name_en":"50 Lan","cuisine":"bubble_tea","brand":"50嵐"},"geometry":{"type":"Point","coordinates":[121.550489,24.987406]}},{"type":"Feature","properties":{"id":"osm:node:2526182353","name":"COFFEE 88","category":"cafe","cuisine":"coffee_shop"},"geometry":{"type":"Point","coordinates":[121.550533,24.987415]}},{"type":"Feature","properties":{"id":"osm:node:2527532993","name":"路易莎","category":"cafe"},"geometry":{"type":"Point","coordinates":[121.541947,25.047186]}},{"type":"Feature","properties":{"id":"osm:node:2535958442","name":"秘氏咖啡","category":"cafe","name_en":"Chamber","cuisine":"coffee_shop"},"geometry":{"type":"Point","coordinates":[121.525463,25.024561]}},{"type":"Feature","properties":{"id":"osm:node:2536051711","name":"生態綠咖啡","category":"cafe","name_en":"Knutsen"},"geometry":{"type":"Point","coordinates":[121.526103,25.040209]}},{"type":"Feature","properties":{"id":"osm:node:2539238262","name":"可不可熟成紅茶","category":"cafe","name_en":"Kebuke","cuisine":"bubble_tea","brand":"可不可熟成紅茶"},"geometry":{"type":"Point","coordinates":[121.542272,25.04921]}},{"type":"Feature","properties":{"id":"osm:node:2563901888","name":"客美多咖啡","category":"cafe","name_en":"Komeda Coffee Shop","cuisine":"coffee_shop","brand":"客美多咖啡"},"geometry":{"type":"Point","coordinates":[121.537307,24.982718]}},{"type":"Feature","properties":{"id":"osm:node:2563901903","name":"50嵐","category":"cafe","name_en":"50 Lan","cuisine":"bubble_tea","brand":"50嵐"},"geometry":{"type":"Point","coordinates":[121.535315,24.982679]}},{"type":"Feature","properties":{"id":"osm:node:2572568002","name":"生活茶館","category":"cafe"},"geometry":{"type":"Point","coordinates":[121.540268,25.048416]}},{"type":"Feature","properties":{"id":"osm:node:2579109180","name":"得正","category":"cafe","cuisine":"bubble_tea"},"geometry":{"type":"Point","coordinates":[121.542239,25.047979]}},{"type":"Feature","properties":{"id":"osm:node:2579109182","name":"杉味豆花","category":"cafe"},"geometry":{"type":"Point","coordinates":[121.510984,25.065264]}},{"type":"Feature","properties":{"id":"osm:node:2593827378","name":"咖啡弄","category":"cafe","cuisine":"咖啡_鬆餅_三明治_冰淇淋_甜點","opening_hours":"12:00 - 23:00"},"geometry":{"type":"Point","coordinates":[121.548182,25.043262]}},{"type":"Feature","properties":{"id":"osm:node:2593828215","name":"咖啡弄","category":"cafe","cuisine":"咖啡_鬆餅_三明治_冰淇淋_甜點","opening_hours":"12:00-23:00"},"geometry":{"type":"Point","coordinates":[121.551634,25.042455]}},{"type":"Feature","properties":{"id":"osm:node:2594857230","name":"咖啡弄","category":"cafe","name_en":"Coffee Alley","cuisine":"coffee_shop","opening_hours":"Mo-Su 12:00-23:00"},"geometry":{"type":"Point","coordinates":[121.514915,25.045376]}},{"type":"Feature","properties":{"id":"osm:node:2594858978","name":"咖啡弄(劍潭店)","category":"cafe","cuisine":"咖啡_鬆餅_三明治_冰淇淋_甜點"},"geometry":{"type":"Point","coordinates":[121.526578,25.088633]}},{"type":"Feature","properties":{"id":"osm:node:2594862477","name":"咖啡弄","category":"cafe","opening_hours":"12:00-23:00"},"geometry":{"type":"Point","coordinates":[121.524953,25.094922]}},{"type":"Feature","properties":{"id":"osm:node:2596888821","name":"85度C","category":"cafe","name_en":"85°C Bakery Cafe","cuisine":"coffee_shop","brand":"85度C","opening_hours":"Mo-Su 06:00-23:00"},"geometry":{"type":"Point","coordinates":[121.481403,25.000982]}},{"type":"Feature","properties":{"id":"osm:node:2597965511","name":"冉冉生活","category":"cafe","name_en":"Copii Lumii"},"geometry":{"type":"Point","coordinates":[121.530158,25.033507]}},{"type":"Feature","properties":{"id":"osm:node:2602834764","name":"清心福全","category":"cafe","name_en":"Ching Shin","cuisine":"bubble_tea","brand":"清心福全","opening_hours":"Mo-Su 09:00-22:45"},"geometry":{"type":"Point","coordinates":[121.462718,25.001562]}},{"type":"Feature","properties":{"id":"osm:node:2604138853","name":"Amao Coffee Company","category":"cafe"},"geometry":{"type":"Point","coordinates":[121.540277,25.047225]}},{"type":"Feature","properties":{"id":"osm:node:2604138862","name":"好了啦超大杯","category":"cafe"},"geometry":{"type":"Point","coordinates":[121.593676,25.050726]}},{"type":"Feature","properties":{"id":"osm:node:2607298695","name":"天仁茗茶","category":"cafe","name_en":"TenRen's Tea","cuisine":"bubble_tea","brand":"天仁茗茶"},"geometry":{"type":"Point","coordinates":[121.512831,25.04415]}},{"type":"Feature","properties":{"id":"osm:node:2614385431","name":"星巴克","category":"cafe","name_en":"Starbucks","cuisine":"coffee_shop","brand":"星巴克"},"geometry":{"type":"Point","coordinates":[121.486423,24.996931]}},{"type":"Feature","properties":{"id":"osm:node:2614385434","name":"星巴克","category":"cafe","name_en":"Starbucks","cuisine":"coffee_shop","brand":"星巴克"},"geometry":{"type":"Point","coordinates":[121.487483,24.998447]}},{"type":"Feature","properties":{"id":"osm:node:2616030167","name":"象園咖啡","category":"cafe"},"geometry":{"type":"Point","coordinates":[121.585738,25.080868]}},{"type":"Feature","properties":{"id":"osm:node:2618190381","name":"清心福全","category":"cafe","name_en":"Ching Shin","cuisine":"bubble_tea","brand":"清心福全"},"geometry":{"type":"Point","coordinates":[121.459684,24.981524]}},{"type":"Feature","properties":{"id":"osm:node:2618845209","name":"噪咖","category":"cafe"},"geometry":{"type":"Point","coordinates":[121.522362,25.106059]}},{"type":"Feature","properties":{"id":"osm:node:2625503736","name":"清新福全冷飲店","category":"cafe","cuisine":"bubble_tea"},"geometry":{"type":"Point","coordinates":[121.546389,25.079695]}},{"type":"Feature","properties":{"id":"osm:node:2633698769","name":"星巴克","category":"cafe","name_en":"Starbucks","cuisine":"coffee_shop","brand":"星巴克"},"geometry":{"type":"Point","coordinates":[121.553793,25.051392]}},{"type":"Feature","properties":{"id":"osm:node:2638374591","name":"85度C","category":"cafe","name_en":"85°C Bakery Cafe","cuisine":"coffee_shop","brand":"85度C","opening_hours":"Mo-Su 07:00-23:00"},"geometry":{"type":"Point","coordinates":[121.476627,25.026758]}},{"type":"Feature","properties":{"id":"osm:node:2638377053","name":"星巴克","category":"cafe","name_en":"Starbucks","cuisine":"coffee_shop","brand":"星巴克","opening_hours":"Su-Th 07:00-23:00; Fr-Sa 07:00-23:30"},"geometry":{"type":"Point","coordinates":[121.473596,25.02876]}},{"type":"Feature","properties":{"id":"osm:node:2639182792","name":"訪客咖啡","category":"cafe"},"geometry":{"type":"Point","coordinates":[121.661669,25.069189]}},{"type":"Feature","properties":{"id":"osm:node:2642013889","name":"cama cafe","category":"cafe"},"geometry":{"type":"Point","coordinates":[121.534596,25.048286]}},{"type":"Feature","properties":{"id":"osm:node:2645583703","name":"荷豐水月","category":"cafe"},"geometry":{"type":"Point","coordinates":[121.51118,25.031645]}},{"type":"Feature","properties":{"id":"osm:node:2645583718","name":"Cutty Sark Tea House","category":"cafe"},"geometry":{"type":"Point","coordinates":[121.51111,25.031627]}},{"type":"Feature","properties":{"id":"osm:node:2651775309","name":"星巴克","category":"cafe","name_en":"Starbucks","cuisine":"coffee_shop","brand":"星巴克"},"geometry":{"type":"Point","coordinates":[121.529774,25.119599]}},{"type":"Feature","properties":{"id":"osm:node:2656074190","name":"50嵐","category":"cafe","name_en":"50 Lan","cuisine":"bubble_tea","brand":"50嵐"},"geometry":{"type":"Point","coordinates":[121.563429,25.051257]}},{"type":"Feature","properties":{"id":"osm:node:2667124118","name":"DRINK EAT COFFEE","category":"cafe"},"geometry":{"type":"Point","coordinates":[121.537351,24.98102]}},{"type":"Feature","properties":{"id":"osm:node:2667124121","name":"茶湯會","category":"cafe","name_en":"TP Tea","cuisine":"bubble_tea","brand":"茶湯會","opening_hours":"10:00-21:30"},"geometry":{"type":"Point","coordinates":[121.541673,24.982796]}},{"type":"Feature","properties":{"id":"osm:node:2676809065","name":"路易莎","category":"cafe"},"geometry":{"type":"Point","coordinates":[121.529451,25.029698]}},{"type":"Feature","properties":{"id":"osm:node:2680082774","name":"寬谷有限公司","category":"cafe","opening_hours":"Mo-Fr 10:00-19:00"},"geometry":{"type":"Point","coordinates":[121.542744,25.049051]}},{"type":"Feature","properties":{"id":"osm:node:2688236639","name":"Solo Singer Life","category":"cafe","cuisine":"coffee_shop"},"geometry":{"type":"Point","coordinates":[121.502705,25.134187]}},{"type":"Feature","properties":{"id":"osm:node:2690923542","name":"星巴克","category":"cafe","name_en":"Starbucks","cuisine":"coffee_shop","brand":"星巴克"},"geometry":{"type":"Point","coordinates":[121.545547,24.977711]}},{"type":"Feature","properties":{"id":"osm:node:2691111091","name":"鮮茶道","category":"cafe","cuisine":"bubble_tea","brand":"鮮茶道"},"geometry":{"type":"Point","coordinates":[121.458268,25.049732]}},{"type":"Feature","properties":{"id":"osm:node:2698212021","name":"文薈廳","category":"cafe","cuisine":"coffee_shop"},"geometry":{"type":"Point","coordinates":[121.528079,25.025739]}},{"type":"Feature","properties":{"id":"osm:node:2712088543","name":"COMEBUY","category":"cafe","cuisine":"bubble_tea"},"geometry":{"type":"Point","coordinates":[121.463802,25.01088]}},{"type":"Feature","properties":{"id":"osm:node:2713545226","name":"星巴克","category":"cafe","name_en":"Starbucks","cuisine":"coffee_shop","brand":"星巴克"},"geometry":{"type":"Point","coordinates":[121.502494,25.029487]}},{"type":"Feature","properties":{"id":"osm:node:2716998341","name":"星巴克","category":"cafe","name_en":"Starbucks","cuisine":"coffee_shop","brand":"星巴克"},"geometry":{"type":"Point","coordinates":[121.460091,25.008329]}},{"type":"Feature","properties":{"id":"osm:node:2717052413","name":"50嵐","category":"cafe","name_en":"50 Lan","cuisine":"bubble_tea","brand":"50嵐"},"geometry":{"type":"Point","coordinates":[121.462454,25.010571]}},{"type":"Feature","properties":{"id":"osm:node:2717052415","name":"星巴克","category":"cafe","name_en":"Starbucks","cuisine":"coffee_shop","brand":"星巴克"},"geometry":{"type":"Point","coordinates":[121.464019,25.014382]}},{"type":"Feature","properties":{"id":"osm:node:2718279950","name":"清心福全","category":"cafe","name_en":"Ching Shin","cuisine":"bubble_tea","brand":"清心福全"},"geometry":{"type":"Point","coordinates":[121.462375,25.010694]}},{"type":"Feature","properties":{"id":"osm:node:2751198264","name":"湛爐咖啡","category":"cafe"},"geometry":{"type":"Point","coordinates":[121.545042,25.041353]}},{"type":"Feature","properties":{"id":"osm:node:2751198280","name":"500茶飲撰","category":"cafe"},"geometry":{"type":"Point","coordinates":[121.522933,25.043819]}},{"type":"Feature","properties":{"id":"osm:node:2755438546","name":"古蹟咖啡","category":"cafe"},"geometry":{"type":"Point","coordinates":[121.520538,25.040893]}},{"type":"Feature","properties":{"id":"osm:node:2755478354","name":"CoCo都可","category":"cafe","name_en":"CoCo Fresh Tea & Juice","cuisine":"bubble_tea","brand":"CoCo都可"},"geometry":{"type":"Point","coordinates":[121.524234,25.04339]}},{"type":"Feature","properties":{"id":"osm:node:2756550041","name":"星巴克","category":"cafe","name_en":"Starbucks","cuisine":"coffee_shop","brand":"星巴克","opening_hours":"07:00-20:30"},"geometry":{"type":"Point","coordinates":[121.648158,25.060837]}},{"type":"Feature","properties":{"id":"osm:node:2758498850","name":"海倫咖啡","category":"cafe","name_en":"Helen Coffee"},"geometry":{"type":"Point","coordinates":[121.514884,25.044472]}},{"type":"Feature","properties":{"id":"osm:node:2760755545","name":"Amanda Café","category":"cafe"},"geometry":{"type":"Point","coordinates":[121.530555,25.042538]}},{"type":"Feature","properties":{"id":"osm:node:2771771224","name":"BELLA CAFE","category":"cafe","cuisine":"coffee_shop"},"geometry":{"type":"Point","coordinates":[121.463408,25.010662]}},{"type":"Feature","properties":{"id":"osm:node:2772749016","name":"茶裡不然 SPICE UP","category":"cafe","cuisine":"bubble_tea","opening_hours":"Mo-Fr 10:30-21:00; Sa-Su 11:00-21:00"},"geometry":{"type":"Point","coordinates":[121.541042,24.983706]}},{"type":"Feature","properties":{"id":"osm:node:2776684640","name":"西雅圖極品咖啡","category":"cafe","name_en":"Barista Coffee","cuisine":"coffee_shop","brand":"西雅圖極品咖啡","opening_hours":"Mo-Fr 09:00-21:30; Sa 08:30-22:30; Su 08:30-21:30"},"geometry":{"type":"Point","coordinates":[121.530892,25.043161]}},{"type":"Feature","properties":{"id":"osm:node:2784759987","name":"壹咖啡","category":"cafe","cuisine":"coffee_shop"},"geometry":{"type":"Point","coordinates":[121.450116,25.008596]}},{"type":"Feature","properties":{"id":"osm:node:2784761337","name":"兩隻貓咖啡店","category":"cafe","cuisine":"簡餐"},"geometry":{"type":"Point","coordinates":[121.456532,25.009446]}},{"type":"Feature","properties":{"id":"osm:node:2787513553","name":"woogo","category":"cafe"},"geometry":{"type":"Point","coordinates":[121.551579,25.040256]}},{"type":"Feature","properties":{"id":"osm:node:2799088229","name":"清心福全","category":"cafe","name_en":"Ching Shin","cuisine":"bubble_tea","brand":"清心福全"},"geometry":{"type":"Point","coordinates":[121.453921,25.050799]}},{"type":"Feature","properties":{"id":"osm:node:2800635239","name":"A&K Cafe","category":"cafe","cuisine":"burger"},"geometry":{"type":"Point","coordinates":[121.546617,25.082998]}},{"type":"Feature","properties":{"id":"osm:node:2805298843","name":"甜吻吻果汁","category":"cafe"},"geometry":{"type":"Point","coordinates":[121.591127,25.080791]}},{"type":"Feature","properties":{"id":"osm:node:2810933254","name":"CAFE!N","category":"cafe","cuisine":"coffee_shop","opening_hours":"Mo-Fr 07:30-18:00; Sa-Su 07:30-19:00"},"geometry":{"type":"Point","coordinates":[121.463855,25.010799]}},{"type":"Feature","properties":{"id":"osm:node:2826063236","name":"85度C","category":"cafe","name_en":"85°C Bakery Cafe","cuisine":"coffee_shop","brand":"85度C"},"geometry":{"type":"Point","coordinates":[121.5788,25.078481]}},{"type":"Feature","properties":{"id":"osm:node:2839793696","name":"WooTea五桐號","category":"cafe","cuisine":"bubble_tea","opening_hours":"10:00-21:00"},"geometry":{"type":"Point","coordinates":[121.541544,24.982732]}},{"type":"Feature","properties":{"id":"osm:node:2839793704","name":"拾汣茶屋","category":"cafe","name_en":"19 Tea House","cuisine":"bubble_tea","opening_hours":"11:00-21:00"},"geometry":{"type":"Point","coordinates":[121.541564,24.98259]}},{"type":"Feature","properties":{"id":"osm:node:2857339291","name":"瑞幸咖啡(整修)","category":"cafe","name_en":"LuckinCoffee(preparing)"},"geometry":{"type":"Point","coordinates":[121.543544,25.05164]}},{"type":"Feature","properties":{"id":"osm:node:2863458610","name":"Francis Bakery","category":"cafe"},"geometry":{"type":"Point","coordinates":[121.552051,25.0834]}},{"type":"Feature","properties":{"id":"osm:node:2880238725","name":"珍煮丹","category":"cafe","name_en":"Truedan","cuisine":"bubble_tea","brand":"珍煮丹"},"geometry":{"type":"Point","coordinates":[121.542244,25.047885]}},{"type":"Feature","properties":{"id":"osm:node:2880238733","name":"清心福全","category":"cafe","name_en":"Ching Shin","cuisine":"bubble_tea","brand":"清心福全"},"geometry":{"type":"Point","coordinates":[121.542224,25.048716]}},{"type":"Feature","properties":{"id":"osm:node:2886397157","name":"Cama Cafe","category":"cafe","opening_hours":"Mo-Fr 07:30-19:00,PH,Sa-Su  08:00-19:00"},"geometry":{"type":"Point","coordinates":[121.533458,25.052238]}},{"type":"Feature","properties":{"id":"osm:node:2887583319","name":"85度C","category":"cafe","name_en":"85°C Bakery Cafe","cuisine":"coffee_shop","brand":"85度C","opening_hours":"07:30-24:00"},"geometry":{"type":"Point","coordinates":[121.555547,25.057324]}},{"type":"Feature","properties":{"id":"osm:node:2887583320","name":"8克C","category":"cafe"},"geometry":{"type":"Point","coordinates":[121.555511,25.057788]}},{"type":"Feature","properties":{"id":"osm:node:2899366919","name":"85度C","category":"cafe","name_en":"85°C Bakery Cafe","cuisine":"coffee_shop","brand":"85度C"},"geometry":{"type":"Point","coordinates":[121.615935,25.052039]}},{"type":"Feature","properties":{"id":"osm:node:2918743089","name":"星巴克","category":"cafe","name_en":"Starbucks","cuisine":"coffee_shop","brand":"星巴克"},"geometry":{"type":"Point","coordinates":[121.504749,25.043161]}},{"type":"Feature","properties":{"id":"osm:node:2918859895","name":"馨香堂","category":"cafe","cuisine":"coffee_biscuit"},"geometry":{"type":"Point","coordinates":[121.506507,25.040811]}},{"type":"Feature","properties":{"id":"osm:node:2926240045","name":"星巴克","category":"cafe","name_en":"Starbucks","cuisine":"coffee_shop","brand":"星巴克"},"geometry":{"type":"Point","coordinates":[121.505563,25.045208]}},{"type":"Feature","properties":{"id":"osm:node:2935625603","name":"50嵐","category":"cafe","name_en":"50 Lan","cuisine":"bubble_tea","brand":"50嵐"},"geometry":{"type":"Point","coordinates":[121.458225,25.066032]}},{"type":"Feature","properties":{"id":"osm:node:2939314768","name":"京其","category":"cafe","name_en":"JINGQI","opening_hours":"08:00-21:00"},"geometry":{"type":"Point","coordinates":[121.531822,25.057391]}},{"type":"Feature","properties":{"id":"osm:node:2948790710","name":"法豆鮮焙咖啡","category":"cafe","name_en":"FADOW CAFE","cuisine":"coffee_shop"},"geometry":{"type":"Point","coordinates":[121.564965,25.051121]}},{"type":"Feature","properties":{"id":"osm:node:2950843062","name":"伯朗咖啡","category":"cafe"},"geometry":{"type":"Point","coordinates":[121.513962,25.066059]}},{"type":"Feature","properties":{"id":"osm:node:2952479190","name":"星巴克","category":"cafe","name_en":"Starbucks","cuisine":"coffee_shop","brand":"星巴克"},"geometry":{"type":"Point","coordinates":[121.529747,25.033272]}},{"type":"Feature","properties":{"id":"osm:node:2957302488","name":"COMEBUY","category":"cafe","name_en":"COMEBUY","cuisine":"bubble_tea","brand":"COMEBUY","opening_hours":"10:30-22:00"},"geometry":{"type":"Point","coordinates":[121.541359,24.980326]}},{"type":"Feature","properties":{"id":"osm:node:2957336786","name":"50嵐","category":"cafe","name_en":"50 Lan","cuisine":"bubble_tea","brand":"50嵐"},"geometry":{"type":"Point","coordinates":[121.557517,25.029222]}},{"type":"Feature","properties":{"id":"osm:node:2961064555","name":"水巷茶弄","category":"cafe","cuisine":"bubble_tea","opening_hours":"09:30-22:00"},"geometry":{"type":"Point","coordinates":[121.542037,24.980643]}},{"type":"Feature","properties":{"id":"osm:node:2961064556","name":"50嵐","category":"cafe","name_en":"50 Lan","cuisine":"bubble_tea","brand":"50嵐","opening_hours":"10:00-22:00"},"geometry":{"type":"Point","coordinates":[121.542101,24.980416]}},{"type":"Feature","properties":{"id":"osm:node:2961158874","name":"天仁茗茶","category":"cafe","name_en":"TenRen's Tea","cuisine":"bubble_tea","brand":"天仁茗茶"},"geometry":{"type":"Point","coordinates":[121.541371,24.981779]}},{"type":"Feature","properties":{"id":"osm:node:2962648504","name":"coffee blablabla","category":"cafe","cuisine":"coffee_shop","opening_hours":"Mo-Fr 07:30-20:00; Sa-Su 09:00-19:00"},"geometry":{"type":"Point","coordinates":[121.541046,24.983051]}},{"type":"Feature","properties":{"id":"osm:node:2962738779","name":"星巴克","category":"cafe","name_en":"Starbucks","cuisine":"coffee_shop","brand":"星巴克","opening_hours":"PH,Mo-Su 07:00-21:30"},"geometry":{"type":"Point","coordinates":[121.543678,25.025575]}},{"type":"Feature","properties":{"id":"osm:node:2962739570","name":"兜麥咖啡","category":"cafe","name_en":"DOMY COFFEE"},"geometry":{"type":"Point","coordinates":[121.54358,25.023417]}},{"type":"Feature","properties":{"id":"osm:node:2965491625","name":"星巴克","category":"cafe","name_en":"Starbucks","cuisine":"coffee_shop","brand":"星巴克"},"geometry":{"type":"Point","coordinates":[121.566661,25.047072]}},{"type":"Feature","properties":{"id":"osm:node:2969057138","name":"50嵐","category":"cafe","name_en":"50 Lan","cuisine":"bubble_tea","brand":"50嵐"},"geometry":{"type":"Point","coordinates":[121.525469,25.038785]}},{"type":"Feature","properties":{"id":"osm:node:2969057246","name":"KC Cafe","category":"cafe"},"geometry":{"type":"Point","coordinates":[121.525424,25.038672]}},{"type":"Feature","properties":{"id":"osm:node:2977303924","name":"85度C","category":"cafe","name_en":"85°C Bakery Cafe","cuisine":"coffee_shop","brand":"85度C","opening_hours":"Mo-Su 06:00-24:00"},"geometry":{"type":"Point","coordinates":[121.512387,25.007555]}},{"type":"Feature","properties":{"id":"osm:node:2987200080","name":"咖啡講市府店","category":"cafe"},"geometry":{"type":"Point","coordinates":[121.565291,25.042134]}},{"type":"Feature","properties":{"id":"osm:node:3002381564","name":"cama cafe","category":"cafe"},"geometry":{"type":"Point","coordinates":[121.549191,25.032808]}},{"type":"Feature","properties":{"id":"osm:node:3004008405","name":"歐客佬咖啡","category":"cafe"},"geometry":{"type":"Point","coordinates":[121.549423,25.024696]}},{"type":"Feature","properties":{"id":"osm:node:3006036109","name":"星巴克","category":"cafe","name_en":"Starbucks","cuisine":"coffee_shop","brand":"星巴克"},"geometry":{"type":"Point","coordinates":[121.518064,25.046031]}},{"type":"Feature","properties":{"id":"osm:node:3033096976","name":"迷客夏","category":"cafe","name_en":"Milkshop","cuisine":"bubble_tea","brand":"迷客夏","opening_hours":"10:00-22:00"},"geometry":{"type":"Point","coordinates":[121.541447,24.993134]}},{"type":"Feature","properties":{"id":"osm:node:3033188230","name":"路易莎咖啡","category":"cafe","name_en":"Louisa Coffee","cuisine":"coffee_shop","brand":"路易莎咖啡","opening_hours":"Mo-Fr 07:00-15:00"},"geometry":{"type":"Point","coordinates":[121.541906,24.993032]}},{"type":"Feature","properties":{"id":"osm:node:3033189634","name":"迷客夏","category":"cafe","name_en":"Milkshop","cuisine":"bubble_tea","brand":"迷客夏"},"geometry":{"type":"Point","coordinates":[121.541995,25.048549]}},{"type":"Feature","properties":{"id":"osm:node:3037218938","name":"星巴克","category":"cafe","name_en":"Starbucks","cuisine":"coffee_shop","brand":"星巴克","opening_hours":"Mo-Fr 07:00-20:00; Sa-Su 07:30-19:00"},"geometry":{"type":"Point","coordinates":[121.565147,25.080505]}},{"type":"Feature","properties":{"id":"osm:node:3040271443","name":"春水堂人文茶館","category":"cafe","name_en":"Chun Shui Tang","cuisine":"bubble_tea","brand":"春水堂人文茶館","opening_hours":"Mo-Su 11:30-20:50"},"geometry":{"type":"Point","coordinates":[121.51918,25.036895]}},{"type":"Feature","properties":{"id":"osm:node:3044924739","name":"季節香茶葉與咖啡烘焙屋","category":"cafe","name_en":"Alla Salute","cuisine":"coffee_shop"},"geometry":{"type":"Point","coordinates":[121.513265,25.013241]}},{"type":"Feature","properties":{"id":"osm:node:3044962633","name":"Bokimi","category":"cafe"},"geometry":{"type":"Point","coordinates":[121.462255,25.136143]}},{"type":"Feature","properties":{"id":"osm:node:3044964234","name":"寮國咖啡","category":"cafe"},"geometry":{"type":"Point","coordinates":[121.461543,25.136359]}},{"type":"Feature","properties":{"id":"osm:node:3044968233","name":"清心福全","category":"cafe","name_en":"Ching Shin","cuisine":"bubble_tea","brand":"清心福全"},"geometry":{"type":"Point","coordinates":[121.461101,25.136884]}},{"type":"Feature","properties":{"id":"osm:node:3045033301","name":"叮哥茶飲","category":"cafe","cuisine":"bubble_tea"},"geometry":{"type":"Point","coordinates":[121.534937,25.054227]}},{"type":"Feature","properties":{"id":"osm:node:3045739869","name":"客美多咖啡","category":"cafe","name_en":"Komeda Coffee Shop","cuisine":"coffee_shop","brand":"客美多咖啡"},"geometry":{"type":"Point","coordinates":[121.565566,25.049965]}},{"type":"Feature","properties":{"id":"osm:node:3045739878","name":"瑪麗羊咖啡茶館","category":"cafe"},"geometry":{"type":"Point","coordinates":[121.562624,25.050732]}},{"type":"Feature","properties":{"id":"osm:node:3047376827","name":"Mm咖啡","category":"cafe","cuisine":"coffee_shop;burger;italian"},"geometry":{"type":"Point","coordinates":[121.535147,25.052642]}},{"type":"Feature","properties":{"id":"osm:node:3048390249","name":"茶湯會","category":"cafe","name_en":"TP Tea","cuisine":"bubble_tea","brand":"茶湯會"},"geometry":{"type":"Point","coordinates":[121.462955,25.00028]}},{"type":"Feature","properties":{"id":"osm:node:3050255926","name":"&TEA","category":"cafe","cuisine":"bubble_tea"},"geometry":{"type":"Point","coordinates":[121.53496,25.053878]}},{"type":"Feature","properties":{"id":"osm:node:3051933200","name":"50嵐","category":"cafe","name_en":"50 Lan","cuisine":"bubble_tea","brand":"50嵐"},"geometry":{"type":"Point","coordinates":[121.501321,25.126586]}},{"type":"Feature","properties":{"id":"osm:node:3052956580","name":"Caffebene咖啡伴","category":"cafe","name_en":"Caffé Bene","cuisine":"coffee_shop","brand":"Caffebene","opening_hours":"09:00-17:00"},"geometry":{"type":"Point","coordinates":[121.550815,25.064273]}},{"type":"Feature","properties":{"id":"osm:node:3053046423","name":"豆工房咖啡","category":"cafe"},"geometry":{"type":"Point","coordinates":[121.565269,25.041286]}},{"type":"Feature","properties":{"id":"osm:node:3078276691","name":"振信茗茶","category":"cafe"},"geometry":{"type":"Point","coordinates":[121.543627,25.046312]}},{"type":"Feature","properties":{"id":"osm:node:3079655518","name":"一元堂美食茶館","category":"cafe"},"geometry":{"type":"Point","coordinates":[121.56559,25.049874]}},{"type":"Feature","properties":{"id":"osm:node:3079655529","name":"清心福全冷飲站","category":"cafe","cuisine":"bubble_tea"},"geometry":{"type":"Point","coordinates":[121.56524,25.051574]}},{"type":"Feature","properties":{"id":"osm:node:3087334535","name":"等一個人咖啡","category":"cafe","name_en":"Café.Waiting.Love","opening_hours":"Mo-Th 11:00-19:00; Fr 11:00-20:00; Sa-Su 10:00-20:00"},"geometry":{"type":"Point","coordinates":[121.556612,24.979265]}},{"type":"Feature","properties":{"id":"osm:node:3090171600","name":"咖啡逗","category":"cafe","name_en":"Cafe Dog"},"geometry":{"type":"Point","coordinates":[121.534412,25.052619]}},{"type":"Feature","properties":{"id":"osm:node:3104135084","name":"木衛二 伊通鑄茶所","category":"cafe","cuisine":"bubble_tea","opening_hours":"Mo-Su 10:00-22:30"},"geometry":{"type":"Point","coordinates":[121.534156,25.052616]}},{"type":"Feature","properties":{"id":"osm:node:3104135678","name":"Chinguo Cafe and Cake","category":"cafe"},"geometry":{"type":"Point","coordinates":[121.531034,25.053568]}},{"type":"Feature","properties":{"id":"osm:node:3104138129","name":"普莉斯咖啡館","category":"cafe","name_en":"please CAFÉ"},"geometry":{"type":"Point","coordinates":[121.530997,25.053038]}},{"type":"Feature","properties":{"id":"osm:node:3104850036","name":"nook coffee","category":"cafe"},"geometry":{"type":"Point","coordinates":[121.479805,24.962372]}},{"type":"Feature","properties":{"id":"osm:node:3104850230","name":"茶之初","category":"cafe","cuisine":"bubble_tea"},"geometry":{"type":"Point","coordinates":[121.568547,24.988272]}},{"type":"Feature","properties":{"id":"osm:node:3104851759","name":"星巴克","category":"cafe","name_en":"Starbucks","cuisine":"coffee_shop","brand":"星巴克"},"geometry":{"type":"Point","coordinates":[121.566937,24.988669]}},{"type":"Feature","properties":{"id":"osm:node:3114460967","name":"伊豆咖啡","category":"cafe"},"geometry":{"type":"Point","coordinates":[121.526155,24.991579]}},{"type":"Feature","properties":{"id":"osm:node:3116012537","name":"星巴克","category":"cafe","name_en":"Starbucks","cuisine":"coffee_shop","brand":"星巴克"},"geometry":{"type":"Point","coordinates":[121.520866,24.996463]}},{"type":"Feature","properties":{"id":"osm:node:3133627742","name":"路易莎咖啡","category":"cafe","name_en":"Louisa Coffee","cuisine":"coffee_shop","brand":"路易莎咖啡"},"geometry":{"type":"Point","coordinates":[121.523748,25.094638]}},{"type":"Feature","properties":{"id":"osm:node:3133658335","name":"天仁茗茶","category":"cafe","name_en":"TenRen's Tea","cuisine":"bubble_tea","brand":"天仁茗茶"},"geometry":{"type":"Point","coordinates":[121.523223,25.09485]}},{"type":"Feature","properties":{"id":"osm:node:3136818011","name":"丹堤咖啡","category":"cafe"},"geometry":{"type":"Point","coordinates":[121.523312,25.094881]}},{"type":"Feature","properties":{"id":"osm:node:3144935714","name":"大茗本位製茶堂","category":"cafe","name_en":"Daming","cuisine":"bubble_tea","brand":"大茗本位製茶堂"},"geometry":{"type":"Point","coordinates":[121.554172,25.032489]}},{"type":"Feature","properties":{"id":"osm:node:3144956272","name":"Cama","category":"cafe"},"geometry":{"type":"Point","coordinates":[121.533928,25.053693]}},{"type":"Feature","properties":{"id":"osm:node:3145515544","name":"FOX Coffee","category":"cafe"},"geometry":{"type":"Point","coordinates":[121.541781,24.98401]}},{"type":"Feature","properties":{"id":"osm:node:3157778765","name":"Orange Tea","category":"cafe"},"geometry":{"type":"Point","coordinates":[121.541652,24.99282]}},{"type":"Feature","properties":{"id":"osm:node:3162391180","name":"星巴克","category":"cafe","name_en":"Starbucks","cuisine":"coffee_shop","brand":"星巴克"},"geometry":{"type":"Point","coordinates":[121.510099,24.989751]}},{"type":"Feature","properties":{"id":"osm:node:3185537674","name":"興波咖啡","category":"cafe"},"geometry":{"type":"Point","coordinates":[121.617402,25.056819]}},{"type":"Feature","properties":{"id":"osm:node:3186194977","name":"天仁喫茶趣","category":"cafe"},"geometry":{"type":"Point","coordinates":[121.565239,25.040453]}},{"type":"Feature","properties":{"id":"osm:node:3196909458","name":"cama 現烘咖啡專門店","category":"cafe","cuisine":"coffee"},"geometry":{"type":"Point","coordinates":[121.556178,25.047959]}},{"type":"Feature","properties":{"id":"osm:node:3196909459","name":"上島咖啡店","category":"cafe","opening_hours":"PH,Mo-Su 07:00-21:00"},"geometry":{"type":"Point","coordinates":[121.551725,25.048052]}},{"type":"Feature","properties":{"id":"osm:node:3196909471","name":"星巴克","category":"cafe","name_en":"Starbucks","cuisine":"coffee_shop","brand":"星巴克","opening_hours":"Mo-Su 07:00-21:30"},"geometry":{"type":"Point","coordinates":[121.550439,25.047979]}},{"type":"Feature","properties":{"id":"osm:node:3200943837","name":"森高砂咖啡館","category":"cafe"},"geometry":{"type":"Point","coordinates":[121.522641,25.051647]}},{"type":"Feature","properties":{"id":"osm:node:3200945584","name":"Provence Bakers & Cafe","category":"cafe"},"geometry":{"type":"Point","coordinates":[121.49717,25.130948]}},{"type":"Feature","properties":{"id":"osm:node:3200948719","name":"藝文小客廳","category":"cafe","name_en":"Sun's Salon","cuisine":"cafe","opening_hours":"10:00-17:00"},"geometry":{"type":"Point","coordinates":[121.511243,25.033618]}},{"type":"Feature","properties":{"id":"osm:node:3205736955","name":"清心福全","category":"cafe","name_en":"Ching Shin","cuisine":"bubble_tea","brand":"清心福全"},"geometry":{"type":"Point","coordinates":[121.455454,25.018948]}},{"type":"Feature","properties":{"id":"osm:node:3208558491","name":"台灣第一味","category":"cafe","cuisine":"bubble_tea"},"geometry":{"type":"Point","coordinates":[121.522424,25.001965]}},{"type":"Feature","properties":{"id":"osm:node:3224928306","name":"形咖啡","category":"cafe","cuisine":"coffee_shop","opening_hours":"10:30-22:00"},"geometry":{"type":"Point","coordinates":[121.544326,25.024602]}},{"type":"Feature","properties":{"id":"osm:node:3232532894","name":"50嵐","category":"cafe","name_en":"50 Lan","cuisine":"bubble_tea","brand":"50嵐"},"geometry":{"type":"Point","coordinates":[121.608795,25.071825]}},{"type":"Feature","properties":{"id":"osm:node:3232548569","name":"50嵐","category":"cafe","name_en":"50 Lan","cuisine":"bubble_tea","brand":"50嵐"},"geometry":{"type":"Point","coordinates":[121.617378,25.068113]}},{"type":"Feature","properties":{"id":"osm:node:3232570463","name":"色杯子","category":"cafe"},"geometry":{"type":"Point","coordinates":[121.615969,25.068146]}},{"type":"Feature","properties":{"id":"osm:node:3232608321","name":"心樂園","category":"cafe"},"geometry":{"type":"Point","coordinates":[121.608955,25.071806]}},{"type":"Feature","properties":{"id":"osm:node:3232608897","name":"路易莎咖啡","category":"cafe","name_en":"Louisa Coffee","cuisine":"coffee_shop","brand":"路易莎咖啡"},"geometry":{"type":"Point","coordinates":[121.606542,25.073228]}},{"type":"Feature","properties":{"id":"osm:node:3232611505","name":"清心福全","category":"cafe","name_en":"Ching Shin","cuisine":"bubble_tea","brand":"清心福全"},"geometry":{"type":"Point","coordinates":[121.629472,25.067773]}},{"type":"Feature","properties":{"id":"osm:node:3233878724","name":"50嵐","category":"cafe","name_en":"50 Lan","cuisine":"bubble_tea","brand":"50嵐"},"geometry":{"type":"Point","coordinates":[121.450249,24.987218]}},{"type":"Feature","properties":{"id":"osm:node:3233930327","name":"煙囪咖啡","category":"cafe"},"geometry":{"type":"Point","coordinates":[121.467582,25.015562]}},{"type":"Feature","properties":{"id":"osm:node:3245728374","name":"星巴克","category":"cafe","name_en":"Starbucks","cuisine":"coffee_shop","brand":"星巴克","opening_hours":"Mo-Fr 07:00-21:30; Sa-Su 07:30-21:30"},"geometry":{"type":"Point","coordinates":[121.466693,25.02036]}},{"type":"Feature","properties":{"id":"osm:node:3257173965","name":"星巴克","category":"cafe","name_en":"Starbucks","cuisine":"coffee_shop","brand":"星巴克"},"geometry":{"type":"Point","coordinates":[121.537287,25.025465]}},{"type":"Feature","properties":{"id":"osm:node:3270246664","name":"CafeBallet芭蕾咖啡館","category":"cafe"},"geometry":{"type":"Point","coordinates":[121.56009,25.057209]}},{"type":"Feature","properties":{"id":"osm:node:3270256364","name":"NUMÉRO QUATRE","category":"cafe","opening_hours":"11:00-17:00"},"geometry":{"type":"Point","coordinates":[121.563132,25.043317]}},{"type":"Feature","properties":{"id":"osm:node:3270550674","name":"nichi nichi 日子咖啡","category":"cafe"},"geometry":{"type":"Point","coordinates":[121.519678,25.053639]}},{"type":"Feature","properties":{"id":"osm:node:3270616975","name":"R9 cafe","category":"cafe","cuisine":"coffee_shop"},"geometry":{"type":"Point","coordinates":[121.520327,25.054944]}},{"type":"Feature","properties":{"id":"osm:node:3270620068","name":"登波咖啡","category":"cafe","cuisine":"coffee_shop"},"geometry":{"type":"Point","coordinates":[121.520371,25.05582]}},{"type":"Feature","properties":{"id":"osm:node:3270665662","name":"圍裙咖啡","category":"cafe"},"geometry":{"type":"Point","coordinates":[121.520129,25.056715]}},{"type":"Feature","properties":{"id":"osm:node:3270665674","name":"豆酥朋","category":"cafe"},"geometry":{"type":"Point","coordinates":[121.520424,25.057096]}},{"type":"Feature","properties":{"id":"osm:node:3270665675","name":"Le Gaulois穀樂","category":"cafe","cuisine":"patisserie"},"geometry":{"type":"Point","coordinates":[121.519513,25.056283]}},{"type":"Feature","properties":{"id":"osm:node:3292775578","name":"路易莎咖啡","category":"cafe","name_en":"Louisa Coffee","cuisine":"coffee_shop","brand":"路易莎咖啡","opening_hours":"Mo-Su 07:00-22:00"},"geometry":{"type":"Point","coordinates":[121.465595,25.019845]}},{"type":"Feature","properties":{"id":"osm:node:3298035188","name":"星巴克","category":"cafe","name_en":"Starbucks","cuisine":"coffee_shop","brand":"星巴克"},"geometry":{"type":"Point","coordinates":[121.569006,25.038019]}},{"type":"Feature","properties":{"id":"osm:node:3301053318","name":"上島珈琲店","category":"cafe","name_en":"Ueshima Coffee House","cuisine":"coffee_shop","brand":"上島珈琲店","opening_hours":"Mo-Fr 07:30-20:00,PH,Sa-Su 08:00-20:00"},"geometry":{"type":"Point","coordinates":[121.533284,25.052973]}},{"type":"Feature","properties":{"id":"osm:node:3304641825","name":"CHURRO'K","category":"cafe"},"geometry":{"type":"Point","coordinates":[121.549269,25.043644]}},{"type":"Feature","properties":{"id":"osm:node:3304641847","name":"天仁茗茶","category":"cafe","name_en":"TenRen's Tea","cuisine":"bubble_tea","brand":"天仁茗茶","opening_hours":"Mo-Su 09:30-21:00"},"geometry":{"type":"Point","coordinates":[121.548167,25.04175]}},{"type":"Feature","properties":{"id":"osm:node:3304641852","name":"星巴克","category":"cafe","name_en":"Starbucks","cuisine":"coffee_shop","brand":"星巴克","opening_hours":"Mo-Sa 07:00-22:00"},"geometry":{"type":"Point","coordinates":[121.548233,25.04131]}},{"type":"Feature","properties":{"id":"osm:node:3307877361","name":"卡那達","category":"cafe","name_en":"Cafe ganada","opening_hours":"We-Mo 12:00-21:00;Tu off"},"geometry":{"type":"Point","coordinates":[121.530989,25.042372]}},{"type":"Feature","properties":{"id":"osm:node:3326707139","name":"星巴克","category":"cafe","name_en":"Starbucks","cuisine":"coffee_shop","brand":"星巴克"},"geometry":{"type":"Point","coordinates":[121.506985,25.007318]}},{"type":"Feature","properties":{"id":"osm:node:3328449211","name":"鮮喝道","category":"cafe","cuisine":"bubble_tea"},"geometry":{"type":"Point","coordinates":[121.487817,24.99606]}},{"type":"Feature","properties":{"id":"osm:node:3328449215","name":"傳奇","category":"cafe","cuisine":"bubble_tea"},"geometry":{"type":"Point","coordinates":[121.489535,24.99609]}},{"type":"Feature","properties":{"id":"osm:node:3328449240","name":"清心福全","category":"cafe","name_en":"Ching Shin","cuisine":"bubble_tea","brand":"清心福全"},"geometry":{"type":"Point","coordinates":[121.48937,24.996056]}},{"type":"Feature","properties":{"id":"osm:node:3328450055","name":"50嵐","category":"cafe","name_en":"50 Lan","cuisine":"bubble_tea","brand":"50嵐"},"geometry":{"type":"Point","coordinates":[121.499071,25.002139]}},{"type":"Feature","properties":{"id":"osm:node:3338003739","name":"茶湯會","category":"cafe","name_en":"TP Tea","cuisine":"bubble_tea","brand":"茶湯會"},"geometry":{"type":"Point","coordinates":[121.5261,25.094353]}},{"type":"Feature","properties":{"id":"osm:node:3349564653","name":"85度C","category":"cafe","name_en":"85°C Bakery Cafe","cuisine":"coffee_shop","brand":"85度C","opening_hours":"Mo-Su 07:00-22:00"},"geometry":{"type":"Point","coordinates":[121.489316,25.082179]}},{"type":"Feature","properties":{"id":"osm:node:3350431790","name":"星巴克","category":"cafe","name_en":"Starbucks","cuisine":"coffee_shop","brand":"星巴克"},"geometry":{"type":"Point","coordinates":[121.459628,25.088179]}},{"type":"Feature","properties":{"id":"osm:node:3359340194","name":"85度C","category":"cafe","name_en":"85C Bakery Cafe","cuisine":"coffee_shop","brand":"85度C"},"geometry":{"type":"Point","coordinates":[121.663679,25.072701]}},{"type":"Feature","properties":{"id":"osm:node:3408985894","name":"甜冰坊","category":"cafe"},"geometry":{"type":"Point","coordinates":[121.539377,24.961906]}},{"type":"Feature","properties":{"id":"osm:node:3416180937","name":"中和咖啡樹咖啡館","category":"cafe"},"geometry":{"type":"Point","coordinates":[121.49723,24.999583]}},{"type":"Feature","properties":{"id":"osm:node:3417501600","name":"85度C","category":"cafe","name_en":"85°C Bakery Cafe","cuisine":"coffee_shop","brand":"85度C","opening_hours":"Mo-Su 07:00-23:00"},"geometry":{"type":"Point","coordinates":[121.49629,24.994046]}},{"type":"Feature","properties":{"id":"osm:node:3419374735","name":"美心食品","category":"cafe"},"geometry":{"type":"Point","coordinates":[121.550262,25.057998]}},{"type":"Feature","properties":{"id":"osm:node:3424895618","name":"皇爵咖啡","category":"cafe"},"geometry":{"type":"Point","coordinates":[121.498768,25.002242]}},{"type":"Feature","properties":{"id":"osm:node:3439380030","name":"路易莎咖啡","category":"cafe","name_en":"Louisa Coffee","cuisine":"coffee_shop","brand":"路易莎咖啡"},"geometry":{"type":"Point","coordinates":[121.496531,25.002772]}},{"type":"Feature","properties":{"id":"osm:node:3439427183","name":"卡瓦咖啡","category":"cafe"},"geometry":{"type":"Point","coordinates":[121.496042,25.002465]}},{"type":"Feature","properties":{"id":"osm:node:3440708509","name":"壹咖啡","category":"cafe"},"geometry":{"type":"Point","coordinates":[121.496795,25.002656]}},{"type":"Feature","properties":{"id":"osm:node:3444714003","name":"Artco Cafe","category":"cafe"},"geometry":{"type":"Point","coordinates":[121.45953,25.009407]}},{"type":"Feature","properties":{"id":"osm:node:3448055098","name":"紙街","category":"cafe","name_en":"Paper St. Cafe","opening_hours":"Mo-Su 10:00-20:00"},"geometry":{"type":"Point","coordinates":[121.530233,25.043566]}},{"type":"Feature","properties":{"id":"osm:node:3448231035","name":"Café 515","category":"cafe","cuisine":"coffee_shop","opening_hours":"10:30-24:00"},"geometry":{"type":"Point","coordinates":[121.544834,25.044316]}},{"type":"Feature","properties":{"id":"osm:node:3458765271","name":"第一味","category":"cafe","name_en":"TeaTop","cuisine":"bubble_tea"},"geometry":{"type":"Point","coordinates":[121.481222,24.996481]}},{"type":"Feature","properties":{"id":"osm:node:3462983291","name":"emmerich咖啡茶專賣","category":"cafe"},"geometry":{"type":"Point","coordinates":[121.500836,24.996621]}},{"type":"Feature","properties":{"id":"osm:node:3465414832","name":"尚合咖啡","category":"cafe"},"geometry":{"type":"Point","coordinates":[121.497155,25.000639]}},{"type":"Feature","properties":{"id":"osm:node:3465414844","name":"85度C中和南華店","category":"cafe"},"geometry":{"type":"Point","coordinates":[121.505581,24.997399]}},{"type":"Feature","properties":{"id":"osm:node:3467740550","name":"酒釀湯圓","category":"cafe"},"geometry":{"type":"Point","coordinates":[121.53277,25.015757]}},{"type":"Feature","properties":{"id":"osm:node:3473215293","name":"堤比咖啡","category":"cafe","name_en":"TPCafe","opening_hours":"Mo-Fr 14:30-20:30,Sa-Su 12:30-21:00"},"geometry":{"type":"Point","coordinates":[121.535348,25.053687]}},{"type":"Feature","properties":{"id":"osm:node:3473215493","name":"有飲","category":"cafe","name_en":"Youin","cuisine":"珍珠奶茶"},"geometry":{"type":"Point","coordinates":[121.53492,25.05313]}},{"type":"Feature","properties":{"id":"osm:node:3473215495","name":"發發","category":"cafe","name_en":"The Far Far Farm","cuisine":"bubble_tea","brand":"發發","opening_hours":"Mo-Fr 10:00-21:00; Sa-Su 11:00-20:00"},"geometry":{"type":"Point","coordinates":[121.534919,25.052673]}},{"type":"Feature","properties":{"id":"osm:node:3473215793","name":"50嵐","category":"cafe","name_en":"50 Lan","cuisine":"bubble_tea","brand":"50嵐"},"geometry":{"type":"Point","coordinates":[121.534698,25.052643]}},{"type":"Feature","properties":{"id":"osm:node:3473215993","name":"堅果樹","category":"cafe"},"geometry":{"type":"Point","coordinates":[121.534609,25.052605]}},{"type":"Feature","properties":{"id":"osm:node:3473216293","name":"BeanBon","category":"cafe"},"geometry":{"type":"Point","coordinates":[121.533852,25.052609]}},{"type":"Feature","properties":{"id":"osm:node:3476254807","name":"茶叔","category":"cafe","name_en":"Uncle tea","cuisine":"bubble_tea"},"geometry":{"type":"Point","coordinates":[121.499539,25.000145]}},{"type":"Feature","properties":{"id":"osm:node:3496523654","name":"彩虹咖啡","category":"cafe","cuisine":"coffee_shop","opening_hours":"13:00-18:00"},"geometry":{"type":"Point","coordinates":[121.466856,25.022794]}},{"type":"Feature","properties":{"id":"osm:node:3497497481","name":"清心福全","category":"cafe","name_en":"Ching Shin","cuisine":"bubble_tea","brand":"清心福全"},"geometry":{"type":"Point","coordinates":[121.509439,25.007428]}},{"type":"Feature","properties":{"id":"osm:node:3503443013","name":"天島咖啡","category":"cafe","name_en":"TENSHIMA CAFE","opening_hours":"Su,Tu-Th 10:30-22:00, Fr-Sa 10:30-23:00, Mo off"},"geometry":{"type":"Point","coordinates":[121.541396,24.993975]}},{"type":"Feature","properties":{"id":"osm:node:3503443015","name":"玩逗樹","category":"cafe","name_en":"Wonder Tree","opening_hours":"Mo-Sa 13:00-23:00, Su 13:00-22:00"},"geometry":{"type":"Point","coordinates":[121.533273,25.019105]}},{"type":"Feature","properties":{"id":"osm:node:3503443034","name":"魯米爺咖啡館","category":"cafe","name_en":"lumiele","opening_hours":"Mo-Su 11:00-24:00"},"geometry":{"type":"Point","coordinates":[121.532627,25.018436]}},{"type":"Feature","properties":{"id":"osm:node:3505143794","name":"Ikari Coffee","category":"cafe"},"geometry":{"type":"Point","coordinates":[121.518573,25.046128]}},{"type":"Feature","properties":{"id":"osm:node:3507106800","name":"星巴克","category":"cafe","name_en":"Starbucks","cuisine":"coffee_shop","brand":"星巴克"},"geometry":{"type":"Point","coordinates":[121.569533,25.078432]}},{"type":"Feature","properties":{"id":"osm:node:3510130286","name":"小廚房Kitchenette CAFE","category":"cafe","cuisine":"pasta;sandwich;pizza;coffee_shop","opening_hours":"Fr-We 20:00-22:00"},"geometry":{"type":"Point","coordinates":[121.473991,25.011644]}},{"type":"Feature","properties":{"id":"osm:node:3510138055","name":"Petit Tuz (小兔子鄉村輕食雜貨鋪）","category":"cafe","cuisine":"tea;sandwich;coffee_shop","opening_hours":"Mo-Su 12:00-18:00; Tu,We off"},"geometry":{"type":"Point","coordinates":[121.477297,25.017837]}},{"type":"Feature","properties":{"id":"osm:node:3510205293","name":"誇張古懂咖啡店","category":"cafe","cuisine":"coffee_shop"},"geometry":{"type":"Point","coordinates":[121.529213,25.037782]}},{"type":"Feature","properties":{"id":"osm:node:3510213856","name":"睡過頭早餐俱樂部","category":"cafe","cuisine":"Brunch"},"geometry":{"type":"Point","coordinates":[121.546523,25.059413]}},{"type":"Feature","properties":{"id":"osm:node:3510217395","name":"GaBee.咖啡店","category":"cafe","cuisine":"coffee_shop"},"geometry":{"type":"Point","coordinates":[121.546239,25.059205]}},{"type":"Feature","properties":{"id":"osm:node:3510224822","name":"Joco Latte","category":"cafe","cuisine":"coffee_shop","opening_hours":"Mo-Th 12:00-22:00; Sa 10:30-22:00; Fr 12:00-22:00; Su 10:30-22:00"},"geometry":{"type":"Point","coordinates":[121.542586,25.05746]}},{"type":"Feature","properties":{"id":"osm:node:3510492234","name":"19號水岸咖啡館","category":"cafe","cuisine":"coffee_shop"},"geometry":{"type":"Point","coordinates":[121.567237,25.144737]}},{"type":"Feature","properties":{"id":"osm:node:3510494395","name":"好樣秘境","category":"cafe","name_en":"VVG Hideaway","cuisine":"coffee_shop"},"geometry":{"type":"Point","coordinates":[121.56435,25.142736]}},{"type":"Feature","properties":{"id":"osm:node:3510514465","name":"保安捌肆","category":"cafe","name_en":"Boan 84 Space","cuisine":"coffee_shop"},"geometry":{"type":"Point","coordinates":[121.511669,25.058914]}},{"type":"Feature","properties":{"id":"osm:node:3510607468","name":"Wash Coffee","category":"cafe","cuisine":"coffee_shop"},"geometry":{"type":"Point","coordinates":[121.548056,25.059917]}},{"type":"Feature","properties":{"id":"osm:node:3521485194","name":"可不可熟成紅茶","category":"cafe","name_en":"Kebuke","cuisine":"bubble_tea","brand":"可不可熟成紅茶"},"geometry":{"type":"Point","coordinates":[121.541406,24.991987]}},{"type":"Feature","properties":{"id":"osm:node:3525956679","name":"星巴克","category":"cafe","name_en":"Starbucks","cuisine":"coffee_shop","brand":"星巴克"},"geometry":{"type":"Point","coordinates":[121.530967,25.044974]}},{"type":"Feature","properties":{"id":"osm:node:3528427293","name":"歐蜜瑪咖啡","category":"cafe"},"geometry":{"type":"Point","coordinates":[121.53496,25.053754]}},{"type":"Feature","properties":{"id":"osm:node:3528629835","name":"茶湯會","category":"cafe","name_en":"TP Tea","cuisine":"bubble_tea","brand":"茶湯會"},"geometry":{"type":"Point","coordinates":[121.517178,25.031327]}},{"type":"Feature","properties":{"id":"osm:node:3533380293","name":"泊咖啡","category":"cafe","name_en":"PARC"},"geometry":{"type":"Point","coordinates":[121.531657,25.053164]}},{"type":"Feature","properties":{"id":"osm:node:3541200794","name":"cafe wien","category":"cafe"},"geometry":{"type":"Point","coordinates":[121.519406,25.064146]}},{"type":"Feature","properties":{"id":"osm:node:3541200893","name":"法尼斯小館","category":"cafe"},"geometry":{"type":"Point","coordinates":[121.521724,25.063473]}},{"type":"Feature","properties":{"id":"osm:node:3541201294","name":"Tonup cafe","category":"cafe"},"geometry":{"type":"Point","coordinates":[121.521698,25.06509]}},{"type":"Feature","properties":{"id":"osm:node:3543111812","name":"大苑子","category":"cafe","name_en":"DaYung's","cuisine":"bubble_tea","brand":"大苑子"},"geometry":{"type":"Point","coordinates":[121.450748,25.018326]}},{"type":"Feature","properties":{"id":"osm:node:3550647797","name":"路易莎咖啡","category":"cafe","name_en":"Louisa Coffee","cuisine":"coffee_shop","brand":"路易莎咖啡"},"geometry":{"type":"Point","coordinates":[121.535744,25.051756]}},{"type":"Feature","properties":{"id":"osm:node:3557795442","name":"COMEBUY","category":"cafe"},"geometry":{"type":"Point","coordinates":[121.496518,25.002488]}},{"type":"Feature","properties":{"id":"osm:node:3557795447","name":"路易莎咖啡","category":"cafe","name_en":"Louisa Coffee","cuisine":"coffee_shop","brand":"路易莎咖啡"},"geometry":{"type":"Point","coordinates":[121.500393,25.001285]}},{"type":"Feature","properties":{"id":"osm:node:3577228866","name":"Merci cafe","category":"cafe","cuisine":"Sandwich,_Brunch","opening_hours":"Mo-Su 09:00-17:00; Tu off"},"geometry":{"type":"Point","coordinates":[121.463428,25.010349]}},{"type":"Feature","properties":{"id":"osm:node:3581160294","name":"星巴克","category":"cafe","name_en":"Starbucks","cuisine":"coffee_shop","brand":"星巴克","opening_hours":"Mo-Fr 07:00-22:00; Sa-Su 07:30-22:00"},"geometry":{"type":"Point","coordinates":[121.525244,25.044552]}},{"type":"Feature","properties":{"id":"osm:node:3591717063","name":"可不可熟成紅茶","category":"cafe","name_en":"Kebuke","cuisine":"bubble_tea","brand":"可不可熟成紅茶","opening_hours":"PH,Mo-Su 10:00-22:00"},"geometry":{"type":"Point","coordinates":[121.534578,25.054651]}},{"type":"Feature","properties":{"id":"osm:node:3596859092","name":"麻犇堂(囍糖)本舖","category":"cafe","name_en":"Ma Ban Tang Coffee","opening_hours":"Mo-Sa 11:30-21:00, Su off"},"geometry":{"type":"Point","coordinates":[121.54161,25.047127]}},{"type":"Feature","properties":{"id":"osm:node:3597899312","name":"cama café","category":"cafe","cuisine":"coffee_shop","opening_hours":"Mo-Fr 07:30-20:00; Sa-Su 09:00-17:00"},"geometry":{"type":"Point","coordinates":[121.508168,25.03547]}},{"type":"Feature","properties":{"id":"osm:node:3614055707","name":"Toast Chat","category":"cafe"},"geometry":{"type":"Point","coordinates":[121.555624,25.039465]}},{"type":"Feature","properties":{"id":"osm:node:3617788284","name":"無名黑鐵咖啡","category":"cafe","name_en":"Nameless Coffee","opening_hours":"Su-We 11:00-18:00; Th-Sa 11:00-20:30; Mo off"},"geometry":{"type":"Point","coordinates":[121.506894,25.032347]}},{"type":"Feature","properties":{"id":"osm:node:3617820909","name":"日月德養 麝香貓咖啡","category":"cafe"},"geometry":{"type":"Point","coordinates":[121.550443,25.041687]}},{"type":"Feature","properties":{"id":"osm:node:3622811895","name":"法點法食","category":"cafe"},"geometry":{"type":"Point","coordinates":[121.535514,25.012031]}},{"type":"Feature","properties":{"id":"osm:node:3624471054","name":"丹堤咖啡","category":"cafe","name_en":"Dante Coffee","cuisine":"coffee","opening_hours":"Mo-Su 07:00-22:00"},"geometry":{"type":"Point","coordinates":[121.478579,25.01807]}},{"type":"Feature","properties":{"id":"osm:node:3629305730","name":"紋鳴號","category":"cafe","name_en":"Warming House","cuisine":"coffee_shop","opening_hours":"We-Fr 13:00-22:00; Sa 09:00-23:00; Su 09:00-22:00"},"geometry":{"type":"Point","coordinates":[121.567739,25.002117]}},{"type":"Feature","properties":{"id":"osm:node:3633921418","name":"星巴克","category":"cafe","name_en":"Starbucks","cuisine":"coffee_shop","brand":"星巴克"},"geometry":{"type":"Point","coordinates":[121.574896,25.033982]}},{"type":"Feature","properties":{"id":"osm:node:3634067593","name":"天仁茗茶","category":"cafe","name_en":"TenRen's Tea","cuisine":"bubble_tea","brand":"天仁茗茶"},"geometry":{"type":"Point","coordinates":[121.533428,25.015296]}},{"type":"Feature","properties":{"id":"osm:node:3634931524","name":"85度C","category":"cafe","name_en":"85°C Bakery Cafe","cuisine":"coffee_shop","brand":"85度C","opening_hours":"Mo-Su,PH 06:00-24:00"},"geometry":{"type":"Point","coordinates":[121.475505,25.086998]}},{"type":"Feature","properties":{"id":"osm:node:3638564173","name":"港仔找茶","category":"cafe","cuisine":"coffee_shop","opening_hours":"Mo-Sa 11:00-19:00,Su off"},"geometry":{"type":"Point","coordinates":[121.533511,25.0534]}},{"type":"Feature","properties":{"id":"osm:node:3643897403","name":"五桐號","category":"cafe","name_en":"WooTea","cuisine":"bubble_tea","brand":"五桐號"},"geometry":{"type":"Point","coordinates":[121.475883,25.016879]}},{"type":"Feature","properties":{"id":"osm:node:3648979912","name":"WooTea五桐號","category":"cafe","cuisine":"bubble_tea","opening_hours":"Mo-Fr 10:00-23:00; Sa-Su 11:00-23:00"},"geometry":{"type":"Point","coordinates":[121.532178,25.044092]}},{"type":"Feature","properties":{"id":"osm:node:3649158228","name":"老樹咖啡","category":"cafe"},"geometry":{"type":"Point","coordinates":[121.532507,25.040736]}},{"type":"Feature","properties":{"id":"osm:node:3650173143","name":"西雅圖極品咖啡","category":"cafe","name_en":"Barista Coffee","cuisine":"coffee_shop","brand":"西雅圖極品咖啡","opening_hours":"Su-Th 07:30-23:00, Fr-Sa 07:30-24:00"},"geometry":{"type":"Point","coordinates":[121.55439,25.041166]}},{"type":"Feature","properties":{"id":"osm:node:3650916075","name":"OÙ DESSERT 甜點在那裡 ｜Kaffa Café 咖啡｜Bakery | LUNCH","category":"cafe","cuisine":"regional","opening_hours":"Mo-Fr 08:00-21:00, Sa-Su 10:00-19:00"},"geometry":{"type":"Point","coordinates":[121.559928,25.085438]}},{"type":"Feature","properties":{"id":"osm:node:3654087652","name":"F.M. Cafe & Bistro","category":"cafe","cuisine":"breakfast;international"},"geometry":{"type":"Point","coordinates":[121.522363,25.048592]}},{"type":"Feature","properties":{"id":"osm:node:3656268925","name":"街旅 Street Travel","category":"cafe"},"geometry":{"type":"Point","coordinates":[121.523354,25.029427]}},{"type":"Feature","properties":{"id":"osm:node:3659677325","name":"龜記茶飲","category":"cafe","cuisine":"bubble_tea"},"geometry":{"type":"Point","coordinates":[121.534938,25.054169]}},{"type":"Feature","properties":{"id":"osm:node:3661063906","name":"圓圓方方咖啡","category":"cafe"},"geometry":{"type":"Point","coordinates":[121.52242,25.117317]}},{"type":"Feature","properties":{"id":"osm:node:3661063913","name":"西雅圖極品咖啡","category":"cafe","name_en":"Barista Coffee","cuisine":"coffee_shop","brand":"西雅圖極品咖啡","opening_hours":"Mo-Fr 07:00-20:00,Sa 08:00-17:00,Su 08:00-12:00"},"geometry":{"type":"Point","coordinates":[121.523102,25.116146]}},{"type":"Feature","properties":{"id":"osm:node:3661070225","name":"星巴克","category":"cafe","name_en":"Starbucks","cuisine":"coffee_shop","brand":"星巴克"},"geometry":{"type":"Point","coordinates":[121.522407,25.117699]}},{"type":"Feature","properties":{"id":"osm:node:3664673418","name":"半路","category":"cafe","name_en":"Halfway Coffee"},"geometry":{"type":"Point","coordinates":[121.531674,25.020154]}},{"type":"Feature","properties":{"id":"osm:node:3664676104","name":"人性空間","category":"cafe"},"geometry":{"type":"Point","coordinates":[121.533295,25.020161]}},{"type":"Feature","properties":{"id":"osm:node:3665497327","name":"angel cafe","category":"cafe"},"geometry":{"type":"Point","coordinates":[121.529452,25.031066]}},{"type":"Feature","properties":{"id":"osm:node:3665505025","name":"丹堤咖啡","category":"cafe"},"geometry":{"type":"Point","coordinates":[121.529449,25.030982]}},{"type":"Feature","properties":{"id":"osm:node:3668791633","name":"北投紅茶","category":"cafe","cuisine":"bubble_tea"},"geometry":{"type":"Point","coordinates":[121.532209,25.015721]}},{"type":"Feature","properties":{"id":"osm:node:3668792233","name":"麻古茶枋","category":"cafe","cuisine":"bubble_tea"},"geometry":{"type":"Point","coordinates":[121.532242,25.015756]}},{"type":"Feature","properties":{"id":"osm:node:3670374288","name":"#Lattice 列日鬆餅","category":"cafe","opening_hours":"12:00-20:00"},"geometry":{"type":"Point","coordinates":[121.555541,25.041931]}},{"type":"Feature","properties":{"id":"osm:node:3670374289","name":"COFFEE: STAND UP","category":"cafe","opening_hours":"Mo-Fr 08:00-22:00; Sa-Su,PH 10:00-22:00"},"geometry":{"type":"Point","coordinates":[121.555686,25.042873]}},{"type":"Feature","properties":{"id":"osm:node:3670374293","name":"Little London","category":"cafe"},"geometry":{"type":"Point","coordinates":[121.555532,25.042706]}},{"type":"Feature","properties":{"id":"osm:node:3670374308","name":"布雷堤","category":"cafe"},"geometry":{"type":"Point","coordinates":[121.555411,25.04207]}},{"type":"Feature","properties":{"id":"osm:node:3670374310","name":"弗列斯","category":"cafe","opening_hours":"24/7"},"geometry":{"type":"Point","coordinates":[121.554343,25.042658]}},{"type":"Feature","properties":{"id":"osm:node:3670374321","name":"碎碎念咖啡","category":"cafe","name_en":"Murmur Cafe"},"geometry":{"type":"Point","coordinates":[121.554977,25.042257]}},{"type":"Feature","properties":{"id":"osm:node:3670390142","name":"騷豆花","category":"cafe","opening_hours":"12:30-22:30; Su off; PH off"},"geometry":{"type":"Point","coordinates":[121.555579,25.042717]}},{"type":"Feature","properties":{"id":"osm:node:3670390145","name":"50嵐","category":"cafe","name_en":"50 Lan","cuisine":"bubble_tea","brand":"50嵐"},"geometry":{"type":"Point","coordinates":[121.554165,25.042462]}},{"type":"Feature","properties":{"id":"osm:node:3674336842","name":"星巴克","category":"cafe","name_en":"Starbucks","cuisine":"coffee_shop","brand":"星巴克"},"geometry":{"type":"Point","coordinates":[121.554417,25.032468]}},{"type":"Feature","properties":{"id":"osm:node:3682801677","name":"怡客咖啡","category":"cafe"},"geometry":{"type":"Point","coordinates":[121.471846,25.029767]}},{"type":"Feature","properties":{"id":"osm:node:3682801697","name":"50嵐","category":"cafe","name_en":"50 Lan","cuisine":"bubble_tea","brand":"50嵐"},"geometry":{"type":"Point","coordinates":[121.466969,25.021652]}},{"type":"Feature","properties":{"id":"osm:node:3683800302","name":"清心福全","category":"cafe","name_en":"Ching Shin","cuisine":"bubble_tea","brand":"清心福全"},"geometry":{"type":"Point","coordinates":[121.490883,25.005724]}},{"type":"Feature","properties":{"id":"osm:node:3687762584","name":"NextDoor鄰居家","category":"cafe"},"geometry":{"type":"Point","coordinates":[121.5294,25.033252]}},{"type":"Feature","properties":{"id":"osm:node:3688048463","name":"Jah Cafe","category":"cafe"},"geometry":{"type":"Point","coordinates":[121.549336,24.9893]}},{"type":"Feature","properties":{"id":"osm:node:3689283621","name":"清原","category":"cafe"},"geometry":{"type":"Point","coordinates":[121.465961,25.05475]}},{"type":"Feature","properties":{"id":"osm:node:3693598197","name":"星巴克","category":"cafe","name_en":"Starbucks","cuisine":"coffee_shop","brand":"星巴克"},"geometry":{"type":"Point","coordinates":[121.528188,25.0236]}},{"type":"Feature","properties":{"id":"osm:node:3694092405","name":"路燈咖啡公館店","category":"cafe","cuisine":"coffee_shop"},"geometry":{"type":"Point","coordinates":[121.531547,25.016084]}},{"type":"Feature","properties":{"id":"osm:node:3694094091","name":"路燈咖啡師大店","category":"cafe","cuisine":"coffee_shop"},"geometry":{"type":"Point","coordinates":[121.526824,25.024419]}},{"type":"Feature","properties":{"id":"osm:node:3694654818","name":"鮮茶道","category":"cafe","name_en":"presotea","cuisine":"bubble_tea","brand":"鮮茶道"},"geometry":{"type":"Point","coordinates":[121.554386,25.03047]}},{"type":"Feature","properties":{"id":"osm:node:3695574949","name":"LUNA","category":"cafe","opening_hours":"We-Su 09:30-22:00,Mo-Tu off"},"geometry":{"type":"Point","coordinates":[121.542642,24.967464]}},{"type":"Feature","properties":{"id":"osm:node:3700536513","name":"烏弄","category":"cafe","cuisine":"bubble_tea"},"geometry":{"type":"Point","coordinates":[121.560003,25.031336]}},{"type":"Feature","properties":{"id":"osm:node:3700823286","name":"COME BUY","category":"cafe"},"geometry":{"type":"Point","coordinates":[121.461324,25.080854]}},{"type":"Feature","properties":{"id":"osm:node:3703296067","name":"清心福全","category":"cafe","name_en":"Ching Shin","cuisine":"bubble_tea","brand":"清心福全"},"geometry":{"type":"Point","coordinates":[121.512192,24.961495]}},{"type":"Feature","properties":{"id":"osm:node:3704216426","name":"50嵐","category":"cafe","name_en":"50 Lan","cuisine":"bubble_tea","brand":"50嵐"},"geometry":{"type":"Point","coordinates":[121.532082,25.05356]}},{"type":"Feature","properties":{"id":"osm:node:3704217225","name":"雪球咖啡","category":"cafe"},"geometry":{"type":"Point","coordinates":[121.531445,25.054475]}},{"type":"Feature","properties":{"id":"osm:node:3704355297","name":"G奶木瓜牛奶","category":"cafe"},"geometry":{"type":"Point","coordinates":[121.55344,25.024256]}},{"type":"Feature","properties":{"id":"osm:node:3708200048","name":"茶湯會","category":"cafe","name_en":"TP Tea","cuisine":"bubble_tea","brand":"茶湯會"},"geometry":{"type":"Point","coordinates":[121.483876,24.999591]}},{"type":"Feature","properties":{"id":"osm:node:3710948054","name":"星巴克","category":"cafe","name_en":"Starbucks","cuisine":"coffee_shop","brand":"星巴克"},"geometry":{"type":"Point","coordinates":[121.450037,25.035736]}},{"type":"Feature","properties":{"id":"osm:node:3723319527","name":"TEA'S原味","category":"cafe","cuisine":"bubble_tea","opening_hours":"11:00-22:30"},"geometry":{"type":"Point","coordinates":[121.535906,25.01287]}},{"type":"Feature","properties":{"id":"osm:node:3723976552","name":"得正","category":"cafe","cuisine":"bubble_tea"},"geometry":{"type":"Point","coordinates":[121.543677,25.026879]}},{"type":"Feature","properties":{"id":"osm:node:3724770026","name":"壹咖啡","category":"cafe"},"geometry":{"type":"Point","coordinates":[121.513964,25.043163]}},{"type":"Feature","properties":{"id":"osm:node:3725707064","name":"初聲咖啡店","category":"cafe","name_en":"true sound coffee"},"geometry":{"type":"Point","coordinates":[121.510942,25.041872]}},{"type":"Feature","properties":{"id":"osm:node:3727627427","name":"Okey Coffee","category":"cafe","opening_hours":"Mo-Th 07:30-16:00, Fr 07:30-15:00; PH,Sa-Su off"},"geometry":{"type":"Point","coordinates":[121.533666,25.05377]}},{"type":"Feature","properties":{"id":"osm:node:3727636525","name":"芥子咖啡","category":"cafe"},"geometry":{"type":"Point","coordinates":[121.533562,25.053736]}},{"type":"Feature","properties":{"id":"osm:node:3727895635","name":"怡客咖啡","category":"cafe","name_en":"Ikari Coffee"},"geometry":{"type":"Point","coordinates":[121.533206,25.04941]}},{"type":"Feature","properties":{"id":"osm:node:3730373622","name":"HOU","category":"cafe"},"geometry":{"type":"Point","coordinates":[121.521897,25.103628]}},{"type":"Feature","properties":{"id":"osm:node:3732187929","name":"極簡咖啡","category":"cafe","cuisine":"coffee_shop","opening_hours":"12:00-23:00"},"geometry":{"type":"Point","coordinates":[121.529575,25.025604]}},{"type":"Feature","properties":{"id":"osm:node:3732188577","name":"2J CAFE","category":"cafe","cuisine":"coffee_shop","opening_hours":"11:30-00:00"},"geometry":{"type":"Point","coordinates":[121.538344,25.030911]}},{"type":"Feature","properties":{"id":"osm:node:3732199922","name":"暗角咖啡","category":"cafe","cuisine":"coffee_shop","opening_hours":"14:00-04:00"},"geometry":{"type":"Point","coordinates":[121.518279,25.027165]}},{"type":"Feature","properties":{"id":"osm:node:3732207979","name":"CAFE Macho 早秋咖啡","category":"cafe","cuisine":"coffee_shop","opening_hours":"12:00-00:00"},"geometry":{"type":"Point","coordinates":[121.521277,25.025902]}},{"type":"Feature","properties":{"id":"osm:node:3732211225","name":"Homey's cafe","category":"cafe","cuisine":"coffee_shop","opening_hours":"Mo-Su 12:00-24:00"},"geometry":{"type":"Point","coordinates":[121.546604,25.040892]}},{"type":"Feature","properties":{"id":"osm:node:3732225207","name":"北投黑金魚咖啡館","category":"cafe"},"geometry":{"type":"Point","coordinates":[121.498696,25.132699]}},{"type":"Feature","properties":{"id":"osm:node:3734714097","name":"85度C","category":"cafe","name_en":"85°C Bakery Cafe","cuisine":"coffee_shop","brand":"85度C","opening_hours":"Mo-Sa 07:00-23:00"},"geometry":{"type":"Point","coordinates":[121.474347,25.091462]}},{"type":"Feature","properties":{"id":"osm:node:3743063131","name":"Pillow Cage","category":"cafe"},"geometry":{"type":"Point","coordinates":[121.539881,25.026953]}},{"type":"Feature","properties":{"id":"osm:node:3743063132","name":"米食韓國餐廳","category":"cafe"},"geometry":{"type":"Point","coordinates":[121.539699,25.026947]}},{"type":"Feature","properties":{"id":"osm:node:3743078430","name":"路易莎咖啡","category":"cafe","name_en":"Louisa Coffee","cuisine":"coffee_shop","brand":"路易莎咖啡"},"geometry":{"type":"Point","coordinates":[121.539497,25.028647]}},{"type":"Feature","properties":{"id":"osm:node:3748706225","name":"星巴克","category":"cafe","name_en":"Starbucks","cuisine":"coffee_shop","brand":"星巴克"},"geometry":{"type":"Point","coordinates":[121.563607,25.051621]}},{"type":"Feature","properties":{"id":"osm:node:3750773872","name":"拾米屋","category":"cafe","cuisine":"coffee_shop","opening_hours":"13:00-20:00"},"geometry":{"type":"Point","coordinates":[121.498956,25.13612]}},{"type":"Feature","properties":{"id":"osm:node:3750783999","name":"好丘","category":"cafe","name_en":"good cho's","cuisine":"coffee_shop","opening_hours":"Mo-Fr 10:00-20:00, Sa-Su 09:00-18:30"},"geometry":{"type":"Point","coordinates":[121.561838,25.03139]}},{"type":"Feature","properties":{"id":"osm:node:3752248525","name":"Ikari Coffee","category":"cafe"},"geometry":{"type":"Point","coordinates":[121.526098,25.095199]}},{"type":"Feature","properties":{"id":"osm:node:3752500468","name":"棋樂無窮桌上遊戲咖啡館","category":"cafe","cuisine":"pizza"},"geometry":{"type":"Point","coordinates":[121.531092,25.060413]}},{"type":"Feature","properties":{"id":"osm:node:3763599237","name":"拉瓦那咖啡","category":"cafe"},"geometry":{"type":"Point","coordinates":[121.60418,25.125643]}},{"type":"Feature","properties":{"id":"osm:node:3763599528","name":"五指山星城咖啡","category":"cafe"},"geometry":{"type":"Point","coordinates":[121.604632,25.125858]}},{"type":"Feature","properties":{"id":"osm:node:3765555486","name":"快樂檸檬","category":"cafe","name_en":"Happy Lemon","cuisine":"bubble_tea","brand":"快樂檸檬"},"geometry":{"type":"Point","coordinates":[121.532691,25.01492]}},{"type":"Feature","properties":{"id":"osm:node:3767530267","name":"大苑子","category":"cafe","name_en":"DaYung's","cuisine":"bubble_tea","brand":"大苑子"},"geometry":{"type":"Point","coordinates":[121.540976,24.990334]}},{"type":"Feature","properties":{"id":"osm:node:3767530279","name":"清心福全","category":"cafe","name_en":"Ching Shin","cuisine":"bubble_tea","brand":"清心福全"},"geometry":{"type":"Point","coordinates":[121.541198,24.990246]}},{"type":"Feature","properties":{"id":"osm:node:3770200130","name":"Cong Caphe","category":"cafe","brand":"Cong Caphe"},"geometry":{"type":"Point","coordinates":[121.513776,25.045911]}},{"type":"Feature","properties":{"id":"osm:node:3777743180","name":"北投紅茶","category":"cafe","cuisine":"bubble_tea"},"geometry":{"type":"Point","coordinates":[121.534511,25.013687]}},{"type":"Feature","properties":{"id":"osm:node:3778328678","name":"咖啡烘培專賣","category":"cafe"},"geometry":{"type":"Point","coordinates":[121.532479,25.05982]}},{"type":"Feature","properties":{"id":"osm:node:3785975810","name":"星巴克","category":"cafe","name_en":"Starbucks","cuisine":"coffee_shop","brand":"星巴克"},"geometry":{"type":"Point","coordinates":[121.465041,24.986537]}},{"type":"Feature","properties":{"id":"osm:node:3785976830","name":"50嵐","category":"cafe","name_en":"50 Lan","cuisine":"bubble_tea","brand":"50嵐","opening_hours":"Su-Th 10:00-22:30; Fr-Sa 09:00-18:00"},"geometry":{"type":"Point","coordinates":[121.529477,25.030248]}},{"type":"Feature","properties":{"id":"osm:node:3785977777","name":"歐客佬咖啡信義店","category":"cafe"},"geometry":{"type":"Point","coordinates":[121.539138,25.033658]}},{"type":"Feature","properties":{"id":"osm:node:3785980602","name":"8度c冰淇淋","category":"cafe"},"geometry":{"type":"Point","coordinates":[121.529857,25.03229]}},{"type":"Feature","properties":{"id":"osm:node:3785981604","name":"CoCo都可","category":"cafe","name_en":"CoCo Fresh Tea & Juice","cuisine":"bubble_tea","brand":"CoCo都可"},"geometry":{"type":"Point","coordinates":[121.516603,25.030241]}},{"type":"Feature","properties":{"id":"osm:node:3787100421","name":"點點漾滋味","category":"cafe"},"geometry":{"type":"Point","coordinates":[121.556077,25.058444]}},{"type":"Feature","properties":{"id":"osm:node:3810225196","name":"淘憩Cozy","category":"cafe"},"geometry":{"type":"Point","coordinates":[121.533828,25.049433]}},{"type":"Feature","properties":{"id":"osm:node:3811440918","name":"星巴克","category":"cafe","name_en":"Starbucks","cuisine":"coffee_shop","brand":"星巴克","opening_hours":"Mo-Sa 06:30-22:00; Su 08:00-21:30"},"geometry":{"type":"Point","coordinates":[121.521747,25.057932]}},{"type":"Feature","properties":{"id":"osm:node:3811440920","name":"Enjoy","category":"cafe"},"geometry":{"type":"Point","coordinates":[121.52309,25.057582]}},{"type":"Feature","properties":{"id":"osm:node:3811441540","name":"Magic Lamp Cafe","category":"cafe"},"geometry":{"type":"Point","coordinates":[121.551752,24.983526]}},{"type":"Feature","properties":{"id":"osm:node:3811445879","name":"路易莎咖啡","category":"cafe","name_en":"Louisa Coffee","cuisine":"coffee_shop","brand":"路易莎咖啡"},"geometry":{"type":"Point","coordinates":[121.519085,25.057286]}},{"type":"Feature","properties":{"id":"osm:node:3811446939","name":"大盜陳","category":"cafe","cuisine":"bubble_tea"},"geometry":{"type":"Point","coordinates":[121.520469,25.057502]}},{"type":"Feature","properties":{"id":"osm:node:3812405150","name":"ComeBuy","category":"cafe","cuisine":"bubble_tea"},"geometry":{"type":"Point","coordinates":[121.544825,24.995057]}},{"type":"Feature","properties":{"id":"osm:node:3818999699","name":"龍角飲料店","category":"cafe","cuisine":"bubble_tea"},"geometry":{"type":"Point","coordinates":[121.529853,25.019384]}},{"type":"Feature","properties":{"id":"osm:node:3818999941","name":"思享森林","category":"cafe","name_en":"Sense Forest"},"geometry":{"type":"Point","coordinates":[121.529947,25.019291]}},{"type":"Feature","properties":{"id":"osm:node:3822530545","name":"MICASA MULTILINGUAL BAKING CLASS","category":"cafe","cuisine":"coffee_shop"},"geometry":{"type":"Point","coordinates":[121.497859,25.131336]}},{"type":"Feature","properties":{"id":"osm:node:3824673529","name":"老賴茶棧","category":"cafe","cuisine":"bubble_tea"},"geometry":{"type":"Point","coordinates":[121.531612,25.043603]}},{"type":"Feature","properties":{"id":"osm:node:3825998765","name":"龜記","category":"cafe","cuisine":"bubble_tea"},"geometry":{"type":"Point","coordinates":[121.534688,25.013161]}},{"type":"Feature","properties":{"id":"osm:node:3826206858","name":"cama café現烘咖啡","category":"cafe"},"geometry":{"type":"Point","coordinates":[121.567875,25.038444]}},{"type":"Feature","properties":{"id":"osm:node:3826769575","name":"藝大咖啡","category":"cafe"},"geometry":{"type":"Point","coordinates":[121.470372,25.133245]}},{"type":"Feature","properties":{"id":"osm:node:3826769577","name":"Luguo Cafe / Z Space","category":"cafe","opening_hours":"Mo off; Tu-Su 11:00-18:00"},"geometry":{"type":"Point","coordinates":[121.471312,25.133461]}},{"type":"Feature","properties":{"id":"osm:node:3826874910","name":"星巴克","category":"cafe","name_en":"Starbucks","cuisine":"coffee_shop","brand":"星巴克"},"geometry":{"type":"Point","coordinates":[121.538035,24.973975]}},{"type":"Feature","properties":{"id":"osm:node:3830585893","name":"統將精選咖啡","category":"cafe"},"geometry":{"type":"Point","coordinates":[121.531944,25.019815]}},{"type":"Feature","properties":{"id":"osm:node:3830585894","name":"東京痴貨","category":"cafe"},"geometry":{"type":"Point","coordinates":[121.532606,25.018728]}},{"type":"Feature","properties":{"id":"osm:node:3832655082","name":"丹提咖啡","category":"cafe","cuisine":"coffee_shop"},"geometry":{"type":"Point","coordinates":[121.537229,25.025502]}},{"type":"Feature","properties":{"id":"osm:node:3834063057","name":"akuma caca","category":"cafe"},"geometry":{"type":"Point","coordinates":[121.548199,25.021888]}},{"type":"Feature","properties":{"id":"osm:node:3835295061","name":"福來許","category":"cafe","cuisine":"coffee_shop","opening_hours":"Mo-Su 11:00-20:30"},"geometry":{"type":"Point","coordinates":[121.509908,25.055689]}},{"type":"Feature","properties":{"id":"osm:node:3835342098","name":"50嵐","category":"cafe","name_en":"50 Lan","cuisine":"bubble_tea","brand":"50嵐"},"geometry":{"type":"Point","coordinates":[121.560925,24.981835]}},{"type":"Feature","properties":{"id":"osm:node:3835342099","name":"星巴克","category":"cafe","name_en":"Starbucks","cuisine":"coffee_shop","brand":"星巴克"},"geometry":{"type":"Point","coordinates":[121.561041,24.981887]}},{"type":"Feature","properties":{"id":"osm:node:3835345474","name":"85度C","category":"cafe","name_en":"85°C Bakery Cafe","cuisine":"coffee_shop","brand":"85度C"},"geometry":{"type":"Point","coordinates":[121.567403,24.983607]}},{"type":"Feature","properties":{"id":"osm:node:3835346555","name":"清心福全","category":"cafe","name_en":"Ching Shin","cuisine":"bubble_tea","brand":"清心福全"},"geometry":{"type":"Point","coordinates":[121.561268,24.981719]}},{"type":"Feature","properties":{"id":"osm:node:3835358922","name":"朵明哥咖啡館","category":"cafe"},"geometry":{"type":"Point","coordinates":[121.56133,24.98132]}},{"type":"Feature","properties":{"id":"osm:node:3835835207","name":"岸咖啡","category":"cafe"},"geometry":{"type":"Point","coordinates":[121.467326,25.109749]}},{"type":"Feature","properties":{"id":"osm:node:3840857819","name":"力茶","category":"cafe"},"geometry":{"type":"Point","coordinates":[121.530342,25.055805]}},{"type":"Feature","properties":{"id":"osm:node:3842796481","name":"星巴客","category":"cafe"},"geometry":{"type":"Point","coordinates":[121.55765,24.999906]}},{"type":"Feature","properties":{"id":"osm:node:3842796483","name":"真芳","category":"cafe"},"geometry":{"type":"Point","coordinates":[121.556472,25.000148]}},{"type":"Feature","properties":{"id":"osm:node:3842796565","name":"3 Cafe Studio","category":"cafe"},"geometry":{"type":"Point","coordinates":[121.536424,25.052927]}},{"type":"Feature","properties":{"id":"osm:node:3846399508","name":"茶聚","category":"cafe","name_en":"Change","cuisine":"bubble_tea"},"geometry":{"type":"Point","coordinates":[121.534973,25.052858]}},{"type":"Feature","properties":{"id":"osm:node:3846400906","name":"遇見蘋果先生","category":"cafe","name_en":"Meet Apple Cafe"},"geometry":{"type":"Point","coordinates":[121.535226,25.05264]}},{"type":"Feature","properties":{"id":"osm:node:3846401364","name":"Denny's","category":"cafe","opening_hours":"Mo-Sa 07:30-16:30; Su off"},"geometry":{"type":"Point","coordinates":[121.535372,25.052638]}},{"type":"Feature","properties":{"id":"osm:node:3851546382","name":"飲君子咖啡","category":"cafe"},"geometry":{"type":"Point","coordinates":[121.519412,25.042994]}},{"type":"Feature","properties":{"id":"osm:node:3851546384","name":"Bomb Shelter","category":"cafe"},"geometry":{"type":"Point","coordinates":[121.525368,25.045748]}},{"type":"Feature","properties":{"id":"osm:node:3854472485","name":"雪球咖啡","category":"cafe"},"geometry":{"type":"Point","coordinates":[121.533949,25.014007]}},{"type":"Feature","properties":{"id":"osm:node:3857683728","name":"星巴克","category":"cafe","name_en":"Starbucks","cuisine":"coffee_shop","brand":"星巴克"},"geometry":{"type":"Point","coordinates":[121.52325,25.081815]}},{"type":"Feature","properties":{"id":"osm:node:3859921815","name":"清心福全","category":"cafe","name_en":"Ching Shin","cuisine":"bubble_tea","brand":"清心福全","opening_hours":"Mo-Su 11:00-21:30"},"geometry":{"type":"Point","coordinates":[121.541938,25.137515]}},{"type":"Feature","properties":{"id":"osm:node:3859933811","name":"菲華樓 觀光系咖啡廳","category":"cafe"},"geometry":{"type":"Point","coordinates":[121.540232,25.135845]}},{"type":"Feature","properties":{"id":"osm:node:3867798197","name":"烏弄原茶","category":"cafe","name_en":"UNOCHA","cuisine":"bubble_tea"},"geometry":{"type":"Point","coordinates":[121.5347,25.013831]}},{"type":"Feature","properties":{"id":"osm:node:3867798200","name":"墾丁蛋蛋ㄉㄨㄞ奶","category":"cafe","cuisine":"bubble_tea","opening_hours":"Su-Th 11:30-22:30; Fr,Sa 11:30-23:30"},"geometry":{"type":"Point","coordinates":[121.532146,25.015263]}},{"type":"Feature","properties":{"id":"osm:node:3873109681","name":"Coffee Moon","category":"cafe"},"geometry":{"type":"Point","coordinates":[121.534203,25.053684]}},{"type":"Feature","properties":{"id":"osm:node:3873170621","name":"My Mind Cafe","category":"cafe"},"geometry":{"type":"Point","coordinates":[121.531205,25.020472]}},{"type":"Feature","properties":{"id":"osm:node:3881536254","name":"旺月捌","category":"cafe","name_en":"Wonder Bar","cuisine":"bubble_tea"},"geometry":{"type":"Point","coordinates":[121.516146,25.044454]}},{"type":"Feature","properties":{"id":"osm:node:3881536255","name":"迷客夏","category":"cafe","name_en":"Milkshop","cuisine":"bubble_tea","brand":"迷客夏"},"geometry":{"type":"Point","coordinates":[121.516143,25.044369]}},{"type":"Feature","properties":{"id":"osm:node:3881540593","name":"奧蘿茉cafe","category":"cafe","cuisine":"bubble_tea"},"geometry":{"type":"Point","coordinates":[121.516024,25.044315]}},{"type":"Feature","properties":{"id":"osm:node:3881540632","name":"鮮茶道","category":"cafe","name_en":"Presotea","cuisine":"bubble_tea","brand":"鮮茶道"},"geometry":{"type":"Point","coordinates":[121.516054,25.045368]}},{"type":"Feature","properties":{"id":"osm:node:3881926859","name":"丹堤咖啡","category":"cafe"},"geometry":{"type":"Point","coordinates":[121.566169,25.048013]}},{"type":"Feature","properties":{"id":"osm:node:3884736563","name":"85度C","category":"cafe","name_en":"85°C Bakery Cafe","cuisine":"coffee_shop","brand":"85度C"},"geometry":{"type":"Point","coordinates":[121.631504,25.065543]}},{"type":"Feature","properties":{"id":"osm:node:3887253135","name":"海音咖啡","category":"cafe","cuisine":"coffee_shop"},"geometry":{"type":"Point","coordinates":[121.533762,25.044196]}},{"type":"Feature","properties":{"id":"osm:node:3887310082","name":"星巴克","category":"cafe","name_en":"Starbucks","cuisine":"coffee_shop","brand":"星巴克","opening_hours":"Mo-Su 07:00-22:00"},"geometry":{"type":"Point","coordinates":[121.514091,25.046083]}},{"type":"Feature","properties":{"id":"osm:node:3887468729","name":"伯朗咖啡","category":"cafe"},"geometry":{"type":"Point","coordinates":[121.537016,25.040832]}},{"type":"Feature","properties":{"id":"osm:node:3887762021","name":"Aura微光咖啡","category":"cafe","opening_hours":"12:30-22:00"},"geometry":{"type":"Point","coordinates":[121.530677,25.019381]}},{"type":"Feature","properties":{"id":"osm:node:3887762049","name":"葉子咖啡","category":"cafe","opening_hours":"Mo-Su 12:00-0:00"},"geometry":{"type":"Point","coordinates":[121.5326,25.017763]}},{"type":"Feature","properties":{"id":"osm:node:3887817074","name":"花茶大師","category":"cafe","cuisine":"bubble_tea"},"geometry":{"type":"Point","coordinates":[121.534155,25.053685]}},{"type":"Feature","properties":{"id":"osm:node:3887817084","name":"黑沃咖啡","category":"cafe","name_en":"HWC"},"geometry":{"type":"Point","coordinates":[121.533985,25.053551]}},{"type":"Feature","properties":{"id":"osm:node:3887820747","name":"Cama咖啡","category":"cafe"},"geometry":{"type":"Point","coordinates":[121.532557,25.04033]}},{"type":"Feature","properties":{"id":"osm:node:3887820749","name":"一方醇森高砂咖啡華山店","category":"cafe"},"geometry":{"type":"Point","coordinates":[121.527685,25.044974]}},{"type":"Feature","properties":{"id":"osm:node:3887825433","name":"mbi","category":"cafe"},"geometry":{"type":"Point","coordinates":[121.558269,25.034432]}},{"type":"Feature","properties":{"id":"osm:node:3888706244","name":"西雅圖極品咖啡","category":"cafe","name_en":"Barista Coffee","cuisine":"coffee_shop","brand":"西雅圖極品咖啡","opening_hours":"Mo-Fr 08:00-18:00; Sa 10:30-17:30"},"geometry":{"type":"Point","coordinates":[121.518332,25.045682]}},{"type":"Feature","properties":{"id":"osm:node:3888805255","name":"壹咖啡","category":"cafe"},"geometry":{"type":"Point","coordinates":[121.629526,25.070451]}},{"type":"Feature","properties":{"id":"osm:node:3888838522","name":"怡客咖啡","category":"cafe"},"geometry":{"type":"Point","coordinates":[121.505753,25.026022]}},{"type":"Feature","properties":{"id":"osm:node:3889227326","name":"曼特林咖啡館","category":"cafe"},"geometry":{"type":"Point","coordinates":[121.520965,25.06075]}},{"type":"Feature","properties":{"id":"osm:node:3889227327","name":"多禮咖啡","category":"cafe"},"geometry":{"type":"Point","coordinates":[121.521141,25.061053]}},{"type":"Feature","properties":{"id":"osm:node:3891208752","name":"星巴克","category":"cafe","name_en":"Starbucks","cuisine":"coffee_shop","brand":"星巴克","opening_hours":"Mo-Fr 06:30-21:00; Sa-Su 07:00-21:00"},"geometry":{"type":"Point","coordinates":[121.516924,25.03241]}},{"type":"Feature","properties":{"id":"osm:node:3908055730","name":"老爸咖啡","category":"cafe"},"geometry":{"type":"Point","coordinates":[121.523831,25.044881]}},{"type":"Feature","properties":{"id":"osm:node:3914415980","name":"樂華天下","category":"cafe","cuisine":"bubble_tea"},"geometry":{"type":"Point","coordinates":[121.510543,25.008984]}},{"type":"Feature","properties":{"id":"osm:node:3914416041","name":"老牛嫩仙草","category":"cafe"},"geometry":{"type":"Point","coordinates":[121.511921,25.008136]}},{"type":"Feature","properties":{"id":"osm:node:3923847438","name":"Angle Cafe","category":"cafe"},"geometry":{"type":"Point","coordinates":[121.540607,25.028021]}},{"type":"Feature","properties":{"id":"osm:node:3923847439","name":"Casa del Fresco","category":"cafe"},"geometry":{"type":"Point","coordinates":[121.53726,25.024405]}},{"type":"Feature","properties":{"id":"osm:node:3924749031","name":"路易莎咖啡","category":"cafe","name_en":"Louisa Coffee","cuisine":"coffee_shop","brand":"路易莎咖啡","opening_hours":"Mo-Fr 07:00-18:00"},"geometry":{"type":"Point","coordinates":[121.507384,25.034533]}},{"type":"Feature","properties":{"id":"osm:node:3925604458","name":"Mr. Wish","category":"cafe","cuisine":"bubble_tea","brand":"Mr. Wish"},"geometry":{"type":"Point","coordinates":[121.546426,25.083167]}},{"type":"Feature","properties":{"id":"osm:node:3929888355","name":"ECM咖啡坊","category":"cafe"},"geometry":{"type":"Point","coordinates":[121.541447,24.99486]}},{"type":"Feature","properties":{"id":"osm:node:3939158036","name":"Cafein 硬咖啡","category":"cafe","opening_hours":"Mo-Fr 07:30-18:30; PH,Sa,Su 08:00-19:30"},"geometry":{"type":"Point","coordinates":[121.522939,25.062966]}},{"type":"Feature","properties":{"id":"osm:node:3939199353","name":"清心","category":"cafe"},"geometry":{"type":"Point","coordinates":[121.451788,25.101165]}},{"type":"Feature","properties":{"id":"osm:node:3953673669","name":"大苑子","category":"cafe","name_en":"DaYung's","cuisine":"bubble_tea","brand":"大苑子"},"geometry":{"type":"Point","coordinates":[121.56088,25.052992]}},{"type":"Feature","properties":{"id":"osm:node:3953673674","name":"茶湯會","category":"cafe","name_en":"TP Tea","cuisine":"bubble_tea","brand":"茶湯會"},"geometry":{"type":"Point","coordinates":[121.56069,25.0524]}},{"type":"Feature","properties":{"id":"osm:node:3955465460","name":"PK coffee‧food","category":"cafe"},"geometry":{"type":"Point","coordinates":[121.560897,25.053273]}},{"type":"Feature","properties":{"id":"osm:node:3955465476","name":"吉思咖啡","category":"cafe"},"geometry":{"type":"Point","coordinates":[121.556747,25.052767]}},{"type":"Feature","properties":{"id":"osm:node:3956221810","name":"看電車咖啡館","category":"cafe","name_en":"Orange","opening_hours":"12:00-23:00"},"geometry":{"type":"Point","coordinates":[121.526339,25.092024]}},{"type":"Feature","properties":{"id":"osm:node:3979685204","name":"路易莎咖啡","category":"cafe","name_en":"Louisa Coffee","cuisine":"coffee_shop","brand":"路易莎咖啡"},"geometry":{"type":"Point","coordinates":[121.513845,25.008104]}},{"type":"Feature","properties":{"id":"osm:node:3979685205","name":"大苑子","category":"cafe","name_en":"DaYung's","cuisine":"bubble_tea","brand":"大苑子"},"geometry":{"type":"Point","coordinates":[121.514064,25.008199]}},{"type":"Feature","properties":{"id":"osm:node:3979685206","name":"50嵐","category":"cafe","name_en":"50 Lan","cuisine":"bubble_tea","brand":"50嵐"},"geometry":{"type":"Point","coordinates":[121.514085,25.008303]}},{"type":"Feature","properties":{"id":"osm:node:3981536205","name":"清心福全","category":"cafe","name_en":"Ching Shin","cuisine":"bubble_tea","brand":"清心福全"},"geometry":{"type":"Point","coordinates":[121.566981,25.082457]}},{"type":"Feature","properties":{"id":"osm:node:3981536778","name":"西雅圖極品咖啡","category":"cafe","name_en":"Barista Coffee","cuisine":"coffee_shop","brand":"西雅圖極品咖啡","opening_hours":"Mo-Su 07:00-20:30"},"geometry":{"type":"Point","coordinates":[121.566034,25.082051]}},{"type":"Feature","properties":{"id":"osm:node:3992053164","name":"星巴克","category":"cafe","name_en":"Starbucks","cuisine":"coffee_shop","brand":"星巴克","opening_hours":"Mo-Su 07:30-22:00"},"geometry":{"type":"Point","coordinates":[121.513999,25.053905]}},{"type":"Feature","properties":{"id":"osm:node:4000887382","name":"清心福全","category":"cafe","name_en":"Ching Shin","cuisine":"bubble_tea","brand":"清心福全"},"geometry":{"type":"Point","coordinates":[121.508089,25.088822]}},{"type":"Feature","properties":{"id":"osm:node:4005167905","name":"慢步調","category":"cafe","name_en":"Slow. Pace. Cafe","cuisine":"coffee_shop","opening_hours":"Mo-Su 11:00-22:00"},"geometry":{"type":"Point","coordinates":[121.541699,25.042115]}},{"type":"Feature","properties":{"id":"osm:node:4007690407","name":"Drop Coffee House","category":"cafe"},"geometry":{"type":"Point","coordinates":[121.533544,25.019079]}},{"type":"Feature","properties":{"id":"osm:node:4007690408","name":"天使ハート 女僕咖啡廳","category":"cafe","opening_hours":"Mo-Su 13:00-22:00"},"geometry":{"type":"Point","coordinates":[121.53314,25.017292]}},{"type":"Feature","properties":{"id":"osm:node:4007798811","name":"雨聲咖啡","category":"cafe","name_en":"Rain Sound Coffee"},"geometry":{"type":"Point","coordinates":[121.542488,24.994862]}},{"type":"Feature","properties":{"id":"osm:node:4007798820","name":"室角舍記咖啡議廊","category":"cafe"},"geometry":{"type":"Point","coordinates":[121.542129,24.995045]}},{"type":"Feature","properties":{"id":"osm:node:4007798874","name":"泰讚了","category":"cafe","name_en":"thai like tea","cuisine":"bubble_tea"},"geometry":{"type":"Point","coordinates":[121.541671,24.989703]}},{"type":"Feature","properties":{"id":"osm:node:4018206191","name":"南施咖啡","category":"cafe"},"geometry":{"type":"Point","coordinates":[121.51356,25.053079]}},{"type":"Feature","properties":{"id":"osm:node:4018208844","name":"伊聖詩私房書櫃","category":"cafe","opening_hours":"Mo-Su 10:00-21:30"},"geometry":{"type":"Point","coordinates":[121.53403,25.024161]}},{"type":"Feature","properties":{"id":"osm:node:4018209442","name":"怡客咖啡","category":"cafe"},"geometry":{"type":"Point","coordinates":[121.515332,25.115873]}},{"type":"Feature","properties":{"id":"osm:node:4018209502","name":"福來得咖啡","category":"cafe"},"geometry":{"type":"Point","coordinates":[121.558999,25.033426]}},{"type":"Feature","properties":{"id":"osm:node:4018209517","name":"美石蒂花咖啡","category":"cafe"},"geometry":{"type":"Point","coordinates":[121.53894,25.052724]}},{"type":"Feature","properties":{"id":"osm:node:4018210302","name":"星巴克","category":"cafe","name_en":"Starbucks","cuisine":"coffee_shop","brand":"星巴克","opening_hours":"Mo-Fr 07:00-21:00; Sa-Su 07:30-21:00"},"geometry":{"type":"Point","coordinates":[121.544471,25.052642]}},{"type":"Feature","properties":{"id":"osm:node:4018210430","name":"傑伯咖啡","category":"cafe"},"geometry":{"type":"Point","coordinates":[121.538959,25.053446]}},{"type":"Feature","properties":{"id":"osm:node:4025622417","name":"金五春","category":"cafe","name_en":"Golden Spring's","cuisine":"bubble_tea"},"geometry":{"type":"Point","coordinates":[121.534678,25.054199]}},{"type":"Feature","properties":{"id":"osm:node:4031296811","name":"可不可熟成紅茶","category":"cafe","name_en":"Kebuke","cuisine":"bubble_tea","brand":"可不可熟成紅茶"},"geometry":{"type":"Point","coordinates":[121.534892,25.051222]}},{"type":"Feature","properties":{"id":"osm:node:4031296843","name":"怡客咖啡","category":"cafe"},"geometry":{"type":"Point","coordinates":[121.546886,25.052949]}},{"type":"Feature","properties":{"id":"osm:node:4031296844","name":"怡客咖啡","category":"cafe"},"geometry":{"type":"Point","coordinates":[121.54441,25.055421]}},{"type":"Feature","properties":{"id":"osm:node:4031297294","name":"莫方‧茶點","category":"cafe"},"geometry":{"type":"Point","coordinates":[121.532607,25.043247]}},{"type":"Feature","properties":{"id":"osm:node:4031297509","name":"93巷人文空間","category":"cafe"},"geometry":{"type":"Point","coordinates":[121.533576,25.05054]}},{"type":"Feature","properties":{"id":"osm:node:4033147902","name":"星巴克","category":"cafe","name_en":"Starbucks","cuisine":"coffee_shop","brand":"星巴克"},"geometry":{"type":"Point","coordinates":[121.540757,24.982548]}},{"type":"Feature","properties":{"id":"osm:node:4043625904","name":"冬鮮堂","category":"cafe"},"geometry":{"type":"Point","coordinates":[121.541263,24.990103]}},{"type":"Feature","properties":{"id":"osm:node:4043625926","name":"北投紅茶","category":"cafe","cuisine":"bubble_tea"},"geometry":{"type":"Point","coordinates":[121.541422,24.989642]}},{"type":"Feature","properties":{"id":"osm:node:4044252559","name":"巴黎香","category":"cafe"},"geometry":{"type":"Point","coordinates":[121.451021,25.177479]}},{"type":"Feature","properties":{"id":"osm:node:4050767734","name":"路易莎","category":"cafe","cuisine":"coffee_shop"},"geometry":{"type":"Point","coordinates":[121.563361,25.057758]}},{"type":"Feature","properties":{"id":"osm:node:4076232898","name":"CBD cafe","category":"cafe","opening_hours":"Mo-Fr 09:00-17:00"},"geometry":{"type":"Point","coordinates":[121.531542,25.04775]}},{"type":"Feature","properties":{"id":"osm:node:4078673408","name":"J12 Café","category":"cafe"},"geometry":{"type":"Point","coordinates":[121.560942,25.056489]}},{"type":"Feature","properties":{"id":"osm:node:4082319368","name":"雀客飲","category":"cafe"},"geometry":{"type":"Point","coordinates":[121.533429,25.059495]}},{"type":"Feature","properties":{"id":"osm:node:4082319369","name":"George House","category":"cafe"},"geometry":{"type":"Point","coordinates":[121.534732,25.059592]}},{"type":"Feature","properties":{"id":"osm:node:4082319371","name":"入內Zoono","category":"cafe"},"geometry":{"type":"Point","coordinates":[121.533991,25.059485]}},{"type":"Feature","properties":{"id":"osm:node:4082740389","name":"CoCo都可","category":"cafe","name_en":"CoCo Fresh Tea & Juice","cuisine":"bubble_tea","brand":"CoCo都可"},"geometry":{"type":"Point","coordinates":[121.554748,25.020958]}},{"type":"Feature","properties":{"id":"osm:node:4082740397","name":"大安和平12","category":"cafe"},"geometry":{"type":"Point","coordinates":[121.552675,25.020529]}},{"type":"Feature","properties":{"id":"osm:node:4085016856","name":"青山","category":"cafe","name_en":"Tea Peak","cuisine":"bubble_tea"},"geometry":{"type":"Point","coordinates":[121.534703,25.052822]}},{"type":"Feature","properties":{"id":"osm:node:4085092821","name":"雀兒小餐館","category":"cafe","name_en":"Chelsea's Dinner & Cafe","opening_hours":"Tu-Su 11:00-21:00"},"geometry":{"type":"Point","coordinates":[121.531821,25.019603]}},{"type":"Feature","properties":{"id":"osm:node:4085092830","name":"堅果奶","category":"cafe","cuisine":"bubble_tea"},"geometry":{"type":"Point","coordinates":[121.532105,25.015568]}},{"type":"Feature","properties":{"id":"osm:node:4101264094","name":"Le Park Cafe","category":"cafe","cuisine":"coffee_shop","opening_hours":"Sa 11:00-18:00; Su-Fr 11:00-20:00"},"geometry":{"type":"Point","coordinates":[121.542022,25.053837]}},{"type":"Feature","properties":{"id":"osm:node:4102517189","name":"理想。時光","category":"cafe"},"geometry":{"type":"Point","coordinates":[121.544264,25.031681]}},{"type":"Feature","properties":{"id":"osm:node:4111164289","name":"清心福全","category":"cafe","name_en":"Ching Shin","cuisine":"bubble_tea","brand":"清心福全"},"geometry":{"type":"Point","coordinates":[121.64223,25.06607]}},{"type":"Feature","properties":{"id":"osm:node:4111168189","name":"CoCo都可","category":"cafe","name_en":"CoCo Fresh Tea & Juice","cuisine":"bubble_tea","brand":"CoCo都可"},"geometry":{"type":"Point","coordinates":[121.642186,25.06584]}},{"type":"Feature","properties":{"id":"osm:node:4113615807","name":"波希米亞人咖啡館","category":"cafe"},"geometry":{"type":"Point","coordinates":[121.519288,25.050085]}},{"type":"Feature","properties":{"id":"osm:node:4114407189","name":"星巴克","category":"cafe","name_en":"Starbucks","cuisine":"coffee_shop","brand":"星巴克"},"geometry":{"type":"Point","coordinates":[121.607483,25.052841]}},{"type":"Feature","properties":{"id":"osm:node:4115555989","name":"茶曉伊","category":"cafe","name_en":"Tea Know You","cuisine":"bubble_tea","opening_hours":"09:15-22:30"},"geometry":{"type":"Point","coordinates":[121.54359,25.023813]}},{"type":"Feature","properties":{"id":"osm:node:4118442359","name":"Joo Thau!","category":"cafe","cuisine":"bubble_tea"},"geometry":{"type":"Point","coordinates":[121.514257,25.045734]}},{"type":"Feature","properties":{"id":"osm:node:4118443953","name":"星巴克","category":"cafe","name_en":"Starbucks","cuisine":"coffee_shop","brand":"星巴克"},"geometry":{"type":"Point","coordinates":[121.514905,25.044924]}},{"type":"Feature","properties":{"id":"osm:node:4122381689","name":"星巴克","category":"cafe","name_en":"Starbucks","cuisine":"coffee_shop","brand":"星巴克"},"geometry":{"type":"Point","coordinates":[121.472048,25.022303]}},{"type":"Feature","properties":{"id":"osm:node:4123034931","name":"Gaacha","category":"cafe","cuisine":"bubble_tea"},"geometry":{"type":"Point","coordinates":[121.513947,25.045921]}},{"type":"Feature","properties":{"id":"osm:node:4125226080","name":"Underon 上下誌","category":"cafe","opening_hours":"Mo-Su 13:30-21:00"},"geometry":{"type":"Point","coordinates":[121.51604,25.070983]}},{"type":"Feature","properties":{"id":"osm:node:4138747990","name":"咖啡講Chat On","category":"cafe"},"geometry":{"type":"Point","coordinates":[121.560963,25.051166]}},{"type":"Feature","properties":{"id":"osm:node:4142321394","name":"山姆札記手作烘焙","category":"cafe"},"geometry":{"type":"Point","coordinates":[121.538277,24.994354]}},{"type":"Feature","properties":{"id":"osm:node:4142798399","name":"山頂咖啡","category":"cafe"},"geometry":{"type":"Point","coordinates":[121.544694,24.980577]}},{"type":"Feature","properties":{"id":"osm:node:4142892406","name":"集客人間茶館","category":"cafe","cuisine":"tea","opening_hours":"Su-Th 11:00-22:00; Fr-Sa 11:00-24:00"},"geometry":{"type":"Point","coordinates":[121.540523,24.983064]}},{"type":"Feature","properties":{"id":"osm:node:4143918621","name":"清心福全","category":"cafe","name_en":"Ching Shin","cuisine":"bubble_tea","brand":"清心福全","opening_hours":"10:00-21:30"},"geometry":{"type":"Point","coordinates":[121.542117,24.980337]}},{"type":"Feature","properties":{"id":"osm:node:4144034489","name":"coffee stand","category":"cafe","cuisine":"coffee_shop","opening_hours":"Mo-Su 07:00-17:00"},"geometry":{"type":"Point","coordinates":[121.517515,25.091221]}},{"type":"Feature","properties":{"id":"osm:node:4147351034","name":"Tea館","category":"cafe","cuisine":"bubble_tea"},"geometry":{"type":"Point","coordinates":[121.479321,25.015025]}},{"type":"Feature","properties":{"id":"osm:node:4147356099","name":"一沐日","category":"cafe","name_en":"A nice Holiday","cuisine":"bubble_tea","brand":"一沐日","opening_hours":"Mo-Su 10:00-20:00"},"geometry":{"type":"Point","coordinates":[121.479422,25.018191]}},{"type":"Feature","properties":{"id":"osm:node:4147389960","name":"清心福全","category":"cafe","name_en":"Ching Shin","cuisine":"bubble_tea","brand":"清心福全","opening_hours":"Mo-Su 09:00-22:00"},"geometry":{"type":"Point","coordinates":[121.469652,25.012003]}},{"type":"Feature","properties":{"id":"osm:node:4147389967","name":"85度C","category":"cafe","name_en":"85°C Bakery Cafe","cuisine":"coffee_shop","brand":"85度C","opening_hours":"Mo-Su 07:30-22:00"},"geometry":{"type":"Point","coordinates":[121.471849,25.01466]}},{"type":"Feature","properties":{"id":"osm:node:4149477981","name":"Zoo Cafe","category":"cafe"},"geometry":{"type":"Point","coordinates":[121.457978,25.008868]}},{"type":"Feature","properties":{"id":"osm:node:4149564832","name":"MiMi's Cafe","category":"cafe","name_en":"MiMi's Cafe"},"geometry":{"type":"Point","coordinates":[121.531483,25.015915]}},{"type":"Feature","properties":{"id":"osm:node:4149564850","name":"戀茶荳","category":"cafe"},"geometry":{"type":"Point","coordinates":[121.532407,25.016073]}},{"type":"Feature","properties":{"id":"osm:node:4149564858","name":"湛盧咖啡","category":"cafe","name_en":"Zhanlu Coffee","opening_hours":"Mo-Fr 12:00-22:00, Sa-Su 10:00-22:00"},"geometry":{"type":"Point","coordinates":[121.531904,25.016116]}},{"type":"Feature","properties":{"id":"osm:node:4149564873","name":"漂流","category":"cafe","cuisine":"bubble_tea"},"geometry":{"type":"Point","coordinates":[121.532571,25.015155]}},{"type":"Feature","properties":{"id":"osm:node:4149587182","name":"星巴克","category":"cafe","name_en":"Starbucks","cuisine":"coffee_shop","brand":"星巴克","opening_hours":"Mo-Su 07:30-21:00"},"geometry":{"type":"Point","coordinates":[121.524588,25.024551]}},{"type":"Feature","properties":{"id":"osm:node:4149587187","name":"CAFE!N","category":"cafe"},"geometry":{"type":"Point","coordinates":[121.522993,25.027231]}},{"type":"Feature","properties":{"id":"osm:node:4150685047","name":"諳水自家烘培咖啡","category":"cafe"},"geometry":{"type":"Point","coordinates":[121.513831,25.043988]}},{"type":"Feature","properties":{"id":"osm:node:4150685052","name":"路易莎咖啡","category":"cafe","name_en":"Louisa Coffee","cuisine":"coffee_shop","brand":"路易莎咖啡","opening_hours":"Mo-Su 07:30-18:00"},"geometry":{"type":"Point","coordinates":[121.51356,25.04399]}},{"type":"Feature","properties":{"id":"osm:node:4170163089","name":"八八珈琲","category":"cafe"},"geometry":{"type":"Point","coordinates":[121.524397,25.067759]}},{"type":"Feature","properties":{"id":"osm:node:4194566290","name":"璐緹咖啡","category":"cafe","opening_hours":"Mo-Fr 09:00-19:30; Sa 10:00-19:00"},"geometry":{"type":"Point","coordinates":[121.546963,25.048783]}},{"type":"Feature","properties":{"id":"osm:node:4196534991","name":"春水堂人文茶館","category":"cafe","name_en":"Chun Shui Tang","cuisine":"bubble_tea","brand":"春水堂人文茶館"},"geometry":{"type":"Point","coordinates":[121.557412,25.051324]}},{"type":"Feature","properties":{"id":"osm:node:4198193207","name":"六韻茶","category":"cafe","cuisine":"bubble_tea"},"geometry":{"type":"Point","coordinates":[121.534922,25.053169]}},{"type":"Feature","properties":{"id":"osm:node:4198193218","name":"日出茶太","category":"cafe","name_en":"Chatime","cuisine":"bubble_tea","brand":"日出茶太"},"geometry":{"type":"Point","coordinates":[121.534935,25.053525]}},{"type":"Feature","properties":{"id":"osm:node:4198238511","name":"亞比蛋糕咖啡","category":"cafe"},"geometry":{"type":"Point","coordinates":[121.530821,25.051329]}},{"type":"Feature","properties":{"id":"osm:node:4198316050","name":"學校咖啡","category":"cafe","name_en":"Ecole Cafe"},"geometry":{"type":"Point","coordinates":[121.532324,25.028993]}},{"type":"Feature","properties":{"id":"osm:node:4200642646","name":"羅曼尼咖啡","category":"cafe","name_en":"Cafe Romanee"},"geometry":{"type":"Point","coordinates":[121.551627,24.999575]}},{"type":"Feature","properties":{"id":"osm:node:4201450089","name":"A‧Place Café","category":"cafe","opening_hours":"Mo-Fr 10:30-19:00; Sa-Su 10:00-19:00"},"geometry":{"type":"Point","coordinates":[121.548592,25.059541]}},{"type":"Feature","properties":{"id":"osm:node:4201450090","name":"Milkglider Latteartist Unity","category":"cafe","opening_hours":"Mo-Su 11:00-21:00"},"geometry":{"type":"Point","coordinates":[121.548715,25.059463]}},{"type":"Feature","properties":{"id":"osm:node:4207707333","name":"吉他好朋友咖啡","category":"cafe"},"geometry":{"type":"Point","coordinates":[121.528058,25.019936]}},{"type":"Feature","properties":{"id":"osm:node:4218630449","name":"月讀女僕","category":"cafe"},"geometry":{"type":"Point","coordinates":[121.513618,25.046532]}},{"type":"Feature","properties":{"id":"osm:node:4218630456","name":"7號咖啡館","category":"cafe","name_en":"No 7 Coffee"},"geometry":{"type":"Point","coordinates":[121.521284,25.043586]}},{"type":"Feature","properties":{"id":"osm:node:4219109792","name":"Anywhere cafe & travel","category":"cafe"},"geometry":{"type":"Point","coordinates":[121.534174,25.059262]}},{"type":"Feature","properties":{"id":"osm:node:4225593280","name":"Ilha Formosa Cafe","category":"cafe"},"geometry":{"type":"Point","coordinates":[121.5202,25.054802]}},{"type":"Feature","properties":{"id":"osm:node:4236823693","name":"FT CafexShop","category":"cafe"},"geometry":{"type":"Point","coordinates":[121.52824,25.028997]}},{"type":"Feature","properties":{"id":"osm:node:4236823737","name":"星巴克","category":"cafe","name_en":"Starbucks","cuisine":"coffee_shop","brand":"星巴克"},"geometry":{"type":"Point","coordinates":[121.543774,25.06198]}},{"type":"Feature","properties":{"id":"osm:node:4239566490","name":"三希堂茶館","category":"cafe","cuisine":"coffee_shop","opening_hours":"Mo-Su 09:00-16:50"},"geometry":{"type":"Point","coordinates":[121.548827,25.102133]}},{"type":"Feature","properties":{"id":"osm:node:4241242790","name":"水月草堂","category":"cafe","name_en":"Water Moon Thé","cuisine":"tea"},"geometry":{"type":"Point","coordinates":[121.54305,25.027325]}},{"type":"Feature","properties":{"id":"osm:node:4243027401","name":"行灶咖","category":"cafe","name_en":"Kiânn Tsao Ka","cuisine":"sandwich;breakfast;coffee_shop","opening_hours":"Mo-Su 07:00-17:00"},"geometry":{"type":"Point","coordinates":[121.462504,25.088684]}},{"type":"Feature","properties":{"id":"osm:node:4243661189","name":"Hui Liu Tea & Tea Arts","category":"cafe","cuisine":"tea"},"geometry":{"type":"Point","coordinates":[121.530019,25.03216]}},{"type":"Feature","properties":{"id":"osm:node:4253208199","name":"e Coffee","category":"cafe"},"geometry":{"type":"Point","coordinates":[121.530471,25.016425]}},{"type":"Feature","properties":{"id":"osm:node:4255816906","name":"西雅圖極品咖啡","category":"cafe","name_en":"Barista Coffee","cuisine":"coffee_shop","brand":"西雅圖極品咖啡","opening_hours":"Mo-S 7:00-21:30"},"geometry":{"type":"Point","coordinates":[121.519476,25.120089]}},{"type":"Feature","properties":{"id":"osm:node:4258229823","name":"星巴克","category":"cafe","name_en":"Starbucks","cuisine":"coffee_shop","brand":"星巴克","opening_hours":"Mo-Su 10:30-22:00"},"geometry":{"type":"Point","coordinates":[121.475207,25.007058]}},{"type":"Feature","properties":{"id":"osm:node:4265554689","name":"星巴克","category":"cafe","name_en":"Starbucks","cuisine":"coffee_shop","brand":"星巴克"},"geometry":{"type":"Point","coordinates":[121.578265,25.049053]}},{"type":"Feature","properties":{"id":"osm:node:4267410989","name":"小時光咖啡","category":"cafe","opening_hours":"Tu-Su 10:00-22:00"},"geometry":{"type":"Point","coordinates":[121.478595,25.08099]}},{"type":"Feature","properties":{"id":"osm:node:4269582566","name":"瑪姬咖啡","category":"cafe"},"geometry":{"type":"Point","coordinates":[121.53981,25.043015]}},{"type":"Feature","properties":{"id":"osm:node:4269583493","name":"50嵐","category":"cafe","name_en":"50 Lan","cuisine":"bubble_tea","brand":"50嵐"},"geometry":{"type":"Point","coordinates":[121.542022,25.047908]}},{"type":"Feature","properties":{"id":"osm:node:4273737290","name":"森高砂咖啡館","category":"cafe","cuisine":"coffee_shop"},"geometry":{"type":"Point","coordinates":[121.511893,25.054082]}},{"type":"Feature","properties":{"id":"osm:node:4293261211","name":"小日子","category":"cafe"},"geometry":{"type":"Point","coordinates":[121.589553,24.967004]}},{"type":"Feature","properties":{"id":"osm:node:4293343219","name":"AGCT apartment","category":"cafe","cuisine":"coffee_shop","opening_hours":"We-Mo 12:00-22:00"},"geometry":{"type":"Point","coordinates":[121.533234,25.021324]}},{"type":"Feature","properties":{"id":"osm:node:4294351453","name":"茶湯會","category":"cafe","name_en":"TP Tea","cuisine":"bubble_tea","brand":"茶湯會","opening_hours":"Mo-Su 11:00-23:00"},"geometry":{"type":"Point","coordinates":[121.498924,25.065513]}},{"type":"Feature","properties":{"id":"osm:node:4298897609","name":"NOTCH Cafe Bending","category":"cafe"},"geometry":{"type":"Point","coordinates":[121.513354,25.045367]}},{"type":"Feature","properties":{"id":"osm:node:4298905190","name":"弋隻貓","category":"cafe"},"geometry":{"type":"Point","coordinates":[121.528421,25.017878]}},{"type":"Feature","properties":{"id":"osm:node:4298919564","name":"角落咖啡","category":"cafe"},"geometry":{"type":"Point","coordinates":[121.561044,25.004393]}},{"type":"Feature","properties":{"id":"osm:node:4298924388","name":"Cama","category":"cafe"},"geometry":{"type":"Point","coordinates":[121.562404,25.029162]}},{"type":"Feature","properties":{"id":"osm:node:4298928191","name":"豆舖子","category":"cafe","name_en":"Dou Pu Zi"},"geometry":{"type":"Point","coordinates":[121.557412,25.039195]}},{"type":"Feature","properties":{"id":"osm:node:4298928192","name":"HAPI Cafe","category":"cafe"},"geometry":{"type":"Point","coordinates":[121.557409,25.038926]}},{"type":"Feature","properties":{"id":"osm:node:4298928196","name":"客多美咖啡","category":"cafe"},"geometry":{"type":"Point","coordinates":[121.557423,25.039546]}},{"type":"Feature","properties":{"id":"osm:node:4298940677","name":"星巴克","category":"cafe","name_en":"Starbucks","cuisine":"coffee_shop","brand":"星巴克"},"geometry":{"type":"Point","coordinates":[121.555528,25.038267]}},{"type":"Feature","properties":{"id":"osm:node:4301001262","name":"愛玉坊","category":"cafe"},"geometry":{"type":"Point","coordinates":[121.546129,25.044052]}},{"type":"Feature","properties":{"id":"osm:node:4301004798","name":"85度C","category":"cafe","name_en":"85°C Bakery Cafe","cuisine":"coffee_shop","brand":"85度C"},"geometry":{"type":"Point","coordinates":[121.546058,25.044317]}},{"type":"Feature","properties":{"id":"osm:node:4302072916","name":"星巴克","category":"cafe","name_en":"Starbucks","cuisine":"coffee_shop","brand":"星巴克"},"geometry":{"type":"Point","coordinates":[121.650159,25.062304]}},{"type":"Feature","properties":{"id":"osm:node:4307554210","name":"丹提咖啡","category":"cafe"},"geometry":{"type":"Point","coordinates":[121.515497,25.115323]}},{"type":"Feature","properties":{"id":"osm:node:4307554218","name":"好日子咖啡","category":"cafe"},"geometry":{"type":"Point","coordinates":[121.515962,25.118737]}},{"type":"Feature","properties":{"id":"osm:node:4307603562","name":"有沒有咖啡","category":"cafe"},"geometry":{"type":"Point","coordinates":[121.525281,25.095016]}},{"type":"Feature","properties":{"id":"osm:node:4307625988","name":"清心福全","category":"cafe","name_en":"Ching Shin","cuisine":"bubble_tea","brand":"清心福全"},"geometry":{"type":"Point","coordinates":[121.538415,25.003781]}},{"type":"Feature","properties":{"id":"osm:node:4312392761","name":"Mr. Tea 超大杯","category":"cafe"},"geometry":{"type":"Point","coordinates":[121.592062,25.080291]}},{"type":"Feature","properties":{"id":"osm:node:4316596030","name":"CoCo都可","category":"cafe","name_en":"CoCo Fresh Tea & Juice","cuisine":"bubble_tea","brand":"CoCo都可","opening_hours":"Mo-Su 11:30-22:30"},"geometry":{"type":"Point","coordinates":[121.508342,25.044315]}},{"type":"Feature","properties":{"id":"osm:node:4317096441","name":"Goee Coffee","category":"cafe","cuisine":"coffee_shop"},"geometry":{"type":"Point","coordinates":[121.513898,25.053505]}},{"type":"Feature","properties":{"id":"osm:node:4317096442","name":"卡馬咖啡","category":"cafe","name_en":"cama café","cuisine":"coffee_shop","opening_hours":"Mo-Fr 07:30-20:00, Sa-Su 09:00-19:00"},"geometry":{"type":"Point","coordinates":[121.516719,25.050596]}},{"type":"Feature","properties":{"id":"osm:node:4317096450","name":"典藏咖啡館","category":"cafe","cuisine":"chinese","opening_hours":"07:30-22:00"},"geometry":{"type":"Point","coordinates":[121.522599,25.049464]}},{"type":"Feature","properties":{"id":"osm:node:4325693399","name":"ComeBuy","category":"cafe","cuisine":"bubble_tea"},"geometry":{"type":"Point","coordinates":[121.541837,24.993032]}},{"type":"Feature","properties":{"id":"osm:node:4325693406","name":"炭波波","category":"cafe"},"geometry":{"type":"Point","coordinates":[121.532141,25.018943]}},{"type":"Feature","properties":{"id":"osm:node:4325693433","name":"德正茶飲","category":"cafe","cuisine":"bubble_tea"},"geometry":{"type":"Point","coordinates":[121.531504,25.043575]}},{"type":"Feature","properties":{"id":"osm:node:4325693471","name":"天仁茗茶","category":"cafe","name_en":"TenRen's Tea","cuisine":"bubble_tea","brand":"天仁茗茶"},"geometry":{"type":"Point","coordinates":[121.529119,25.033631]}},{"type":"Feature","properties":{"id":"osm:node:4325693477","name":"LeTAO","category":"cafe","cuisine":"cake;pancake;pasta"},"geometry":{"type":"Point","coordinates":[121.562944,25.043621]}},{"type":"Feature","properties":{"id":"osm:node:4325693893","name":"戀人咖啡","category":"cafe"},"geometry":{"type":"Point","coordinates":[121.563617,25.028485]}},{"type":"Feature","properties":{"id":"osm:node:4325693910","name":"禮想紅茶烏龍專販所","category":"cafe","cuisine":"bubble_tea","opening_hours":"11:00-20:30"},"geometry":{"type":"Point","coordinates":[121.53159,25.043509]}},{"type":"Feature","properties":{"id":"osm:node:4325693923","name":"樂法","category":"cafe","name_en":"Le Phare","cuisine":"bubble_tea","opening_hours":"Mo-Su 10:00-22:00"},"geometry":{"type":"Point","coordinates":[121.531877,25.043668]}},{"type":"Feature","properties":{"id":"osm:node:4325693933","name":"可不可熟成紅茶","category":"cafe","name_en":"Kebuke","cuisine":"bubble_tea","brand":"可不可熟成紅茶","opening_hours":"10:00-21:00"},"geometry":{"type":"Point","coordinates":[121.531463,25.043478]}},{"type":"Feature","properties":{"id":"osm:node:4325693937","name":"清心福全","category":"cafe","name_en":"Ching Shin","cuisine":"bubble_tea","brand":"清心福全"},"geometry":{"type":"Point","coordinates":[121.578219,25.03667]}},{"type":"Feature","properties":{"id":"osm:node:4325694182","name":"Intermission Cafe","category":"cafe"},"geometry":{"type":"Point","coordinates":[121.531219,25.015917]}},{"type":"Feature","properties":{"id":"osm:node:4325694184","name":"茶湯會","category":"cafe","name_en":"TP Tea","cuisine":"bubble_tea","brand":"茶湯會","opening_hours":"10:00-20:30"},"geometry":{"type":"Point","coordinates":[121.531352,25.043551]}},{"type":"Feature","properties":{"id":"osm:node:4325694223","name":"果然是現打鮮果汁","category":"cafe","cuisine":"bubble_tea"},"geometry":{"type":"Point","coordinates":[121.531805,25.043647]}},{"type":"Feature","properties":{"id":"osm:node:4328118407","name":"DazzLING Cafe","category":"cafe"},"geometry":{"type":"Point","coordinates":[121.552521,25.042166]}},{"type":"Feature","properties":{"id":"osm:node:4329769305","name":"清心福全","category":"cafe","name_en":"Ching Shin","cuisine":"bubble_tea","brand":"清心福全"},"geometry":{"type":"Point","coordinates":[121.522794,25.103318]}},{"type":"Feature","properties":{"id":"osm:node:4330537856","name":"雙魚坊咖啡","category":"cafe"},"geometry":{"type":"Point","coordinates":[121.528982,25.022855]}},{"type":"Feature","properties":{"id":"osm:node:4332194890","name":"星巴克","category":"cafe","name_en":"Starbucks","cuisine":"coffee_shop","brand":"星巴克"},"geometry":{"type":"Point","coordinates":[121.575783,25.072898]}},{"type":"Feature","properties":{"id":"osm:node:4333597295","name":"虎記商行","category":"cafe","name_en":"Tiger's Coffee"},"geometry":{"type":"Point","coordinates":[121.519358,25.031883]}},{"type":"Feature","properties":{"id":"osm:node:4335016697","name":"邊緣咖啡","category":"cafe"},"geometry":{"type":"Point","coordinates":[121.513969,25.043006]}},{"type":"Feature","properties":{"id":"osm:node:4336484489","name":"裙帶","category":"cafe"},"geometry":{"type":"Point","coordinates":[121.56071,25.058312]}},{"type":"Feature","properties":{"id":"osm:node:4338058540","name":"星巴克","category":"cafe","name_en":"Starbucks","cuisine":"coffee_shop","brand":"星巴克"},"geometry":{"type":"Point","coordinates":[121.497351,25.000869]}},{"type":"Feature","properties":{"id":"osm:node:4340640791","name":"享樂咖啡","category":"cafe"},"geometry":{"type":"Point","coordinates":[121.577925,25.074744]}},{"type":"Feature","properties":{"id":"osm:node:4340727654","name":"星巴克","category":"cafe","name_en":"Starbucks","cuisine":"coffee_shop","brand":"星巴克"},"geometry":{"type":"Point","coordinates":[121.540572,25.062141]}},{"type":"Feature","properties":{"id":"osm:node:4341360899","name":"醜小鴨","category":"cafe"},"geometry":{"type":"Point","coordinates":[121.575891,25.076237]}},{"type":"Feature","properties":{"id":"osm:node:4344472256","name":"路易莎","category":"cafe"},"geometry":{"type":"Point","coordinates":[121.538245,25.032898]}},{"type":"Feature","properties":{"id":"osm:node:4344542403","name":"CURISTA COFFEE 奎士咖啡","category":"cafe","name_en":"CURISTA COFFEE"},"geometry":{"type":"Point","coordinates":[121.520534,25.052336]}},{"type":"Feature","properties":{"id":"osm:node:4344542434","name":"序序茶","category":"cafe","cuisine":"bubble_tea"},"geometry":{"type":"Point","coordinates":[121.53493,25.054379]}},{"type":"Feature","properties":{"id":"osm:node:4352044389","name":"在山野對話","category":"cafe","name_en":"Whisperland Cafe","cuisine":"sandwich;breakfast;coffee_shop","opening_hours":"Mo, We-Fr 08:00-18:00; Sa-Su 08:00-19:00"},"geometry":{"type":"Point","coordinates":[121.577267,25.078087]}},{"type":"Feature","properties":{"id":"osm:node:4352781092","name":"50嵐","category":"cafe","name_en":"50 Lan","cuisine":"bubble_tea","brand":"50嵐"},"geometry":{"type":"Point","coordinates":[121.513897,25.052497]}},{"type":"Feature","properties":{"id":"osm:node:4360850489","name":"illy coffee L'angolo","category":"cafe","opening_hours":"Mo-Su 09:00-19:00"},"geometry":{"type":"Point","coordinates":[121.540332,25.021722]}},{"type":"Feature","properties":{"id":"osm:node:4365915328","name":"좋은 날 好日子咖啡","category":"cafe","cuisine":"coffee_shop","opening_hours":"13:00-22:00"},"geometry":{"type":"Point","coordinates":[121.564021,25.056974]}},{"type":"Feature","properties":{"id":"osm:node:4366040190","name":"Soul R. Vegan Café","category":"cafe"},"geometry":{"type":"Point","coordinates":[121.539456,25.04239]}},{"type":"Feature","properties":{"id":"osm:node:4370609442","name":"VOEZ Café","category":"cafe","cuisine":"coffee_shop"},"geometry":{"type":"Point","coordinates":[121.566472,25.047885]}},{"type":"Feature","properties":{"id":"osm:node:4374084080","name":"真茶自慢","category":"cafe","cuisine":"teahouse"},"geometry":{"type":"Point","coordinates":[121.593478,25.049971]}},{"type":"Feature","properties":{"id":"osm:node:4380057598","name":"迷客夏","category":"cafe","name_en":"Milkshop","cuisine":"bubble_tea","brand":"迷客夏"},"geometry":{"type":"Point","coordinates":[121.507244,25.041914]}},{"type":"Feature","properties":{"id":"osm:node:4384257952","name":"COMEBUY","category":"cafe","cuisine":"bubble_tea","brand":"COMEBUY"},"geometry":{"type":"Point","coordinates":[121.533168,25.014551]}},{"type":"Feature","properties":{"id":"osm:node:4384259009","name":"星巴克","category":"cafe","name_en":"Starbucks","cuisine":"coffee_shop","brand":"星巴克"},"geometry":{"type":"Point","coordinates":[121.537799,24.983106]}},{"type":"Feature","properties":{"id":"osm:node:4396244189","name":"星巴克","category":"cafe","name_en":"Starbucks","cuisine":"coffee_shop","brand":"星巴克"},"geometry":{"type":"Point","coordinates":[121.606212,25.072952]}},{"type":"Feature","properties":{"id":"osm:node:4403870897","name":"毒茶","category":"cafe"},"geometry":{"type":"Point","coordinates":[121.546474,25.043677]}},{"type":"Feature","properties":{"id":"osm:node:4405357992","name":"85度C","category":"cafe","name_en":"85°C Bakery Cafe","cuisine":"coffee_shop","brand":"85度C"},"geometry":{"type":"Point","coordinates":[121.459899,25.003093]}},{"type":"Feature","properties":{"id":"osm:node:4407847318","name":"清心福全","category":"cafe","name_en":"Ching Shin","cuisine":"bubble_tea","brand":"清心福全"},"geometry":{"type":"Point","coordinates":[121.530548,25.066718]}},{"type":"Feature","properties":{"id":"osm:node:4417940090","name":"路易.莎","category":"cafe","cuisine":"cake;breakfast;coffee_shop"},"geometry":{"type":"Point","coordinates":[121.565785,25.059636]}},{"type":"Feature","properties":{"id":"osm:node:4419075791","name":"picnic","category":"cafe","name_en":"picnic","cuisine":"cake;coffee_shop;quiche","opening_hours":"Mo-Su 10:00-23:00"},"geometry":{"type":"Point","coordinates":[121.533049,25.020365]}},{"type":"Feature","properties":{"id":"osm:node:4421534179","name":"85度C","category":"cafe","name_en":"85°C Bakery Cafe","cuisine":"coffee_shop","brand":"85度C"},"geometry":{"type":"Point","coordinates":[121.493817,25.066724]}},{"type":"Feature","properties":{"id":"osm:node:4423091663","name":"茶詠春","category":"cafe","cuisine":"bubble_tea"},"geometry":{"type":"Point","coordinates":[121.495652,25.069087]}},{"type":"Feature","properties":{"id":"osm:node:4424407818","name":"茶聚","category":"cafe","cuisine":"bubble_tea"},"geometry":{"type":"Point","coordinates":[121.494124,25.070974]}},{"type":"Feature","properties":{"id":"osm:node:4424407822","name":"哈拉里咖啡","category":"cafe"},"geometry":{"type":"Point","coordinates":[121.493301,25.071497]}},{"type":"Feature","properties":{"id":"osm:node:4430791893","name":"星巴克","category":"cafe","name_en":"Starbucks","cuisine":"coffee_shop","brand":"星巴克"},"geometry":{"type":"Point","coordinates":[121.532665,25.048579]}},{"type":"Feature","properties":{"id":"osm:node:4430883491","name":"和茗甘味處","category":"cafe","name_en":"myowa","cuisine":"japanese"},"geometry":{"type":"Point","coordinates":[121.529136,25.029864]}},{"type":"Feature","properties":{"id":"osm:node:4430883492","name":"抹綠","category":"cafe","name_en":"momatcha","cuisine":"japanese"},"geometry":{"type":"Point","coordinates":[121.546757,25.058333]}},{"type":"Feature","properties":{"id":"osm:node:4430885489","name":"和茜甘味處","category":"cafe","cuisine":"japanese"},"geometry":{"type":"Point","coordinates":[121.526804,25.095365]}},{"type":"Feature","properties":{"id":"osm:node:4430912189","name":"十利茶舖","category":"cafe","name_en":"Tsujiri","cuisine":"japanese"},"geometry":{"type":"Point","coordinates":[121.57825,25.049182]}},{"type":"Feature","properties":{"id":"osm:node:4430972992","name":"鈾咖啡","category":"cafe","name_en":"Uranium Cafe","cuisine":"cake;coffee_shop"},"geometry":{"type":"Point","coordinates":[121.545018,25.036699]}},{"type":"Feature","properties":{"id":"osm:node:4431007691","name":"艸蘊","category":"cafe","cuisine":"cake;coffee_shop","opening_hours":"Mo-Su 11:00-22:00"},"geometry":{"type":"Point","coordinates":[121.518329,25.02684]}},{"type":"Feature","properties":{"id":"osm:node:4432073023","name":"咖啡樹","category":"cafe"},"geometry":{"type":"Point","coordinates":[121.521738,25.028838]}},{"type":"Feature","properties":{"id":"osm:node:4432542370","name":"85度C","category":"cafe","name_en":"85°C Bakery Cafe","cuisine":"coffee_shop","brand":"85度C"},"geometry":{"type":"Point","coordinates":[121.452232,25.049317]}},{"type":"Feature","properties":{"id":"osm:node:4434575789","name":"原杏杏仁茶","category":"cafe"},"geometry":{"type":"Point","coordinates":[121.554194,25.040732]}},{"type":"Feature","properties":{"id":"osm:node:4439385095","name":"50嵐","category":"cafe","name_en":"50 Lan","cuisine":"bubble_tea","brand":"50嵐"},"geometry":{"type":"Point","coordinates":[121.456012,25.017853]}},{"type":"Feature","properties":{"id":"osm:node:4442099189","name":"街角咖啡","category":"cafe","name_en":"Corner Café","cuisine":"coffee_shop","opening_hours":"Mo-Su 12:00-20:00"},"geometry":{"type":"Point","coordinates":[121.532086,25.04388]}},{"type":"Feature","properties":{"id":"osm:node:4446911291","name":"星巴克","category":"cafe","name_en":"Starbucks","cuisine":"coffee_shop","brand":"星巴克"},"geometry":{"type":"Point","coordinates":[121.488689,25.061632]}},{"type":"Feature","properties":{"id":"osm:node:4449080341","name":"浪浪別哭","category":"cafe","cuisine":"coffee_shop","opening_hours":"12:00-21:00"},"geometry":{"type":"Point","coordinates":[121.524517,25.04565]}},{"type":"Feature","properties":{"id":"osm:node:4449757837","name":"貓妝","category":"cafe"},"geometry":{"type":"Point","coordinates":[121.519636,25.050158]}},{"type":"Feature","properties":{"id":"osm:node:4449757843","name":"迷客夏","category":"cafe","name_en":"Milkshop","cuisine":"bubble_tea","brand":"迷客夏","opening_hours":"09:00-22:00"},"geometry":{"type":"Point","coordinates":[121.521519,25.05152]}},{"type":"Feature","properties":{"id":"osm:node:4449757844","name":"50嵐","category":"cafe","name_en":"50 Lan","cuisine":"bubble_tea","brand":"50嵐"},"geometry":{"type":"Point","coordinates":[121.516686,25.05042]}},{"type":"Feature","properties":{"id":"osm:node:4451141436","name":"樹男咖啡館","category":"cafe","cuisine":"cafe"},"geometry":{"type":"Point","coordinates":[121.462087,25.137571]}},{"type":"Feature","properties":{"id":"osm:node:4451836892","name":"oven coffee","category":"cafe","cuisine":"breakfast;coffee_shop;sandwich;cake","opening_hours":"Mo-Sa 09:00-21:00"},"geometry":{"type":"Point","coordinates":[121.45604,25.017077]}},{"type":"Feature","properties":{"id":"osm:node:4453014119","name":"85度C","category":"cafe","name_en":"85°C Bakery Cafe","cuisine":"coffee_shop","brand":"85度C"},"geometry":{"type":"Point","coordinates":[121.501296,25.063322]}},{"type":"Feature","properties":{"id":"osm:node:4464800792","name":"外婆的茶屋","category":"cafe"},"geometry":{"type":"Point","coordinates":[121.54075,25.042136]}},{"type":"Feature","properties":{"id":"osm:node:4464814594","name":"泰比咖啡","category":"cafe","opening_hours":"Mo-Su 11:00-23:00"},"geometry":{"type":"Point","coordinates":[121.550418,25.022111]}},{"type":"Feature","properties":{"id":"osm:node:4465869792","name":"50嵐","category":"cafe","name_en":"50 Lan","cuisine":"bubble_tea","brand":"50嵐"},"geometry":{"type":"Point","coordinates":[121.565637,25.027335]}},{"type":"Feature","properties":{"id":"osm:node:4483165494","name":"星巴客","category":"cafe"},"geometry":{"type":"Point","coordinates":[121.526492,25.088411]}},{"type":"Feature","properties":{"id":"osm:node:4483316595","name":"50嵐","category":"cafe","name_en":"50 Lan","cuisine":"bubble_tea","brand":"50嵐"},"geometry":{"type":"Point","coordinates":[121.526907,25.089649]}},{"type":"Feature","properties":{"id":"osm:node:4483316691","name":"清心福全","category":"cafe","name_en":"Ching Shin","cuisine":"bubble_tea","brand":"清心福全"},"geometry":{"type":"Point","coordinates":[121.525575,25.086463]}},{"type":"Feature","properties":{"id":"osm:node:4483324890","name":"大苑子","category":"cafe","name_en":"DaYung's","cuisine":"bubble_tea","brand":"大苑子"},"geometry":{"type":"Point","coordinates":[121.525594,25.086505]}},{"type":"Feature","properties":{"id":"osm:node:4483367790","name":"茶湯會","category":"cafe","name_en":"TP Tea","cuisine":"bubble_tea","brand":"茶湯會"},"geometry":{"type":"Point","coordinates":[121.523483,25.088008]}},{"type":"Feature","properties":{"id":"osm:node:4486400989","name":"初米咖啡","category":"cafe","opening_hours":"Mo-Fr 07:30-21:30; Sa-Su 09:00-21:30"},"geometry":{"type":"Point","coordinates":[121.542329,25.060374]}},{"type":"Feature","properties":{"id":"osm:node:4502307492","name":"Rebirth Cafe & Restaurant","category":"cafe","name_en":"Rebirth Cafe & Restaurant","opening_hours":"Mo-Su 14:00-26:00"},"geometry":{"type":"Point","coordinates":[121.533008,25.02135]}},{"type":"Feature","properties":{"id":"osm:node:4515327791","name":"Louisa Coffee - 深坑東南店","category":"cafe","name_en":"Louisa Coffee"},"geometry":{"type":"Point","coordinates":[121.601347,25.003774]}},{"type":"Feature","properties":{"id":"osm:node:4520745127","name":"丹堤咖啡","category":"cafe","name_en":"Dante Coffee","cuisine":"coffee_shop"},"geometry":{"type":"Point","coordinates":[121.516288,25.03224]}},{"type":"Feature","properties":{"id":"osm:node:4520803812","name":"宸品咖啡","category":"cafe","cuisine":"coffee_shop"},"geometry":{"type":"Point","coordinates":[121.517951,25.05716]}},{"type":"Feature","properties":{"id":"osm:node:4524319697","name":"第一味高山青茶","category":"cafe","name_en":"TeaTop","cuisine":"bubble_tea"},"geometry":{"type":"Point","coordinates":[121.539294,25.000413]}},{"type":"Feature","properties":{"id":"osm:node:4524319701","name":"無名氏咖啡","category":"cafe","name_en":"Joe Due Cafe","cuisine":"coffee_shop;sandwich","opening_hours":"Mo-Su 09:30-21:30"},"geometry":{"type":"Point","coordinates":[121.539219,25.001982]}},{"type":"Feature","properties":{"id":"osm:node:4524328171","name":"挑豆院","category":"cafe","name_en":"Navie Yard","opening_hours":"Tu-Sa 10:00-20:00; Su 10:00-18:30; Mo off"},"geometry":{"type":"Point","coordinates":[121.530694,25.018966]}},{"type":"Feature","properties":{"id":"osm:node:4524328172","name":"西雅圖極品咖啡","category":"cafe","name_en":"Barista Coffee","cuisine":"coffee_shop","brand":"西雅圖極品咖啡","opening_hours":"Mo-Su 07:00-21:00"},"geometry":{"type":"Point","coordinates":[121.533352,25.018372]}},{"type":"Feature","properties":{"id":"osm:node:4524328179","name":"大茗","category":"cafe","cuisine":"bubble_tea"},"geometry":{"type":"Point","coordinates":[121.534283,25.013534]}},{"type":"Feature","properties":{"id":"osm:node:4524344004","name":"路易莎咖啡","category":"cafe","name_en":"Louisa Coffee","cuisine":"coffee_shop","brand":"路易莎咖啡","opening_hours":"Mo-Su 07:00-22:30"},"geometry":{"type":"Point","coordinates":[121.537663,24.983365]}},{"type":"Feature","properties":{"id":"osm:node:4524344026","name":"50嵐","category":"cafe","name_en":"50 Lan","cuisine":"bubble_tea","brand":"50嵐"},"geometry":{"type":"Point","coordinates":[121.535651,24.982668]}},{"type":"Feature","properties":{"id":"osm:node:4524863558","name":"DAZY Cafe","category":"cafe"},"geometry":{"type":"Point","coordinates":[121.553522,25.032819]}},{"type":"Feature","properties":{"id":"osm:node:4524863566","name":"蘑菇","category":"cafe","name_en":"MOGU CAFE","opening_hours":"Mo-Th 12:00-21:00, 09:00-18:00; Fr, Sa 11:00-22:00; Su 11:00-21:00"},"geometry":{"type":"Point","coordinates":[121.520287,25.054601]}},{"type":"Feature","properties":{"id":"osm:node:4524863570","name":"天仁茗茶","category":"cafe","name_en":"TenRen's Tea","cuisine":"bubble_tea","brand":"天仁茗茶"},"geometry":{"type":"Point","coordinates":[121.522607,25.027277]}},{"type":"Feature","properties":{"id":"osm:node:4524863576","name":"MASTRO","category":"cafe","opening_hours":"Mo-Fr 11:00-21:00; Sa, Su 10:00-22:00"},"geometry":{"type":"Point","coordinates":[121.543674,25.0558]}},{"type":"Feature","properties":{"id":"osm:node:4524863603","name":"50嵐","category":"cafe","name_en":"50 Lan","cuisine":"bubble_tea","brand":"50嵐"},"geometry":{"type":"Point","coordinates":[121.613612,25.055483]}},{"type":"Feature","properties":{"id":"osm:node:4524863604","name":"星巴克","category":"cafe","name_en":"Starbucks","cuisine":"coffee_shop","brand":"星巴克"},"geometry":{"type":"Point","coordinates":[121.660812,25.068089]}},{"type":"Feature","properties":{"id":"osm:node:4524863696","name":"50嵐","category":"cafe","name_en":"50 Lan","cuisine":"bubble_tea","brand":"50嵐"},"geometry":{"type":"Point","coordinates":[121.55444,25.001037]}},{"type":"Feature","properties":{"id":"osm:node:4524863699","name":"5Sense Cafe","category":"cafe"},"geometry":{"type":"Point","coordinates":[121.556217,24.999422]}},{"type":"Feature","properties":{"id":"osm:node:4524863736","name":"旅沐豆行","category":"cafe"},"geometry":{"type":"Point","coordinates":[121.541955,25.06013]}},{"type":"Feature","properties":{"id":"osm:node:4524863822","name":"KUMA","category":"cafe"},"geometry":{"type":"Point","coordinates":[121.544965,25.081116]}},{"type":"Feature","properties":{"id":"osm:node:4524863827","name":"丹提咖啡","category":"cafe"},"geometry":{"type":"Point","coordinates":[121.548277,25.080923]}},{"type":"Feature","properties":{"id":"osm:node:4524863929","name":"VARY GOOD CAFE","category":"cafe"},"geometry":{"type":"Point","coordinates":[121.553516,25.032708]}},{"type":"Feature","properties":{"id":"osm:node:4524863974","name":"丹提咖啡","category":"cafe"},"geometry":{"type":"Point","coordinates":[121.543894,25.037167]}},{"type":"Feature","properties":{"id":"osm:node:4524864036","name":"Ginas 122","category":"cafe"},"geometry":{"type":"Point","coordinates":[121.530357,25.054717]}},{"type":"Feature","properties":{"id":"osm:node:4524864056","name":"haritts","category":"cafe"},"geometry":{"type":"Point","coordinates":[121.545592,25.051212]}},{"type":"Feature","properties":{"id":"osm:node:4524864164","name":"The Daft House","category":"cafe"},"geometry":{"type":"Point","coordinates":[121.520741,25.048593]}},{"type":"Feature","properties":{"id":"osm:node:4524864535","name":"丹提咖啡","category":"cafe"},"geometry":{"type":"Point","coordinates":[121.554962,25.022308]}},{"type":"Feature","properties":{"id":"osm:node:4524864548","name":"Atelier 92","category":"cafe"},"geometry":{"type":"Point","coordinates":[121.558658,24.997963]}},{"type":"Feature","properties":{"id":"osm:node:4538270107","name":"如意甜品","category":"cafe","cuisine":"bubble_tea"},"geometry":{"type":"Point","coordinates":[121.541632,24.989221]}},{"type":"Feature","properties":{"id":"osm:node:4547470789","name":"貝思提","category":"cafe","name_en":"best coffee","opening_hours":"Mo-Su 07:00-20:00"},"geometry":{"type":"Point","coordinates":[121.509583,25.088922]}},{"type":"Feature","properties":{"id":"osm:node:4552078590","name":"Haaya咖啡","category":"cafe","name_en":"Haaya","opening_hours":"Mo-Sa 12:00-20:00"},"geometry":{"type":"Point","coordinates":[121.549757,25.058622]}},{"type":"Feature","properties":{"id":"osm:node:4552754840","name":"小公館","category":"cafe"},"geometry":{"type":"Point","coordinates":[121.532618,25.015715]}},{"type":"Feature","properties":{"id":"osm:node:4555227930","name":"Sway Black Coffee","category":"cafe","name_en":"Sway Black Coffee"},"geometry":{"type":"Point","coordinates":[121.545566,25.047854]}},{"type":"Feature","properties":{"id":"osm:node:4563712894","name":"A爸咖啡","category":"cafe","cuisine":"coffee_shop"},"geometry":{"type":"Point","coordinates":[121.599216,25.088157]}},{"type":"Feature","properties":{"id":"osm:node:4567944496","name":"85度C","category":"cafe","name_en":"85°C Bakery Cafe","cuisine":"coffee_shop","brand":"85度C"},"geometry":{"type":"Point","coordinates":[121.641976,25.064337]}},{"type":"Feature","properties":{"id":"osm:node:4569821975","name":"蜂大咖啡聽","category":"cafe","name_en":"Fong Da Coffee","cuisine":"sandwich;coffee_shop","opening_hours":"Mo-Su 08:00-22:00"},"geometry":{"type":"Point","coordinates":[121.506344,25.042557]}},{"type":"Feature","properties":{"id":"osm:node:4578689801","name":"谷得好好紅茶專門","category":"cafe","cuisine":"bubble_tea"},"geometry":{"type":"Point","coordinates":[121.515832,25.044574]}},{"type":"Feature","properties":{"id":"osm:node:4585439711","name":"哈打奶奶立吞處","category":"cafe","opening_hours":"Mo-Su 12:00-19:00"},"geometry":{"type":"Point","coordinates":[121.555653,25.041897]}},{"type":"Feature","properties":{"id":"osm:node:4589275305","name":"穆勒咖啡館","category":"cafe","name_en":"Cafe Muller","cuisine":"coffee_shop","opening_hours":"Su-Th 11:30-23:00; Fr-Sa 11:30-01:00"},"geometry":{"type":"Point","coordinates":[121.547173,25.082245]}},{"type":"Feature","properties":{"id":"osm:node:4589275306","name":"清心福全","category":"cafe","name_en":"Ching Shin","cuisine":"bubble_tea","brand":"清心福全"},"geometry":{"type":"Point","coordinates":[121.547088,25.082238]}},{"type":"Feature","properties":{"id":"osm:node:4601283378","name":"茶湯會","category":"cafe","name_en":"TP Tea","cuisine":"bubble_tea","brand":"茶湯會"},"geometry":{"type":"Point","coordinates":[121.515488,25.044574]}},{"type":"Feature","properties":{"id":"osm:node:4625476090","name":"Meatup","category":"cafe"},"geometry":{"type":"Point","coordinates":[121.503513,25.045443]}},{"type":"Feature","properties":{"id":"osm:node:4628572090","name":"The HUB","category":"cafe","opening_hours":"Mo-Sa 07:00-19:00"},"geometry":{"type":"Point","coordinates":[121.521228,25.111548]}},{"type":"Feature","properties":{"id":"osm:node:4634426014","name":"聞山咖啡","category":"cafe","name_en":"Wen Shan Roasting","cuisine":"coffee_shop","opening_hours":"Mo-Su 12:00-20:00"},"geometry":{"type":"Point","coordinates":[121.533454,25.020516]}},{"type":"Feature","properties":{"id":"osm:node:4642421494","name":"Cama","category":"cafe","cuisine":"coffee_shop"},"geometry":{"type":"Point","coordinates":[121.571171,25.081602]}},{"type":"Feature","properties":{"id":"osm:node:4642434690","name":"豆咖啡","category":"cafe"},"geometry":{"type":"Point","coordinates":[121.489516,25.140658]}},{"type":"Feature","properties":{"id":"osm:node:4664843390","name":"穿石","category":"cafe","name_en":"Chantez Pâtisserie"},"geometry":{"type":"Point","coordinates":[121.535331,25.040213]}},{"type":"Feature","properties":{"id":"osm:node:4669431702","name":"Santal 29","category":"cafe","cuisine":"breakfast;local;coffee_shop","opening_hours":"We-Mo 11:30-22:00"},"geometry":{"type":"Point","coordinates":[121.551529,25.025284]}},{"type":"Feature","properties":{"id":"osm:node:4669665492","name":"米販咖啡","category":"cafe","cuisine":"breakfast;coffee_shop","opening_hours":"Tu-Su 11:00-19:00"},"geometry":{"type":"Point","coordinates":[121.550351,25.034975]}},{"type":"Feature","properties":{"id":"osm:node:4669665493","name":"RKdesign & 草泥 weed on mud cafe","category":"cafe","cuisine":"sandwich;breakfast;local;friture","opening_hours":"Tu-Fr 11:00-20:00; Sa-Su 09:00-18:00"},"geometry":{"type":"Point","coordinates":[121.549982,25.023844]}},{"type":"Feature","properties":{"id":"osm:node:4669665803","name":"苔毛咖啡","category":"cafe","opening_hours":"Tu-Su 00:00-21:00"},"geometry":{"type":"Point","coordinates":[121.552556,25.022255]}},{"type":"Feature","properties":{"id":"osm:node:4669732797","name":"从也咖啡 nonelse cafe","category":"cafe","cuisine":"breakfast;asian;friture"},"geometry":{"type":"Point","coordinates":[121.551646,25.025509]}},{"type":"Feature","properties":{"id":"osm:node:4670411401","name":"貓空閒咖啡","category":"cafe","name_en":"Cat's got nothing to do Café"},"geometry":{"type":"Point","coordinates":[121.591701,24.967766]}},{"type":"Feature","properties":{"id":"osm:node:4676227138","name":"海倫咖啡","category":"cafe","cuisine":"coffee_shop"},"geometry":{"type":"Point","coordinates":[121.602067,25.123492]}},{"type":"Feature","properties":{"id":"osm:node:4677772997","name":"愛上咖啡館","category":"cafe"},"geometry":{"type":"Point","coordinates":[121.526347,25.093867]}},{"type":"Feature","properties":{"id":"osm:node:4683579111","name":"台灣惠蓀咖啡","category":"cafe"},"geometry":{"type":"Point","coordinates":[121.513003,25.121255]}},{"type":"Feature","properties":{"id":"osm:node:4686255632","name":"楓堤咖啡","category":"cafe"},"geometry":{"type":"Point","coordinates":[121.599001,25.114641]}},{"type":"Feature","properties":{"id":"osm:node:469620172","name":"星巴克","category":"cafe","name_en":"Starbucks","cuisine":"coffee_shop","brand":"星巴克","opening_hours":"Mo-Fr 06:30-20:00; Sa,Su 06:30-19:00"},"geometry":{"type":"Point","coordinates":[121.541262,25.021736]}},{"type":"Feature","properties":{"id":"osm:node:469620173","name":"星巴克","category":"cafe","name_en":"Starbucks","cuisine":"coffee_shop","brand":"星巴克","opening_hours":"Mo-Su 07:30-18:00"},"geometry":{"type":"Point","coordinates":[121.531872,25.017474]}},{"type":"Feature","properties":{"id":"osm:node:469812997","name":"星巴克","category":"cafe","name_en":"Starbucks","cuisine":"coffee_shop","brand":"星巴克","opening_hours":"Mo-Su 07:00-22:00"},"geometry":{"type":"Point","coordinates":[121.513032,25.0424]}},{"type":"Feature","properties":{"id":"osm:node:4709301490","name":"隱趣","category":"cafe","name_en":"inch cafe","cuisine":"cake","opening_hours":"Mo-Sa 11:00-21:00"},"geometry":{"type":"Point","coordinates":[121.522446,25.094888]}},{"type":"Feature","properties":{"id":"osm:node:4716438598","name":"50嵐","category":"cafe","name_en":"50 Lan","cuisine":"bubble_tea","brand":"50嵐"},"geometry":{"type":"Point","coordinates":[121.594197,25.050305]}},{"type":"Feature","properties":{"id":"osm:node:4718793089","name":"倫爸咖啡","category":"cafe"},"geometry":{"type":"Point","coordinates":[121.51471,25.052689]}},{"type":"Feature","properties":{"id":"osm:node:4725677840","name":"伊芙咖啡","category":"cafe"},"geometry":{"type":"Point","coordinates":[121.521337,25.043436]}},{"type":"Feature","properties":{"id":"osm:node:4727092985","name":"星巴克","category":"cafe","name_en":"Starbucks","cuisine":"coffee_shop","brand":"星巴克"},"geometry":{"type":"Point","coordinates":[121.456946,24.998652]}},{"type":"Feature","properties":{"id":"osm:node:4735785591","name":"Seeking café","category":"cafe"},"geometry":{"type":"Point","coordinates":[121.607786,25.075345]}},{"type":"Feature","properties":{"id":"osm:node:4745186622","name":"Joker","category":"cafe","name_en":"Joker"},"geometry":{"type":"Point","coordinates":[121.57989,25.073884]}},{"type":"Feature","properties":{"id":"osm:node:4753181469","name":"維維亞咖啡","category":"cafe","name_en":"Vivie Cafe"},"geometry":{"type":"Point","coordinates":[121.510902,25.034727]}},{"type":"Feature","properties":{"id":"osm:node:4757495322","name":"Coffee","category":"cafe"},"geometry":{"type":"Point","coordinates":[121.518638,25.015725]}},{"type":"Feature","properties":{"id":"osm:node:4769570727","name":"春水堂人文茶館","category":"cafe","name_en":"Chun Shui Tang","cuisine":"bubble_tea","brand":"春水堂人文茶館"},"geometry":{"type":"Point","coordinates":[121.567616,25.080236]}},{"type":"Feature","properties":{"id":"osm:node:4775586926","name":"NOTCH咖啡工坊","category":"cafe","name_en":"Notch Front Station"},"geometry":{"type":"Point","coordinates":[121.516497,25.044596]}},{"type":"Feature","properties":{"id":"osm:node:4782154746","name":"路易莎咖啡","category":"cafe","name_en":"Louisa Coffee","cuisine":"coffee_shop","brand":"路易莎咖啡"},"geometry":{"type":"Point","coordinates":[121.509401,25.086399]}},{"type":"Feature","properties":{"id":"osm:node:4786074682","name":"Cozzi Café仁愛店","category":"cafe"},"geometry":{"type":"Point","coordinates":[121.553836,25.037187]}},{"type":"Feature","properties":{"id":"osm:node:4786107211","name":"Cozzi Café","category":"cafe"},"geometry":{"type":"Point","coordinates":[121.567071,25.040421]}},{"type":"Feature","properties":{"id":"osm:node:4808686421","name":"李李豆行","category":"cafe","cuisine":"coffee_shop"},"geometry":{"type":"Point","coordinates":[121.558826,25.051762]}},{"type":"Feature","properties":{"id":"osm:node:4810839426","name":"淳覺直饌","category":"cafe","name_en":"Euphorian Coffee House"},"geometry":{"type":"Point","coordinates":[121.498113,25.131269]}},{"type":"Feature","properties":{"id":"osm:node:4810840722","name":"路易莎咖啡","category":"cafe","name_en":"Louisa Coffee","cuisine":"coffee_shop","brand":"路易莎咖啡"},"geometry":{"type":"Point","coordinates":[121.50005,25.132941]}},{"type":"Feature","properties":{"id":"osm:node:4812712622","name":"85度C","category":"cafe","name_en":"85°C Bakery Cafe","cuisine":"coffee_shop","brand":"85度C","opening_hours":"Mo-Su 07:00-24:00"},"geometry":{"type":"Point","coordinates":[121.499701,25.134805]}},{"type":"Feature","properties":{"id":"osm:node:4820442541","name":"茶湯會","category":"cafe","name_en":"TP Tea","cuisine":"bubble_tea","brand":"茶湯會"},"geometry":{"type":"Point","coordinates":[121.452749,25.044952]}},{"type":"Feature","properties":{"id":"osm:node:4820442542","name":"清心福全","category":"cafe","name_en":"Ching Shin","cuisine":"bubble_tea","brand":"清心福全"},"geometry":{"type":"Point","coordinates":[121.452844,25.044879]}},{"type":"Feature","properties":{"id":"osm:node:4820634499","name":"泰好吃 泰式料理","category":"cafe","cuisine":"thai;lunch"},"geometry":{"type":"Point","coordinates":[121.603726,25.00258]}},{"type":"Feature","properties":{"id":"osm:node:4832102524","name":"路易莎咖啡","category":"cafe","name_en":"Louisa Coffee","cuisine":"coffee_shop","brand":"路易莎咖啡","opening_hours":"Mo-Fr 07:00-19:00; Sa-Su 08:00-16:00"},"geometry":{"type":"Point","coordinates":[121.519941,25.063541]}},{"type":"Feature","properties":{"id":"osm:node:4834803688","name":"Davinci Coffee","category":"cafe","name_en":"Davinci Coffee","cuisine":"coffee_shop","opening_hours":"Mo-Th,Su 10:00-19:00; Fr-Sa 10:00-21:00"},"geometry":{"type":"Point","coordinates":[121.532854,25.02062]}},{"type":"Feature","properties":{"id":"osm:node:4834803706","name":"星巴克","category":"cafe","name_en":"Starbucks","cuisine":"coffee_shop","brand":"星巴克","opening_hours":"Mo-Su 07:00-21:30"},"geometry":{"type":"Point","coordinates":[121.544834,25.017212]}},{"type":"Feature","properties":{"id":"osm:node:4834803710","name":"紅茶鮮乳","category":"cafe","cuisine":"bubble_tea"},"geometry":{"type":"Point","coordinates":[121.53288,25.014747]}},{"type":"Feature","properties":{"id":"osm:node:4834803836","name":"50嵐","category":"cafe","name_en":"50 Lan","cuisine":"bubble_tea","brand":"50嵐"},"geometry":{"type":"Point","coordinates":[121.533519,25.014058]}},{"type":"Feature","properties":{"id":"osm:node:4834803842","name":"甘蔗媽媽","category":"cafe","cuisine":"bubble_tea"},"geometry":{"type":"Point","coordinates":[121.533629,25.013964]}},{"type":"Feature","properties":{"id":"osm:node:4834803846","name":"十盛","category":"cafe","cuisine":"bubble_tea"},"geometry":{"type":"Point","coordinates":[121.533918,25.013752]}},{"type":"Feature","properties":{"id":"osm:node:4834803856","name":"Mövenpick Café","category":"cafe","name_en":"MOVENPiCK Cafe","cuisine":"coffee_shop","brand":"Mövenpick Café"},"geometry":{"type":"Point","coordinates":[121.536553,25.013065]}},{"type":"Feature","properties":{"id":"osm:node:4834803867","name":"六韻茶","category":"cafe","cuisine":"bubble_tea"},"geometry":{"type":"Point","coordinates":[121.533011,25.015481]}},{"type":"Feature","properties":{"id":"osm:node:4836631377","name":"季緣茶飲","category":"cafe","name_en":"Chi Yuan","cuisine":"bubble_tea","opening_hours":"Mo-Su 11:00-22:30"},"geometry":{"type":"Point","coordinates":[121.527993,25.021425]}},{"type":"Feature","properties":{"id":"osm:node:4836653430","name":"APO CAFE","category":"cafe","name_en":"APO CAFE"},"geometry":{"type":"Point","coordinates":[121.552416,25.083234]}},{"type":"Feature","properties":{"id":"osm:node:4837986368","name":"貓咪先生的朋友","category":"cafe"},"geometry":{"type":"Point","coordinates":[121.546527,25.041037]}},{"type":"Feature","properties":{"id":"osm:node:4837986432","name":"草泥Cafe","category":"cafe"},"geometry":{"type":"Point","coordinates":[121.549979,25.023803]}},{"type":"Feature","properties":{"id":"osm:node:4837986434","name":"咖啡樂覺","category":"cafe"},"geometry":{"type":"Point","coordinates":[121.550725,25.024291]}},{"type":"Feature","properties":{"id":"osm:node:4838086673","name":"50嵐","category":"cafe","name_en":"50 Lan","cuisine":"bubble_tea","brand":"50嵐"},"geometry":{"type":"Point","coordinates":[121.513939,25.04608]}},{"type":"Feature","properties":{"id":"osm:node:4838087644","name":"怡客咖啡","category":"cafe"},"geometry":{"type":"Point","coordinates":[121.509968,25.041987]}},{"type":"Feature","properties":{"id":"osm:node:4838087695","name":"ID COFFEE","category":"cafe"},"geometry":{"type":"Point","coordinates":[121.516717,25.055277]}},{"type":"Feature","properties":{"id":"osm:node:4838087704","name":"轉角咖啡豆咖啡","category":"cafe"},"geometry":{"type":"Point","coordinates":[121.509589,25.054594]}},{"type":"Feature","properties":{"id":"osm:node:4838087724","name":"AMA Cafe","category":"cafe"},"geometry":{"type":"Point","coordinates":[121.509224,25.060211]}},{"type":"Feature","properties":{"id":"osm:node:4838087737","name":"半島咖啡","category":"cafe"},"geometry":{"type":"Point","coordinates":[121.507962,25.04328]}},{"type":"Feature","properties":{"id":"osm:node:4838087739","name":"樂法","category":"cafe","cuisine":"bubble_tea"},"geometry":{"type":"Point","coordinates":[121.507331,25.042738]}},{"type":"Feature","properties":{"id":"osm:node:4840875521","name":"星巴克","category":"cafe","name_en":"Starbucks","cuisine":"coffee_shop","brand":"星巴克"},"geometry":{"type":"Point","coordinates":[121.554285,25.083216]}},{"type":"Feature","properties":{"id":"osm:node:4848126668","name":"鳥咖啡","category":"cafe","name_en":"The Birds Cafe"},"geometry":{"type":"Point","coordinates":[121.558718,25.033265]}},{"type":"Feature","properties":{"id":"osm:node:4880964021","name":"鬍子茶","category":"cafe","name_en":"Who's Tea"},"geometry":{"type":"Point","coordinates":[121.543182,25.02241]}},{"type":"Feature","properties":{"id":"osm:node:4903690721","name":"老三咖啡","category":"cafe"},"geometry":{"type":"Point","coordinates":[121.527963,25.058207]}},{"type":"Feature","properties":{"id":"osm:node:4905269471","name":"CHORD 校車咖啡","category":"cafe"},"geometry":{"type":"Point","coordinates":[121.545585,25.093582]}},{"type":"Feature","properties":{"id":"osm:node:4907561000","name":"潭園咖啡","category":"cafe"},"geometry":{"type":"Point","coordinates":[121.523623,25.078077]}},{"type":"Feature","properties":{"id":"osm:node:4911177351","name":"紀咖啡","category":"cafe","cuisine":"coffee_shop","opening_hours":"Mo-Su 07:30-19:00"},"geometry":{"type":"Point","coordinates":[121.529159,25.026827]}},{"type":"Feature","properties":{"id":"osm:node:4913299917","name":"永康階","category":"cafe","cuisine":"coffee_shop;cake","opening_hours":"Mo-Su 11:00-22:30"},"geometry":{"type":"Point","coordinates":[121.530255,25.031211]}},{"type":"Feature","properties":{"id":"osm:node:4913299918","name":"烘培者咖啡","category":"cafe","name_en":"Roaster Family Coffee"},"geometry":{"type":"Point","coordinates":[121.530453,25.030563]}},{"type":"Feature","properties":{"id":"osm:node:4913299919","name":"鴉埠咖啡","category":"cafe","name_en":"YABOO CAFE","opening_hours":"Mo-Su 12:00-24:00"},"geometry":{"type":"Point","coordinates":[121.530587,25.030453]}},{"type":"Feature","properties":{"id":"osm:node:4913299920","name":"咖啡小自由","category":"cafe","name_en":"Cafe Libero","opening_hours":"Mo-Sa 11:00-24:00,Su 12:00-18:00"},"geometry":{"type":"Point","coordinates":[121.53063,25.030095]}},{"type":"Feature","properties":{"id":"osm:node:4928425260","name":"客美多咖啡","category":"cafe","name_en":"Komeda Coffee Shop","cuisine":"coffee_shop","brand":"客美多咖啡"},"geometry":{"type":"Point","coordinates":[121.535692,25.051757]}},{"type":"Feature","properties":{"id":"osm:node:4928425262","name":"麻古茶坊","category":"cafe","name_en":"Macu","cuisine":"bubble_tea","brand":"麻古茶坊"},"geometry":{"type":"Point","coordinates":[121.53547,25.051724]}},{"type":"Feature","properties":{"id":"osm:node:4928425273","name":"大茗本位製茶堂","category":"cafe","name_en":"Daming","cuisine":"bubble_tea","brand":"大茗本位製茶堂","opening_hours":"Mo-Su 10:30-20:30"},"geometry":{"type":"Point","coordinates":[121.534959,25.053915]}},{"type":"Feature","properties":{"id":"osm:node:4928425282","name":"意特簡餐咖啡","category":"cafe"},"geometry":{"type":"Point","coordinates":[121.532352,25.055543]}},{"type":"Feature","properties":{"id":"osm:node:4928425283","name":"Joe Alley brunch","category":"cafe"},"geometry":{"type":"Point","coordinates":[121.532442,25.05568]}},{"type":"Feature","properties":{"id":"osm:node:4940829251","name":"路易莎咖啡","category":"cafe","name_en":"Louisa Coffee","cuisine":"coffee_shop","brand":"路易莎咖啡"},"geometry":{"type":"Point","coordinates":[121.540442,24.965428]}},{"type":"Feature","properties":{"id":"osm:node:4940848884","name":"Pica Pica Cafe","category":"cafe"},"geometry":{"type":"Point","coordinates":[121.531847,25.021063]}},{"type":"Feature","properties":{"id":"osm:node:4943536821","name":"拉拉熊咖啡廳","category":"cafe","name_en":"Rilakkuma Cafe","opening_hours":"Mo-Su 11:00-23:00"},"geometry":{"type":"Point","coordinates":[121.554161,25.040796]}},{"type":"Feature","properties":{"id":"osm:node:4943536923","name":"布丁狗餐廳","category":"cafe","name_en":"POMPOMPURIN Cafe"},"geometry":{"type":"Point","coordinates":[121.565937,25.035307]}},{"type":"Feature","properties":{"id":"osm:node:4943536925","name":"米飛兔","category":"cafe","name_en":"Miffy Cafe"},"geometry":{"type":"Point","coordinates":[121.474892,25.006607]}},{"type":"Feature","properties":{"id":"osm:node:4943766920","name":"路易莎咖啡","category":"cafe","name_en":"Louisa Coffee","cuisine":"coffee_shop","brand":"路易莎咖啡"},"geometry":{"type":"Point","coordinates":[121.518941,25.053137]}},{"type":"Feature","properties":{"id":"osm:node:4945133722","name":"星巴克","category":"cafe","name_en":"Starbucks","cuisine":"coffee_shop","brand":"星巴克","opening_hours":"Mo-Su 07:00-22:30"},"geometry":{"type":"Point","coordinates":[121.513268,25.059336]}},{"type":"Feature","properties":{"id":"osm:node:4973714947","name":"鹹花生","category":"cafe","name_en":"Salt Peanuts Cafe"},"geometry":{"type":"Point","coordinates":[121.509546,25.059323]}},{"type":"Feature","properties":{"id":"osm:node:4995897895","name":"豆点，傳統豆花","category":"cafe","cuisine":"asian","opening_hours":"We-Mo 13:00-22:00"},"geometry":{"type":"Point","coordinates":[121.510202,24.995781]}},{"type":"Feature","properties":{"id":"osm:node:5012516850","name":"豆系研究室","category":"cafe","name_en":"BeansLab coffee","cuisine":"coffee_shop;italian","opening_hours":"Mo-Sa 09:00-18:00;Su off"},"geometry":{"type":"Point","coordinates":[121.540838,25.021912]}},{"type":"Feature","properties":{"id":"osm:node:5015984540","name":"路易莎咖啡","category":"cafe","name_en":"Louisa Coffee","cuisine":"coffee_shop","brand":"路易莎咖啡"},"geometry":{"type":"Point","coordinates":[121.566768,24.988645]}},{"type":"Feature","properties":{"id":"osm:node:5016017292","name":"京町8号","category":"cafe","name_en":"Kyomachi no.8","opening_hours":"Tu-Fr 11:00-18:00, Sa 11:00-20:00, Su 11:00-18:00; Mo off"},"geometry":{"type":"Point","coordinates":[121.511089,25.046711]}},{"type":"Feature","properties":{"id":"osm:node:5048161953","name":"85度C","category":"cafe","name_en":"85°C Bakery Cafe","cuisine":"coffee_shop","brand":"85度C","opening_hours":"Mo-Su 07:00-23:00"},"geometry":{"type":"Point","coordinates":[121.49952,25.141065]}},{"type":"Feature","properties":{"id":"osm:node:5048161956","name":"Mr. Brown 伯朗咖啡館","category":"cafe","name_en":"Mr. Brown Café","cuisine":"coffee_shop","brand":"Mr. Brown 伯朗咖啡館","opening_hours":"Mo-Su 07:30-21:00"},"geometry":{"type":"Point","coordinates":[121.500976,25.13964]}},{"type":"Feature","properties":{"id":"osm:node:5048161960","name":"CoCo都可","category":"cafe","name_en":"CoCo Fresh Tea & Juice","cuisine":"bubble_tea","brand":"CoCo都可"},"geometry":{"type":"Point","coordinates":[121.500177,25.140716]}},{"type":"Feature","properties":{"id":"osm:node:5050325771","name":"一芳水果茶","category":"cafe","name_en":"Yi Fang Tea","cuisine":"bubble_tea","brand":"一芳水果茶"},"geometry":{"type":"Point","coordinates":[121.517437,25.030743]}},{"type":"Feature","properties":{"id":"osm:node:5050325772","name":"迷客夏","category":"cafe","name_en":"Milkshop","cuisine":"bubble_tea","brand":"迷客夏"},"geometry":{"type":"Point","coordinates":[121.517819,25.030704]}},{"type":"Feature","properties":{"id":"osm:node:5052921353","name":"清心福全","category":"cafe","name_en":"Ching Shin","cuisine":"bubble_tea","brand":"清心福全"},"geometry":{"type":"Point","coordinates":[121.524453,25.057927]}},{"type":"Feature","properties":{"id":"osm:node:5052921365","name":"天仁茗茶","category":"cafe","name_en":"TenRen's Tea","cuisine":"bubble_tea","brand":"天仁茗茶"},"geometry":{"type":"Point","coordinates":[121.52384,25.057857]}},{"type":"Feature","properties":{"id":"osm:node:5063154721","name":"森丘","category":"cafe","name_en":"Afternoon Tease"},"geometry":{"type":"Point","coordinates":[121.527825,25.114859]}},{"type":"Feature","properties":{"id":"osm:node:5069213521","name":"河童家","category":"cafe","name_en":"coffee kappaya","opening_hours":"Mo-We,Fr 11:00-20:00,Sa-Su 12:00-20:00,Th 11:00-18:00"},"geometry":{"type":"Point","coordinates":[121.538376,25.000135]}},{"type":"Feature","properties":{"id":"osm:node:5083921530","name":"路易莎咖啡","category":"cafe","name_en":"Louisa Coffee","cuisine":"coffee_shop","brand":"路易莎咖啡","opening_hours":"Mo-Fr 07:00-21:00; Sa-Su 07:30-21:00"},"geometry":{"type":"Point","coordinates":[121.540854,24.995871]}},{"type":"Feature","properties":{"id":"osm:node:5098115721","name":"河床工作室","category":"cafe","opening_hours":"Fr-Mo 12:30-19:00"},"geometry":{"type":"Point","coordinates":[121.556497,25.032523]}},{"type":"Feature","properties":{"id":"osm:node:5098115723","name":"Nathalie Lete娜塔莉台北店","category":"cafe"},"geometry":{"type":"Point","coordinates":[121.566067,25.042776]}},{"type":"Feature","properties":{"id":"osm:node:5098125121","name":"雨日菓物","category":"cafe","name_en":"Amenohi_cafe"},"geometry":{"type":"Point","coordinates":[121.560636,25.032338]}},{"type":"Feature","properties":{"id":"osm:node:5098134727","name":"WELL CAFÉ 唯‧午茶記憶","category":"cafe"},"geometry":{"type":"Point","coordinates":[121.550619,25.044167]}},{"type":"Feature","properties":{"id":"osm:node:5106589915","name":"CoCo 都可茶飲","category":"cafe","name_en":"CoCo Tea","opening_hours":"Mo-Su 10:30-22:45"},"geometry":{"type":"Point","coordinates":[121.525431,25.060407]}},{"type":"Feature","properties":{"id":"osm:node:5108706547","name":"CoCo都可","category":"cafe","name_en":"CoCo Fresh Tea & Juice","cuisine":"bubble_tea","brand":"CoCo都可"},"geometry":{"type":"Point","coordinates":[121.543954,24.974189]}},{"type":"Feature","properties":{"id":"osm:node:5108706569","name":"路易沙咖啡","category":"cafe"},"geometry":{"type":"Point","coordinates":[121.540416,24.965378]}},{"type":"Feature","properties":{"id":"osm:node:5108707188","name":"朵拉歐拉咖啡","category":"cafe"},"geometry":{"type":"Point","coordinates":[121.526525,24.998253]}},{"type":"Feature","properties":{"id":"osm:node:5109347745","name":"泰讚了","category":"cafe","cuisine":"bubble_tea"},"geometry":{"type":"Point","coordinates":[121.532385,25.015814]}},{"type":"Feature","properties":{"id":"osm:node:5109347753","name":"小南風Cafe","category":"cafe"},"geometry":{"type":"Point","coordinates":[121.527863,25.024231]}},{"type":"Feature","properties":{"id":"osm:node:5109347783","name":"一沐日","category":"cafe","name_en":"A nice Holiday","cuisine":"bubble_tea","brand":"一沐日","opening_hours":"Mo-Su 10:00-21:00"},"geometry":{"type":"Point","coordinates":[121.533,25.015728]}},{"type":"Feature","properties":{"id":"osm:node:5109347793","name":"Cama","category":"cafe"},"geometry":{"type":"Point","coordinates":[121.53215,25.017171]}},{"type":"Feature","properties":{"id":"osm:node:5109347803","name":"奇瓦咖啡","category":"cafe"},"geometry":{"type":"Point","coordinates":[121.531686,25.018397]}},{"type":"Feature","properties":{"id":"osm:node:5110242805","name":"小米酒咖啡館","category":"cafe"},"geometry":{"type":"Point","coordinates":[121.529734,25.030537]}},{"type":"Feature","properties":{"id":"osm:node:5110242806","name":"小虎咖啡","category":"cafe","name_en":"Little tigger"},"geometry":{"type":"Point","coordinates":[121.529469,25.030439]}},{"type":"Feature","properties":{"id":"osm:node:5110245038","name":"瑪町尼茲咖啡","category":"cafe"},"geometry":{"type":"Point","coordinates":[121.53009,25.030985]}},{"type":"Feature","properties":{"id":"osm:node:5110245039","name":"8% Cafe","category":"cafe"},"geometry":{"type":"Point","coordinates":[121.530091,25.03175]}},{"type":"Feature","properties":{"id":"osm:node:5110245065","name":"學吧","category":"cafe"},"geometry":{"type":"Point","coordinates":[121.53143,25.033842]}},{"type":"Feature","properties":{"id":"osm:node:5110245073","name":"cama café","category":"cafe","cuisine":"coffee_shop","opening_hours":"Mo-Fr 07:30-17:00; Sa-Su 08:00-17:00"},"geometry":{"type":"Point","coordinates":[121.534332,25.033786]}},{"type":"Feature","properties":{"id":"osm:node:5110245076","name":"湛廬咖啡","category":"cafe"},"geometry":{"type":"Point","coordinates":[121.533225,25.034563]}},{"type":"Feature","properties":{"id":"osm:node:5110269771","name":"Fika Fika手沖精品咖啡概念店","category":"cafe","name_en":"Fika Fika Shiu Xiang","opening_hours":"We,Fr-Su 10:00-17:30; Mo-Tu, Th off"},"geometry":{"type":"Point","coordinates":[121.534675,25.051108]}},{"type":"Feature","properties":{"id":"osm:node:5110348576","name":"草食咖啡","category":"cafe"},"geometry":{"type":"Point","coordinates":[121.566901,25.051077]}},{"type":"Feature","properties":{"id":"osm:node:5110348589","name":"Caffe Pergo","category":"cafe"},"geometry":{"type":"Point","coordinates":[121.560508,25.032207]}},{"type":"Feature","properties":{"id":"osm:node:5110348591","name":"多麼咖啡","category":"cafe"},"geometry":{"type":"Point","coordinates":[121.550835,25.025907]}},{"type":"Feature","properties":{"id":"osm:node:5110348592","name":"艾樂咖啡","category":"cafe","name_en":"ELEFUN café"},"geometry":{"type":"Point","coordinates":[121.558766,25.031062]}},{"type":"Feature","properties":{"id":"osm:node:5110348635","name":"MYSBOX桌遊咖啡館","category":"cafe"},"geometry":{"type":"Point","coordinates":[121.55472,25.024163]}},{"type":"Feature","properties":{"id":"osm:node:5110348637","name":"森優咖啡","category":"cafe","name_en":"TRIBU CAFE","opening_hours":"Tu-Su 10:00-21:00"},"geometry":{"type":"Point","coordinates":[121.554763,25.024148]}},{"type":"Feature","properties":{"id":"osm:node:5110348661","name":"蜂蜜咖啡","category":"cafe"},"geometry":{"type":"Point","coordinates":[121.544075,25.044229]}},{"type":"Feature","properties":{"id":"osm:node:5110348751","name":"布咯咖啡","category":"cafe"},"geometry":{"type":"Point","coordinates":[121.565066,25.051121]}},{"type":"Feature","properties":{"id":"osm:node:5110348757","name":"茶湯會","category":"cafe","name_en":"TP Tea","cuisine":"bubble_tea","brand":"茶湯會"},"geometry":{"type":"Point","coordinates":[121.554973,25.021155]}},{"type":"Feature","properties":{"id":"osm:node:5110348764","name":"Ikari Cafe","category":"cafe"},"geometry":{"type":"Point","coordinates":[121.554172,25.033906]}},{"type":"Feature","properties":{"id":"osm:node:5110348806","name":"維斯拖托咖啡","category":"cafe"},"geometry":{"type":"Point","coordinates":[121.547337,25.052926]}},{"type":"Feature","properties":{"id":"osm:node:5110348807","name":"旺來咖啡","category":"cafe"},"geometry":{"type":"Point","coordinates":[121.547433,25.052916]}},{"type":"Feature","properties":{"id":"osm:node:5110348809","name":"星巴克","category":"cafe","name_en":"Starbucks","cuisine":"coffee_shop","brand":"星巴克"},"geometry":{"type":"Point","coordinates":[121.549346,25.053879]}},{"type":"Feature","properties":{"id":"osm:node:5110348819","name":"Taipei Arden Cafe","category":"cafe","name_en":"Taipei Arden Cafe","opening_hours":"PH,Mo-Su 07:00-20:00"},"geometry":{"type":"Point","coordinates":[121.560388,25.033383]}},{"type":"Feature","properties":{"id":"osm:node:5110488710","name":"Rayca Coffee","category":"cafe"},"geometry":{"type":"Point","coordinates":[121.521042,25.060242]}},{"type":"Feature","properties":{"id":"osm:node:5110488718","name":"50嵐","category":"cafe","name_en":"50 Lan","cuisine":"bubble_tea","brand":"50嵐"},"geometry":{"type":"Point","coordinates":[121.521454,25.060221]}},{"type":"Feature","properties":{"id":"osm:node:5110489733","name":"歐樹咖啡","category":"cafe","name_en":"O'tree Cafe","opening_hours":"We-Sa 11:00-26:00,Su-Tu 11:00-22:00"},"geometry":{"type":"Point","coordinates":[121.524631,25.062506]}},{"type":"Feature","properties":{"id":"osm:node:5110489743","name":"澳氏咖啡","category":"cafe"},"geometry":{"type":"Point","coordinates":[121.524183,25.060968]}},{"type":"Feature","properties":{"id":"osm:node:5110489746","name":"Ikari Coffee","category":"cafe"},"geometry":{"type":"Point","coordinates":[121.52384,25.060406]}},{"type":"Feature","properties":{"id":"osm:node:5110489785","name":"老賴茶棧","category":"cafe","name_en":"Like Tea Shop","cuisine":"coffee_shop"},"geometry":{"type":"Point","coordinates":[121.505698,25.045751]}},{"type":"Feature","properties":{"id":"osm:node:5110490291","name":"Meehee","category":"cafe"},"geometry":{"type":"Point","coordinates":[121.53215,25.057371]}},{"type":"Feature","properties":{"id":"osm:node:5110490292","name":"填一點","category":"cafe"},"geometry":{"type":"Point","coordinates":[121.532045,25.057388]}},{"type":"Feature","properties":{"id":"osm:node:5110491040","name":"咖啡堂","category":"cafe"},"geometry":{"type":"Point","coordinates":[121.524937,25.064559]}},{"type":"Feature","properties":{"id":"osm:node:5110491055","name":"ARTCO DE CAFE","category":"cafe"},"geometry":{"type":"Point","coordinates":[121.522048,25.062995]}},{"type":"Feature","properties":{"id":"osm:node:5110501340","name":"茶湯會","category":"cafe","name_en":"TP Tea","cuisine":"bubble_tea","brand":"茶湯會"},"geometry":{"type":"Point","coordinates":[121.50396,25.136053]}},{"type":"Feature","properties":{"id":"osm:node:5110501341","name":"正典咖啡","category":"cafe"},"geometry":{"type":"Point","coordinates":[121.504149,25.13609]}},{"type":"Feature","properties":{"id":"osm:node:5110501348","name":"星巴克","category":"cafe","name_en":"Starbucks","cuisine":"coffee_shop","brand":"星巴克"},"geometry":{"type":"Point","coordinates":[121.527566,25.115142]}},{"type":"Feature","properties":{"id":"osm:node:5116321921","name":"有心咖啡","category":"cafe"},"geometry":{"type":"Point","coordinates":[121.559824,25.050796]}},{"type":"Feature","properties":{"id":"osm:node:5116359121","name":"巴士咖啡","category":"cafe"},"geometry":{"type":"Point","coordinates":[121.554262,25.051389]}},{"type":"Feature","properties":{"id":"osm:node:5118805112","name":"漢妮咖啡","category":"cafe"},"geometry":{"type":"Point","coordinates":[121.603012,25.136657]}},{"type":"Feature","properties":{"id":"osm:node:5128286325","name":"角落咖啡館","category":"cafe","name_en":"Piccolo Angolo"},"geometry":{"type":"Point","coordinates":[121.530907,25.052621]}},{"type":"Feature","properties":{"id":"osm:node:5129807585","name":"星巴克","category":"cafe","name_en":"Starbucks","cuisine":"coffee_shop","brand":"星巴克","opening_hours":"Mo-Fr 07:00-21:30; Sa-Su 07:30-21:30"},"geometry":{"type":"Point","coordinates":[121.498398,25.033484]}},{"type":"Feature","properties":{"id":"osm:node:5136762157","name":"路易莎咖啡","category":"cafe","name_en":"Louisa Coffee","cuisine":"coffee_shop","brand":"路易莎咖啡"},"geometry":{"type":"Point","coordinates":[121.502312,25.028921]}},{"type":"Feature","properties":{"id":"osm:node:5137264039","name":"德佈咖啡","category":"cafe","name_en":"Debut Cafe","opening_hours":"Mo-Su 13:00-22:00"},"geometry":{"type":"Point","coordinates":[121.5318,25.046739]}},{"type":"Feature","properties":{"id":"osm:node:5151338425","name":"Alpha Black","category":"cafe","name_en":"Alpha Black"},"geometry":{"type":"Point","coordinates":[121.554434,25.041025]}},{"type":"Feature","properties":{"id":"osm:node:5151430122","name":"路易莎咖啡","category":"cafe","name_en":"Louisa Coffee","cuisine":"coffee_shop","brand":"路易莎咖啡","opening_hours":"Mo-Sa 07:00-20:00"},"geometry":{"type":"Point","coordinates":[121.547114,25.094562]}},{"type":"Feature","properties":{"id":"osm:node:5152728321","name":"Yolo's Cafe","category":"cafe","name_en":"Yolo's Cafe","cuisine":"cake"},"geometry":{"type":"Point","coordinates":[121.553362,25.03141]}},{"type":"Feature","properties":{"id":"osm:node:5156583921","name":"Cama","category":"cafe","name_en":"Cama"},"geometry":{"type":"Point","coordinates":[121.542553,25.054444]}},{"type":"Feature","properties":{"id":"osm:node:5160220671","name":"星巴克","category":"cafe","name_en":"Starbucks","cuisine":"coffee_shop","brand":"星巴克"},"geometry":{"type":"Point","coordinates":[121.547629,25.057369]}},{"type":"Feature","properties":{"id":"osm:node:5160603238","name":"星巴克","category":"cafe","name_en":"Starbucks","cuisine":"coffee_shop","brand":"星巴克"},"geometry":{"type":"Point","coordinates":[121.460294,25.053515]}},{"type":"Feature","properties":{"id":"osm:node:5162301031","name":"鬍子茶","category":"cafe"},"geometry":{"type":"Point","coordinates":[121.516769,25.008316]}},{"type":"Feature","properties":{"id":"osm:node:5168755424","name":"cama Coffee","category":"cafe","name_en":"Cama","opening_hours":"Mo-Fr 07:30-19:30, PH,Sa-Su 08:00-18:00"},"geometry":{"type":"Point","coordinates":[121.561703,25.051699]}},{"type":"Feature","properties":{"id":"osm:node:5172407622","name":"Mr. Brown","category":"cafe"},"geometry":{"type":"Point","coordinates":[121.526192,25.118328]}},{"type":"Feature","properties":{"id":"osm:node:5174028733","name":"Dayunds Drink shop","category":"cafe","opening_hours":"Mo-Su 10:00-22:00"},"geometry":{"type":"Point","coordinates":[121.528784,25.118518]}},{"type":"Feature","properties":{"id":"osm:node:5188302124","name":"壹咖啡","category":"cafe"},"geometry":{"type":"Point","coordinates":[121.523741,25.089736]}},{"type":"Feature","properties":{"id":"osm:node:5189706723","name":"50嵐","category":"cafe","name_en":"50 Lan","cuisine":"bubble_tea","brand":"50嵐"},"geometry":{"type":"Point","coordinates":[121.526353,25.118914]}},{"type":"Feature","properties":{"id":"osm:node:5189728524","name":"藍白小鎮","category":"cafe"},"geometry":{"type":"Point","coordinates":[121.526618,25.120048]}},{"type":"Feature","properties":{"id":"osm:node:5189741821","name":"cafe in","category":"cafe"},"geometry":{"type":"Point","coordinates":[121.526551,25.11985]}},{"type":"Feature","properties":{"id":"osm:node:5189745724","name":"南美咖啡","category":"cafe"},"geometry":{"type":"Point","coordinates":[121.527027,25.119726]}},{"type":"Feature","properties":{"id":"osm:node:5197890423","name":"大苑子","category":"cafe","name_en":"DaYung's","cuisine":"bubble_tea","brand":"大苑子"},"geometry":{"type":"Point","coordinates":[121.528925,25.118519]}},{"type":"Feature","properties":{"id":"osm:node:5197970924","name":"Comebuy","category":"cafe","cuisine":"bubble_tea"},"geometry":{"type":"Point","coordinates":[121.529448,25.118581]}},{"type":"Feature","properties":{"id":"osm:node:5198011427","name":"OD Flower and Food","category":"cafe"},"geometry":{"type":"Point","coordinates":[121.528729,25.119248]}},{"type":"Feature","properties":{"id":"osm:node:5201386121","name":"丹堤咖啡","category":"cafe"},"geometry":{"type":"Point","coordinates":[121.530387,25.112204]}},{"type":"Feature","properties":{"id":"osm:node:5201824623","name":"Cup o Story","category":"cafe"},"geometry":{"type":"Point","coordinates":[121.525209,25.096741]}},{"type":"Feature","properties":{"id":"osm:node:5201843935","name":"南美咖啡","category":"cafe"},"geometry":{"type":"Point","coordinates":[121.524676,25.095305]}},{"type":"Feature","properties":{"id":"osm:node:5201868821","name":"HOK house of Kuo","category":"cafe"},"geometry":{"type":"Point","coordinates":[121.524153,25.097195]}},{"type":"Feature","properties":{"id":"osm:node:5203492623","name":"Tino pizza Cafe","category":"cafe"},"geometry":{"type":"Point","coordinates":[121.526729,25.095345]}},{"type":"Feature","properties":{"id":"osm:node:5205427522","name":"CAFFE PREGO","category":"cafe"},"geometry":{"type":"Point","coordinates":[121.526367,25.111677]}},{"type":"Feature","properties":{"id":"osm:node:5205479223","name":"西雅圖極品咖啡","category":"cafe","name_en":"Barista Coffee","cuisine":"coffee_shop","brand":"西雅圖極品咖啡"},"geometry":{"type":"Point","coordinates":[121.527119,25.118537]}},{"type":"Feature","properties":{"id":"osm:node:5205497021","name":"咖博館","category":"cafe"},"geometry":{"type":"Point","coordinates":[121.525638,25.110093]}},{"type":"Feature","properties":{"id":"osm:node:5205509224","name":"媽咪咖啡館","category":"cafe"},"geometry":{"type":"Point","coordinates":[121.525414,25.118564]}},{"type":"Feature","properties":{"id":"osm:node:5205539021","name":"清心福全","category":"cafe","name_en":"Ching Shin","cuisine":"bubble_tea","brand":"清心福全"},"geometry":{"type":"Point","coordinates":[121.525617,25.118344]}},{"type":"Feature","properties":{"id":"osm:node:5208155826","name":"南美咖啡","category":"cafe"},"geometry":{"type":"Point","coordinates":[121.506299,25.04257]}},{"type":"Feature","properties":{"id":"osm:node:5208720669","name":"大苑子","category":"cafe","name_en":"DaYung's","cuisine":"bubble_tea","brand":"大苑子","opening_hours":"Mo-Su 10:00-22:00"},"geometry":{"type":"Point","coordinates":[121.564359,25.027941]}},{"type":"Feature","properties":{"id":"osm:node:5212075124","name":"自彈自唱","category":"cafe"},"geometry":{"type":"Point","coordinates":[121.532041,25.021453]}},{"type":"Feature","properties":{"id":"osm:node:5213672951","name":"50嵐","category":"cafe","name_en":"50 Lan","cuisine":"bubble_tea","brand":"50嵐"},"geometry":{"type":"Point","coordinates":[121.505614,25.028679]}},{"type":"Feature","properties":{"id":"osm:node:5213672952","name":"清心福全","category":"cafe","name_en":"Ching Shin","cuisine":"bubble_tea","brand":"清心福全"},"geometry":{"type":"Point","coordinates":[121.505825,25.029038]}},{"type":"Feature","properties":{"id":"osm:node:5213672953","name":"COMEBUY","category":"cafe","cuisine":"bubble_tea","brand":"COMEBUY"},"geometry":{"type":"Point","coordinates":[121.506064,25.027987]}},{"type":"Feature","properties":{"id":"osm:node:5216063922","name":"嶼食咖啡","category":"cafe","opening_hours":"Mo-Su 09:00-17:00"},"geometry":{"type":"Point","coordinates":[121.56412,25.165514]}},{"type":"Feature","properties":{"id":"osm:node:5219051423","name":"cafe no.6","category":"cafe"},"geometry":{"type":"Point","coordinates":[121.527285,25.113778]}},{"type":"Feature","properties":{"id":"osm:node:5219053323","name":"露特西亞Lutetia","category":"cafe"},"geometry":{"type":"Point","coordinates":[121.527482,25.114221]}},{"type":"Feature","properties":{"id":"osm:node:5219073023","name":"璞石咖啡","category":"cafe"},"geometry":{"type":"Point","coordinates":[121.527117,25.114743]}},{"type":"Feature","properties":{"id":"osm:node:5220512986","name":"Second Floor Cafe","category":"cafe","cuisine":"american"},"geometry":{"type":"Point","coordinates":[121.549985,25.030844]}},{"type":"Feature","properties":{"id":"osm:node:5220512997","name":"星巴克","category":"cafe","name_en":"Starbucks","cuisine":"coffee_shop","brand":"星巴克"},"geometry":{"type":"Point","coordinates":[121.5496,25.029225]}},{"type":"Feature","properties":{"id":"osm:node:5220513006","name":"Loiusa Cafe","category":"cafe"},"geometry":{"type":"Point","coordinates":[121.550262,25.03049]}},{"type":"Feature","properties":{"id":"osm:node:5236190828","name":"品皇咖啡行","category":"cafe"},"geometry":{"type":"Point","coordinates":[121.529799,25.108337]}},{"type":"Feature","properties":{"id":"osm:node:5236230922","name":"精品咖啡行","category":"cafe"},"geometry":{"type":"Point","coordinates":[121.529557,25.108226]}},{"type":"Feature","properties":{"id":"osm:node:5236245837","name":"R-U coffee","category":"cafe"},"geometry":{"type":"Point","coordinates":[121.529,25.107785]}},{"type":"Feature","properties":{"id":"osm:node:5236285452","name":"無限家cafe","category":"cafe"},"geometry":{"type":"Point","coordinates":[121.528732,25.10792]}},{"type":"Feature","properties":{"id":"osm:node:5242546023","name":"星巴克","category":"cafe","name_en":"Starbucks","cuisine":"coffee_shop","brand":"星巴克"},"geometry":{"type":"Point","coordinates":[121.530707,25.112443]}},{"type":"Feature","properties":{"id":"osm:node:5242566423","name":"50嵐","category":"cafe","name_en":"50 Lan","cuisine":"bubble_tea","brand":"50嵐"},"geometry":{"type":"Point","coordinates":[121.529534,25.112293]}},{"type":"Feature","properties":{"id":"osm:node:5245574421","name":"樂 古早味蛋糕","category":"cafe"},"geometry":{"type":"Point","coordinates":[121.524447,25.089261]}},{"type":"Feature","properties":{"id":"osm:node:5255074721","name":"5點點tea","category":"cafe","cuisine":"bubble_tea"},"geometry":{"type":"Point","coordinates":[121.525904,25.106683]}},{"type":"Feature","properties":{"id":"osm:node:5255103521","name":"迷客夏","category":"cafe","name_en":"Milkshop","cuisine":"bubble_tea","brand":"迷客夏"},"geometry":{"type":"Point","coordinates":[121.527664,25.107356]}},{"type":"Feature","properties":{"id":"osm:node:5256901922","name":"伊帕克咖啡","category":"cafe"},"geometry":{"type":"Point","coordinates":[121.529534,25.110666]}},{"type":"Feature","properties":{"id":"osm:node:5259915970","name":"屋子","category":"cafe","name_en":"Wutz","opening_hours":"Tu-Su 12:00-19:00"},"geometry":{"type":"Point","coordinates":[121.538245,25.046171]}},{"type":"Feature","properties":{"id":"osm:node:5263069993","name":"星巴克","category":"cafe","name_en":"Starbucks","cuisine":"coffee_shop","brand":"星巴克"},"geometry":{"type":"Point","coordinates":[121.45254,24.996738]}},{"type":"Feature","properties":{"id":"osm:node:5274513722","name":"陳記百果園","category":"cafe"},"geometry":{"type":"Point","coordinates":[121.548054,25.046041]}},{"type":"Feature","properties":{"id":"osm:node:5274522922","name":"脆皮鮮乃甜甜圏","category":"cafe","opening_hours":"Mo-Su 11:00-19:00"},"geometry":{"type":"Point","coordinates":[121.525306,25.064186]}},{"type":"Feature","properties":{"id":"osm:node:5275435509","name":"比特尼克咖啡","category":"cafe","name_en":"BEATNIK"},"geometry":{"type":"Point","coordinates":[121.554092,25.021337]}},{"type":"Feature","properties":{"id":"osm:node:5276462228","name":"Barista","category":"cafe"},"geometry":{"type":"Point","coordinates":[121.645272,25.009043]}},{"type":"Feature","properties":{"id":"osm:node:5279103422","name":"Toast","category":"cafe"},"geometry":{"type":"Point","coordinates":[121.502984,25.040565]}},{"type":"Feature","properties":{"id":"osm:node:5280941221","name":"路易莎咖啡","category":"cafe","name_en":"Louisa Coffee","cuisine":"coffee_shop","brand":"路易莎咖啡"},"geometry":{"type":"Point","coordinates":[121.524266,25.102226]}},{"type":"Feature","properties":{"id":"osm:node:5280999825","name":"星巴克","category":"cafe","name_en":"Starbucks","cuisine":"coffee_shop","brand":"星巴克"},"geometry":{"type":"Point","coordinates":[121.471202,25.087372]}},{"type":"Feature","properties":{"id":"osm:node:5281258626","name":"Think Cafe","category":"cafe","opening_hours":"Mo 12:00-21:00, We-Su 12:00-21:00"},"geometry":{"type":"Point","coordinates":[121.542143,25.045343]}},{"type":"Feature","properties":{"id":"osm:node:5281388423","name":"Lutetia","category":"cafe","name_en":"lutetia Coffee"},"geometry":{"type":"Point","coordinates":[121.519448,25.102641]}},{"type":"Feature","properties":{"id":"osm:node:5286833886","name":"先喝道","category":"cafe","name_en":"Tao-Tao Tea","cuisine":"bubble_tea","brand":"先喝道"},"geometry":{"type":"Point","coordinates":[121.556161,24.999942]}},{"type":"Feature","properties":{"id":"osm:node:5286843332","name":"大諾亞飲品","category":"cafe"},"geometry":{"type":"Point","coordinates":[121.557653,24.999017]}},{"type":"Feature","properties":{"id":"osm:node:5286843337","name":"得正","category":"cafe"},"geometry":{"type":"Point","coordinates":[121.557867,24.998888]}},{"type":"Feature","properties":{"id":"osm:node:5286867827","name":"茶湯會","category":"cafe","name_en":"TP Tea","cuisine":"bubble_tea","brand":"茶湯會"},"geometry":{"type":"Point","coordinates":[121.558889,24.998198]}},{"type":"Feature","properties":{"id":"osm:node:5286867835","name":"85度C","category":"cafe","name_en":"85°C Bakery Cafe","cuisine":"coffee_shop","brand":"85度C"},"geometry":{"type":"Point","coordinates":[121.558397,24.998746]}},{"type":"Feature","properties":{"id":"osm:node:5286867838","name":"路易莎咖啡","category":"cafe","name_en":"Louisa Coffee","cuisine":"coffee_shop","brand":"路易莎咖啡"},"geometry":{"type":"Point","coordinates":[121.558184,24.99896]}},{"type":"Feature","properties":{"id":"osm:node:5329730522","name":"Machi machi","category":"cafe","cuisine":"bubble_tea","brand":"machi machi"},"geometry":{"type":"Point","coordinates":[121.507728,25.041587]}},{"type":"Feature","properties":{"id":"osm:node:5334987622","name":"小慢","category":"cafe","opening_hours":"Tu-Su 10:00-18:00"},"geometry":{"type":"Point","coordinates":[121.52945,25.025401]}},{"type":"Feature","properties":{"id":"osm:node:5334987623","name":"青田茶館","category":"cafe","opening_hours":"Tu-Su 10:00-18:00"},"geometry":{"type":"Point","coordinates":[121.53093,25.027523]}},{"type":"Feature","properties":{"id":"osm:node:5336000021","name":"春水堂人文茶館","category":"cafe","name_en":"Chun Shui Tang","cuisine":"bubble_tea","brand":"春水堂人文茶館"},"geometry":{"type":"Point","coordinates":[121.566819,25.037014]}},{"type":"Feature","properties":{"id":"osm:node:5340603434","name":"星期天早上","category":"cafe","name_en":"Sunday Morning","opening_hours":"Fr-We 13:00-23:00; Th off"},"geometry":{"type":"Point","coordinates":[121.539202,24.999742]}},{"type":"Feature","properties":{"id":"osm:node:5367517487","name":"感恩小館","category":"cafe","name_en":"Gramercy Cafe","opening_hours":"Mo-Fr 11:30-21:30; Sa-Su 09:00-21:30"},"geometry":{"type":"Point","coordinates":[121.533522,25.020355]}},{"type":"Feature","properties":{"id":"osm:node:5378179010","name":"CoCo都可","category":"cafe","name_en":"CoCo Fresh Tea & Juice","cuisine":"bubble_tea","brand":"CoCo都可","opening_hours":"Mo-Su 11:00-22:00"},"geometry":{"type":"Point","coordinates":[121.495618,25.136626]}},{"type":"Feature","properties":{"id":"osm:node:5378179015","name":"吳家豆花坊","category":"cafe","cuisine":"dessert"},"geometry":{"type":"Point","coordinates":[121.49548,25.136687]}},{"type":"Feature","properties":{"id":"osm:node:5380535123","name":"晴光芋頭米粉","category":"cafe","opening_hours":"Tu-Su 12:30-20:00"},"geometry":{"type":"Point","coordinates":[121.524244,25.064419]}},{"type":"Feature","properties":{"id":"osm:node:5380539121","name":"50嵐","category":"cafe","name_en":"50 Lan","cuisine":"bubble_tea","brand":"50嵐"},"geometry":{"type":"Point","coordinates":[121.524958,25.064811]}},{"type":"Feature","properties":{"id":"osm:node:5380908924","name":"綠帯CAFE","category":"cafe","name_en":"LOTTY CAFE","cuisine":"cake;coffee_shop;sandwich;breakfast"},"geometry":{"type":"Point","coordinates":[121.526623,25.064995]}},{"type":"Feature","properties":{"id":"osm:node:5391353365","name":"路易莎咖啡","category":"cafe","name_en":"Louisa Coffee","cuisine":"coffee_shop","brand":"路易莎咖啡"},"geometry":{"type":"Point","coordinates":[121.555854,25.058442]}},{"type":"Feature","properties":{"id":"osm:node:5391627476","name":"露易莎","category":"cafe","cuisine":"sandwich;cake","opening_hours":"Mo-Su 07:30-20:00"},"geometry":{"type":"Point","coordinates":[121.516606,25.044688]}},{"type":"Feature","properties":{"id":"osm:node:5395213422","name":"遊藝思文創空間","category":"cafe","name_en":"Yoursplace","cuisine":"sandwich","opening_hours":"Tu-Su 10:00-21:00"},"geometry":{"type":"Point","coordinates":[121.541183,25.022307]}},{"type":"Feature","properties":{"id":"osm:node:5408627225","name":"阿提卡咖啡","category":"cafe","name_en":"Anike cafe"},"geometry":{"type":"Point","coordinates":[121.508695,25.052564]}},{"type":"Feature","properties":{"id":"osm:node:5418052526","name":"塔吉特信義人文館","category":"cafe","name_en":"Touched","cuisine":"cake;coffee_shop","opening_hours":"Mo-Su 10:00-21:00"},"geometry":{"type":"Point","coordinates":[121.566695,25.027733]}},{"type":"Feature","properties":{"id":"osm:node:5445874322","name":"可不可熟成紅茶","category":"cafe","name_en":"Kebuke","cuisine":"bubble_tea","brand":"可不可熟成紅茶","opening_hours":"Mo-Su 10:00-22:30"},"geometry":{"type":"Point","coordinates":[121.478774,25.018545]}},{"type":"Feature","properties":{"id":"osm:node:5458657193","name":"天仁茗茶","category":"cafe","name_en":"TenRen's Tea","cuisine":"bubble_tea","brand":"天仁茗茶"},"geometry":{"type":"Point","coordinates":[121.525598,25.054448]}},{"type":"Feature","properties":{"id":"osm:node:5483729839","name":"路易莎咖啡","category":"cafe"},"geometry":{"type":"Point","coordinates":[121.544589,25.033154]}},{"type":"Feature","properties":{"id":"osm:node:5483729840","name":"餵我早餐","category":"cafe","name_en":"The Whale Breakfast"},"geometry":{"type":"Point","coordinates":[121.544542,25.033147]}},{"type":"Feature","properties":{"id":"osm:node:5492163047","name":"可不可熟成紅茶","category":"cafe","name_en":"Kebuke","cuisine":"bubble_tea","brand":"可不可熟成紅茶"},"geometry":{"type":"Point","coordinates":[121.565548,25.041509]}},{"type":"Feature","properties":{"id":"osm:node:5500219623","name":"Coffee In Space","category":"cafe","cuisine":"coffee_shop","opening_hours":"Mo 11:00-20:00; We-Fr 11:00-20:00; Sa-Su 12:00-21:00"},"geometry":{"type":"Point","coordinates":[121.54289,25.04357]}},{"type":"Feature","properties":{"id":"osm:node:5502965139","name":"庄頭豆花担","category":"cafe","cuisine":"chinese","opening_hours":"Mo-Su 12:00-22:00"},"geometry":{"type":"Point","coordinates":[121.547116,25.045338]}},{"type":"Feature","properties":{"id":"osm:node:5504533361","name":"極限","category":"cafe"},"geometry":{"type":"Point","coordinates":[121.537839,25.000366]}},{"type":"Feature","properties":{"id":"osm:node:5504533373","name":"花花姐姐親子故事體驗Café","category":"cafe"},"geometry":{"type":"Point","coordinates":[121.536973,25.000699]}},{"type":"Feature","properties":{"id":"osm:node:5505377663","name":"The Black Rose Cafe","category":"cafe","opening_hours":"Mo-Fr 07:00-18:00, PH,Sa-Su 08:00-18:00"},"geometry":{"type":"Point","coordinates":[121.538391,25.004696]}},{"type":"Feature","properties":{"id":"osm:node:5515638087","name":"中保無限家咖啡","category":"cafe"},"geometry":{"type":"Point","coordinates":[121.547579,25.050202]}},{"type":"Feature","properties":{"id":"osm:node:5515959706","name":"Engolili","category":"cafe"},"geometry":{"type":"Point","coordinates":[121.516686,25.047794]}},{"type":"Feature","properties":{"id":"osm:node:5518563121","name":"滿上仙草茶飲專賣店","category":"cafe","cuisine":"bubble_tea"},"geometry":{"type":"Point","coordinates":[121.532728,25.048855]}},{"type":"Feature","properties":{"id":"osm:node:5529979623","name":"黑蔓芭","category":"cafe","name_en":"Black Manba","cuisine":"cake"},"geometry":{"type":"Point","coordinates":[121.57411,25.040547]}},{"type":"Feature","properties":{"id":"osm:node:5534938268","name":"路易莎咖啡","category":"cafe","name_en":"Louisa Coffee","cuisine":"coffee_shop","brand":"路易莎咖啡","opening_hours":"Mo-Su 07:00-22:00"},"geometry":{"type":"Point","coordinates":[121.459789,25.137292]}},{"type":"Feature","properties":{"id":"osm:node:5535979234","name":"Dream Color","category":"cafe"},"geometry":{"type":"Point","coordinates":[121.506771,25.044113]}},{"type":"Feature","properties":{"id":"osm:node:5544090026","name":"Chef's","category":"cafe"},"geometry":{"type":"Point","coordinates":[121.532403,25.115099]}},{"type":"Feature","properties":{"id":"osm:node:5544090027","name":"蜜菓拾伍甜點店","category":"cafe"},"geometry":{"type":"Point","coordinates":[121.519912,25.057124]}},{"type":"Feature","properties":{"id":"osm:node:5544093421","name":"Okey Dokey","category":"cafe"},"geometry":{"type":"Point","coordinates":[121.555665,25.038833]}},{"type":"Feature","properties":{"id":"osm:node:5544094221","name":"Sugar Miss","category":"cafe"},"geometry":{"type":"Point","coordinates":[121.556908,25.039473]}},{"type":"Feature","properties":{"id":"osm:node:5551815826","name":"cow banana","category":"cafe"},"geometry":{"type":"Point","coordinates":[121.542276,25.033191]}},{"type":"Feature","properties":{"id":"osm:node:5551835424","name":"彼得好咖啡","category":"cafe"},"geometry":{"type":"Point","coordinates":[121.542101,25.033198]}},{"type":"Feature","properties":{"id":"osm:node:5551835425","name":"alphaBlack","category":"cafe"},"geometry":{"type":"Point","coordinates":[121.541984,25.033169]}},{"type":"Feature","properties":{"id":"osm:node:5551835426","name":"丹堤咖啡","category":"cafe","name_en":"Dante Coffee"},"geometry":{"type":"Point","coordinates":[121.542553,25.033581]}},{"type":"Feature","properties":{"id":"osm:node:5551844221","name":"cama現烘咖啡專門店","category":"cafe"},"geometry":{"type":"Point","coordinates":[121.542132,25.033201]}},{"type":"Feature","properties":{"id":"osm:node:5551857321","name":"米哥烘焙坊","category":"cafe"},"geometry":{"type":"Point","coordinates":[121.522798,25.026176]}},{"type":"Feature","properties":{"id":"osm:node:5551876236","name":"crush誇許早午餐下午茶","category":"cafe"},"geometry":{"type":"Point","coordinates":[121.543324,25.03063]}},{"type":"Feature","properties":{"id":"osm:node:5551877227","name":"清心福全","category":"cafe","name_en":"Ching Shin","cuisine":"bubble_tea","brand":"清心福全"},"geometry":{"type":"Point","coordinates":[121.538186,25.032769]}},{"type":"Feature","properties":{"id":"osm:node:5551893022","name":"NUKI Coffee","category":"cafe"},"geometry":{"type":"Point","coordinates":[121.524525,25.022807]}},{"type":"Feature","properties":{"id":"osm:node:5551906730","name":"薄荷夜咖啡","category":"cafe"},"geometry":{"type":"Point","coordinates":[121.526707,25.020712]}},{"type":"Feature","properties":{"id":"osm:node:5551931023","name":"品客經典咖啡","category":"cafe"},"geometry":{"type":"Point","coordinates":[121.529222,25.023494]}},{"type":"Feature","properties":{"id":"osm:node:5552728607","name":"清心福全","category":"cafe","name_en":"Ching Shin","cuisine":"bubble_tea","brand":"清心福全"},"geometry":{"type":"Point","coordinates":[121.581029,25.043408]}},{"type":"Feature","properties":{"id":"osm:node:5552728615","name":"50嵐","category":"cafe","name_en":"50 Lan","cuisine":"bubble_tea","brand":"50嵐"},"geometry":{"type":"Point","coordinates":[121.582298,25.044023]}},{"type":"Feature","properties":{"id":"osm:node:5556118568","name":"爐鍋咖啡","category":"cafe","name_en":"Luguo Cafe"},"geometry":{"type":"Point","coordinates":[121.518885,25.037058]}},{"type":"Feature","properties":{"id":"osm:node:5556123406","name":"戲台咖啡","category":"cafe","name_en":"Theater Cafe"},"geometry":{"type":"Point","coordinates":[121.51783,25.03543]}},{"type":"Feature","properties":{"id":"osm:node:5563819319","name":"路易莎咖啡","category":"cafe","name_en":"Louisa Coffee","cuisine":"coffee_shop","brand":"路易莎咖啡","opening_hours":"Mo-Su 07:00-21:00"},"geometry":{"type":"Point","coordinates":[121.492967,25.060614]}},{"type":"Feature","properties":{"id":"osm:node:5568604931","name":"大苑子","category":"cafe","name_en":"DaYung's","cuisine":"bubble_tea","brand":"大苑子"},"geometry":{"type":"Point","coordinates":[121.58234,25.044002]}},{"type":"Feature","properties":{"id":"osm:node:5577816887","name":"布朗奇咖啡","category":"cafe"},"geometry":{"type":"Point","coordinates":[121.548279,25.023529]}},{"type":"Feature","properties":{"id":"osm:node:5579575924","name":"黑豆咖啡","category":"cafe"},"geometry":{"type":"Point","coordinates":[121.527853,25.094082]}},{"type":"Feature","properties":{"id":"osm:node:5585775152","name":"西雅圖咖啡","category":"cafe"},"geometry":{"type":"Point","coordinates":[121.579293,25.041479]}},{"type":"Feature","properties":{"id":"osm:node:5585775156","name":"丹堤咖啡","category":"cafe"},"geometry":{"type":"Point","coordinates":[121.579625,25.041671]}},{"type":"Feature","properties":{"id":"osm:node:5585946780","name":"My Juice","category":"cafe","cuisine":"bubble_tea"},"geometry":{"type":"Point","coordinates":[121.578005,25.044659]}},{"type":"Feature","properties":{"id":"osm:node:5585946789","name":"鮮果飲","category":"cafe","cuisine":"bubble_tea"},"geometry":{"type":"Point","coordinates":[121.577999,25.045008]}},{"type":"Feature","properties":{"id":"osm:node:5591399619","name":"T&T Coffee","category":"cafe"},"geometry":{"type":"Point","coordinates":[121.581576,25.045157]}},{"type":"Feature","properties":{"id":"osm:node:5599657102","name":"星巴克","category":"cafe","name_en":"Starbucks","cuisine":"coffee_shop","brand":"星巴克"},"geometry":{"type":"Point","coordinates":[121.525981,25.053938]}},{"type":"Feature","properties":{"id":"osm:node:5599657107","name":"Comebuy","category":"cafe","cuisine":"bubble_tea"},"geometry":{"type":"Point","coordinates":[121.525776,25.054293]}},{"type":"Feature","properties":{"id":"osm:node:5606231812","name":"雅典娜咖啡","category":"cafe"},"geometry":{"type":"Point","coordinates":[121.544876,25.051068]}},{"type":"Feature","properties":{"id":"osm:node:5607431522","name":"50嵐","category":"cafe","name_en":"50 Lan","cuisine":"bubble_tea","brand":"50嵐"},"geometry":{"type":"Point","coordinates":[121.469851,25.084025]}},{"type":"Feature","properties":{"id":"osm:node:5608345524","name":"Oromo Cafe","category":"cafe"},"geometry":{"type":"Point","coordinates":[121.525655,25.094495]}},{"type":"Feature","properties":{"id":"osm:node:5608367440","name":"點一杯 金格食品","category":"cafe"},"geometry":{"type":"Point","coordinates":[121.524202,25.096164]}},{"type":"Feature","properties":{"id":"osm:node:5608374433","name":"MAX coffee","category":"cafe"},"geometry":{"type":"Point","coordinates":[121.524086,25.096604]}},{"type":"Feature","properties":{"id":"osm:node:5608538933","name":"幸福咖啡實踐二店","category":"cafe"},"geometry":{"type":"Point","coordinates":[121.546115,25.082445]}},{"type":"Feature","properties":{"id":"osm:node:5628685077","name":"Apple Museum Cafe","category":"cafe"},"geometry":{"type":"Point","coordinates":[121.532189,25.019203]}},{"type":"Feature","properties":{"id":"osm:node:5636490721","name":"豆咖鮮烘咖啡坊","category":"cafe","name_en":"Duka Cafe"},"geometry":{"type":"Point","coordinates":[121.520343,25.061127]}},{"type":"Feature","properties":{"id":"osm:node:5640208130","name":"歐庭烘焙","category":"cafe","cuisine":"coffee_shop;cake;handmade_cookie","opening_hours":"Mo-Sa 14:00-19:30"},"geometry":{"type":"Point","coordinates":[121.505552,25.032924]}},{"type":"Feature","properties":{"id":"osm:node:5672072721","name":"丸花豆倉","category":"cafe","name_en":"Monga Coffee Roasters","opening_hours":"Mo-Su 10:00-18:00"},"geometry":{"type":"Point","coordinates":[121.502698,25.038899]}},{"type":"Feature","properties":{"id":"osm:node:5678641621","name":"珍珠水果特調","category":"cafe","name_en":"Bobii Frutti"},"geometry":{"type":"Point","coordinates":[121.530098,25.032562]}},{"type":"Feature","properties":{"id":"osm:node:5699174874","name":"米克斯咖啡","category":"cafe"},"geometry":{"type":"Point","coordinates":[121.542665,25.028294]}},{"type":"Feature","properties":{"id":"osm:node:5699174894","name":"50嵐","category":"cafe","name_en":"50 Lan","cuisine":"bubble_tea","brand":"50嵐"},"geometry":{"type":"Point","coordinates":[121.543234,25.027348]}},{"type":"Feature","properties":{"id":"osm:node:5699180232","name":"享樂咖啡","category":"cafe","opening_hours":"Mo-Fr 07:30-19:00, PH,Sa-Su 08:30-17:30"},"geometry":{"type":"Point","coordinates":[121.543787,25.032458]}},{"type":"Feature","properties":{"id":"osm:node:5699180235","name":"Nuttea Nut Milk Tea","category":"cafe","name_en":"NUTTEA","cuisine":"tea","brand":"NUTTEA"},"geometry":{"type":"Point","coordinates":[121.543787,25.032583]}},{"type":"Feature","properties":{"id":"osm:node:569951361","name":"星巴克","category":"cafe","name_en":"Starbucks","cuisine":"coffee_shop","brand":"星巴克"},"geometry":{"type":"Point","coordinates":[121.561025,25.031625]}},{"type":"Feature","properties":{"id":"osm:node:5707073557","name":"路易莎咖啡","category":"cafe","name_en":"Louisa Coffee","cuisine":"coffee_shop","brand":"路易莎咖啡","opening_hours":"Mo-Su 09:00-22:00"},"geometry":{"type":"Point","coordinates":[121.450773,24.986892]}},{"type":"Feature","properties":{"id":"osm:node:5717980238","name":"鴉埠咖啡","category":"cafe","name_en":"YABOO","cuisine":"coffee_shop","opening_hours":"Mo-Su 12:00-23:00"},"geometry":{"type":"Point","coordinates":[121.529291,25.030454]}},{"type":"Feature","properties":{"id":"osm:node:5739420401","name":"星巴克","category":"cafe","name_en":"Starbucks","cuisine":"coffee_shop","brand":"星巴克"},"geometry":{"type":"Point","coordinates":[121.515263,25.013353]}},{"type":"Feature","properties":{"id":"osm:node:5746533955","name":"藍天咖啡","category":"cafe"},"geometry":{"type":"Point","coordinates":[121.663595,25.054217]}},{"type":"Feature","properties":{"id":"osm:node:5757937622","name":"老虎堂","category":"cafe","name_en":"Tiger Sugar","cuisine":"bubble_tea","brand":"老虎堂"},"geometry":{"type":"Point","coordinates":[121.526047,25.08996]}},{"type":"Feature","properties":{"id":"osm:node:5761781513","name":"R & J Cafe","category":"cafe"},"geometry":{"type":"Point","coordinates":[121.568993,25.028302]}},{"type":"Feature","properties":{"id":"osm:node:5771115645","name":"Cafe Mode 木馬","category":"cafe"},"geometry":{"type":"Point","coordinates":[121.559165,25.060487]}},{"type":"Feature","properties":{"id":"osm:node:5775185923","name":"星巴克","category":"cafe","name_en":"Starbucks","cuisine":"coffee_shop","brand":"星巴克"},"geometry":{"type":"Point","coordinates":[121.560445,25.080216]}},{"type":"Feature","properties":{"id":"osm:node:5775287265","name":"ABD Coffee&Life","category":"cafe","opening_hours":"We-Mo 11:00-19:00; Tu Off"},"geometry":{"type":"Point","coordinates":[121.54093,25.001369]}},{"type":"Feature","properties":{"id":"osm:node:5813113753","name":"北義極品","category":"cafe","cuisine":"coffee_shop"},"geometry":{"type":"Point","coordinates":[121.506815,25.033486]}},{"type":"Feature","properties":{"id":"osm:node:5817773311","name":"天仁茗茶","category":"cafe","name_en":"TenRen's Tea","cuisine":"bubble_tea","brand":"天仁茗茶"},"geometry":{"type":"Point","coordinates":[121.542581,25.052088]}},{"type":"Feature","properties":{"id":"osm:node:5817773317","name":"Liberty Cafe","category":"cafe"},"geometry":{"type":"Point","coordinates":[121.541984,25.053515]}},{"type":"Feature","properties":{"id":"osm:node:5822602153","name":"HWC黑沃咖啡-台北威秀店","category":"cafe"},"geometry":{"type":"Point","coordinates":[121.56739,25.034883]}},{"type":"Feature","properties":{"id":"osm:node:5822628153","name":"日出茶太","category":"cafe","name_en":"Chatime","cuisine":"bubble_tea","brand":"日出茶太"},"geometry":{"type":"Point","coordinates":[121.56846,25.028441]}},{"type":"Feature","properties":{"id":"osm:node:5839491738","name":"M ONE CAFE","category":"cafe"},"geometry":{"type":"Point","coordinates":[121.545061,25.038826]}},{"type":"Feature","properties":{"id":"osm:node:5839491740","name":"CHA CHA THÉ","category":"cafe"},"geometry":{"type":"Point","coordinates":[121.545664,25.039104]}},{"type":"Feature","properties":{"id":"osm:node:5839638858","name":"Boom Coffee Roasters","category":"cafe","cuisine":"coffee_shop","opening_hours":"Mo-Fr 08:30-18:30; Su 09:30-18:30"},"geometry":{"type":"Point","coordinates":[121.547576,25.022789]}},{"type":"Feature","properties":{"id":"osm:node:5840880536","name":"品皇咖啡","category":"cafe"},"geometry":{"type":"Point","coordinates":[121.541837,25.002472]}},{"type":"Feature","properties":{"id":"osm:node:5840952985","name":"Coffee Lover's Planet","category":"cafe","name_en":"Coffee Lover's Planet"},"geometry":{"type":"Point","coordinates":[121.548333,25.040377]}},{"type":"Feature","properties":{"id":"osm:node:5840993085","name":"Café C'est la vie","category":"cafe","name_en":"Café C'est la vie"},"geometry":{"type":"Point","coordinates":[121.547674,25.040806]}},{"type":"Feature","properties":{"id":"osm:node:5841011985","name":"One Fifteen","category":"cafe"},"geometry":{"type":"Point","coordinates":[121.546001,25.040758]}},{"type":"Feature","properties":{"id":"osm:node:5845945885","name":"Karen's café","category":"cafe","name_en":"Karen's café","opening_hours":"Mo-Fr 11:00-20:00,Sa 11:00-18:00;Su off"},"geometry":{"type":"Point","coordinates":[121.523806,25.056746]}},{"type":"Feature","properties":{"id":"osm:node:5848573262","name":"Bitzantin Crypto Cafe & Lab","category":"cafe"},"geometry":{"type":"Point","coordinates":[121.59041,25.082176]}},{"type":"Feature","properties":{"id":"osm:node:5849573415","name":"怡客咖啡","category":"cafe","name_en":"Ikari Coffe"},"geometry":{"type":"Point","coordinates":[121.546178,25.020718]}},{"type":"Feature","properties":{"id":"osm:node:5853115170","name":"Cafe365","category":"cafe","cuisine":"coffee_shop","opening_hours":"Mo-Fr 07:00-18:00; Sa,Su 09:00-17:00"},"geometry":{"type":"Point","coordinates":[121.507954,25.03553]}},{"type":"Feature","properties":{"id":"osm:node:5856065059","name":"余波未了","category":"cafe"},"geometry":{"type":"Point","coordinates":[121.527308,25.020259]}},{"type":"Feature","properties":{"id":"osm:node:5864849589","name":"Adelaide","category":"cafe"},"geometry":{"type":"Point","coordinates":[121.523631,25.059801]}},{"type":"Feature","properties":{"id":"osm:node:5867101926","name":"Sugar Man Cafe","category":"cafe","opening_hours":"Mo-Su 14:00-28:00"},"geometry":{"type":"Point","coordinates":[121.52563,25.027228]}},{"type":"Feature","properties":{"id":"osm:node:5867166126","name":"Coffee Run Cafe","category":"cafe"},"geometry":{"type":"Point","coordinates":[121.522266,25.024596]}},{"type":"Feature","properties":{"id":"osm:node:5871618054","name":"星巴克","category":"cafe","name_en":"Starbucks","cuisine":"coffee_shop","brand":"星巴克"},"geometry":{"type":"Point","coordinates":[121.482037,25.079053]}},{"type":"Feature","properties":{"id":"osm:node:5875366009","name":"鮮茶道","category":"cafe","cuisine":"bubble_tea","brand":"鮮茶道"},"geometry":{"type":"Point","coordinates":[121.506646,25.042699]}},{"type":"Feature","properties":{"id":"osm:node:5875366020","name":"85度C","category":"cafe","name_en":"85°C Bakery Cafe","cuisine":"coffee_shop","brand":"85度C"},"geometry":{"type":"Point","coordinates":[121.507212,25.041649]}},{"type":"Feature","properties":{"id":"osm:node:5875366021","name":"50嵐","category":"cafe","name_en":"50 Lan","cuisine":"bubble_tea","brand":"50嵐"},"geometry":{"type":"Point","coordinates":[121.507077,25.041725]}},{"type":"Feature","properties":{"id":"osm:node:5875366033","name":"CoCo都可","category":"cafe","name_en":"CoCo Fresh Tea & Juice","cuisine":"bubble_tea","brand":"CoCo都可"},"geometry":{"type":"Point","coordinates":[121.506566,25.042717]}},{"type":"Feature","properties":{"id":"osm:node:5875366048","name":"清新福全","category":"cafe","cuisine":"bubble_tea"},"geometry":{"type":"Point","coordinates":[121.506599,25.042486]}},{"type":"Feature","properties":{"id":"osm:node:5875366051","name":"樂砌","category":"cafe"},"geometry":{"type":"Point","coordinates":[121.505899,25.041847]}},{"type":"Feature","properties":{"id":"osm:node:5884543616","name":"馬丁咖啡","category":"cafe"},"geometry":{"type":"Point","coordinates":[121.545889,25.034811]}},{"type":"Feature","properties":{"id":"osm:node:5892417188","name":"菓源","category":"cafe","name_en":"Ms Gardener"},"geometry":{"type":"Point","coordinates":[121.562958,25.0446]}},{"type":"Feature","properties":{"id":"osm:node:5892708085","name":"和茗甘味處","category":"cafe"},"geometry":{"type":"Point","coordinates":[121.547404,25.043909]}},{"type":"Feature","properties":{"id":"osm:node:5923254086","name":"路易莎咖啡","category":"cafe","name_en":"Louisa Coffee","cuisine":"coffee_shop","brand":"路易莎咖啡"},"geometry":{"type":"Point","coordinates":[121.568109,25.035329]}},{"type":"Feature","properties":{"id":"osm:node:5923254986","name":"無印良品咖啡","category":"cafe","name_en":"Muji Cafe"},"geometry":{"type":"Point","coordinates":[121.567262,25.036089]}},{"type":"Feature","properties":{"id":"osm:node:5923256285","name":"星巴克","category":"cafe","name_en":"Starbucks","cuisine":"coffee_shop","brand":"星巴克"},"geometry":{"type":"Point","coordinates":[121.565056,25.033427]}},{"type":"Feature","properties":{"id":"osm:node:5923303485","name":"成真咖啡","category":"cafe","name_en":"Come True Coffee","cuisine":"deli;breakfast","opening_hours":"Mo-Fr 11:00-21:00; Sa-Su 10:00-21:00"},"geometry":{"type":"Point","coordinates":[121.529651,25.03074]}},{"type":"Feature","properties":{"id":"osm:node:5924195113","name":"昇。咖啡","category":"cafe","name_en":"Sunrise Cafe"},"geometry":{"type":"Point","coordinates":[121.54448,24.998134]}},{"type":"Feature","properties":{"id":"osm:node:5935852144","name":"Bread Cafe","category":"cafe"},"geometry":{"type":"Point","coordinates":[121.549365,25.083893]}},{"type":"Feature","properties":{"id":"osm:node:5938833861","name":"日月潭紅茶專賣","category":"cafe"},"geometry":{"type":"Point","coordinates":[121.530566,25.02031]}},{"type":"Feature","properties":{"id":"osm:node:5938833862","name":"Flügel Studio","category":"cafe"},"geometry":{"type":"Point","coordinates":[121.530243,25.019771]}},{"type":"Feature","properties":{"id":"osm:node:5938833874","name":"Jana Cafe","category":"cafe"},"geometry":{"type":"Point","coordinates":[121.529476,25.022562]}},{"type":"Feature","properties":{"id":"osm:node:5938833875","name":"天曉得","category":"cafe","name_en":"God Knows","opening_hours":"Mo-Su 11:00-24:00"},"geometry":{"type":"Point","coordinates":[121.528886,25.022606]}},{"type":"Feature","properties":{"id":"osm:node:5938836787","name":"圖貝塔極品咖啡","category":"cafe"},"geometry":{"type":"Point","coordinates":[121.53044,25.022318]}},{"type":"Feature","properties":{"id":"osm:node:5940535685","name":"黑咖啡","category":"cafe","name_en":"Black Water"},"geometry":{"type":"Point","coordinates":[121.54424,25.050118]}},{"type":"Feature","properties":{"id":"osm:node:5948124626","name":"怡客咖啡","category":"cafe","name_en":"Ikari Coffee","cuisine":"breakfast;coffee_shop","opening_hours":"Mo-Sa 07:00-21:00; Su 07:00-18:00"},"geometry":{"type":"Point","coordinates":[121.567813,25.07939]}},{"type":"Feature","properties":{"id":"osm:node:5951182629","name":"彼得好咖啡","category":"cafe"},"geometry":{"type":"Point","coordinates":[121.496744,25.070926]}},{"type":"Feature","properties":{"id":"osm:node:5951197413","name":"R.F.S.L coffee shop","category":"cafe","name_en":"R.F.S.L coffee shop"},"geometry":{"type":"Point","coordinates":[121.482959,25.058467]}},{"type":"Feature","properties":{"id":"osm:node:5951203876","name":"星巴克","category":"cafe","name_en":"Starbucks","cuisine":"coffee_shop","brand":"星巴克"},"geometry":{"type":"Point","coordinates":[121.524532,25.035597]}},{"type":"Feature","properties":{"id":"osm:node:5972197771","name":"Mico Coffee","category":"cafe"},"geometry":{"type":"Point","coordinates":[121.563371,25.055041]}},{"type":"Feature","properties":{"id":"osm:node:5980540982","name":"星巴克","category":"cafe","name_en":"Starbucks","cuisine":"coffee_shop","brand":"星巴克"},"geometry":{"type":"Point","coordinates":[121.466969,25.124726]}},{"type":"Feature","properties":{"id":"osm:node:5982354385","name":"路易莎咖啡","category":"cafe","name_en":"Louisa Coffee","cuisine":"coffee_shop","brand":"路易莎咖啡"},"geometry":{"type":"Point","coordinates":[121.54665,25.048266]}},{"type":"Feature","properties":{"id":"osm:node:5997594189","name":"曬貓咖啡","category":"cafe"},"geometry":{"type":"Point","coordinates":[121.5417,25.025735]}},{"type":"Feature","properties":{"id":"osm:node:5998320824","name":"星巴克","category":"cafe","name_en":"Starbucks","cuisine":"coffee_shop","brand":"星巴克","opening_hours":"Mo-Fr 07:30-22:00, Sa-Su 08:00-22:00"},"geometry":{"type":"Point","coordinates":[121.458941,24.983365]}},{"type":"Feature","properties":{"id":"osm:node:6004507054","name":"CoCo都可","category":"cafe","name_en":"CoCo Fresh Tea & Juice","cuisine":"bubble_tea","brand":"CoCo都可"},"geometry":{"type":"Point","coordinates":[121.521995,25.094613]}},{"type":"Feature","properties":{"id":"osm:node:6022435425","name":"咖啡物語","category":"cafe"},"geometry":{"type":"Point","coordinates":[121.526322,25.089871]}},{"type":"Feature","properties":{"id":"osm:node:6026319586","name":"鴉咖啡","category":"cafe","opening_hours":"We-Su 00:00-24:00; Mo-Tu 13:00-20:00"},"geometry":{"type":"Point","coordinates":[121.519515,25.068365]}},{"type":"Feature","properties":{"id":"osm:node:6026908754","name":"Jamba Juice","category":"cafe"},"geometry":{"type":"Point","coordinates":[121.548411,25.052112]}},{"type":"Feature","properties":{"id":"osm:node:6026910808","name":"星巴克","category":"cafe","name_en":"Starbucks","cuisine":"coffee_shop","brand":"星巴克"},"geometry":{"type":"Point","coordinates":[121.548346,25.052132]}},{"type":"Feature","properties":{"id":"osm:node:6029650181","name":"S&D COFFEE SHOP","category":"cafe"},"geometry":{"type":"Point","coordinates":[121.463356,24.998823]}},{"type":"Feature","properties":{"id":"osm:node:6033402785","name":"50嵐","category":"cafe","name_en":"50 Lan","cuisine":"bubble_tea","brand":"50嵐"},"geometry":{"type":"Point","coordinates":[121.51403,25.071465]}},{"type":"Feature","properties":{"id":"osm:node:6037206729","name":"微光咖啡","category":"cafe"},"geometry":{"type":"Point","coordinates":[121.530488,25.023371]}},{"type":"Feature","properties":{"id":"osm:node:6053605405","name":"開燈咖啡","category":"cafe","name_en":"Dawn Surf Cafe","opening_hours":"Tu-Sa 13:00-23:00 Su 13:00-22:00"},"geometry":{"type":"Point","coordinates":[121.558878,25.036398]}},{"type":"Feature","properties":{"id":"osm:node:6060092206","name":"路易莎咖啡","category":"cafe","name_en":"Louisa Coffee","cuisine":"coffee_shop","brand":"路易莎咖啡"},"geometry":{"type":"Point","coordinates":[121.498974,25.03541]}},{"type":"Feature","properties":{"id":"osm:node:6074032340","name":"塔羅咖啡","category":"cafe"},"geometry":{"type":"Point","coordinates":[121.523393,25.090098]}},{"type":"Feature","properties":{"id":"osm:node:6074060674","name":"LATTEA","category":"cafe"},"geometry":{"type":"Point","coordinates":[121.52326,25.089687]}},{"type":"Feature","properties":{"id":"osm:node:6084183550","name":"I O U Cafe with love","category":"cafe"},"geometry":{"type":"Point","coordinates":[121.528895,25.031707]}},{"type":"Feature","properties":{"id":"osm:node:6084211139","name":"摩威咖啡館","category":"cafe","cuisine":"cafe"},"geometry":{"type":"Point","coordinates":[121.522916,25.106214]}},{"type":"Feature","properties":{"id":"osm:node:6090439070","name":"茶湯會","category":"cafe","name_en":"TP Tea","cuisine":"bubble_tea","brand":"茶湯會"},"geometry":{"type":"Point","coordinates":[121.523592,25.088007]}},{"type":"Feature","properties":{"id":"osm:node:6096065587","name":"CoCo都可","category":"cafe","name_en":"CoCo Fresh Tea & Juice","cuisine":"bubble_tea","brand":"CoCo都可"},"geometry":{"type":"Point","coordinates":[121.518417,25.088829]}},{"type":"Feature","properties":{"id":"osm:node:6120716861","name":"有幸福cafe","category":"cafe"},"geometry":{"type":"Point","coordinates":[121.525235,25.094703]}},{"type":"Feature","properties":{"id":"osm:node:6126379843","name":"路易莎咖啡","category":"cafe","name_en":"Louisa Coffee","cuisine":"coffee_shop","brand":"路易莎咖啡"},"geometry":{"type":"Point","coordinates":[121.515305,25.0115]}},{"type":"Feature","properties":{"id":"osm:node:6127437883","name":"路易莎咖啡","category":"cafe","name_en":"Louisa Coffee","cuisine":"coffee_shop","brand":"路易莎咖啡"},"geometry":{"type":"Point","coordinates":[121.51457,25.004079]}},{"type":"Feature","properties":{"id":"osm:node:6127437884","name":"路易莎咖啡","category":"cafe","name_en":"Louisa Coffee","cuisine":"coffee_shop","brand":"路易莎咖啡"},"geometry":{"type":"Point","coordinates":[121.513815,25.008002]}},{"type":"Feature","properties":{"id":"osm:node:6129972003","name":"好杯咖啡","category":"cafe","opening_hours":"Mo 12:00-17:00; Tu-Fr 12:00-21:00; Sa-Su 11:00-21:00"},"geometry":{"type":"Point","coordinates":[121.517373,25.065739]}},{"type":"Feature","properties":{"id":"osm:node:6130072767","name":"99 Café","category":"cafe","cuisine":"coffee_shop"},"geometry":{"type":"Point","coordinates":[121.51185,24.99885]}},{"type":"Feature","properties":{"id":"osm:node:6130072775","name":"85度C","category":"cafe","name_en":"85°C Bakery Cafe","cuisine":"coffee_shop","brand":"85度C","opening_hours":"Mo-Su 07:00-23:00"},"geometry":{"type":"Point","coordinates":[121.511232,24.997104]}},{"type":"Feature","properties":{"id":"osm:node:6130126781","name":"路易莎咖啡","category":"cafe","name_en":"Louisa Coffee","cuisine":"coffee_shop","brand":"路易莎咖啡"},"geometry":{"type":"Point","coordinates":[121.517207,25.004084]}},{"type":"Feature","properties":{"id":"osm:node:6130576141","name":"彼得好咖啡","category":"cafe","name_en":"Peter Better Cafe","cuisine":"coffee_shop"},"geometry":{"type":"Point","coordinates":[121.514467,25.010457]}},{"type":"Feature","properties":{"id":"osm:node:6134452977","name":"路易莎咖啡","category":"cafe","name_en":"Louisa Coffee","cuisine":"coffee_shop","brand":"路易莎咖啡","opening_hours":"Mo-Su 11:00-22:00"},"geometry":{"type":"Point","coordinates":[121.51661,25.046109]}},{"type":"Feature","properties":{"id":"osm:node:6134452978","name":"天仁茗茶","category":"cafe","name_en":"TenRen's Tea","cuisine":"bubble_tea","brand":"天仁茗茶"},"geometry":{"type":"Point","coordinates":[121.516497,25.046224]}},{"type":"Feature","properties":{"id":"osm:node:6137457605","name":"莫凡比咖啡","category":"cafe","name_en":"Mövenpick Café","cuisine":"coffee_shop","brand":"Mövenpick Café"},"geometry":{"type":"Point","coordinates":[121.545107,25.052956]}},{"type":"Feature","properties":{"id":"osm:node:6139877686","name":"路易莎咖啡","category":"cafe","name_en":"Louisa Coffee","cuisine":"coffee_shop","brand":"路易莎咖啡"},"geometry":{"type":"Point","coordinates":[121.499311,25.068442]}},{"type":"Feature","properties":{"id":"osm:node:6139977224","name":"康青龍","category":"cafe","name_en":"KOTEA","cuisine":"bubble_tea"},"geometry":{"type":"Point","coordinates":[121.546696,24.999224]}},{"type":"Feature","properties":{"id":"osm:node:6140337459","name":"光一","category":"cafe","name_en":"Guang Yi"},"geometry":{"type":"Point","coordinates":[121.533578,25.019217]}},{"type":"Feature","properties":{"id":"osm:node:6140337478","name":"統將咖啡","category":"cafe"},"geometry":{"type":"Point","coordinates":[121.531456,25.01929]}},{"type":"Feature","properties":{"id":"osm:node:6140771049","name":"café à la mode","category":"cafe"},"geometry":{"type":"Point","coordinates":[121.527025,25.023703]}},{"type":"Feature","properties":{"id":"osm:node:6140771051","name":"La Vita","category":"cafe"},"geometry":{"type":"Point","coordinates":[121.551485,25.058255]}},{"type":"Feature","properties":{"id":"osm:node:6144633989","name":"威輪單車咖啡","category":"cafe","name_en":"W.GEAR Cafe","cuisine":"coffee_shop","opening_hours":"Mo-Su 11:00-19:00"},"geometry":{"type":"Point","coordinates":[121.508865,25.057308]}},{"type":"Feature","properties":{"id":"osm:node:6153748461","name":"Tuttle Aroma","category":"cafe"},"geometry":{"type":"Point","coordinates":[121.544881,25.034823]}},{"type":"Feature","properties":{"id":"osm:node:6155070957","name":"豆弄咖啡館","category":"cafe"},"geometry":{"type":"Point","coordinates":[121.5592,25.033923]}},{"type":"Feature","properties":{"id":"osm:node:6156190863","name":"麻古茶坊","category":"cafe","name_en":"Macu","cuisine":"bubble_tea","brand":"麻古茶坊"},"geometry":{"type":"Point","coordinates":[121.565745,25.041313]}},{"type":"Feature","properties":{"id":"osm:node:6156191692","name":"A0 Cafe","category":"cafe"},"geometry":{"type":"Point","coordinates":[121.558827,25.033483]}},{"type":"Feature","properties":{"id":"osm:node:6156191725","name":"莫札特咖啡美食","category":"cafe","name_en":"Falafel King"},"geometry":{"type":"Point","coordinates":[121.558984,25.03369]}},{"type":"Feature","properties":{"id":"osm:node:6156191731","name":"I Met You Cafe","category":"cafe"},"geometry":{"type":"Point","coordinates":[121.559789,25.034457]}},{"type":"Feature","properties":{"id":"osm:node:6159039441","name":"一路","category":"cafe"},"geometry":{"type":"Point","coordinates":[121.538184,25.032664]}},{"type":"Feature","properties":{"id":"osm:node:6161708362","name":"清心福全","category":"cafe","name_en":"Ching Shin","cuisine":"bubble_tea","brand":"清心福全"},"geometry":{"type":"Point","coordinates":[121.504775,25.043234]}},{"type":"Feature","properties":{"id":"osm:node:6163029971","name":"50嵐","category":"cafe","name_en":"50 Lan","cuisine":"bubble_tea","brand":"50嵐"},"geometry":{"type":"Point","coordinates":[121.501521,25.036232]}},{"type":"Feature","properties":{"id":"osm:node:6164026292","name":"路易莎咖啡","category":"cafe","name_en":"Louisa Coffee","cuisine":"coffee_shop","brand":"路易莎咖啡"},"geometry":{"type":"Point","coordinates":[121.652681,25.064056]}},{"type":"Feature","properties":{"id":"osm:node:6165716353","name":"來吧Cafe'","category":"cafe"},"geometry":{"type":"Point","coordinates":[121.539369,25.031977]}},{"type":"Feature","properties":{"id":"osm:node:6165794607","name":"清心福全","category":"cafe","name_en":"Ching Shin","cuisine":"bubble_tea","brand":"清心福全"},"geometry":{"type":"Point","coordinates":[121.550711,24.987699]}},{"type":"Feature","properties":{"id":"osm:node:6170345954","name":"山上聊","category":"cafe","cuisine":"coffee_shop","opening_hours":"Mo-Su 11:30-19:00"},"geometry":{"type":"Point","coordinates":[121.543166,25.160794]}},{"type":"Feature","properties":{"id":"osm:node:6180492024","name":"得正","category":"cafe"},"geometry":{"type":"Point","coordinates":[121.509843,24.989101]}},{"type":"Feature","properties":{"id":"osm:node:6182991541","name":"路易莎","category":"cafe"},"geometry":{"type":"Point","coordinates":[121.454811,25.053315]}},{"type":"Feature","properties":{"id":"osm:node:6182991542","name":"85度C","category":"cafe","name_en":"85°C Bakery Cafe","cuisine":"coffee_shop","brand":"85度C","opening_hours":"Mo-Su 07:00-21:30"},"geometry":{"type":"Point","coordinates":[121.454642,25.05303]}},{"type":"Feature","properties":{"id":"osm:node:6183747905","name":"85度C","category":"cafe","name_en":"85°C Bakery Cafe","cuisine":"coffee_shop","brand":"85度C"},"geometry":{"type":"Point","coordinates":[121.566227,25.027109]}},{"type":"Feature","properties":{"id":"osm:node:6183794943","name":"CoCo都可","category":"cafe","name_en":"CoCo Fresh Tea & Juice","cuisine":"bubble_tea","brand":"CoCo都可"},"geometry":{"type":"Point","coordinates":[121.563288,25.027656]}},{"type":"Feature","properties":{"id":"osm:node:6185406661","name":"Cojaft","category":"cafe"},"geometry":{"type":"Point","coordinates":[121.534001,25.064787]}},{"type":"Feature","properties":{"id":"osm:node:6188959119","name":"迷客夏","category":"cafe","name_en":"Milkshop","cuisine":"bubble_tea","brand":"迷客夏"},"geometry":{"type":"Point","coordinates":[121.662274,25.066717]}},{"type":"Feature","properties":{"id":"osm:node:6189925710","name":"195 Fan Aily Cafe","category":"cafe"},"geometry":{"type":"Point","coordinates":[121.542228,25.025239]}},{"type":"Feature","properties":{"id":"osm:node:6190366151","name":"CoCo都可","category":"cafe","name_en":"CoCo Fresh Tea & Juice","cuisine":"bubble_tea","brand":"CoCo都可"},"geometry":{"type":"Point","coordinates":[121.509535,24.988353]}},{"type":"Feature","properties":{"id":"osm:node:6202943440","name":"50嵐","category":"cafe","name_en":"50 Lan","cuisine":"bubble_tea","brand":"50嵐"},"geometry":{"type":"Point","coordinates":[121.481985,25.079459]}},{"type":"Feature","properties":{"id":"osm:node:6202943441","name":"清心福全","category":"cafe","name_en":"Ching Shin","cuisine":"bubble_tea","brand":"清心福全"},"geometry":{"type":"Point","coordinates":[121.48217,25.079351]}},{"type":"Feature","properties":{"id":"osm:node:6205094681","name":"上島咖啡店","category":"cafe"},"geometry":{"type":"Point","coordinates":[121.549268,25.042205]}},{"type":"Feature","properties":{"id":"osm:node:6222359586","name":"法式修頌","category":"cafe","name_en":"Chausson","cuisine":"french","opening_hours":"Mo-Su 07:00-17:00"},"geometry":{"type":"Point","coordinates":[121.548149,25.027932]}},{"type":"Feature","properties":{"id":"osm:node:6226945430","name":"Coffee.Z","category":"cafe"},"geometry":{"type":"Point","coordinates":[121.543785,25.050981]}},{"type":"Feature","properties":{"id":"osm:node:6254005986","name":"金花炭烤吐司","category":"cafe","name_en":"Golden Flower Grilled Toast","cuisine":"breakfast","opening_hours":"Tu-Su 08:30-15:00"},"geometry":{"type":"Point","coordinates":[121.506487,25.041671]}},{"type":"Feature","properties":{"id":"osm:node:6261510811","name":"Goodmans","category":"cafe","name_en":"Goodmans","opening_hours":"Mo-We 11:30-19:00; Th-Su 09:00-21:00"},"geometry":{"type":"Point","coordinates":[121.523226,25.105211]}},{"type":"Feature","properties":{"id":"osm:node:6261510899","name":"Coffee Sind","category":"cafe","opening_hours":"Mo-Fr 12:00-22:00; Sa-Su 11:30-18:00"},"geometry":{"type":"Point","coordinates":[121.5321,25.041089]}},{"type":"Feature","properties":{"id":"osm:node:6265601299","name":"碧坊","category":"cafe","name_en":"Befun Cafe"},"geometry":{"type":"Point","coordinates":[121.541785,25.00332]}},{"type":"Feature","properties":{"id":"osm:node:6269043210","name":"聯禾咖啡","category":"cafe"},"geometry":{"type":"Point","coordinates":[121.547956,25.000044]}},{"type":"Feature","properties":{"id":"osm:node:6289234386","name":"春水堂人文茶館","category":"cafe","name_en":"Chun Shui Tang","cuisine":"bubble_tea","brand":"春水堂人文茶館"},"geometry":{"type":"Point","coordinates":[121.566638,25.036997]}},{"type":"Feature","properties":{"id":"osm:node:6303563785","name":"窩著咖啡","category":"cafe","name_en":"Perch Cafe","opening_hours":"Mo-Su 12:00-22:00"},"geometry":{"type":"Point","coordinates":[121.5336,25.050911]}},{"type":"Feature","properties":{"id":"osm:node:6315663140","name":"Leisure Cafe","category":"cafe","opening_hours":"Mo-Sa 11:00-21:00"},"geometry":{"type":"Point","coordinates":[121.552728,25.053828]}},{"type":"Feature","properties":{"id":"osm:node:6323106710","name":"迎茶WinDay","category":"cafe"},"geometry":{"type":"Point","coordinates":[121.559786,25.033775]}},{"type":"Feature","properties":{"id":"osm:node:6323456711","name":"咖站","category":"cafe","name_en":"Cafe Station"},"geometry":{"type":"Point","coordinates":[121.546361,25.033633]}},{"type":"Feature","properties":{"id":"osm:node:6326925486","name":"路易莎","category":"cafe","name_en":"louisa cafe"},"geometry":{"type":"Point","coordinates":[121.519012,25.070716]}},{"type":"Feature","properties":{"id":"osm:node:6329956666","name":"樓下咖啡","category":"cafe","opening_hours":"Mo-Su 13:00-23:00"},"geometry":{"type":"Point","coordinates":[121.542012,25.044147]}},{"type":"Feature","properties":{"id":"osm:node:6330071390","name":"影響咖啡","category":"cafe"},"geometry":{"type":"Point","coordinates":[121.51503,25.029858]}},{"type":"Feature","properties":{"id":"osm:node:6334684521","name":"清心福全","category":"cafe","name_en":"Ching Shin","cuisine":"bubble_tea","brand":"清心福全","opening_hours":"Mo-Su 10:00-22:00"},"geometry":{"type":"Point","coordinates":[121.512464,25.058128]}},{"type":"Feature","properties":{"id":"osm:node:6340973588","name":"朔望咖啡","category":"cafe","name_en":"SYZYGY COFFEE","cuisine":"coffee_shop"},"geometry":{"type":"Point","coordinates":[121.513264,25.05144]}},{"type":"Feature","properties":{"id":"osm:node:6353691307","name":"路易莎咖啡","category":"cafe","name_en":"Louisa Coffee","cuisine":"coffee_shop","brand":"路易莎咖啡"},"geometry":{"type":"Point","coordinates":[121.594447,25.084389]}},{"type":"Feature","properties":{"id":"osm:node:6354698705","name":"路易莎","category":"cafe"},"geometry":{"type":"Point","coordinates":[121.543642,25.045333]}},{"type":"Feature","properties":{"id":"osm:node:6354698763","name":"路易莎","category":"cafe"},"geometry":{"type":"Point","coordinates":[121.544208,25.042752]}},{"type":"Feature","properties":{"id":"osm:node:6354698765","name":"cama","category":"cafe"},"geometry":{"type":"Point","coordinates":[121.544149,25.042755]}},{"type":"Feature","properties":{"id":"osm:node:6357749095","name":"迷客夏","category":"cafe","name_en":"Milkshop","cuisine":"bubble_tea","brand":"迷客夏"},"geometry":{"type":"Point","coordinates":[121.556975,24.998948]}},{"type":"Feature","properties":{"id":"osm:node:6357749104","name":"清心福全","category":"cafe","name_en":"Ching Shin","cuisine":"bubble_tea","brand":"清心福全"},"geometry":{"type":"Point","coordinates":[121.524076,25.024236]}},{"type":"Feature","properties":{"id":"osm:node:6357749115","name":"50嵐","category":"cafe","name_en":"50 Lan","cuisine":"bubble_tea","brand":"50嵐"},"geometry":{"type":"Point","coordinates":[121.521709,25.024248]}},{"type":"Feature","properties":{"id":"osm:node:6361856986","name":"黑潮","category":"cafe","opening_hours":"Tu-Su 13:00-00:00"},"geometry":{"type":"Point","coordinates":[121.530623,25.027572]}},{"type":"Feature","properties":{"id":"osm:node:6367049185","name":"卡菲米朗坊精品咖啡","category":"cafe","name_en":"Kafemera"},"geometry":{"type":"Point","coordinates":[121.546987,25.036567]}},{"type":"Feature","properties":{"id":"osm:node:6369607466","name":"金湖咖啡","category":"cafe"},"geometry":{"type":"Point","coordinates":[121.599051,25.07941]}},{"type":"Feature","properties":{"id":"osm:node:6380761386","name":"路易莎咖啡","category":"cafe","name_en":"Louisa Coffee","cuisine":"coffee_shop","brand":"路易莎咖啡"},"geometry":{"type":"Point","coordinates":[121.523914,25.060407]}},{"type":"Feature","properties":{"id":"osm:node:6384892892","name":"香手捻咖啡","category":"cafe","name_en":"Scent Cafe"},"geometry":{"type":"Point","coordinates":[121.509099,25.05561]}},{"type":"Feature","properties":{"id":"osm:node:6385692665","name":"星巴克","category":"cafe","name_en":"Starbucks","cuisine":"coffee_shop","brand":"星巴克"},"geometry":{"type":"Point","coordinates":[121.584152,25.078368]}},{"type":"Feature","properties":{"id":"osm:node:6401708790","name":"G Log","category":"cafe","opening_hours":"Tu-Su 09:00-18:30"},"geometry":{"type":"Point","coordinates":[121.534799,25.039688]}},{"type":"Feature","properties":{"id":"osm:node:6405956485","name":"吐司利亞","category":"cafe","name_en":"Toasteria Cafe","cuisine":"mediterranean","opening_hours":"Mo, We-Fr 11:00-01:00; Tu, Sa-Su 09:00-01:00"},"geometry":{"type":"Point","coordinates":[121.549521,25.043308]}},{"type":"Feature","properties":{"id":"osm:node:6406146588","name":"羽兒咖啡館","category":"cafe","opening_hours":"Mo-Su 10:30-21:00"},"geometry":{"type":"Point","coordinates":[121.474917,25.023232]}},{"type":"Feature","properties":{"id":"osm:node:6408520996","name":"T J Cafe","category":"cafe"},"geometry":{"type":"Point","coordinates":[121.486462,24.998331]}},{"type":"Feature","properties":{"id":"osm:node:6411375693","name":"VERSE baR","category":"cafe"},"geometry":{"type":"Point","coordinates":[121.538223,25.040249]}},{"type":"Feature","properties":{"id":"osm:node:6413241120","name":"充滿豆豆咖啡館","category":"cafe","cuisine":"coffee"},"geometry":{"type":"Point","coordinates":[121.541046,25.047798]}},{"type":"Feature","properties":{"id":"osm:node:6413241121","name":"Cama","category":"cafe"},"geometry":{"type":"Point","coordinates":[121.545854,25.04792]}},{"type":"Feature","properties":{"id":"osm:node:6415386155","name":"石上清湶","category":"cafe","name_en":"Flavour Life","cuisine":"tea;coffee_shop","opening_hours":"Mo-Fr 10:00-20:00; Sa 10:00-18:00; Su off"},"geometry":{"type":"Point","coordinates":[121.574064,25.080656]}},{"type":"Feature","properties":{"id":"osm:node:6415774062","name":"Mate Cafe","category":"cafe","cuisine":"coffee_shop"},"geometry":{"type":"Point","coordinates":[121.520279,25.01154]}},{"type":"Feature","properties":{"id":"osm:node:6415774067","name":"Yolo's Cafe","category":"cafe","cuisine":"coffee_shop"},"geometry":{"type":"Point","coordinates":[121.518332,25.012036]}},{"type":"Feature","properties":{"id":"osm:node:6417164254","name":"Enjoying Coffee","category":"cafe","cuisine":"coffee_shop"},"geometry":{"type":"Point","coordinates":[121.520916,25.009233]}},{"type":"Feature","properties":{"id":"osm:node:6418121443","name":"Lucky Foot","category":"cafe"},"geometry":{"type":"Point","coordinates":[121.511992,25.063135]}},{"type":"Feature","properties":{"id":"osm:node:6418121444","name":"The Caffeine","category":"cafe"},"geometry":{"type":"Point","coordinates":[121.540638,25.052139]}},{"type":"Feature","properties":{"id":"osm:node:6418121449","name":"Tea Coffee Sparkling","category":"cafe"},"geometry":{"type":"Point","coordinates":[121.542209,25.052092]}},{"type":"Feature","properties":{"id":"osm:node:6418121450","name":"Firewood Café","category":"cafe"},"geometry":{"type":"Point","coordinates":[121.52236,25.02506]}},{"type":"Feature","properties":{"id":"osm:node:6418121456","name":"咖啡學人","category":"cafe","name_en":"The cafeist","opening_hours":"Mo-Fr 08:00-21:00, Sa-Su 09:00-21:00"},"geometry":{"type":"Point","coordinates":[121.524485,25.022941]}},{"type":"Feature","properties":{"id":"osm:node:6418121459","name":"Uni Café","category":"cafe"},"geometry":{"type":"Point","coordinates":[121.52327,25.02156]}},{"type":"Feature","properties":{"id":"osm:node:6422218513","name":"草原派対","category":"cafe","opening_hours":"Mo-Su 10:00-20:00"},"geometry":{"type":"Point","coordinates":[121.509934,25.054211]}},{"type":"Feature","properties":{"id":"osm:node:6422218520","name":"幻猻家咖啡","category":"cafe","name_en":"Pallas Café"},"geometry":{"type":"Point","coordinates":[121.509745,25.054192]}},{"type":"Feature","properties":{"id":"osm:node:6422218523","name":"無限家","category":"cafe"},"geometry":{"type":"Point","coordinates":[121.51036,25.050533]}},{"type":"Feature","properties":{"id":"osm:node:6422218527","name":"有木的森","category":"cafe"},"geometry":{"type":"Point","coordinates":[121.509282,25.054907]}},{"type":"Feature","properties":{"id":"osm:node:6422218531","name":"一杯青","category":"cafe","name_en":"Cup of Qing","opening_hours":"Tu-Su 12:00-19:00"},"geometry":{"type":"Point","coordinates":[121.50989,25.054207]}},{"type":"Feature","properties":{"id":"osm:node:6422613968","name":"Cama Café","category":"cafe","cuisine":"coffee_shop"},"geometry":{"type":"Point","coordinates":[121.51726,25.011866]}},{"type":"Feature","properties":{"id":"osm:node:6427455385","name":"Coffee Olivia Roaster","category":"cafe","cuisine":"coffee_shop","opening_hours":"Mo-Su 13:00-21:00"},"geometry":{"type":"Point","coordinates":[121.555785,25.038515]}},{"type":"Feature","properties":{"id":"osm:node:6429684170","name":"星巴克","category":"cafe","name_en":"Starbucks","cuisine":"coffee_shop","brand":"星巴克"},"geometry":{"type":"Point","coordinates":[121.544438,25.045909]}},{"type":"Feature","properties":{"id":"osm:node:6429684171","name":"平衡點咖啡","category":"cafe","name_en":"Balance Cafe"},"geometry":{"type":"Point","coordinates":[121.542588,25.045498]}},{"type":"Feature","properties":{"id":"osm:node:6433456339","name":"黑美人小茶棧","category":"cafe","cuisine":"coffee_shop"},"geometry":{"type":"Point","coordinates":[121.511968,25.054025]}},{"type":"Feature","properties":{"id":"osm:node:6434859442","name":"路易莎咖啡","category":"cafe","name_en":"Louisa Coffee","cuisine":"coffee_shop","brand":"路易莎咖啡","opening_hours":"Mo-Su 07:00-21:00"},"geometry":{"type":"Point","coordinates":[121.468713,25.011708]}},{"type":"Feature","properties":{"id":"osm:node:6435675072","name":"Chiffon","category":"cafe","cuisine":"chinese;coffee_shop"},"geometry":{"type":"Point","coordinates":[121.540575,25.05157]}},{"type":"Feature","properties":{"id":"osm:node:6435865870","name":"Again Cafe","category":"cafe"},"geometry":{"type":"Point","coordinates":[121.544342,25.045893]}},{"type":"Feature","properties":{"id":"osm:node:6437532100","name":"路易莎咖啡","category":"cafe","name_en":"Louisa Coffee","cuisine":"coffee_shop","brand":"路易莎咖啡","opening_hours":"Mo-Su 07:00-09:00"},"geometry":{"type":"Point","coordinates":[121.463873,25.010753]}},{"type":"Feature","properties":{"id":"osm:node:6440290229","name":"路易莎咖啡","category":"cafe","name_en":"Louisa Coffee","cuisine":"coffee_shop","brand":"路易莎咖啡","opening_hours":"Mo-Su 08:00-19:00"},"geometry":{"type":"Point","coordinates":[121.459845,25.007209]}},{"type":"Feature","properties":{"id":"osm:node:6456858885","name":"捲餅咬鹿","category":"cafe","cuisine":"chinese","opening_hours":"Su-Fr 08:00-16:00"},"geometry":{"type":"Point","coordinates":[121.538334,25.06032]}},{"type":"Feature","properties":{"id":"osm:node:6460228887","name":"太和豆漿","category":"cafe","cuisine":"chinese","opening_hours":"Mo-Su 05:30-11:00"},"geometry":{"type":"Point","coordinates":[121.479603,25.032813]}},{"type":"Feature","properties":{"id":"osm:node:6480711085","name":"星巴克","category":"cafe","name_en":"Starbucks","cuisine":"coffee_shop","brand":"星巴克"},"geometry":{"type":"Point","coordinates":[121.467621,25.043317]}},{"type":"Feature","properties":{"id":"osm:node:6485838027","name":"路易莎咖啡","category":"cafe","name_en":"Louisa Coffee","cuisine":"coffee_shop","brand":"路易莎咖啡"},"geometry":{"type":"Point","coordinates":[121.450133,25.032171]}},{"type":"Feature","properties":{"id":"osm:node:6499848129","name":"也賣咖啡","category":"cafe"},"geometry":{"type":"Point","coordinates":[121.51064,25.057518]}},{"type":"Feature","properties":{"id":"osm:node:6499848142","name":"TWO SHOTS","category":"cafe","cuisine":"coffee_shop"},"geometry":{"type":"Point","coordinates":[121.519136,25.052709]}},{"type":"Feature","properties":{"id":"osm:node:6499848154","name":"Station 26","category":"cafe","cuisine":"小吃","opening_hours":"Mo-Fr 08:00-18:00, Sa 10:00-17:00"},"geometry":{"type":"Point","coordinates":[121.510625,25.05761]}},{"type":"Feature","properties":{"id":"osm:node:6499848164","name":"OH MI! CAFE","category":"cafe","cuisine":"coffee_shop"},"geometry":{"type":"Point","coordinates":[121.511742,25.056597]}},{"type":"Feature","properties":{"id":"osm:node:6499848173","name":"Little Italy Café","category":"cafe"},"geometry":{"type":"Point","coordinates":[121.511346,25.00846]}},{"type":"Feature","properties":{"id":"osm:node:6514349832","name":"獺空間","category":"cafe"},"geometry":{"type":"Point","coordinates":[121.558077,25.050839]}},{"type":"Feature","properties":{"id":"osm:node:6517442894","name":"一芳水果茶","category":"cafe","name_en":"Yi Fang Tea","cuisine":"bubble_tea","brand":"一芳水果茶"},"geometry":{"type":"Point","coordinates":[121.529922,25.033931]}},{"type":"Feature","properties":{"id":"osm:node:6517551376","name":"水巷茶弄","category":"cafe","cuisine":"bubble_tea"},"geometry":{"type":"Point","coordinates":[121.542731,25.054423]}},{"type":"Feature","properties":{"id":"osm:node:6528284585","name":"別處咖啡","category":"cafe","name_en":"Away Coffee"},"geometry":{"type":"Point","coordinates":[121.53037,25.016967]}},{"type":"Feature","properties":{"id":"osm:node:6539580569","name":"85度C","category":"cafe","name_en":"85°C Bakery Cafe","cuisine":"coffee_shop","brand":"85度C"},"geometry":{"type":"Point","coordinates":[121.474146,25.031458]}},{"type":"Feature","properties":{"id":"osm:node:6542562814","name":"打勾勾","category":"cafe"},"geometry":{"type":"Point","coordinates":[121.530604,25.016517]}},{"type":"Feature","properties":{"id":"osm:node:6542562818","name":"迷客夏","category":"cafe","name_en":"Milkshop","cuisine":"bubble_tea","brand":"迷客夏"},"geometry":{"type":"Point","coordinates":[121.532364,25.015584]}},{"type":"Feature","properties":{"id":"osm:node:6542562820","name":"德正","category":"cafe","cuisine":"bubble_tea"},"geometry":{"type":"Point","coordinates":[121.532397,25.015608]}},{"type":"Feature","properties":{"id":"osm:node:6553170176","name":"星巴克","category":"cafe","name_en":"Starbucks","cuisine":"coffee_shop","brand":"星巴克"},"geometry":{"type":"Point","coordinates":[121.54377,25.051657]}},{"type":"Feature","properties":{"id":"osm:node:6568146971","name":"Tsubi COffee","category":"cafe"},"geometry":{"type":"Point","coordinates":[121.502368,25.03396]}},{"type":"Feature","properties":{"id":"osm:node:6569447329","name":"上林咖啡","category":"cafe"},"geometry":{"type":"Point","coordinates":[121.504385,25.043529]}},{"type":"Feature","properties":{"id":"osm:node:6569793355","name":"好咖啡和好音響的文創空間","category":"cafe","name_en":"12cafe,12sound","opening_hours":"Mo-Su 09:00-18:00"},"geometry":{"type":"Point","coordinates":[121.539794,24.996895]}},{"type":"Feature","properties":{"id":"osm:node:6577001213","name":"路易莎咖啡","category":"cafe","name_en":"Louisa Coffee","cuisine":"coffee_shop","brand":"路易莎咖啡","opening_hours":"Mo-Su 07:00-22:00"},"geometry":{"type":"Point","coordinates":[121.579213,25.049617]}},{"type":"Feature","properties":{"id":"osm:node:6579380104","name":"Coffee boy Hop man","category":"cafe"},"geometry":{"type":"Point","coordinates":[121.531821,25.01951]}},{"type":"Feature","properties":{"id":"osm:node:6579380110","name":"Morlan Coffee","category":"cafe","cuisine":"coffee"},"geometry":{"type":"Point","coordinates":[121.533022,25.02152]}},{"type":"Feature","properties":{"id":"osm:node:6579380117","name":"Café de minuit","category":"cafe"},"geometry":{"type":"Point","coordinates":[121.524033,25.023905]}},{"type":"Feature","properties":{"id":"osm:node:6579380119","name":"路上撿到一隻貓","category":"cafe"},"geometry":{"type":"Point","coordinates":[121.533148,25.021323]}},{"type":"Feature","properties":{"id":"osm:node:6579380121","name":"城市草倉","category":"cafe","name_en":"C-tea loft","cuisine":"tea","opening_hours":"Mo-Su 12:00-22:00"},"geometry":{"type":"Point","coordinates":[121.53143,25.019459]}},{"type":"Feature","properties":{"id":"osm:node:6579661152","name":"孵咖啡洋館","category":"cafe","opening_hours":"Su-Tu 11:30-19:30, We-Sa 11:30-23:30"},"geometry":{"type":"Point","coordinates":[121.510319,25.058195]}},{"type":"Feature","properties":{"id":"osm:node:6579661153","name":"孵咖啡","category":"cafe","name_en":"Fu Coffee","cuisine":"coffee","opening_hours":"11:00-18:00"},"geometry":{"type":"Point","coordinates":[121.50917,25.062078]}},{"type":"Feature","properties":{"id":"osm:node:6579661156","name":"迪茶","category":"cafe","cuisine":"bubble_tea","opening_hours":"Mo-Su 11:00-19:00"},"geometry":{"type":"Point","coordinates":[121.510106,25.054031]}},{"type":"Feature","properties":{"id":"osm:node:6579661157","name":"Modern mode café","category":"cafe"},"geometry":{"type":"Point","coordinates":[121.509256,25.060955]}},{"type":"Feature","properties":{"id":"osm:node:6579661159","name":"琢磨","category":"cafe"},"geometry":{"type":"Point","coordinates":[121.510016,25.058271]}},{"type":"Feature","properties":{"id":"osm:node:6580997585","name":"嘖咖啡","category":"cafe","name_en":"zeze coffee"},"geometry":{"type":"Point","coordinates":[121.596379,25.05422]}},{"type":"Feature","properties":{"id":"osm:node:6585779685","name":"羊毛與花溫州店","category":"cafe","name_en":"Youmou to ohana Coffee Wenzhou"},"geometry":{"type":"Point","coordinates":[121.533632,25.020095]}},{"type":"Feature","properties":{"id":"osm:node:6604320351","name":"七棧茶","category":"cafe","cuisine":"bubble_tea"},"geometry":{"type":"Point","coordinates":[121.543216,25.026629]}},{"type":"Feature","properties":{"id":"osm:node:6604354985","name":"春芳號","category":"cafe","name_en":"Chun Fun How","cuisine":"tea","opening_hours":"Mo-Fr 10:00-19:00"},"geometry":{"type":"Point","coordinates":[121.566278,25.082967]}},{"type":"Feature","properties":{"id":"osm:node:6682102617","name":"路易莎咖啡","category":"cafe","name_en":"Louisa Coffee","cuisine":"coffee_shop","brand":"路易莎咖啡"},"geometry":{"type":"Point","coordinates":[121.53388,25.048318]}},{"type":"Feature","properties":{"id":"osm:node:6682287300","name":"Pandaland Sweet Café","category":"cafe","cuisine":"pancake","opening_hours":"Mo-Su 09:00-19:00"},"geometry":{"type":"Point","coordinates":[121.515689,25.051111]}},{"type":"Feature","properties":{"id":"osm:node:6682287318","name":"Simple Kaffa","category":"cafe","name_en":"Simple Kaffa","cuisine":"coffee_shop;dessert","opening_hours":"Mo-Su 10:00-17:00"},"geometry":{"type":"Point","coordinates":[121.527757,25.043919]}},{"type":"Feature","properties":{"id":"osm:node:6682287325","name":"La bambina caffè","category":"cafe"},"geometry":{"type":"Point","coordinates":[121.515859,25.051056]}},{"type":"Feature","properties":{"id":"osm:node:6695580311","name":"Yuly brunch&coffee","category":"cafe"},"geometry":{"type":"Point","coordinates":[121.472323,25.030918]}},{"type":"Feature","properties":{"id":"osm:node:6720843991","name":"Time Point","category":"cafe"},"geometry":{"type":"Point","coordinates":[121.524896,25.02318]}},{"type":"Feature","properties":{"id":"osm:node:6720843996","name":"路易莎咖啡","category":"cafe","name_en":"Louisa Coffee","cuisine":"coffee_shop","brand":"路易莎咖啡","opening_hours":"Mo-Su 07:00-17:00"},"geometry":{"type":"Point","coordinates":[121.494256,25.026447]}},{"type":"Feature","properties":{"id":"osm:node:6720844007","name":"擺渡咖啡","category":"cafe","name_en":"Baido Cafe","cuisine":"coffee_shop","opening_hours":"Mo-Su 08:00-19:00"},"geometry":{"type":"Point","coordinates":[121.51135,25.05933]}},{"type":"Feature","properties":{"id":"osm:node:6720844009","name":"Pythonism","category":"cafe","cuisine":"coffee_shop","opening_hours":"14:00-22:00"},"geometry":{"type":"Point","coordinates":[121.513756,25.062272]}},{"type":"Feature","properties":{"id":"osm:node:6720844020","name":"義獎咖啡","category":"cafe","name_en":"Ita Cham Caffè","opening_hours":"Su-Mo, We-Th 11:00-19:30, Tu closed, Fr-Sa 11:00-20:30"},"geometry":{"type":"Point","coordinates":[121.527883,25.04389]}},{"type":"Feature","properties":{"id":"osm:node:6720844029","name":"Lab Man Mano","category":"cafe"},"geometry":{"type":"Point","coordinates":[121.510587,25.062049]}},{"type":"Feature","properties":{"id":"osm:node:6720844031","name":"品越小館","category":"cafe"},"geometry":{"type":"Point","coordinates":[121.513048,25.062789]}},{"type":"Feature","properties":{"id":"osm:node:6720844035","name":"Sugar Café bar","category":"cafe"},"geometry":{"type":"Point","coordinates":[121.510775,25.056803]}},{"type":"Feature","properties":{"id":"osm:node:6720844036","name":"D.G.Cafe","category":"cafe","cuisine":"coffee_shop"},"geometry":{"type":"Point","coordinates":[121.509062,25.062129]}},{"type":"Feature","properties":{"id":"osm:node:6749527346","name":"Basement Cafe","category":"cafe"},"geometry":{"type":"Point","coordinates":[121.556479,25.036577]}},{"type":"Feature","properties":{"id":"osm:node:6749527348","name":"PEG coffee","category":"cafe"},"geometry":{"type":"Point","coordinates":[121.555716,25.02479]}},{"type":"Feature","properties":{"id":"osm:node:6749527349","name":"森耕咖啡商行","category":"cafe"},"geometry":{"type":"Point","coordinates":[121.50293,25.03886]}},{"type":"Feature","properties":{"id":"osm:node:6749527350","name":"DOSE 都是咖啡 1900","category":"cafe"},"geometry":{"type":"Point","coordinates":[121.46777,25.018848]}},{"type":"Feature","properties":{"id":"osm:node:6749527356","name":"彼得好咖啡","category":"cafe"},"geometry":{"type":"Point","coordinates":[121.466904,25.020305]}},{"type":"Feature","properties":{"id":"osm:node:6749527358","name":"西雅圖極品咖啡","category":"cafe","name_en":"Barista Coffee","cuisine":"coffee_shop","brand":"西雅圖極品咖啡","opening_hours":"Mo-Su 08:00-21:30"},"geometry":{"type":"Point","coordinates":[121.46702,25.020407]}},{"type":"Feature","properties":{"id":"osm:node:6749527359","name":"Merci Vielle","category":"cafe","opening_hours":"13:00-22:00"},"geometry":{"type":"Point","coordinates":[121.457187,25.009616]}},{"type":"Feature","properties":{"id":"osm:node:6761545065","name":"85度C","category":"cafe","name_en":"85°C Bakery Cafe","cuisine":"coffee_shop","brand":"85度C"},"geometry":{"type":"Point","coordinates":[121.514643,25.003955]}},{"type":"Feature","properties":{"id":"osm:node:6763209779","name":"yum yum","category":"cafe"},"geometry":{"type":"Point","coordinates":[121.552214,25.039784]}},{"type":"Feature","properties":{"id":"osm:node:6764037994","name":"Britsbake","category":"cafe"},"geometry":{"type":"Point","coordinates":[121.55458,25.039919]}},{"type":"Feature","properties":{"id":"osm:node:6781231890","name":"可不可熟成紅茶","category":"cafe","name_en":"Kebuke","cuisine":"bubble_tea","brand":"可不可熟成紅茶"},"geometry":{"type":"Point","coordinates":[121.569461,25.079168]}},{"type":"Feature","properties":{"id":"osm:node:6796742193","name":"TAKE OUT","category":"cafe"},"geometry":{"type":"Point","coordinates":[121.573605,25.07965]}},{"type":"Feature","properties":{"id":"osm:node:6805098956","name":"S&D","category":"cafe","name_en":"S&D"},"geometry":{"type":"Point","coordinates":[121.607211,25.055137]}},{"type":"Feature","properties":{"id":"osm:node:6807734497","name":"日日裝茶","category":"cafe","name_en":"DAY DAY DRINK","cuisine":"bubble_tea"},"geometry":{"type":"Point","coordinates":[121.518774,25.031584]}},{"type":"Feature","properties":{"id":"osm:node:6832816562","name":"時間之旅","category":"cafe","name_en":"Time Travel Cafe"},"geometry":{"type":"Point","coordinates":[121.471321,25.084465]}},{"type":"Feature","properties":{"id":"osm:node:6842625022","name":"木白甜點咖啡店","category":"cafe"},"geometry":{"type":"Point","coordinates":[121.532803,25.058408]}},{"type":"Feature","properties":{"id":"osm:node:6842763090","name":"Peloso Coffee Roasters","category":"cafe","opening_hours":"Mo-Su 13:00-21:00"},"geometry":{"type":"Point","coordinates":[121.507593,25.033475]}},{"type":"Feature","properties":{"id":"osm:node:6843949706","name":"路易莎咖啡","category":"cafe","name_en":"Louisa Coffee","cuisine":"coffee_shop","brand":"路易莎咖啡"},"geometry":{"type":"Point","coordinates":[121.56164,25.086691]}},{"type":"Feature","properties":{"id":"osm:node:6844572228","name":"找咖","category":"cafe","name_en":"U & Me Cafe","opening_hours":"Mo-Fr 10:00-21:00; PH Sa-Su 09:00-21:00"},"geometry":{"type":"Point","coordinates":[121.521316,25.027459]}},{"type":"Feature","properties":{"id":"osm:node:6855627860","name":"CoCo都可","category":"cafe","name_en":"CoCo Fresh Tea & Juice","cuisine":"bubble_tea","brand":"CoCo都可"},"geometry":{"type":"Point","coordinates":[121.50661,25.118114]}},{"type":"Feature","properties":{"id":"osm:node:6859215686","name":"路易莎咖啡","category":"cafe","name_en":"Louisa Coffee","cuisine":"coffee_shop","brand":"路易莎咖啡"},"geometry":{"type":"Point","coordinates":[121.450506,24.987043]}},{"type":"Feature","properties":{"id":"osm:node:6865431289","name":"群咖啡","category":"cafe"},"geometry":{"type":"Point","coordinates":[121.515978,25.110696]}},{"type":"Feature","properties":{"id":"osm:node:6871573246","name":"亨利咖啡鬆餅","category":"cafe"},"geometry":{"type":"Point","coordinates":[121.548896,25.000688]}},{"type":"Feature","properties":{"id":"osm:node:6871573259","name":"mimitea","category":"cafe"},"geometry":{"type":"Point","coordinates":[121.5527,25.040286]}},{"type":"Feature","properties":{"id":"osm:node:6872675385","name":"61Note","category":"cafe","cuisine":"coffee_shop;deli","opening_hours":"Tu-Su 09:00-18:00"},"geometry":{"type":"Point","coordinates":[121.518275,25.052467]}},{"type":"Feature","properties":{"id":"osm:node:6873696160","name":"Middle Name","category":"cafe","opening_hours":"PH,Mo-Su 10:00-20:00"},"geometry":{"type":"Point","coordinates":[121.520129,25.051489]}},{"type":"Feature","properties":{"id":"osm:node:6873696161","name":"柯芬園咖啡","category":"cafe","name_en":"Convent Garden"},"geometry":{"type":"Point","coordinates":[121.520165,25.051684]}},{"type":"Feature","properties":{"id":"osm:node:6876041247","name":"清心福全","category":"cafe","name_en":"Ching Shin","cuisine":"bubble_tea","brand":"清心福全"},"geometry":{"type":"Point","coordinates":[121.554911,25.00118]}},{"type":"Feature","properties":{"id":"osm:node:6879125186","name":"熊飲鮮茶","category":"cafe","name_en":"Bear Drinks Tea","cuisine":"tea;coffee_shop;local","opening_hours":"Mo-Fr 10:00-21:00; Sa-Su 11:00-21:00"},"geometry":{"type":"Point","coordinates":[121.497676,25.00023]}},{"type":"Feature","properties":{"id":"osm:node:6884086958","name":"那裡的咖啡店","category":"cafe","name_en":"The place"},"geometry":{"type":"Point","coordinates":[121.473741,25.029803]}},{"type":"Feature","properties":{"id":"osm:node:6884086959","name":"甘心咖啡","category":"cafe","name_en":"Gan Xin Coffee","opening_hours":"Mo-Su 11:30-20:00"},"geometry":{"type":"Point","coordinates":[121.503988,25.036609]}},{"type":"Feature","properties":{"id":"osm:node:6884086960","name":"九日咖啡","category":"cafe"},"geometry":{"type":"Point","coordinates":[121.506629,25.037946]}},{"type":"Feature","properties":{"id":"osm:node:6884086961","name":"小木屋鬆餅","category":"cafe","name_en":"Shine Mood Waffle","cuisine":"waffle;tea","opening_hours":"Mo-Su 10:00-20:30"},"geometry":{"type":"Point","coordinates":[121.606011,25.05457]}},{"type":"Feature","properties":{"id":"osm:node:6884086962","name":"lógos Coffee","category":"cafe","name_en":"lógos Coffee"},"geometry":{"type":"Point","coordinates":[121.616406,25.054956]}},{"type":"Feature","properties":{"id":"osm:node:6885204885","name":"壹玖木巷","category":"cafe","name_en":"Wood Alley Cafe"},"geometry":{"type":"Point","coordinates":[121.515768,25.049594]}},{"type":"Feature","properties":{"id":"osm:node:6886599780","name":"CoCo都可","category":"cafe","name_en":"CoCo Fresh Tea & Juice","cuisine":"bubble_tea","brand":"CoCo都可"},"geometry":{"type":"Point","coordinates":[121.513551,25.046083]}},{"type":"Feature","properties":{"id":"osm:node:6894204670","name":"綠堤Coffee","category":"cafe"},"geometry":{"type":"Point","coordinates":[121.500112,25.062533]}},{"type":"Feature","properties":{"id":"osm:node:6899388189","name":"家裡共享時光","category":"cafe","name_en":"Home Cafe","opening_hours":"Tu-Sa 11:00-20:00"},"geometry":{"type":"Point","coordinates":[121.587467,25.041581]}},{"type":"Feature","properties":{"id":"osm:node:6902570385","name":"黑布咖啡","category":"cafe","cuisine":"coffee_shop"},"geometry":{"type":"Point","coordinates":[121.653171,25.062507]}},{"type":"Feature","properties":{"id":"osm:node:6905296024","name":"咖博館","category":"cafe","cuisine":"pizza;sandwich","opening_hours":"08:00-20:00"},"geometry":{"type":"Point","coordinates":[121.515089,25.02961]}},{"type":"Feature","properties":{"id":"osm:node:6909232006","name":"CUCKOO's NEST","category":"cafe","opening_hours":"Mo-Su 13:30-24:30"},"geometry":{"type":"Point","coordinates":[121.546556,25.079074]}},{"type":"Feature","properties":{"id":"osm:node:6917308990","name":"The Platypus Café","category":"cafe","cuisine":"coffee_shop;dessert","opening_hours":"We-Su 11:00-18:00"},"geometry":{"type":"Point","coordinates":[121.578093,25.071815]}},{"type":"Feature","properties":{"id":"osm:node:6917308991","name":"CoppiiLumii","category":"cafe"},"geometry":{"type":"Point","coordinates":[121.539698,25.06171]}},{"type":"Feature","properties":{"id":"osm:node:6924514573","name":"莉園商行","category":"cafe","name_en":"Condos","cuisine":"coffee_shop"},"geometry":{"type":"Point","coordinates":[121.527041,25.036143]}},{"type":"Feature","properties":{"id":"osm:node:6924533494","name":"樹咖啡","category":"cafe","name_en":"Tree Café"},"geometry":{"type":"Point","coordinates":[121.527082,25.035064]}},{"type":"Feature","properties":{"id":"osm:node:6924533500","name":"Good Bo","category":"cafe","cuisine":"italian;pasta"},"geometry":{"type":"Point","coordinates":[121.527411,25.036043]}},{"type":"Feature","properties":{"id":"osm:node:6924533511","name":"The Breakfast Shop","category":"cafe"},"geometry":{"type":"Point","coordinates":[121.527246,25.036096]}},{"type":"Feature","properties":{"id":"osm:node:6924533514","name":"Star Cafe","category":"cafe","cuisine":"coffee_shop"},"geometry":{"type":"Point","coordinates":[121.515649,25.050119]}},{"type":"Feature","properties":{"id":"osm:node:6936432802","name":"著咖啡","category":"cafe","name_en":"Draw Coffee"},"geometry":{"type":"Point","coordinates":[121.527337,25.033374]}},{"type":"Feature","properties":{"id":"osm:node:6936432803","name":"路易莎咖啡","category":"cafe","name_en":"Louisa Coffee","cuisine":"coffee_shop","brand":"路易莎咖啡"},"geometry":{"type":"Point","coordinates":[121.525385,25.027059]}},{"type":"Feature","properties":{"id":"osm:node:6937731140","name":"夢想樹咖啡","category":"cafe","name_en":"Dream Tree Coffee"},"geometry":{"type":"Point","coordinates":[121.575486,25.040618]}},{"type":"Feature","properties":{"id":"osm:node:6942478488","name":"路易莎咖啡","category":"cafe","name_en":"Louisa Coffee","cuisine":"coffee_shop","brand":"路易莎咖啡"},"geometry":{"type":"Point","coordinates":[121.572664,25.079578]}},{"type":"Feature","properties":{"id":"osm:node:6978419885","name":"星巴克","category":"cafe","name_en":"Starbucks","cuisine":"coffee_shop","brand":"星巴克"},"geometry":{"type":"Point","coordinates":[121.562127,25.034726]}},{"type":"Feature","properties":{"id":"osm:node:6989671716","name":"豆留森林","category":"cafe","name_en":"CAMA COFFEE ROASTERS"},"geometry":{"type":"Point","coordinates":[121.546781,25.138274]}},{"type":"Feature","properties":{"id":"osm:node:7002886736","name":"茶湯會","category":"cafe","name_en":"TP Tea","cuisine":"bubble_tea","brand":"茶湯會"},"geometry":{"type":"Point","coordinates":[121.515292,25.045906]}},{"type":"Feature","properties":{"id":"osm:node:7004210537","name":"KAF Coffee","category":"cafe"},"geometry":{"type":"Point","coordinates":[121.500661,25.133049]}},{"type":"Feature","properties":{"id":"osm:node:7012041377","name":"豐盛號","category":"cafe","name_en":"Breakfast Sandwich","opening_hours":"Sa, Su 06:30-14:00; Mo-Fr 06:30-13:00"},"geometry":{"type":"Point","coordinates":[121.526533,25.094946]}},{"type":"Feature","properties":{"id":"osm:node:7012054768","name":"清心福全","category":"cafe","name_en":"Ching Shin","cuisine":"bubble_tea","brand":"清心福全"},"geometry":{"type":"Point","coordinates":[121.51646,25.044597]}},{"type":"Feature","properties":{"id":"osm:node:7012066074","name":"Coffee and Couple","category":"cafe"},"geometry":{"type":"Point","coordinates":[121.525662,25.093988]}},{"type":"Feature","properties":{"id":"osm:node:7017538449","name":"深夜咖啡","category":"cafe","cuisine":"coffee_shop","opening_hours":"Mo-Su 11:00-24:00"},"geometry":{"type":"Point","coordinates":[121.519058,25.070545]}},{"type":"Feature","properties":{"id":"osm:node:7022030519","name":"Wake up Cafe","category":"cafe"},"geometry":{"type":"Point","coordinates":[121.550381,25.028448]}},{"type":"Feature","properties":{"id":"osm:node:7022030543","name":"婷亭翠玉","category":"cafe"},"geometry":{"type":"Point","coordinates":[121.549942,25.025312]}},{"type":"Feature","properties":{"id":"osm:node:7022030577","name":"揪喝果汁","category":"cafe"},"geometry":{"type":"Point","coordinates":[121.531631,25.0546]}},{"type":"Feature","properties":{"id":"osm:node:7023985584","name":"迷客夏","category":"cafe","name_en":"Milkshop","cuisine":"bubble_tea","brand":"迷客夏"},"geometry":{"type":"Point","coordinates":[121.528641,25.02435]}},{"type":"Feature","properties":{"id":"osm:node:7024678202","name":"50嵐","category":"cafe","name_en":"50 Lan","cuisine":"bubble_tea","brand":"50嵐"},"geometry":{"type":"Point","coordinates":[121.529453,25.031234]}},{"type":"Feature","properties":{"id":"osm:node:7037337606","name":"Mövenpick Café","category":"cafe","cuisine":"coffee_shop","brand":"Mövenpick Café"},"geometry":{"type":"Point","coordinates":[121.517121,25.046668]}},{"type":"Feature","properties":{"id":"osm:node:7038735730","name":"Coffee Club","category":"cafe"},"geometry":{"type":"Point","coordinates":[121.510956,25.04739]}},{"type":"Feature","properties":{"id":"osm:node:7047358868","name":"星巴克","category":"cafe","name_en":"Starbucks","cuisine":"coffee_shop","brand":"星巴克","opening_hours":"Mo-Su 07:30-22:00"},"geometry":{"type":"Point","coordinates":[121.50583,25.037781]}},{"type":"Feature","properties":{"id":"osm:node:7056032337","name":"勺子雜貨咖啡","category":"cafe","name_en":"Spoon Goods & Cafe","opening_hours":"Mo-Sa 10:00-21:00,Su 10:00-18:00"},"geometry":{"type":"Point","coordinates":[121.552174,25.058763]}},{"type":"Feature","properties":{"id":"osm:node:7063481729","name":"Stay Real Cafe","category":"cafe"},"geometry":{"type":"Point","coordinates":[121.550514,25.043107]}},{"type":"Feature","properties":{"id":"osm:node:7089441302","name":"跳舞山羊咖啡","category":"cafe"},"geometry":{"type":"Point","coordinates":[121.534551,25.025408]}},{"type":"Feature","properties":{"id":"osm:node:7106020086","name":"Tea沃克","category":"cafe","cuisine":"bubble_tea","opening_hours":"Mo-Su 11:00-21:00"},"geometry":{"type":"Point","coordinates":[121.605111,25.054235]}},{"type":"Feature","properties":{"id":"osm:node:7112817688","name":"欒樹下書房 / 咖啡廳","category":"cafe","name_en":"Bookstore & Coffee"},"geometry":{"type":"Point","coordinates":[121.533222,25.023282]}},{"type":"Feature","properties":{"id":"osm:node:7125458200","name":"鶴茶樓","category":"cafe","name_en":"Hechalou Tea","cuisine":"bubble_tea","brand":"鶴茶樓"},"geometry":{"type":"Point","coordinates":[121.515693,25.044566]}},{"type":"Feature","properties":{"id":"osm:node:7125458202","name":"麻古茶坊","category":"cafe","name_en":"Macu","cuisine":"bubble_tea","brand":"麻古茶坊"},"geometry":{"type":"Point","coordinates":[121.515698,25.044705]}},{"type":"Feature","properties":{"id":"osm:node:7130418585","name":"仙草下凡","category":"cafe"},"geometry":{"type":"Point","coordinates":[121.523002,25.067341]}},{"type":"Feature","properties":{"id":"osm:node:7138715830","name":"好奇營養豆花","category":"cafe"},"geometry":{"type":"Point","coordinates":[121.534831,25.109741]}},{"type":"Feature","properties":{"id":"osm:node:7175344668","name":"真書軒 The Jen Library","category":"cafe"},"geometry":{"type":"Point","coordinates":[121.536051,25.033996]}},{"type":"Feature","properties":{"id":"osm:node:7187339237","name":"豆BAR 咖啡","category":"cafe"},"geometry":{"type":"Point","coordinates":[121.503012,24.996063]}},{"type":"Feature","properties":{"id":"osm:node:7191364604","name":"一芳水果茶","category":"cafe","name_en":"Yi Fang Tea","cuisine":"bubble_tea","brand":"一芳水果茶"},"geometry":{"type":"Point","coordinates":[121.479004,25.085472]}},{"type":"Feature","properties":{"id":"osm:node:7191634528","name":"CoCo都可","category":"cafe","name_en":"CoCo Fresh Tea & Juice","cuisine":"bubble_tea","brand":"CoCo都可"},"geometry":{"type":"Point","coordinates":[121.47947,25.086259]}},{"type":"Feature","properties":{"id":"osm:node:7191634529","name":"可不可熟成紅茶","category":"cafe","name_en":"Kebuke","cuisine":"bubble_tea","brand":"可不可熟成紅茶"},"geometry":{"type":"Point","coordinates":[121.478881,25.08571]}},{"type":"Feature","properties":{"id":"osm:node:7193346162","name":"大苑子","category":"cafe","name_en":"DaYung's","cuisine":"bubble_tea","brand":"大苑子"},"geometry":{"type":"Point","coordinates":[121.479746,25.086946]}},{"type":"Feature","properties":{"id":"osm:node:7193346163","name":"清心福全","category":"cafe","name_en":"Ching Shin","cuisine":"bubble_tea","brand":"清心福全"},"geometry":{"type":"Point","coordinates":[121.479896,25.087575]}},{"type":"Feature","properties":{"id":"osm:node:7193346173","name":"小拍子茶飲製造所","category":"cafe","cuisine":"bubble_tea"},"geometry":{"type":"Point","coordinates":[121.479939,25.086644]}},{"type":"Feature","properties":{"id":"osm:node:7194706725","name":"Comebuy","category":"cafe","name_en":"Comebuy","cuisine":"bubble_tea"},"geometry":{"type":"Point","coordinates":[121.519763,25.070576]}},{"type":"Feature","properties":{"id":"osm:node:7194706806","name":"Flash Coffee","category":"cafe"},"geometry":{"type":"Point","coordinates":[121.520006,25.070834]}},{"type":"Feature","properties":{"id":"osm:node:7199509894","name":"Book Bar Unlearning","category":"cafe"},"geometry":{"type":"Point","coordinates":[121.540899,25.001431]}},{"type":"Feature","properties":{"id":"osm:node:7203547817","name":"予人咖啡","category":"cafe","name_en":"Yuren Cafe","opening_hours":"Mo-We,Fr 13:30-19:00,Sa-Su 11:00-19:00; Th,PH off"},"geometry":{"type":"Point","coordinates":[121.543787,24.998444]}},{"type":"Feature","properties":{"id":"osm:node:7207321831","name":"怡客咖啡","category":"cafe","name_en":"Ikari Coffee","brand":"怡客咖啡","opening_hours":"Mo-Fr 07:00-21:30; Sa-Su, PH 07:00-18:00"},"geometry":{"type":"Point","coordinates":[121.526441,25.043183]}},{"type":"Feature","properties":{"id":"osm:node:7211952420","name":"星巴克","category":"cafe","name_en":"Starbucks","cuisine":"coffee_shop","brand":"星巴克"},"geometry":{"type":"Point","coordinates":[121.551505,25.041721]}},{"type":"Feature","properties":{"id":"osm:node:7213007943","name":"巴薩克咖啡","category":"cafe"},"geometry":{"type":"Point","coordinates":[121.539514,25.026478]}},{"type":"Feature","properties":{"id":"osm:node:7213007956","name":"路易沙","category":"cafe"},"geometry":{"type":"Point","coordinates":[121.542765,25.0219]}},{"type":"Feature","properties":{"id":"osm:node:7213811090","name":"福里安花神","category":"cafe"},"geometry":{"type":"Point","coordinates":[121.566825,25.037068]}},{"type":"Feature","properties":{"id":"osm:node:7225007785","name":"OFNA Coffee","category":"cafe","cuisine":"coffee_shop","opening_hours":"Mo-Fr 07:30-18:00"},"geometry":{"type":"Point","coordinates":[121.560023,25.050798]}},{"type":"Feature","properties":{"id":"osm:node:7226694685","name":"星巴克","category":"cafe","name_en":"Starbucks","cuisine":"coffee_shop","brand":"星巴克"},"geometry":{"type":"Point","coordinates":[121.54371,25.137526]}},{"type":"Feature","properties":{"id":"osm:node:7235632164","name":"星巴克","category":"cafe","name_en":"Starbucks","cuisine":"coffee_shop","brand":"星巴克"},"geometry":{"type":"Point","coordinates":[121.517348,25.047443]}},{"type":"Feature","properties":{"id":"osm:node:7254602085","name":"路易莎咖啡","category":"cafe","name_en":"Louisa Coffee","cuisine":"coffee_shop","brand":"路易莎咖啡","opening_hours":"Mo-Fr 07:30-20:00; Sa,Su 08:00-20:00"},"geometry":{"type":"Point","coordinates":[121.517377,24.993263]}},{"type":"Feature","properties":{"id":"osm:node:7281713385","name":"點咖啡","category":"cafe","cuisine":"sandwich;coffee_shop"},"geometry":{"type":"Point","coordinates":[121.578815,25.0742]}},{"type":"Feature","properties":{"id":"osm:node:7282086686","name":"REAL 真‧Cafe‧Bread","category":"cafe"},"geometry":{"type":"Point","coordinates":[121.61559,25.056229]}},{"type":"Feature","properties":{"id":"osm:node:7287482946","name":"迷客夏","category":"cafe","name_en":"Milkshop","cuisine":"bubble_tea","brand":"迷客夏","opening_hours":"Mo-Su 10:00-22:00"},"geometry":{"type":"Point","coordinates":[121.576892,25.040075]}},{"type":"Feature","properties":{"id":"osm:node:7319919418","name":"虎玟咖啡","category":"cafe"},"geometry":{"type":"Point","coordinates":[121.550233,24.999948]}},{"type":"Feature","properties":{"id":"osm:node:7330746360","name":"路易莎咖啡","category":"cafe","name_en":"Louisa Coffee","cuisine":"coffee_shop","brand":"路易莎咖啡","opening_hours":"Mo-Sa 08:00-20:00"},"geometry":{"type":"Point","coordinates":[121.537923,25.014567]}},{"type":"Feature","properties":{"id":"osm:node:7343450088","name":"夢鹿咖啡","category":"cafe","name_en":"by tame moose"},"geometry":{"type":"Point","coordinates":[121.519999,25.051899]}},{"type":"Feature","properties":{"id":"osm:node:736470054","name":"星巴克","category":"cafe","name_en":"Starbucks","cuisine":"coffee_shop","brand":"星巴克","opening_hours":"Mo-Su 07:30-19:30"},"geometry":{"type":"Point","coordinates":[121.53031,25.013814]}},{"type":"Feature","properties":{"id":"osm:node:7365923862","name":"天仁茗茶","category":"cafe","name_en":"TenRen's Tea","cuisine":"bubble_tea","brand":"天仁茗茶"},"geometry":{"type":"Point","coordinates":[121.498281,25.062493]}},{"type":"Feature","properties":{"id":"osm:node:7365964002","name":"星巴克","category":"cafe","name_en":"Starbucks","cuisine":"coffee_shop","brand":"星巴克"},"geometry":{"type":"Point","coordinates":[121.496635,25.065966]}},{"type":"Feature","properties":{"id":"osm:node:7365964010","name":"CoCo都可","category":"cafe","name_en":"CoCo Fresh Tea & Juice","cuisine":"bubble_tea","brand":"CoCo都可"},"geometry":{"type":"Point","coordinates":[121.498316,25.067355]}},{"type":"Feature","properties":{"id":"osm:node:7365964011","name":"義軒刨冰","category":"cafe","cuisine":"dessert","opening_hours":"Mo-Su 12:00-23:00"},"geometry":{"type":"Point","coordinates":[121.49831,25.06738]}},{"type":"Feature","properties":{"id":"osm:node:7365964026","name":"清心福全","category":"cafe","name_en":"Ching Shin","cuisine":"bubble_tea","brand":"清心福全","opening_hours":"Mo-Su 10:00-22:00"},"geometry":{"type":"Point","coordinates":[121.498565,25.066191]}},{"type":"Feature","properties":{"id":"osm:node:7365964028","name":"兄妹豆花","category":"cafe","cuisine":"dessert"},"geometry":{"type":"Point","coordinates":[121.49871,25.066096]}},{"type":"Feature","properties":{"id":"osm:node:7365964049","name":"50嵐","category":"cafe","name_en":"50 Lan","cuisine":"bubble_tea","brand":"50嵐","opening_hours":"Mo-Su 10:00-22:30"},"geometry":{"type":"Point","coordinates":[121.498643,25.066367]}},{"type":"Feature","properties":{"id":"osm:node:7368631802","name":"可不可熟成紅茶","category":"cafe","name_en":"Kebuke","cuisine":"bubble_tea","brand":"可不可熟成紅茶"},"geometry":{"type":"Point","coordinates":[121.497499,25.063055]}},{"type":"Feature","properties":{"id":"osm:node:7368631849","name":"路易莎咖啡LOUISA COFFEE","category":"cafe"},"geometry":{"type":"Point","coordinates":[121.49953,25.06269]}},{"type":"Feature","properties":{"id":"osm:node:7368962861","name":"周式燒麻糬","category":"cafe","cuisine":"dessert","opening_hours":"Mo 17:30-23:30; We-Su 17:30-23:30; Tu off"},"geometry":{"type":"Point","coordinates":[121.498417,25.066622]}},{"type":"Feature","properties":{"id":"osm:node:7370705540","name":"客美多咖啡","category":"cafe","name_en":"Komeda Coffee Shop","cuisine":"coffee_shop","brand":"客美多咖啡","opening_hours":"Mo-Su 07:30-22:30"},"geometry":{"type":"Point","coordinates":[121.565419,25.081486]}},{"type":"Feature","properties":{"id":"osm:node:7394537388","name":"八九十手做","category":"cafe"},"geometry":{"type":"Point","coordinates":[121.609917,25.07292]}},{"type":"Feature","properties":{"id":"osm:node:740378986","name":"銅樂咖啡","category":"cafe","name_en":"Brass Joy Cafe","cuisine":"coffee_shop"},"geometry":{"type":"Point","coordinates":[121.533138,25.017096]}},{"type":"Feature","properties":{"id":"osm:node:7417168285","name":"Café Costumice","category":"cafe","name_en":"Cafe Costumice"},"geometry":{"type":"Point","coordinates":[121.552589,25.043926]}},{"type":"Feature","properties":{"id":"osm:node:7424389762","name":"嘉愷必","category":"cafe","name_en":"JAKABI COFFEE"},"geometry":{"type":"Point","coordinates":[121.61232,25.070625]}},{"type":"Feature","properties":{"id":"osm:node:743170184","name":"La Boheme","category":"cafe"},"geometry":{"type":"Point","coordinates":[121.532908,25.021506]}},{"type":"Feature","properties":{"id":"osm:node:743173499","name":"Cafe Bastille台大店","category":"cafe","cuisine":"coffee_shop;pizza;italian","opening_hours":"Mo-Su 11:00-24:00"},"geometry":{"type":"Point","coordinates":[121.53288,25.018856]}},{"type":"Feature","properties":{"id":"osm:node:7441633142","name":"Koon coffee 㒭咖啡","category":"cafe"},"geometry":{"type":"Point","coordinates":[121.498236,25.061861]}},{"type":"Feature","properties":{"id":"osm:node:7466162833","name":"獨角獸咖啡","category":"cafe","cuisine":"coffee_shop","opening_hours":"Mo-Fr 09:00-17:00"},"geometry":{"type":"Point","coordinates":[121.613291,25.056031]}},{"type":"Feature","properties":{"id":"osm:node:7477480158","name":"柒號咖啡","category":"cafe","name_en":"No.7 Coffee","cuisine":"coffee_shop","opening_hours":"Tu-Su 12:00-19:00"},"geometry":{"type":"Point","coordinates":[121.517924,25.031566]}},{"type":"Feature","properties":{"id":"osm:node:7506735186","name":"路易莎咖啡","category":"cafe","name_en":"Louisa Coffee","cuisine":"coffee_shop","brand":"路易莎咖啡"},"geometry":{"type":"Point","coordinates":[121.576252,25.07819]}},{"type":"Feature","properties":{"id":"osm:node:7568436026","name":"MKCR","category":"cafe","cuisine":"coffee_shop"},"geometry":{"type":"Point","coordinates":[121.5108,25.047465]}},{"type":"Feature","properties":{"id":"osm:node:7568436027","name":"Just In Cafe","category":"cafe","opening_hours":"11:00-18:00"},"geometry":{"type":"Point","coordinates":[121.5193,25.04976]}},{"type":"Feature","properties":{"id":"osm:node:7594589836","name":"歐克法","category":"cafe","cuisine":"coffee_shop;italian"},"geometry":{"type":"Point","coordinates":[121.540694,25.02198]}},{"type":"Feature","properties":{"id":"osm:node:7611384098","name":"亞軒咖啡","category":"cafe","cuisine":"coffee_shop"},"geometry":{"type":"Point","coordinates":[121.507724,25.034425]}},{"type":"Feature","properties":{"id":"osm:node:7614240685","name":"星巴克","category":"cafe","name_en":"Starbucks","cuisine":"coffee_shop","brand":"星巴克"},"geometry":{"type":"Point","coordinates":[121.529548,25.119121]}},{"type":"Feature","properties":{"id":"osm:node:7619228747","name":"Im café","category":"cafe","cuisine":"coffee_shop","opening_hours":"Tu-Su 11:00-21:00"},"geometry":{"type":"Point","coordinates":[121.506219,25.038378]}},{"type":"Feature","properties":{"id":"osm:node:7647240954","name":"杯盃","category":"cafe","name_en":"Pui bui Cafe & Lounge","opening_hours":"Mo-Fr 12:00-23:00; Sa-Su 10:00-23:00"},"geometry":{"type":"Point","coordinates":[121.544527,25.031801]}},{"type":"Feature","properties":{"id":"osm:node:7669551669","name":"晨品咖啡","category":"cafe"},"geometry":{"type":"Point","coordinates":[121.576926,25.077406]}},{"type":"Feature","properties":{"id":"osm:node:7687027785","name":"稼咖啡","category":"cafe","opening_hours":"Tu-Fr 11:00-21:00+; Sa,Su 10:00-21:00+"},"geometry":{"type":"Point","coordinates":[121.467638,25.008424]}},{"type":"Feature","properties":{"id":"osm:node:7689995464","name":"路易莎","category":"cafe"},"geometry":{"type":"Point","coordinates":[121.541799,24.9803]}},{"type":"Feature","properties":{"id":"osm:node:7699679855","name":"迷客夏","category":"cafe","name_en":"Milkshop","cuisine":"bubble_tea","brand":"迷客夏"},"geometry":{"type":"Point","coordinates":[121.499019,25.035407]}},{"type":"Feature","properties":{"id":"osm:node:7702170897","name":"HWC黑沃咖啡","category":"cafe","opening_hours":"Mo-Su 08:30-17:30"},"geometry":{"type":"Point","coordinates":[121.543002,25.043471]}},{"type":"Feature","properties":{"id":"osm:node:7702633763","name":"嶼食咖啡","category":"cafe"},"geometry":{"type":"Point","coordinates":[121.574262,25.167175]}},{"type":"Feature","properties":{"id":"osm:node:7705292485","name":"三日月","category":"cafe","cuisine":"japanese"},"geometry":{"type":"Point","coordinates":[121.554964,25.027647]}},{"type":"Feature","properties":{"id":"osm:node:7709735228","name":"阿飛的蝴蝶","category":"cafe","name_en":"Butterfly Cafe"},"geometry":{"type":"Point","coordinates":[121.539243,24.989216]}},{"type":"Feature","properties":{"id":"osm:node:7716183531","name":"山焙","category":"cafe","name_en":"Sunbay Tea Brew","cuisine":"tea","opening_hours":"Mo-Su 10:30-21:00"},"geometry":{"type":"Point","coordinates":[121.569557,25.08211]}},{"type":"Feature","properties":{"id":"osm:node:7728028474","name":"美好日子","category":"cafe"},"geometry":{"type":"Point","coordinates":[121.557211,25.043473]}},{"type":"Feature","properties":{"id":"osm:node:7731649045","name":"清心福全","category":"cafe","name_en":"Ching Shin","cuisine":"bubble_tea","brand":"清心福全"},"geometry":{"type":"Point","coordinates":[121.542246,25.054509]}},{"type":"Feature","properties":{"id":"osm:node:7731745406","name":"50嵐","category":"cafe","name_en":"50 Lan","cuisine":"bubble_tea","brand":"50嵐"},"geometry":{"type":"Point","coordinates":[121.546558,25.054367]}},{"type":"Feature","properties":{"id":"osm:node:7731745415","name":"Her Her Cafe","category":"cafe"},"geometry":{"type":"Point","coordinates":[121.547517,25.054355]}},{"type":"Feature","properties":{"id":"osm:node:7731745419","name":"星野樂動咖","category":"cafe"},"geometry":{"type":"Point","coordinates":[121.547082,25.05436]}},{"type":"Feature","properties":{"id":"osm:node:7734563456","name":"路易莎咖啡","category":"cafe","name_en":"Louisa Coffee","cuisine":"coffee_shop","brand":"路易莎咖啡"},"geometry":{"type":"Point","coordinates":[121.524615,25.035882]}},{"type":"Feature","properties":{"id":"osm:node:7734563465","name":"樂波波咖啡","category":"cafe"},"geometry":{"type":"Point","coordinates":[121.525752,25.038034]}},{"type":"Feature","properties":{"id":"osm:node:7747683215","name":"亨寶咖啡","category":"cafe"},"geometry":{"type":"Point","coordinates":[121.531198,25.120134]}},{"type":"Feature","properties":{"id":"osm:node:7749782408","name":"16.67 Cafe","category":"cafe","opening_hours":"Mo-Fr 07:30-18:00; Sa-Su 10:00-18:00"},"geometry":{"type":"Point","coordinates":[121.515658,25.043506]}},{"type":"Feature","properties":{"id":"osm:node:7749782409","name":"九日咖啡","category":"cafe"},"geometry":{"type":"Point","coordinates":[121.517732,25.044993]}},{"type":"Feature","properties":{"id":"osm:node:7749806952","name":"暖窩咖啡","category":"cafe"},"geometry":{"type":"Point","coordinates":[121.591978,25.086252]}},{"type":"Feature","properties":{"id":"osm:node:7749841932","name":"WTC Café","category":"cafe"},"geometry":{"type":"Point","coordinates":[121.561205,25.034466]}},{"type":"Feature","properties":{"id":"osm:node:7755817126","name":"西門町手沖咖啡館","category":"cafe"},"geometry":{"type":"Point","coordinates":[121.501713,25.044479]}},{"type":"Feature","properties":{"id":"osm:node:7759802741","name":"比夢烘焙坊","category":"cafe"},"geometry":{"type":"Point","coordinates":[121.545821,25.138699]}},{"type":"Feature","properties":{"id":"osm:node:7765187901","name":"田中園 (大安店)","category":"cafe","opening_hours":"Su-Fr 11:30-13:00,14:00-20:30"},"geometry":{"type":"Point","coordinates":[121.54066,25.029367]}},{"type":"Feature","properties":{"id":"osm:node:7765187949","name":"Bestie Cafe","category":"cafe"},"geometry":{"type":"Point","coordinates":[121.579398,25.076294]}},{"type":"Feature","properties":{"id":"osm:node:7775517786","name":"閒居賦","category":"cafe"},"geometry":{"type":"Point","coordinates":[121.548735,25.102351]}},{"type":"Feature","properties":{"id":"osm:node:7775574802","name":"小金魚奶茶","category":"cafe"},"geometry":{"type":"Point","coordinates":[121.502499,25.133787]}},{"type":"Feature","properties":{"id":"osm:node:7783474587","name":"咖啡平方","category":"cafe"},"geometry":{"type":"Point","coordinates":[121.567884,25.082684]}},{"type":"Feature","properties":{"id":"osm:node:7786748173","name":"星巴克","category":"cafe","name_en":"Starbucks","cuisine":"coffee_shop","brand":"星巴克"},"geometry":{"type":"Point","coordinates":[121.520142,25.062621]}},{"type":"Feature","properties":{"id":"osm:node:7787823100","name":"中保無限家","category":"cafe"},"geometry":{"type":"Point","coordinates":[121.540041,25.028824]}},{"type":"Feature","properties":{"id":"osm:node:7789029629","name":"小蜜蜂果汁大王","category":"cafe"},"geometry":{"type":"Point","coordinates":[121.544402,25.056018]}},{"type":"Feature","properties":{"id":"osm:node:7789029647","name":"黑沃咖啡","category":"cafe","name_en":"HWC"},"geometry":{"type":"Point","coordinates":[121.545563,25.055998]}},{"type":"Feature","properties":{"id":"osm:node:7795486072","name":"武林茶","category":"cafe","cuisine":"bubble_tea"},"geometry":{"type":"Point","coordinates":[121.535958,25.011717]}},{"type":"Feature","properties":{"id":"osm:node:7801786128","name":"貓食光","category":"cafe","name_en":"Time With Cats"},"geometry":{"type":"Point","coordinates":[121.531753,25.017683]}},{"type":"Feature","properties":{"id":"osm:node:7801796539","name":"鈷藍咖啡","category":"cafe","name_en":"Cobalt Blue Coffee","cuisine":"coffee_shop","opening_hours":"Mo-Su 10:00-19:00"},"geometry":{"type":"Point","coordinates":[121.560772,25.037252]}},{"type":"Feature","properties":{"id":"osm:node:7815510893","name":"天仁茗茶","category":"cafe","name_en":"TenRen's Tea","cuisine":"bubble_tea","brand":"天仁茗茶"},"geometry":{"type":"Point","coordinates":[121.517302,25.048117]}},{"type":"Feature","properties":{"id":"osm:node:7817910520","name":"這間咖啡","category":"cafe"},"geometry":{"type":"Point","coordinates":[121.544692,25.031793]}},{"type":"Feature","properties":{"id":"osm:node:7817910521","name":"在家咖啡手沖咖啡專門店","category":"cafe","name_en":"At Home Cafe"},"geometry":{"type":"Point","coordinates":[121.544709,25.032033]}},{"type":"Feature","properties":{"id":"osm:node:7820615972","name":"預言咖啡","category":"cafe"},"geometry":{"type":"Point","coordinates":[121.555053,25.001404]}},{"type":"Feature","properties":{"id":"osm:node:7820615974","name":"Mars Cafe","category":"cafe"},"geometry":{"type":"Point","coordinates":[121.555118,25.001492]}},{"type":"Feature","properties":{"id":"osm:node:7820702446","name":"逃逸線書室","category":"cafe"},"geometry":{"type":"Point","coordinates":[121.500985,25.061894]}},{"type":"Feature","properties":{"id":"osm:node:7825819229","name":"再睡5分鐘","category":"cafe","cuisine":"bubble_tea"},"geometry":{"type":"Point","coordinates":[121.516028,25.044365]}},{"type":"Feature","properties":{"id":"osm:node:7825819230","name":"可不可熟成紅茶","category":"cafe","name_en":"Kebuke","cuisine":"bubble_tea","brand":"可不可熟成紅茶"},"geometry":{"type":"Point","coordinates":[121.516021,25.044102]}},{"type":"Feature","properties":{"id":"osm:node:7836876536","name":"悄悄好食","category":"cafe"},"geometry":{"type":"Point","coordinates":[121.527245,25.043184]}},{"type":"Feature","properties":{"id":"osm:node:7836896786","name":"春水堂人文茶館","category":"cafe","name_en":"Chun Shui Tang","cuisine":"bubble_tea","brand":"春水堂人文茶館"},"geometry":{"type":"Point","coordinates":[121.560952,25.044622]}},{"type":"Feature","properties":{"id":"osm:node:7836919998","name":"伴鹿咖啡","category":"cafe"},"geometry":{"type":"Point","coordinates":[121.549573,25.02619]}},{"type":"Feature","properties":{"id":"osm:node:7838071038","name":"又上(暫時停業)","category":"cafe"},"geometry":{"type":"Point","coordinates":[121.538004,25.050981]}},{"type":"Feature","properties":{"id":"osm:node:7849377517","name":"路易莎咖啡","category":"cafe","name_en":"Louisa Coffee","cuisine":"coffee_shop","brand":"路易莎咖啡"},"geometry":{"type":"Point","coordinates":[121.605877,25.052669]}},{"type":"Feature","properties":{"id":"osm:node:7849449243","name":"星巴克","category":"cafe","name_en":"Starbucks","cuisine":"coffee_shop","brand":"星巴克","opening_hours":"Mo-Su 09:00-21:00"},"geometry":{"type":"Point","coordinates":[121.606763,25.052732]}},{"type":"Feature","properties":{"id":"osm:node:7881032126","name":"1/2咖啡","category":"cafe","cuisine":"sandwich;cafe"},"geometry":{"type":"Point","coordinates":[121.558437,25.051765]}},{"type":"Feature","properties":{"id":"osm:node:7903900260","name":"JoDo飯糰咖啡","category":"cafe","opening_hours":"Mo-Fr 11:00-20:00, Sa-Su 09:00-20:00"},"geometry":{"type":"Point","coordinates":[121.530778,25.016239]}},{"type":"Feature","properties":{"id":"osm:node:7921954909","name":"世代美妍沙龍","category":"cafe"},"geometry":{"type":"Point","coordinates":[121.539708,24.999485]}},{"type":"Feature","properties":{"id":"osm:node:7936796217","name":"85度C","category":"cafe","name_en":"85°C Bakery Cafe","cuisine":"coffee_shop","brand":"85度C"},"geometry":{"type":"Point","coordinates":[121.467282,25.122007]}},{"type":"Feature","properties":{"id":"osm:node:7940793680","name":"壹咖啡","category":"cafe"},"geometry":{"type":"Point","coordinates":[121.453956,24.994542]}},{"type":"Feature","properties":{"id":"osm:node:7947741240","name":"彼得好咖啡","category":"cafe","name_en":"PETER BETTER CAFE"},"geometry":{"type":"Point","coordinates":[121.573208,25.07907]}},{"type":"Feature","properties":{"id":"osm:node:7950298248","name":"泳池咖啡廳","category":"cafe"},"geometry":{"type":"Point","coordinates":[121.499535,25.134486]}},{"type":"Feature","properties":{"id":"osm:node:7977181276","name":"cama café","category":"cafe"},"geometry":{"type":"Point","coordinates":[121.453323,24.99777]}},{"type":"Feature","properties":{"id":"osm:node:7981635277","name":"路易莎咖啡","category":"cafe","name_en":"Louisa Coffee","cuisine":"coffee_shop","brand":"路易莎咖啡"},"geometry":{"type":"Point","coordinates":[121.472943,25.030959]}},{"type":"Feature","properties":{"id":"osm:node:7981635278","name":"cama café","category":"cafe"},"geometry":{"type":"Point","coordinates":[121.473882,25.031338]}},{"type":"Feature","properties":{"id":"osm:node:7984625783","name":"路易莎咖啡","category":"cafe","name_en":"Louisa Coffee","cuisine":"coffee_shop","brand":"路易莎咖啡"},"geometry":{"type":"Point","coordinates":[121.52803,25.033782]}},{"type":"Feature","properties":{"id":"osm:node:7987894313","name":"cama café","category":"cafe"},"geometry":{"type":"Point","coordinates":[121.503864,24.990653]}},{"type":"Feature","properties":{"id":"osm:node:7987894315","name":"路易莎咖啡","category":"cafe","name_en":"Louisa Coffee","cuisine":"coffee_shop","brand":"路易莎咖啡"},"geometry":{"type":"Point","coordinates":[121.543586,25.06099]}},{"type":"Feature","properties":{"id":"osm:node:7994313782","name":"迷客夏","category":"cafe","name_en":"Milkshop","cuisine":"bubble_tea","brand":"迷客夏","opening_hours":"Mo-Su 10:00-22:00"},"geometry":{"type":"Point","coordinates":[121.476023,25.016636]}},{"type":"Feature","properties":{"id":"osm:node:7994313784","name":"麻古茶坊","category":"cafe","name_en":"Macu","cuisine":"bubble_tea","brand":"麻古茶坊","opening_hours":"Mo-Su 10:00-22:00"},"geometry":{"type":"Point","coordinates":[121.475937,25.016601]}},{"type":"Feature","properties":{"id":"osm:node:7994335623","name":"50嵐","category":"cafe","name_en":"50 Lan","cuisine":"bubble_tea","brand":"50嵐"},"geometry":{"type":"Point","coordinates":[121.475728,25.016799]}},{"type":"Feature","properties":{"id":"osm:node:7996739685","name":"Roffy’s Cafe","category":"cafe","name_en":"Roffy’s Cafe","cuisine":"cake;coffee_shop;tea","opening_hours":"Th-Tu 11:00-19:00"},"geometry":{"type":"Point","coordinates":[121.552103,25.046186]}},{"type":"Feature","properties":{"id":"osm:node:7996797988","name":"紫藤園水源園區","category":"cafe"},"geometry":{"type":"Point","coordinates":[121.476984,25.192452]}},{"type":"Feature","properties":{"id":"osm:node:8003776683","name":"路易莎咖啡","category":"cafe","name_en":"Louisa Coffee","cuisine":"coffee_shop","brand":"路易莎咖啡","opening_hours":"Mo-Su 07:00-17:00"},"geometry":{"type":"Point","coordinates":[121.475579,25.012703]}},{"type":"Feature","properties":{"id":"osm:node:8017747094","name":"16巷cafe","category":"cafe"},"geometry":{"type":"Point","coordinates":[121.460981,25.137664]}},{"type":"Feature","properties":{"id":"osm:node:8018096080","name":"路易莎咖啡","category":"cafe","name_en":"Louisa Coffee","cuisine":"coffee_shop","brand":"路易莎咖啡","opening_hours":"Mo-Su 07:00-21:00"},"geometry":{"type":"Point","coordinates":[121.479329,25.01511]}},{"type":"Feature","properties":{"id":"osm:node:8018193987","name":"第一味","category":"cafe","name_en":"TEA TOP","cuisine":"bubble_tea","opening_hours":"Mo-Su 10:00-22:30"},"geometry":{"type":"Point","coordinates":[121.478601,25.018086]}},{"type":"Feature","properties":{"id":"osm:node:8018193996","name":"先喝道","category":"cafe","name_en":"Tao-Tao Tea","cuisine":"bubble_tea","brand":"先喝道","opening_hours":"Mo-Su 10:00-22:00"},"geometry":{"type":"Point","coordinates":[121.4764,25.016815]}},{"type":"Feature","properties":{"id":"osm:node:8018194007","name":"大苑子","category":"cafe","name_en":"DaYung's","cuisine":"bubble_tea","brand":"大苑子"},"geometry":{"type":"Point","coordinates":[121.476233,25.017054]}},{"type":"Feature","properties":{"id":"osm:node:8018194008","name":"清心福全","category":"cafe","name_en":"Ching Shin","cuisine":"bubble_tea","brand":"清心福全"},"geometry":{"type":"Point","coordinates":[121.476185,25.017058]}},{"type":"Feature","properties":{"id":"osm:node:8018194009","name":"北投紅茶","category":"cafe","cuisine":"bubble_tea"},"geometry":{"type":"Point","coordinates":[121.476145,25.017036]}},{"type":"Feature","properties":{"id":"osm:node:8024462004","name":"大苑子","category":"cafe","name_en":"DaYung's","cuisine":"bubble_tea","brand":"大苑子"},"geometry":{"type":"Point","coordinates":[121.5336,24.983112]}},{"type":"Feature","properties":{"id":"osm:node:8024462005","name":"路易莎咖啡","category":"cafe","name_en":"Louisa Coffee","cuisine":"coffee_shop","brand":"路易莎咖啡"},"geometry":{"type":"Point","coordinates":[121.533867,24.983187]}},{"type":"Feature","properties":{"id":"osm:node:8024462006","name":"8 lie down","category":"cafe","cuisine":"coffee_shop","opening_hours":"Tu-Fr 10:00-19:00; Sa-Su 08:00-19:00"},"geometry":{"type":"Point","coordinates":[121.50958,24.997241]}},{"type":"Feature","properties":{"id":"osm:node:8024462008","name":"日常生活","category":"cafe","name_en":"A Day","cuisine":"coffee_shop","opening_hours":"Mo-Su 12:00-20:00"},"geometry":{"type":"Point","coordinates":[121.54066,25.043636]}},{"type":"Feature","properties":{"id":"osm:node:8024462009","name":"Coffee Company","category":"cafe","cuisine":"coffee_shop"},"geometry":{"type":"Point","coordinates":[121.54212,25.046623]}},{"type":"Feature","properties":{"id":"osm:node:8024462010","name":"Coffee 'N Chill","category":"cafe","cuisine":"coffee_shop"},"geometry":{"type":"Point","coordinates":[121.54222,25.046354]}},{"type":"Feature","properties":{"id":"osm:node:8024462011","name":"貝克宅","category":"cafe","cuisine":"coffee_shop"},"geometry":{"type":"Point","coordinates":[121.5392,25.052787]}},{"type":"Feature","properties":{"id":"osm:node:8024462012","name":"Syrup Less","category":"cafe","cuisine":"cake"},"geometry":{"type":"Point","coordinates":[121.549643,25.053693]}},{"type":"Feature","properties":{"id":"osm:node:8024462013","name":"點光咖啡","category":"cafe","name_en":"The Quiet Light","opening_hours":"Mo-Tu 11:30-21:00; Th-Su 11:30-21:00"},"geometry":{"type":"Point","coordinates":[121.552291,25.05324]}},{"type":"Feature","properties":{"id":"osm:node:8024462014","name":"Remember Me Café","category":"cafe"},"geometry":{"type":"Point","coordinates":[121.554424,25.052342]}},{"type":"Feature","properties":{"id":"osm:node:8024462015","name":"六號水門","category":"cafe","cuisine":"coffee_shop"},"geometry":{"type":"Point","coordinates":[121.567665,25.065319]}},{"type":"Feature","properties":{"id":"osm:node:8024462016","name":"三角巷","category":"cafe"},"geometry":{"type":"Point","coordinates":[121.516116,25.05308]}},{"type":"Feature","properties":{"id":"osm:node:8024462017","name":"窺視咖啡","category":"cafe","cuisine":"coffee_shop"},"geometry":{"type":"Point","coordinates":[121.492781,25.033845]}},{"type":"Feature","properties":{"id":"osm:node:8024462018","name":"森耕耕咖啡商行","category":"cafe","name_en":"Coffee Lost","cuisine":"coffee_shop"},"geometry":{"type":"Point","coordinates":[121.49719,25.034687]}},{"type":"Feature","properties":{"id":"osm:node:8024462019","name":"呆待咖啡","category":"cafe","name_en":"DD coffee","cuisine":"coffee_shop"},"geometry":{"type":"Point","coordinates":[121.499021,25.033618]}},{"type":"Feature","properties":{"id":"osm:node:8024462020","name":"藍儂說","category":"cafe","name_en":"Then espresso","cuisine":"coffee_shop"},"geometry":{"type":"Point","coordinates":[121.526624,25.087842]}},{"type":"Feature","properties":{"id":"osm:node:8024462021","name":"八月十六咖啡","category":"cafe"},"geometry":{"type":"Point","coordinates":[121.528417,25.111986]}},{"type":"Feature","properties":{"id":"osm:node:8026449265","name":"頓益咖啡匠","category":"cafe"},"geometry":{"type":"Point","coordinates":[121.541706,25.052647]}},{"type":"Feature","properties":{"id":"osm:node:8026449266","name":"貝思堤","category":"cafe"},"geometry":{"type":"Point","coordinates":[121.541948,25.052679]}},{"type":"Feature","properties":{"id":"osm:node:8030477288","name":"50嵐","category":"cafe","name_en":"50 Lan","cuisine":"bubble_tea","brand":"50嵐"},"geometry":{"type":"Point","coordinates":[121.553993,25.05803]}},{"type":"Feature","properties":{"id":"osm:node:8061989122","name":"50嵐","category":"cafe","name_en":"50 Lan","cuisine":"bubble_tea","brand":"50嵐","opening_hours":"10:00-22:00"},"geometry":{"type":"Point","coordinates":[121.521506,25.052023]}},{"type":"Feature","properties":{"id":"osm:node:8117974017","name":"路易莎咖啡","category":"cafe","name_en":"Louisa Coffee","cuisine":"coffee_shop","brand":"路易莎咖啡","opening_hours":"Mo-Su 07:30-21:30"},"geometry":{"type":"Point","coordinates":[121.521391,25.091794]}},{"type":"Feature","properties":{"id":"osm:node:8189249399","name":"星巴克","category":"cafe","name_en":"Starbucks","cuisine":"coffee_shop","brand":"星巴克"},"geometry":{"type":"Point","coordinates":[121.523886,25.043627]}},{"type":"Feature","properties":{"id":"osm:node:8189483581","name":"迷客夏","category":"cafe","name_en":"Milkshop","cuisine":"bubble_tea","brand":"迷客夏"},"geometry":{"type":"Point","coordinates":[121.614741,25.068517]}},{"type":"Feature","properties":{"id":"osm:node:8227525758","name":"文化咖啡","category":"cafe","cuisine":"coffee_shop"},"geometry":{"type":"Point","coordinates":[121.540923,25.137416]}},{"type":"Feature","properties":{"id":"osm:node:8237590334","name":"cama café 新莊幸福店","category":"cafe","cuisine":"coffee_shop"},"geometry":{"type":"Point","coordinates":[121.451142,25.049288]}},{"type":"Feature","properties":{"id":"osm:node:8237614300","name":"Two Shots","category":"cafe","cuisine":"coffee_shop"},"geometry":{"type":"Point","coordinates":[121.543022,24.977063]}},{"type":"Feature","properties":{"id":"osm:node:8253300817","name":"one ok coffee","category":"cafe","name_en":"One OK coffee","cuisine":"coffee_shop"},"geometry":{"type":"Point","coordinates":[121.542118,25.052124]}},{"type":"Feature","properties":{"id":"osm:node:8276575340","name":"Eco cafe","category":"cafe"},"geometry":{"type":"Point","coordinates":[121.571957,24.980188]}},{"type":"Feature","properties":{"id":"osm:node:8280854463","name":"Power Man","category":"cafe"},"geometry":{"type":"Point","coordinates":[121.541759,25.051296]}},{"type":"Feature","properties":{"id":"osm:node:8280854464","name":"摩根咖啡","category":"cafe"},"geometry":{"type":"Point","coordinates":[121.541944,25.051398]}},{"type":"Feature","properties":{"id":"osm:node:8280854485","name":"萬波","category":"cafe","cuisine":"bubble_tea"},"geometry":{"type":"Point","coordinates":[121.512795,25.042413]}},{"type":"Feature","properties":{"id":"osm:node:8280854497","name":"馨苑咖啡館","category":"cafe"},"geometry":{"type":"Point","coordinates":[121.51252,25.043291]}},{"type":"Feature","properties":{"id":"osm:node:8300798140","name":"Lee Ho","category":"cafe","cuisine":"coffee_shop","opening_hours":"Tu-Sa 11:00-19:30; Su 11:00-18:30"},"geometry":{"type":"Point","coordinates":[121.466574,25.011818]}},{"type":"Feature","properties":{"id":"osm:node:8331011735","name":"Coffee Sweet","category":"cafe","opening_hours":"Mo-Fr 09:30-18:30; Sa 15:30-18:30"},"geometry":{"type":"Point","coordinates":[121.52224,25.048415]}},{"type":"Feature","properties":{"id":"osm:node:8331011736","name":"慢步調","category":"cafe"},"geometry":{"type":"Point","coordinates":[121.521993,25.04846]}},{"type":"Feature","properties":{"id":"osm:node:8377664122","name":"Cafe 49","category":"cafe"},"geometry":{"type":"Point","coordinates":[121.530244,25.052694]}},{"type":"Feature","properties":{"id":"osm:node:8378684489","name":"生活在他方","category":"cafe","name_en":"elsewhere café","opening_hours":"Tu-Su 07:30-22:00; Mo off"},"geometry":{"type":"Point","coordinates":[121.520483,25.030488]}},{"type":"Feature","properties":{"id":"osm:node:8378684490","name":"生活在他方","category":"cafe","name_en":"Elsewhere café","opening_hours":"We-Su 12:00-26:00; Mo-Tu off"},"geometry":{"type":"Point","coordinates":[121.593644,24.971012]}},{"type":"Feature","properties":{"id":"osm:node:8399992885","name":"龍角 Dragon Horn 文山政大店","category":"cafe","cuisine":"bubble_tea","opening_hours":"Mo-Su 11:00-21:00"},"geometry":{"type":"Point","coordinates":[121.573933,24.988125]}},{"type":"Feature","properties":{"id":"osm:node:8404721411","name":"不想上班只好喝拿鐵","category":"cafe"},"geometry":{"type":"Point","coordinates":[121.575962,25.076449]}},{"type":"Feature","properties":{"id":"osm:node:8412095987","name":"Duckling 喝鴨鴨","category":"cafe","name_en":"Ducking","cuisine":"tea"},"geometry":{"type":"Point","coordinates":[121.605951,25.052682]}},{"type":"Feature","properties":{"id":"osm:node:8422666516","name":"Mi覓吐司","category":"cafe"},"geometry":{"type":"Point","coordinates":[121.511374,25.041815]}},{"type":"Feature","properties":{"id":"osm:node:8426944896","name":"老賴茶棧","category":"cafe","name_en":"Like Tea Shop","cuisine":"bubble_tea;tea"},"geometry":{"type":"Point","coordinates":[121.507785,25.043308]}},{"type":"Feature","properties":{"id":"osm:node:8438683276","name":"不夜侯製茶所","category":"cafe","name_en":"Bu Ye Hou","cuisine":"bubble_tea;tea"},"geometry":{"type":"Point","coordinates":[121.605913,25.054363]}},{"type":"Feature","properties":{"id":"osm:node:8438864269","name":"清心福全","category":"cafe","name_en":"Ching Shin","cuisine":"bubble_tea","brand":"清心福全"},"geometry":{"type":"Point","coordinates":[121.532562,25.015944]}},{"type":"Feature","properties":{"id":"osm:node:8441425922","name":"路易莎咖啡","category":"cafe","name_en":"Louisa Coffee","cuisine":"coffee_shop","brand":"路易莎咖啡","opening_hours":"Mo-Fr 07:30-17:30; Sa 08:00-17:00; Su 09:00-15:00"},"geometry":{"type":"Point","coordinates":[121.60593,25.054948]}},{"type":"Feature","properties":{"id":"osm:node:8441425939","name":"Mövenpick Café","category":"cafe","name_en":"Mövenpick Café","cuisine":"coffee_shop","brand":"Mövenpick Café","opening_hours":"Su-Th 11:00-21:30; Fr-Sa 11:00-22:00"},"geometry":{"type":"Point","coordinates":[121.605946,25.05271]}},{"type":"Feature","properties":{"id":"osm:node:8442129229","name":"海馬207音樂藝文餐坊","category":"cafe"},"geometry":{"type":"Point","coordinates":[121.499865,25.036425]}},{"type":"Feature","properties":{"id":"osm:node:8467317972","name":"Coco","category":"cafe","cuisine":"bubble_tea","brand":"CoCo"},"geometry":{"type":"Point","coordinates":[121.529472,25.031584]}},{"type":"Feature","properties":{"id":"osm:node:8467318003","name":"天仁茗茶","category":"cafe","name_en":"TenRen's Tea","cuisine":"bubble_tea","brand":"天仁茗茶"},"geometry":{"type":"Point","coordinates":[121.529551,25.032032]}},{"type":"Feature","properties":{"id":"osm:node:8476141606","name":"羊毛與花 ‧ 永康","category":"cafe","name_en":"youmoutoohana Coffee","cuisine":"coffee_shop;cafe;dessert;tea","opening_hours":"Mo-Su 11:00-22:00"},"geometry":{"type":"Point","coordinates":[121.530003,25.030726]}},{"type":"Feature","properties":{"id":"osm:node:8490824754","name":"Peter Better Cafe","category":"cafe","cuisine":"coffee_shop"},"geometry":{"type":"Point","coordinates":[121.532441,25.044153]}},{"type":"Feature","properties":{"id":"osm:node:8504077631","name":"萊樂檬","category":"cafe","opening_hours":"Mo-Sa 10:00-21:00"},"geometry":{"type":"Point","coordinates":[121.572008,25.081353]}},{"type":"Feature","properties":{"id":"osm:node:8506438281","name":"喫茶 朱雫 Maid Café","category":"cafe","opening_hours":"Mo-Su 13:30-21:30"},"geometry":{"type":"Point","coordinates":[121.511181,25.042319]}},{"type":"Feature","properties":{"id":"osm:node:8509846611","name":"金福咖啡","category":"cafe","name_en":"JinfuCoffee","opening_hours":"Mo-Tu 12:30-20:30,We-Fr 10:30-20:30,Sa-Su 13:00-21:00"},"geometry":{"type":"Point","coordinates":[121.539044,24.999792]}},{"type":"Feature","properties":{"id":"osm:node:8512559084","name":"秘徑咖啡館","category":"cafe","name_en":"Alleys Cafe","cuisine":"italian;coffee_shop","opening_hours":"Mo-Su 11:00-21:00"},"geometry":{"type":"Point","coordinates":[121.538429,25.001697]}},{"type":"Feature","properties":{"id":"osm:node:8524769301","name":"小地方","category":"cafe"},"geometry":{"type":"Point","coordinates":[121.524661,25.035916]}},{"type":"Feature","properties":{"id":"osm:node:871302333","name":"Tree Cafe","category":"cafe"},"geometry":{"type":"Point","coordinates":[121.632941,25.069604]}},{"type":"Feature","properties":{"id":"osm:node:871368441","name":"黝皓嘎逼 有好咖啡","category":"cafe","cuisine":"coffee_shop"},"geometry":{"type":"Point","coordinates":[121.613569,25.055085]}},{"type":"Feature","properties":{"id":"osm:node:8738564173","name":"50嵐","category":"cafe","name_en":"50 Lan","cuisine":"bubble_tea","brand":"50嵐","opening_hours":"10:00-22:00"},"geometry":{"type":"Point","coordinates":[121.517766,25.030934]}},{"type":"Feature","properties":{"id":"osm:node:8767589426","name":"城市峽谷","category":"cafe"},"geometry":{"type":"Point","coordinates":[121.474431,25.028169]}},{"type":"Feature","properties":{"id":"osm:node:8775987516","name":"龜記茗品","category":"cafe","cuisine":"bubble_tea"},"geometry":{"type":"Point","coordinates":[121.497546,25.062865]}},{"type":"Feature","properties":{"id":"osm:node:8776487278","name":"50嵐","category":"cafe","name_en":"50 Lan","cuisine":"bubble_tea","brand":"50嵐"},"geometry":{"type":"Point","coordinates":[121.495367,25.061671]}},{"type":"Feature","properties":{"id":"osm:node:8779146710","name":"迷你咖啡館","category":"cafe","name_en":"Mi Shan Coffee","opening_hours":"Mo-Su 11:00-21:30"},"geometry":{"type":"Point","coordinates":[121.545451,25.036359]}},{"type":"Feature","properties":{"id":"osm:node:8784584814","name":"animate cafe","category":"cafe"},"geometry":{"type":"Point","coordinates":[121.511438,25.046089]}},{"type":"Feature","properties":{"id":"osm:node:8792544311","name":"天仁茗茶","category":"cafe","name_en":"TenRen's Tea","cuisine":"bubble_tea","brand":"天仁茗茶","opening_hours":"Mo-Su 10:00-20:00"},"geometry":{"type":"Point","coordinates":[121.523162,25.050894]}},{"type":"Feature","properties":{"id":"osm:node:8798209347","name":"茶聚","category":"cafe","name_en":"Chage","cuisine":"bubble_tea","opening_hours":"Mo-Fr 10:00-21:30; Sa 11:00-21:30; Su off"},"geometry":{"type":"Point","coordinates":[121.604735,25.054882]}},{"type":"Feature","properties":{"id":"osm:node:8808654479","name":"Just Drink 就喝吧!","category":"cafe","cuisine":"bubble_tea","opening_hours":"Mo-Fr 11:00-21:30; Sa 12:00-21:30; Su off"},"geometry":{"type":"Point","coordinates":[121.527167,25.051718]}},{"type":"Feature","properties":{"id":"osm:node:8834918818","name":"茶水表","category":"cafe","cuisine":"bubble_tea"},"geometry":{"type":"Point","coordinates":[121.474722,25.016855]}},{"type":"Feature","properties":{"id":"osm:node:8862063779","name":"鶴品","category":"cafe","cuisine":"bubble_tea"},"geometry":{"type":"Point","coordinates":[121.531119,25.058101]}},{"type":"Feature","properties":{"id":"osm:node:8872456817","name":"雪球咖啡","category":"cafe","opening_hours":"Mo-Sa 06:00-16:00; Su off"},"geometry":{"type":"Point","coordinates":[121.54307,24.975863]}},{"type":"Feature","properties":{"id":"osm:node:8922062696","name":"路易莎咖啡","category":"cafe","name_en":"Louisa Coffee","cuisine":"coffee_shop","brand":"路易莎咖啡"},"geometry":{"type":"Point","coordinates":[121.522135,25.119041]}},{"type":"Feature","properties":{"id":"osm:node:8935314343","name":"星巴克","category":"cafe","name_en":"Starbucks","cuisine":"coffee_shop","brand":"星巴克"},"geometry":{"type":"Point","coordinates":[121.518954,25.072092]}},{"type":"Feature","properties":{"id":"osm:node:8945848016","name":"路易莎咖啡","category":"cafe","name_en":"Louisa Coffee","cuisine":"coffee_shop","brand":"路易莎咖啡"},"geometry":{"type":"Point","coordinates":[121.523789,25.055068]}},{"type":"Feature","properties":{"id":"osm:node:8976426675","name":"J&J CAFE","category":"cafe"},"geometry":{"type":"Point","coordinates":[121.512369,25.042182]}},{"type":"Feature","properties":{"id":"osm:node:8979481643","name":"JokeR coffee","category":"cafe","cuisine":"coffee_shop;sandwich;italian;ice_cream"},"geometry":{"type":"Point","coordinates":[121.580468,25.074195]}},{"type":"Feature","properties":{"id":"osm:node:8991866924","name":"錘子咖啡","category":"cafe"},"geometry":{"type":"Point","coordinates":[121.450495,25.17478]}},{"type":"Feature","properties":{"id":"osm:node:8999398233","name":"茶覺","category":"cafe"},"geometry":{"type":"Point","coordinates":[121.54098,25.01208]}},{"type":"Feature","properties":{"id":"osm:node:9004409827","name":"紅茶洋行","category":"cafe","name_en":"Black Tea House","cuisine":"bubble_tea"},"geometry":{"type":"Point","coordinates":[121.606,25.054628]}},{"type":"Feature","properties":{"id":"osm:node:9004409829","name":"黑丸嫩仙草","category":"cafe","name_en":"BlackBall","cuisine":"bubble_tea","opening_hours":"Mo-Su 11:00-22:00"},"geometry":{"type":"Point","coordinates":[121.605981,25.054722]}},{"type":"Feature","properties":{"id":"osm:node:9008264217","name":"波坊烘焙坊","category":"cafe","cuisine":"bakery;cake;sandwich","opening_hours":"Tu-We, Fr-Su 09:00-18:00"},"geometry":{"type":"Point","coordinates":[121.526984,24.975325]}},{"type":"Feature","properties":{"id":"osm:node:9025783917","name":"卡比歐咖啡豆專賣店","category":"cafe","name_en":"Coffeol Coffee Roaster","opening_hours":"Mo-We, Fr 09:30-18:30; Sa-Su 10:00-19:00"},"geometry":{"type":"Point","coordinates":[121.501619,25.063441]}},{"type":"Feature","properties":{"id":"osm:node:9038590138","name":"可不可熟成紅茶","category":"cafe","name_en":"Kebuke","cuisine":"bubble_tea","brand":"可不可熟成紅茶"},"geometry":{"type":"Point","coordinates":[121.534673,25.013183]}},{"type":"Feature","properties":{"id":"osm:node:9049616158","name":"HWC黑沃咖啡 大安瑞安店","category":"cafe","cuisine":"coffee_shop","opening_hours":"Mo-Su 08:00-18:30"},"geometry":{"type":"Point","coordinates":[121.545861,25.031853]}},{"type":"Feature","properties":{"id":"osm:node:9049638493","name":"黑沃咖啡","category":"cafe","name_en":"HWC Roasters","cuisine":"coffee_shop","opening_hours":"Mo-Fr 07:30-19:00; Sa-Su 08:30-17:00"},"geometry":{"type":"Point","coordinates":[121.524093,25.025197]}},{"type":"Feature","properties":{"id":"osm:node:9049640646","name":"HWC黑沃咖啡","category":"cafe","opening_hours":"Mo-Su 08:00-18:00"},"geometry":{"type":"Point","coordinates":[121.548024,25.024459]}},{"type":"Feature","properties":{"id":"osm:node:9049647075","name":"HWC黑沃咖啡 陽光四平店","category":"cafe"},"geometry":{"type":"Point","coordinates":[121.533766,25.053543]}},{"type":"Feature","properties":{"id":"osm:node:9054233412","name":"書屋花甲 而立書店","category":"cafe"},"geometry":{"type":"Point","coordinates":[121.531725,25.018661]}},{"type":"Feature","properties":{"id":"osm:node:9054267418","name":"山姆客咖啡","category":"cafe","name_en":"Samke Coffee"},"geometry":{"type":"Point","coordinates":[121.510157,25.044425]}},{"type":"Feature","properties":{"id":"osm:node:9054267421","name":"上上咖啡","category":"cafe"},"geometry":{"type":"Point","coordinates":[121.510781,25.042729]}},{"type":"Feature","properties":{"id":"osm:node:9054267424","name":"谷得好好","category":"cafe","name_en":"GUUD","cuisine":"bubble_tea","opening_hours":"Mo-Su 10:00-21:00"},"geometry":{"type":"Point","coordinates":[121.516363,25.044601]}},{"type":"Feature","properties":{"id":"osm:node:9063538147","name":"邦客思精品咖啡","category":"cafe","name_en":"Bankers Coffee","cuisine":"coffee_shop","opening_hours":"Tu-Su 10:00-18:00"},"geometry":{"type":"Point","coordinates":[121.546183,24.970162]}},{"type":"Feature","properties":{"id":"osm:node:9064494062","name":"Chaffee","category":"cafe","cuisine":"bubble_tea","brand":"Chaffee","opening_hours":"Su-Th 11:00-21:30; Fr-Sa 11:00-22:00"},"geometry":{"type":"Point","coordinates":[121.605211,25.052625]}},{"type":"Feature","properties":{"id":"osm:node:9064494063","name":"天仁茗茶","category":"cafe","name_en":"TenRen's Tea","cuisine":"bubble_tea","brand":"天仁茗茶","opening_hours":"Su-Th 11:00-21:30; Fr-Sa 11:00-22:00"},"geometry":{"type":"Point","coordinates":[121.605241,25.052628]}},{"type":"Feature","properties":{"id":"osm:node:9166663945","name":"二吉軒豆乳","category":"cafe","cuisine":"chinese"},"geometry":{"type":"Point","coordinates":[121.557367,25.038027]}},{"type":"Feature","properties":{"id":"osm:node:9222869763","name":"佐曼咖啡","category":"cafe"},"geometry":{"type":"Point","coordinates":[121.520771,25.053224]}},{"type":"Feature","properties":{"id":"osm:node:9222869764","name":"米郎其咖啡館","category":"cafe"},"geometry":{"type":"Point","coordinates":[121.52086,25.053223]}},{"type":"Feature","properties":{"id":"osm:node:9222869766","name":"melange cafe","category":"cafe"},"geometry":{"type":"Point","coordinates":[121.521124,25.053218]}},{"type":"Feature","properties":{"id":"osm:node:9222869767","name":"cafe marche","category":"cafe"},"geometry":{"type":"Point","coordinates":[121.521185,25.053221]}},{"type":"Feature","properties":{"id":"osm:node:9222869781","name":"SOMA特調飲品","category":"cafe","cuisine":"bubble_tea","opening_hours":"Mo-Th 11:00-21:00; Fr11:00-22:00; Sa 14:00-17:45,19:00-22:00; Su 14:00-17:45,19:00-21:00"},"geometry":{"type":"Point","coordinates":[121.520856,25.053687]}},{"type":"Feature","properties":{"id":"osm:node:9229352490","name":"星巴克","category":"cafe","name_en":"Starbucks","cuisine":"coffee_shop","brand":"星巴克"},"geometry":{"type":"Point","coordinates":[121.460752,25.002075]}},{"type":"Feature","properties":{"id":"osm:node:9229352516","name":"罕多咖啡","category":"cafe","name_en":"Handle coffee"},"geometry":{"type":"Point","coordinates":[121.464099,25.00426]}},{"type":"Feature","properties":{"id":"osm:node:9249920774","name":"Gin Gin Coffee Company","category":"cafe"},"geometry":{"type":"Point","coordinates":[121.531631,25.041114]}},{"type":"Feature","properties":{"id":"osm:node:9258829241","name":"北風社","category":"cafe"},"geometry":{"type":"Point","coordinates":[121.52027,25.055201]}},{"type":"Feature","properties":{"id":"osm:node:9258829245","name":"阡日咖啡供應所","category":"cafe","name_en":"KŌFĪ SUPPLIER"},"geometry":{"type":"Point","coordinates":[121.519802,25.054942]}},{"type":"Feature","properties":{"id":"osm:node:9259026624","name":"猫蔵咖啡 -《NEZO CAFE》","category":"cafe"},"geometry":{"type":"Point","coordinates":[121.519703,25.05583]}},{"type":"Feature","properties":{"id":"osm:node:9259026629","name":"三貓小舖-貓咪文創咖啡館","category":"cafe"},"geometry":{"type":"Point","coordinates":[121.519989,25.05609]}},{"type":"Feature","properties":{"id":"osm:node:926003351","name":"Soya Cafe","category":"cafe"},"geometry":{"type":"Point","coordinates":[121.630717,25.068185]}},{"type":"Feature","properties":{"id":"osm:node:9260286664","name":"好人好室 x 七二聚場","category":"cafe"},"geometry":{"type":"Point","coordinates":[121.521585,25.05695]}},{"type":"Feature","properties":{"id":"osm:node:9260305545","name":"June Cafe 六月咖啡","category":"cafe"},"geometry":{"type":"Point","coordinates":[121.521384,25.056619]}},{"type":"Feature","properties":{"id":"osm:node:9269471264","name":"咖啡異象","category":"cafe","name_en":"COFFEE & VISION"},"geometry":{"type":"Point","coordinates":[121.542105,24.997329]}},{"type":"Feature","properties":{"id":"osm:node:9269583617","name":"靚嵐咖啡","category":"cafe"},"geometry":{"type":"Point","coordinates":[121.548066,25.084314]}},{"type":"Feature","properties":{"id":"osm:node:9269588817","name":"庫卡咖啡","category":"cafe"},"geometry":{"type":"Point","coordinates":[121.546801,25.083423]}},{"type":"Feature","properties":{"id":"osm:node:9275278393","name":"黑露咖啡館","category":"cafe"},"geometry":{"type":"Point","coordinates":[121.520072,25.050823]}},{"type":"Feature","properties":{"id":"osm:node:9323407992","name":"九日咖啡","category":"cafe","cuisine":"coffee_shop"},"geometry":{"type":"Point","coordinates":[121.499231,25.036738]}},{"type":"Feature","properties":{"id":"osm:node:9336807036","name":"路易莎咖啡","category":"cafe","name_en":"Louisa Coffee","cuisine":"coffee_shop","brand":"路易莎咖啡"},"geometry":{"type":"Point","coordinates":[121.460678,25.024089]}},{"type":"Feature","properties":{"id":"osm:node:9336850564","name":"五桐號","category":"cafe","name_en":"WooTea","cuisine":"bubble_tea","brand":"五桐號"},"geometry":{"type":"Point","coordinates":[121.540895,24.990079]}},{"type":"Feature","properties":{"id":"osm:node:9337012258","name":"自家屋珈琲焙煎所","category":"cafe"},"geometry":{"type":"Point","coordinates":[121.572157,25.081698]}},{"type":"Feature","properties":{"id":"osm:node:9345396828","name":"初食早午參","category":"cafe","cuisine":"coffee_shop;burger;italian"},"geometry":{"type":"Point","coordinates":[121.468154,24.992026]}},{"type":"Feature","properties":{"id":"osm:node:9360902188","name":"my嘟蘭 綠豆沙鮮奶","category":"cafe","cuisine":"bubble_tea"},"geometry":{"type":"Point","coordinates":[121.542082,25.056259]}},{"type":"Feature","properties":{"id":"osm:node:9364864622","name":"路易莎咖啡","category":"cafe","name_en":"Louisa Coffee","cuisine":"coffee_shop","brand":"路易莎咖啡","opening_hours":"Mo-Fr 07:00-21:00; Sa,Su 07:00-21:00"},"geometry":{"type":"Point","coordinates":[121.565933,25.041304]}},{"type":"Feature","properties":{"id":"osm:node:9364864627","name":"午葉","category":"cafe","cuisine":"coffee_shop;sandwich"},"geometry":{"type":"Point","coordinates":[121.566711,25.041349]}},{"type":"Feature","properties":{"id":"osm:node:9365697651","name":"路易莎咖啡","category":"cafe","name_en":"Louisa Coffee","cuisine":"coffee_shop","brand":"路易莎咖啡","opening_hours":"Mo-Su 07:00-21:00"},"geometry":{"type":"Point","coordinates":[121.483574,25.061772]}},{"type":"Feature","properties":{"id":"osm:node:9370672626","name":"50嵐","category":"cafe","name_en":"50 Lan","cuisine":"bubble_tea","brand":"50嵐"},"geometry":{"type":"Point","coordinates":[121.465903,25.051588]}},{"type":"Feature","properties":{"id":"osm:node:9370672628","name":"清心福全","category":"cafe","name_en":"Ching Shin","cuisine":"bubble_tea","brand":"清心福全"},"geometry":{"type":"Point","coordinates":[121.466241,25.051918]}},{"type":"Feature","properties":{"id":"osm:node:9375560794","name":"嘎哩咖啡 ｜ GaliGabi","category":"cafe","opening_hours":"Mo-Sa 11:00-20:00"},"geometry":{"type":"Point","coordinates":[121.521379,25.059938]}},{"type":"Feature","properties":{"id":"osm:node:9375696093","name":"路易莎咖啡","category":"cafe","name_en":"Louisa Coffee","cuisine":"coffee_shop","brand":"路易莎咖啡","opening_hours":"Mo-Su 07:00-21:00"},"geometry":{"type":"Point","coordinates":[121.521025,25.055704]}},{"type":"Feature","properties":{"id":"osm:node:9376359557","name":"一手私藏世界紅茶","category":"cafe","name_en":"ITSO Tea","cuisine":"bubble_tea","opening_hours":"10:00-21:30"},"geometry":{"type":"Point","coordinates":[121.541793,24.982793]}},{"type":"Feature","properties":{"id":"osm:node:9377991075","name":"85度C","category":"cafe","name_en":"85°C Bakery Cafe","cuisine":"coffee_shop","brand":"85度C"},"geometry":{"type":"Point","coordinates":[121.523006,24.999561]}},{"type":"Feature","properties":{"id":"osm:node:9381950236","name":"樹樂集","category":"cafe"},"geometry":{"type":"Point","coordinates":[121.568171,25.042424]}},{"type":"Feature","properties":{"id":"osm:node:9381950238","name":"享咖啡","category":"cafe"},"geometry":{"type":"Point","coordinates":[121.568313,25.042417]}},{"type":"Feature","properties":{"id":"osm:node:9381950259","name":"威爾貝克手烘咖啡吧","category":"cafe","name_en":"Wilbeck"},"geometry":{"type":"Point","coordinates":[121.568646,25.042162]}},{"type":"Feature","properties":{"id":"osm:node:9381950260","name":"FLASH COFFEE","category":"cafe"},"geometry":{"type":"Point","coordinates":[121.568629,25.041626]}},{"type":"Feature","properties":{"id":"osm:node:9385689519","name":"50嵐","category":"cafe","name_en":"50 Lan","cuisine":"bubble_tea","brand":"50嵐"},"geometry":{"type":"Point","coordinates":[121.45816,25.049281]}},{"type":"Feature","properties":{"id":"osm:node:9385689520","name":"烏弄","category":"cafe","cuisine":"bubble_tea"},"geometry":{"type":"Point","coordinates":[121.45849,25.049346]}},{"type":"Feature","properties":{"id":"osm:node:9385907806","name":"路易莎咖啡","category":"cafe","name_en":"Louisa Coffee","cuisine":"coffee_shop","brand":"路易莎咖啡"},"geometry":{"type":"Point","coordinates":[121.45561,25.049446]}},{"type":"Feature","properties":{"id":"osm:node:9385929630","name":"不二弄咖啡","category":"cafe"},"geometry":{"type":"Point","coordinates":[121.457983,25.049332]}},{"type":"Feature","properties":{"id":"osm:node:9410410164","name":"老咖啡館","category":"cafe"},"geometry":{"type":"Point","coordinates":[121.498082,25.069221]}},{"type":"Feature","properties":{"id":"osm:node:9410445936","name":"迷客夏","category":"cafe","name_en":"Milkshop","cuisine":"bubble_tea","brand":"迷客夏"},"geometry":{"type":"Point","coordinates":[121.496809,25.070193]}},{"type":"Feature","properties":{"id":"osm:node:9412122244","name":"岩語茶","category":"cafe","cuisine":"bubble_tea"},"geometry":{"type":"Point","coordinates":[121.49789,25.072965]}},{"type":"Feature","properties":{"id":"osm:node:9413227022","name":"七盞茶","category":"cafe","cuisine":"bubble_tea"},"geometry":{"type":"Point","coordinates":[121.491842,25.083551]}},{"type":"Feature","properties":{"id":"osm:node:9413227026","name":"路易莎咖啡","category":"cafe","name_en":"Louisa Coffee","cuisine":"coffee_shop","brand":"路易莎咖啡"},"geometry":{"type":"Point","coordinates":[121.491722,25.083691]}},{"type":"Feature","properties":{"id":"osm:node:9413227027","name":"大苑子","category":"cafe","name_en":"DaYung's","cuisine":"bubble_tea","brand":"大苑子"},"geometry":{"type":"Point","coordinates":[121.491692,25.083725]}},{"type":"Feature","properties":{"id":"osm:node:9413227029","name":"CoCo都可","category":"cafe","name_en":"CoCo Fresh Tea & Juice","cuisine":"bubble_tea","brand":"CoCo都可"},"geometry":{"type":"Point","coordinates":[121.491548,25.083634]}},{"type":"Feature","properties":{"id":"osm:node:9413227030","name":"清心福全","category":"cafe","name_en":"Ching Shin","cuisine":"bubble_tea","brand":"清心福全"},"geometry":{"type":"Point","coordinates":[121.491526,25.083667]}},{"type":"Feature","properties":{"id":"osm:node:9413227031","name":"迷客夏","category":"cafe","name_en":"Milkshop","cuisine":"bubble_tea","brand":"迷客夏"},"geometry":{"type":"Point","coordinates":[121.491427,25.08379]}},{"type":"Feature","properties":{"id":"osm:node:9413227050","name":"50嵐","category":"cafe","name_en":"50 Lan","cuisine":"bubble_tea","brand":"50嵐"},"geometry":{"type":"Point","coordinates":[121.492339,25.083087]}},{"type":"Feature","properties":{"id":"osm:node:9427849332","name":"天仁茗茶","category":"cafe","name_en":"TenRen's Tea","cuisine":"bubble_tea","brand":"天仁茗茶"},"geometry":{"type":"Point","coordinates":[121.520209,25.062621]}},{"type":"Feature","properties":{"id":"osm:node:9428651522","name":"清心福全","category":"cafe","name_en":"Ching Shin","cuisine":"bubble_tea","brand":"清心福全"},"geometry":{"type":"Point","coordinates":[121.497327,25.072598]}},{"type":"Feature","properties":{"id":"osm:node:9428782935","name":"50嵐","category":"cafe","name_en":"50 Lan","cuisine":"bubble_tea","brand":"50嵐"},"geometry":{"type":"Point","coordinates":[121.495704,25.069639]}},{"type":"Feature","properties":{"id":"osm:node:9428821180","name":"清心福全","category":"cafe","name_en":"Ching Shin","cuisine":"bubble_tea","brand":"清心福全"},"geometry":{"type":"Point","coordinates":[121.496082,25.068796]}},{"type":"Feature","properties":{"id":"osm:node:9429893507","name":"咖啡葉","category":"cafe"},"geometry":{"type":"Point","coordinates":[121.497256,25.064913]}},{"type":"Feature","properties":{"id":"osm:node:9429893508","name":"萬波島嶼紅茶","category":"cafe","cuisine":"bubble_tea"},"geometry":{"type":"Point","coordinates":[121.496935,25.066031]}},{"type":"Feature","properties":{"id":"osm:node:9429915991","name":"清心福全","category":"cafe","name_en":"Ching Shin","cuisine":"bubble_tea","brand":"清心福全"},"geometry":{"type":"Point","coordinates":[121.498048,25.060974]}},{"type":"Feature","properties":{"id":"osm:node:9433973078","name":"CoCo都可","category":"cafe","name_en":"CoCo Fresh Tea & Juice","cuisine":"bubble_tea","brand":"CoCo都可"},"geometry":{"type":"Point","coordinates":[121.498052,25.060918]}},{"type":"Feature","properties":{"id":"osm:node:9434112564","name":"客美多咖啡","category":"cafe","name_en":"Komeda Coffee Shop","cuisine":"coffee_shop","brand":"客美多咖啡","opening_hours":"PH,Mo-Su 07:30-21:00"},"geometry":{"type":"Point","coordinates":[121.522401,25.053844]}},{"type":"Feature","properties":{"id":"osm:node:9443935733","name":"50嵐","category":"cafe","name_en":"50 Lan","cuisine":"bubble_tea","brand":"50嵐"},"geometry":{"type":"Point","coordinates":[121.479955,25.086699]}},{"type":"Feature","properties":{"id":"osm:node:9444013256","name":"CoCo都可","category":"cafe","name_en":"CoCo Fresh Tea & Juice","cuisine":"bubble_tea","brand":"CoCo都可"},"geometry":{"type":"Point","coordinates":[121.474944,25.091389]}},{"type":"Feature","properties":{"id":"osm:node:9444373324","name":"清心福全","category":"cafe","name_en":"Ching Shin","cuisine":"bubble_tea","brand":"清心福全"},"geometry":{"type":"Point","coordinates":[121.466181,25.088578]}},{"type":"Feature","properties":{"id":"osm:node:9470754717","name":"威爾貝克咖啡","category":"cafe","name_en":"Wilbeck Caf'e","cuisine":"coffee_shop","opening_hours":"Mo-Fr 07:30-17:00; Sa-Su 08:00-17:00"},"geometry":{"type":"Point","coordinates":[121.560886,25.052142]}},{"type":"Feature","properties":{"id":"osm:node:9470756525","name":"旭咖啡 直火咖啡豆烘焙","category":"cafe","cuisine":"coffee_shop"},"geometry":{"type":"Point","coordinates":[121.56821,25.051478]}},{"type":"Feature","properties":{"id":"osm:node:9470756622","name":"All Day Roasting Company","category":"cafe","cuisine":"coffee_shop","opening_hours":"Mo-Su 10:00-21:00"},"geometry":{"type":"Point","coordinates":[121.560221,25.056714]}},{"type":"Feature","properties":{"id":"osm:node:9470806920","name":"Daychill Specialty Coffee Co.","category":"cafe","cuisine":"cake;coffee_shop","opening_hours":"Tu-Su 12:00-23:00"},"geometry":{"type":"Point","coordinates":[121.559154,25.051887]}},{"type":"Feature","properties":{"id":"osm:node:9470832817","name":"子木咖啡","category":"cafe","cuisine":"cake;coffee_shop;tea"},"geometry":{"type":"Point","coordinates":[121.556814,25.056274]}},{"type":"Feature","properties":{"id":"osm:node:9480188917","name":"瑞帛咖啡","category":"cafe","name_en":"Rebirth Coffee","cuisine":"coffee_shop","opening_hours":"Mo-Fr 11:00-20:00; Sa-Su 10:00-20:00"},"geometry":{"type":"Point","coordinates":[121.561707,25.050319]}},{"type":"Feature","properties":{"id":"osm:node:9483165417","name":"星巴克","category":"cafe","name_en":"Starbucks","cuisine":"coffee_shop","brand":"星巴克"},"geometry":{"type":"Point","coordinates":[121.562484,25.058571]}},{"type":"Feature","properties":{"id":"osm:node:9483257917","name":"確幸咖啡","category":"cafe","cuisine":"coffee_shop"},"geometry":{"type":"Point","coordinates":[121.562059,25.055305]}},{"type":"Feature","properties":{"id":"osm:node:9488711538","name":"吳大牛蕉糖茶飲","category":"cafe","cuisine":"bubble_tea"},"geometry":{"type":"Point","coordinates":[121.539868,25.043225]}},{"type":"Feature","properties":{"id":"osm:node:9488711542","name":"路易莎咖啡","category":"cafe","name_en":"Louisa Coffee","cuisine":"coffee_shop","brand":"路易莎咖啡"},"geometry":{"type":"Point","coordinates":[121.539838,25.042692]}},{"type":"Feature","properties":{"id":"osm:node:9488711549","name":"EIDOS Cafe","category":"cafe"},"geometry":{"type":"Point","coordinates":[121.540072,25.042427]}},{"type":"Feature","properties":{"id":"osm:node:9488711559","name":"VWI by CHADWANG","category":"cafe","opening_hours":"11:00 - 19:00"},"geometry":{"type":"Point","coordinates":[121.540773,25.042291]}},{"type":"Feature","properties":{"id":"osm:node:9504544772","name":"清心福全","category":"cafe","name_en":"Ching Shin","cuisine":"bubble_tea","brand":"清心福全"},"geometry":{"type":"Point","coordinates":[121.526424,25.043081]}},{"type":"Feature","properties":{"id":"osm:node:9504555263","name":"cama café","category":"cafe","name_en":"cama café","opening_hours":"Mo-Su 07:30-17:00"},"geometry":{"type":"Point","coordinates":[121.526881,25.04369]}},{"type":"Feature","properties":{"id":"osm:node:9505062138","name":"雅加達早餐店","category":"cafe","cuisine":"breakfast","opening_hours":"Mo-Fr 06:00-14:00; Sa-Su 06:00-14:00"},"geometry":{"type":"Point","coordinates":[121.526376,25.042912]}},{"type":"Feature","properties":{"id":"osm:node:9505620487","name":"啜咖啡","category":"cafe","name_en":"TRUE COFFEE ROASTERS"},"geometry":{"type":"Point","coordinates":[121.47486,25.013173]}},{"type":"Feature","properties":{"id":"osm:node:9509611673","name":"Yolo's Cafe","category":"cafe"},"geometry":{"type":"Point","coordinates":[121.492591,25.070918]}},{"type":"Feature","properties":{"id":"osm:node:9510157259","name":"泡咖啡","category":"cafe"},"geometry":{"type":"Point","coordinates":[121.492216,25.070406]}},{"type":"Feature","properties":{"id":"osm:node:9514710734","name":"亞曼手工咖啡館","category":"cafe"},"geometry":{"type":"Point","coordinates":[121.492578,25.061769]}},{"type":"Feature","properties":{"id":"osm:node:9518867717","name":"玉虫画室","category":"cafe","cuisine":"coffee_shop"},"geometry":{"type":"Point","coordinates":[121.60157,25.054144]}},{"type":"Feature","properties":{"id":"osm:node:9520198452","name":"星巴克","category":"cafe","name_en":"Starbucks","cuisine":"coffee_shop","brand":"星巴克"},"geometry":{"type":"Point","coordinates":[121.516251,25.096245]}},{"type":"Feature","properties":{"id":"osm:node:9522095340","name":"企鵝茶茶","category":"cafe","cuisine":"bubble_tea"},"geometry":{"type":"Point","coordinates":[121.495881,25.061768]}},{"type":"Feature","properties":{"id":"osm:node:9523801581","name":"聊國咖啡烘培館","category":"cafe"},"geometry":{"type":"Point","coordinates":[121.490093,25.058626]}},{"type":"Feature","properties":{"id":"osm:node:9544350817","name":"瑰夏咖啡永春店","category":"cafe","name_en":"UNC COFFEE"},"geometry":{"type":"Point","coordinates":[121.574131,25.039782]}},{"type":"Feature","properties":{"id":"osm:node:9550892943","name":"星巴克","category":"cafe","name_en":"Starbucks","cuisine":"coffee_shop","brand":"星巴克","opening_hours":"Mo-Fr 07:30-19:00; Sa,Su 07:30-18:00"},"geometry":{"type":"Point","coordinates":[121.529196,25.026821]}},{"type":"Feature","properties":{"id":"osm:node:9552480617","name":"磨食光","category":"cafe","name_en":"Homemade tofu pudding"},"geometry":{"type":"Point","coordinates":[121.544874,25.06275]}},{"type":"Feature","properties":{"id":"osm:node:9565724067","name":"五桐號","category":"cafe","name_en":"WooTea","cuisine":"bubble_tea","brand":"五桐號"},"geometry":{"type":"Point","coordinates":[121.546422,25.083208]}},{"type":"Feature","properties":{"id":"osm:node:9572372851","name":"客美多咖啡","category":"cafe","name_en":"Komeda Coffee Shop","cuisine":"coffee_shop","brand":"客美多咖啡"},"geometry":{"type":"Point","coordinates":[121.567782,25.041248]}},{"type":"Feature","properties":{"id":"osm:node:9599352306","name":"dreamers coffee","category":"cafe","cuisine":"coffee_shop"},"geometry":{"type":"Point","coordinates":[121.546652,24.975576]}},{"type":"Feature","properties":{"id":"osm:node:9610069275","name":"BOBOLU","category":"cafe"},"geometry":{"type":"Point","coordinates":[121.568873,25.042549]}},{"type":"Feature","properties":{"id":"osm:node:9610069288","name":"迷客夏","category":"cafe","name_en":"Milkshop","cuisine":"bubble_tea","brand":"迷客夏"},"geometry":{"type":"Point","coordinates":[121.568685,25.043212]}},{"type":"Feature","properties":{"id":"osm:node:9610069289","name":"五桐號","category":"cafe","name_en":"WooTea","cuisine":"bubble_tea","brand":"五桐號"},"geometry":{"type":"Point","coordinates":[121.568841,25.043192]}},{"type":"Feature","properties":{"id":"osm:node:9629155353","name":"牙口","category":"cafe","opening_hours":"Tu-Su 11:30-21:00"},"geometry":{"type":"Point","coordinates":[121.497152,25.130998]}},{"type":"Feature","properties":{"id":"osm:node:9631979143","name":"路易莎咖啡","category":"cafe","name_en":"Louisa Coffee","cuisine":"coffee_shop","brand":"路易莎咖啡","opening_hours":"Mo-Su 07:00-17:00"},"geometry":{"type":"Point","coordinates":[121.56435,25.028533]}},{"type":"Feature","properties":{"id":"osm:node:9645120017","name":"LZPT","category":"cafe","cuisine":"coffee_shop;sandwich"},"geometry":{"type":"Point","coordinates":[121.588792,25.061807]}},{"type":"Feature","properties":{"id":"osm:node:9652119424","name":"路易莎咖啡","category":"cafe","name_en":"Louisa Coffee","cuisine":"coffee_shop","brand":"路易莎咖啡"},"geometry":{"type":"Point","coordinates":[121.517621,25.041419]}},{"type":"Feature","properties":{"id":"osm:node:9662157322","name":"MJ Coffee","category":"cafe"},"geometry":{"type":"Point","coordinates":[121.537328,25.059762]}},{"type":"Feature","properties":{"id":"osm:node:9673380372","name":"Bravo Caffè 布拉弗咖啡","category":"cafe","cuisine":"coffee_shop;咖啡;咖啡豆"},"geometry":{"type":"Point","coordinates":[121.558222,25.032121]}},{"type":"Feature","properties":{"id":"osm:node:9681818523","name":"GEORGE HOUSE 世界精品咖啡專賣","category":"cafe"},"geometry":{"type":"Point","coordinates":[121.530155,25.028978]}},{"type":"Feature","properties":{"id":"osm:node:9685478740","name":"MOJO 1921","category":"cafe","cuisine":"coffee_shop","opening_hours":"10:00-18:00"},"geometry":{"type":"Point","coordinates":[121.519554,25.050633]}},{"type":"Feature","properties":{"id":"osm:node:9692758417","name":"卡門自家烘焙咖啡館","category":"cafe","name_en":"Carmen coffee","cuisine":"coffee_shop"},"geometry":{"type":"Point","coordinates":[121.46683,25.023191]}},{"type":"Feature","properties":{"id":"osm:node:9694236175","name":"全民小站","category":"cafe"},"geometry":{"type":"Point","coordinates":[121.478405,25.028018]}},{"type":"Feature","properties":{"id":"osm:node:9708859897","name":"清心福全","category":"cafe","name_en":"Ching Shin","cuisine":"bubble_tea","brand":"清心福全"},"geometry":{"type":"Point","coordinates":[121.517481,25.014357]}},{"type":"Feature","properties":{"id":"osm:node:9709472578","name":"清心福全","category":"cafe","name_en":"Ching Shin","cuisine":"bubble_tea","brand":"清心福全"},"geometry":{"type":"Point","coordinates":[121.51439,25.027302]}},{"type":"Feature","properties":{"id":"osm:node:9713631612","name":"50嵐","category":"cafe","name_en":"50 Lan","cuisine":"bubble_tea","brand":"50嵐"},"geometry":{"type":"Point","coordinates":[121.499043,25.035409]}},{"type":"Feature","properties":{"id":"osm:node:9720203901","name":"燒杯咖啡藝廚","category":"cafe"},"geometry":{"type":"Point","coordinates":[121.498886,25.034847]}},{"type":"Feature","properties":{"id":"osm:node:9720220779","name":"白巷子","category":"cafe","cuisine":"bubble_tea"},"geometry":{"type":"Point","coordinates":[121.498408,25.035144]}},{"type":"Feature","properties":{"id":"osm:node:9725096946","name":"可不可熟成紅茶","category":"cafe","name_en":"Kebuke","cuisine":"bubble_tea","brand":"可不可熟成紅茶"},"geometry":{"type":"Point","coordinates":[121.477288,25.030185]}},{"type":"Feature","properties":{"id":"osm:node:9725205260","name":"丹堤咖啡","category":"cafe"},"geometry":{"type":"Point","coordinates":[121.507235,25.033455]}},{"type":"Feature","properties":{"id":"osm:node:9725205288","name":"50嵐","category":"cafe","name_en":"50 Lan","cuisine":"bubble_tea","brand":"50嵐"},"geometry":{"type":"Point","coordinates":[121.507325,25.033859]}},{"type":"Feature","properties":{"id":"osm:node:9725205289","name":"珍煮丹","category":"cafe","name_en":"Truedan","cuisine":"bubble_tea","brand":"珍煮丹","opening_hours":"Mo-Su 10:00-21:00"},"geometry":{"type":"Point","coordinates":[121.507304,25.033726]}},{"type":"Feature","properties":{"id":"osm:node:9726321516","name":"清心福全","category":"cafe","name_en":"Ching Shin","cuisine":"bubble_tea","brand":"清心福全"},"geometry":{"type":"Point","coordinates":[121.479073,25.016749]}},{"type":"Feature","properties":{"id":"osm:node:9734654198","name":"50嵐","category":"cafe","name_en":"50 Lan","cuisine":"bubble_tea","brand":"50嵐"},"geometry":{"type":"Point","coordinates":[121.481134,25.000814]}},{"type":"Feature","properties":{"id":"osm:node:9734654204","name":"可不可熟成紅茶","category":"cafe","name_en":"Kebuke","cuisine":"bubble_tea","brand":"可不可熟成紅茶"},"geometry":{"type":"Point","coordinates":[121.481539,25.001025]}},{"type":"Feature","properties":{"id":"osm:node:9734654221","name":"CoCo都可","category":"cafe","name_en":"CoCo Fresh Tea & Juice","cuisine":"bubble_tea","brand":"CoCo都可"},"geometry":{"type":"Point","coordinates":[121.481225,25.001502]}},{"type":"Feature","properties":{"id":"osm:node:9734654222","name":"清心福全","category":"cafe","name_en":"Ching Shin","cuisine":"bubble_tea","brand":"清心福全"},"geometry":{"type":"Point","coordinates":[121.481192,25.002014]}},{"type":"Feature","properties":{"id":"osm:node:9741363500","name":"星巴克","category":"cafe","name_en":"Starbucks","cuisine":"coffee_shop","brand":"星巴克"},"geometry":{"type":"Point","coordinates":[121.505331,24.995123]}},{"type":"Feature","properties":{"id":"osm:node:9741462074","name":"清心福全","category":"cafe","name_en":"Ching Shin","cuisine":"bubble_tea","brand":"清心福全"},"geometry":{"type":"Point","coordinates":[121.505345,24.999608]}},{"type":"Feature","properties":{"id":"osm:node:9741462096","name":"小木屋鬆餅","category":"cafe"},"geometry":{"type":"Point","coordinates":[121.504097,24.999593]}},{"type":"Feature","properties":{"id":"osm:node:9742922397","name":"星巴克","category":"cafe","name_en":"Starbucks","cuisine":"coffee_shop","brand":"星巴克"},"geometry":{"type":"Point","coordinates":[121.594308,25.084103]}},{"type":"Feature","properties":{"id":"osm:node:9744950736","name":"CoCo都可","category":"cafe","name_en":"CoCo Fresh Tea & Juice","cuisine":"bubble_tea","brand":"CoCo都可"},"geometry":{"type":"Point","coordinates":[121.478416,25.031079]}},{"type":"Feature","properties":{"id":"osm:node:9744950755","name":"Comebuy","category":"cafe"},"geometry":{"type":"Point","coordinates":[121.478215,25.030965]}},{"type":"Feature","properties":{"id":"osm:node:9744950757","name":"珍煮丹","category":"cafe","name_en":"Truedan","cuisine":"bubble_tea","brand":"珍煮丹"},"geometry":{"type":"Point","coordinates":[121.477913,25.030813]}},{"type":"Feature","properties":{"id":"osm:node:9744950781","name":"清心福全","category":"cafe","name_en":"Ching Shin","cuisine":"bubble_tea","brand":"清心福全"},"geometry":{"type":"Point","coordinates":[121.477827,25.030936]}},{"type":"Feature","properties":{"id":"osm:node:9744950793","name":"七盞茶","category":"cafe","cuisine":"bubble_tea"},"geometry":{"type":"Point","coordinates":[121.476769,25.030849]}},{"type":"Feature","properties":{"id":"osm:node:9773292986","name":"路易莎咖啡","category":"cafe","name_en":"Louisa Coffee","cuisine":"coffee_shop","brand":"路易莎咖啡"},"geometry":{"type":"Point","coordinates":[121.541481,24.968282]}},{"type":"Feature","properties":{"id":"osm:node:9774005432","name":"真情清茶館","category":"cafe"},"geometry":{"type":"Point","coordinates":[121.498963,25.039525]}},{"type":"Feature","properties":{"id":"osm:node:9775314399","name":"功夫茶","category":"cafe","cuisine":"bubble_tea"},"geometry":{"type":"Point","coordinates":[121.542417,24.971139]}},{"type":"Feature","properties":{"id":"osm:node:9776303064","name":"Comebuy","category":"cafe","cuisine":"bubble_tea"},"geometry":{"type":"Point","coordinates":[121.540153,24.97281]}},{"type":"Feature","properties":{"id":"osm:node:9776303094","name":"路易莎咖啡","category":"cafe","name_en":"Louisa Coffee","cuisine":"coffee_shop","brand":"路易莎咖啡"},"geometry":{"type":"Point","coordinates":[121.53962,24.973327]}},{"type":"Feature","properties":{"id":"osm:node:9776389676","name":"85度C","category":"cafe","name_en":"85°C Bakery Cafe","cuisine":"coffee_shop","brand":"85度C","opening_hours":"Mo-Su 08:00-20:00"},"geometry":{"type":"Point","coordinates":[121.535218,24.975437]}},{"type":"Feature","properties":{"id":"osm:node:9821556417","name":"羅丹薩咖啡","category":"cafe"},"geometry":{"type":"Point","coordinates":[121.545225,24.969741]}},{"type":"Feature","properties":{"id":"osm:node:9843008452","name":"路易莎咖啡","category":"cafe","name_en":"Louisa Coffee","cuisine":"coffee_shop","brand":"路易莎咖啡","opening_hours":"Mo-Su 07:00-21:00"},"geometry":{"type":"Point","coordinates":[121.469597,25.01771]}},{"type":"Feature","properties":{"id":"osm:node:9850794431","name":"cama","category":"cafe"},"geometry":{"type":"Point","coordinates":[121.510827,25.045902]}},{"type":"Feature","properties":{"id":"osm:node:9850794436","name":"鬧咖啡","category":"cafe","name_en":"Now Coffee","opening_hours":"Mo-Sa 10:00-22:00,Su 11:00-19:00"},"geometry":{"type":"Point","coordinates":[121.510494,25.045475]}},{"type":"Feature","properties":{"id":"osm:node:9854838087","name":"Louisa Coffee 路易．莎咖啡","category":"cafe","cuisine":"coffee_shop;飲料","opening_hours":"Mo-Su 07:30-21:00"},"geometry":{"type":"Point","coordinates":[121.655884,25.065714]}},{"type":"Feature","properties":{"id":"osm:node:9867275827","name":"路易莎咖啡","category":"cafe","name_en":"Louisa Coffee","cuisine":"coffee_shop","brand":"路易莎咖啡"},"geometry":{"type":"Point","coordinates":[121.458924,24.980491]}},{"type":"Feature","properties":{"id":"osm:node:9867852243","name":"珍煮丹","category":"cafe","name_en":"Truedan","cuisine":"bubble_tea","brand":"珍煮丹"},"geometry":{"type":"Point","coordinates":[121.460464,25.008798]}},{"type":"Feature","properties":{"id":"osm:node:9867852316","name":"麻古茶坊","category":"cafe","name_en":"Macu","cuisine":"bubble_tea","brand":"麻古茶坊"},"geometry":{"type":"Point","coordinates":[121.459457,25.002291]}},{"type":"Feature","properties":{"id":"osm:node:9867874517","name":"50嵐","category":"cafe","name_en":"50 Lan","cuisine":"bubble_tea","brand":"50嵐"},"geometry":{"type":"Point","coordinates":[121.459498,25.002402]}},{"type":"Feature","properties":{"id":"osm:node:9867874518","name":"圓石","category":"cafe","cuisine":"bubble_tea"},"geometry":{"type":"Point","coordinates":[121.458364,24.99966]}},{"type":"Feature","properties":{"id":"osm:node:9880278822","name":"Miracle Coffee","category":"cafe","cuisine":"coffee_shop","opening_hours":"Mo-Fr 08:00-17:00; Sa 11:00-18:00; Su closed"},"geometry":{"type":"Point","coordinates":[121.568489,25.081228]}},{"type":"Feature","properties":{"id":"osm:node:9894683565","name":"Come Buy","category":"cafe","cuisine":"bubble_tea"},"geometry":{"type":"Point","coordinates":[121.520903,25.06323]}},{"type":"Feature","properties":{"id":"osm:node:9894794483","name":"路易莎咖啡","category":"cafe","name_en":"Louisa Coffee","cuisine":"coffee_shop","brand":"路易莎咖啡"},"geometry":{"type":"Point","coordinates":[121.538309,25.033274]}},{"type":"Feature","properties":{"id":"osm:node:9894949449","name":"烏弄原生茶飲","category":"cafe","cuisine":"bubble_tea"},"geometry":{"type":"Point","coordinates":[121.519531,25.070566]}},{"type":"Feature","properties":{"id":"osm:node:9920262349","name":"得正","category":"cafe","name_en":"Dejeng","cuisine":"bubble_tea"},"geometry":{"type":"Point","coordinates":[121.477571,25.017431]}},{"type":"Feature","properties":{"id":"osm:node:9920262350","name":"貝思可咖啡店","category":"cafe","name_en":"Bassikle Coffee","cuisine":"coffee"},"geometry":{"type":"Point","coordinates":[121.479052,25.018791]}},{"type":"Feature","properties":{"id":"osm:node:9920856879","name":"CoCo都可","category":"cafe","name_en":"CoCo Fresh Tea & Juice","cuisine":"bubble_tea","brand":"CoCo都可"},"geometry":{"type":"Point","coordinates":[121.475529,25.016049]}},{"type":"Feature","properties":{"id":"osm:node:9933997386","name":"85度C","category":"cafe","name_en":"85°C Bakery Cafe","cuisine":"coffee_shop","brand":"85度C","opening_hours":"Mo-Su 07:00-22:00"},"geometry":{"type":"Point","coordinates":[121.455837,25.017017]}},{"type":"Feature","properties":{"id":"osm:node:9942307368","name":"茶嗎啡","category":"cafe","cuisine":"bubble_tea"},"geometry":{"type":"Point","coordinates":[121.481683,25.023348]}},{"type":"Feature","properties":{"id":"osm:node:9948667207","name":"茶鬍","category":"cafe","cuisine":"bubble_tea"},"geometry":{"type":"Point","coordinates":[121.510898,25.04505]}},{"type":"Feature","properties":{"id":"osm:node:9960842245","name":"路易莎咖啡","category":"cafe","name_en":"Louisa Coffee","cuisine":"coffee_shop","brand":"路易莎咖啡"},"geometry":{"type":"Point","coordinates":[121.525979,25.09551]}},{"type":"Feature","properties":{"id":"osm:node:9971567225","name":"魚池貳壹","category":"cafe","cuisine":"bubble_tea"},"geometry":{"type":"Point","coordinates":[121.508129,25.045269]}},{"type":"Feature","properties":{"id":"osm:node:9971701712","name":"163 Lane","category":"cafe","cuisine":"bubble_tea"},"geometry":{"type":"Point","coordinates":[121.507939,25.035019]}},{"type":"Feature","properties":{"id":"osm:node:9971709148","name":"路易莎咖啡","category":"cafe","name_en":"Louisa Coffee","cuisine":"coffee_shop","brand":"路易莎咖啡"},"geometry":{"type":"Point","coordinates":[121.505381,25.037461]}},{"type":"Feature","properties":{"id":"osm:node:9980136774","name":"阿娘喂 廖老大茶坊連鎖","category":"cafe","cuisine":"bubble_tea"},"geometry":{"type":"Point","coordinates":[121.493983,25.059349]}},{"type":"Feature","properties":{"id":"osm:node:9980253323","name":"89咖啡館","category":"cafe"},"geometry":{"type":"Point","coordinates":[121.491129,25.068766]}},{"type":"Feature","properties":{"id":"osm:node:9986403871","name":"龍角手作茶","category":"cafe","cuisine":"bubble_tea"},"geometry":{"type":"Point","coordinates":[121.528176,25.022059]}},{"type":"Feature","properties":{"id":"osm:node:9988961741","name":"彼得好咖啡","category":"cafe"},"geometry":{"type":"Point","coordinates":[121.518812,25.031641]}},{"type":"Feature","properties":{"id":"osm:node:9988968315","name":"珍煮丹","category":"cafe","name_en":"Truedan","cuisine":"bubble_tea","brand":"珍煮丹"},"geometry":{"type":"Point","coordinates":[121.51859,25.031947]}},{"type":"Feature","properties":{"id":"osm:way:1005741393","name":"茶星星","category":"cafe"},"geometry":{"type":"Point","coordinates":[121.477648,25.018199]}},{"type":"Feature","properties":{"id":"osm:way:1163244752","name":"酒等了・ 臺北流行音樂中心","category":"cafe","name_en":"Wait9time ShopTaipei Music Center","opening_hours":"Tu-Su 15:00-23:00"},"geometry":{"type":"Point","coordinates":[121.599323,25.051568]}},{"type":"Feature","properties":{"id":"osm:way:1189925630","name":"野人花園","category":"cafe"},"geometry":{"type":"Point","coordinates":[121.566261,25.145362]}},{"type":"Feature","properties":{"id":"osm:way:1212998074","name":"集","category":"cafe"},"geometry":{"type":"Point","coordinates":[121.509431,25.053983]}},{"type":"Feature","properties":{"id":"osm:way:1212999943","name":"DOZE","category":"cafe","cuisine":"coffee_shop"},"geometry":{"type":"Point","coordinates":[121.52095,25.022901]}},{"type":"Feature","properties":{"id":"osm:way:1302021057","name":"Studio 94","category":"cafe"},"geometry":{"type":"Point","coordinates":[121.545556,25.107267]}},{"type":"Feature","properties":{"id":"osm:way:1307690215","name":"光點珈琲時光 華山店","category":"cafe","name_en":"Spot Café Lumière"},"geometry":{"type":"Point","coordinates":[121.528828,25.045133]}},{"type":"Feature","properties":{"id":"osm:way:1377475859","name":"星巴克","category":"cafe","name_en":"Starbucks","cuisine":"coffee_shop","brand":"星巴克","opening_hours":"Mo-Sa 07:00-21:00"},"geometry":{"type":"Point","coordinates":[121.497847,25.001412]}},{"type":"Feature","properties":{"id":"osm:way:1458308190","name":"無人咖啡廳","category":"cafe","cuisine":"coffee_shop"},"geometry":{"type":"Point","coordinates":[121.551565,25.063438]}},{"type":"Feature","properties":{"id":"osm:way:1495609843","name":"Drinkstore","category":"cafe","name_en":"Drinkstore","cuisine":"bubble_tea"},"geometry":{"type":"Point","coordinates":[121.54035,25.018062]}},{"type":"Feature","properties":{"id":"osm:way:195837535","name":"想 陽明山","category":"cafe","name_en":"The Cafe by Xiang Yang Ming Shan"},"geometry":{"type":"Point","coordinates":[121.542218,25.136967]}},{"type":"Feature","properties":{"id":"osm:way:232093694","name":"西雅圖極品咖啡","category":"cafe","name_en":"Barista Coffee","cuisine":"coffee_shop","brand":"西雅圖極品咖啡","opening_hours":"Mo-Su 07:00-21:00"},"geometry":{"type":"Point","coordinates":[121.560288,25.032649]}},{"type":"Feature","properties":{"id":"osm:way:544063329","name":"小樽手作咖啡","category":"cafe","name_en":"Otaru Coffee"},"geometry":{"type":"Point","coordinates":[121.530363,25.094074]}},{"type":"Feature","properties":{"id":"osm:way:587071180","name":"星巴克","category":"cafe","name_en":"Starbucks","cuisine":"coffee_shop","brand":"星巴克","opening_hours":"Mo-Su 08:00-20:00"},"geometry":{"type":"Point","coordinates":[121.54293,25.136239]}},{"type":"Feature","properties":{"id":"osm:way:605816417","name":"珈樂比咖啡簡餐","category":"cafe"},"geometry":{"type":"Point","coordinates":[121.662972,25.053052]}},{"type":"Feature","properties":{"id":"osm:way:658674044","name":"OTIS Caf'e","category":"cafe","cuisine":"italian;chinese;coffee_shop"},"geometry":{"type":"Point","coordinates":[121.524864,25.096682]}},{"type":"Feature","properties":{"id":"osm:way:689548282","name":"河畔印月","category":"cafe"},"geometry":{"type":"Point","coordinates":[121.494814,25.113505]}},{"type":"Feature","properties":{"id":"osm:way:718041367","name":"knock knock","category":"cafe","name_en":"knock knock"},"geometry":{"type":"Point","coordinates":[121.591278,25.083267]}},{"type":"Feature","properties":{"id":"osm:way:730667588","name":"路易莎","category":"cafe"},"geometry":{"type":"Point","coordinates":[121.503008,25.137912]}},{"type":"Feature","properties":{"id":"osm:way:824474359","name":"白柴咖啡","category":"cafe"},"geometry":{"type":"Point","coordinates":[121.580983,24.973341]}},{"type":"Feature","properties":{"id":"osm:way:833098540","name":"星巴克","category":"cafe","name_en":"Starbucks","cuisine":"coffee_shop","brand":"星巴克","opening_hours":"Mo-Su 07:30-21:30"},"geometry":{"type":"Point","coordinates":[121.458895,25.155043]}},{"type":"Feature","properties":{"id":"osm:way:856427814","name":"王大閎書軒 DH Café","category":"cafe"},"geometry":{"type":"Point","coordinates":[121.52403,25.071086]}}]}