{"type":"FeatureCollection","features":[{"type":"Feature","properties":{"id":"osm:node:10029138970","name":"佳和診所","category":"clinic"},"geometry":{"type":"Point","coordinates":[121.504492,25.004325]}},{"type":"Feature","properties":{"id":"osm:node:10032296937","name":"軒林中醫","category":"clinic"},"geometry":{"type":"Point","coordinates":[121.481538,25.079695]}},{"type":"Feature","properties":{"id":"osm:node:10032296946","name":"仁新小兒科","category":"clinic"},"geometry":{"type":"Point","coordinates":[121.481722,25.080523]}},{"type":"Feature","properties":{"id":"osm:node:10032296947","name":"九如聯合診所","category":"clinic"},"geometry":{"type":"Point","coordinates":[121.481248,25.08027]}},{"type":"Feature","properties":{"id":"osm:node:10032297014","name":"維德徐匯診所","category":"clinic"},"geometry":{"type":"Point","coordinates":[121.481499,25.080132]}},{"type":"Feature","properties":{"id":"osm:node:10032320710","name":"全心堂中醫診所","category":"clinic"},"geometry":{"type":"Point","coordinates":[121.487047,25.072592]}},{"type":"Feature","properties":{"id":"osm:node:10034508532","name":"長壽耳鼻喉科","category":"clinic"},"geometry":{"type":"Point","coordinates":[121.496346,25.066999]}},{"type":"Feature","properties":{"id":"osm:node:10034508533","name":"美上美皮膚科","category":"clinic","opening_hours":"Mo-Sa 12:15-19:00"},"geometry":{"type":"Point","coordinates":[121.49691,25.065033]}},{"type":"Feature","properties":{"id":"osm:node:10037505000","name":"集美診所","category":"clinic"},"geometry":{"type":"Point","coordinates":[121.4904,25.0532]}},{"type":"Feature","properties":{"id":"osm:node:10074174702","name":"小兒科","category":"clinic"},"geometry":{"type":"Point","coordinates":[121.481404,25.000551]}},{"type":"Feature","properties":{"id":"osm:node:10080204909","name":"南京京都堂中醫診所","category":"clinic"},"geometry":{"type":"Point","coordinates":[121.526246,25.051898]}},{"type":"Feature","properties":{"id":"osm:node:10250167562","name":"鴻仁中醫診所","category":"clinic"},"geometry":{"type":"Point","coordinates":[121.479045,25.016246]}},{"type":"Feature","properties":{"id":"osm:node:10250167563","name":"榮新診所","category":"clinic"},"geometry":{"type":"Point","coordinates":[121.479397,25.019853]}},{"type":"Feature","properties":{"id":"osm:node:10250167564","name":"榮恩診所","category":"clinic"},"geometry":{"type":"Point","coordinates":[121.479402,25.019726]}},{"type":"Feature","properties":{"id":"osm:node:10250167568","name":"京澄皮膚專科診所","category":"clinic","opening_hours":"Mo-Fr 09:00-12:00,15:00-18:00,18:30-21:30; Sa 09:00-12:00,15:00-18:00; Su 09:00-12:00"},"geometry":{"type":"Point","coordinates":[121.479417,25.019466]}},{"type":"Feature","properties":{"id":"osm:node:10268953146","name":"施丞修中醫診所","category":"clinic"},"geometry":{"type":"Point","coordinates":[121.48173,25.020003]}},{"type":"Feature","properties":{"id":"osm:node:10268953151","name":"長生外科診所","category":"clinic"},"geometry":{"type":"Point","coordinates":[121.482591,25.021017]}},{"type":"Feature","properties":{"id":"osm:node:10268953155","name":"裕安中醫診所","category":"clinic"},"geometry":{"type":"Point","coordinates":[121.482365,25.020858]}},{"type":"Feature","properties":{"id":"osm:node:10271125764","name":"樂福診所","category":"clinic"},"geometry":{"type":"Point","coordinates":[121.479459,25.016456]}},{"type":"Feature","properties":{"id":"osm:node:10271125766","name":"蕭奕仁診所","category":"clinic"},"geometry":{"type":"Point","coordinates":[121.479459,25.016358]}},{"type":"Feature","properties":{"id":"osm:node:10271125775","name":"天祐中醫診所","category":"clinic"},"geometry":{"type":"Point","coordinates":[121.479387,25.015695]}},{"type":"Feature","properties":{"id":"osm:node:10271125778","name":"悅安心復健專科診所","category":"clinic"},"geometry":{"type":"Point","coordinates":[121.479377,25.015462]}},{"type":"Feature","properties":{"id":"osm:node:10271125786","name":"連建安診所","category":"clinic"},"geometry":{"type":"Point","coordinates":[121.478956,25.015418]}},{"type":"Feature","properties":{"id":"osm:node:10308158108","name":"人生中醫診所","category":"clinic"},"geometry":{"type":"Point","coordinates":[121.513671,25.056372]}},{"type":"Feature","properties":{"id":"osm:node:10312461304","name":"臻心美妍診所","category":"clinic"},"geometry":{"type":"Point","coordinates":[121.545539,25.033791]}},{"type":"Feature","properties":{"id":"osm:node:10536333056","name":"天心中醫診所","category":"clinic"},"geometry":{"type":"Point","coordinates":[121.511998,25.044163]}},{"type":"Feature","properties":{"id":"osm:node:10553911606","name":"慈蕙診所","category":"clinic"},"geometry":{"type":"Point","coordinates":[121.478755,25.012564]}},{"type":"Feature","properties":{"id":"osm:node:10675699620","name":"忠孝英爵診所","category":"clinic"},"geometry":{"type":"Point","coordinates":[121.564061,25.041512]}},{"type":"Feature","properties":{"id":"osm:node:10685028228","name":"儷寶得信義皮膚科診所","category":"clinic"},"geometry":{"type":"Point","coordinates":[121.565961,25.042062]}},{"type":"Feature","properties":{"id":"osm:node:10715812049","name":"寶鶴堂中醫診所","category":"clinic"},"geometry":{"type":"Point","coordinates":[121.495557,25.061303]}},{"type":"Feature","properties":{"id":"osm:node:10719155914","name":"耀安小兒科診所","category":"clinic"},"geometry":{"type":"Point","coordinates":[121.471679,25.007955]}},{"type":"Feature","properties":{"id":"osm:node:10731752064","name":"遠東中醫診所","category":"clinic"},"geometry":{"type":"Point","coordinates":[121.472064,25.007738]}},{"type":"Feature","properties":{"id":"osm:node:10731776292","name":"寶島診所","category":"clinic"},"geometry":{"type":"Point","coordinates":[121.472456,25.006982]}},{"type":"Feature","properties":{"id":"osm:node:10740508963","name":"欣安藥局","category":"clinic"},"geometry":{"type":"Point","coordinates":[121.476471,25.030533]}},{"type":"Feature","properties":{"id":"osm:node:10740509386","name":"板橋聖昌中醫診所","category":"clinic"},"geometry":{"type":"Point","coordinates":[121.476172,25.030598]}},{"type":"Feature","properties":{"id":"osm:node:10752516032","name":"君綺時尚診所","category":"clinic"},"geometry":{"type":"Point","coordinates":[121.508451,25.044802]}},{"type":"Feature","properties":{"id":"osm:node:10756336604","name":"京采美醫診所","category":"clinic"},"geometry":{"type":"Point","coordinates":[121.507494,25.041022]}},{"type":"Feature","properties":{"id":"osm:node:10756699036","name":"瑪麗安婦產科診所","category":"clinic"},"geometry":{"type":"Point","coordinates":[121.507786,25.041818]}},{"type":"Feature","properties":{"id":"osm:node:10939883332","name":"廣全家醫科診所","category":"clinic"},"geometry":{"type":"Point","coordinates":[121.453939,24.986646]}},{"type":"Feature","properties":{"id":"osm:node:10967812130","name":"民治診所","category":"clinic"},"geometry":{"type":"Point","coordinates":[121.473348,25.006384]}},{"type":"Feature","properties":{"id":"osm:node:11017158618","name":"謙禾家醫診所","category":"clinic","nameEn":"Bruce Private Clinic"},"geometry":{"type":"Point","coordinates":[121.471543,25.008867]}},{"type":"Feature","properties":{"id":"osm:node:11017158619","name":"晨陽診所","category":"clinic"},"geometry":{"type":"Point","coordinates":[121.471897,25.007448]}},{"type":"Feature","properties":{"id":"osm:node:11017690573","name":"和平醫事檢驗所","category":"clinic","opening_hours":"Mo-Sa 08:00-21:00"},"geometry":{"type":"Point","coordinates":[121.657977,25.067026]}},{"type":"Feature","properties":{"id":"osm:node:11017701661","name":"佑安診所","category":"clinic","opening_hours":"Mo-Sa 08:00-21:00"},"geometry":{"type":"Point","coordinates":[121.657648,25.067085]}},{"type":"Feature","properties":{"id":"osm:node:11031854512","name":"逸原診所-洗腎中心","category":"clinic"},"geometry":{"type":"Point","coordinates":[121.513167,25.007182]}},{"type":"Feature","properties":{"id":"osm:node:11043977912","name":"實健診所","category":"clinic"},"geometry":{"type":"Point","coordinates":[121.47285,25.015112]}},{"type":"Feature","properties":{"id":"osm:node:11049327164","name":"華晟中醫診所","category":"clinic"},"geometry":{"type":"Point","coordinates":[121.469868,25.011699]}},{"type":"Feature","properties":{"id":"osm:node:11061673345","name":"板橋京都堂中醫診所","category":"clinic"},"geometry":{"type":"Point","coordinates":[121.460491,25.008311]}},{"type":"Feature","properties":{"id":"osm:node:11061673364","name":"和一診所","category":"clinic"},"geometry":{"type":"Point","coordinates":[121.460399,25.007077]}},{"type":"Feature","properties":{"id":"osm:node:11061673372","name":"板杏內科診所","category":"clinic"},"geometry":{"type":"Point","coordinates":[121.460401,25.007053]}},{"type":"Feature","properties":{"id":"osm:node:11061673374","name":"趙小兒科診所","category":"clinic"},"geometry":{"type":"Point","coordinates":[121.461202,25.007233]}},{"type":"Feature","properties":{"id":"osm:node:11096920837","name":"御品堂中醫診所","category":"clinic"},"geometry":{"type":"Point","coordinates":[121.474567,25.012224]}},{"type":"Feature","properties":{"id":"osm:node:11096920838","name":"倪國欽中醫診所","category":"clinic"},"geometry":{"type":"Point","coordinates":[121.473758,25.012567]}},{"type":"Feature","properties":{"id":"osm:node:11099537663","name":"健福中醫診所","category":"clinic"},"geometry":{"type":"Point","coordinates":[121.477186,25.017564]}},{"type":"Feature","properties":{"id":"osm:node:11215541428","name":"重慶堂中醫診所","category":"clinic"},"geometry":{"type":"Point","coordinates":[121.511537,25.056196]}},{"type":"Feature","properties":{"id":"osm:node:11233541681","name":"周承良耳鼻喉科診所","category":"clinic"},"geometry":{"type":"Point","coordinates":[121.511897,25.050543]}},{"type":"Feature","properties":{"id":"osm:node:11252882063","name":"佳德內科診所","category":"clinic"},"geometry":{"type":"Point","coordinates":[121.499139,25.035903]}},{"type":"Feature","properties":{"id":"osm:node:11252882064","name":"台北透析診所","category":"clinic"},"geometry":{"type":"Point","coordinates":[121.499122,25.035903]}},{"type":"Feature","properties":{"id":"osm:node:11262695888","name":"昌隆中醫診所","category":"clinic"},"geometry":{"type":"Point","coordinates":[121.457347,25.049995]}},{"type":"Feature","properties":{"id":"osm:node:11355878090","name":"和泰內科診所","category":"clinic"},"geometry":{"type":"Point","coordinates":[121.509935,25.053144]}},{"type":"Feature","properties":{"id":"osm:node:11360281036","name":"翰鳴堂中醫診所","category":"clinic"},"geometry":{"type":"Point","coordinates":[121.514502,25.05266]}},{"type":"Feature","properties":{"id":"osm:node:11390928019","name":"瑞生診所","category":"clinic"},"geometry":{"type":"Point","coordinates":[121.49475,25.02803]}},{"type":"Feature","properties":{"id":"osm:node:11390928020","name":"漢方中醫聯合診所","category":"clinic"},"geometry":{"type":"Point","coordinates":[121.494496,25.028001]}},{"type":"Feature","properties":{"id":"osm:node:11390928026","name":"聯安中醫診所","category":"clinic"},"geometry":{"type":"Point","coordinates":[121.493139,25.02615]}},{"type":"Feature","properties":{"id":"osm:node:11406970585","name":"丞安堂中醫診所","category":"clinic"},"geometry":{"type":"Point","coordinates":[121.497231,25.031449]}},{"type":"Feature","properties":{"id":"osm:node:11425676399","name":"永康診所","category":"clinic"},"geometry":{"type":"Point","coordinates":[121.504265,25.038053]}},{"type":"Feature","properties":{"id":"osm:node:11425676402","name":"安興診所","category":"clinic"},"geometry":{"type":"Point","coordinates":[121.501162,25.038545]}},{"type":"Feature","properties":{"id":"osm:node:11425676403","name":"林進雄診所","category":"clinic"},"geometry":{"type":"Point","coordinates":[121.500082,25.038303]}},{"type":"Feature","properties":{"id":"osm:node:11462987118","name":"羅源彰診所","category":"clinic"},"geometry":{"type":"Point","coordinates":[121.515123,25.051466]}},{"type":"Feature","properties":{"id":"osm:node:11462987120","name":"聖方診所","category":"clinic"},"geometry":{"type":"Point","coordinates":[121.513635,25.051937]}},{"type":"Feature","properties":{"id":"osm:node:11496693147","name":"維康診所","category":"clinic"},"geometry":{"type":"Point","coordinates":[121.615232,25.045238]}},{"type":"Feature","properties":{"id":"osm:node:11503480997","name":"高端眼科診所","category":"clinic"},"geometry":{"type":"Point","coordinates":[121.472477,25.028514]}},{"type":"Feature","properties":{"id":"osm:node:11503481009","name":"家樺診所","category":"clinic"},"geometry":{"type":"Point","coordinates":[121.472465,25.028804]}},{"type":"Feature","properties":{"id":"osm:node:11510555467","name":"有好美學診所","category":"clinic"},"geometry":{"type":"Point","coordinates":[121.47217,25.029151]}},{"type":"Feature","properties":{"id":"osm:node:11520944167","name":"滋和堂中醫診所","category":"clinic"},"geometry":{"type":"Point","coordinates":[121.529492,25.04886]}},{"type":"Feature","properties":{"id":"osm:node:11555970194","name":"喜聖診所","category":"clinic"},"geometry":{"type":"Point","coordinates":[121.511541,25.052178]}},{"type":"Feature","properties":{"id":"osm:node:11555970202","name":"琥珀中醫診所","category":"clinic"},"geometry":{"type":"Point","coordinates":[121.509345,25.052127]}},{"type":"Feature","properties":{"id":"osm:node:11573411430","name":"洪源裕小兒科","category":"clinic","opening_hours":"Mo-Fr 08:00-12:00,14:00-18:00,19:00-22:00; PH Su 08:30-12:00"},"geometry":{"type":"Point","coordinates":[121.52065,25.009678]}},{"type":"Feature","properties":{"id":"osm:node:11594150348","name":"育昇診所 內科","category":"clinic"},"geometry":{"type":"Point","coordinates":[121.468809,24.990331]}},{"type":"Feature","properties":{"id":"osm:node:11735788010","name":"華漢中醫診所","category":"clinic","opening_hours":"Mo-Tu, Th-Sa 14:30-17:30, 18:30-21:30; We 09:00-12:00, 14:30-17:30, 18:30-21:30"},"geometry":{"type":"Point","coordinates":[121.512164,25.003694]}},{"type":"Feature","properties":{"id":"osm:node:11742878784","name":"斯林中醫診所","category":"clinic","nameEn":"Slim TCM clinic","opening_hours":"Mo-Fr 11:00-22:00; Sa 09:00-18:00"},"geometry":{"type":"Point","coordinates":[121.531073,25.058109]}},{"type":"Feature","properties":{"id":"osm:node:11762505927","name":"永愛診所","category":"clinic"},"geometry":{"type":"Point","coordinates":[121.507828,25.011963]}},{"type":"Feature","properties":{"id":"osm:node:11803913124","name":"汐心牙醫診所","category":"clinic","opening_hours":"Mo-Sa 09:30-21:00"},"geometry":{"type":"Point","coordinates":[121.664988,25.072555]}},{"type":"Feature","properties":{"id":"osm:node:11873796955","name":"常生中醫診所","category":"clinic"},"geometry":{"type":"Point","coordinates":[121.531976,25.048611]}},{"type":"Feature","properties":{"id":"osm:node:11932579069","name":"立光診所","category":"clinic"},"geometry":{"type":"Point","coordinates":[121.511372,25.044656]}},{"type":"Feature","properties":{"id":"osm:node:11944155474","name":"站前諾貝爾眼科診所","category":"clinic"},"geometry":{"type":"Point","coordinates":[121.517211,25.046004]}},{"type":"Feature","properties":{"id":"osm:node:11953893169","name":"欣心診所","category":"clinic","opening_hours":"Mo-Sa 08:00-12:00,Mo-Sa 15:00-18:00,Mo-Sa 18:30-21:30"},"geometry":{"type":"Point","coordinates":[121.471873,25.024013]}},{"type":"Feature","properties":{"id":"osm:node:11991161685","name":"創健健康檢查中心","category":"clinic"},"geometry":{"type":"Point","coordinates":[121.543949,25.060891]}},{"type":"Feature","properties":{"id":"osm:node:12059451196","name":"光華家醫科診所","category":"clinic"},"geometry":{"type":"Point","coordinates":[121.531306,25.048632]}},{"type":"Feature","properties":{"id":"osm:node:12072724769","name":"樂橙物理治療所","category":"clinic","nameEn":"Le Cheng Physiotherapy Clinic","opening_hours":"Mo-Tu, Th-Fr 09:00-12:00, 14:30-21:30; We 14:30-21:30"},"geometry":{"type":"Point","coordinates":[121.527299,25.118059]}},{"type":"Feature","properties":{"id":"osm:node:12094914664","name":"黃玟珍診所","category":"clinic"},"geometry":{"type":"Point","coordinates":[121.642183,25.064243]}},{"type":"Feature","properties":{"id":"osm:node:12094914673","name":"洪振凱診所","category":"clinic"},"geometry":{"type":"Point","coordinates":[121.642244,25.06488]}},{"type":"Feature","properties":{"id":"osm:node:12094914687","name":"大新中醫","category":"clinic"},"geometry":{"type":"Point","coordinates":[121.642266,25.066232]}},{"type":"Feature","properties":{"id":"osm:node:12185852066","name":"力安妥診所","category":"clinic","opening_hours":"Mo-Fr 9:30-13:30.15:30-19:30"},"geometry":{"type":"Point","coordinates":[121.512574,25.042172]}},{"type":"Feature","properties":{"id":"osm:node:12194423827","name":"鍾醫中醫診所","category":"clinic"},"geometry":{"type":"Point","coordinates":[121.607565,25.072895]}},{"type":"Feature","properties":{"id":"osm:node:12243686138","name":"臺大心輔中心","category":"clinic"},"geometry":{"type":"Point","coordinates":[121.536157,25.015229]}},{"type":"Feature","properties":{"id":"osm:node:12248645173","name":"珍仁堂中醫診所","category":"clinic"},"geometry":{"type":"Point","coordinates":[121.536515,25.041541]}},{"type":"Feature","properties":{"id":"osm:node:12287957001","name":"杏誠復健診所","category":"clinic","opening_hours":"Mo-Fr 08:00-21:30; Sa 08:00-17:00"},"geometry":{"type":"Point","coordinates":[121.550468,25.033439]}},{"type":"Feature","properties":{"id":"osm:node:12329977087","name":"蒼嵐健康美學診所","category":"clinic","nameEn":"AzureBeauty","opening_hours":"Tu,Th,Fr 12:30-21:00; We,Sa 08:30-17:00"},"geometry":{"type":"Point","coordinates":[121.545921,25.041795]}},{"type":"Feature","properties":{"id":"osm:node:12336227088","name":"欣民診所","category":"clinic"},"geometry":{"type":"Point","coordinates":[121.56874,24.987915]}},{"type":"Feature","properties":{"id":"osm:node:12336227089","name":"世誠耳鼻喉科診所","category":"clinic"},"geometry":{"type":"Point","coordinates":[121.559442,24.984238]}},{"type":"Feature","properties":{"id":"osm:node:12381845461","name":"Rihe Clinic","category":"clinic"},"geometry":{"type":"Point","coordinates":[121.543859,25.05516]}},{"type":"Feature","properties":{"id":"osm:node:12429486552","name":"木生婦幼診所","category":"clinic"},"geometry":{"type":"Point","coordinates":[121.534463,25.048298]}},{"type":"Feature","properties":{"id":"osm:node:12464851120","name":"漢補世家","category":"clinic"},"geometry":{"type":"Point","coordinates":[121.534525,25.027448]}},{"type":"Feature","properties":{"id":"osm:node:12466891357","name":"澄觀中醫診所","category":"clinic"},"geometry":{"type":"Point","coordinates":[121.530231,25.050589]}},{"type":"Feature","properties":{"id":"osm:node:12517825997","name":"張國華整型外科","category":"clinic"},"geometry":{"type":"Point","coordinates":[121.559339,25.051264]}},{"type":"Feature","properties":{"id":"osm:node:12517900429","name":"聖光眼科診所","category":"clinic"},"geometry":{"type":"Point","coordinates":[121.556479,25.051797]}},{"type":"Feature","properties":{"id":"osm:node:12595309543","name":"山拾常青診所 台北館","category":"clinic","nameEn":"Evergreen30 Healthcare Clinic"},"geometry":{"type":"Point","coordinates":[121.530716,25.051811]}},{"type":"Feature","properties":{"id":"osm:node:12763526085","name":"黃建榮婦產科","category":"clinic"},"geometry":{"type":"Point","coordinates":[121.5319,25.051653]}},{"type":"Feature","properties":{"id":"osm:node:12763526086","name":"澄玥中醫診所","category":"clinic"},"geometry":{"type":"Point","coordinates":[121.532236,25.051143]}},{"type":"Feature","properties":{"id":"osm:node:12844397870","name":"長春眼科","category":"clinic"},"geometry":{"type":"Point","coordinates":[121.536425,25.054439]}},{"type":"Feature","properties":{"id":"osm:node:12844397871","name":"G Clinic形象館","category":"clinic"},"geometry":{"type":"Point","coordinates":[121.536393,25.054213]}},{"type":"Feature","properties":{"id":"osm:node:12894669438","name":"陳柏豪耳鼻喉科","category":"clinic"},"geometry":{"type":"Point","coordinates":[121.523304,25.026824]}},{"type":"Feature","properties":{"id":"osm:node:12901746327","name":"璞悅美學診所","category":"clinic"},"geometry":{"type":"Point","coordinates":[121.529312,25.04303]}},{"type":"Feature","properties":{"id":"osm:node:13055875182","name":"欣悅中醫診所","category":"clinic"},"geometry":{"type":"Point","coordinates":[121.556825,25.051774]}},{"type":"Feature","properties":{"id":"osm:node:13082396038","name":"東山中醫診所","category":"clinic"},"geometry":{"type":"Point","coordinates":[121.558906,24.9979]}},{"type":"Feature","properties":{"id":"osm:node:13134459237","name":"泓仁診所","category":"clinic"},"geometry":{"type":"Point","coordinates":[121.566116,24.982916]}},{"type":"Feature","properties":{"id":"osm:node:13134459238","name":"房國堂小兒專科診所","category":"clinic"},"geometry":{"type":"Point","coordinates":[121.566209,24.982946]}},{"type":"Feature","properties":{"id":"osm:node:13134459269","name":"保順診所","category":"clinic"},"geometry":{"type":"Point","coordinates":[121.567727,24.983705]}},{"type":"Feature","properties":{"id":"osm:node:13136578073","name":"目欣眼科診所","category":"clinic"},"geometry":{"type":"Point","coordinates":[121.569586,24.984413]}},{"type":"Feature","properties":{"id":"osm:node:13136580206","name":"信願堂中醫診所","category":"clinic"},"geometry":{"type":"Point","coordinates":[121.569621,24.984438]}},{"type":"Feature","properties":{"id":"osm:node:13142341073","name":"順欣診所","category":"clinic"},"geometry":{"type":"Point","coordinates":[121.56769,24.988691]}},{"type":"Feature","properties":{"id":"osm:node:13142341112","name":"臻和中醫診所","category":"clinic"},"geometry":{"type":"Point","coordinates":[121.56864,24.986723]}},{"type":"Feature","properties":{"id":"osm:node:13167277041","name":"日新親子診所","category":"clinic"},"geometry":{"type":"Point","coordinates":[121.464099,25.006361]}},{"type":"Feature","properties":{"id":"osm:node:13172649199","name":"幸福身心科診所","category":"clinic"},"geometry":{"type":"Point","coordinates":[121.464075,25.00566]}},{"type":"Feature","properties":{"id":"osm:node:13188293138","name":"DCDC 生髮診所","category":"clinic","opening_hours":"Mo-Sa 11:00-14:30,17:00-20:45"},"geometry":{"type":"Point","coordinates":[121.547372,25.042234]}},{"type":"Feature","properties":{"id":"osm:node:13192124235","name":"北市聯醫內湖門診部","category":"clinic","nameEn":"Taipei City Hospital Neihu Clinic"},"geometry":{"type":"Point","coordinates":[121.588925,25.069402]}},{"type":"Feature","properties":{"id":"osm:node:13236316550","name":"橋和皮膚專科診所","category":"clinic"},"geometry":{"type":"Point","coordinates":[121.472138,25.006977]}},{"type":"Feature","properties":{"id":"osm:node:13236316551","name":"雄鶴診所","category":"clinic"},"geometry":{"type":"Point","coordinates":[121.472113,25.007009]}},{"type":"Feature","properties":{"id":"osm:node:13249499255","name":"洪正祝小兒科診所","category":"clinic"},"geometry":{"type":"Point","coordinates":[121.467235,24.989822]}},{"type":"Feature","properties":{"id":"osm:node:13266698410","name":"博盛聯合診所","category":"clinic"},"geometry":{"type":"Point","coordinates":[121.463986,24.986809]}},{"type":"Feature","properties":{"id":"osm:node:13321758881","name":"莊京憲耳鼻喉科","category":"clinic"},"geometry":{"type":"Point","coordinates":[121.464641,24.985799]}},{"type":"Feature","properties":{"id":"osm:node:13321758884","name":"清水建全中醫診所","category":"clinic"},"geometry":{"type":"Point","coordinates":[121.465337,24.984573]}},{"type":"Feature","properties":{"id":"osm:node:13426601260","name":"永和醫美仁欣診所","category":"clinic","opening_hours":"Mo-Fr 11:00-20:00; Sa 10:00-19:00; Su off"},"geometry":{"type":"Point","coordinates":[121.515635,25.013609]}},{"type":"Feature","properties":{"id":"osm:node:13535678998","name":"臺安診所","category":"clinic","opening_hours":"Mo-Fr 08:00-12:00; Mo-Fr 13:00-17:00"},"geometry":{"type":"Point","coordinates":[121.548289,25.029102]}},{"type":"Feature","properties":{"id":"osm:node:13660728906","name":"花之妍美學診所","category":"clinic"},"geometry":{"type":"Point","coordinates":[121.556439,25.040647]}},{"type":"Feature","properties":{"id":"osm:node:13660728907","name":"康婕婦產科診所","category":"clinic"},"geometry":{"type":"Point","coordinates":[121.556452,25.040649]}},{"type":"Feature","properties":{"id":"osm:node:13728745674","name":"永信皮膚科診所","category":"clinic"},"geometry":{"type":"Point","coordinates":[121.517266,25.005542]}},{"type":"Feature","properties":{"id":"osm:node:13792884878","name":"榮星診所","category":"clinic","nameEn":"Star Clinic"},"geometry":{"type":"Point","coordinates":[121.540677,25.060888]}},{"type":"Feature","properties":{"id":"osm:node:14022893901","name":"江德賢眼科","category":"clinic"},"geometry":{"type":"Point","coordinates":[121.456146,25.017454]}},{"type":"Feature","properties":{"id":"osm:node:14055528091","name":"黃何耳鼻喉科 皮膚科聯合診所","category":"clinic"},"geometry":{"type":"Point","coordinates":[121.456726,25.011021]}},{"type":"Feature","properties":{"id":"osm:node:14115408701","name":"振安聯合診所","category":"clinic"},"geometry":{"type":"Point","coordinates":[121.462994,24.999821]}},{"type":"Feature","properties":{"id":"osm:node:1411751367","name":"重慶耳鼻喉科","category":"clinic"},"geometry":{"type":"Point","coordinates":[121.463534,24.996839]}},{"type":"Feature","properties":{"id":"osm:node:14120617001","name":"板橋上弦動物醫院（24小時夜間急診手術）","category":"clinic","opening_hours":"24/7"},"geometry":{"type":"Point","coordinates":[121.454964,25.009479]}},{"type":"Feature","properties":{"id":"osm:node:14121629411","name":"板橋愛爾麗診所","category":"clinic"},"geometry":{"type":"Point","coordinates":[121.459997,25.007649]}},{"type":"Feature","properties":{"id":"osm:node:14122109602","name":"樂益耳鼻喉科診所","category":"clinic"},"geometry":{"type":"Point","coordinates":[121.543715,25.027986]}},{"type":"Feature","properties":{"id":"osm:node:1412407334","name":"福星耳鼻喉科","category":"clinic"},"geometry":{"type":"Point","coordinates":[121.462761,25.00242]}},{"type":"Feature","properties":{"id":"osm:node:1837918443","name":"內湖安康家庭診所","category":"clinic"},"geometry":{"type":"Point","coordinates":[121.567996,25.084588]}},{"type":"Feature","properties":{"id":"osm:node:1971320881","name":"古亭適康復健科診所","category":"clinic"},"geometry":{"type":"Point","coordinates":[121.524156,25.024163]}},{"type":"Feature","properties":{"id":"osm:node:2111807707","name":"成洲診所","category":"clinic"},"geometry":{"type":"Point","coordinates":[121.451287,25.100922]}},{"type":"Feature","properties":{"id":"osm:node:2143411208","name":"慈恩耳鼻喉科診所","category":"clinic"},"geometry":{"type":"Point","coordinates":[121.501601,25.132804]}},{"type":"Feature","properties":{"id":"osm:node:2150116228","name":"京元中醫診所","category":"clinic"},"geometry":{"type":"Point","coordinates":[121.53298,25.063351]}},{"type":"Feature","properties":{"id":"osm:node:2163466090","name":"德容聯合診所","category":"clinic","nameEn":"DeRon Group Practice Clinic"},"geometry":{"type":"Point","coordinates":[121.53056,25.059872]}},{"type":"Feature","properties":{"id":"osm:node:2287877542","name":"翰林中醫","category":"clinic"},"geometry":{"type":"Point","coordinates":[121.616601,25.053796]}},{"type":"Feature","properties":{"id":"osm:node:2287877545","name":"冠德耳鼻喉科診所","category":"clinic"},"geometry":{"type":"Point","coordinates":[121.616662,25.054103]}},{"type":"Feature","properties":{"id":"osm:node:2287877549","name":"杏林診所","category":"clinic"},"geometry":{"type":"Point","coordinates":[121.616611,25.053855]}},{"type":"Feature","properties":{"id":"osm:node:2292496139","name":"聯合醫院政大門診部","category":"clinic"},"geometry":{"type":"Point","coordinates":[121.576574,24.987582]}},{"type":"Feature","properties":{"id":"osm:node:2296284040","name":"京華中醫聯合診所","category":"clinic"},"geometry":{"type":"Point","coordinates":[121.532201,25.051834]}},{"type":"Feature","properties":{"id":"osm:node:2308208987","name":"焉醫師診所","category":"clinic"},"geometry":{"type":"Point","coordinates":[121.57954,25.078846]}},{"type":"Feature","properties":{"id":"osm:node:2308209029","name":"全康醫師檢驗所","category":"clinic"},"geometry":{"type":"Point","coordinates":[121.591958,25.083403]}},{"type":"Feature","properties":{"id":"osm:node:2308209032","name":"立安診所","category":"clinic"},"geometry":{"type":"Point","coordinates":[121.592054,25.083478]}},{"type":"Feature","properties":{"id":"osm:node:2311690783","name":"譚內科診所","category":"clinic"},"geometry":{"type":"Point","coordinates":[121.540539,24.966881]}},{"type":"Feature","properties":{"id":"osm:node:2312428066","name":"安心堂中醫診所","category":"clinic"},"geometry":{"type":"Point","coordinates":[121.538639,25.00223]}},{"type":"Feature","properties":{"id":"osm:node:2313983464","name":"馬斯特診所","category":"clinic"},"geometry":{"type":"Point","coordinates":[121.592202,25.081756]}},{"type":"Feature","properties":{"id":"osm:node:2355618179","name":"王慶祥小兒專科","category":"clinic"},"geometry":{"type":"Point","coordinates":[121.541152,24.966273]}},{"type":"Feature","properties":{"id":"osm:node:2368458784","name":"傳愛經典中醫","category":"clinic"},"geometry":{"type":"Point","coordinates":[121.540307,25.05159]}},{"type":"Feature","properties":{"id":"osm:node:2376988725","name":"聯合報診所","category":"clinic","opening_hours":"Mo-Fr 09:00-12:00,13:00-17:00"},"geometry":{"type":"Point","coordinates":[121.563504,25.042008]}},{"type":"Feature","properties":{"id":"osm:node:2377138789","name":"京華中醫","category":"clinic"},"geometry":{"type":"Point","coordinates":[121.533186,25.050817]}},{"type":"Feature","properties":{"id":"osm:node:2378064805","name":"聖新診所","category":"clinic","opening_hours":"08:30-12:00,15:00-18:00,18:30-22:00"},"geometry":{"type":"Point","coordinates":[121.543247,24.973367]}},{"type":"Feature","properties":{"id":"osm:node:2392237985","name":"杏慈診所","category":"clinic"},"geometry":{"type":"Point","coordinates":[121.534991,25.061892]}},{"type":"Feature","properties":{"id":"osm:node:2435260107","name":"新明診所","category":"clinic"},"geometry":{"type":"Point","coordinates":[121.580394,25.05479]}},{"type":"Feature","properties":{"id":"osm:node:2440535085","name":"黃健勇皮膚科","category":"clinic"},"geometry":{"type":"Point","coordinates":[121.504553,25.043214]}},{"type":"Feature","properties":{"id":"osm:node:2470166368","name":"順安堂中醫診所","category":"clinic"},"geometry":{"type":"Point","coordinates":[121.541163,24.985058]}},{"type":"Feature","properties":{"id":"osm:node:2473808389","name":"幫痘氏","category":"clinic"},"geometry":{"type":"Point","coordinates":[121.532532,25.016179]}},{"type":"Feature","properties":{"id":"osm:node:2473958342","name":"板橋親親家庭診所","category":"clinic"},"geometry":{"type":"Point","coordinates":[121.478629,25.027639]}},{"type":"Feature","properties":{"id":"osm:node:2493724203","name":"新莊實和復健診所","category":"clinic"},"geometry":{"type":"Point","coordinates":[121.454456,25.050936]}},{"type":"Feature","properties":{"id":"osm:node:2526175062","name":"衛保組","category":"clinic"},"geometry":{"type":"Point","coordinates":[121.546734,24.989898]}},{"type":"Feature","properties":{"id":"osm:node:2536508256","name":"陳小兒科","category":"clinic"},"geometry":{"type":"Point","coordinates":[121.457755,25.05134]}},{"type":"Feature","properties":{"id":"osm:node:2575904196","name":"瑞光眼科","category":"clinic"},"geometry":{"type":"Point","coordinates":[121.524227,25.052347]}},{"type":"Feature","properties":{"id":"osm:node:2588798587","name":"春和診所","category":"clinic"},"geometry":{"type":"Point","coordinates":[121.460626,25.03003]}},{"type":"Feature","properties":{"id":"osm:node:2592662808","name":"家和診所","category":"clinic"},"geometry":{"type":"Point","coordinates":[121.456438,25.052346]}},{"type":"Feature","properties":{"id":"osm:node:2595078241","name":"廣佑診所","category":"clinic"},"geometry":{"type":"Point","coordinates":[121.461895,25.030446]}},{"type":"Feature","properties":{"id":"osm:node:2611788693","name":"兒林小兒科","category":"clinic"},"geometry":{"type":"Point","coordinates":[121.462361,24.9937]}},{"type":"Feature","properties":{"id":"osm:node:2614661747","name":"顏鳳麟婦產科診所","category":"clinic"},"geometry":{"type":"Point","coordinates":[121.591431,25.081603]}},{"type":"Feature","properties":{"id":"osm:node:2619300075","name":"廣華中醫診所","category":"clinic"},"geometry":{"type":"Point","coordinates":[121.563876,25.028152]}},{"type":"Feature","properties":{"id":"osm:node:2619323827","name":"莊敬耳鼻喉科","category":"clinic"},"geometry":{"type":"Point","coordinates":[121.562744,25.028752]}},{"type":"Feature","properties":{"id":"osm:node:2619324215","name":"高眼科","category":"clinic"},"geometry":{"type":"Point","coordinates":[121.561746,25.030083]}},{"type":"Feature","properties":{"id":"osm:node:2619324445","name":"翁內兒科","category":"clinic"},"geometry":{"type":"Point","coordinates":[121.56195,25.029811]}},{"type":"Feature","properties":{"id":"osm:node:2619607852","name":"李文珍診所","category":"clinic"},"geometry":{"type":"Point","coordinates":[121.615098,25.045547]}},{"type":"Feature","properties":{"id":"osm:node:2625503715","name":"錦禾大直中醫診所","category":"clinic"},"geometry":{"type":"Point","coordinates":[121.54489,25.07957]}},{"type":"Feature","properties":{"id":"osm:node:2625503730","name":"愛鄰診所","category":"clinic"},"geometry":{"type":"Point","coordinates":[121.546089,25.07967]}},{"type":"Feature","properties":{"id":"osm:node:2633889228","name":"美朵整形外科診所","category":"clinic"},"geometry":{"type":"Point","coordinates":[121.533947,25.052983]}},{"type":"Feature","properties":{"id":"osm:node:2680126440","name":"蕭耳鼻喉科診所","category":"clinic","opening_hours":"Mo-Sa 09:00-12:00,15:00-18:00,18:30-21:30"},"geometry":{"type":"Point","coordinates":[121.523507,25.022789]}},{"type":"Feature","properties":{"id":"osm:node:2680131939","name":"朱小兒科診所","category":"clinic"},"geometry":{"type":"Point","coordinates":[121.524094,25.022039]}},{"type":"Feature","properties":{"id":"osm:node:2746819787","name":"經典牙醫診所","category":"clinic"},"geometry":{"type":"Point","coordinates":[121.533248,25.02196]}},{"type":"Feature","properties":{"id":"osm:node:2751198266","name":"立達診所","category":"clinic"},"geometry":{"type":"Point","coordinates":[121.523126,25.044593]}},{"type":"Feature","properties":{"id":"osm:node:2766875117","name":"蔡國賢耳鼻喉科","category":"clinic"},"geometry":{"type":"Point","coordinates":[121.535279,25.048263]}},{"type":"Feature","properties":{"id":"osm:node:2772749236","name":"蕭仁哲婦產科","category":"clinic","opening_hours":"Mo-Fr 09:00-12:00,18:30-21:00; Sa 09:00-12:00; Su off"},"geometry":{"type":"Point","coordinates":[121.540976,24.98386]}},{"type":"Feature","properties":{"id":"osm:node:2772749725","name":"中文內兒科","category":"clinic","opening_hours":"Mo-Sa 09:00-12:00,15:00-18:00,19:00-21:30; Su off"},"geometry":{"type":"Point","coordinates":[121.540967,24.983939]}},{"type":"Feature","properties":{"id":"osm:node:2772751965","name":"崎伯齋中醫診所","category":"clinic"},"geometry":{"type":"Point","coordinates":[121.53836,24.982751]}},{"type":"Feature","properties":{"id":"osm:node:2784782238","name":"黃何耳鼻喉科 皮膚科聯合診所","category":"clinic"},"geometry":{"type":"Point","coordinates":[121.457785,25.010566]}},{"type":"Feature","properties":{"id":"osm:node:2784782240","name":"陳正忠小兒科診所","category":"clinic","opening_hours":"Mo-Sa 09:00-12:00, 15:30-18:00, 19:00-22:00; Su 09:00-12:00"},"geometry":{"type":"Point","coordinates":[121.455428,25.009282]}},{"type":"Feature","properties":{"id":"osm:node:2806281125","name":"成功耳鼻喉科","category":"clinic"},"geometry":{"type":"Point","coordinates":[121.591117,25.081117]}},{"type":"Feature","properties":{"id":"osm:node:2813373780","name":"閔泰中醫診所","category":"clinic"},"geometry":{"type":"Point","coordinates":[121.593469,25.084354]}},{"type":"Feature","properties":{"id":"osm:node:2815096243","name":"林孟勳診所","category":"clinic"},"geometry":{"type":"Point","coordinates":[121.593286,25.080987]}},{"type":"Feature","properties":{"id":"osm:node:2822123547","name":"內湖中醫診所","category":"clinic"},"geometry":{"type":"Point","coordinates":[121.590677,25.081125]}},{"type":"Feature","properties":{"id":"osm:node:2822549369","name":"漢唐中醫","category":"clinic"},"geometry":{"type":"Point","coordinates":[121.590473,25.081253]}},{"type":"Feature","properties":{"id":"osm:node:2839793656","name":"何耳鼻喉科","category":"clinic","opening_hours":"Mo-Fr 09:00-12:00,16:00-18:30,19:00-21:00; Sa 09:00-12:00,16:00-18:30; Su off"},"geometry":{"type":"Point","coordinates":[121.541664,24.982023]}},{"type":"Feature","properties":{"id":"osm:node:2839793670","name":"新店冠新復健科診所","category":"clinic","opening_hours":"Mo-Fr 08:00-12:30,13:30-21:30; Sa 08:00-12:30,13:30-18:00; Su off"},"geometry":{"type":"Point","coordinates":[121.54181,24.981436]}},{"type":"Feature","properties":{"id":"osm:node:2839793681","name":"晶漾皮膚專科","category":"clinic"},"geometry":{"type":"Point","coordinates":[121.541532,24.983163]}},{"type":"Feature","properties":{"id":"osm:node:2839793683","name":"東陽耳鼻喉科","category":"clinic","opening_hours":"Mo-Fr 08:30-11:30,16:30-20:30; Sa 08:30-11:30,14:00-17:30"},"geometry":{"type":"Point","coordinates":[121.541552,24.982676]}},{"type":"Feature","properties":{"id":"osm:node:2839793692","name":"維格皮膚科診所","category":"clinic","opening_hours":"Mo 09:00-12:00,14:00-17:00,18:00-21:00; Tu-Th 14:00-17:00,18:00-21:00; Fr 09:00-12:00,14:00-17:00,18:00-21:00; Sa 09:00-"},"geometry":{"type":"Point","coordinates":[121.541896,24.981152]}},{"type":"Feature","properties":{"id":"osm:node:2839793695","name":"聖康診所","category":"clinic","opening_hours":"Mo-Fr 08:00-12:00,15:00-18:00,18:30-21:00; Sa 08:30-12:00,15:00-18:00; Su 08:30-12:00"},"geometry":{"type":"Point","coordinates":[121.541875,24.981219]}},{"type":"Feature","properties":{"id":"osm:node:2839793706","name":"陳小兒科","category":"clinic","opening_hours":"Mo 08:30-12:00,16:00-20:30; Tu-Fr 16:00-20:30; Sa 08:30-12:00; Su off"},"geometry":{"type":"Point","coordinates":[121.541883,24.981186]}},{"type":"Feature","properties":{"id":"osm:node:2839793708","name":"超亮皮膚科診所","category":"clinic","opening_hours":"Mo-Fr 09:00-12:00,15:00-21:00; Sa 09:00-12:00,15:00-18:00; Su off; PH 09:00-12:00"},"geometry":{"type":"Point","coordinates":[121.541721,24.981766]}},{"type":"Feature","properties":{"id":"osm:node:2839793709","name":"黃眼科","category":"clinic"},"geometry":{"type":"Point","coordinates":[121.540029,24.964706]}},{"type":"Feature","properties":{"id":"osm:node:2861217008","name":"柯滄銘婦產科","category":"clinic","opening_hours":"Mo 8:30-11:00, 13:30-17:00,Tu 13:30-17:00,We-Sa 8:30-11:00, 13:30-17:00; PH, Su off"},"geometry":{"type":"Point","coordinates":[121.522622,25.042934]}},{"type":"Feature","properties":{"id":"osm:node:2895253183","name":"陳啟義眼科專科","category":"clinic"},"geometry":{"type":"Point","coordinates":[121.559118,24.997707]}},{"type":"Feature","properties":{"id":"osm:node:2977557661","name":"極上中醫診所","category":"clinic"},"geometry":{"type":"Point","coordinates":[121.529684,25.016963]}},{"type":"Feature","properties":{"id":"osm:node:3161109177","name":"新店建成中醫診所","category":"clinic"},"geometry":{"type":"Point","coordinates":[121.543069,24.975973]}},{"type":"Feature","properties":{"id":"osm:node:3172604495","name":"均媄診所","category":"clinic"},"geometry":{"type":"Point","coordinates":[121.505106,24.99451]}},{"type":"Feature","properties":{"id":"osm:node:3187767699","name":"新北市新莊區衛生所","category":"clinic"},"geometry":{"type":"Point","coordinates":[121.452382,25.036396]}},{"type":"Feature","properties":{"id":"osm:node:3196909528","name":"閎新耳鼻喉科皮膚科聯合診所","category":"clinic"},"geometry":{"type":"Point","coordinates":[121.551089,25.04803]}},{"type":"Feature","properties":{"id":"osm:node:3204028773","name":"南港門診部","category":"clinic"},"geometry":{"type":"Point","coordinates":[121.606755,25.054558]}},{"type":"Feature","properties":{"id":"osm:node:3204028774","name":"南軟門診部","category":"clinic"},"geometry":{"type":"Point","coordinates":[121.611922,25.057585]}},{"type":"Feature","properties":{"id":"osm:node:3219711436","name":"衛生保健組","category":"clinic","nameEn":"Taipei Tech Health Service Division"},"geometry":{"type":"Point","coordinates":[121.534419,25.043415]}},{"type":"Feature","properties":{"id":"osm:node:3232527368","name":"東湖皮膚專科","category":"clinic","opening_hours":"Mo-Sa 09:00-12:00,15:00-18:00,19:00-21:30; Su off"},"geometry":{"type":"Point","coordinates":[121.617469,25.068097]}},{"type":"Feature","properties":{"id":"osm:node:3232547624","name":"東湖小兒科","category":"clinic","opening_hours":"08:00-12:00,13:00-15:00,18:00-21:30"},"geometry":{"type":"Point","coordinates":[121.612349,25.068655]}},{"type":"Feature","properties":{"id":"osm:node:3232566361","name":"藍曾小兒科","category":"clinic","opening_hours":"Mo-Fr 08:00-12:00,14:00-17:00,18:00-21:30; Sa 08:00-12:00,14:00-17:00; Su off"},"geometry":{"type":"Point","coordinates":[121.6167,25.06795]}},{"type":"Feature","properties":{"id":"osm:node:3232607176","name":"鍾趙智婦產科","category":"clinic","opening_hours":"Mo-Su 09:00-12:00,15:00-17:30,19:00-21:30"},"geometry":{"type":"Point","coordinates":[121.614806,25.068716]}},{"type":"Feature","properties":{"id":"osm:node:3292266262","name":"京硯綜合診所","category":"clinic"},"geometry":{"type":"Point","coordinates":[121.537447,25.054582]}},{"type":"Feature","properties":{"id":"osm:node:3292774940","name":"蔡英傑皮膚科","category":"clinic"},"geometry":{"type":"Point","coordinates":[121.465468,25.019007]}},{"type":"Feature","properties":{"id":"osm:node:3292774951","name":"張英睿皮膚專科診所","category":"clinic"},"geometry":{"type":"Point","coordinates":[121.464968,25.01837]}},{"type":"Feature","properties":{"id":"osm:node:3292774953","name":"秀娥婦產科","category":"clinic"},"geometry":{"type":"Point","coordinates":[121.464575,25.017874]}},{"type":"Feature","properties":{"id":"osm:node:3292775592","name":"楊孟達身心精神科","category":"clinic","opening_hours":"Mo-Fr 10:00-12:00,15:00-18:00,19:00-22:00; Sa 10:00-12:00,15:00-18:00; Su off"},"geometry":{"type":"Point","coordinates":[121.464609,25.018474]}},{"type":"Feature","properties":{"id":"osm:node:3311218080","name":"遠大中醫診所","category":"clinic"},"geometry":{"type":"Point","coordinates":[121.521692,25.027695]}},{"type":"Feature","properties":{"id":"osm:node:3316662926","name":"長青中醫診所","category":"clinic"},"geometry":{"type":"Point","coordinates":[121.539435,24.990084]}},{"type":"Feature","properties":{"id":"osm:node:3316663461","name":"景福眼科","category":"clinic"},"geometry":{"type":"Point","coordinates":[121.539393,24.990011]}},{"type":"Feature","properties":{"id":"osm:node:3328449232","name":"康萊診所","category":"clinic"},"geometry":{"type":"Point","coordinates":[121.489144,24.996052]}},{"type":"Feature","properties":{"id":"osm:node:3377079806","name":"仁安內科小兒科","category":"clinic"},"geometry":{"type":"Point","coordinates":[121.541764,25.026827]}},{"type":"Feature","properties":{"id":"osm:node:3416064594","name":"澄品中醫","category":"clinic"},"geometry":{"type":"Point","coordinates":[121.499973,25.001373]}},{"type":"Feature","properties":{"id":"osm:node:3416064595","name":"得泰診所","category":"clinic"},"geometry":{"type":"Point","coordinates":[121.499069,24.99973]}},{"type":"Feature","properties":{"id":"osm:node:3416263822","name":"中和明師中醫","category":"clinic"},"geometry":{"type":"Point","coordinates":[121.499637,24.998393]}},{"type":"Feature","properties":{"id":"osm:node:3416263823","name":"莊朝傑眼科","category":"clinic"},"geometry":{"type":"Point","coordinates":[121.49938,24.998609]}},{"type":"Feature","properties":{"id":"osm:node:3424566637","name":"和欣診所","category":"clinic"},"geometry":{"type":"Point","coordinates":[121.496322,24.999461]}},{"type":"Feature","properties":{"id":"osm:node:3424895594","name":"力康骨科診所","category":"clinic"},"geometry":{"type":"Point","coordinates":[121.498979,25.002341]}},{"type":"Feature","properties":{"id":"osm:node:3430332174","name":"慈育廣合中醫","category":"clinic"},"geometry":{"type":"Point","coordinates":[121.498902,25.002457]}},{"type":"Feature","properties":{"id":"osm:node:3430332179","name":"王世豪醫師","category":"clinic"},"geometry":{"type":"Point","coordinates":[121.497823,25.002621]}},{"type":"Feature","properties":{"id":"osm:node:3430332189","name":"郭長界診所","category":"clinic"},"geometry":{"type":"Point","coordinates":[121.497121,25.002545]}},{"type":"Feature","properties":{"id":"osm:node:3440708505","name":"中和李內科診所","category":"clinic"},"geometry":{"type":"Point","coordinates":[121.496793,25.002841]}},{"type":"Feature","properties":{"id":"osm:node:3440708510","name":"孫國勝外科診所","category":"clinic"},"geometry":{"type":"Point","coordinates":[121.496704,25.003618]}},{"type":"Feature","properties":{"id":"osm:node:3440708511","name":"寶島中醫診所","category":"clinic"},"geometry":{"type":"Point","coordinates":[121.496593,25.004262]}},{"type":"Feature","properties":{"id":"osm:node:3440708523","name":"陳高輝耳鼻喉科","category":"clinic"},"geometry":{"type":"Point","coordinates":[121.49669,25.003783]}},{"type":"Feature","properties":{"id":"osm:node:3441073822","name":"保源蔘藥行","category":"clinic"},"geometry":{"type":"Point","coordinates":[121.500647,25.000826]}},{"type":"Feature","properties":{"id":"osm:node:3450600130","name":"中和重慶耳鼻喉科","category":"clinic"},"geometry":{"type":"Point","coordinates":[121.501827,25.000021]}},{"type":"Feature","properties":{"id":"osm:node:3457851842","name":"長安堂中醫診所","category":"clinic"},"geometry":{"type":"Point","coordinates":[121.500163,24.99765]}},{"type":"Feature","properties":{"id":"osm:node:3457851845","name":"黃基家小兒科診所","category":"clinic"},"geometry":{"type":"Point","coordinates":[121.500191,24.997553]}},{"type":"Feature","properties":{"id":"osm:node:3459370310","name":"燦明眼科診所","category":"clinic"},"geometry":{"type":"Point","coordinates":[121.465866,25.01951]}},{"type":"Feature","properties":{"id":"osm:node:3462988622","name":"錦星中醫診所","category":"clinic"},"geometry":{"type":"Point","coordinates":[121.500946,24.996275]}},{"type":"Feature","properties":{"id":"osm:node:3463196823","name":"順大醫院","category":"clinic"},"geometry":{"type":"Point","coordinates":[121.502229,24.994999]}},{"type":"Feature","properties":{"id":"osm:node:3463451824","name":"蘇年興耳鼻喉科診所","category":"clinic","opening_hours":"Mo-Sa 08:30-12:00,17:00-21:00"},"geometry":{"type":"Point","coordinates":[121.501292,24.99546]}},{"type":"Feature","properties":{"id":"osm:node:3463451825","name":"連城診所","category":"clinic"},"geometry":{"type":"Point","coordinates":[121.500554,24.996582]}},{"type":"Feature","properties":{"id":"osm:node:3464721400","name":"承光中醫診所","category":"clinic"},"geometry":{"type":"Point","coordinates":[121.503754,24.996627]}},{"type":"Feature","properties":{"id":"osm:node:3464721419","name":"馮泰龍小兒科診所","category":"clinic"},"geometry":{"type":"Point","coordinates":[121.50268,24.995937]}},{"type":"Feature","properties":{"id":"osm:node:3465503377","name":"康乃馨中醫診所","category":"clinic"},"geometry":{"type":"Point","coordinates":[121.502743,24.995624]}},{"type":"Feature","properties":{"id":"osm:node:3465503383","name":"祐嘉骨科診所","category":"clinic"},"geometry":{"type":"Point","coordinates":[121.503004,24.995792]}},{"type":"Feature","properties":{"id":"osm:node:3465512095","name":"趙耀軍耳鼻喉科診所","category":"clinic"},"geometry":{"type":"Point","coordinates":[121.502841,24.995682]}},{"type":"Feature","properties":{"id":"osm:node:3492626240","name":"正生婦幼聯合診所","category":"clinic"},"geometry":{"type":"Point","coordinates":[121.499742,24.993851]}},{"type":"Feature","properties":{"id":"osm:node:3522835093","name":"風寀時尚診所","category":"clinic","nameEn":"Feng Tsai Aesthetic Clinic","opening_hours":"Mo-Fr 12:00-20:00; Sa 10:00-18:00; Su off"},"geometry":{"type":"Point","coordinates":[121.540394,24.99233]}},{"type":"Feature","properties":{"id":"osm:node:3533381098","name":"益曼中醫","category":"clinic"},"geometry":{"type":"Point","coordinates":[121.531632,25.053431]}},{"type":"Feature","properties":{"id":"osm:node:3621380150","name":"星福中醫診所","category":"clinic"},"geometry":{"type":"Point","coordinates":[121.544822,24.99563]}},{"type":"Feature","properties":{"id":"osm:node:3622808988","name":"德一診所","category":"clinic"},"geometry":{"type":"Point","coordinates":[121.478462,25.017994]}},{"type":"Feature","properties":{"id":"osm:node:3622809708","name":"和康中醫診所","category":"clinic"},"geometry":{"type":"Point","coordinates":[121.478241,25.018224]}},{"type":"Feature","properties":{"id":"osm:node:3624498953","name":"黃禎憲皮膚科診所","category":"clinic"},"geometry":{"type":"Point","coordinates":[121.528563,25.023484]}},{"type":"Feature","properties":{"id":"osm:node:3639102803","name":"秀景中醫","category":"clinic"},"geometry":{"type":"Point","coordinates":[121.526097,24.991344]}},{"type":"Feature","properties":{"id":"osm:node:3639451004","name":"永吉外科","category":"clinic"},"geometry":{"type":"Point","coordinates":[121.5401,24.964733]}},{"type":"Feature","properties":{"id":"osm:node:3702107732","name":"富利國術館","category":"clinic"},"geometry":{"type":"Point","coordinates":[121.520729,25.104013]}},{"type":"Feature","properties":{"id":"osm:node:3702125247","name":"怡登維美","category":"clinic"},"geometry":{"type":"Point","coordinates":[121.555867,25.032867]}},{"type":"Feature","properties":{"id":"osm:node:3704355303","name":"保源中醫診所","category":"clinic"},"geometry":{"type":"Point","coordinates":[121.554843,25.03173]}},{"type":"Feature","properties":{"id":"osm:node:3704491038","name":"天母康健身心診所","category":"clinic"},"geometry":{"type":"Point","coordinates":[121.521103,25.104009]}},{"type":"Feature","properties":{"id":"osm:node:3713718884","name":"指筌中醫診所","category":"clinic"},"geometry":{"type":"Point","coordinates":[121.521056,25.103979]}},{"type":"Feature","properties":{"id":"osm:node:3713718886","name":"元順診所","category":"clinic"},"geometry":{"type":"Point","coordinates":[121.520902,25.103905]}},{"type":"Feature","properties":{"id":"osm:node:3720429045","name":"保安堂中醫診所","category":"clinic"},"geometry":{"type":"Point","coordinates":[121.497485,25.064022]}},{"type":"Feature","properties":{"id":"osm:node:3720429060","name":"明安婦產科耳鼻喉科","category":"clinic"},"geometry":{"type":"Point","coordinates":[121.497262,25.063849]}},{"type":"Feature","properties":{"id":"osm:node:3720429071","name":"石外科家醫科","category":"clinic"},"geometry":{"type":"Point","coordinates":[121.49728,25.063778]}},{"type":"Feature","properties":{"id":"osm:node:3724051665","name":"京禾中醫診所","category":"clinic","nameEn":"Jing-Her Clinic"},"geometry":{"type":"Point","coordinates":[121.543694,25.027395]}},{"type":"Feature","properties":{"id":"osm:node:3724770027","name":"禾馨婦產科","category":"clinic","nameEn":"Diathus MFM Clinic"},"geometry":{"type":"Point","coordinates":[121.513967,25.043054]}},{"type":"Feature","properties":{"id":"osm:node:3730373731","name":"天母芝美時尚診所","category":"clinic"},"geometry":{"type":"Point","coordinates":[121.521998,25.103804]}},{"type":"Feature","properties":{"id":"osm:node:3740341263","name":"佳鴻診所","category":"clinic"},"geometry":{"type":"Point","coordinates":[121.540185,24.991855]}},{"type":"Feature","properties":{"id":"osm:node:3740347202","name":"德康小兒成人耳鼻喉科診所","category":"clinic"},"geometry":{"type":"Point","coordinates":[121.54015,24.99176]}},{"type":"Feature","properties":{"id":"osm:node:3749486983","name":"內湖國泰診所","category":"clinic","nameEn":"Neihu Cathay Clinic"},"geometry":{"type":"Point","coordinates":[121.575642,25.077964]}},{"type":"Feature","properties":{"id":"osm:node:3749492276","name":"國泰內湖健檢中心","category":"clinic"},"geometry":{"type":"Point","coordinates":[121.575065,25.07509]}},{"type":"Feature","properties":{"id":"osm:node:3767530260","name":"千順中醫診所","category":"clinic"},"geometry":{"type":"Point","coordinates":[121.540985,24.988985]}},{"type":"Feature","properties":{"id":"osm:node:3790538970","name":"育揚中醫","category":"clinic"},"geometry":{"type":"Point","coordinates":[121.542727,25.025173]}},{"type":"Feature","properties":{"id":"osm:node:3811141034","name":"平安身心健康診所","category":"clinic"},"geometry":{"type":"Point","coordinates":[121.529848,25.018759]}},{"type":"Feature","properties":{"id":"osm:node:3812406085","name":"瑞萱診所","category":"clinic"},"geometry":{"type":"Point","coordinates":[121.546911,24.995674]}},{"type":"Feature","properties":{"id":"osm:node:3814144246","name":"紹毅內兒科","category":"clinic"},"geometry":{"type":"Point","coordinates":[121.531131,25.043833]}},{"type":"Feature","properties":{"id":"osm:node:3826876963","name":"施宏男復健科診所","category":"clinic"},"geometry":{"type":"Point","coordinates":[121.532759,25.054955]}},{"type":"Feature","properties":{"id":"osm:node:3826876964","name":"安康復健科診所","category":"clinic"},"geometry":{"type":"Point","coordinates":[121.532663,25.048632]}},{"type":"Feature","properties":{"id":"osm:node:3835320325","name":"宏福中醫","category":"clinic"},"geometry":{"type":"Point","coordinates":[121.552603,24.987752]}},{"type":"Feature","properties":{"id":"osm:node:3835330442","name":"信全美齒","category":"clinic"},"geometry":{"type":"Point","coordinates":[121.553785,24.987922]}},{"type":"Feature","properties":{"id":"osm:node:3835339680","name":"平安耳鼻喉科","category":"clinic","opening_hours":"(一)~(五)8:30~12:00/16:00~21:00 (六)8:30~12:00/16:30~19:00 國定假日8:30~12:00"},"geometry":{"type":"Point","coordinates":[121.562731,24.98234]}},{"type":"Feature","properties":{"id":"osm:node:3835339693","name":"保儀診所","category":"clinic","opening_hours":"(一)~(五)9:00~12:00/15:00~18:00/19:00~21:00 (六)9:00~12:00/14:00~17:00 休(二)午(三)(四)晚"},"geometry":{"type":"Point","coordinates":[121.566353,24.984826]}},{"type":"Feature","properties":{"id":"osm:node:3835339700","name":"邱成湦皮膚專科","category":"clinic","opening_hours":"(一)~(五)9:00~12:00/15:00~18:00/18:30~21:30 (六)9:00~12:00"},"geometry":{"type":"Point","coordinates":[121.56184,24.984266]}},{"type":"Feature","properties":{"id":"osm:node:3835339701","name":"普仁耳鼻喉科診所","category":"clinic","opening_hours":"(一)~(五)9:00~12:00/17:00~21:00 (六)9:00~12:00"},"geometry":{"type":"Point","coordinates":[121.562051,24.983868]}},{"type":"Feature","properties":{"id":"osm:node:3835339705","name":"和康復健科診所","category":"clinic","opening_hours":"(一)~(六)9:00~12:00/14:30~17:30/18:00~21:00 休(二)早(三)(四)(六)午(五)(六)晚 復健治療時間:8:00~21:30"},"geometry":{"type":"Point","coordinates":[121.562507,24.982585]}},{"type":"Feature","properties":{"id":"osm:node:3835343464","name":"育德堂中醫診所","category":"clinic"},"geometry":{"type":"Point","coordinates":[121.560596,24.981556]}},{"type":"Feature","properties":{"id":"osm:node:3835349528","name":"長欣婦產科 醫學美容","category":"clinic"},"geometry":{"type":"Point","coordinates":[121.561279,24.985309]}},{"type":"Feature","properties":{"id":"osm:node:3842794655","name":"晉康復健科診所","category":"clinic"},"geometry":{"type":"Point","coordinates":[121.553338,25.001116]}},{"type":"Feature","properties":{"id":"osm:node:3846249606","name":"春林復健科診所","category":"clinic"},"geometry":{"type":"Point","coordinates":[121.559225,24.981207]}},{"type":"Feature","properties":{"id":"osm:node:3860013615","name":"官世英診所","category":"clinic"},"geometry":{"type":"Point","coordinates":[121.544843,24.997045]}},{"type":"Feature","properties":{"id":"osm:node:3862353611","name":"蔡明勳診所","category":"clinic"},"geometry":{"type":"Point","coordinates":[121.521457,25.028015]}},{"type":"Feature","properties":{"id":"osm:node:3887820753","name":"劉秉城診所","category":"clinic"},"geometry":{"type":"Point","coordinates":[121.532487,25.04027]}},{"type":"Feature","properties":{"id":"osm:node:3887820857","name":"大安皮膚專科","category":"clinic"},"geometry":{"type":"Point","coordinates":[121.532146,25.033851]}},{"type":"Feature","properties":{"id":"osm:node:3887820869","name":"鼎心診所","category":"clinic"},"geometry":{"type":"Point","coordinates":[121.532486,25.033295]}},{"type":"Feature","properties":{"id":"osm:node:3888706246","name":"長虹診所","category":"clinic","nameEn":"Chang Hung Clinic","opening_hours":"Mo-Sa 10:00-21:00"},"geometry":{"type":"Point","coordinates":[121.517403,25.045542]}},{"type":"Feature","properties":{"id":"osm:node:3888706247","name":"台北諾貝爾眼科診所","category":"clinic"},"geometry":{"type":"Point","coordinates":[121.517394,25.045502]}},{"type":"Feature","properties":{"id":"osm:node:3891423026","name":"富新骨科診所","category":"clinic"},"geometry":{"type":"Point","coordinates":[121.540582,24.964592]}},{"type":"Feature","properties":{"id":"osm:node:3891423033","name":"鈺晟中醫診所","category":"clinic"},"geometry":{"type":"Point","coordinates":[121.540629,24.964608]}},{"type":"Feature","properties":{"id":"osm:node:3923847454","name":"書田泌尿科眼科診所","category":"clinic"},"geometry":{"type":"Point","coordinates":[121.537277,25.025079]}},{"type":"Feature","properties":{"id":"osm:node:3923847455","name":"李翔耳鼻喉科","category":"clinic"},"geometry":{"type":"Point","coordinates":[121.536803,25.025564]}},{"type":"Feature","properties":{"id":"osm:node:3924745257","name":"仁愛中醫診所","category":"clinic"},"geometry":{"type":"Point","coordinates":[121.507576,25.034075]}},{"type":"Feature","properties":{"id":"osm:node:3929888374","name":"全心醫學聯合診所","category":"clinic"},"geometry":{"type":"Point","coordinates":[121.540631,24.99158]}},{"type":"Feature","properties":{"id":"osm:node:3929888379","name":"璟美眼科診所","category":"clinic"},"geometry":{"type":"Point","coordinates":[121.539792,24.990884]}},{"type":"Feature","properties":{"id":"osm:node:3929888384","name":"宏安國術館","category":"clinic","opening_hours":"Mo-Sa 09:00-12:00, 15:30-18:00, 18:50-22:00"},"geometry":{"type":"Point","coordinates":[121.542033,24.993038]}},{"type":"Feature","properties":{"id":"osm:node:3929888385","name":"定安診所","category":"clinic"},"geometry":{"type":"Point","coordinates":[121.544639,24.993411]}},{"type":"Feature","properties":{"id":"osm:node:3929888397","name":"林慶堂婦產科","category":"clinic","opening_hours":"Mo-Tu 09:00-12:00,15:00-17:30,19:00-21:00; We 09:00-12:00,19:00-21:00; Th 09:00-12:00,15:00-17:30,19:00-21:00; Fr 09:00-"},"geometry":{"type":"Point","coordinates":[121.542506,24.978015]}},{"type":"Feature","properties":{"id":"osm:node:3929888403","name":"漂亮101皮膚科診所","category":"clinic"},"geometry":{"type":"Point","coordinates":[121.540854,24.992253]}},{"type":"Feature","properties":{"id":"osm:node:3929888460","name":"耿誠中醫診所","category":"clinic"},"geometry":{"type":"Point","coordinates":[121.540494,24.997501]}},{"type":"Feature","properties":{"id":"osm:node:3929888472","name":"陳鐵誠中醫診所","category":"clinic"},"geometry":{"type":"Point","coordinates":[121.540722,24.996505]}},{"type":"Feature","properties":{"id":"osm:node:3939158040","name":"林靜芸林之昀聯合整形外科","category":"clinic"},"geometry":{"type":"Point","coordinates":[121.53251,25.032924]}},{"type":"Feature","properties":{"id":"osm:node:3955430389","name":"尚群眼科","category":"clinic"},"geometry":{"type":"Point","coordinates":[121.558689,25.051768]}},{"type":"Feature","properties":{"id":"osm:node:3955430393","name":"松山信合美眼科","category":"clinic"},"geometry":{"type":"Point","coordinates":[121.563721,25.053987]}},{"type":"Feature","properties":{"id":"osm:node:3955465472","name":"正風復健科診所","category":"clinic"},"geometry":{"type":"Point","coordinates":[121.557072,25.052761]}},{"type":"Feature","properties":{"id":"osm:node:3955465479","name":"景賀時尚診所","category":"clinic"},"geometry":{"type":"Point","coordinates":[121.557252,25.052286]}},{"type":"Feature","properties":{"id":"osm:node:4007798828","name":"慶如診所","category":"clinic"},"geometry":{"type":"Point","coordinates":[121.539765,24.992553]}},{"type":"Feature","properties":{"id":"osm:node:4007798833","name":"景文復健科","category":"clinic"},"geometry":{"type":"Point","coordinates":[121.539806,24.992521]}},{"type":"Feature","properties":{"id":"osm:node:4007811601","name":"陳建業診所","category":"clinic"},"geometry":{"type":"Point","coordinates":[121.541063,24.990522]}},{"type":"Feature","properties":{"id":"osm:node:4018218993","name":"陳正宗診所","category":"clinic"},"geometry":{"type":"Point","coordinates":[121.539109,24.973171]}},{"type":"Feature","properties":{"id":"osm:node:4033359745","name":"慈惠聯合診所","category":"clinic"},"geometry":{"type":"Point","coordinates":[121.539206,25.000723]}},{"type":"Feature","properties":{"id":"osm:node:4033359746","name":"和佩身心醫學診所","category":"clinic"},"geometry":{"type":"Point","coordinates":[121.538842,25.001716]}},{"type":"Feature","properties":{"id":"osm:node:4033359756","name":"楊向榮耳鼻喉科","category":"clinic"},"geometry":{"type":"Point","coordinates":[121.539203,25.002006]}},{"type":"Feature","properties":{"id":"osm:node:4034041043","name":"祐生牙醫診所","category":"clinic"},"geometry":{"type":"Point","coordinates":[121.617326,25.052997]}},{"type":"Feature","properties":{"id":"osm:node:4043625912","name":"景美牙醫診所","category":"clinic"},"geometry":{"type":"Point","coordinates":[121.541796,24.991351]}},{"type":"Feature","properties":{"id":"osm:node:4050767733","name":"一修大師","category":"clinic"},"geometry":{"type":"Point","coordinates":[121.56373,25.057186]}},{"type":"Feature","properties":{"id":"osm:node:4050767772","name":"耳鼻喉科診所","category":"clinic"},"geometry":{"type":"Point","coordinates":[121.563352,25.057844]}},{"type":"Feature","properties":{"id":"osm:node:4052214809","name":"陽明校區保健室","category":"clinic"},"geometry":{"type":"Point","coordinates":[121.512605,25.12125]}},{"type":"Feature","properties":{"id":"osm:node:4058519109","name":"興隆內兒科","category":"clinic","opening_hours":"Mo-Fr 08:30-11:30, 15:30-18:30, 19:00-21:00"},"geometry":{"type":"Point","coordinates":[121.545474,24.998879]}},{"type":"Feature","properties":{"id":"osm:node:4085016854","name":"至誠整形外科診所","category":"clinic"},"geometry":{"type":"Point","coordinates":[121.535057,25.052944]}},{"type":"Feature","properties":{"id":"osm:node:4085092829","name":"大學眼科","category":"clinic"},"geometry":{"type":"Point","coordinates":[121.533799,25.020721]}},{"type":"Feature","properties":{"id":"osm:node:4088322530","name":"元和雅整型外科","category":"clinic"},"geometry":{"type":"Point","coordinates":[121.533267,25.053026]}},{"type":"Feature","properties":{"id":"osm:node:4109465189","name":"啟誠聯合診所","category":"clinic"},"geometry":{"type":"Point","coordinates":[121.543001,25.024714]}},{"type":"Feature","properties":{"id":"osm:node:4147356101","name":"安胃診所","category":"clinic","opening_hours":"Mo-Fr 08:30-12:30,14:30-17:30,18:00-21:00; Sa 08:30-12:30"},"geometry":{"type":"Point","coordinates":[121.478391,25.017956]}},{"type":"Feature","properties":{"id":"osm:node:4149587183","name":"大正眼科","category":"clinic"},"geometry":{"type":"Point","coordinates":[121.533322,25.025986]}},{"type":"Feature","properties":{"id":"osm:node:4149587188","name":"怡和診所","category":"clinic"},"geometry":{"type":"Point","coordinates":[121.523715,25.022366]}},{"type":"Feature","properties":{"id":"osm:node:4149591692","name":"禾馨新生婦幼診所","category":"clinic"},"geometry":{"type":"Point","coordinates":[121.534576,25.025789]}},{"type":"Feature","properties":{"id":"osm:node:4198249694","name":"長安東診所","category":"clinic"},"geometry":{"type":"Point","coordinates":[121.532344,25.048342]}},{"type":"Feature","properties":{"id":"osm:node:4198249716","name":"穗安中醫診所","category":"clinic"},"geometry":{"type":"Point","coordinates":[121.532274,25.048321]}},{"type":"Feature","properties":{"id":"osm:node:4200642666","name":"合春中醫","category":"clinic"},"geometry":{"type":"Point","coordinates":[121.552653,25.001134]}},{"type":"Feature","properties":{"id":"osm:node:4200643106","name":"王令時內科診所","category":"clinic"},"geometry":{"type":"Point","coordinates":[121.552002,25.001639]}},{"type":"Feature","properties":{"id":"osm:node:4205229649","name":"新昇中醫診所","category":"clinic"},"geometry":{"type":"Point","coordinates":[121.533725,25.052831]}},{"type":"Feature","properties":{"id":"osm:node:4205229671","name":"民生承安診所","category":"clinic"},"geometry":{"type":"Point","coordinates":[121.543281,25.057443]}},{"type":"Feature","properties":{"id":"osm:node:4236823714","name":"啟生診所","category":"clinic"},"geometry":{"type":"Point","coordinates":[121.540045,24.964523]}},{"type":"Feature","properties":{"id":"osm:node:4236823735","name":"新店六順診所","category":"clinic"},"geometry":{"type":"Point","coordinates":[121.542861,24.971071]}},{"type":"Feature","properties":{"id":"osm:node:4236824152","name":"詹婦產科","category":"clinic"},"geometry":{"type":"Point","coordinates":[121.54012,24.964782]}},{"type":"Feature","properties":{"id":"osm:node:4242503845","name":"小兒科","category":"clinic"},"geometry":{"type":"Point","coordinates":[121.50982,24.988772]}},{"type":"Feature","properties":{"id":"osm:node:4253208235","name":"簡萬居耳鼻喉科","category":"clinic"},"geometry":{"type":"Point","coordinates":[121.529863,25.019785]}},{"type":"Feature","properties":{"id":"osm:node:4258240367","name":"雅文皮膚科診所","category":"clinic"},"geometry":{"type":"Point","coordinates":[121.474509,25.005961]}},{"type":"Feature","properties":{"id":"osm:node:4269582560","name":"永恆牙醫診所","category":"clinic"},"geometry":{"type":"Point","coordinates":[121.527825,25.019354]}},{"type":"Feature","properties":{"id":"osm:node:4269582564","name":"王俊民皮膚科診所","category":"clinic"},"geometry":{"type":"Point","coordinates":[121.533311,25.053532]}},{"type":"Feature","properties":{"id":"osm:node:4282217996","name":"羅斯福診所","category":"clinic"},"geometry":{"type":"Point","coordinates":[121.530134,25.01912]}},{"type":"Feature","properties":{"id":"osm:node:4298897605","name":"力慈科學中醫","category":"clinic"},"geometry":{"type":"Point","coordinates":[121.533374,25.054979]}},{"type":"Feature","properties":{"id":"osm:node:4307554245","name":"黃正宏診所","category":"clinic"},"geometry":{"type":"Point","coordinates":[121.51521,25.114388]}},{"type":"Feature","properties":{"id":"osm:node:4312433354","name":"振興小兒科診所","category":"clinic"},"geometry":{"type":"Point","coordinates":[121.59083,25.08039]}},{"type":"Feature","properties":{"id":"osm:node:4312433364","name":"汎美皮膚科診所","category":"clinic"},"geometry":{"type":"Point","coordinates":[121.590224,25.079782]}},{"type":"Feature","properties":{"id":"osm:node:4312629747","name":"夏一新身心精神科診所","category":"clinic"},"geometry":{"type":"Point","coordinates":[121.590048,25.079579]}},{"type":"Feature","properties":{"id":"osm:node:4314326440","name":"康寧診所","category":"clinic"},"geometry":{"type":"Point","coordinates":[121.593946,25.079236]}},{"type":"Feature","properties":{"id":"osm:node:4316457989","name":"漢唐中醫","category":"clinic","opening_hours":"Mo-Su 08:00-20:00"},"geometry":{"type":"Point","coordinates":[121.507275,24.990582]}},{"type":"Feature","properties":{"id":"osm:node:4317027839","name":"旭明眼科","category":"clinic"},"geometry":{"type":"Point","coordinates":[121.543962,24.991779]}},{"type":"Feature","properties":{"id":"osm:node:4325606028","name":"江幸蓉皮膚科診所","category":"clinic"},"geometry":{"type":"Point","coordinates":[121.495905,25.069297]}},{"type":"Feature","properties":{"id":"osm:node:4325693423","name":"仁耀診所","category":"clinic"},"geometry":{"type":"Point","coordinates":[121.544394,24.998955]}},{"type":"Feature","properties":{"id":"osm:node:4325693427","name":"安東診所","category":"clinic"},"geometry":{"type":"Point","coordinates":[121.542915,25.025144]}},{"type":"Feature","properties":{"id":"osm:node:4325693444","name":"劉玄統診所","category":"clinic"},"geometry":{"type":"Point","coordinates":[121.577402,25.038379]}},{"type":"Feature","properties":{"id":"osm:node:4325693919","name":"林醫師診所","category":"clinic"},"geometry":{"type":"Point","coordinates":[121.544801,24.994014]}},{"type":"Feature","properties":{"id":"osm:node:4325693940","name":"溫亞中西醫醫美聯合診所","category":"clinic"},"geometry":{"type":"Point","coordinates":[121.531445,25.042279]}},{"type":"Feature","properties":{"id":"osm:node:4325694212","name":"震杰小兒科診所","category":"clinic"},"geometry":{"type":"Point","coordinates":[121.544808,24.994453]}},{"type":"Feature","properties":{"id":"osm:node:4328118427","name":"惠安診所","category":"clinic","opening_hours":"Mo-We 09:00-12:00,14:00-21:00; Th 09:00-12:00,14:00-17:30; Fr 09:00-12:00,14:00-21:00; Sa 09:00-12:00; Su off"},"geometry":{"type":"Point","coordinates":[121.542443,24.979327]}},{"type":"Feature","properties":{"id":"osm:node:4328118429","name":"敦南愛爾麗診所","category":"clinic"},"geometry":{"type":"Point","coordinates":[121.548083,25.04128]}},{"type":"Feature","properties":{"id":"osm:node:4328118431","name":"杜李威中醫診所","category":"clinic"},"geometry":{"type":"Point","coordinates":[121.532038,25.052998]}},{"type":"Feature","properties":{"id":"osm:node:4339715589","name":"顏志瑋診所","category":"clinic"},"geometry":{"type":"Point","coordinates":[121.664911,25.072553]}},{"type":"Feature","properties":{"id":"osm:node:4360380434","name":"永誠復健診所","category":"clinic"},"geometry":{"type":"Point","coordinates":[121.543133,25.02514]}},{"type":"Feature","properties":{"id":"osm:node:4370094109","name":"葫洲診所","category":"clinic"},"geometry":{"type":"Point","coordinates":[121.607643,25.07276]}},{"type":"Feature","properties":{"id":"osm:node:4397232215","name":"宏林診所附設洗腎中心","category":"clinic"},"geometry":{"type":"Point","coordinates":[121.522342,25.05771]}},{"type":"Feature","properties":{"id":"osm:node:4406427593","name":"安平家診所","category":"clinic"},"geometry":{"type":"Point","coordinates":[121.510729,24.996478]}},{"type":"Feature","properties":{"id":"osm:node:4423091664","name":"厚德診所","category":"clinic"},"geometry":{"type":"Point","coordinates":[121.496014,25.068088]}},{"type":"Feature","properties":{"id":"osm:node:4423091667","name":"正義眼科","category":"clinic"},"geometry":{"type":"Point","coordinates":[121.495913,25.068362]}},{"type":"Feature","properties":{"id":"osm:node:4423091668","name":"正和診所","category":"clinic"},"geometry":{"type":"Point","coordinates":[121.495691,25.069031]}},{"type":"Feature","properties":{"id":"osm:node:4423091673","name":"郭政義診所","category":"clinic"},"geometry":{"type":"Point","coordinates":[121.495978,25.068198]}},{"type":"Feature","properties":{"id":"osm:node:4423091674","name":"重德耳鼻喉科診所","category":"clinic"},"geometry":{"type":"Point","coordinates":[121.495947,25.068269]}},{"type":"Feature","properties":{"id":"osm:node:4423128541","name":"三重醫事放射所","category":"clinic"},"geometry":{"type":"Point","coordinates":[121.494964,25.070123]}},{"type":"Feature","properties":{"id":"osm:node:4423128545","name":"安美中醫診所","category":"clinic"},"geometry":{"type":"Point","coordinates":[121.494795,25.070336]}},{"type":"Feature","properties":{"id":"osm:node:4423128548","name":"正一耳鼻喉科診所","category":"clinic"},"geometry":{"type":"Point","coordinates":[121.495015,25.070044]}},{"type":"Feature","properties":{"id":"osm:node:4423128550","name":"江建中皮膚科診所","category":"clinic"},"geometry":{"type":"Point","coordinates":[121.495169,25.069845]}},{"type":"Feature","properties":{"id":"osm:node:4423128551","name":"洋基耳鼻喉科眼科聯合診所","category":"clinic"},"geometry":{"type":"Point","coordinates":[121.495469,25.069472]}},{"type":"Feature","properties":{"id":"osm:node:4423128554","name":"簡修平診所","category":"clinic"},"geometry":{"type":"Point","coordinates":[121.495245,25.069783]}},{"type":"Feature","properties":{"id":"osm:node:4423128556","name":"翁華宗診所","category":"clinic"},"geometry":{"type":"Point","coordinates":[121.494819,25.070381]}},{"type":"Feature","properties":{"id":"osm:node:4423128559","name":"陳信任精神科診所","category":"clinic"},"geometry":{"type":"Point","coordinates":[121.494849,25.070321]}},{"type":"Feature","properties":{"id":"osm:node:4424407828","name":"林偉欣眼科","category":"clinic"},"geometry":{"type":"Point","coordinates":[121.49379,25.071252]}},{"type":"Feature","properties":{"id":"osm:node:4427199349","name":"周宏法診所復健科","category":"clinic"},"geometry":{"type":"Point","coordinates":[121.49434,25.071295]}},{"type":"Feature","properties":{"id":"osm:node:4427199356","name":"鍚安婦產科內科","category":"clinic"},"geometry":{"type":"Point","coordinates":[121.494166,25.071407]}},{"type":"Feature","properties":{"id":"osm:node:4436151960","name":"仁醫診所附設洗腎","category":"clinic"},"geometry":{"type":"Point","coordinates":[121.494874,25.070945]}},{"type":"Feature","properties":{"id":"osm:node:4449312465","name":"梅約聯合診所","category":"clinic"},"geometry":{"type":"Point","coordinates":[121.518913,25.050326]}},{"type":"Feature","properties":{"id":"osm:node:4449757824","name":"春寧診所","category":"clinic"},"geometry":{"type":"Point","coordinates":[121.519641,25.050358]}},{"type":"Feature","properties":{"id":"osm:node:4481939002","name":"景德耳鼻喉科診所","category":"clinic","opening_hours":"Mo-Sa 08:30-12:00,15:00-18:00,19:00-21:30; Su off"},"geometry":{"type":"Point","coordinates":[121.542133,25.02526]}},{"type":"Feature","properties":{"id":"osm:node:4483303090","name":"台北市立聯合醫院士林門診區","category":"clinic"},"geometry":{"type":"Point","coordinates":[121.519996,25.093019]}},{"type":"Feature","properties":{"id":"osm:node:4520207443","name":"高兒科診所","category":"clinic"},"geometry":{"type":"Point","coordinates":[121.509845,24.961232]}},{"type":"Feature","properties":{"id":"osm:node:4520207444","name":"護康診所","category":"clinic"},"geometry":{"type":"Point","coordinates":[121.509969,24.961084]}},{"type":"Feature","properties":{"id":"osm:node:4520207452","name":"雁秋診所","category":"clinic"},"geometry":{"type":"Point","coordinates":[121.510382,24.960677]}},{"type":"Feature","properties":{"id":"osm:node:4524318951","name":"景美喜信牙醫診所","category":"clinic"},"geometry":{"type":"Point","coordinates":[121.545443,24.993839]}},{"type":"Feature","properties":{"id":"osm:node:4524318986","name":"瑞杏診所","category":"clinic"},"geometry":{"type":"Point","coordinates":[121.54108,24.997951]}},{"type":"Feature","properties":{"id":"osm:node:4524319689","name":"意一堂中醫","category":"clinic"},"geometry":{"type":"Point","coordinates":[121.539782,25.000524]}},{"type":"Feature","properties":{"id":"osm:node:4524319690","name":"禎美中醫診所","category":"clinic"},"geometry":{"type":"Point","coordinates":[121.538968,25.001389]}},{"type":"Feature","properties":{"id":"osm:node:4524328174","name":"佳醫誠藥牙醫診所","category":"clinic"},"geometry":{"type":"Point","coordinates":[121.53291,25.016963]}},{"type":"Feature","properties":{"id":"osm:node:4524344002","name":"大豐耳鼻喉科診所","category":"clinic"},"geometry":{"type":"Point","coordinates":[121.538506,24.978953]}},{"type":"Feature","properties":{"id":"osm:node:4524344015","name":"文宏診所","category":"clinic"},"geometry":{"type":"Point","coordinates":[121.540138,24.964826]}},{"type":"Feature","properties":{"id":"osm:node:4524863629","name":"葉內兒科","category":"clinic"},"geometry":{"type":"Point","coordinates":[121.538784,25.054826]}},{"type":"Feature","properties":{"id":"osm:node:4524863641","name":"世芳中醫診所","category":"clinic","nameEn":"Shifang Chinese Medicine Clinic"},"geometry":{"type":"Point","coordinates":[121.562223,25.039556]}},{"type":"Feature","properties":{"id":"osm:node:4524863762","name":"南西尚安醫美診所","category":"clinic"},"geometry":{"type":"Point","coordinates":[121.517921,25.052956]}},{"type":"Feature","properties":{"id":"osm:node:4524863893","name":"民生翁耳鼻喉科","category":"clinic"},"geometry":{"type":"Point","coordinates":[121.558927,25.058351]}},{"type":"Feature","properties":{"id":"osm:node:4524863896","name":"李政洋身心診所","category":"clinic"},"geometry":{"type":"Point","coordinates":[121.563778,25.056437]}},{"type":"Feature","properties":{"id":"osm:node:4524863901","name":"趙素芳婦產科","category":"clinic"},"geometry":{"type":"Point","coordinates":[121.54119,25.048135]}},{"type":"Feature","properties":{"id":"osm:node:4524863973","name":"陳偉寶泌尿科診所","category":"clinic"},"geometry":{"type":"Point","coordinates":[121.543889,25.037014]}},{"type":"Feature","properties":{"id":"osm:node:4524864523","name":"樂活診所","category":"clinic"},"geometry":{"type":"Point","coordinates":[121.528267,25.025737]}},{"type":"Feature","properties":{"id":"osm:node:4538270116","name":"順安堂青草國術館","category":"clinic"},"geometry":{"type":"Point","coordinates":[121.539452,24.962053]}},{"type":"Feature","properties":{"id":"osm:node:4538270120","name":"第一醫事放射科","category":"clinic"},"geometry":{"type":"Point","coordinates":[121.54059,24.964645]}},{"type":"Feature","properties":{"id":"osm:node:4538275046","name":"大學眼科","category":"clinic"},"geometry":{"type":"Point","coordinates":[121.515535,25.014342]}},{"type":"Feature","properties":{"id":"osm:node:4567944694","name":"戴政傑診所","category":"clinic"},"geometry":{"type":"Point","coordinates":[121.642102,25.065162]}},{"type":"Feature","properties":{"id":"osm:node:4574573818","name":"北醫附設復健科診所","category":"clinic"},"geometry":{"type":"Point","coordinates":[121.555435,25.023013]}},{"type":"Feature","properties":{"id":"osm:node:4582590589","name":"大成中醫診所","category":"clinic","opening_hours":"Mo-Sa 14:00-18:00, Mo-We,Fr 18:00-21:00"},"geometry":{"type":"Point","coordinates":[121.572493,25.043317]}},{"type":"Feature","properties":{"id":"osm:node:4732257210","name":"魏之明小兒科診所","category":"clinic"},"geometry":{"type":"Point","coordinates":[121.609663,25.07136]}},{"type":"Feature","properties":{"id":"osm:node:4737389726","name":"小禾馨兒童專科","category":"clinic","opening_hours":"0930-2100"},"geometry":{"type":"Point","coordinates":[121.534541,25.025553]}},{"type":"Feature","properties":{"id":"osm:node:4740961122","name":"祐民聯合診所","category":"clinic","nameEn":"Youh Mirn United Clinic","opening_hours":"Mo-Sa 08:00-22:00; Su 09:00-21:00"},"geometry":{"type":"Point","coordinates":[121.501324,25.128321]}},{"type":"Feature","properties":{"id":"osm:node:4758088049","name":"中崙諮商中心心理諮商所","category":"clinic"},"geometry":{"type":"Point","coordinates":[121.535491,25.041719]}},{"type":"Feature","properties":{"id":"osm:node:4758146632","name":"馨培心理治療所","category":"clinic"},"geometry":{"type":"Point","coordinates":[121.522166,25.057607]}},{"type":"Feature","properties":{"id":"osm:node:4758146633","name":"毛蟲藝術心理諮商所","category":"clinic"},"geometry":{"type":"Point","coordinates":[121.543234,25.03309]}},{"type":"Feature","properties":{"id":"osm:node:4760986962","name":"永吉羅耳鼻喉科診所","category":"clinic"},"geometry":{"type":"Point","coordinates":[121.573718,25.045346]}},{"type":"Feature","properties":{"id":"osm:node:4774953539","name":"心禾診所","category":"clinic"},"geometry":{"type":"Point","coordinates":[121.543757,25.05135]}},{"type":"Feature","properties":{"id":"osm:node:4774964434","name":"永康身心診所","category":"clinic"},"geometry":{"type":"Point","coordinates":[121.52773,25.035631]}},{"type":"Feature","properties":{"id":"osm:node:4774982921","name":"天晴診所","category":"clinic"},"geometry":{"type":"Point","coordinates":[121.525696,25.110419]}},{"type":"Feature","properties":{"id":"osm:node:4778414521","name":"臺北市社區心理衛生中心","category":"clinic"},"geometry":{"type":"Point","coordinates":[121.529657,25.041685]}},{"type":"Feature","properties":{"id":"osm:node:4778414622","name":"內湖區健康服務中心","category":"clinic","nameEn":"Neihu District Health Center"},"geometry":{"type":"Point","coordinates":[121.588894,25.069308]}},{"type":"Feature","properties":{"id":"osm:node:4782419724","name":"佳家人際智能開發心理治療所","category":"clinic"},"geometry":{"type":"Point","coordinates":[121.53716,25.003556]}},{"type":"Feature","properties":{"id":"osm:node:4783920815","name":"百齡診所","category":"clinic"},"geometry":{"type":"Point","coordinates":[121.511392,25.084271]}},{"type":"Feature","properties":{"id":"osm:node:4786142619","name":"黃金喜婦產科","category":"clinic"},"geometry":{"type":"Point","coordinates":[121.509911,25.083623]}},{"type":"Feature","properties":{"id":"osm:node:4827002329","name":"思懋堂中醫診所","category":"clinic"},"geometry":{"type":"Point","coordinates":[121.523684,24.979162]}},{"type":"Feature","properties":{"id":"osm:node:4834761765","name":"林坤霖耳鼻喉科","category":"clinic"},"geometry":{"type":"Point","coordinates":[121.539434,25.000191]}},{"type":"Feature","properties":{"id":"osm:node:4834761772","name":"京閣醫學聯合診所","category":"clinic"},"geometry":{"type":"Point","coordinates":[121.540579,24.991655]}},{"type":"Feature","properties":{"id":"osm:node:4836631381","name":"黃禎祥小兒科","category":"clinic"},"geometry":{"type":"Point","coordinates":[121.528587,25.023707]}},{"type":"Feature","properties":{"id":"osm:node:4837986391","name":"祺祥中醫診所","category":"clinic"},"geometry":{"type":"Point","coordinates":[121.532667,25.046796]}},{"type":"Feature","properties":{"id":"osm:node:4837986424","name":"張醫生診所","category":"clinic"},"geometry":{"type":"Point","coordinates":[121.549695,25.022159]}},{"type":"Feature","properties":{"id":"osm:node:4838087778","name":"星和診所","category":"clinic"},"geometry":{"type":"Point","coordinates":[121.514758,25.046345]}},{"type":"Feature","properties":{"id":"osm:node:4846801486","name":"全心中醫診所","category":"clinic"},"geometry":{"type":"Point","coordinates":[121.46173,24.996167]}},{"type":"Feature","properties":{"id":"osm:node:4846801489","name":"坤隆診所","category":"clinic"},"geometry":{"type":"Point","coordinates":[121.462313,24.996276]}},{"type":"Feature","properties":{"id":"osm:node:4846801493","name":"弘安耳鼻喉科","category":"clinic"},"geometry":{"type":"Point","coordinates":[121.463595,24.997899]}},{"type":"Feature","properties":{"id":"osm:node:4846801495","name":"成安診所","category":"clinic"},"geometry":{"type":"Point","coordinates":[121.463587,24.998051]}},{"type":"Feature","properties":{"id":"osm:node:4867802923","name":"張漢權內科診所","category":"clinic"},"geometry":{"type":"Point","coordinates":[121.513927,25.052667]}},{"type":"Feature","properties":{"id":"osm:node:4871636880","name":"陳建焜小兒科診所","category":"clinic"},"geometry":{"type":"Point","coordinates":[121.546531,24.986965]}},{"type":"Feature","properties":{"id":"osm:node:4927508386","name":"市立聯合醫院福中職能工作坊","category":"clinic"},"geometry":{"type":"Point","coordinates":[121.518084,25.087252]}},{"type":"Feature","properties":{"id":"osm:node:4928425248","name":"丁美玲中醫診所","category":"clinic"},"geometry":{"type":"Point","coordinates":[121.534386,25.05146]}},{"type":"Feature","properties":{"id":"osm:node:4928425252","name":"CAIRE凱爾診所","category":"clinic"},"geometry":{"type":"Point","coordinates":[121.535891,25.051218]}},{"type":"Feature","properties":{"id":"osm:node:4928544151","name":"新光骨科運動醫學中心","category":"clinic"},"geometry":{"type":"Point","coordinates":[121.520877,25.091784]}},{"type":"Feature","properties":{"id":"osm:node:4946524021","name":"邱楠超診所","category":"clinic"},"geometry":{"type":"Point","coordinates":[121.553325,25.046782]}},{"type":"Feature","properties":{"id":"osm:node:5041566070","name":"新店北新身心診所","category":"clinic","opening_hours":"Mo-Fr 10:00-13:00,14:00-17:00,18:00-21:00; Sa-Su off"},"geometry":{"type":"Point","coordinates":[121.54243,24.979344]}},{"type":"Feature","properties":{"id":"osm:node:5061732522","name":"新佑泉診所","category":"clinic"},"geometry":{"type":"Point","coordinates":[121.578748,25.041058]}},{"type":"Feature","properties":{"id":"osm:node:5061734522","name":"康和診所","category":"clinic"},"geometry":{"type":"Point","coordinates":[121.553304,25.040719]}},{"type":"Feature","properties":{"id":"osm:node:5061734621","name":"聿康診所","category":"clinic"},"geometry":{"type":"Point","coordinates":[121.572681,25.040775]}},{"type":"Feature","properties":{"id":"osm:node:5061734821","name":"黃偉俐身心科診所","category":"clinic"},"geometry":{"type":"Point","coordinates":[121.523009,25.049773]}},{"type":"Feature","properties":{"id":"osm:node:5061734921","name":"欣美精神科診所","category":"clinic"},"geometry":{"type":"Point","coordinates":[121.543407,25.035943]}},{"type":"Feature","properties":{"id":"osm:node:5061735121","name":"北安聯合診所","category":"clinic"},"geometry":{"type":"Point","coordinates":[121.54834,25.08104]}},{"type":"Feature","properties":{"id":"osm:node:5061735221","name":"萬華身心精神科診所","category":"clinic"},"geometry":{"type":"Point","coordinates":[121.498858,25.035144]}},{"type":"Feature","properties":{"id":"osm:node:5061735321","name":"澄心診所","category":"clinic"},"geometry":{"type":"Point","coordinates":[121.522582,25.057446]}},{"type":"Feature","properties":{"id":"osm:node:5061735421","name":"昱捷診所","category":"clinic"},"geometry":{"type":"Point","coordinates":[121.543299,25.033114]}},{"type":"Feature","properties":{"id":"osm:node:5061756103","name":"松德精神科診所","category":"clinic"},"geometry":{"type":"Point","coordinates":[121.574918,25.037687]}},{"type":"Feature","properties":{"id":"osm:node:5088772954","name":"萬華瀚群骨科診所","category":"clinic"},"geometry":{"type":"Point","coordinates":[121.499205,25.036474]}},{"type":"Feature","properties":{"id":"osm:node:5095512228","name":"中山婦產科診所","category":"clinic"},"geometry":{"type":"Point","coordinates":[121.499571,25.03833]}},{"type":"Feature","properties":{"id":"osm:node:5108706577","name":"新眼光眼科診所","category":"clinic"},"geometry":{"type":"Point","coordinates":[121.542872,24.971124]}},{"type":"Feature","properties":{"id":"osm:node:5108706599","name":"林碧川內科小兒科診所","category":"clinic"},"geometry":{"type":"Point","coordinates":[121.543131,24.972813]}},{"type":"Feature","properties":{"id":"osm:node:5108728538","name":"天和堂中醫診所","category":"clinic"},"geometry":{"type":"Point","coordinates":[121.541755,24.994192]}},{"type":"Feature","properties":{"id":"osm:node:5110269767","name":"劉宣彥診所","category":"clinic"},"geometry":{"type":"Point","coordinates":[121.53482,25.048847]}},{"type":"Feature","properties":{"id":"osm:node:5110348602","name":"忠孝世賓","category":"clinic"},"geometry":{"type":"Point","coordinates":[121.551153,25.041271]}},{"type":"Feature","properties":{"id":"osm:node:5110348673","name":"陳志鑫診所","category":"clinic"},"geometry":{"type":"Point","coordinates":[121.58142,25.050836]}},{"type":"Feature","properties":{"id":"osm:node:5110348725","name":"王世興診所","category":"clinic"},"geometry":{"type":"Point","coordinates":[121.558269,25.048055]}},{"type":"Feature","properties":{"id":"osm:node:5110348754","name":"張國麟耳鼻喉專科","category":"clinic"},"geometry":{"type":"Point","coordinates":[121.552763,25.024833]}},{"type":"Feature","properties":{"id":"osm:node:5110348824","name":"那明珠診所","category":"clinic"},"geometry":{"type":"Point","coordinates":[121.546957,25.024467]}},{"type":"Feature","properties":{"id":"osm:node:5110349506","name":"振興內兒科診所","category":"clinic"},"geometry":{"type":"Point","coordinates":[121.590883,25.080455]}},{"type":"Feature","properties":{"id":"osm:node:5110349519","name":"文華內湖中醫診所","category":"clinic"},"geometry":{"type":"Point","coordinates":[121.599294,25.084895]}},{"type":"Feature","properties":{"id":"osm:node:5110349922","name":"大湖診所","category":"clinic"},"geometry":{"type":"Point","coordinates":[121.600152,25.084815]}},{"type":"Feature","properties":{"id":"osm:node:5110489222","name":"景欣中醫診所","category":"clinic"},"geometry":{"type":"Point","coordinates":[121.532215,25.052326]}},{"type":"Feature","properties":{"id":"osm:node:5110489226","name":"韓眼科診所","category":"clinic"},"geometry":{"type":"Point","coordinates":[121.479869,25.018818]}},{"type":"Feature","properties":{"id":"osm:node:5110489758","name":"禾康診所","category":"clinic"},"geometry":{"type":"Point","coordinates":[121.525462,25.062172]}},{"type":"Feature","properties":{"id":"osm:node:5110489761","name":"李堯堃小兒內科","category":"clinic"},"geometry":{"type":"Point","coordinates":[121.529401,25.062782]}},{"type":"Feature","properties":{"id":"osm:node:5110489817","name":"葉洪小兒科診所","category":"clinic"},"geometry":{"type":"Point","coordinates":[121.559078,24.997733]}},{"type":"Feature","properties":{"id":"osm:node:5132027923","name":"仁友皮膚科","category":"clinic"},"geometry":{"type":"Point","coordinates":[121.525641,25.09455]}},{"type":"Feature","properties":{"id":"osm:node:5136753581","name":"許孟權小兒科診所","category":"clinic"},"geometry":{"type":"Point","coordinates":[121.502948,25.029585]}},{"type":"Feature","properties":{"id":"osm:node:5136753582","name":"鴻海中醫診所","category":"clinic"},"geometry":{"type":"Point","coordinates":[121.503035,25.029598]}},{"type":"Feature","properties":{"id":"osm:node:5141133231","name":"元泰診所","category":"clinic"},"geometry":{"type":"Point","coordinates":[121.630718,25.071129]}},{"type":"Feature","properties":{"id":"osm:node:5141133268","name":"廣緣堂中醫診所","category":"clinic"},"geometry":{"type":"Point","coordinates":[121.629975,25.070906]}},{"type":"Feature","properties":{"id":"osm:node:5141154639","name":"雙雙小兒專科診所","category":"clinic"},"geometry":{"type":"Point","coordinates":[121.629782,25.070586]}},{"type":"Feature","properties":{"id":"osm:node:5151455037","name":"裕仁診所","category":"clinic"},"geometry":{"type":"Point","coordinates":[121.500659,25.029638]}},{"type":"Feature","properties":{"id":"osm:node:5151455038","name":"保生堂中醫診所","category":"clinic"},"geometry":{"type":"Point","coordinates":[121.500407,25.030366]}},{"type":"Feature","properties":{"id":"osm:node:5174637850","name":"夏凱納生活診所","category":"clinic","opening_hours":"Mo-Fr 14:00-21:00; Sa 09:00-12:30"},"geometry":{"type":"Point","coordinates":[121.517551,25.05664]}},{"type":"Feature","properties":{"id":"osm:node:5205490722","name":"鄭福山婦產科","category":"clinic"},"geometry":{"type":"Point","coordinates":[121.525514,25.109452]}},{"type":"Feature","properties":{"id":"osm:node:5205594523","name":"立全復健","category":"clinic"},"geometry":{"type":"Point","coordinates":[121.525242,25.107594]}},{"type":"Feature","properties":{"id":"osm:node:5222709625","name":"榮總博政骨科診所","category":"clinic"},"geometry":{"type":"Point","coordinates":[121.521449,25.104446]}},{"type":"Feature","properties":{"id":"osm:node:5222746823","name":"天母康健身心診所","category":"clinic"},"geometry":{"type":"Point","coordinates":[121.521118,25.104347]}},{"type":"Feature","properties":{"id":"osm:node:5242181721","name":"立安復健科","category":"clinic"},"geometry":{"type":"Point","coordinates":[121.525561,25.091752]}},{"type":"Feature","properties":{"id":"osm:node:5255079122","name":"冠丹整復","category":"clinic"},"geometry":{"type":"Point","coordinates":[121.526502,25.107152]}},{"type":"Feature","properties":{"id":"osm:node:5256912721","name":"忠誠聯合診所","category":"clinic"},"geometry":{"type":"Point","coordinates":[121.529364,25.110919]}},{"type":"Feature","properties":{"id":"osm:node:5286854375","name":"元品中醫","category":"clinic"},"geometry":{"type":"Point","coordinates":[121.558698,24.998066]}},{"type":"Feature","properties":{"id":"osm:node:5286876060","name":"艾文診所","category":"clinic"},"geometry":{"type":"Point","coordinates":[121.55668,25.000227]}},{"type":"Feature","properties":{"id":"osm:node:5286876061","name":"黃皮膚科珍所","category":"clinic"},"geometry":{"type":"Point","coordinates":[121.55671,25.000299]}},{"type":"Feature","properties":{"id":"osm:node:5323312923","name":"透 美行醫美診所","category":"clinic"},"geometry":{"type":"Point","coordinates":[121.563962,25.053021]}},{"type":"Feature","properties":{"id":"osm:node:5351022921","name":"莊宇龍診所","category":"clinic","nameEn":"Dr. Zhuang's Clinic","opening_hours":"Mo-Sa 08:00-12:00, 15:00-22:00; Su 08:30-12:00, 18:00-21:30"},"geometry":{"type":"Point","coordinates":[121.549057,25.083783]}},{"type":"Feature","properties":{"id":"osm:node:5372146602","name":"姚仁青診所","category":"clinic"},"geometry":{"type":"Point","coordinates":[121.508856,25.007983]}},{"type":"Feature","properties":{"id":"osm:node:5485638921","name":"丁良文內科診所","category":"clinic"},"geometry":{"type":"Point","coordinates":[121.463716,25.079455]}},{"type":"Feature","properties":{"id":"osm:node:5504919541","name":"天光中醫診所","category":"clinic"},"geometry":{"type":"Point","coordinates":[121.540929,24.995129]}},{"type":"Feature","properties":{"id":"osm:node:5505377691","name":"關節脊椎保養民俗療法","category":"clinic"},"geometry":{"type":"Point","coordinates":[121.541204,24.996661]}},{"type":"Feature","properties":{"id":"osm:node:5512705924","name":"常牲中醫診所","category":"clinic"},"geometry":{"type":"Point","coordinates":[121.5262,25.090352]}},{"type":"Feature","properties":{"id":"osm:node:5512734221","name":"漢醫堂","category":"clinic"},"geometry":{"type":"Point","coordinates":[121.526346,25.090334]}},{"type":"Feature","properties":{"id":"osm:node:5513030395","name":"劉仲彥皮膚專科診所","category":"clinic"},"geometry":{"type":"Point","coordinates":[121.474191,25.028378]}},{"type":"Feature","properties":{"id":"osm:node:5551857323","name":"愛群中醫","category":"clinic"},"geometry":{"type":"Point","coordinates":[121.542259,25.033095]}},{"type":"Feature","properties":{"id":"osm:node:5552728612","name":"維格醫美診所","category":"clinic"},"geometry":{"type":"Point","coordinates":[121.581006,25.044299]}},{"type":"Feature","properties":{"id":"osm:node:5568220050","name":"李義男婦產科暨產後護理之家","category":"clinic","nameEn":"Lee's Obstetrics and Gynaecology"},"geometry":{"type":"Point","coordinates":[121.5232,25.057196]}},{"type":"Feature","properties":{"id":"osm:node:5585775128","name":"悠亞診所","category":"clinic"},"geometry":{"type":"Point","coordinates":[121.580741,25.04297]}},{"type":"Feature","properties":{"id":"osm:node:5585775150","name":"科美診所","category":"clinic"},"geometry":{"type":"Point","coordinates":[121.579227,25.041816]}},{"type":"Feature","properties":{"id":"osm:node:5585775179","name":"秀光診所","category":"clinic"},"geometry":{"type":"Point","coordinates":[121.577995,25.041445]}},{"type":"Feature","properties":{"id":"osm:node:5585775181","name":"伍瑞吉醫師診所","category":"clinic"},"geometry":{"type":"Point","coordinates":[121.577994,25.041541]}},{"type":"Feature","properties":{"id":"osm:node:5585775188","name":"忠慈堂","category":"clinic"},"geometry":{"type":"Point","coordinates":[121.578489,25.042045]}},{"type":"Feature","properties":{"id":"osm:node:5585775191","name":"輝煌診所","category":"clinic"},"geometry":{"type":"Point","coordinates":[121.57803,25.042102]}},{"type":"Feature","properties":{"id":"osm:node:5585775205","name":"慶豐診所","category":"clinic"},"geometry":{"type":"Point","coordinates":[121.578017,25.043318]}},{"type":"Feature","properties":{"id":"osm:node:5585946725","name":"清富外科","category":"clinic"},"geometry":{"type":"Point","coordinates":[121.578015,25.04366]}},{"type":"Feature","properties":{"id":"osm:node:5585946776","name":"聖醫中醫診所","category":"clinic"},"geometry":{"type":"Point","coordinates":[121.578006,25.044368]}},{"type":"Feature","properties":{"id":"osm:node:5585946804","name":"濟德民俗調理","category":"clinic"},"geometry":{"type":"Point","coordinates":[121.578361,25.042724]}},{"type":"Feature","properties":{"id":"osm:node:5585947225","name":"武術整復","category":"clinic"},"geometry":{"type":"Point","coordinates":[121.57995,25.042749]}},{"type":"Feature","properties":{"id":"osm:node:5585947230","name":"世傳整復","category":"clinic"},"geometry":{"type":"Point","coordinates":[121.578944,25.044956]}},{"type":"Feature","properties":{"id":"osm:node:5591399618","name":"興盛診所","category":"clinic"},"geometry":{"type":"Point","coordinates":[121.581643,25.045153]}},{"type":"Feature","properties":{"id":"osm:node:5605016227","name":"吳明珠中醫診所","category":"clinic"},"geometry":{"type":"Point","coordinates":[121.538653,25.007827]}},{"type":"Feature","properties":{"id":"osm:node:5608345326","name":"何英世婦產科","category":"clinic"},"geometry":{"type":"Point","coordinates":[121.524417,25.096166]}},{"type":"Feature","properties":{"id":"osm:node:5608393021","name":"士林復建科診所","category":"clinic"},"geometry":{"type":"Point","coordinates":[121.523943,25.096357]}},{"type":"Feature","properties":{"id":"osm:node:5661163189","name":"吳志仁診所","category":"clinic"},"geometry":{"type":"Point","coordinates":[121.511176,25.012886]}},{"type":"Feature","properties":{"id":"osm:node:5661163198","name":"彭程毅診所","category":"clinic"},"geometry":{"type":"Point","coordinates":[121.517372,25.004703]}},{"type":"Feature","properties":{"id":"osm:node:5775287288","name":"安東診所","category":"clinic","opening_hours":"Mo-Fr 08:30-12:00,14:30-17:30,18:00-20:30; Sa 08:30-12:00,14:00-17:00"},"geometry":{"type":"Point","coordinates":[121.541583,25.024868]}},{"type":"Feature","properties":{"id":"osm:node:5776238253","name":"安吉耳鼻喉科","category":"clinic"},"geometry":{"type":"Point","coordinates":[121.554407,25.022304]}},{"type":"Feature","properties":{"id":"osm:node:5782279696","name":"仁德傳統整復中心","category":"clinic"},"geometry":{"type":"Point","coordinates":[121.541414,24.995211]}},{"type":"Feature","properties":{"id":"osm:node:5795698539","name":"豫章堂中醫診所","category":"clinic","opening_hours":"Mo-Sa 15:00-22:00"},"geometry":{"type":"Point","coordinates":[121.541088,25.003092]}},{"type":"Feature","properties":{"id":"osm:node:5810641805","name":"秀娥中西診所","category":"clinic"},"geometry":{"type":"Point","coordinates":[121.527821,25.093893]}},{"type":"Feature","properties":{"id":"osm:node:5828566385","name":"黃大倫婦產科","category":"clinic"},"geometry":{"type":"Point","coordinates":[121.536217,25.048504]}},{"type":"Feature","properties":{"id":"osm:node:5835324227","name":"家安復健專科","category":"clinic"},"geometry":{"type":"Point","coordinates":[121.548356,25.024111]}},{"type":"Feature","properties":{"id":"osm:node:5839790178","name":"劉耳鼻喉科","category":"clinic"},"geometry":{"type":"Point","coordinates":[121.54468,25.028494]}},{"type":"Feature","properties":{"id":"osm:node:5840880542","name":"萬隆力康復健診所","category":"clinic"},"geometry":{"type":"Point","coordinates":[121.539048,25.004531]}},{"type":"Feature","properties":{"id":"osm:node:5845316858","name":"施崇仁耳鼻喉科","category":"clinic"},"geometry":{"type":"Point","coordinates":[121.545182,25.025031]}},{"type":"Feature","properties":{"id":"osm:node:5845355285","name":"李細祥內科診所","category":"clinic"},"geometry":{"type":"Point","coordinates":[121.546067,25.026623]}},{"type":"Feature","properties":{"id":"osm:node:5848067484","name":"松德診所","category":"clinic"},"geometry":{"type":"Point","coordinates":[121.547316,25.028113]}},{"type":"Feature","properties":{"id":"osm:node:5853565483","name":"大安耳鼻喉科診所","category":"clinic"},"geometry":{"type":"Point","coordinates":[121.543715,25.028028]}},{"type":"Feature","properties":{"id":"osm:node:5855662998","name":"泉安堂中醫診所","category":"clinic","opening_hours":"Mo-Sa 08:00-12:00. Mo, Tu, Th 14:00-18:00"},"geometry":{"type":"Point","coordinates":[121.516203,25.014852]}},{"type":"Feature","properties":{"id":"osm:node:5863510942","name":"瀚林眼科","category":"clinic"},"geometry":{"type":"Point","coordinates":[121.54621,24.999128]}},{"type":"Feature","properties":{"id":"osm:node:5863510944","name":"景升診所","category":"clinic"},"geometry":{"type":"Point","coordinates":[121.547075,24.999374]}},{"type":"Feature","properties":{"id":"osm:node:5908259428","name":"黃嘉欣中醫診所","category":"clinic","opening_hours":"Tu-Sa 09:00-12:00,17:30-21:30; Su,Mo off"},"geometry":{"type":"Point","coordinates":[121.542266,25.001478]}},{"type":"Feature","properties":{"id":"osm:node:5970357102","name":"德方中醫診所","category":"clinic"},"geometry":{"type":"Point","coordinates":[121.544853,24.997312]}},{"type":"Feature","properties":{"id":"osm:node:6004507064","name":"優儷芙生活診所","category":"clinic"},"geometry":{"type":"Point","coordinates":[121.523221,25.094865]}},{"type":"Feature","properties":{"id":"osm:node:6024322529","name":"竹圍中醫診所","category":"clinic"},"geometry":{"type":"Point","coordinates":[121.461399,25.137807]}},{"type":"Feature","properties":{"id":"osm:node:6051259306","name":"保安眼科診所","category":"clinic"},"geometry":{"type":"Point","coordinates":[121.525325,25.089416]}},{"type":"Feature","properties":{"id":"osm:node:6073651921","name":"陳剛朗耳鼻喉科","category":"clinic"},"geometry":{"type":"Point","coordinates":[121.525163,25.090178]}},{"type":"Feature","properties":{"id":"osm:node:6073701050","name":"惠周診所","category":"clinic"},"geometry":{"type":"Point","coordinates":[121.524564,25.090336]}},{"type":"Feature","properties":{"id":"osm:node:6073965246","name":"武漢國術館","category":"clinic"},"geometry":{"type":"Point","coordinates":[121.524225,25.09023]}},{"type":"Feature","properties":{"id":"osm:node:6085659090","name":"台美診所","category":"clinic"},"geometry":{"type":"Point","coordinates":[121.525273,25.107951]}},{"type":"Feature","properties":{"id":"osm:node:6095916743","name":"愛林診所","category":"clinic"},"geometry":{"type":"Point","coordinates":[121.521438,25.088473]}},{"type":"Feature","properties":{"id":"osm:node:6096011658","name":"柏齡診所","category":"clinic"},"geometry":{"type":"Point","coordinates":[121.518211,25.088573]}},{"type":"Feature","properties":{"id":"osm:node:6096023810","name":"長庚何小兒科診所","category":"clinic"},"geometry":{"type":"Point","coordinates":[121.517665,25.086739]}},{"type":"Feature","properties":{"id":"osm:node:6098535328","name":"立翔診所","category":"clinic"},"geometry":{"type":"Point","coordinates":[121.522146,24.995059]}},{"type":"Feature","properties":{"id":"osm:node:6103707149","name":"台北學善物理治療所","category":"clinic"},"geometry":{"type":"Point","coordinates":[121.524014,25.102701]}},{"type":"Feature","properties":{"id":"osm:node:6115778945","name":"天方中醫","category":"clinic"},"geometry":{"type":"Point","coordinates":[121.52477,25.102813]}},{"type":"Feature","properties":{"id":"osm:node:6120887914","name":"栢宏中醫診所","category":"clinic"},"geometry":{"type":"Point","coordinates":[121.519621,25.091057]}},{"type":"Feature","properties":{"id":"osm:node:6140337480","name":"主愛心靈診所","category":"clinic"},"geometry":{"type":"Point","coordinates":[121.531095,25.020176]}},{"type":"Feature","properties":{"id":"osm:node:6180492013","name":"吉安小兒科診所","category":"clinic"},"geometry":{"type":"Point","coordinates":[121.51282,24.99404]}},{"type":"Feature","properties":{"id":"osm:node:6188959118","name":"許哲豪皮膚科","category":"clinic"},"geometry":{"type":"Point","coordinates":[121.662046,25.066455]}},{"type":"Feature","properties":{"id":"osm:node:6205703851","name":"豐禾中醫診所","category":"clinic"},"geometry":{"type":"Point","coordinates":[121.516435,25.110964]}},{"type":"Feature","properties":{"id":"osm:node:6205703857","name":"健群中醫診所","category":"clinic","opening_hours":"Mo-Fr 09:00-12:00,14:00-22:00; Sa 14:00-22:00; Su off"},"geometry":{"type":"Point","coordinates":[121.515284,25.112031]}},{"type":"Feature","properties":{"id":"osm:node:6207788272","name":"玉函中醫","category":"clinic"},"geometry":{"type":"Point","coordinates":[121.550658,24.987679]}},{"type":"Feature","properties":{"id":"osm:node:6210503871","name":"藍田士林產後護理之家","category":"clinic"},"geometry":{"type":"Point","coordinates":[121.521615,25.102025]}},{"type":"Feature","properties":{"id":"osm:node:6210637834","name":"杏昌診所","category":"clinic"},"geometry":{"type":"Point","coordinates":[121.520412,25.102828]}},{"type":"Feature","properties":{"id":"osm:node:6210661841","name":"邱世昌診所","category":"clinic"},"geometry":{"type":"Point","coordinates":[121.520834,25.102501]}},{"type":"Feature","properties":{"id":"osm:node:6269043215","name":"芳興診所","category":"clinic"},"geometry":{"type":"Point","coordinates":[121.547728,24.999527]}},{"type":"Feature","properties":{"id":"osm:node:6389064926","name":"合慶診所","category":"clinic"},"geometry":{"type":"Point","coordinates":[121.48493,24.998471]}},{"type":"Feature","properties":{"id":"osm:node:6389111649","name":"弘昇國術館","category":"clinic"},"geometry":{"type":"Point","coordinates":[121.507812,25.089226]}},{"type":"Feature","properties":{"id":"osm:node:6389111651","name":"弘美牙醫診所","category":"clinic"},"geometry":{"type":"Point","coordinates":[121.507678,25.089332]}},{"type":"Feature","properties":{"id":"osm:node:6389111669","name":"社子中醫診所","category":"clinic"},"geometry":{"type":"Point","coordinates":[121.508508,25.08853]}},{"type":"Feature","properties":{"id":"osm:node:6389111670","name":"安泰藥師藥局","category":"clinic"},"geometry":{"type":"Point","coordinates":[121.508537,25.088495]}},{"type":"Feature","properties":{"id":"osm:node:6404790261","name":"晨曦生活診所","category":"clinic"},"geometry":{"type":"Point","coordinates":[121.533315,25.054191]}},{"type":"Feature","properties":{"id":"osm:node:6418121451","name":"古亭京都堂中醫診所","category":"clinic"},"geometry":{"type":"Point","coordinates":[121.524749,25.024351]}},{"type":"Feature","properties":{"id":"osm:node:6433456328","name":"景鈞診所","category":"clinic","opening_hours":"Mo-Sa 08:30-12:00; Mo,Fr 18:00-21:00; Tu 14:00-17:30"},"geometry":{"type":"Point","coordinates":[121.512564,25.052619]}},{"type":"Feature","properties":{"id":"osm:node:6433456340","name":"林志宏中醫診所","category":"clinic"},"geometry":{"type":"Point","coordinates":[121.511652,25.054298]}},{"type":"Feature","properties":{"id":"osm:node:6433466704","name":"林仲皮膚科診所","category":"clinic","opening_hours":"Mo,Tu,Th,Fr 08:00-12:00"},"geometry":{"type":"Point","coordinates":[121.511642,25.054434]}},{"type":"Feature","properties":{"id":"osm:node:6530591785","name":"廣全診所","category":"clinic"},"geometry":{"type":"Point","coordinates":[121.453614,24.986374]}},{"type":"Feature","properties":{"id":"osm:node:6578192465","name":"禪心中醫診所","category":"clinic","opening_hours":"Mo-Sa 09:00-12:00,14:00-17:30,18:00-21:30; Su off"},"geometry":{"type":"Point","coordinates":[121.543228,24.982537]}},{"type":"Feature","properties":{"id":"osm:node:6605400978","name":"杏萱婦產科診所","category":"clinic"},"geometry":{"type":"Point","coordinates":[121.654886,25.063572]}},{"type":"Feature","properties":{"id":"osm:node:6654640239","name":"林建輝小兒科診所","category":"clinic"},"geometry":{"type":"Point","coordinates":[121.547971,24.999668]}},{"type":"Feature","properties":{"id":"osm:node:6654640260","name":"仁荔健康診所","category":"clinic"},"geometry":{"type":"Point","coordinates":[121.545014,24.998505]}},{"type":"Feature","properties":{"id":"osm:node:6697474747","name":"佳音診所","category":"clinic"},"geometry":{"type":"Point","coordinates":[121.543938,25.036176]}},{"type":"Feature","properties":{"id":"osm:node:6723076770","name":"新生活診所","category":"clinic"},"geometry":{"type":"Point","coordinates":[121.532444,25.035993]}},{"type":"Feature","properties":{"id":"osm:node:6734330775","name":"美加牙醫診所","category":"clinic"},"geometry":{"type":"Point","coordinates":[121.479459,25.081023]}},{"type":"Feature","properties":{"id":"osm:node:6763230487","name":"育群中醫","category":"clinic"},"geometry":{"type":"Point","coordinates":[121.552665,25.03972]}},{"type":"Feature","properties":{"id":"osm:node:6790179330","name":"佑安中醫診所","category":"clinic"},"geometry":{"type":"Point","coordinates":[121.496403,25.064294]}},{"type":"Feature","properties":{"id":"osm:node:6865443393","name":"李承鴻皮膚科診所","category":"clinic"},"geometry":{"type":"Point","coordinates":[121.518369,25.109877]}},{"type":"Feature","properties":{"id":"osm:node:6871573238","name":"張純龍中醫診所","category":"clinic"},"geometry":{"type":"Point","coordinates":[121.55057,25.001093]}},{"type":"Feature","properties":{"id":"osm:node:6871573244","name":"開心眼科","category":"clinic"},"geometry":{"type":"Point","coordinates":[121.550413,25.001298]}},{"type":"Feature","properties":{"id":"osm:node:6876041255","name":"慧安堂中醫診所","category":"clinic"},"geometry":{"type":"Point","coordinates":[121.549202,25.000783]}},{"type":"Feature","properties":{"id":"osm:node:6876041258","name":"蔡婦產科","category":"clinic"},"geometry":{"type":"Point","coordinates":[121.549439,25.000838]}},{"type":"Feature","properties":{"id":"osm:node:6876041274","name":"東翰診所","category":"clinic"},"geometry":{"type":"Point","coordinates":[121.548162,25.000195]}},{"type":"Feature","properties":{"id":"osm:node:6903162390","name":"國防部醫務所","category":"clinic"},"geometry":{"type":"Point","coordinates":[121.540782,25.08264]}},{"type":"Feature","properties":{"id":"osm:node:6939523059","name":"一聖堂中醫診所","category":"clinic"},"geometry":{"type":"Point","coordinates":[121.518441,25.057235]}},{"type":"Feature","properties":{"id":"osm:node:7001356664","name":"璟順骨科診所","category":"clinic"},"geometry":{"type":"Point","coordinates":[121.45702,25.044502]}},{"type":"Feature","properties":{"id":"osm:node:7021145555","name":"濟民中醫診所","category":"clinic"},"geometry":{"type":"Point","coordinates":[121.513609,25.057243]}},{"type":"Feature","properties":{"id":"osm:node:7021208395","name":"正記中醫診所","category":"clinic"},"geometry":{"type":"Point","coordinates":[121.513604,25.057167]}},{"type":"Feature","properties":{"id":"osm:node:7022050586","name":"大安身心診所","category":"clinic"},"geometry":{"type":"Point","coordinates":[121.536152,25.025634]}},{"type":"Feature","properties":{"id":"osm:node:7023988900","name":"新鑫耳鼻喉科診所附設小兒科","category":"clinic"},"geometry":{"type":"Point","coordinates":[121.529099,25.022608]}},{"type":"Feature","properties":{"id":"osm:node:7023988901","name":"順天堂中醫","category":"clinic"},"geometry":{"type":"Point","coordinates":[121.529201,25.022563]}},{"type":"Feature","properties":{"id":"osm:node:7045863885","name":"上立皮膚暨美容醫學專科診所","category":"clinic","nameEn":"Shang-Li Dermatologic Aesthetic Clinic","opening_hours":"Mo-Tu, Th-Fr 10:30-18:00; We 12:00-18:00; Sa 10:00-16:00"},"geometry":{"type":"Point","coordinates":[121.512398,25.010581]}},{"type":"Feature","properties":{"id":"osm:node:7066701314","name":"木柵身心診所","category":"clinic"},"geometry":{"type":"Point","coordinates":[121.554824,25.001563]}},{"type":"Feature","properties":{"id":"osm:node:7136791169","name":"劉建宏診所","category":"clinic"},"geometry":{"type":"Point","coordinates":[121.546162,25.02865]}},{"type":"Feature","properties":{"id":"osm:node:7191364605","name":"華康牙醫診所","category":"clinic"},"geometry":{"type":"Point","coordinates":[121.478979,25.085453]}},{"type":"Feature","properties":{"id":"osm:node:7191634538","name":"長興骨科診所","category":"clinic"},"geometry":{"type":"Point","coordinates":[121.479431,25.086194]}},{"type":"Feature","properties":{"id":"osm:node:7191634540","name":"博育牙醫診所","category":"clinic"},"geometry":{"type":"Point","coordinates":[121.479685,25.086648]}},{"type":"Feature","properties":{"id":"osm:node:7192629087","name":"蘆洲立民診所","category":"clinic"},"geometry":{"type":"Point","coordinates":[121.477925,25.08491]}},{"type":"Feature","properties":{"id":"osm:node:7192846581","name":"上晴牙醫診所","category":"clinic"},"geometry":{"type":"Point","coordinates":[121.47556,25.084036]}},{"type":"Feature","properties":{"id":"osm:node:7193346167","name":"李明哲診所","category":"clinic"},"geometry":{"type":"Point","coordinates":[121.478607,25.086134]}},{"type":"Feature","properties":{"id":"osm:node:7193346168","name":"勝原堂中醫診所","category":"clinic"},"geometry":{"type":"Point","coordinates":[121.478516,25.086337]}},{"type":"Feature","properties":{"id":"osm:node:7193346170","name":"同仁堂中醫診所","category":"clinic"},"geometry":{"type":"Point","coordinates":[121.478515,25.085961]}},{"type":"Feature","properties":{"id":"osm:node:7193346171","name":"佑安耳鼻喉科診所","category":"clinic"},"geometry":{"type":"Point","coordinates":[121.479114,25.085912]}},{"type":"Feature","properties":{"id":"osm:node:7195056318","name":"顏鴻仁診所","category":"clinic"},"geometry":{"type":"Point","coordinates":[121.479736,25.087215]}},{"type":"Feature","properties":{"id":"osm:node:7200460536","name":"安美皮膚科診所","category":"clinic"},"geometry":{"type":"Point","coordinates":[121.469508,25.084406]}},{"type":"Feature","properties":{"id":"osm:node:7200460537","name":"陳彥廷診所","category":"clinic"},"geometry":{"type":"Point","coordinates":[121.473273,25.080695]}},{"type":"Feature","properties":{"id":"osm:node:7200460538","name":"黃宗仁皮膚專科診所","category":"clinic"},"geometry":{"type":"Point","coordinates":[121.468866,25.083151]}},{"type":"Feature","properties":{"id":"osm:node:7200460539","name":"陳介臣婦產科診所","category":"clinic"},"geometry":{"type":"Point","coordinates":[121.471793,25.081484]}},{"type":"Feature","properties":{"id":"osm:node:7200460540","name":"啟安婦產科家庭醫學科診所","category":"clinic"},"geometry":{"type":"Point","coordinates":[121.472465,25.081669]}},{"type":"Feature","properties":{"id":"osm:node:7200460541","name":"安馨婦產科診所","category":"clinic"},"geometry":{"type":"Point","coordinates":[121.4782,25.08931]}},{"type":"Feature","properties":{"id":"osm:node:7200460542","name":"愛麗生婦產科診所","category":"clinic"},"geometry":{"type":"Point","coordinates":[121.459658,25.086975]}},{"type":"Feature","properties":{"id":"osm:node:7200460543","name":"俊亨婦產科診所","category":"clinic"},"geometry":{"type":"Point","coordinates":[121.471955,25.081525]}},{"type":"Feature","properties":{"id":"osm:node:7200460544","name":"真善美婦產科診所","category":"clinic"},"geometry":{"type":"Point","coordinates":[121.47881,25.080843]}},{"type":"Feature","properties":{"id":"osm:node:7200460545","name":"宥生婦產科診所","category":"clinic"},"geometry":{"type":"Point","coordinates":[121.475654,25.082214]}},{"type":"Feature","properties":{"id":"osm:node:7200460546","name":"長榮宥宥婦產科診所","category":"clinic"},"geometry":{"type":"Point","coordinates":[121.462785,25.083365]}},{"type":"Feature","properties":{"id":"osm:node:7200460547","name":"蘆洲大愛眼科診所","category":"clinic"},"geometry":{"type":"Point","coordinates":[121.462624,25.083047]}},{"type":"Feature","properties":{"id":"osm:node:7200460548","name":"張眼科診所","category":"clinic"},"geometry":{"type":"Point","coordinates":[121.462288,25.080612]}},{"type":"Feature","properties":{"id":"osm:node:7200460549","name":"佑明眼科診所","category":"clinic"},"geometry":{"type":"Point","coordinates":[121.458145,25.084322]}},{"type":"Feature","properties":{"id":"osm:node:7200460550","name":"蘇眼科診所","category":"clinic"},"geometry":{"type":"Point","coordinates":[121.468944,25.084984]}},{"type":"Feature","properties":{"id":"osm:node:7200460551","name":"潘眼科診所","category":"clinic"},"geometry":{"type":"Point","coordinates":[121.471437,25.081777]}},{"type":"Feature","properties":{"id":"osm:node:7200460552","name":"慶明眼科診所","category":"clinic"},"geometry":{"type":"Point","coordinates":[121.474571,25.082093]}},{"type":"Feature","properties":{"id":"osm:node:7200460553","name":"東大眼科診所","category":"clinic"},"geometry":{"type":"Point","coordinates":[121.475605,25.082371]}},{"type":"Feature","properties":{"id":"osm:node:7200460554","name":"田眼科診所","category":"clinic"},"geometry":{"type":"Point","coordinates":[121.474833,25.08637]}},{"type":"Feature","properties":{"id":"osm:node:7200686902","name":"沅昇復健科診所","category":"clinic"},"geometry":{"type":"Point","coordinates":[121.476514,25.087717]}},{"type":"Feature","properties":{"id":"osm:node:7200686903","name":"共和診所","category":"clinic"},"geometry":{"type":"Point","coordinates":[121.471725,25.081778]}},{"type":"Feature","properties":{"id":"osm:node:7200686904","name":"蘆洲實和復健診所","category":"clinic"},"geometry":{"type":"Point","coordinates":[121.461241,25.084891]}},{"type":"Feature","properties":{"id":"osm:node:7200686905","name":"宜興診所","category":"clinic"},"geometry":{"type":"Point","coordinates":[121.458743,25.089835]}},{"type":"Feature","properties":{"id":"osm:node:7200686906","name":"壬康精神科診所","category":"clinic"},"geometry":{"type":"Point","coordinates":[121.469567,25.08467]}},{"type":"Feature","properties":{"id":"osm:node:7200686907","name":"全連居家護理所","category":"clinic"},"geometry":{"type":"Point","coordinates":[121.477151,25.082337]}},{"type":"Feature","properties":{"id":"osm:node:7200686910","name":"奇異鳥集團好寶寶月子中心","category":"clinic"},"geometry":{"type":"Point","coordinates":[121.464495,25.090618]}},{"type":"Feature","properties":{"id":"osm:node:7200686911","name":"樂活診所","category":"clinic"},"geometry":{"type":"Point","coordinates":[121.46913,25.08477]}},{"type":"Feature","properties":{"id":"osm:node:7200686912","name":"聖哲耳鼻喉科診所","category":"clinic"},"geometry":{"type":"Point","coordinates":[121.477086,25.087654]}},{"type":"Feature","properties":{"id":"osm:node:7200686913","name":"成美牙醫診所","category":"clinic"},"geometry":{"type":"Point","coordinates":[121.481932,25.085962]}},{"type":"Feature","properties":{"id":"osm:node:7200686914","name":"祐康診所","category":"clinic"},"geometry":{"type":"Point","coordinates":[121.478396,25.088835]}},{"type":"Feature","properties":{"id":"osm:node:7200686915","name":"佳恩小兒科診所","category":"clinic"},"geometry":{"type":"Point","coordinates":[121.478814,25.085069]}},{"type":"Feature","properties":{"id":"osm:node:7201082608","name":"華邦診所","category":"clinic"},"geometry":{"type":"Point","coordinates":[121.4696,25.084297]}},{"type":"Feature","properties":{"id":"osm:node:7201082609","name":"乾祐診所","category":"clinic"},"geometry":{"type":"Point","coordinates":[121.469664,25.084197]}},{"type":"Feature","properties":{"id":"osm:node:7201082610","name":"莊炳煌診所","category":"clinic"},"geometry":{"type":"Point","coordinates":[121.4688,25.085197]}},{"type":"Feature","properties":{"id":"osm:node:7201082611","name":"劉安邦耳鼻喉科診所","category":"clinic"},"geometry":{"type":"Point","coordinates":[121.471377,25.081845]}},{"type":"Feature","properties":{"id":"osm:node:7201082612","name":"小茄子兒科診所","category":"clinic"},"geometry":{"type":"Point","coordinates":[121.471508,25.082136]}},{"type":"Feature","properties":{"id":"osm:node:7201082613","name":"杏東診所","category":"clinic"},"geometry":{"type":"Point","coordinates":[121.471503,25.081712]}},{"type":"Feature","properties":{"id":"osm:node:7201082614","name":"六福診所","category":"clinic"},"geometry":{"type":"Point","coordinates":[121.470862,25.082533]}},{"type":"Feature","properties":{"id":"osm:node:7201082615","name":"詠贊聯合診所","category":"clinic"},"geometry":{"type":"Point","coordinates":[121.469895,25.083687]}},{"type":"Feature","properties":{"id":"osm:node:7201082616","name":"福田診所","category":"clinic"},"geometry":{"type":"Point","coordinates":[121.469056,25.085294]}},{"type":"Feature","properties":{"id":"osm:node:7201082617","name":"祐興耳鼻喉科診所","category":"clinic"},"geometry":{"type":"Point","coordinates":[121.46937,25.084578]}},{"type":"Feature","properties":{"id":"osm:node:7201082618","name":"德興診所","category":"clinic"},"geometry":{"type":"Point","coordinates":[121.476043,25.087305]}},{"type":"Feature","properties":{"id":"osm:node:7201082619","name":"民族診所","category":"clinic"},"geometry":{"type":"Point","coordinates":[121.478601,25.085521]}},{"type":"Feature","properties":{"id":"osm:node:7201082620","name":"林昭良耳鼻喉科診所","category":"clinic"},"geometry":{"type":"Point","coordinates":[121.47498,25.086461]}},{"type":"Feature","properties":{"id":"osm:node:7201082621","name":"宏國診所","category":"clinic"},"geometry":{"type":"Point","coordinates":[121.478075,25.087059]}},{"type":"Feature","properties":{"id":"osm:node:7201082622","name":"上安診所","category":"clinic"},"geometry":{"type":"Point","coordinates":[121.459242,25.089152]}},{"type":"Feature","properties":{"id":"osm:node:7201082623","name":"本一診所","category":"clinic"},"geometry":{"type":"Point","coordinates":[121.462831,25.08284]}},{"type":"Feature","properties":{"id":"osm:node:7201082624","name":"長榮耳鼻喉科診所","category":"clinic"},"geometry":{"type":"Point","coordinates":[121.46348,25.082189]}},{"type":"Feature","properties":{"id":"osm:node:7201082625","name":"昱明診所","category":"clinic"},"geometry":{"type":"Point","coordinates":[121.461934,25.083692]}},{"type":"Feature","properties":{"id":"osm:node:7201082626","name":"愛林鑫北診所","category":"clinic"},"geometry":{"type":"Point","coordinates":[121.462248,25.083806]}},{"type":"Feature","properties":{"id":"osm:node:7201082627","name":"鴻昇診所","category":"clinic"},"geometry":{"type":"Point","coordinates":[121.45933,25.082273]}},{"type":"Feature","properties":{"id":"osm:node:7201082628","name":"博士牙醫診所","category":"clinic"},"geometry":{"type":"Point","coordinates":[121.461348,25.084234]}},{"type":"Feature","properties":{"id":"osm:node:7201082629","name":"蘆洲李耳鼻喉科診所","category":"clinic"},"geometry":{"type":"Point","coordinates":[121.4624,25.080742]}},{"type":"Feature","properties":{"id":"osm:node:7202762759","name":"全嘉耳鼻喉科診所","category":"clinic"},"geometry":{"type":"Point","coordinates":[121.459674,25.082743]}},{"type":"Feature","properties":{"id":"osm:node:7208404931","name":"仁德傳統整復中心","category":"clinic"},"geometry":{"type":"Point","coordinates":[121.540984,24.997492]}},{"type":"Feature","properties":{"id":"osm:node:7242261472","name":"双湖中醫診所","category":"clinic"},"geometry":{"type":"Point","coordinates":[121.577943,25.077813]}},{"type":"Feature","properties":{"id":"osm:node:7279631016","name":"洪文能診所","category":"clinic"},"geometry":{"type":"Point","coordinates":[121.476879,25.084414]}},{"type":"Feature","properties":{"id":"osm:node:7279631017","name":"明勝牙醫","category":"clinic"},"geometry":{"type":"Point","coordinates":[121.477144,25.084531]}},{"type":"Feature","properties":{"id":"osm:node:7365963994","name":"光澤醫美診所","category":"clinic"},"geometry":{"type":"Point","coordinates":[121.496757,25.065545]}},{"type":"Feature","properties":{"id":"osm:node:7365963995","name":"聖仁皮膚科診所","category":"clinic"},"geometry":{"type":"Point","coordinates":[121.496718,25.065666]}},{"type":"Feature","properties":{"id":"osm:node:7365963998","name":"正興診所","category":"clinic"},"geometry":{"type":"Point","coordinates":[121.496974,25.065797]}},{"type":"Feature","properties":{"id":"osm:node:7365964000","name":"益安診所","category":"clinic"},"geometry":{"type":"Point","coordinates":[121.49656,25.06625]}},{"type":"Feature","properties":{"id":"osm:node:7368540625","name":"連眼科診所","category":"clinic"},"geometry":{"type":"Point","coordinates":[121.502215,25.065318]}},{"type":"Feature","properties":{"id":"osm:node:7368631793","name":"信林大學眼科診所","category":"clinic"},"geometry":{"type":"Point","coordinates":[121.501821,25.063781]}},{"type":"Feature","properties":{"id":"osm:node:7368631800","name":"仁佳診所","category":"clinic"},"geometry":{"type":"Point","coordinates":[121.497409,25.063319]}},{"type":"Feature","properties":{"id":"osm:node:7368631805","name":"保順聯合診所","category":"clinic"},"geometry":{"type":"Point","coordinates":[121.49786,25.062721]}},{"type":"Feature","properties":{"id":"osm:node:7368631848","name":"聰明耳鼻喉科診所","category":"clinic"},"geometry":{"type":"Point","coordinates":[121.499488,25.062676]}},{"type":"Feature","properties":{"id":"osm:node:7368962855","name":"智信診所","category":"clinic"},"geometry":{"type":"Point","coordinates":[121.496098,25.06425]}},{"type":"Feature","properties":{"id":"osm:node:7368962860","name":"采新婦幼","category":"clinic"},"geometry":{"type":"Point","coordinates":[121.497042,25.064547]}},{"type":"Feature","properties":{"id":"osm:node:7424389763","name":"璟榮中醫診所","category":"clinic"},"geometry":{"type":"Point","coordinates":[121.613105,25.070227]}},{"type":"Feature","properties":{"id":"osm:node:7424389764","name":"亞卓牙醫診所","category":"clinic"},"geometry":{"type":"Point","coordinates":[121.613342,25.070231]}},{"type":"Feature","properties":{"id":"osm:node:743173507","name":"泰昌堂中醫診所","category":"clinic"},"geometry":{"type":"Point","coordinates":[121.532687,25.018901]}},{"type":"Feature","properties":{"id":"osm:node:7440634097","name":"富康復健診所","category":"clinic"},"geometry":{"type":"Point","coordinates":[121.615436,25.069379]}},{"type":"Feature","properties":{"id":"osm:node:7506735187","name":"錦禾中醫診所","category":"clinic"},"geometry":{"type":"Point","coordinates":[121.57629,25.078243]}},{"type":"Feature","properties":{"id":"osm:node:7506735189","name":"維晟牙醫診所","category":"clinic"},"geometry":{"type":"Point","coordinates":[121.576379,25.078402]}},{"type":"Feature","properties":{"id":"osm:node:7652736152","name":"夏立雲診所","category":"clinic"},"geometry":{"type":"Point","coordinates":[121.512171,25.059183]}},{"type":"Feature","properties":{"id":"osm:node:7676258358","name":"李內兒科","category":"clinic"},"geometry":{"type":"Point","coordinates":[121.539375,25.004157]}},{"type":"Feature","properties":{"id":"osm:node:7699679842","name":"和煦診所","category":"clinic"},"geometry":{"type":"Point","coordinates":[121.496639,25.035214]}},{"type":"Feature","properties":{"id":"osm:node:7728573009","name":"仁心堂中醫","category":"clinic"},"geometry":{"type":"Point","coordinates":[121.541081,25.054761]}},{"type":"Feature","properties":{"id":"osm:node:7728840447","name":"白家聲診所","category":"clinic"},"geometry":{"type":"Point","coordinates":[121.503771,25.004673]}},{"type":"Feature","properties":{"id":"osm:node:7731649034","name":"十全內兒科診所","category":"clinic"},"geometry":{"type":"Point","coordinates":[121.541738,25.054777]}},{"type":"Feature","properties":{"id":"osm:node:7731649048","name":"芯慈耳鼻喉科診所","category":"clinic"},"geometry":{"type":"Point","coordinates":[121.542504,25.054445]}},{"type":"Feature","properties":{"id":"osm:node:7731649051","name":"吳振力診所","category":"clinic"},"geometry":{"type":"Point","coordinates":[121.542822,25.054716]}},{"type":"Feature","properties":{"id":"osm:node:7731649069","name":"顏長春中醫","category":"clinic"},"geometry":{"type":"Point","coordinates":[121.545284,25.054404]}},{"type":"Feature","properties":{"id":"osm:node:7734563458","name":"劉家庭醫學科門診","category":"clinic"},"geometry":{"type":"Point","coordinates":[121.524685,25.036116]}},{"type":"Feature","properties":{"id":"osm:node:7783350918","name":"怡安堂中醫診所","category":"clinic"},"geometry":{"type":"Point","coordinates":[121.527842,25.035784]}},{"type":"Feature","properties":{"id":"osm:node:7787593793","name":"成安耳鼻喉科","category":"clinic"},"geometry":{"type":"Point","coordinates":[121.592704,25.081739]}},{"type":"Feature","properties":{"id":"osm:node:7791613823","name":"立喆診所","category":"clinic"},"geometry":{"type":"Point","coordinates":[121.539867,25.028643]}},{"type":"Feature","properties":{"id":"osm:node:7791613824","name":"瑞康中醫診所","category":"clinic"},"geometry":{"type":"Point","coordinates":[121.540096,25.028621]}},{"type":"Feature","properties":{"id":"osm:node:7800498002","name":"悠美中西醫聯合診所","category":"clinic"},"geometry":{"type":"Point","coordinates":[121.561916,25.040989]}},{"type":"Feature","properties":{"id":"osm:node:7818765774","name":"江醫師健康舖子","category":"clinic"},"geometry":{"type":"Point","coordinates":[121.554139,25.001173]}},{"type":"Feature","properties":{"id":"osm:node:7820615963","name":"永樂診所","category":"clinic"},"geometry":{"type":"Point","coordinates":[121.553194,25.001189]}},{"type":"Feature","properties":{"id":"osm:node:7820615971","name":"游正賢中醫診所","category":"clinic"},"geometry":{"type":"Point","coordinates":[121.555021,25.001349]}},{"type":"Feature","properties":{"id":"osm:node:8018193992","name":"佳誠診所","category":"clinic"},"geometry":{"type":"Point","coordinates":[121.47647,25.016846]}},{"type":"Feature","properties":{"id":"osm:node:8018193995","name":"璞和中醫診所","category":"clinic"},"geometry":{"type":"Point","coordinates":[121.476377,25.016806]}},{"type":"Feature","properties":{"id":"osm:node:8076368618","name":"大家好診所","category":"clinic"},"geometry":{"type":"Point","coordinates":[121.553043,25.056571]}},{"type":"Feature","properties":{"id":"osm:node:8105843000","name":"林威廷身心精神科診所","category":"clinic"},"geometry":{"type":"Point","coordinates":[121.612566,25.068635]}},{"type":"Feature","properties":{"id":"osm:node:8133005220","name":"安而康0-6兒童診所","category":"clinic"},"geometry":{"type":"Point","coordinates":[121.548543,25.053814]}},{"type":"Feature","properties":{"id":"osm:node:8189483580","name":"施耳鼻喉科","category":"clinic"},"geometry":{"type":"Point","coordinates":[121.614828,25.068464]}},{"type":"Feature","properties":{"id":"osm:node:8221950657","name":"民揚診所","category":"clinic"},"geometry":{"type":"Point","coordinates":[121.474014,25.00629]}},{"type":"Feature","properties":{"id":"osm:node:8280854460","name":"博全婦產科","category":"clinic"},"geometry":{"type":"Point","coordinates":[121.546131,25.044198]}},{"type":"Feature","properties":{"id":"osm:node:8280854527","name":"全瑞聯合診所","category":"clinic"},"geometry":{"type":"Point","coordinates":[121.506528,25.041449]}},{"type":"Feature","properties":{"id":"osm:node:8290242055","name":"寧康診所","category":"clinic"},"geometry":{"type":"Point","coordinates":[121.540865,25.056475]}},{"type":"Feature","properties":{"id":"osm:node:8296831907","name":"宇康復健科診所","category":"clinic"},"geometry":{"type":"Point","coordinates":[121.542797,25.054384]}},{"type":"Feature","properties":{"id":"osm:node:8301473896","name":"誠悅耳鼻喉科診所","category":"clinic"},"geometry":{"type":"Point","coordinates":[121.476853,25.017019]}},{"type":"Feature","properties":{"id":"osm:node:8301473897","name":"順心診所","category":"clinic","opening_hours":"Mo 09:00-12:00,14:00-17:00,18:00-21:00; Tu-Fr 14:00-17:00,18:00-21:00; Sa 09:00-12:00"},"geometry":{"type":"Point","coordinates":[121.476887,25.017034]}},{"type":"Feature","properties":{"id":"osm:node:8579299734","name":"新晨皮膚專科診所","category":"clinic","opening_hours":"Mo 10:00-13:00,14:00-17:00,18:00-21:00; Tu 14:00-17:00,18:00-21:00; We 10:00-13:00,14:00-17:00,18:00-21:00; Th 14:00-17:"},"geometry":{"type":"Point","coordinates":[121.54245,24.978229]}},{"type":"Feature","properties":{"id":"osm:node:8608923093","name":"明德中醫診所","category":"clinic"},"geometry":{"type":"Point","coordinates":[121.471452,25.023795]}},{"type":"Feature","properties":{"id":"osm:node:8686220902","name":"新六福堂中醫診所","category":"clinic"},"geometry":{"type":"Point","coordinates":[121.569538,25.041183]}},{"type":"Feature","properties":{"id":"osm:node:8690478636","name":"文玉小兒科診所","category":"clinic","opening_hours":"Mo-Fr 08:00-12:00,14:30-21:30; Sa 08:00-12:00,18:30-21:30; Su off"},"geometry":{"type":"Point","coordinates":[121.540704,24.976074]}},{"type":"Feature","properties":{"id":"osm:node:8690478640","name":"張榮宗內科診所","category":"clinic","opening_hours":"Mo-Sa 07:45-12:00; Su off"},"geometry":{"type":"Point","coordinates":[121.540406,24.976443]}},{"type":"Feature","properties":{"id":"osm:node:8767352228","name":"李連成耳鼻喉科診所","category":"clinic"},"geometry":{"type":"Point","coordinates":[121.473132,25.029504]}},{"type":"Feature","properties":{"id":"osm:node:8767352229","name":"建佑診所","category":"clinic"},"geometry":{"type":"Point","coordinates":[121.473099,25.029538]}},{"type":"Feature","properties":{"id":"osm:node:8767382381","name":"翠豐診所","category":"clinic"},"geometry":{"type":"Point","coordinates":[121.474211,25.028779]}},{"type":"Feature","properties":{"id":"osm:node:8767382382","name":"正陽骨科診所","category":"clinic"},"geometry":{"type":"Point","coordinates":[121.474296,25.028729]}},{"type":"Feature","properties":{"id":"osm:node:8767382403","name":"雙十鄭林診所","category":"clinic"},"geometry":{"type":"Point","coordinates":[121.473816,25.029052]}},{"type":"Feature","properties":{"id":"osm:node:8769298662","name":"鴻仁診所","category":"clinic"},"geometry":{"type":"Point","coordinates":[121.476373,25.026414]}},{"type":"Feature","properties":{"id":"osm:node:8769298711","name":"勝原中醫診所","category":"clinic"},"geometry":{"type":"Point","coordinates":[121.476124,25.02741]}},{"type":"Feature","properties":{"id":"osm:node:8772736074","name":"健福中醫","category":"clinic"},"geometry":{"type":"Point","coordinates":[121.479283,25.022429]}},{"type":"Feature","properties":{"id":"osm:node:8775987512","name":"自由風時尚醫美診所","category":"clinic"},"geometry":{"type":"Point","coordinates":[121.49765,25.061993]}},{"type":"Feature","properties":{"id":"osm:node:8788227654","name":"嘉禾診所","category":"clinic","opening_hours":"Mo-Sa 08:30-12:00,15:00-18:00,18:30-21:30; Su 08:30-12:00"},"geometry":{"type":"Point","coordinates":[121.477643,25.017479]}},{"type":"Feature","properties":{"id":"osm:node:8788227656","name":"林子敬診所","category":"clinic"},"geometry":{"type":"Point","coordinates":[121.477713,25.017532]}},{"type":"Feature","properties":{"id":"osm:node:8789271807","name":"四季和安婦幼診所","category":"clinic"},"geometry":{"type":"Point","coordinates":[121.525413,25.060957]}},{"type":"Feature","properties":{"id":"osm:node:8805664062","name":"又新診所","category":"clinic","opening_hours":"Mo-Fr 08:00-11:30,15:00-20:30; Sa-Su 08:00-11:30"},"geometry":{"type":"Point","coordinates":[121.540445,24.97594]}},{"type":"Feature","properties":{"id":"osm:node:8805664063","name":"上醫堂中醫診所","category":"clinic"},"geometry":{"type":"Point","coordinates":[121.540432,24.976263]}},{"type":"Feature","properties":{"id":"osm:node:8813868887","name":"大川診所","category":"clinic"},"geometry":{"type":"Point","coordinates":[121.475002,25.01615]}},{"type":"Feature","properties":{"id":"osm:node:8813868891","name":"熊明旺耳鼻喉科診所","category":"clinic"},"geometry":{"type":"Point","coordinates":[121.474845,25.016076]}},{"type":"Feature","properties":{"id":"osm:node:8813868892","name":"同心堂中醫診所","category":"clinic"},"geometry":{"type":"Point","coordinates":[121.474862,25.0164]}},{"type":"Feature","properties":{"id":"osm:node:8813868899","name":"全泰中醫診所","category":"clinic"},"geometry":{"type":"Point","coordinates":[121.474625,25.015978]}},{"type":"Feature","properties":{"id":"osm:node:8817567464","name":"好心肝診所","category":"clinic","nameEn":"Good Liver Clinic"},"geometry":{"type":"Point","coordinates":[121.51679,25.044339]}},{"type":"Feature","properties":{"id":"osm:node:8817567465","name":"好甘心診所","category":"clinic","nameEn":"Good Will Clinic","opening_hours":"Mo-Sa 08:30-12:00, 13:30-16:30, 17:30-20:30"},"geometry":{"type":"Point","coordinates":[121.516727,25.04434]}},{"type":"Feature","properties":{"id":"osm:node:8823518472","name":"曾皮膚科診所","category":"clinic"},"geometry":{"type":"Point","coordinates":[121.479716,25.019205]}},{"type":"Feature","properties":{"id":"osm:node:8823518473","name":"盛強耳鼻喉科診所","category":"clinic"},"geometry":{"type":"Point","coordinates":[121.479747,25.019227]}},{"type":"Feature","properties":{"id":"osm:node:8823518486","name":"瑞信眼科診所","category":"clinic"},"geometry":{"type":"Point","coordinates":[121.47874,25.018525]}},{"type":"Feature","properties":{"id":"osm:node:8823518495","name":"柯明奇耳鼻喉科診所","category":"clinic"},"geometry":{"type":"Point","coordinates":[121.478877,25.018263]}},{"type":"Feature","properties":{"id":"osm:node:8823518497","name":"全人中醫診所","category":"clinic"},"geometry":{"type":"Point","coordinates":[121.478974,25.018328]}},{"type":"Feature","properties":{"id":"osm:node:8872456819","name":"有全牙醫診所","category":"clinic","opening_hours":"Mo-Fr 09:00-12:00,14:00-21:00; Sa 09:00-12:00; Su off"},"geometry":{"type":"Point","coordinates":[121.54307,24.975718]}},{"type":"Feature","properties":{"id":"osm:node:8918944776","name":"衛生保健室","category":"clinic"},"geometry":{"type":"Point","coordinates":[121.450469,25.176206]}},{"type":"Feature","properties":{"id":"osm:node:9042267879","name":"Nanoray","category":"clinic","opening_hours":"Mo-Fr 08:30-17:30"},"geometry":{"type":"Point","coordinates":[121.576187,25.058432]}},{"type":"Feature","properties":{"id":"osm:node:9229352489","name":"大學眼科","category":"clinic"},"geometry":{"type":"Point","coordinates":[121.460836,25.002091]}},{"type":"Feature","properties":{"id":"osm:node:9229363418","name":"昌禾骨科診所","category":"clinic"},"geometry":{"type":"Point","coordinates":[121.46362,25.006661]}},{"type":"Feature","properties":{"id":"osm:node:9229363424","name":"板橋光澤診所","category":"clinic"},"geometry":{"type":"Point","coordinates":[121.459674,25.006907]}},{"type":"Feature","properties":{"id":"osm:node:9229363445","name":"建全中醫","category":"clinic"},"geometry":{"type":"Point","coordinates":[121.463663,24.999464]}},{"type":"Feature","properties":{"id":"osm:node:9238115586","name":"吳寬輝診所","category":"clinic"},"geometry":{"type":"Point","coordinates":[121.520689,25.054347]}},{"type":"Feature","properties":{"id":"osm:node:9249920777","name":"小千醫生診所","category":"clinic","opening_hours":"Mo-Su 12:30-21:00; Sa 10:30-19:00"},"geometry":{"type":"Point","coordinates":[121.531646,25.041063]}},{"type":"Feature","properties":{"id":"osm:node:9325979558","name":"陽明藥局","category":"clinic"},"geometry":{"type":"Point","coordinates":[121.546715,25.137945]}},{"type":"Feature","properties":{"id":"osm:node:9363954226","name":"新店大愛眼科診所","category":"clinic","opening_hours":"Mo-Th 09:00-11:30,14:00-16:30,18:00-20:50; Fr 09:00-16:00,18:00-20:50; Sa 09:00-11:30; Su off"},"geometry":{"type":"Point","coordinates":[121.542509,24.979123]}},{"type":"Feature","properties":{"id":"osm:node:9370672625","name":"靜好中醫診所","category":"clinic"},"geometry":{"type":"Point","coordinates":[121.465976,25.052003]}},{"type":"Feature","properties":{"id":"osm:node:9381950250","name":"陽明診所","category":"clinic"},"geometry":{"type":"Point","coordinates":[121.568892,25.042237]}},{"type":"Feature","properties":{"id":"osm:node:9385929632","name":"美恩中醫","category":"clinic"},"geometry":{"type":"Point","coordinates":[121.457663,25.049516]}},{"type":"Feature","properties":{"id":"osm:node:9385952408","name":"幸福中醫","category":"clinic"},"geometry":{"type":"Point","coordinates":[121.454867,25.04942]}},{"type":"Feature","properties":{"id":"osm:node:9410315996","name":"品川診所","category":"clinic","opening_hours":"09:00-21:00"},"geometry":{"type":"Point","coordinates":[121.541674,24.98197]}},{"type":"Feature","properties":{"id":"osm:node:9410315999","name":"為宏皮膚科","category":"clinic","opening_hours":"Mo-Fr 09:00-12:00,15:30-18:00,18:30-21:00; Sa 09:00-12:00; Su off"},"geometry":{"type":"Point","coordinates":[121.541766,24.981558]}},{"type":"Feature","properties":{"id":"osm:node:9413227024","name":"李烈委診所","category":"clinic"},"geometry":{"type":"Point","coordinates":[121.491647,25.083555]}},{"type":"Feature","properties":{"id":"osm:node:9419810157","name":"微笑中醫診所","category":"clinic"},"geometry":{"type":"Point","coordinates":[121.56748,25.041907]}},{"type":"Feature","properties":{"id":"osm:node:9419810159","name":"興雅診所","category":"clinic"},"geometry":{"type":"Point","coordinates":[121.567425,25.042253]}},{"type":"Feature","properties":{"id":"osm:node:9425960741","name":"厚生堂中醫診所","category":"clinic"},"geometry":{"type":"Point","coordinates":[121.490519,25.063027]}},{"type":"Feature","properties":{"id":"osm:node:9428782934","name":"介壽耳鼻喉科","category":"clinic"},"geometry":{"type":"Point","coordinates":[121.495659,25.069713]}},{"type":"Feature","properties":{"id":"osm:node:9428782936","name":"固的診所","category":"clinic"},"geometry":{"type":"Point","coordinates":[121.495012,25.070182]}},{"type":"Feature","properties":{"id":"osm:node:9428821179","name":"康新聯合診所","category":"clinic"},"geometry":{"type":"Point","coordinates":[121.496412,25.067823]}},{"type":"Feature","properties":{"id":"osm:node:9429930620","name":"京品中醫診所","category":"clinic"},"geometry":{"type":"Point","coordinates":[121.497903,25.061535]}},{"type":"Feature","properties":{"id":"osm:node:9431630970","name":"六福堂中醫診所","category":"clinic"},"geometry":{"type":"Point","coordinates":[121.496169,25.068602]}},{"type":"Feature","properties":{"id":"osm:node:9431630982","name":"正義骨科診所","category":"clinic"},"geometry":{"type":"Point","coordinates":[121.496221,25.068482]}},{"type":"Feature","properties":{"id":"osm:node:9431630987","name":"好評診所","category":"clinic"},"geometry":{"type":"Point","coordinates":[121.49624,25.068385]}},{"type":"Feature","properties":{"id":"osm:node:9431630992","name":"大愛眼科","category":"clinic"},"geometry":{"type":"Point","coordinates":[121.496272,25.068315]}},{"type":"Feature","properties":{"id":"osm:node:9431631228","name":"幸聲耳鼻喉科診所","category":"clinic"},"geometry":{"type":"Point","coordinates":[121.495868,25.069337]}},{"type":"Feature","properties":{"id":"osm:node:9434018913","name":"建宏骨科診所","category":"clinic"},"geometry":{"type":"Point","coordinates":[121.498409,25.060419]}},{"type":"Feature","properties":{"id":"osm:node:9434060559","name":"達人診所","category":"clinic"},"geometry":{"type":"Point","coordinates":[121.498312,25.060896]}},{"type":"Feature","properties":{"id":"osm:node:9483252417","name":"澄東耳鼻喉科診所","category":"clinic"},"geometry":{"type":"Point","coordinates":[121.563529,25.055785]}},{"type":"Feature","properties":{"id":"osm:node:9488646087","name":"童顏診所","category":"clinic"},"geometry":{"type":"Point","coordinates":[121.541279,25.042293]}},{"type":"Feature","properties":{"id":"osm:node:9488711556","name":"宏秀堂中醫診所","category":"clinic"},"geometry":{"type":"Point","coordinates":[121.540612,25.04223]}},{"type":"Feature","properties":{"id":"osm:node:9501017677","name":"隆億蔘茸藥行","category":"clinic"},"geometry":{"type":"Point","coordinates":[121.492397,25.073644]}},{"type":"Feature","properties":{"id":"osm:node:9501017681","name":"福田中醫診所","category":"clinic"},"geometry":{"type":"Point","coordinates":[121.492229,25.073341]}},{"type":"Feature","properties":{"id":"osm:node:9508317626","name":"麗水堂中醫診所","category":"clinic"},"geometry":{"type":"Point","coordinates":[121.492387,25.071609]}},{"type":"Feature","properties":{"id":"osm:node:9515953018","name":"李進忠婦產科","category":"clinic"},"geometry":{"type":"Point","coordinates":[121.491266,25.05991]}},{"type":"Feature","properties":{"id":"osm:node:9515953020","name":"曜弘診所","category":"clinic"},"geometry":{"type":"Point","coordinates":[121.491188,25.059871]}},{"type":"Feature","properties":{"id":"osm:node:9516216556","name":"張必正診所","category":"clinic"},"geometry":{"type":"Point","coordinates":[121.493641,25.061085]}},{"type":"Feature","properties":{"id":"osm:node:9516224745","name":"安興精神科診所","category":"clinic"},"geometry":{"type":"Point","coordinates":[121.491736,25.059771]}},{"type":"Feature","properties":{"id":"osm:node:9516224801","name":"美鄰診所","category":"clinic"},"geometry":{"type":"Point","coordinates":[121.49258,25.060401]}},{"type":"Feature","properties":{"id":"osm:node:9520343655","name":"揚德健康診所","category":"clinic"},"geometry":{"type":"Point","coordinates":[121.518817,25.093386]}},{"type":"Feature","properties":{"id":"osm:node:9522095348","name":"重新診所","category":"clinic"},"geometry":{"type":"Point","coordinates":[121.49567,25.061456]}},{"type":"Feature","properties":{"id":"osm:node:9522095349","name":"德慈聯合診所","category":"clinic"},"geometry":{"type":"Point","coordinates":[121.495188,25.061325]}},{"type":"Feature","properties":{"id":"osm:node:9523798384","name":"張欽堯診所","category":"clinic"},"geometry":{"type":"Point","coordinates":[121.489133,25.052487]}},{"type":"Feature","properties":{"id":"osm:node:9524730865","name":"新好診所","category":"clinic"},"geometry":{"type":"Point","coordinates":[121.497229,25.080954]}},{"type":"Feature","properties":{"id":"osm:node:9610069277","name":"俊安診所","category":"clinic"},"geometry":{"type":"Point","coordinates":[121.56845,25.042652]}},{"type":"Feature","properties":{"id":"osm:node:9629256507","name":"詠德中醫診所","category":"clinic"},"geometry":{"type":"Point","coordinates":[121.50191,24.993355]}},{"type":"Feature","properties":{"id":"osm:node:9651045422","name":"洪佑承小兒專科診所","category":"clinic"},"geometry":{"type":"Point","coordinates":[121.561347,24.98505]}},{"type":"Feature","properties":{"id":"osm:node:9653481946","name":"景福門診","category":"clinic"},"geometry":{"type":"Point","coordinates":[121.518937,25.040316]}},{"type":"Feature","properties":{"id":"osm:node:9657906792","name":"台北維德診所","category":"clinic","opening_hours":"Mo-Fr 08:30-21:00"},"geometry":{"type":"Point","coordinates":[121.542696,25.062152]}},{"type":"Feature","properties":{"id":"osm:node:9657919078","name":"雅苑明萃皮膚科診所","category":"clinic","opening_hours":"Tu,Th,Sa 10:00-13:00; Mo-Fr 14:30-17:30,18:00-21:00; Sa 14:00-17:00"},"geometry":{"type":"Point","coordinates":[121.542966,25.062153]}},{"type":"Feature","properties":{"id":"osm:node:9688150889","name":"健生傳統整復中心","category":"clinic"},"geometry":{"type":"Point","coordinates":[121.479283,25.027034]}},{"type":"Feature","properties":{"id":"osm:node:9688184723","name":"仲德中醫診所","category":"clinic"},"geometry":{"type":"Point","coordinates":[121.478789,25.02774]}},{"type":"Feature","properties":{"id":"osm:node:9708720945","name":"頂溪耳鼻喉科","category":"clinic"},"geometry":{"type":"Point","coordinates":[121.515051,25.012549]}},{"type":"Feature","properties":{"id":"osm:node:9708843255","name":"誠新耳鼻喉科","category":"clinic"},"geometry":{"type":"Point","coordinates":[121.515229,25.013195]}},{"type":"Feature","properties":{"id":"osm:node:9741462090","name":"昌惟骨科診所","category":"clinic"},"geometry":{"type":"Point","coordinates":[121.50453,24.999634]}},{"type":"Feature","properties":{"id":"osm:node:9743169009","name":"大學眼科診所","category":"clinic"},"geometry":{"type":"Point","coordinates":[121.59349,25.082784]}},{"type":"Feature","properties":{"id":"osm:node:9744939080","name":"利人診所","category":"clinic"},"geometry":{"type":"Point","coordinates":[121.476297,25.030644]}},{"type":"Feature","properties":{"id":"osm:node:9744950756","name":"長宏骨科診所","category":"clinic"},"geometry":{"type":"Point","coordinates":[121.478013,25.030864]}},{"type":"Feature","properties":{"id":"osm:node:9744950785","name":"板聯診所","category":"clinic"},"geometry":{"type":"Point","coordinates":[121.477529,25.03079]}},{"type":"Feature","properties":{"id":"osm:node:9773292987","name":"睛彩眼科","category":"clinic"},"geometry":{"type":"Point","coordinates":[121.541497,24.968324]}},{"type":"Feature","properties":{"id":"osm:node:9775314367","name":"安倍診所","category":"clinic"},"geometry":{"type":"Point","coordinates":[121.542038,24.97142]}},{"type":"Feature","properties":{"id":"osm:node:9776303053","name":"健維骨科診所","category":"clinic"},"geometry":{"type":"Point","coordinates":[121.538937,24.973357]}},{"type":"Feature","properties":{"id":"osm:node:9790023750","name":"育晟中醫診所","category":"clinic","opening_hours":"Mo, Tu, Th-Sa 09:00-12:00; Mo, Tu, Th-Sa 15:30-18:30"},"geometry":{"type":"Point","coordinates":[121.553367,25.045406]}},{"type":"Feature","properties":{"id":"osm:node:9821556418","name":"劉建梅診所","category":"clinic"},"geometry":{"type":"Point","coordinates":[121.545372,24.969674]}},{"type":"Feature","properties":{"id":"osm:node:9957482182","name":"新田診所","category":"clinic","opening_hours":"Mo-Fr 10:00-11:50, 14:00-21:00; Sa 14:00-21:00"},"geometry":{"type":"Point","coordinates":[121.497513,25.035717]}},{"type":"Feature","properties":{"id":"osm:node:9957526442","name":"育堂","category":"clinic"},"geometry":{"type":"Point","coordinates":[121.497454,25.035179]}},{"type":"Feature","properties":{"id":"osm:node:9979215685","name":"林繼國診所","category":"clinic"},"geometry":{"type":"Point","coordinates":[121.539053,25.042391]}},{"type":"Feature","properties":{"id":"osm:node:9988968311","name":"李明潤中醫診所","category":"clinic"},"geometry":{"type":"Point","coordinates":[121.518896,25.031428]}},{"type":"Feature","properties":{"id":"osm:way:1412521219","name":"三軍總醫院台北門診中心","category":"clinic","nameEn":"Tri-service General Hospital, Taipei Medical Clinic"},"geometry":{"type":"Point","coordinates":[121.524308,25.040045]}},{"type":"Feature","properties":{"id":"osm:way:191350743","name":"衛生保健中心","category":"clinic","nameEn":"Health Center"},"geometry":{"type":"Point","coordinates":[121.539607,25.016868]}},{"type":"Feature","properties":{"id":"osm:way:223648905","name":"三重區衛生所","category":"clinic"},"geometry":{"type":"Point","coordinates":[121.491486,25.061012]}},{"type":"Feature","properties":{"id":"osm:way:239546124","name":"大安區健康服務中心","category":"clinic"},"geometry":{"type":"Point","coordinates":[121.54421,25.021701]}},{"type":"Feature","properties":{"id":"osm:way:268865354","name":"遠興婦產科診所","category":"clinic"},"geometry":{"type":"Point","coordinates":[121.461555,25.01021]}},{"type":"Feature","properties":{"id":"osm:way:271212412","name":"遠東聯合診所","category":"clinic"},"geometry":{"type":"Point","coordinates":[121.51101,25.042888]}},{"type":"Feature","properties":{"id":"osm:way:276160370","name":"汐止區衛生所","category":"clinic"},"geometry":{"type":"Point","coordinates":[121.658484,25.063494]}},{"type":"Feature","properties":{"id":"osm:way:340295429","name":"中和區衛生所","category":"clinic"},"geometry":{"type":"Point","coordinates":[121.501818,24.998685]}},{"type":"Feature","properties":{"id":"osm:way:355440105","name":"新店區衛生所","category":"clinic"},"geometry":{"type":"Point","coordinates":[121.543049,24.96728]}},{"type":"Feature","properties":{"id":"osm:way:428943372","name":"深坑區衛生所","category":"clinic"},"geometry":{"type":"Point","coordinates":[121.612428,25.000902]}},{"type":"Feature","properties":{"id":"osm:way:448924526","name":"中崙聯合診所","category":"clinic"},"geometry":{"type":"Point","coordinates":[121.542567,25.047424]}},{"type":"Feature","properties":{"id":"osm:way:510760786","name":"政大健康中心","category":"clinic"},"geometry":{"type":"Point","coordinates":[121.576493,24.987686]}},{"type":"Feature","properties":{"id":"osm:way:574294564","name":"大鈞診所","category":"clinic"},"geometry":{"type":"Point","coordinates":[121.475181,25.016184]}},{"type":"Feature","properties":{"id":"osm:way:691076366","name":"英爵醫美","category":"clinic"},"geometry":{"type":"Point","coordinates":[121.556127,25.079551]}},{"type":"Feature","properties":{"id":"osm:way:736843628","name":"江村聯合診所","category":"clinic"},"geometry":{"type":"Point","coordinates":[121.495281,25.061746]}},{"type":"Feature","properties":{"id":"osm:way:947767120","name":"雷世陽婦產科診所","category":"clinic"},"geometry":{"type":"Point","coordinates":[121.479014,25.016669]}}]}