{"type":"FeatureCollection","features":[{"type":"Feature","properties":{"id":"osm:node:10003414190","name":"OK超商","category":"convenience","nameEn":"OK mart","brand":"OK超商","opening_hours":"Mo-Sa 07:00-23:00","address":"臺北市北投區致遠一路一段91號"},"geometry":{"type":"Point","coordinates":[121.515314,25.109268]}},{"type":"Feature","properties":{"id":"osm:node:10003414196","name":"蝦皮店到店","category":"convenience","nameEn":"Shopee Xpress","opening_hours":"Mo-Su 10:30-22:00","address":"新北市汐止區大同路二段667號一樓"},"geometry":{"type":"Point","coordinates":[121.664841,25.071915]}},{"type":"Feature","properties":{"id":"osm:node:10007786072","name":"7-Eleven","category":"convenience","brand":"7-Eleven","opening_hours":"24/7","address":"新北市新店區安民街346號"},"geometry":{"type":"Point","coordinates":[121.516975,24.975532]}},{"type":"Feature","properties":{"id":"osm:node:10007786076","name":"7-Eleven","category":"convenience","brand":"7-Eleven","opening_hours":"24/7","address":"新北市新店區安民街154;154-1號"},"geometry":{"type":"Point","coordinates":[121.516809,24.970063]}},{"type":"Feature","properties":{"id":"osm:node:10007786081","name":"7-Eleven","category":"convenience","brand":"7-Eleven","opening_hours":"24/7","address":"新北市新店區安和路二段89;91號"},"geometry":{"type":"Point","coordinates":[121.518419,24.969403]}},{"type":"Feature","properties":{"id":"osm:node:10007786084","name":"7-Eleven","category":"convenience","brand":"7-Eleven","opening_hours":"24/7","address":"新北市新店區安民街13號"},"geometry":{"type":"Point","coordinates":[121.515319,24.964605]}},{"type":"Feature","properties":{"id":"osm:node:10032266586","name":"全家便利商店","category":"convenience","nameEn":"FamilyMart","brand":"全家便利商店"},"geometry":{"type":"Point","coordinates":[121.481668,25.079271]}},{"type":"Feature","properties":{"id":"osm:node:10032343026","name":"全家便利商店","category":"convenience","nameEn":"FamilyMart","brand":"全家便利商店"},"geometry":{"type":"Point","coordinates":[121.487142,25.072159]}},{"type":"Feature","properties":{"id":"osm:node:10034290282","name":"OK超商","category":"convenience","nameEn":"OK mart","brand":"OK超商"},"geometry":{"type":"Point","coordinates":[121.494002,25.057397]}},{"type":"Feature","properties":{"id":"osm:node:10034290283","name":"7-Eleven","category":"convenience","brand":"7-Eleven"},"geometry":{"type":"Point","coordinates":[121.493936,25.057215]}},{"type":"Feature","properties":{"id":"osm:node:10049135609","name":"全家便利商店","category":"convenience","nameEn":"FamilyMart","brand":"全家便利商店","opening_hours":"24/7","address":"104台北市中山區中山北路二段11巷1號一樓","phone":"+886 2 25417813","website":"https://www.family.com.tw/"},"geometry":{"type":"Point","coordinates":[121.523307,25.052811]}},{"type":"Feature","properties":{"id":"osm:node:10074067885","name":"7-Eleven","category":"convenience","brand":"7-Eleven","opening_hours":"24/7","address":"220新北市板橋區漢生西路89巷5弄5;7號","phone":"+886 2 22547371"},"geometry":{"type":"Point","coordinates":[121.460946,25.019563]}},{"type":"Feature","properties":{"id":"osm:node:10074070860","name":"OK超商","category":"convenience","nameEn":"OK mart","brand":"OK超商","opening_hours":"24/7"},"geometry":{"type":"Point","coordinates":[121.462482,24.993452]}},{"type":"Feature","properties":{"id":"osm:node:10074074310","name":"全家便利商店","category":"convenience","nameEn":"FamilyMart","brand":"全家便利商店"},"geometry":{"type":"Point","coordinates":[121.470842,25.004378]}},{"type":"Feature","properties":{"id":"osm:node:10074098023","name":"7-Eleven","category":"convenience","brand":"7-Eleven","address":"220新北市板橋區華江一路501;503號1;2樓"},"geometry":{"type":"Point","coordinates":[121.46625,25.032749]}},{"type":"Feature","properties":{"id":"osm:node:10074143501","name":"全家便利商店","category":"convenience","nameEn":"FamilyMart","brand":"全家便利商店","opening_hours":"24/7"},"geometry":{"type":"Point","coordinates":[121.466317,24.998458]}},{"type":"Feature","properties":{"id":"osm:node:10074174608","name":"萊爾富","category":"convenience","nameEn":"Hi-Life","brand":"萊爾富","address":"235新北市中和區民德路163號","phone":"+886 2-29580886"},"geometry":{"type":"Point","coordinates":[121.468662,24.999657]}},{"type":"Feature","properties":{"id":"osm:node:10074179875","name":"全家便利商店","category":"convenience","nameEn":"FamilyMart","brand":"全家便利商店","opening_hours":"24小時","address":"23645新北市土城區青仁路32號","phone":"+886 2 2270 7634"},"geometry":{"type":"Point","coordinates":[121.460587,24.978879]}},{"type":"Feature","properties":{"id":"osm:node:10076693814","name":"全家便利商店","category":"convenience","nameEn":"FamilyMart","brand":"全家便利商店"},"geometry":{"type":"Point","coordinates":[121.522294,24.996067]}},{"type":"Feature","properties":{"id":"osm:node:10076699083","name":"7-Eleven","category":"convenience","brand":"7-Eleven","address":"106臺北市大安區古風里6鄰羅斯福路三段193號","phone":"+886 2-23682936"},"geometry":{"type":"Point","coordinates":[121.528136,25.021024]}},{"type":"Feature","properties":{"id":"osm:node:10080205725","name":"7-Eleven","category":"convenience","brand":"7-Eleven"},"geometry":{"type":"Point","coordinates":[121.527035,25.051284]}},{"type":"Feature","properties":{"id":"osm:node:10092252231","name":"蝦皮店到店","category":"convenience","nameEn":"Shopee Xpress","brand":"蝦皮店到店","opening_hours":"Mo-Su 10:30-22:00","address":"臺北市北投區明德路287號一樓"},"geometry":{"type":"Point","coordinates":[121.521798,25.115075]}},{"type":"Feature","properties":{"id":"osm:node:10092252234","name":"蝦皮店到店","category":"convenience","nameEn":"Shopee Xpress","brand":"蝦皮店到店","opening_hours":"Mo-Su 10:30-22:00","address":"新北市板橋區永豐街151號一樓"},"geometry":{"type":"Point","coordinates":[121.475266,25.020213]}},{"type":"Feature","properties":{"id":"osm:node:10092252236","name":"蝦皮店到店","category":"convenience","nameEn":"Shopee Xpress","brand":"蝦皮店到店","opening_hours":"Mo-Su 10:30-22:00","address":"新北市新店區三民路67號一樓","wheelchair":"yes"},"geometry":{"type":"Point","coordinates":[121.53629,24.971232]}},{"type":"Feature","properties":{"id":"osm:node:10094941999","name":"7-Eleven","category":"convenience","brand":"7-Eleven"},"geometry":{"type":"Point","coordinates":[121.454795,25.053595]}},{"type":"Feature","properties":{"id":"osm:node:10094942005","name":"OK超商","category":"convenience","nameEn":"OK mart","brand":"OK超商"},"geometry":{"type":"Point","coordinates":[121.45487,25.052839]}},{"type":"Feature","properties":{"id":"osm:node:10119972642","name":"全家 蘆洲恆德店","category":"convenience"},"geometry":{"type":"Point","coordinates":[121.477409,25.082913]}},{"type":"Feature","properties":{"id":"osm:node:10120025022","name":"萊爾富","category":"convenience","nameEn":"Hi-Life","brand":"萊爾富"},"geometry":{"type":"Point","coordinates":[121.477275,25.082884]}},{"type":"Feature","properties":{"id":"osm:node:10160497689","name":"全家便利商店","category":"convenience","nameEn":"FamilyMart","brand":"全家便利商店","opening_hours":"24/7","address":"新北市板橋區大仁街36號","website":"https://mart.family.com.tw/Shop/StoreDetail/360/35636"},"geometry":{"type":"Point","coordinates":[121.455269,25.016882]}},{"type":"Feature","properties":{"id":"osm:node:10161164611","name":"7-Eleven","category":"convenience","brand":"7-Eleven"},"geometry":{"type":"Point","coordinates":[121.513781,25.046081]}},{"type":"Feature","properties":{"id":"osm:node:10177627717","name":"7-Eleven","category":"convenience","brand":"7-Eleven","opening_hours":"24/7","address":"100003臺北市中正區武昌街一段18號1樓","phone":"+886 2 2371 9815","website":"https://www.7-11.com.tw/"},"geometry":{"type":"Point","coordinates":[121.512516,25.043982]}},{"type":"Feature","properties":{"id":"osm:node:1018275023","name":"萊爾富","category":"convenience","nameEn":"Hi-Life","brand":"萊爾富"},"geometry":{"type":"Point","coordinates":[121.471905,25.125471]}},{"type":"Feature","properties":{"id":"osm:node:10183370541","name":"蝦皮店到店","category":"convenience","nameEn":"Shopee Xpress","brand":"蝦皮店到店","opening_hours":"Mo-Su 10:30-22:00","address":"臺北市南港區舊莊街一段93號"},"geometry":{"type":"Point","coordinates":[121.619314,25.040758]}},{"type":"Feature","properties":{"id":"osm:node:10211003158","name":"7-Eleven","category":"convenience","brand":"7-Eleven","opening_hours":"24/7","address":"新北市五股區凌雲路一段87號"},"geometry":{"type":"Point","coordinates":[121.450691,25.101308]}},{"type":"Feature","properties":{"id":"osm:node:10225475436","name":"全家便利商店","category":"convenience","nameEn":"FamilyMart","brand":"全家便利商店","address":"105台北市松山區八德路三段30號1樓"},"geometry":{"type":"Point","coordinates":[121.551523,25.048044]}},{"type":"Feature","properties":{"id":"osm:node:10281867160","name":"7-Eleven","category":"convenience","brand":"7-Eleven","address":"臺北市中山區中山北路二段71號1、2樓"},"geometry":{"type":"Point","coordinates":[121.523068,25.057273]}},{"type":"Feature","properties":{"id":"osm:node:10314208880","name":"7-Eleven","category":"convenience","brand":"7-Eleven","opening_hours":"24/7","address":"新北市新店區安德街70;72號"},"geometry":{"type":"Point","coordinates":[121.510308,24.961736]}},{"type":"Feature","properties":{"id":"osm:node:10314208881","name":"7-Eleven","category":"convenience","brand":"7-Eleven","opening_hours":"24/7","address":"新北市新店區安德街8;10;12號"},"geometry":{"type":"Point","coordinates":[121.512234,24.962827]}},{"type":"Feature","properties":{"id":"osm:node:10598626256","name":"全家便利商店","category":"convenience","nameEn":"FamilyMart","brand":"全家便利商店"},"geometry":{"type":"Point","coordinates":[121.59244,25.082769]}},{"type":"Feature","properties":{"id":"osm:node:10650818441","name":"7-Eleven","category":"convenience","brand":"7-Eleven"},"geometry":{"type":"Point","coordinates":[121.452955,25.001808]}},{"type":"Feature","properties":{"id":"osm:node:10680158915","name":"全家便利商店","category":"convenience","nameEn":"FamilyMart","brand":"全家便利商店"},"geometry":{"type":"Point","coordinates":[121.563172,25.040357]}},{"type":"Feature","properties":{"id":"osm:node:10696708569","name":"蝦皮店到店","category":"convenience","nameEn":"Shopee Xpress","brand":"蝦皮店到店","opening_hours":"Mo-Su 10:30-22:00","address":"新北市蘆洲區長安路194巷11號一樓"},"geometry":{"type":"Point","coordinates":[121.45921,25.084293]}},{"type":"Feature","properties":{"id":"osm:node:10701082978","name":"全家便利商店","category":"convenience","nameEn":"FamilyMart","brand":"全家便利商店"},"geometry":{"type":"Point","coordinates":[121.544846,25.061855]}},{"type":"Feature","properties":{"id":"osm:node:10701087091","name":"全家便利商店","category":"convenience","nameEn":"FamilyMart","brand":"全家便利商店","address":"臺北市中山區錦州街427號"},"geometry":{"type":"Point","coordinates":[121.542464,25.060278]}},{"type":"Feature","properties":{"id":"osm:node:10731893211","name":"7-Eleven","category":"convenience","brand":"7-Eleven","opening_hours":"24/7","address":"新北市板橋區四川路二段47巷","phone":"+886 2 89664633"},"geometry":{"type":"Point","coordinates":[121.454408,24.994717]}},{"type":"Feature","properties":{"id":"osm:node:10736466377","name":"7-Eleven","category":"convenience","brand":"7-Eleven"},"geometry":{"type":"Point","coordinates":[121.580479,25.076789]}},{"type":"Feature","properties":{"id":"osm:node:10758093303","name":"7-Eleven","category":"convenience","brand":"7-Eleven"},"geometry":{"type":"Point","coordinates":[121.494925,25.0315]}},{"type":"Feature","properties":{"id":"osm:node:10775195527","name":"7-Eleven","category":"convenience","brand":"7-Eleven"},"geometry":{"type":"Point","coordinates":[121.524358,25.024002]}},{"type":"Feature","properties":{"id":"osm:node:10779826817","name":"7-Eleven","category":"convenience","brand":"7-Eleven","opening_hours":"24/7","address":"新北市石碇區碇坪路一段50-1;50-2號"},"geometry":{"type":"Point","coordinates":[121.655689,24.991652]}},{"type":"Feature","properties":{"id":"osm:node:10779826818","name":"萊爾富","category":"convenience","nameEn":"Hi-Life","brand":"萊爾富","opening_hours":"Mo-Su 07:00-23:00","address":"新北市石碇區碇坪路一段130號"},"geometry":{"type":"Point","coordinates":[121.659479,24.991406]}},{"type":"Feature","properties":{"id":"osm:node:10814243248","name":"7-Eleven","category":"convenience","brand":"7-Eleven","opening_hours":"24/7","address":"235新北市中和區景新街383巷66號一樓","phone":"+886 2 2947 1525","wheelchair":"limited"},"geometry":{"type":"Point","coordinates":[121.514638,24.990316]}},{"type":"Feature","properties":{"id":"osm:node:10814243249","name":"全家便利商店","category":"convenience","nameEn":"FamilyMart","brand":"全家便利商店","address":"235新北市中和區景平路258號一樓"},"geometry":{"type":"Point","coordinates":[121.515257,24.992868]}},{"type":"Feature","properties":{"id":"osm:node:1081849246","name":"全家便利商店","category":"convenience","nameEn":"FamilyMart","brand":"全家便利商店","address":"100臺北市中正區臨沂街19巷8號"},"geometry":{"type":"Point","coordinates":[121.53161,25.041772]}},{"type":"Feature","properties":{"id":"osm:node:10823001118","name":"7-Eleven","category":"convenience","brand":"7-Eleven","opening_hours":"24/7","address":"新北市中和區忠孝街37巷2號"},"geometry":{"type":"Point","coordinates":[121.511107,24.983669]}},{"type":"Feature","properties":{"id":"osm:node:10836177396","name":"萊爾富","category":"convenience","nameEn":"Hi-Life","brand":"萊爾富","opening_hours":"24/7","address":"新北市蘆洲區永平街30號"},"geometry":{"type":"Point","coordinates":[121.458813,25.090933]}},{"type":"Feature","properties":{"id":"osm:node:10836177398","name":"萊爾富","category":"convenience","nameEn":"Hi-Life","brand":"萊爾富","opening_hours":"24/7","address":"新北市蘆洲區永樂街38巷32;34號"},"geometry":{"type":"Point","coordinates":[121.458459,25.08965]}},{"type":"Feature","properties":{"id":"osm:node:10836177399","name":"萊爾富","category":"convenience","nameEn":"Hi-Life","brand":"萊爾富","address":"新北市蘆洲區永平街32巷22弄1號"},"geometry":{"type":"Point","coordinates":[121.4598,25.092355]}},{"type":"Feature","properties":{"id":"osm:node:10917892117","name":"7-Eleven","category":"convenience","brand":"7-Eleven"},"geometry":{"type":"Point","coordinates":[121.515984,25.068718]}},{"type":"Feature","properties":{"id":"osm:node:10931057329","name":"蝦皮店到店","category":"convenience","nameEn":"Shopee Xpress","brand":"蝦皮店到店","opening_hours":"Mo-Su 08:00-22:30","address":"新北市汐止區同興路278號一樓"},"geometry":{"type":"Point","coordinates":[121.634226,25.065383]}},{"type":"Feature","properties":{"id":"osm:node:10975810659","name":"蝦皮店到店","category":"convenience","nameEn":"Shopee Xpress","brand":"蝦皮店到店","opening_hours":"Mo-Su 08:00-22:30","address":"臺北市大安區大安路一段31巷27號一樓"},"geometry":{"type":"Point","coordinates":[121.547371,25.044103]}},{"type":"Feature","properties":{"id":"osm:node:10976173677","name":"7-Eleven","category":"convenience","brand":"7-Eleven"},"geometry":{"type":"Point","coordinates":[121.518397,25.049615]}},{"type":"Feature","properties":{"id":"osm:node:10976384036","name":"7-Eleven","category":"convenience","brand":"7-Eleven"},"geometry":{"type":"Point","coordinates":[121.5177,25.049767]}},{"type":"Feature","properties":{"id":"osm:node:11001027782","name":"萊爾富","category":"convenience","nameEn":"Hi-Life","brand":"萊爾富","opening_hours":"24/7","address":"新北市板橋區仁化街186號"},"geometry":{"type":"Point","coordinates":[121.478699,25.03408]}},{"type":"Feature","properties":{"id":"osm:node:11017158617","name":"7-Eleven","category":"convenience","brand":"7-Eleven","opening_hours":"24/7","address":"220707新北市板橋區漢生東路268號270號1樓","phone":"+886 2 2951 7986","website":"https://www.7-11.com.tw/"},"geometry":{"type":"Point","coordinates":[121.468552,25.012875]}},{"type":"Feature","properties":{"id":"osm:node:11032784673","name":"蝦皮店到店","category":"convenience","nameEn":"Shopee Xpress","brand":"蝦皮店到店","opening_hours":"Mo-Su 08:00-22:30","address":"臺北市內湖區港墘路59號一樓"},"geometry":{"type":"Point","coordinates":[121.578287,25.081425]}},{"type":"Feature","properties":{"id":"osm:node:11061673343","name":"7-Eleven","category":"convenience","brand":"7-Eleven","opening_hours":"24/7","address":"220067新北市板橋區重慶路18、20號1樓","phone":"+886 2 2964 0712","website":"https://www.7-11.com.tw/","wheelchair":"yes"},"geometry":{"type":"Point","coordinates":[121.46097,25.007791]}},{"type":"Feature","properties":{"id":"osm:node:11061673362","name":"7-Eleven","category":"convenience","brand":"7-Eleven","opening_hours":"24/7","address":"220067新北市板橋區中山路一段50巷22號1樓","phone":"+886 2 8954 1780","website":"https://www.7-11.com.tw/"},"geometry":{"type":"Point","coordinates":[121.461493,25.008725]}},{"type":"Feature","properties":{"id":"osm:node:11064512705","name":"美廉社 板橋大同店","category":"convenience","opening_hours":"Mo-Su 07:00-00:00","address":"220新北市板橋區大同街35巷9號","phone":"+886 2 2250 8030","website":"https://www.simplemart.com.tw/"},"geometry":{"type":"Point","coordinates":[121.477654,25.027646]}},{"type":"Feature","properties":{"id":"osm:node:11068109300","name":"7-Eleven","category":"convenience","brand":"7-Eleven","address":"234新北市永和區保平路135號","wheelchair":"yes"},"geometry":{"type":"Point","coordinates":[121.508939,25.005045]}},{"type":"Feature","properties":{"id":"osm:node:11082326781","name":"蝦皮店到店","category":"convenience","nameEn":"Shopee Xpress","brand":"蝦皮店到店","opening_hours":"Mo-Su 08:00-22:30","address":"臺北市中山區長春路197號一樓"},"geometry":{"type":"Point","coordinates":[121.53811,25.054883]}},{"type":"Feature","properties":{"id":"osm:node:11082326782","name":"蝦皮店到店","category":"convenience","nameEn":"Shopee Xpress","brand":"蝦皮店到店","opening_hours":"Mo-Su 08:00-22:30","address":"臺北市中山區長安東路二段45-2號一樓"},"geometry":{"type":"Point","coordinates":[121.531881,25.048612]}},{"type":"Feature","properties":{"id":"osm:node:11082326783","name":"蝦皮店到店","category":"convenience","nameEn":"Shopee Xpress","brand":"蝦皮店到店","opening_hours":"Mo-Su 08:00-22:30","address":"新北市中和區連城路346-1號一樓"},"geometry":{"type":"Point","coordinates":[121.48248,24.995632]}},{"type":"Feature","properties":{"id":"osm:node:11082701290","name":"蝦皮店到店","category":"convenience","nameEn":"Shopee Xpress","brand":"蝦皮店到店","opening_hours":"Mo-Su 11:30-22:30","address":"臺北市中正區三元街178號一樓"},"geometry":{"type":"Point","coordinates":[121.511462,25.027745]}},{"type":"Feature","properties":{"id":"osm:node:11082973908","name":"蝦皮店到店","category":"convenience","nameEn":"Shopee Xpress","brand":"蝦皮店到店","opening_hours":"Mo-Su 08:00-22:30","address":"臺北市南港區成福路48號一樓"},"geometry":{"type":"Point","coordinates":[121.586502,25.044857]}},{"type":"Feature","properties":{"id":"osm:node:11117005485","name":"7-Eleven","category":"convenience","brand":"7-Eleven","opening_hours":"24/7"},"geometry":{"type":"Point","coordinates":[121.524924,25.001495]}},{"type":"Feature","properties":{"id":"osm:node:11117267419","name":"全家便利商店","category":"convenience","nameEn":"FamilyMart","brand":"全家便利商店","address":"新北市永和區成功路二段159號"},"geometry":{"type":"Point","coordinates":[121.526702,24.997386]}},{"type":"Feature","properties":{"id":"osm:node:11117267424","name":"7-Eleven","category":"convenience","brand":"7-Eleven","opening_hours":"24/7","address":"新北市永和區成功路二段149號"},"geometry":{"type":"Point","coordinates":[121.526715,24.997665]}},{"type":"Feature","properties":{"id":"osm:node:11141086482","name":"7-Eleven","category":"convenience","brand":"7-Eleven","opening_hours":"24/7","address":"220013新北市板橋區文化路一段393號1、2樓","phone":"+886 2 2255 7139","website":"https://www.7-11.com.tw/","wheelchair":"yes"},"geometry":{"type":"Point","coordinates":[121.46717,25.021937]}},{"type":"Feature","properties":{"id":"osm:node:11141086485","name":"全家便利商店","category":"convenience","nameEn":"FamilyMart","brand":"全家便利商店","opening_hours":"24/7","address":"220003新北市板橋區莒光路28巷13號","phone":"+886 2 2258 7428;+886 2 7753 2326","website":"https://www.family.com.tw/","wheelchair":"yes"},"geometry":{"type":"Point","coordinates":[121.469925,25.023779]}},{"type":"Feature","properties":{"id":"osm:node:11141086486","name":"全家便利商店","category":"convenience","nameEn":"FamilyMart","brand":"全家便利商店","opening_hours":"24/7","address":"220003新北市板橋區介壽街20號1樓","phone":"+886 2 2256 2587;+886 2 7728 9275","website":"https://www.family.com.tw/"},"geometry":{"type":"Point","coordinates":[121.467649,25.020081]}},{"type":"Feature","properties":{"id":"osm:node:11141086487","name":"全家便利商店","category":"convenience","nameEn":"FamilyMart","brand":"全家便利商店","opening_hours":"24/7","address":"220002新北市板橋區文化路一段188巷57號1樓","phone":"+886 2 2254 0391;+886 2 7728 6803","website":"https://www.family.com.tw/"},"geometry":{"type":"Point","coordinates":[121.468264,25.018325]}},{"type":"Feature","properties":{"id":"osm:node:11182179210","name":"全家便利商店","category":"convenience","nameEn":"FamilyMart","brand":"全家便利商店","opening_hours":"24/7","address":"116臺北市文山區指南里16鄰指南路三段51號一樓","phone":"+886 2 29376465"},"geometry":{"type":"Point","coordinates":[121.579723,24.983817]}},{"type":"Feature","properties":{"id":"osm:node:11233541679","name":"7-Eleven","category":"convenience","brand":"7-Eleven","opening_hours":"24/7","address":"103012臺北市大同區延平北路一段110、112、116號1樓","phone":"+886 2 2550 2437","website":"https://www.7-11.com.tw/"},"geometry":{"type":"Point","coordinates":[121.511721,25.052924]}},{"type":"Feature","properties":{"id":"osm:node:11274664646","name":"全家便利商店","category":"convenience","nameEn":"FamilyMart","brand":"全家便利商店","opening_hours":"24/7","address":"100508臺北市中正區福州街10號1樓","phone":"+886 2 2391 3137;+886 2 7730 3690","website":"https://www.family.com.tw/"},"geometry":{"type":"Point","coordinates":[121.519786,25.029361]}},{"type":"Feature","properties":{"id":"osm:node:11278694506","name":"7-Eleven","category":"convenience","brand":"7-Eleven","opening_hours":"24/7","address":"231新北市新店區北新路二段152巷2號","phone":"+886 2 89147446","website":"https://www.7-11.com.tw/"},"geometry":{"type":"Point","coordinates":[121.543312,24.975355]}},{"type":"Feature","properties":{"id":"osm:node:11299163756","name":"7-Eleven","category":"convenience","brand":"7-Eleven"},"geometry":{"type":"Point","coordinates":[121.511236,25.060265]}},{"type":"Feature","properties":{"id":"osm:node:11333009836","name":"全家便利商店","category":"convenience","nameEn":"FamilyMart","brand":"全家便利商店","opening_hours":"24/7","address":"103012臺北市大同區長安西路258號1樓","phone":"+886 2 2550 7756;+886 2 7730 0601","website":"https://www.family.com.tw/"},"geometry":{"type":"Point","coordinates":[121.513402,25.051629]}},{"type":"Feature","properties":{"id":"osm:node:11361169584","name":"7-Eleven","category":"convenience","brand":"7-Eleven"},"geometry":{"type":"Point","coordinates":[121.532594,25.123952]}},{"type":"Feature","properties":{"id":"osm:node:11367901341","name":"全家便利商店","category":"convenience","nameEn":"FamilyMart","brand":"全家便利商店"},"geometry":{"type":"Point","coordinates":[121.538188,25.136863]}},{"type":"Feature","properties":{"id":"osm:node:11373261255","name":"全家便利商店","category":"convenience","nameEn":"FamilyMart","brand":"全家便利商店","opening_hours":"24/7","address":"104臺北市中山區朱園里12鄰松江路61之1號"},"geometry":{"type":"Point","coordinates":[121.533346,25.048583]}},{"type":"Feature","properties":{"id":"osm:node:11389629926","name":"7-Eleven","category":"convenience","brand":"7-Eleven"},"geometry":{"type":"Point","coordinates":[121.459025,25.010271]}},{"type":"Feature","properties":{"id":"osm:node:11390928034","name":"7-Eleven","category":"convenience","brand":"7-Eleven","opening_hours":"24/7","address":"108035臺北市萬華區寶興街43、45號1樓","phone":"+886 2 2305 7962","website":"https://www.7-11.com.tw/"},"geometry":{"type":"Point","coordinates":[121.493504,25.027336]}},{"type":"Feature","properties":{"id":"osm:node:11390928035","name":"7-Eleven","category":"convenience","brand":"7-Eleven","opening_hours":"24/7","address":"108034臺北市萬華區東園街28巷56、58號1樓","phone":"+886 2 2303 4250","website":"https://www.7-11.com.tw/"},"geometry":{"type":"Point","coordinates":[121.49441,25.026187]}},{"type":"Feature","properties":{"id":"osm:node:11406970589","name":"萊爾富","category":"convenience","nameEn":"Hi-Life","brand":"萊爾富","opening_hours":"24/7","address":"108025臺北市萬華區西園路二段134、136、138號","phone":"+886 2 2308 3401","website":"https://www.hilife.com.tw/"},"geometry":{"type":"Point","coordinates":[121.496241,25.030389]}},{"type":"Feature","properties":{"id":"osm:node:11473053964","name":"萊爾富","category":"convenience","nameEn":"Hi-Life","brand":"萊爾富","opening_hours":"24/7","address":"新北市板橋區雙十路三段12;14;16號","wheelchair":"no"},"geometry":{"type":"Point","coordinates":[121.471744,25.030482]}},{"type":"Feature","properties":{"id":"osm:node:11493855853","name":"7-Eleven","category":"convenience","brand":"7-Eleven"},"geometry":{"type":"Point","coordinates":[121.540618,25.051208]}},{"type":"Feature","properties":{"id":"osm:node:11505383972","name":"7-Eleven","category":"convenience","brand":"7-Eleven","opening_hours":"24/7","address":"新北市永和區竹林路211號"},"geometry":{"type":"Point","coordinates":[121.520765,25.008881]}},{"type":"Feature","properties":{"id":"osm:node:11505383973","name":"7-Eleven","category":"convenience","brand":"7-Eleven","opening_hours":"24/7","address":"新北市永和區國中路99號"},"geometry":{"type":"Point","coordinates":[121.524334,25.006128]}},{"type":"Feature","properties":{"id":"osm:node:11505383974","name":"7-Eleven","category":"convenience","brand":"7-Eleven","opening_hours":"24/7","address":"新北市永和區林森路62號"},"geometry":{"type":"Point","coordinates":[121.523946,25.004192]}},{"type":"Feature","properties":{"id":"osm:node:11557102754","name":"全家便利商店","category":"convenience","nameEn":"FamilyMart","brand":"全家便利商店"},"geometry":{"type":"Point","coordinates":[121.580419,25.049623]}},{"type":"Feature","properties":{"id":"osm:node:11560242319","name":"全家便利商店","category":"convenience","nameEn":"FamilyMart","brand":"全家便利商店","address":"新北市永和區永亨路62號"},"geometry":{"type":"Point","coordinates":[121.52076,25.006081]}},{"type":"Feature","properties":{"id":"osm:node:11581255108","name":"7-Eleven","category":"convenience","brand":"7-Eleven","address":"新北市永和區保生路22巷2號1樓"},"geometry":{"type":"Point","coordinates":[121.506985,25.007764]}},{"type":"Feature","properties":{"id":"osm:node:11582390847","name":"7-Eleven","category":"convenience","brand":"7-Eleven","address":"新北市永和區保生路1號"},"geometry":{"type":"Point","coordinates":[121.506437,25.007215]}},{"type":"Feature","properties":{"id":"osm:node:11639684920","name":"全家便利商店","category":"convenience","nameEn":"FamilyMart","brand":"全家便利商店","opening_hours":"24/7","address":"臺北市信義區永吉路223號"},"geometry":{"type":"Point","coordinates":[121.574124,25.045696]}},{"type":"Feature","properties":{"id":"osm:node:11639889057","name":"7-Eleven","category":"convenience","brand":"7-Eleven","opening_hours":"24/7"},"geometry":{"type":"Point","coordinates":[121.574041,25.04351]}},{"type":"Feature","properties":{"id":"osm:node:11639933958","name":"7-Eleven","category":"convenience","brand":"7-Eleven","opening_hours":"24/7","address":"臺北市信義區永吉路217號"},"geometry":{"type":"Point","coordinates":[121.573989,25.045703]}},{"type":"Feature","properties":{"id":"osm:node:11639946472","name":"全家便利商店","category":"convenience","nameEn":"FamilyMart","brand":"全家便利商店","address":"臺北市信義區忠孝東路五段425號"},"geometry":{"type":"Point","coordinates":[121.575434,25.041014]}},{"type":"Feature","properties":{"id":"osm:node:11640869770","name":"萊爾富","category":"convenience","nameEn":"Hi-Life","brand":"萊爾富","address":"241新北市三重區中興北街197號一樓"},"geometry":{"type":"Point","coordinates":[121.46906,25.057347]}},{"type":"Feature","properties":{"id":"osm:node:11641153054","name":"萊爾富","category":"convenience","nameEn":"Hi-Life","brand":"萊爾富","address":"新北市三重區光復路二段117之1號一樓"},"geometry":{"type":"Point","coordinates":[121.472333,25.058206]}},{"type":"Feature","properties":{"id":"osm:node:11696133359","name":"7-Eleven","category":"convenience","brand":"7-Eleven"},"geometry":{"type":"Point","coordinates":[121.640729,25.068421]}},{"type":"Feature","properties":{"id":"osm:node:11697176058","name":"7-Eleven","category":"convenience","brand":"7-Eleven"},"geometry":{"type":"Point","coordinates":[121.641012,25.069231]}},{"type":"Feature","properties":{"id":"osm:node:11762476243","name":"全家便利商店","category":"convenience","nameEn":"FamilyMart","brand":"全家便利商店","opening_hours":"24/7","address":"234新北市永和區永平路232號","phone":"+886 0800221363"},"geometry":{"type":"Point","coordinates":[121.508858,25.010898]}},{"type":"Feature","properties":{"id":"osm:node:11762543573","name":"7-Eleven","category":"convenience","brand":"7-Eleven","opening_hours":"24/7","address":"234新北市永和區永平路314號","phone":"+886 2 2233 1578"},"geometry":{"type":"Point","coordinates":[121.507127,25.01262]}},{"type":"Feature","properties":{"id":"osm:node:11762551947","name":"7-Eleven","category":"convenience","brand":"7-Eleven","opening_hours":"24/7","address":"234新北市永和區仁愛路269號","phone":"+886 2 29263845"},"geometry":{"type":"Point","coordinates":[121.506471,25.009936]}},{"type":"Feature","properties":{"id":"osm:node:11762884109","name":"7-Eleven","category":"convenience","brand":"7-Eleven","opening_hours":"24/7","wheelchair":"limited"},"geometry":{"type":"Point","coordinates":[121.562626,25.050422]}},{"type":"Feature","properties":{"id":"osm:node:11803611957","name":"全家便利商店汐止車站店","category":"convenience","opening_hours":"Mo-Su 06:30-23:00"},"geometry":{"type":"Point","coordinates":[121.661903,25.06847]}},{"type":"Feature","properties":{"id":"osm:node:11813889050","name":"OK超商","category":"convenience","nameEn":"OK mart","brand":"OK超商","opening_hours":"Mo-Su 06:00-24:00"},"geometry":{"type":"Point","coordinates":[121.509047,25.012784]}},{"type":"Feature","properties":{"id":"osm:node:11873796941","name":"全家便利商店","category":"convenience","nameEn":"FamilyMart","brand":"全家便利商店","wheelchair":"yes"},"geometry":{"type":"Point","coordinates":[121.530771,25.051838]}},{"type":"Feature","properties":{"id":"osm:node:11889917744","name":"全家便利商店","category":"convenience","nameEn":"FamilyMart","brand":"全家便利商店","wheelchair":"yes"},"geometry":{"type":"Point","coordinates":[121.550707,25.041933]}},{"type":"Feature","properties":{"id":"osm:node:11898785426","name":"合作社","category":"convenience","opening_hours":"Mo-Fr 07:30-17:00","address":"106臺北市大安區信義路三段143號-1樓","phone":"+886 2 2707 5215#800","website":"https://www.hs.ntnu.edu.tw/cooperative/content?a=T0RESU16ZzJORE14TlRNPXhrVE14UWpOeGNsVGludGVseQ=="},"geometry":{"type":"Point","coordinates":[121.540713,25.033945]}},{"type":"Feature","properties":{"id":"osm:node:11909937669","name":"美廉社","category":"convenience","nameEn":"Simple Mart","opening_hours":"Mo-Su 07:00-00:00","address":"220新北市板橋區仁化街54號"},"geometry":{"type":"Point","coordinates":[121.475555,25.031751]}},{"type":"Feature","properties":{"id":"osm:node:11910071571","name":"全家便利商店","category":"convenience","nameEn":"FamilyMart","brand":"全家便利商店","opening_hours":"24/7","address":"220新北市板橋區莊敬路89-93號","wheelchair":"yes"},"geometry":{"type":"Point","coordinates":[121.47268,25.02634]}},{"type":"Feature","properties":{"id":"osm:node:11922048670","name":"7-Eleven","category":"convenience","brand":"7-Eleven","opening_hours":"24/7","address":"220新北市板橋區莒光路227號"},"geometry":{"type":"Point","coordinates":[121.474284,25.022555]}},{"type":"Feature","properties":{"id":"osm:node:11925875070","name":"全家便利商店","category":"convenience","nameEn":"FamilyMart","brand":"全家便利商店","opening_hours":"24/7","address":"220新北市板橋區松江街25-27號"},"geometry":{"type":"Point","coordinates":[121.468694,25.026813]}},{"type":"Feature","properties":{"id":"osm:node:11938756789","name":"7-Eleven","category":"convenience","brand":"7-Eleven"},"geometry":{"type":"Point","coordinates":[121.49694,25.001948]}},{"type":"Feature","properties":{"id":"osm:node:11941455070","name":"7-Eleven","category":"convenience","brand":"7-Eleven","opening_hours":"24/7","address":"241新北市三重區中華路2巷2號一樓","phone":"+886229714394"},"geometry":{"type":"Point","coordinates":[121.482885,25.060279]}},{"type":"Feature","properties":{"id":"osm:node:11941455071","name":"萊爾富","category":"convenience","nameEn":"Hi-Life","brand":"萊爾富","opening_hours":"24/7","address":"241新北市三重區中華路18號一樓"},"geometry":{"type":"Point","coordinates":[121.483393,25.060812]}},{"type":"Feature","properties":{"id":"osm:node:11941455076","name":"7-Eleven","category":"convenience","brand":"7-Eleven","opening_hours":"24/7","address":"241新北市三重區中華路45號一樓"},"geometry":{"type":"Point","coordinates":[121.483615,25.061922]}},{"type":"Feature","properties":{"id":"osm:node:11941455078","name":"全家便利商店","category":"convenience","nameEn":"FamilyMart","brand":"全家便利商店","opening_hours":"24/7","address":"241新北市三重區重陽路一段79號一樓","phone":"+886289859597"},"geometry":{"type":"Point","coordinates":[121.486803,25.058869]}},{"type":"Feature","properties":{"id":"osm:node:11949411171","name":"7-Eleven","category":"convenience","brand":"7-Eleven","address":"新北市深坑區北深路一段120號"},"geometry":{"type":"Point","coordinates":[121.635299,25.01076]}},{"type":"Feature","properties":{"id":"osm:node:11949411269","name":"全家便利商店","category":"convenience","nameEn":"FamilyMart","brand":"全家便利商店","address":"新北市深坑區北深路一段104;106號"},"geometry":{"type":"Point","coordinates":[121.635531,25.01077]}},{"type":"Feature","properties":{"id":"osm:node:11951540269","name":"7-Eleven","category":"convenience","brand":"7-Eleven","address":"新北市三重區大同北路63號"},"geometry":{"type":"Point","coordinates":[121.495193,25.063486]}},{"type":"Feature","properties":{"id":"osm:node:11991161675","name":"7-Eleven","category":"convenience","brand":"7-Eleven","address":"臺北市松山區復興北路335號","phone":"+886 2 25474303"},"geometry":{"type":"Point","coordinates":[121.544418,25.059953]}},{"type":"Feature","properties":{"id":"osm:node:11991161682","name":"全家便利商店","category":"convenience","nameEn":"FamilyMart","brand":"全家便利商店"},"geometry":{"type":"Point","coordinates":[121.543979,25.060373]}},{"type":"Feature","properties":{"id":"osm:node:12038761854","name":"全家便利商店","category":"convenience","nameEn":"FamilyMart","brand":"全家便利商店","opening_hours":"24/7","address":"新北市永和區竹林路213巷44號"},"geometry":{"type":"Point","coordinates":[121.523191,25.009052]}},{"type":"Feature","properties":{"id":"osm:node:12043241943","name":"7-Eleven","category":"convenience","brand":"7-Eleven","opening_hours":"24/7","address":"235058新北市中和區外南里3鄰復興路19號","phone":"+886 2 2943 1063","website":"https://www.7-11.com.tw/"},"geometry":{"type":"Point","coordinates":[121.505702,24.989706]}},{"type":"Feature","properties":{"id":"osm:node:12048705783","name":"萊爾富","category":"convenience","nameEn":"Hi-Life","brand":"萊爾富","address":"新北市永和區秀朗路一段201號"},"geometry":{"type":"Point","coordinates":[121.518131,25.00386]}},{"type":"Feature","properties":{"id":"osm:node:12065608965","name":"全家便利商店","category":"convenience","nameEn":"FamilyMart","brand":"全家便利商店"},"geometry":{"type":"Point","coordinates":[121.553231,25.012474]}},{"type":"Feature","properties":{"id":"osm:node:12078001806","name":"7-Eleven","category":"convenience","brand":"7-Eleven"},"geometry":{"type":"Point","coordinates":[121.50854,25.04138]}},{"type":"Feature","properties":{"id":"osm:node:12078069746","name":"7-Eleven","category":"convenience","brand":"7-Eleven"},"geometry":{"type":"Point","coordinates":[121.594051,25.061666]}},{"type":"Feature","properties":{"id":"osm:node:12096415491","name":"全家便利商店","category":"convenience","nameEn":"FamilyMart","brand":"全家便利商店"},"geometry":{"type":"Point","coordinates":[121.513177,25.04927]}},{"type":"Feature","properties":{"id":"osm:node:12244967741","name":"7-Eleven","category":"convenience","brand":"7-Eleven"},"geometry":{"type":"Point","coordinates":[121.583299,25.039319]}},{"type":"Feature","properties":{"id":"osm:node:12328844712","name":"7-Eleven","category":"convenience","brand":"7-Eleven"},"geometry":{"type":"Point","coordinates":[121.462727,25.013088]}},{"type":"Feature","properties":{"id":"osm:node:12362635213","name":"7-Eleven","category":"convenience","brand":"7-Eleven","opening_hours":"24/7","address":"241新北市三重區集美街202號"},"geometry":{"type":"Point","coordinates":[121.492138,25.055105]}},{"type":"Feature","properties":{"id":"osm:node:12440289628","name":"7-Eleven","category":"convenience","brand":"7-Eleven"},"geometry":{"type":"Point","coordinates":[121.525294,25.106516]}},{"type":"Feature","properties":{"id":"osm:node:12441245072","name":"萊爾富","category":"convenience","nameEn":"Hi-Life","brand":"萊爾富","opening_hours":"24/7","address":"臺北市士林區磺溪街23號"},"geometry":{"type":"Point","coordinates":[121.522922,25.10635]}},{"type":"Feature","properties":{"id":"osm:node:12466891353","name":"7-Eleven","category":"convenience","brand":"7-Eleven","address":"104臺北市中山區中原里2鄰南京東路二段11號"},"geometry":{"type":"Point","coordinates":[121.528467,25.052302]}},{"type":"Feature","properties":{"id":"osm:node:12466891354","name":"全家便利商店","category":"convenience","nameEn":"FamilyMart","brand":"全家便利商店","opening_hours":"24/7","website":"https://www.family.com.tw/"},"geometry":{"type":"Point","coordinates":[121.528809,25.051852]}},{"type":"Feature","properties":{"id":"osm:node:12514937586","name":"萊爾富","category":"convenience","nameEn":"Hi-Life","brand":"萊爾富"},"geometry":{"type":"Point","coordinates":[121.559259,25.051297]}},{"type":"Feature","properties":{"id":"osm:node:12541886675","name":"全家便利商店","category":"convenience","nameEn":"FamilyMart","brand":"全家便利商店","opening_hours":"24/7","address":"115臺北市南港區中研里16鄰研究院路二段12巷55號","phone":"+886 2 2783 9381"},"geometry":{"type":"Point","coordinates":[121.613906,25.047676]}},{"type":"Feature","properties":{"id":"osm:node:12603509805","name":"蝦皮店到店","category":"convenience","nameEn":"SPX Express","brand":"蝦皮店到店"},"geometry":{"type":"Point","coordinates":[121.586814,25.088623]}},{"type":"Feature","properties":{"id":"osm:node:1262769474","name":"7-Eleven","category":"convenience","brand":"7-Eleven","opening_hours":"06:00-24:00","address":"231新北市新店區北新路二段252-1號","phone":"+886 2 29109385","website":"https://www.7-11.com.tw/","wheelchair":"yes"},"geometry":{"type":"Point","coordinates":[121.542933,24.978019]}},{"type":"Feature","properties":{"id":"osm:node:1270064487","name":"7-Eleven","category":"convenience","brand":"7-Eleven"},"geometry":{"type":"Point","coordinates":[121.55235,25.034721]}},{"type":"Feature","properties":{"id":"osm:node:12709444894","name":"7-Eleven","category":"convenience","brand":"7-Eleven","address":"111臺北市士林區天福里8鄰天母東路8巷96、98號"},"geometry":{"type":"Point","coordinates":[121.530077,25.114307]}},{"type":"Feature","properties":{"id":"osm:node:12769536485","name":"7-Eleven","category":"convenience","brand":"7-Eleven"},"geometry":{"type":"Point","coordinates":[121.508741,24.989829]}},{"type":"Feature","properties":{"id":"osm:node:12769702493","name":"7-Eleven","category":"convenience","brand":"7-Eleven"},"geometry":{"type":"Point","coordinates":[121.530427,24.973744]}},{"type":"Feature","properties":{"id":"osm:node:12791270779","name":"全家便利商店","category":"convenience","nameEn":"FamilyMart","brand":"全家便利商店"},"geometry":{"type":"Point","coordinates":[121.578865,25.049276]}},{"type":"Feature","properties":{"id":"osm:node:12791734728","name":"全家便利商店","category":"convenience","nameEn":"FamilyMart","brand":"全家便利商店"},"geometry":{"type":"Point","coordinates":[121.481799,24.995197]}},{"type":"Feature","properties":{"id":"osm:node:12810732326","name":"全家便利商店","category":"convenience","nameEn":"FamilyMart","brand":"全家便利商店"},"geometry":{"type":"Point","coordinates":[121.561573,25.043928]}},{"type":"Feature","properties":{"id":"osm:node:12842168833","name":"7-Eleven","category":"convenience","brand":"7-Eleven","address":"臺北市中山區復興北路56;58號"},"geometry":{"type":"Point","coordinates":[121.543756,25.050139]}},{"type":"Feature","properties":{"id":"osm:node:12845334341","name":"萊爾富","category":"convenience","nameEn":"Hi-Life","brand":"萊爾富","address":"新北市中和區景福里034鄰景安路152號"},"geometry":{"type":"Point","coordinates":[121.504688,24.993115]}},{"type":"Feature","properties":{"id":"osm:node:12852320142","name":"全家便利商店","category":"convenience","nameEn":"FamilyMart","brand":"全家便利商店","wheelchair":"yes"},"geometry":{"type":"Point","coordinates":[121.543408,25.035213]}},{"type":"Feature","properties":{"id":"osm:node:12861757712","name":"7-Eleven","category":"convenience","brand":"7-Eleven"},"geometry":{"type":"Point","coordinates":[121.543888,25.036943]}},{"type":"Feature","properties":{"id":"osm:node:12891939301","name":"好鄰居生活百貨","category":"convenience"},"geometry":{"type":"Point","coordinates":[121.553474,25.019587]}},{"type":"Feature","properties":{"id":"osm:node:12959183242","name":"7-Eleven","category":"convenience","brand":"7-Eleven"},"geometry":{"type":"Point","coordinates":[121.566354,25.049161]}},{"type":"Feature","properties":{"id":"osm:node:13028610551","name":"萊爾富","category":"convenience","nameEn":"Hi-Life","brand":"萊爾富"},"geometry":{"type":"Point","coordinates":[121.613133,25.058169]}},{"type":"Feature","properties":{"id":"osm:node:13057761996","name":"7-Eleven","category":"convenience","brand":"7-Eleven"},"geometry":{"type":"Point","coordinates":[121.525017,25.050157]}},{"type":"Feature","properties":{"id":"osm:node:13063499046","name":"全家便利商店","category":"convenience","nameEn":"FamilyMart","brand":"全家便利商店","opening_hours":"24/7","address":"241新北市三重區中華路28號一樓","phone":"+886229879931"},"geometry":{"type":"Point","coordinates":[121.483346,25.061084]}},{"type":"Feature","properties":{"id":"osm:node:13063612410","name":"7-Eleven","category":"convenience","brand":"7-Eleven"},"geometry":{"type":"Point","coordinates":[121.513446,25.050707]}},{"type":"Feature","properties":{"id":"osm:node:13070154241","name":"全家便利商店","category":"convenience","nameEn":"FamilyMart","brand":"全家便利商店","opening_hours":"24/7","address":"臺北市北投區公舘路61-1號"},"geometry":{"type":"Point","coordinates":[121.503828,25.132565]}},{"type":"Feature","properties":{"id":"osm:node:13075331431","name":"全家便利商店","category":"convenience","nameEn":"FamilyMart","brand":"全家便利商店","opening_hours":"24/7","address":"新北市中和區立德街150號"},"geometry":{"type":"Point","coordinates":[121.486192,25.008646]}},{"type":"Feature","properties":{"id":"osm:node:13075331432","name":"7-Eleven","category":"convenience","brand":"7-Eleven","address":"新北市中和區立德街180號"},"geometry":{"type":"Point","coordinates":[121.485728,25.008868]}},{"type":"Feature","properties":{"id":"osm:node:13086478506","name":"7-Eleven","category":"convenience","brand":"7-Eleven","opening_hours":"24/7"},"geometry":{"type":"Point","coordinates":[121.581755,25.059595]}},{"type":"Feature","properties":{"id":"osm:node:13086597027","name":"全家便利商店","category":"convenience","nameEn":"FamilyMart","brand":"全家便利商店"},"geometry":{"type":"Point","coordinates":[121.58417,25.061506]}},{"type":"Feature","properties":{"id":"osm:node:13091045798","name":"全家便利商店","category":"convenience","nameEn":"FamilyMart","brand":"全家便利商店","address":"臺北市南港區玉成街52巷2弄7號一樓"},"geometry":{"type":"Point","coordinates":[121.581395,25.047643]}},{"type":"Feature","properties":{"id":"osm:node:13091361422","name":"萊爾富","category":"convenience","nameEn":"Hi-Life","brand":"萊爾富","address":"臺北市南港區玉成街52巷2弄3號一樓"},"geometry":{"type":"Point","coordinates":[121.581415,25.047706]}},{"type":"Feature","properties":{"id":"osm:node:13096149903","name":"全家便利商店","category":"convenience","nameEn":"FamilyMart","brand":"全家便利商店"},"geometry":{"type":"Point","coordinates":[121.576024,25.075901]}},{"type":"Feature","properties":{"id":"osm:node:13125207038","name":"全家便利商店","category":"convenience","nameEn":"FamilyMart","brand":"全家便利商店","opening_hours":"24/7","address":"臺北市士林區平菁街78號"},"geometry":{"type":"Point","coordinates":[121.576395,25.131475]}},{"type":"Feature","properties":{"id":"osm:node:13126420923","name":"萊爾富","category":"convenience","nameEn":"Hi-Life","brand":"萊爾富","opening_hours":"依學校作息，不對外開放"},"geometry":{"type":"Point","coordinates":[121.467267,25.042168]}},{"type":"Feature","properties":{"id":"osm:node:13130643649","name":"7-Eleven","category":"convenience","brand":"7-Eleven","opening_hours":"24/7","address":"臺北市萬華區西園路一段80;82號"},"geometry":{"type":"Point","coordinates":[121.499704,25.03917]}},{"type":"Feature","properties":{"id":"osm:node:13138318001","name":"全家便利商店","category":"convenience","nameEn":"FamilyMart","brand":"全家便利商店","opening_hours":"24/7","address":"235新北市中和區和平街56號","phone":"+886 2 2944 4304","website":"https://www.family.com.tw/"},"geometry":{"type":"Point","coordinates":[121.508575,24.990794]}},{"type":"Feature","properties":{"id":"osm:node:1314187014","name":"全家便利商店","category":"convenience","nameEn":"FamilyMart","brand":"全家便利商店","opening_hours":"24/7","address":"22060新北市板橋區南雅南路一段60號","phone":"+886 2 2272 4469","website":"https://www.family.com.tw/"},"geometry":{"type":"Point","coordinates":[121.455488,25.005581]}},{"type":"Feature","properties":{"id":"osm:node:13142341053","name":"7-Eleven","category":"convenience","brand":"7-Eleven","opening_hours":"24/7","address":"116台北市文山區木柵路三段115號 117號1樓","phone":"+886 229371077","website":"https://www.7-11.com.tw/"},"geometry":{"type":"Point","coordinates":[121.568252,24.988925]}},{"type":"Feature","properties":{"id":"osm:node:13159684788","name":"蝦皮店到店","category":"convenience","nameEn":"Shopee Xpress","brand":"蝦皮店到店","address":"100臺北市中正區南福里14鄰牯嶺街64號"},"geometry":{"type":"Point","coordinates":[121.518405,25.027155]}},{"type":"Feature","properties":{"id":"osm:node:13167277060","name":"全家便利商店","category":"convenience","nameEn":"FamilyMart","brand":"全家便利商店"},"geometry":{"type":"Point","coordinates":[121.464108,25.005497]}},{"type":"Feature","properties":{"id":"osm:node:13167302630","name":"7-Eleven","category":"convenience","brand":"7-Eleven","address":"220新北市板橋區華江九路58;60號","phone":"+886 2-2254-8151"},"geometry":{"type":"Point","coordinates":[121.466108,25.033966]}},{"type":"Feature","properties":{"id":"osm:node:13167335023","name":"全家便利商店","category":"convenience","nameEn":"FamilyMart","brand":"全家便利商店"},"geometry":{"type":"Point","coordinates":[121.561116,25.030986]}},{"type":"Feature","properties":{"id":"osm:node:13183685244","name":"全家便利商店","category":"convenience","nameEn":"FamilyMart","brand":"全家便利商店","opening_hours":"Mo-Fr 07:00-23:00; Sa-Su 07:00-22:00","website":"https://life.ntu.edu.tw/zh_tw/Dining/Luming_Square/%E5%85%A8%E5%AE%B6%E4%BE%BF%E5%88%A9%E5%95%86%E5%BA%97","wheelchair":"yes"},"geometry":{"type":"Point","coordinates":[121.537016,25.015335]}},{"type":"Feature","properties":{"id":"osm:node:13190066977","name":"7-Eleven","category":"convenience","brand":"7-Eleven","opening_hours":"24/7","phone":"+886 2 8953 7937","website":"https://www.7-11.com.tw/"},"geometry":{"type":"Point","coordinates":[121.466504,25.010314]}},{"type":"Feature","properties":{"id":"osm:node:13245435531","name":"全家便利商店","category":"convenience","nameEn":"FamilyMart","brand":"全家便利商店"},"geometry":{"type":"Point","coordinates":[121.465355,24.996717]}},{"type":"Feature","properties":{"id":"osm:node:13249467192","name":"萊爾富","category":"convenience","nameEn":"Hi-Life","brand":"萊爾富","opening_hours":"24/7","address":"新北市土城區延平街71號"},"geometry":{"type":"Point","coordinates":[121.467659,24.992942]}},{"type":"Feature","properties":{"id":"osm:node:13251080436","name":"全家便利商店","category":"convenience","nameEn":"FamilyMart","brand":"全家便利商店","opening_hours":"24/7","address":"臺北市北投區三合街一段116號"},"geometry":{"type":"Point","coordinates":[121.504226,25.126944]}},{"type":"Feature","properties":{"id":"osm:node:13251080437","name":"全家便利商店","category":"convenience","nameEn":"FamilyMart","brand":"全家便利商店","opening_hours":"24/7","address":"臺北市北投區磺港路261號"},"geometry":{"type":"Point","coordinates":[121.503327,25.123725]}},{"type":"Feature","properties":{"id":"osm:node:13266698409","name":"7-Eleven","category":"convenience","brand":"7-Eleven"},"geometry":{"type":"Point","coordinates":[121.464061,24.98668]}},{"type":"Feature","properties":{"id":"osm:node:13310803007","name":"萊爾富","category":"convenience","nameEn":"Hi-Life","brand":"萊爾富","opening_hours":"24/7","address":"11677臺北市文山區汀州路四段88號","wheelchair":"yes"},"geometry":{"type":"Point","coordinates":[121.534762,25.008318]}},{"type":"Feature","properties":{"id":"osm:node:13333596151","name":"7-Eleven","category":"convenience","brand":"7-Eleven","address":"220新北市板橋區華江一路501;503號1;2樓"},"geometry":{"type":"Point","coordinates":[121.472511,25.034614]}},{"type":"Feature","properties":{"id":"osm:node:13333720527","name":"7-Eleven","category":"convenience","brand":"7-Eleven","address":"新北市土城區延吉街261號"},"geometry":{"type":"Point","coordinates":[121.467105,24.984723]}},{"type":"Feature","properties":{"id":"osm:node:13335150230","name":"全家便利商店","category":"convenience","nameEn":"FamilyMart","brand":"全家便利商店"},"geometry":{"type":"Point","coordinates":[121.47401,25.035401]}},{"type":"Feature","properties":{"id":"osm:node:13335209103","name":"萊爾富","category":"convenience","nameEn":"Hi-Life","brand":"萊爾富","opening_hours":"24/7","address":"新北市新莊區思源路419巷1弄3;5號"},"geometry":{"type":"Point","coordinates":[121.459441,25.05243]}},{"type":"Feature","properties":{"id":"osm:node:13335652889","name":"7-Eleven","category":"convenience","brand":"7-Eleven"},"geometry":{"type":"Point","coordinates":[121.460483,24.977498]}},{"type":"Feature","properties":{"id":"osm:node:13337714414","name":"全家便利商店","category":"convenience","nameEn":"FamilyMart","brand":"全家便利商店"},"geometry":{"type":"Point","coordinates":[121.527801,25.03016]}},{"type":"Feature","properties":{"id":"osm:node:13341615797","name":"7-Eleven","category":"convenience","brand":"7-Eleven"},"geometry":{"type":"Point","coordinates":[121.50183,25.039539]}},{"type":"Feature","properties":{"id":"osm:node:13357253928","name":"全家便利商店","category":"convenience","nameEn":"FamilyMart","brand":"全家便利商店","opening_hours":"24/7","address":"臺北市松山區民權東路三段173號","phone":"+886 2 27124815","wheelchair":"yes"},"geometry":{"type":"Point","coordinates":[121.547689,25.062301]}},{"type":"Feature","properties":{"id":"osm:node:13357253929","name":"全家便利商店","category":"convenience","nameEn":"FamilyMart","brand":"全家便利商店"},"geometry":{"type":"Point","coordinates":[121.533225,25.042691]}},{"type":"Feature","properties":{"id":"osm:node:13357253930","name":"全家便利商店","category":"convenience","nameEn":"FamilyMart","brand":"全家便利商店"},"geometry":{"type":"Point","coordinates":[121.537733,25.043431]}},{"type":"Feature","properties":{"id":"osm:node:13383229721","name":"7-Eleven","category":"convenience","brand":"7-Eleven"},"geometry":{"type":"Point","coordinates":[121.453104,24.9869]}},{"type":"Feature","properties":{"id":"osm:node:13390291722","name":"萊爾富","category":"convenience","nameEn":"Hi-Life","brand":"萊爾富","opening_hours":"24/7","address":"新北市汐止區汐萬路三段246號"},"geometry":{"type":"Point","coordinates":[121.642359,25.097314]}},{"type":"Feature","properties":{"id":"osm:node:13412683427","name":"全家便利商店","category":"convenience","nameEn":"FamilyMart","brand":"全家便利商店"},"geometry":{"type":"Point","coordinates":[121.531504,25.01837]}},{"type":"Feature","properties":{"id":"osm:node:13413753091","name":"萊爾富","category":"convenience","nameEn":"Hi-Life","brand":"萊爾富","opening_hours":"24/7","address":"臺北市萬華區西昌街128;130號"},"geometry":{"type":"Point","coordinates":[121.500602,25.039424]}},{"type":"Feature","properties":{"id":"osm:node:13413753092","name":"萊爾富","category":"convenience","nameEn":"Hi-Life","brand":"萊爾富","opening_hours":"24/7","address":"臺北市信義區吳興街388;390號"},"geometry":{"type":"Point","coordinates":[121.567134,25.024871]}},{"type":"Feature","properties":{"id":"osm:node:13413753095","name":"萊爾富","category":"convenience","nameEn":"Hi-Life","brand":"萊爾富","opening_hours":"24/7","address":"新北市三重區重陽路三段126;128號"},"geometry":{"type":"Point","coordinates":[121.488799,25.066633]}},{"type":"Feature","properties":{"id":"osm:node:13413753097","name":"萊爾富","category":"convenience","nameEn":"Hi-Life","brand":"萊爾富","opening_hours":"24/7","address":"新北市三重區穀保街83號"},"geometry":{"type":"Point","coordinates":[121.473035,25.068216]}},{"type":"Feature","properties":{"id":"osm:node:13413753098","name":"萊爾富","category":"convenience","nameEn":"Hi-Life","brand":"萊爾富","opening_hours":"24/7","address":"新北市汐止區汐萬路一段203號","wheelchair":"no"},"geometry":{"type":"Point","coordinates":[121.652034,25.071959]}},{"type":"Feature","properties":{"id":"osm:node:13413753099","name":"萊爾富","category":"convenience","nameEn":"Hi-Life","brand":"萊爾富","opening_hours":"24/7","address":"新北市三重區車路頭街35號","wheelchair":"no"},"geometry":{"type":"Point","coordinates":[121.483877,25.071329]}},{"type":"Feature","properties":{"id":"osm:node:13413753100","name":"萊爾富","category":"convenience","nameEn":"Hi-Life","brand":"萊爾富","opening_hours":"24/7","address":"新北市三重區仁義街209號"},"geometry":{"type":"Point","coordinates":[121.49689,25.081806]}},{"type":"Feature","properties":{"id":"osm:node:13413775702","name":"萊爾富","category":"convenience","nameEn":"Hi-Life","brand":"萊爾富","opening_hours":"24/7","address":"新北市三重區中正北路430;430-1號"},"geometry":{"type":"Point","coordinates":[121.474476,25.071106]}},{"type":"Feature","properties":{"id":"osm:node:13413775703","name":"萊爾富","category":"convenience","nameEn":"Hi-Life","brand":"萊爾富","opening_hours":"24/7","address":"新北市三重區三陽路14巷12;14號"},"geometry":{"type":"Point","coordinates":[121.485967,25.058248]}},{"type":"Feature","properties":{"id":"osm:node:13413775704","name":"萊爾富","category":"convenience","nameEn":"Hi-Life","brand":"萊爾富","opening_hours":"24/7","address":"新北市三重區國隆路19號"},"geometry":{"type":"Point","coordinates":[121.492983,25.064127]}},{"type":"Feature","properties":{"id":"osm:node:13413775705","name":"萊爾富","category":"convenience","nameEn":"Hi-Life","brand":"萊爾富","opening_hours":"24/7","address":"新北市三重區五華街89號"},"geometry":{"type":"Point","coordinates":[121.492039,25.083359]}},{"type":"Feature","properties":{"id":"osm:node:13413775706","name":"萊爾富","category":"convenience","nameEn":"Hi-Life","brand":"萊爾富","opening_hours":"24/7","address":"臺北市中山區中山北路二段65巷6號"},"geometry":{"type":"Point","coordinates":[121.523863,25.057052]}},{"type":"Feature","properties":{"id":"osm:node:13413775707","name":"萊爾富","category":"convenience","nameEn":"Hi-Life","brand":"萊爾富","opening_hours":"24/7","address":"臺北市中山區林森北路107巷86號"},"geometry":{"type":"Point","coordinates":[121.527785,25.049648]}},{"type":"Feature","properties":{"id":"osm:node:13413775708","name":"萊爾富","category":"convenience","nameEn":"Hi-Life","brand":"萊爾富","opening_hours":"24/7","address":"臺北市中山區龍江路333號"},"geometry":{"type":"Point","coordinates":[121.541037,25.062998]}},{"type":"Feature","properties":{"id":"osm:node:13413775709","name":"萊爾富","category":"convenience","nameEn":"Hi-Life","brand":"萊爾富","opening_hours":"24/7","address":"臺北市中山區錦州街32-1;32-2號"},"geometry":{"type":"Point","coordinates":[121.524879,25.060189]}},{"type":"Feature","properties":{"id":"osm:node:13413775710","name":"萊爾富","category":"convenience","nameEn":"Hi-Life","brand":"萊爾富","opening_hours":"24/7","address":"臺北市中山區合江街61巷1號"},"geometry":{"type":"Point","coordinates":[121.539255,25.057346]}},{"type":"Feature","properties":{"id":"osm:node:13413775711","name":"萊爾富","category":"convenience","nameEn":"Hi-Life","brand":"萊爾富","opening_hours":"24/7","address":"臺北市中山區中山北路二段93巷5號"},"geometry":{"type":"Point","coordinates":[121.523548,25.059455]}},{"type":"Feature","properties":{"id":"osm:node:13413775712","name":"萊爾富","category":"convenience","nameEn":"Hi-Life","brand":"萊爾富","opening_hours":"24/7","address":"臺北市中山區天津街30號"},"geometry":{"type":"Point","coordinates":[121.522564,25.049008]}},{"type":"Feature","properties":{"id":"osm:node:13413775713","name":"萊爾富","category":"convenience","nameEn":"Hi-Life","brand":"萊爾富","opening_hours":"24/7","address":"臺北市中山區朱崙街60號"},"geometry":{"type":"Point","coordinates":[121.543489,25.049833]}},{"type":"Feature","properties":{"id":"osm:node:13413775714","name":"萊爾富","category":"convenience","nameEn":"Hi-Life","brand":"萊爾富","opening_hours":"24/7","address":"臺北市中山區松江路330巷33號"},"geometry":{"type":"Point","coordinates":[121.531787,25.061222]}},{"type":"Feature","properties":{"id":"osm:node:13413775715","name":"萊爾富","category":"convenience","nameEn":"Hi-Life","brand":"萊爾富","opening_hours":"24/7","address":"臺北市中山區長安東路一段53巷1之6號"},"geometry":{"type":"Point","coordinates":[121.526656,25.049313]}},{"type":"Feature","properties":{"id":"osm:node:13413775716","name":"萊爾富","category":"convenience","nameEn":"Hi-Life","brand":"萊爾富","opening_hours":"24/7","address":"新北市三重區大智街22;24號"},"geometry":{"type":"Point","coordinates":[121.494757,25.064734]}},{"type":"Feature","properties":{"id":"osm:node:13413775717","name":"萊爾富","category":"convenience","nameEn":"Hi-Life","brand":"萊爾富","opening_hours":"24/7","address":"臺北市文山區樟新街26號"},"geometry":{"type":"Point","coordinates":[121.555188,24.978904]}},{"type":"Feature","properties":{"id":"osm:node:13413775718","name":"萊爾富","category":"convenience","nameEn":"Hi-Life","brand":"萊爾富","opening_hours":"24/7","address":"臺北市文山區仙岩路32號"},"geometry":{"type":"Point","coordinates":[121.549197,24.999175]}},{"type":"Feature","properties":{"id":"osm:node:13413775719","name":"萊爾富","category":"convenience","nameEn":"Hi-Life","brand":"萊爾富","opening_hours":"24/7","address":"臺北市文山區木柵路一段168;170號"},"geometry":{"type":"Point","coordinates":[121.552226,24.987677]}},{"type":"Feature","properties":{"id":"osm:node:13413775720","name":"萊爾富","category":"convenience","nameEn":"Hi-Life","brand":"萊爾富","opening_hours":"24/7","address":"臺北市文山區木柵路二段4號"},"geometry":{"type":"Point","coordinates":[121.55802,24.988549]}},{"type":"Feature","properties":{"id":"osm:node:13413775721","name":"萊爾富","category":"convenience","nameEn":"Hi-Life","brand":"萊爾富","opening_hours":"24/7","address":"新北市中和區南山路260號"},"geometry":{"type":"Point","coordinates":[121.507727,24.988197]}},{"type":"Feature","properties":{"id":"osm:node:13413775722","name":"萊爾富","category":"convenience","nameEn":"Hi-Life","brand":"萊爾富","opening_hours":"24/7","address":"新北市中和區宜安路36;38號"},"geometry":{"type":"Point","coordinates":[121.512662,24.996248]}},{"type":"Feature","properties":{"id":"osm:node:13413775723","name":"萊爾富","category":"convenience","nameEn":"Hi-Life","brand":"萊爾富","opening_hours":"24/7","address":"新北市中和區安平路89-2;89-3號"},"geometry":{"type":"Point","coordinates":[121.510797,24.996544]}},{"type":"Feature","properties":{"id":"osm:node:13413775724","name":"萊爾富","category":"convenience","nameEn":"Hi-Life","brand":"萊爾富","opening_hours":"24/7","address":"新北市中和區民德路163號"},"geometry":{"type":"Point","coordinates":[121.468641,24.99972]}},{"type":"Feature","properties":{"id":"osm:node:13413775725","name":"萊爾富","category":"convenience","nameEn":"Hi-Life","brand":"萊爾富","opening_hours":"24/7","address":"新北市三芝區車埕69-6;69-7號"},"geometry":{"type":"Point","coordinates":[121.493349,25.193871]}},{"type":"Feature","properties":{"id":"osm:node:13413775726","name":"萊爾富","category":"convenience","nameEn":"Hi-Life","brand":"萊爾富","opening_hours":"24/7","address":"臺北市中正區武昌街一段45號"},"geometry":{"type":"Point","coordinates":[121.511233,25.044204]}},{"type":"Feature","properties":{"id":"osm:node:13413775727","name":"萊爾富","category":"convenience","nameEn":"Hi-Life","brand":"萊爾富","opening_hours":"24/7","address":"臺北市萬華區中華路二段448;450號"},"geometry":{"type":"Point","coordinates":[121.506828,25.026768]}},{"type":"Feature","properties":{"id":"osm:node:13413775728","name":"萊爾富","category":"convenience","nameEn":"Hi-Life","brand":"萊爾富","opening_hours":"24/7","address":"臺北市萬華區西園路二段261巷;寶興街80巷29;49號"},"geometry":{"type":"Point","coordinates":[121.493292,25.02512]}},{"type":"Feature","properties":{"id":"osm:node:13413775729","name":"萊爾富","category":"convenience","nameEn":"Hi-Life","brand":"萊爾富","opening_hours":"24/7","address":"臺北市大安區信義路二段44巷10弄1號"},"geometry":{"type":"Point","coordinates":[121.525586,25.034169]}},{"type":"Feature","properties":{"id":"osm:node:13413775730","name":"萊爾富","category":"convenience","nameEn":"Hi-Life","brand":"萊爾富","opening_hours":"24/7","address":"臺北市大安區忠孝東路四段219號"},"geometry":{"type":"Point","coordinates":[121.552611,25.041718]}},{"type":"Feature","properties":{"id":"osm:node:13413775731","name":"萊爾富","category":"convenience","nameEn":"Hi-Life","brand":"萊爾富","opening_hours":"24/7","address":"臺北市松山區民生東路三段113巷6弄19號"},"geometry":{"type":"Point","coordinates":[121.545215,25.05864]}},{"type":"Feature","properties":{"id":"osm:node:13413775732","name":"萊爾富","category":"convenience","nameEn":"Hi-Life","brand":"萊爾富","opening_hours":"24/7","address":"臺北市松山區敦化北路222巷50;52;54號"},"geometry":{"type":"Point","coordinates":[121.546925,25.060079]}},{"type":"Feature","properties":{"id":"osm:node:13413775733","name":"萊爾富","category":"convenience","nameEn":"Hi-Life","brand":"萊爾富","opening_hours":"24/7","address":"臺北市松山區撫遠街394巷1;3號"},"geometry":{"type":"Point","coordinates":[121.565432,25.065004]}},{"type":"Feature","properties":{"id":"osm:node:13413775734","name":"萊爾富","category":"convenience","nameEn":"Hi-Life","brand":"萊爾富","opening_hours":"24/7","address":"臺北市松山區南京東路五段250巷18弄20;20-1號"},"geometry":{"type":"Point","coordinates":[121.567203,25.050132]}},{"type":"Feature","properties":{"id":"osm:node:13413775735","name":"萊爾富","category":"convenience","nameEn":"Hi-Life","brand":"萊爾富","opening_hours":"24/7","address":"臺北市松山區南京東路五段123巷33號"},"geometry":{"type":"Point","coordinates":[121.560764,25.052944]}},{"type":"Feature","properties":{"id":"osm:node:13413775736","name":"萊爾富","category":"convenience","nameEn":"Hi-Life","brand":"萊爾富","opening_hours":"24/7","address":"臺北市信義區和平東路三段355號"},"geometry":{"type":"Point","coordinates":[121.556888,25.020442]}},{"type":"Feature","properties":{"id":"osm:node:13413775737","name":"萊爾富","category":"convenience","nameEn":"Hi-Life","brand":"萊爾富","opening_hours":"24/7","address":"臺北市信義區莊敬路393號"},"geometry":{"type":"Point","coordinates":[121.565637,25.027582]}},{"type":"Feature","properties":{"id":"osm:node:13413775738","name":"萊爾富","category":"convenience","nameEn":"Hi-Life","brand":"萊爾富","opening_hours":"24/7","address":"臺北市信義區忠孝東路五段524巷1弄1號"},"geometry":{"type":"Point","coordinates":[121.579541,25.041187]}},{"type":"Feature","properties":{"id":"osm:node:13413775739","name":"萊爾富","category":"convenience","nameEn":"Hi-Life","brand":"萊爾富","opening_hours":"24/7","address":"臺北市信義區永吉路280號"},"geometry":{"type":"Point","coordinates":[121.574259,25.045391]}},{"type":"Feature","properties":{"id":"osm:node:13413775740","name":"萊爾富","category":"convenience","nameEn":"Hi-Life","brand":"萊爾富","opening_hours":"24/7","address":"臺北市信義區永吉路278巷27弄34;36號"},"geometry":{"type":"Point","coordinates":[121.575294,25.044474]}},{"type":"Feature","properties":{"id":"osm:node:13413775741","name":"萊爾富","category":"convenience","nameEn":"Hi-Life","brand":"萊爾富","opening_hours":"24/7","address":"臺北市信義區虎林街242巷50;52號"},"geometry":{"type":"Point","coordinates":[121.576536,25.035742]}},{"type":"Feature","properties":{"id":"osm:node:13413775742","name":"萊爾富","category":"convenience","nameEn":"Hi-Life","brand":"萊爾富","opening_hours":"24/7","address":"臺北市信義區基隆路一段350-41;350-43號"},"geometry":{"type":"Point","coordinates":[121.561092,25.035949]}},{"type":"Feature","properties":{"id":"osm:node:13413775743","name":"萊爾富","category":"convenience","nameEn":"Hi-Life","brand":"萊爾富","opening_hours":"24/7","address":"臺北市士林區天玉街34號"},"geometry":{"type":"Point","coordinates":[121.529124,25.121126]}},{"type":"Feature","properties":{"id":"osm:node:13413775744","name":"萊爾富","category":"convenience","nameEn":"Hi-Life","brand":"萊爾富","opening_hours":"24/7","address":"新北市三重區仁愛街382號"},"geometry":{"type":"Point","coordinates":[121.49109,25.080796]}},{"type":"Feature","properties":{"id":"osm:node:13413775745","name":"萊爾富","category":"convenience","nameEn":"Hi-Life","brand":"萊爾富","opening_hours":"24/7","address":"臺北市士林區基河路238-1號"},"geometry":{"type":"Point","coordinates":[121.521391,25.09108]}},{"type":"Feature","properties":{"id":"osm:node:13413775746","name":"萊爾富","category":"convenience","nameEn":"Hi-Life","brand":"萊爾富","opening_hours":"24/7","address":"臺北市士林區福林路237號"},"geometry":{"type":"Point","coordinates":[121.534324,25.098176]}},{"type":"Feature","properties":{"id":"osm:node:13413775751","name":"萊爾富","category":"convenience","nameEn":"Hi-Life","brand":"萊爾富","opening_hours":"Mo-Fr 07:00-23:00","address":"臺北市內湖區新湖三路225號"},"geometry":{"type":"Point","coordinates":[121.58188,25.065736]}},{"type":"Feature","properties":{"id":"osm:node:13413775752","name":"萊爾富","category":"convenience","nameEn":"Hi-Life","brand":"萊爾富","opening_hours":"24/7","address":"臺北市內湖區文德路210巷30弄6;8;10號"},"geometry":{"type":"Point","coordinates":[121.58438,25.077163]}},{"type":"Feature","properties":{"id":"osm:node:13413775753","name":"萊爾富","category":"convenience","nameEn":"Hi-Life","brand":"萊爾富","opening_hours":"Mo-Su 07:00-23:00","address":"臺北市內湖區安泰街31號"},"geometry":{"type":"Point","coordinates":[121.618214,25.073515]}},{"type":"Feature","properties":{"id":"osm:node:13413775754","name":"萊爾富","category":"convenience","nameEn":"Hi-Life","brand":"萊爾富","opening_hours":"24/7","address":"臺北市內湖區安康路142號"},"geometry":{"type":"Point","coordinates":[121.599979,25.062939]}},{"type":"Feature","properties":{"id":"osm:node:13413775755","name":"萊爾富","category":"convenience","nameEn":"Hi-Life","brand":"萊爾富","opening_hours":"24/7","address":"臺北市內湖區康樂街136巷18弄1號"},"geometry":{"type":"Point","coordinates":[121.618346,25.071827]}},{"type":"Feature","properties":{"id":"osm:node:13413775756","name":"萊爾富","category":"convenience","nameEn":"Hi-Life","brand":"萊爾富","opening_hours":"Mo-Fr 07:00-23:00","address":"臺北市內湖區新湖二路259巷6號"},"geometry":{"type":"Point","coordinates":[121.582016,25.063424]}},{"type":"Feature","properties":{"id":"osm:node:13420487301","name":"全家便利商店","category":"convenience","nameEn":"FamilyMart","brand":"全家便利商店","opening_hours":"24/7","address":"臺北市中山區龍江路102號"},"geometry":{"type":"Point","coordinates":[121.540332,25.052617]}},{"type":"Feature","properties":{"id":"osm:node:13423767476","name":"萊爾富","category":"convenience","nameEn":"Hi-Life","brand":"萊爾富","opening_hours":"24/7","address":"臺北市南港區中坡北路50巷1號"},"geometry":{"type":"Point","coordinates":[121.580893,25.046554]}},{"type":"Feature","properties":{"id":"osm:node:13423767477","name":"萊爾富","category":"convenience","nameEn":"Hi-Life","brand":"萊爾富","opening_hours":"24/7","address":"臺北市南港區永吉路5號"},"geometry":{"type":"Point","coordinates":[121.581607,25.045641]}},{"type":"Feature","properties":{"id":"osm:node:13423767478","name":"萊爾富","category":"convenience","nameEn":"Hi-Life","brand":"萊爾富","opening_hours":"24/7","address":"臺北市南港區成福路38;40號"},"geometry":{"type":"Point","coordinates":[121.586368,25.04506]}},{"type":"Feature","properties":{"id":"osm:node:13423767483","name":"萊爾富","category":"convenience","nameEn":"Hi-Life","brand":"萊爾富","opening_hours":"24/7","address":"新北市汐止區南興路58號"},"geometry":{"type":"Point","coordinates":[121.652422,25.0601]}},{"type":"Feature","properties":{"id":"osm:node:13423767484","name":"萊爾富","category":"convenience","nameEn":"Hi-Life","brand":"萊爾富","opening_hours":"24/7","address":"新北市汐止區樟樹一路153號"},"geometry":{"type":"Point","coordinates":[121.64252,25.067948]}},{"type":"Feature","properties":{"id":"osm:node:13423767485","name":"萊爾富","category":"convenience","nameEn":"Hi-Life","brand":"萊爾富","opening_hours":"24/7","address":"新北市汐止區樟樹二路289;291號"},"geometry":{"type":"Point","coordinates":[121.641032,25.069616]}},{"type":"Feature","properties":{"id":"osm:node:13423767489","name":"萊爾富","category":"convenience","nameEn":"Hi-Life","brand":"萊爾富","opening_hours":"24/7","address":"新北市土城區清水路219號"},"geometry":{"type":"Point","coordinates":[121.460469,24.982179]}},{"type":"Feature","properties":{"id":"osm:node:13423767492","name":"萊爾富","category":"convenience","nameEn":"Hi-Life","brand":"萊爾富","opening_hours":"24/7","address":"新北市新店區大新街3號"},"geometry":{"type":"Point","coordinates":[121.543579,24.968793]}},{"type":"Feature","properties":{"id":"osm:node:13423767497","name":"萊爾富","category":"convenience","nameEn":"Hi-Life","brand":"萊爾富","opening_hours":"24/7","address":"新北市板橋區懷仁街17;19;21號"},"geometry":{"type":"Point","coordinates":[121.476314,25.019837]}},{"type":"Feature","properties":{"id":"osm:node:13423767498","name":"萊爾富","category":"convenience","nameEn":"Hi-Life","brand":"萊爾富","opening_hours":"24/7","address":"新北市蘆洲區三民路368號"},"geometry":{"type":"Point","coordinates":[121.465412,25.092209]}},{"type":"Feature","properties":{"id":"osm:node:13423767499","name":"萊爾富","category":"convenience","nameEn":"Hi-Life","brand":"萊爾富","opening_hours":"24/7","address":"新北市蘆洲區中山二路77號"},"geometry":{"type":"Point","coordinates":[121.473279,25.08181]}},{"type":"Feature","properties":{"id":"osm:node:13423767500","name":"萊爾富","category":"convenience","nameEn":"Hi-Life","brand":"萊爾富","opening_hours":"24/7","address":"新北市蘆洲區中正路185巷78弄3號"},"geometry":{"type":"Point","coordinates":[121.466117,25.084382]}},{"type":"Feature","properties":{"id":"osm:node:13423799001","name":"萊爾富","category":"convenience","nameEn":"Hi-Life","brand":"萊爾富","opening_hours":"24/7","address":"新北市蘆洲區水湳街150號"},"geometry":{"type":"Point","coordinates":[121.470121,25.093651]}},{"type":"Feature","properties":{"id":"osm:node:13423799002","name":"萊爾富","category":"convenience","nameEn":"Hi-Life","brand":"萊爾富","opening_hours":"24/7","address":"新北市蘆洲區永安南路二段268-1;268-2號"},"geometry":{"type":"Point","coordinates":[121.458834,25.080689]}},{"type":"Feature","properties":{"id":"osm:node:13423799004","name":"萊爾富","category":"convenience","nameEn":"Hi-Life","brand":"萊爾富","opening_hours":"24/7","address":"新北市新莊區福壽街188;190號"},"geometry":{"type":"Point","coordinates":[121.458169,25.053351]}},{"type":"Feature","properties":{"id":"osm:node:13423799005","name":"萊爾富","category":"convenience","nameEn":"Hi-Life","brand":"萊爾富","opening_hours":"24/7","address":"新北市新莊區中港路84號"},"geometry":{"type":"Point","coordinates":[121.455483,25.039209]}},{"type":"Feature","properties":{"id":"osm:node:13423799006","name":"萊爾富","category":"convenience","nameEn":"Hi-Life","brand":"萊爾富","opening_hours":"24/7","address":"新北市新莊區中誠街55號"},"geometry":{"type":"Point","coordinates":[121.451217,25.047969]}},{"type":"Feature","properties":{"id":"osm:node:13423799007","name":"萊爾富","category":"convenience","nameEn":"Hi-Life","brand":"萊爾富","opening_hours":"24/7","address":"新北市新莊區化成路414;416號"},"geometry":{"type":"Point","coordinates":[121.465985,25.0509]}},{"type":"Feature","properties":{"id":"osm:node:13423799009","name":"萊爾富","category":"convenience","nameEn":"Hi-Life","brand":"萊爾富","opening_hours":"24/7","address":"新北市新莊區化成路519號"},"geometry":{"type":"Point","coordinates":[121.465061,25.063836]}},{"type":"Feature","properties":{"id":"osm:node:13423799010","name":"萊爾富","category":"convenience","nameEn":"Hi-Life","brand":"萊爾富","opening_hours":"24/7","address":"新北市新莊區民樂街80;82號"},"geometry":{"type":"Point","coordinates":[121.457925,25.043737]}},{"type":"Feature","properties":{"id":"osm:node:13423799011","name":"萊爾富","category":"convenience","nameEn":"Hi-Life","brand":"萊爾富","opening_hours":"24/7","address":"新北市新莊區化成路85號"},"geometry":{"type":"Point","coordinates":[121.465517,25.046519]}},{"type":"Feature","properties":{"id":"osm:node:13423799012","name":"萊爾富","category":"convenience","nameEn":"Hi-Life","brand":"萊爾富","opening_hours":"24/7","address":"新北市新莊區中信街20;22號"},"geometry":{"type":"Point","coordinates":[121.450688,25.050853]}},{"type":"Feature","properties":{"id":"osm:node:13423799014","name":"萊爾富","category":"convenience","nameEn":"Hi-Life","brand":"萊爾富","opening_hours":"24/7","address":"新北市新莊區幸福東路149;151號"},"geometry":{"type":"Point","coordinates":[121.460406,25.049246]}},{"type":"Feature","properties":{"id":"osm:node:13423799015","name":"萊爾富","category":"convenience","nameEn":"Hi-Life","brand":"萊爾富","opening_hours":"24/7","address":"新北市新莊區昌平街96;98號"},"geometry":{"type":"Point","coordinates":[121.454729,25.054851]}},{"type":"Feature","properties":{"id":"osm:node:13423799016","name":"萊爾富","category":"convenience","nameEn":"Hi-Life","brand":"萊爾富","opening_hours":"24/7","address":"新北市新莊區新莊路307;309號"},"geometry":{"type":"Point","coordinates":[121.453248,25.034278]}},{"type":"Feature","properties":{"id":"osm:node:13423799017","name":"萊爾富","category":"convenience","nameEn":"Hi-Life","brand":"萊爾富","opening_hours":"24/7","address":"新北市新莊區頭前路127;129號"},"geometry":{"type":"Point","coordinates":[121.461859,25.052162]}},{"type":"Feature","properties":{"id":"osm:node:13423799021","name":"萊爾富","category":"convenience","nameEn":"Hi-Life","brand":"萊爾富","opening_hours":"24/7","address":"新北市板橋區藝文街171號"},"geometry":{"type":"Point","coordinates":[121.451434,25.021615]}},{"type":"Feature","properties":{"id":"osm:node:13423799022","name":"萊爾富","category":"convenience","nameEn":"Hi-Life","brand":"萊爾富","opening_hours":"24/7","address":"新北市板橋區互助街48;50號"},"geometry":{"type":"Point","coordinates":[121.461639,25.026943]}},{"type":"Feature","properties":{"id":"osm:node:13423799023","name":"萊爾富","category":"convenience","nameEn":"Hi-Life","brand":"萊爾富","opening_hours":"24/7","address":"新北市板橋區民生路三段68-1號"},"geometry":{"type":"Point","coordinates":[121.467017,25.025935]}},{"type":"Feature","properties":{"id":"osm:node:13423799024","name":"萊爾富","category":"convenience","nameEn":"Hi-Life","brand":"萊爾富","opening_hours":"24/7","address":"新北市板橋區府中路24號"},"geometry":{"type":"Point","coordinates":[121.45978,25.009757]}},{"type":"Feature","properties":{"id":"osm:node:13423799025","name":"萊爾富","category":"convenience","nameEn":"Hi-Life","brand":"萊爾富","opening_hours":"24/7","address":"新北市板橋區長江路二段2號"},"geometry":{"type":"Point","coordinates":[121.464309,25.03119]}},{"type":"Feature","properties":{"id":"osm:node:13423799026","name":"萊爾富","category":"convenience","nameEn":"Hi-Life","brand":"萊爾富","opening_hours":"24/7","address":"新北市板橋區重慶路245巷61號"},"geometry":{"type":"Point","coordinates":[121.465564,25.001033]}},{"type":"Feature","properties":{"id":"osm:node:13423799027","name":"萊爾富","category":"convenience","nameEn":"Hi-Life","brand":"萊爾富","opening_hours":"24/7","address":"新北市板橋區莊敬路248號"},"geometry":{"type":"Point","coordinates":[121.473812,25.021493]}},{"type":"Feature","properties":{"id":"osm:node:13423799028","name":"萊爾富","category":"convenience","nameEn":"Hi-Life","brand":"萊爾富","opening_hours":"24/7","address":"新北市板橋區新海路393;395號"},"geometry":{"type":"Point","coordinates":[121.458717,25.026409]}},{"type":"Feature","properties":{"id":"osm:node:13423799029","name":"萊爾富","category":"convenience","nameEn":"Hi-Life","brand":"萊爾富","opening_hours":"24/7","address":"新北市板橋區雙十路三段29號"},"geometry":{"type":"Point","coordinates":[121.47076,25.031449]}},{"type":"Feature","properties":{"id":"osm:node:13430408085","name":"全家便利商店","category":"convenience","nameEn":"FamilyMart","brand":"全家便利商店","opening_hours":"24/7","address":"臺北市文山區忠順街一段26巷29號"},"geometry":{"type":"Point","coordinates":[121.559898,24.982022]}},{"type":"Feature","properties":{"id":"osm:node:13430408100","name":"全家便利商店","category":"convenience","nameEn":"FamilyMart","brand":"全家便利商店","opening_hours":"24/7","address":"臺北市中山區中山北路三段45號"},"geometry":{"type":"Point","coordinates":[121.522712,25.066296]}},{"type":"Feature","properties":{"id":"osm:node:13461655097","name":"7-Eleven","category":"convenience","brand":"7-Eleven"},"geometry":{"type":"Point","coordinates":[121.618481,25.058973]}},{"type":"Feature","properties":{"id":"osm:node:13532340232","name":"7-Eleven","category":"convenience","brand":"7-Eleven","opening_hours":"24/7","address":"新北市三重區過田里004鄰重新路三段115巷18號","phone":"+886 2 89835410"},"geometry":{"type":"Point","coordinates":[121.489877,25.060699]}},{"type":"Feature","properties":{"id":"osm:node:13551381061","name":"萊爾富","category":"convenience","nameEn":"Hi-Life","brand":"萊爾富","opening_hours":"24/7","address":"新北市三重區仁義街137號"},"geometry":{"type":"Point","coordinates":[121.49751,25.08052]}},{"type":"Feature","properties":{"id":"osm:node:13551381064","name":"萊爾富","category":"convenience","nameEn":"Hi-Life","brand":"萊爾富","opening_hours":"24/7","address":"新北市新莊區自信街77號"},"geometry":{"type":"Point","coordinates":[121.455803,25.048195]}},{"type":"Feature","properties":{"id":"osm:node:13551381065","name":"萊爾富","category":"convenience","nameEn":"Hi-Life","brand":"萊爾富","opening_hours":"24/7","address":"臺北市萬華區東園街142號"},"geometry":{"type":"Point","coordinates":[121.497485,25.023524]}},{"type":"Feature","properties":{"id":"osm:node:13551381069","name":"萊爾富","category":"convenience","nameEn":"Hi-Life","brand":"萊爾富","opening_hours":"24/7","address":"新北市三重區永福街258號"},"geometry":{"type":"Point","coordinates":[121.484134,25.074795]}},{"type":"Feature","properties":{"id":"osm:node:13551381070","name":"萊爾富","category":"convenience","nameEn":"Hi-Life","brand":"萊爾富","opening_hours":"24/7","address":"臺北市大同區承德路三段286號"},"geometry":{"type":"Point","coordinates":[121.519341,25.073896]}},{"type":"Feature","properties":{"id":"osm:node:13551381071","name":"萊爾富","category":"convenience","nameEn":"Hi-Life","brand":"萊爾富","opening_hours":"24/7","address":"新北市新莊區新北大道三段7號"},"geometry":{"type":"Point","coordinates":[121.458089,25.063262]}},{"type":"Feature","properties":{"id":"osm:node:13563495828","name":"全家便利商店","category":"convenience","nameEn":"FamilyMart","brand":"全家便利商店"},"geometry":{"type":"Point","coordinates":[121.592527,25.082061]}},{"type":"Feature","properties":{"id":"osm:node:13604700758","name":"蝦皮店到店","category":"convenience","nameEn":"SPX Express","brand":"蝦皮店到店"},"geometry":{"type":"Point","coordinates":[121.596789,25.082105]}},{"type":"Feature","properties":{"id":"osm:node:13604712595","name":"7-Eleven","category":"convenience","brand":"7-Eleven"},"geometry":{"type":"Point","coordinates":[121.598421,25.078957]}},{"type":"Feature","properties":{"id":"osm:node:13610786115","name":"22 King","category":"convenience","nameEn":"22 King","wheelchair":"no"},"geometry":{"type":"Point","coordinates":[121.460124,25.013916]}},{"type":"Feature","properties":{"id":"osm:node:13611248251","name":"全家便利商店","category":"convenience","nameEn":"FamilyMart","brand":"全家便利商店","wheelchair":"yes"},"geometry":{"type":"Point","coordinates":[121.541971,24.981981]}},{"type":"Feature","properties":{"id":"osm:node:13622021598","name":"7-Eleven","category":"convenience","brand":"7-Eleven"},"geometry":{"type":"Point","coordinates":[121.56626,25.051133]}},{"type":"Feature","properties":{"id":"osm:node:13622033021","name":"7-Eleven","category":"convenience","brand":"7-Eleven"},"geometry":{"type":"Point","coordinates":[121.564893,25.051143]}},{"type":"Feature","properties":{"id":"osm:node:13633028341","name":"全家便利商店","category":"convenience","nameEn":"FamilyMart","brand":"全家便利商店","opening_hours":"24/7","address":"235新北市中和區中興街111號"},"geometry":{"type":"Point","coordinates":[121.499999,24.992251]}},{"type":"Feature","properties":{"id":"osm:node:13633043331","name":"全家便利商店","category":"convenience","nameEn":"FamilyMart","brand":"全家便利商店"},"geometry":{"type":"Point","coordinates":[121.470935,25.031462]}},{"type":"Feature","properties":{"id":"osm:node:13633219291","name":"全家便利商店","category":"convenience","nameEn":"FamilyMart","brand":"全家便利商店","opening_hours":"24/7","address":"新北市板橋區自由路36號一樓","phone":"+886 2 2254 1183"},"geometry":{"type":"Point","coordinates":[121.465639,25.02303]}},{"type":"Feature","properties":{"id":"osm:node:13634373449","name":"7-Eleven","category":"convenience","brand":"7-Eleven"},"geometry":{"type":"Point","coordinates":[121.45684,25.01552]}},{"type":"Feature","properties":{"id":"osm:node:13651197363","name":"蝦皮店到店","category":"convenience","nameEn":"Shopee Xpress","brand":"蝦皮店到店"},"geometry":{"type":"Point","coordinates":[121.450791,25.021376]}},{"type":"Feature","properties":{"id":"osm:node:13691719202","name":"7-Eleven","category":"convenience","brand":"7-Eleven","address":"106臺北市大安區臥龍里6鄰復興南路二段377號"},"geometry":{"type":"Point","coordinates":[121.543554,25.022359]}},{"type":"Feature","properties":{"id":"osm:node:13721264345","name":"7-11","category":"convenience","opening_hours":"24/7","address":"臺北市信義區松信路148號","phone":"+886 2 2765 6147","website":"https://www.7-11.com.tw/","wheelchair":"yes"},"geometry":{"type":"Point","coordinates":[121.571894,25.043655]}},{"type":"Feature","properties":{"id":"osm:node:13728698157","name":"7-Eleven","category":"convenience","opening_hours":"24/7","address":"234新北市永和區環河西路二段231號一樓","phone":"+886 2 2232 6083"},"geometry":{"type":"Point","coordinates":[121.500972,25.009953]}},{"type":"Feature","properties":{"id":"osm:node:13728715153","name":"蝦皮店到店 永和福林 - 智取店","category":"convenience","opening_hours":"24/7","address":"234新北市永和區竹林路225巷37號","phone":"+886 2 66366560"},"geometry":{"type":"Point","coordinates":[121.52284,25.008851]}},{"type":"Feature","properties":{"id":"osm:node:13728740485","name":"蝦皮店到店","category":"convenience","nameEn":"Shopee Xpress","brand":"蝦皮店到店","opening_hours":"24/7","address":"234新北市永和區得和路331號一樓","phone":"+886 2 66366560"},"geometry":{"type":"Point","coordinates":[121.52359,24.999608]}},{"type":"Feature","properties":{"id":"osm:node:13728746232","name":"7-Εleven","category":"convenience","opening_hours":"24/7","address":"234新北市永和區信義路7號","phone":"+886 2 88604387"},"geometry":{"type":"Point","coordinates":[121.514544,25.011897]}},{"type":"Feature","properties":{"id":"osm:node:13792757239","name":"7-Eleven","category":"convenience","brand":"7-Eleven"},"geometry":{"type":"Point","coordinates":[121.547867,25.082119]}},{"type":"Feature","properties":{"id":"osm:node:13792777878","name":"蝦皮店到店","category":"convenience","nameEn":"SPX Express","brand":"蝦皮店到店"},"geometry":{"type":"Point","coordinates":[121.548175,25.08223]}},{"type":"Feature","properties":{"id":"osm:node:13895705678","name":"全家便利商店","category":"convenience","address":"新北市永和區福林里007鄰竹林路215號"},"geometry":{"type":"Point","coordinates":[121.520813,25.008777]}},{"type":"Feature","properties":{"id":"osm:node:13911717989","name":"7-Eleven","category":"convenience","brand":"7-Eleven","wheelchair":"yes"},"geometry":{"type":"Point","coordinates":[121.605815,25.054009]}},{"type":"Feature","properties":{"id":"osm:node:13911937746","name":"7-Eleven","category":"convenience","brand":"7-Eleven","wheelchair":"yes"},"geometry":{"type":"Point","coordinates":[121.59233,25.053319]}},{"type":"Feature","properties":{"id":"osm:node:13938326636","name":"全家便利商店","category":"convenience","nameEn":"FamilyMart","brand":"全家便利商店"},"geometry":{"type":"Point","coordinates":[121.500363,25.031002]}},{"type":"Feature","properties":{"id":"osm:node:1395806992","name":"7-Eleven","category":"convenience","brand":"7-Eleven","opening_hours":"24/7"},"geometry":{"type":"Point","coordinates":[121.463679,24.997367]}},{"type":"Feature","properties":{"id":"osm:node:13961919686","name":"萊爾富","category":"convenience","nameEn":"Hi-Life","brand":"萊爾富"},"geometry":{"type":"Point","coordinates":[121.474406,25.079445]}},{"type":"Feature","properties":{"id":"osm:node:13961919690","name":"全家便利商店","category":"convenience","nameEn":"FamilyMart","brand":"全家便利商店"},"geometry":{"type":"Point","coordinates":[121.472757,25.079015]}},{"type":"Feature","properties":{"id":"osm:node:1397157176","name":"7-Eleven","category":"convenience","brand":"7-Eleven","opening_hours":"24/7"},"geometry":{"type":"Point","coordinates":[121.471619,25.022208]}},{"type":"Feature","properties":{"id":"osm:node:1397157182","name":"7-Eleven","category":"convenience","brand":"7-Eleven","opening_hours":"24/7","address":"220新北市板橋區莊敬路60號","wheelchair":"yes"},"geometry":{"type":"Point","coordinates":[121.472648,25.026521]}},{"type":"Feature","properties":{"id":"osm:node:13974165300","name":"7-Eleven","category":"convenience","brand":"7-Eleven","opening_hours":"24/7"},"geometry":{"type":"Point","coordinates":[121.487408,25.048995]}},{"type":"Feature","properties":{"id":"osm:node:13984824728","name":"全家便利商店","category":"convenience","nameEn":"FamilyMart","brand":"全家便利商店","address":"新北市中和區忠孝街105號"},"geometry":{"type":"Point","coordinates":[121.511949,24.986372]}},{"type":"Feature","properties":{"id":"osm:node:1398644371","name":"全家便利商店","category":"convenience","nameEn":"FamilyMart","brand":"全家便利商店","opening_hours":"24/7"},"geometry":{"type":"Point","coordinates":[121.462101,24.994674]}},{"type":"Feature","properties":{"id":"osm:node:1398644381","name":"萊爾富","category":"convenience","nameEn":"Hi-Life","brand":"萊爾富","opening_hours":"24/7","address":"新北市板橋區國慶路180號"},"geometry":{"type":"Point","coordinates":[121.462753,24.9962]}},{"type":"Feature","properties":{"id":"osm:node:1398644382","name":"7-Eleven","category":"convenience","brand":"7-Eleven","opening_hours":"24/7"},"geometry":{"type":"Point","coordinates":[121.461505,24.996137]}},{"type":"Feature","properties":{"id":"osm:node:13990650163","name":"宗美門市","category":"convenience","brand":"7-ELEVEn","opening_hours":"24/7","address":"新北市永和區福林里福和路76巷2號1樓","phone":"+886 2 8925 5722"},"geometry":{"type":"Point","coordinates":[121.523104,25.008307]}},{"type":"Feature","properties":{"id":"osm:node:13995734466","name":"全家便利商店","category":"convenience","nameEn":"FamilyMart","brand":"全家便利商店","address":"112臺北市北投區石牌路二段88-1號"},"geometry":{"type":"Point","coordinates":[121.516508,25.117041]}},{"type":"Feature","properties":{"id":"osm:node:14004889274","name":"全家便利商店","category":"convenience","nameEn":"FamilyMart","brand":"全家便利商店","address":"臺北市中正區忠孝西路一段38號一樓","phone":"+886 2 23898803"},"geometry":{"type":"Point","coordinates":[121.516545,25.046218]}},{"type":"Feature","properties":{"id":"osm:node:1403019752","name":"7-Eleven","category":"convenience","brand":"7-Eleven","opening_hours":"24/7","address":"220077新北市板橋區民生路一段53號","phone":"+886 2 2956 7793","website":"https://www.7-11.com.tw/"},"geometry":{"type":"Point","coordinates":[121.475443,25.012859]}},{"type":"Feature","properties":{"id":"osm:node:14030225501","name":"全家便利商店","category":"convenience","nameEn":"FamilyMart","brand":"全家便利商店"},"geometry":{"type":"Point","coordinates":[121.560238,25.087018]}},{"type":"Feature","properties":{"id":"osm:node:14056629939","name":"全家便利商店","category":"convenience","address":"114臺北市內湖區樂康里18鄰康樂街110巷15號"},"geometry":{"type":"Point","coordinates":[121.618404,25.070814]}},{"type":"Feature","properties":{"id":"osm:node:14078695890","name":"全家便利商店","category":"convenience","nameEn":"FamilyMart","brand":"全家便利商店"},"geometry":{"type":"Point","coordinates":[121.517977,25.046264]}},{"type":"Feature","properties":{"id":"osm:node:14106897505","name":"全家便利商店","category":"convenience","nameEn":"FamilyMart","brand":"全家便利商店"},"geometry":{"type":"Point","coordinates":[121.587413,25.062943]}},{"type":"Feature","properties":{"id":"osm:node:14106897506","name":"全家便利商店","category":"convenience","nameEn":"FamilyMart","brand":"全家便利商店"},"geometry":{"type":"Point","coordinates":[121.587427,25.063342]}},{"type":"Feature","properties":{"id":"osm:node:14106897507","name":"7-Eleven","category":"convenience","brand":"7-Eleven"},"geometry":{"type":"Point","coordinates":[121.58743,25.063219]}},{"type":"Feature","properties":{"id":"osm:node:14108677116","name":"7-Eleven","category":"convenience","brand":"7-Eleven"},"geometry":{"type":"Point","coordinates":[121.585341,25.064694]}},{"type":"Feature","properties":{"id":"osm:node:14108677117","name":"7-Eleven","category":"convenience","brand":"7-Eleven"},"geometry":{"type":"Point","coordinates":[121.58998,25.063706]}},{"type":"Feature","properties":{"id":"osm:node:14112525358","name":"萊爾富","category":"convenience","nameEn":"Hi-Life","brand":"萊爾富","opening_hours":"24/7","address":"新北市中和區工專路38號"},"geometry":{"type":"Point","coordinates":[121.507337,24.980805]}},{"type":"Feature","properties":{"id":"osm:node:14112525359","name":"萊爾富","category":"convenience","nameEn":"Hi-Life","brand":"萊爾富","opening_hours":"24/7","address":"新北市新店區安光路10-1號"},"geometry":{"type":"Point","coordinates":[121.513742,24.96397]}},{"type":"Feature","properties":{"id":"osm:node:14112525361","name":"萊爾富","category":"convenience","nameEn":"Hi-Life","brand":"萊爾富","opening_hours":"24/7","address":"臺北市文山區萬壽路2號一樓"},"geometry":{"type":"Point","coordinates":[121.575802,24.987732]}},{"type":"Feature","properties":{"id":"osm:node:1411751315","name":"全家便利商店","category":"convenience","nameEn":"FamilyMart","brand":"全家便利商店","opening_hours":"24/7"},"geometry":{"type":"Point","coordinates":[121.466494,24.994343]}},{"type":"Feature","properties":{"id":"osm:node:14118808037","name":"萊爾富","category":"convenience","nameEn":"Hi-Life","brand":"萊爾富","opening_hours":"24/7","address":"臺北市士林區忠義街86號"},"geometry":{"type":"Point","coordinates":[121.531942,25.106269]}},{"type":"Feature","properties":{"id":"osm:node:14118808038","name":"萊爾富","category":"convenience","nameEn":"Hi-Life","brand":"萊爾富","opening_hours":"24/7","address":"臺北市士林區美崙街88號"},"geometry":{"type":"Point","coordinates":[121.521179,25.096885]}},{"type":"Feature","properties":{"id":"osm:node:14118808039","name":"萊爾富","category":"convenience","nameEn":"Hi-Life","brand":"萊爾富","opening_hours":"24/7","address":"臺北市士林區重慶北路四段80號"},"geometry":{"type":"Point","coordinates":[121.512878,25.082123]}},{"type":"Feature","properties":{"id":"osm:node:14118808073","name":"萊爾富","category":"convenience","nameEn":"Hi-Life","brand":"萊爾富","opening_hours":"24/7","address":"新北市土城區龍山二街1 3號"},"geometry":{"type":"Point","coordinates":[121.450675,24.978824]}},{"type":"Feature","properties":{"id":"osm:node:14118808097","name":"萊爾富","category":"convenience","nameEn":"Hi-Life","brand":"萊爾富","opening_hours":"24/7","address":"新北市土城區青雲路252號"},"geometry":{"type":"Point","coordinates":[121.458909,24.979814]}},{"type":"Feature","properties":{"id":"osm:node:1412407361","name":"7-Eleven","category":"convenience","brand":"7-Eleven","opening_hours":"24/7","wheelchair":"limited"},"geometry":{"type":"Point","coordinates":[121.462492,25.00295]}},{"type":"Feature","properties":{"id":"osm:node:14130477531","name":"7-Eleven","category":"convenience","brand":"7-Eleven"},"geometry":{"type":"Point","coordinates":[121.58615,25.062771]}},{"type":"Feature","properties":{"id":"osm:node:1413143335","name":"全家便利商店","category":"convenience","nameEn":"FamilyMart","brand":"全家便利商店","opening_hours":"24/7","address":"220090新北市板橋區中山路二段25號","phone":"+886 2 8953 9335;+886 2 7739 7630","website":"https://www.family.com.tw/"},"geometry":{"type":"Point","coordinates":[121.472564,25.015261]}},{"type":"Feature","properties":{"id":"osm:node:1415262717","name":"全家便利商店","category":"convenience","nameEn":"FamilyMart","brand":"全家便利商店","opening_hours":"24/7"},"geometry":{"type":"Point","coordinates":[121.462984,24.999583]}},{"type":"Feature","properties":{"id":"osm:node:1415262720","name":"7-Eleven","category":"convenience","brand":"7-Eleven"},"geometry":{"type":"Point","coordinates":[121.461026,25.002116]}},{"type":"Feature","properties":{"id":"osm:node:1431095960","name":"全家便利商店","category":"convenience","nameEn":"FamilyMart","brand":"全家便利商店","opening_hours":"24/7","address":"22049新北市板橋區陽明街88號","phone":"+886-2-77096188;+886-2-22585156","website":"https://www.family.com.tw/"},"geometry":{"type":"Point","coordinates":[121.464331,25.022965]}},{"type":"Feature","properties":{"id":"osm:node:1431095962","name":"全家便利商店","category":"convenience","nameEn":"FamilyMart","brand":"全家便利商店","opening_hours":"24/7","address":"220010新北市板橋區四維路100號","phone":"+886 2 8257 2973;+886 2 7746 2149","website":"https://www.family.com.tw/"},"geometry":{"type":"Point","coordinates":[121.465616,25.024694]}},{"type":"Feature","properties":{"id":"osm:node:1431096037","name":"7-Eleven","category":"convenience","brand":"7-Eleven","opening_hours":"24/7"},"geometry":{"type":"Point","coordinates":[121.463432,25.023822]}},{"type":"Feature","properties":{"id":"osm:node:1438995489","name":"全家便利商店","category":"convenience","nameEn":"FamilyMart","brand":"全家便利商店"},"geometry":{"type":"Point","coordinates":[121.615024,25.045841]}},{"type":"Feature","properties":{"id":"osm:node:1438995828","name":"7-Eleven","category":"convenience","brand":"7-Eleven"},"geometry":{"type":"Point","coordinates":[121.615426,25.047558]}},{"type":"Feature","properties":{"id":"osm:node:1439037396","name":"萊爾富","category":"convenience","nameEn":"Hi-Life","brand":"萊爾富"},"geometry":{"type":"Point","coordinates":[121.622428,25.038136]}},{"type":"Feature","properties":{"id":"osm:node:1439037598","name":"全家便利商店","category":"convenience","nameEn":"FamilyMart","brand":"全家便利商店"},"geometry":{"type":"Point","coordinates":[121.619002,25.043154]}},{"type":"Feature","properties":{"id":"osm:node:1439043155","name":"7-Eleven","category":"convenience","brand":"7-Eleven"},"geometry":{"type":"Point","coordinates":[121.619257,25.047771]}},{"type":"Feature","properties":{"id":"osm:node:1439044159","name":"7-Eleven","category":"convenience","brand":"7-Eleven","address":"115臺北市南港區忠孝東路六段448號","wheelchair":"yes"},"geometry":{"type":"Point","coordinates":[121.594041,25.050243]}},{"type":"Feature","properties":{"id":"osm:node:1439054879","name":"7-Eleven","category":"convenience","brand":"7-Eleven","wheelchair":"yes"},"geometry":{"type":"Point","coordinates":[121.607667,25.054392]}},{"type":"Feature","properties":{"id":"osm:node:1439056001","name":"萊爾富","category":"convenience","nameEn":"Hi-Life","brand":"萊爾富","wheelchair":"yes"},"geometry":{"type":"Point","coordinates":[121.616547,25.04264]}},{"type":"Feature","properties":{"id":"osm:node:1444856613","name":"全家便利商店","category":"convenience","nameEn":"FamilyMart","brand":"全家便利商店","opening_hours":"24/7"},"geometry":{"type":"Point","coordinates":[121.462535,24.992239]}},{"type":"Feature","properties":{"id":"osm:node:1444856686","name":"7-Eleven","category":"convenience","brand":"7-Eleven","opening_hours":"24/7"},"geometry":{"type":"Point","coordinates":[121.464722,24.993674]}},{"type":"Feature","properties":{"id":"osm:node:1446842517","name":"7-Eleven","category":"convenience","brand":"7-Eleven","opening_hours":"24/7","address":"106臺北市大安區仁愛路三段27號"},"geometry":{"type":"Point","coordinates":[121.534559,25.038632]}},{"type":"Feature","properties":{"id":"osm:node:1448600731","name":"全家便利商店","category":"convenience","nameEn":"FamilyMart","brand":"全家便利商店"},"geometry":{"type":"Point","coordinates":[121.621233,25.039436]}},{"type":"Feature","properties":{"id":"osm:node:1493009632","name":"7-Eleven","category":"convenience","brand":"7-Eleven"},"geometry":{"type":"Point","coordinates":[121.540875,25.06485]}},{"type":"Feature","properties":{"id":"osm:node:1501340090","name":"萊爾富","category":"convenience","nameEn":"Hi-Life","brand":"萊爾富","opening_hours":"24/7","address":"110臺北市信義區忠孝東路五段63號"},"geometry":{"type":"Point","coordinates":[121.566704,25.041293]}},{"type":"Feature","properties":{"id":"osm:node:1662434798","name":"7-Eleven","category":"convenience","brand":"7-Eleven","wheelchair":"yes"},"geometry":{"type":"Point","coordinates":[121.599446,25.088507]}},{"type":"Feature","properties":{"id":"osm:node:1668793845","name":"全家便利商店","category":"convenience","nameEn":"FamilyMart","brand":"全家便利商店","opening_hours":"24/7","address":"新北市土城區清水路166號","wheelchair":"no"},"geometry":{"type":"Point","coordinates":[121.459639,24.981506]}},{"type":"Feature","properties":{"id":"osm:node:1668793854","name":"7-Eleven","category":"convenience","brand":"7-Eleven","opening_hours":"24/7","address":"新北市土城區青雲路245號","phone":"+886 2 8260 2435","wheelchair":"limited"},"geometry":{"type":"Point","coordinates":[121.459102,24.98127]}},{"type":"Feature","properties":{"id":"osm:node:1681391574","name":"7-Eleven","category":"convenience","brand":"7-Eleven"},"geometry":{"type":"Point","coordinates":[121.621219,25.041362]}},{"type":"Feature","properties":{"id":"osm:node:1681439192","name":"全家便利商店","category":"convenience","nameEn":"FamilyMart","brand":"全家便利商店"},"geometry":{"type":"Point","coordinates":[121.618197,25.042357]}},{"type":"Feature","properties":{"id":"osm:node:1681475965","name":"全家便利商店","category":"convenience","nameEn":"FamilyMart","brand":"全家便利商店"},"geometry":{"type":"Point","coordinates":[121.621316,25.041438]}},{"type":"Feature","properties":{"id":"osm:node:1682979045","name":"7-Eleven","category":"convenience","brand":"7-Eleven"},"geometry":{"type":"Point","coordinates":[121.616926,25.038345]}},{"type":"Feature","properties":{"id":"osm:node:1684211254","name":"7-Eleven","category":"convenience","brand":"7-Eleven","address":"115臺北市南港區三重里9鄰三重路23號","wheelchair":"no"},"geometry":{"type":"Point","coordinates":[121.614011,25.059162]}},{"type":"Feature","properties":{"id":"osm:node:1686854821","name":"7-Eleven","category":"convenience","brand":"7-Eleven","wheelchair":"no"},"geometry":{"type":"Point","coordinates":[121.61628,25.052017]}},{"type":"Feature","properties":{"id":"osm:node:1701850829","name":"萊爾富","category":"convenience","nameEn":"Hi-Life","brand":"萊爾富","opening_hours":"24/7","address":"10049臺北市中正區忠孝東路一段35號1樓","phone":"+886-2-89781634","wheelchair":"yes"},"geometry":{"type":"Point","coordinates":[121.52554,25.044501]}},{"type":"Feature","properties":{"id":"osm:node:1702072014","name":"全家便利商店","category":"convenience","nameEn":"FamilyMart","brand":"全家便利商店","address":"231新北市新店區德正街27巷1號"},"geometry":{"type":"Point","coordinates":[121.544452,24.971511]}},{"type":"Feature","properties":{"id":"osm:node:1702990175","name":"OK超商","category":"convenience","nameEn":"OK mart","brand":"OK超商","opening_hours":"24/7","address":"231新北市新店區檳榔路29巷2號","phone":"+886 2 66373048","website":"https://www.okmart.com.tw/"},"geometry":{"type":"Point","coordinates":[121.541957,24.963624]}},{"type":"Feature","properties":{"id":"osm:node:1705753080","name":"7-Eleven","category":"convenience","brand":"7-Eleven"},"geometry":{"type":"Point","coordinates":[121.550728,24.978225]}},{"type":"Feature","properties":{"id":"osm:node:1705753088","name":"7-Eleven","category":"convenience","brand":"7-Eleven","address":"新北市新店區民族路"},"geometry":{"type":"Point","coordinates":[121.539243,24.978269]}},{"type":"Feature","properties":{"id":"osm:node:1715807791","name":"中日超商","category":"convenience"},"geometry":{"type":"Point","coordinates":[121.510498,25.080868]}},{"type":"Feature","properties":{"id":"osm:node:1720014710","name":"全家便利商店","category":"convenience","nameEn":"FamilyMart","brand":"全家便利商店","wheelchair":"yes"},"geometry":{"type":"Point","coordinates":[121.556727,25.079661]}},{"type":"Feature","properties":{"id":"osm:node:1720014711","name":"7-Eleven","category":"convenience","brand":"7-Eleven"},"geometry":{"type":"Point","coordinates":[121.551322,25.082795]}},{"type":"Feature","properties":{"id":"osm:node:1720014712","name":"全家便利商店","category":"convenience","nameEn":"FamilyMart","brand":"全家便利商店"},"geometry":{"type":"Point","coordinates":[121.546484,25.082221]}},{"type":"Feature","properties":{"id":"osm:node:1720014713","name":"7-Eleven","category":"convenience","brand":"7-Eleven"},"geometry":{"type":"Point","coordinates":[121.548951,25.081969]}},{"type":"Feature","properties":{"id":"osm:node:1720014718","name":"全家便利商店","category":"convenience","nameEn":"FamilyMart","brand":"全家便利商店"},"geometry":{"type":"Point","coordinates":[121.55622,25.084928]}},{"type":"Feature","properties":{"id":"osm:node:1720014722","name":"全家便利商店","category":"convenience","nameEn":"FamilyMart","brand":"全家便利商店"},"geometry":{"type":"Point","coordinates":[121.54954,25.082874]}},{"type":"Feature","properties":{"id":"osm:node:1720289830","name":"全家便利商店","category":"convenience","nameEn":"FamilyMart","brand":"全家便利商店","wheelchair":"yes"},"geometry":{"type":"Point","coordinates":[121.611938,25.057072]}},{"type":"Feature","properties":{"id":"osm:node:1720289833","name":"全家便利商店","category":"convenience","nameEn":"FamilyMart","brand":"全家便利商店","wheelchair":"yes"},"geometry":{"type":"Point","coordinates":[121.613628,25.057231]}},{"type":"Feature","properties":{"id":"osm:node:1720302264","name":"全家便利商店","category":"convenience","nameEn":"FamilyMart","brand":"全家便利商店","opening_hours":"24/7"},"geometry":{"type":"Point","coordinates":[121.458316,24.999572]}},{"type":"Feature","properties":{"id":"osm:node:1720302266","name":"萊爾富","category":"convenience","nameEn":"Hi-Life","brand":"萊爾富","opening_hours":"24/7","address":"22063新北市板橋區四川路一段483;485號一樓","website":"http://www.hilife.com.tw/"},"geometry":{"type":"Point","coordinates":[121.457244,24.997177]}},{"type":"Feature","properties":{"id":"osm:node:1720305497","name":"全家便利商店","category":"convenience","nameEn":"FamilyMart","brand":"全家便利商店"},"geometry":{"type":"Point","coordinates":[121.457351,24.993424]}},{"type":"Feature","properties":{"id":"osm:node:1720305503","name":"7-Eleven","category":"convenience","brand":"7-Eleven"},"geometry":{"type":"Point","coordinates":[121.456943,24.994931]}},{"type":"Feature","properties":{"id":"osm:node:1720307826","name":"7-Eleven","category":"convenience","brand":"7-Eleven","wheelchair":"yes"},"geometry":{"type":"Point","coordinates":[121.451972,24.996999]}},{"type":"Feature","properties":{"id":"osm:node:1727353094","name":"全家便利商店","category":"convenience","nameEn":"FamilyMart","brand":"全家便利商店","address":"100臺北市中正區忠孝西路一段50號","phone":"+886 2 23706675"},"geometry":{"type":"Point","coordinates":[121.515924,25.046206]}},{"type":"Feature","properties":{"id":"osm:node:1736930358","name":"7-Eleven","category":"convenience","brand":"7-Eleven","opening_hours":"24/7","address":"220066新北市板橋區館前東路26號1樓","phone":"+886 2 2951 4559","website":"https://www.7-11.com.tw/"},"geometry":{"type":"Point","coordinates":[121.460396,25.007111]}},{"type":"Feature","properties":{"id":"osm:node:1770218615","name":"7-Eleven","category":"convenience","brand":"7-Eleven","address":"231新北市新店區德正街23巷1號"},"geometry":{"type":"Point","coordinates":[121.544162,24.972015]}},{"type":"Feature","properties":{"id":"osm:node:1770221125","name":"全家便利商店","category":"convenience","nameEn":"FamilyMart","brand":"全家便利商店","opening_hours":"24/7","address":"231新北市新店區北新路二段119號","phone":"+886 2 29158815;+886 2 77231551","website":"https://www.family.com.tw/"},"geometry":{"type":"Point","coordinates":[121.542735,24.974932]}},{"type":"Feature","properties":{"id":"osm:node:1770221250","name":"7-Eleven","category":"convenience","brand":"7-Eleven"},"geometry":{"type":"Point","coordinates":[121.542711,24.973215]}},{"type":"Feature","properties":{"id":"osm:node:1796775127","name":"全家便利商店","category":"convenience","nameEn":"FamilyMart","brand":"全家便利商店"},"geometry":{"type":"Point","coordinates":[121.583459,25.077232]}},{"type":"Feature","properties":{"id":"osm:node:1801386528","name":"7-Eleven","category":"convenience","brand":"7-Eleven","opening_hours":"24/7","address":"11158臺北市士林區德行西路96號","phone":"+886-2-28312758","website":"https://www.7-11.com.tw/","wheelchair":"yes"},"geometry":{"type":"Point","coordinates":[121.521268,25.10407]}},{"type":"Feature","properties":{"id":"osm:node:1823560106","name":"7-Eleven","category":"convenience","brand":"7-Eleven","opening_hours":"Mo-Fr 07:00-19:00"},"geometry":{"type":"Point","coordinates":[121.523304,25.036898]}},{"type":"Feature","properties":{"id":"osm:node:1833121273","name":"7-Eleven","category":"convenience","brand":"7-Eleven"},"geometry":{"type":"Point","coordinates":[121.513032,25.123373]}},{"type":"Feature","properties":{"id":"osm:node:1837853348","name":"全家便利商店","category":"convenience","nameEn":"FamilyMart","brand":"全家便利商店","opening_hours":"24/7","address":"114003臺北市內湖區內湖路一段285巷19號","phone":"+886 2 7713 6530","wheelchair":"yes"},"geometry":{"type":"Point","coordinates":[121.566985,25.082857]}},{"type":"Feature","properties":{"id":"osm:node:1837853349","name":"7-Eleven","category":"convenience","brand":"7-Eleven"},"geometry":{"type":"Point","coordinates":[121.567907,25.082303]}},{"type":"Feature","properties":{"id":"osm:node:1837854044","name":"7-Eleven","category":"convenience","brand":"7-Eleven"},"geometry":{"type":"Point","coordinates":[121.567148,25.08446]}},{"type":"Feature","properties":{"id":"osm:node:1837958060","name":"7-Eleven","category":"convenience","brand":"7-Eleven"},"geometry":{"type":"Point","coordinates":[121.571362,25.082531]}},{"type":"Feature","properties":{"id":"osm:node:1837958425","name":"全家便利商店","category":"convenience","nameEn":"FamilyMart","brand":"全家便利商店"},"geometry":{"type":"Point","coordinates":[121.573532,25.082142]}},{"type":"Feature","properties":{"id":"osm:node:1837961894","name":"全家便利商店","category":"convenience","nameEn":"FamilyMart","brand":"全家便利商店"},"geometry":{"type":"Point","coordinates":[121.567653,25.079447]}},{"type":"Feature","properties":{"id":"osm:node:1839327973","name":"7-Eleven","category":"convenience","brand":"7-Eleven"},"geometry":{"type":"Point","coordinates":[121.567376,25.086504]}},{"type":"Feature","properties":{"id":"osm:node:1839331330","name":"7-Eleven","category":"convenience","brand":"7-Eleven"},"geometry":{"type":"Point","coordinates":[121.568061,25.080906]}},{"type":"Feature","properties":{"id":"osm:node:1843810189","name":"7-Eleven","category":"convenience","brand":"7-Eleven","wheelchair":"yes"},"geometry":{"type":"Point","coordinates":[121.51637,25.116838]}},{"type":"Feature","properties":{"id":"osm:node:1843810192","name":"7-Eleven","category":"convenience","brand":"7-Eleven"},"geometry":{"type":"Point","coordinates":[121.517973,25.116373]}},{"type":"Feature","properties":{"id":"osm:node:1846451523","name":"7-Eleven","category":"convenience","brand":"7-Eleven","address":"114台北市內湖區陽光街383號"},"geometry":{"type":"Point","coordinates":[121.57627,25.072756]}},{"type":"Feature","properties":{"id":"osm:node:1855845829","name":"7-Eleven","category":"convenience","brand":"7-Eleven","opening_hours":"24/7"},"geometry":{"type":"Point","coordinates":[121.483753,25.186549]}},{"type":"Feature","properties":{"id":"osm:node:1912989459","name":"7-Eleven","category":"convenience","brand":"7-Eleven"},"geometry":{"type":"Point","coordinates":[121.507697,24.984638]}},{"type":"Feature","properties":{"id":"osm:node:1912990231","name":"7-Eleven","category":"convenience","brand":"7-Eleven","opening_hours":"Mo-Su,PH 00:00-24:00"},"geometry":{"type":"Point","coordinates":[121.507408,24.982441]}},{"type":"Feature","properties":{"id":"osm:node:1912990323","name":"全家便利商店","category":"convenience","brand":"全家便利商店","wheelchair":"yes"},"geometry":{"type":"Point","coordinates":[121.506592,24.982027]}},{"type":"Feature","properties":{"id":"osm:node:1912990749","name":"7-Eleven","category":"convenience","brand":"7-Eleven"},"geometry":{"type":"Point","coordinates":[121.505483,24.984418]}},{"type":"Feature","properties":{"id":"osm:node:1912994535","name":"全家便利商店","category":"convenience","nameEn":"FamilyMart","brand":"全家便利商店"},"geometry":{"type":"Point","coordinates":[121.506824,24.985323]}},{"type":"Feature","properties":{"id":"osm:node:1917398943","name":"7-Eleven","category":"convenience","brand":"7-Eleven"},"geometry":{"type":"Point","coordinates":[121.453841,24.995227]}},{"type":"Feature","properties":{"id":"osm:node:1937205552","name":"7-Eleven","category":"convenience","brand":"7-Eleven","address":"104台北市中山區大直街47號"},"geometry":{"type":"Point","coordinates":[121.546458,25.082829]}},{"type":"Feature","properties":{"id":"osm:node:1943860899","name":"7-Eleven","category":"convenience","brand":"7-Eleven"},"geometry":{"type":"Point","coordinates":[121.546055,25.083726]}},{"type":"Feature","properties":{"id":"osm:node:1947370956","name":"全家便利商店","category":"convenience","nameEn":"FamilyMart","brand":"全家便利商店","opening_hours":"24/7","address":"106臺北市大安區建倫里6鄰安和路一段49巷10號","phone":"02 2775 5484","website":"https://www.family.com.tw"},"geometry":{"type":"Point","coordinates":[121.551699,25.038382]}},{"type":"Feature","properties":{"id":"osm:node:1973476985","name":"7-Eleven","category":"convenience","brand":"7-Eleven","opening_hours":"24/7","address":"10053臺北市中正區忠孝東路二段130-2、130-3號","phone":"+886 2 2357 9051","website":"https://www.7-11.com.tw/"},"geometry":{"type":"Point","coordinates":[121.531805,25.042169]}},{"type":"Feature","properties":{"id":"osm:node:1983147356","name":"全家便利商店","category":"convenience","nameEn":"FamilyMart","brand":"全家便利商店"},"geometry":{"type":"Point","coordinates":[121.543179,24.975154]}},{"type":"Feature","properties":{"id":"osm:node:1994678176","name":"7-Eleven","category":"convenience","brand":"7-Eleven"},"geometry":{"type":"Point","coordinates":[121.592838,25.068209]}},{"type":"Feature","properties":{"id":"osm:node:1994678593","name":"7-Eleven","category":"convenience","brand":"7-Eleven"},"geometry":{"type":"Point","coordinates":[121.466232,24.994572]}},{"type":"Feature","properties":{"id":"osm:node:1994679275","name":"7-Eleven","category":"convenience","brand":"7-Eleven"},"geometry":{"type":"Point","coordinates":[121.464996,24.995766]}},{"type":"Feature","properties":{"id":"osm:node:1994809482","name":"全家便利商店","category":"convenience","nameEn":"FamilyMart","cuisine":"coffee_shop","brand":"全家便利商店","opening_hours":"24/7","wheelchair":"limited"},"geometry":{"type":"Point","coordinates":[121.467448,25.00913]}},{"type":"Feature","properties":{"id":"osm:node:1995088869","name":"7-Eleven","category":"convenience","brand":"7-Eleven","address":"114台北市內湖區洲子街46號"},"geometry":{"type":"Point","coordinates":[121.573348,25.079006]}},{"type":"Feature","properties":{"id":"osm:node:1995088873","name":"7-Eleven","category":"convenience","brand":"7-Eleven","wheelchair":"yes"},"geometry":{"type":"Point","coordinates":[121.575966,25.080012]}},{"type":"Feature","properties":{"id":"osm:node:1996967327","name":"7-Eleven","category":"convenience","brand":"7-Eleven"},"geometry":{"type":"Point","coordinates":[121.552902,25.118896]}},{"type":"Feature","properties":{"id":"osm:node:1998203553","name":"7-Eleven","category":"convenience","brand":"7-Eleven"},"geometry":{"type":"Point","coordinates":[121.590376,25.066149]}},{"type":"Feature","properties":{"id":"osm:node:1999517725","name":"7-Eleven","category":"convenience","brand":"7-Eleven"},"geometry":{"type":"Point","coordinates":[121.551608,25.03005]}},{"type":"Feature","properties":{"id":"osm:node:1999517726","name":"7-Eleven","category":"convenience","brand":"7-Eleven"},"geometry":{"type":"Point","coordinates":[121.549628,25.031061]}},{"type":"Feature","properties":{"id":"osm:node:2002170953","name":"全家便利商店","category":"convenience","nameEn":"FamilyMart","brand":"全家便利商店"},"geometry":{"type":"Point","coordinates":[121.591664,25.068342]}},{"type":"Feature","properties":{"id":"osm:node:2003857653","name":"萊爾富","category":"convenience","nameEn":"Hi-Life","brand":"萊爾富"},"geometry":{"type":"Point","coordinates":[121.592752,25.070238]}},{"type":"Feature","properties":{"id":"osm:node:2023229622","name":"全家便利商店","category":"convenience","nameEn":"FamilyMart","brand":"全家便利商店"},"geometry":{"type":"Point","coordinates":[121.544754,25.015779]}},{"type":"Feature","properties":{"id":"osm:node:2026200468","name":"7-Eleven","category":"convenience","brand":"7-Eleven","opening_hours":"24/7"},"geometry":{"type":"Point","coordinates":[121.544737,25.017165]}},{"type":"Feature","properties":{"id":"osm:node:2034387634","name":"全家便利商店","category":"convenience","nameEn":"FamilyMart","brand":"全家便利商店","wheelchair":"no"},"geometry":{"type":"Point","coordinates":[121.58438,25.078372]}},{"type":"Feature","properties":{"id":"osm:node:2034846819","name":"7-Eleven","category":"convenience","brand":"7-Eleven","address":"台北市中正區紹興北街3號","wheelchair":"limited"},"geometry":{"type":"Point","coordinates":[121.525332,25.044758]}},{"type":"Feature","properties":{"id":"osm:node:2070019091","name":"全家便利商店","category":"convenience","nameEn":"FamilyMart","brand":"全家便利商店"},"geometry":{"type":"Point","coordinates":[121.522882,25.007184]}},{"type":"Feature","properties":{"id":"osm:node:2071542998","name":"7-Eleven","category":"convenience","brand":"7-Eleven","opening_hours":"24/7","phone":"+886 2 2304 1593","website":"https://www.7-11.com.tw/","wheelchair":"limited"},"geometry":{"type":"Point","coordinates":[121.500717,25.031347]}},{"type":"Feature","properties":{"id":"osm:node:2073029315","name":"7-Eleven","category":"convenience","brand":"7-Eleven","address":"110臺北市信義區吳興街346號"},"geometry":{"type":"Point","coordinates":[121.566351,25.025811]}},{"type":"Feature","properties":{"id":"osm:node:2077766688","name":"OK超商","category":"convenience","nameEn":"OK mart","brand":"OK超商","opening_hours":"24/7","address":"臺北市內湖區康寧路三段296巷35號"},"geometry":{"type":"Point","coordinates":[121.606473,25.071941]}},{"type":"Feature","properties":{"id":"osm:node:2080967567","name":"全家便利商店","category":"convenience","nameEn":"FamilyMart","brand":"全家便利商店","address":"臺北市松山區民生東路三段130巷5弄22號","phone":"+886 2 25471001","wheelchair":"yes"},"geometry":{"type":"Point","coordinates":[121.547123,25.056909]}},{"type":"Feature","properties":{"id":"osm:node:2081255030","name":"全家便利商店","category":"convenience","nameEn":"FamilyMart","brand":"全家便利商店","address":"231新北市新店區光明街136號"},"geometry":{"type":"Point","coordinates":[121.539291,24.961281]}},{"type":"Feature","properties":{"id":"osm:node:2081255088","name":"7-Eleven","category":"convenience","brand":"7-Eleven","address":"231新北市新店區光明街140號"},"geometry":{"type":"Point","coordinates":[121.539322,24.961395]}},{"type":"Feature","properties":{"id":"osm:node:2086896950","name":"萊爾富","category":"convenience","nameEn":"Hi-Life","brand":"萊爾富","opening_hours":"24/7","address":"11561台北市南港區忠孝東路七段639號","wheelchair":"limited"},"geometry":{"type":"Point","coordinates":[121.616162,25.053338]}},{"type":"Feature","properties":{"id":"osm:node:2090614023","name":"7-Eleven","category":"convenience","brand":"7-Eleven"},"geometry":{"type":"Point","coordinates":[121.541442,24.971945]}},{"type":"Feature","properties":{"id":"osm:node:2093297764","name":"萊爾富","category":"convenience","nameEn":"Hi-Life","brand":"萊爾富","address":"116台北市文山區指南路二段32號"},"geometry":{"type":"Point","coordinates":[121.574778,24.987789]}},{"type":"Feature","properties":{"id":"osm:node:2096026232","name":"7-Eleven","category":"convenience","brand":"7-Eleven","address":"106臺北市大安區和平東路三段230號","wheelchair":"limited"},"geometry":{"type":"Point","coordinates":[121.554641,25.022125]}},{"type":"Feature","properties":{"id":"osm:node:2096026722","name":"萊爾富","category":"convenience","nameEn":"Hi-Life","brand":"萊爾富","address":"106台北市大安區安居街15號","phone":"+886 2 89786747","wheelchair":"no"},"geometry":{"type":"Point","coordinates":[121.554953,25.02089]}},{"type":"Feature","properties":{"id":"osm:node:2111807685","name":"7-Eleven","category":"convenience","brand":"7-Eleven","opening_hours":"24/7","address":"新北市五股區成泰路三段577巷24號"},"geometry":{"type":"Point","coordinates":[121.451507,25.102952]}},{"type":"Feature","properties":{"id":"osm:node:2111807703","name":"全家便利商店","category":"convenience","nameEn":"FamilyMart","brand":"全家便利商店","opening_hours":"24/7","address":"新北市五股區凌雲路一段81號"},"geometry":{"type":"Point","coordinates":[121.45082,25.101224]}},{"type":"Feature","properties":{"id":"osm:node:2122373456","name":"全家便利商店","category":"convenience","nameEn":"FamilyMart","brand":"全家便利商店","address":"106308臺北市大安區和平東路一段162號","phone":"+886 2 2368 2773;+886 2 7746 2157","website":"https://www.family.com.tw/","wheelchair":"limited"},"geometry":{"type":"Point","coordinates":[121.528272,25.026129]}},{"type":"Feature","properties":{"id":"osm:node:2124843027","name":"7-Eleven","category":"convenience","brand":"7-Eleven","opening_hours":"24/7","address":"104臺北市大同區民生西路95;97號一樓","phone":"+886-2-2557-0749","website":"https://www.7-11.com.tw/","wheelchair":"yes"},"geometry":{"type":"Point","coordinates":[121.519247,25.057621]}},{"type":"Feature","properties":{"id":"osm:node:2124843029","name":"7-Eleven","category":"convenience","brand":"7-Eleven"},"geometry":{"type":"Point","coordinates":[121.515195,25.058477]}},{"type":"Feature","properties":{"id":"osm:node:2124843030","name":"全家便利商店","category":"convenience","nameEn":"FamilyMart","brand":"全家便利商店"},"geometry":{"type":"Point","coordinates":[121.526009,25.059135]}},{"type":"Feature","properties":{"id":"osm:node:2124843033","name":"全家便利商店","category":"convenience","nameEn":"FamilyMart","brand":"全家便利商店","opening_hours":"24/7","wheelchair":"no"},"geometry":{"type":"Point","coordinates":[121.521797,25.060246]}},{"type":"Feature","properties":{"id":"osm:node:2124843036","name":"萊爾富","category":"convenience","nameEn":"Hi-Life","brand":"萊爾富","opening_hours":"24/7","address":"10448臺北市中山區民生西路2號","phone":"+886-2-2531-9601","website":"http://www.hilife.com.tw/"},"geometry":{"type":"Point","coordinates":[121.522451,25.057716]}},{"type":"Feature","properties":{"id":"osm:node:2124843038","name":"7-Eleven","category":"convenience","brand":"7-Eleven","wheelchair":"yes"},"geometry":{"type":"Point","coordinates":[121.517619,25.05711]}},{"type":"Feature","properties":{"id":"osm:node:2124843040","name":"全家便利商店","category":"convenience","nameEn":"FamilyMart","brand":"全家便利商店","opening_hours":"24/7","address":"10448臺北市中山區民生西路62號一樓"},"geometry":{"type":"Point","coordinates":[121.52087,25.057545]}},{"type":"Feature","properties":{"id":"osm:node:2124843042","name":"7-Eleven","category":"convenience","brand":"7-Eleven"},"geometry":{"type":"Point","coordinates":[121.525075,25.06042]}},{"type":"Feature","properties":{"id":"osm:node:2124843050","name":"全家便利商店","category":"convenience","nameEn":"FamilyMart","brand":"全家便利商店","opening_hours":"24/7","address":"10446臺北市中山區民生東路一段36號","phone":"+886 2 2541 3026","website":"https://www.family.com.tw/"},"geometry":{"type":"Point","coordinates":[121.524323,25.057932]}},{"type":"Feature","properties":{"id":"osm:node:2124843060","name":"萊爾富","category":"convenience","nameEn":"Hi-Life","brand":"萊爾富"},"geometry":{"type":"Point","coordinates":[121.525276,25.054435]}},{"type":"Feature","properties":{"id":"osm:node:2124843063","name":"萊爾富","category":"convenience","nameEn":"Hi-Life","brand":"萊爾富","opening_hours":"24/7","address":"10448臺北市中山區民生西路3巷2號一樓","phone":"+886-2-2511-8262","website":"http://www.hilife.com.tw/"},"geometry":{"type":"Point","coordinates":[121.521718,25.058073]}},{"type":"Feature","properties":{"id":"osm:node:2124843065","name":"全家便利商店","category":"convenience","nameEn":"FamilyMart","brand":"全家便利商店"},"geometry":{"type":"Point","coordinates":[121.525062,25.058623]}},{"type":"Feature","properties":{"id":"osm:node:2124843066","name":"7-Eleven","category":"convenience","brand":"7-Eleven"},"geometry":{"type":"Point","coordinates":[121.525352,25.058464]}},{"type":"Feature","properties":{"id":"osm:node:2124843067","name":"7-Eleven","category":"convenience","brand":"7-Eleven"},"geometry":{"type":"Point","coordinates":[121.525708,25.059538]}},{"type":"Feature","properties":{"id":"osm:node:2124843075","name":"7-Eleven","category":"convenience","brand":"7-Eleven","address":"台北市中山區錦西街16號1樓","phone":"+886-2-25311037"},"geometry":{"type":"Point","coordinates":[121.52122,25.060269]}},{"type":"Feature","properties":{"id":"osm:node:2126461117","name":"7-Eleven","category":"convenience","brand":"7-Eleven","wheelchair":"yes"},"geometry":{"type":"Point","coordinates":[121.58841,25.046461]}},{"type":"Feature","properties":{"id":"osm:node:2127267827","name":"7-Eleven","category":"convenience","brand":"7-Eleven"},"geometry":{"type":"Point","coordinates":[121.559469,25.049566]}},{"type":"Feature","properties":{"id":"osm:node:2128931496","name":"全家便利商店","category":"convenience","nameEn":"FamilyMart","brand":"全家便利商店","opening_hours":"24/7","address":"10666臺北市大安區復興南路一段217號","phone":"+886-2-7709-6546;+886-2-8773-2350","website":"https://www.family.com.tw/"},"geometry":{"type":"Point","coordinates":[121.543925,25.039102]}},{"type":"Feature","properties":{"id":"osm:node:2128931497","name":"7-Eleven","category":"convenience","brand":"7-Eleven","address":"106臺北市大安區忠孝東路三段160號"},"geometry":{"type":"Point","coordinates":[121.538593,25.041458]}},{"type":"Feature","properties":{"id":"osm:node:2128931499","name":"7-Eleven","category":"convenience","brand":"7-Eleven"},"geometry":{"type":"Point","coordinates":[121.541565,25.042117]}},{"type":"Feature","properties":{"id":"osm:node:2128934126","name":"7-Eleven","category":"convenience","brand":"7-Eleven"},"geometry":{"type":"Point","coordinates":[121.581117,24.998201]}},{"type":"Feature","properties":{"id":"osm:node:2134041104","name":"全家便利商店","category":"convenience","nameEn":"FamilyMart","brand":"全家便利商店","opening_hours":"24/7","address":"104臺北市中山區長春路50號一樓"},"geometry":{"type":"Point","coordinates":[121.525811,25.054799]}},{"type":"Feature","properties":{"id":"osm:node:2134041105","name":"7-Eleven","category":"convenience","brand":"7-Eleven"},"geometry":{"type":"Point","coordinates":[121.522415,25.054575]}},{"type":"Feature","properties":{"id":"osm:node:2134041108","name":"7-Eleven","category":"convenience","brand":"7-Eleven"},"geometry":{"type":"Point","coordinates":[121.523697,25.055063]}},{"type":"Feature","properties":{"id":"osm:node:2136854025","name":"7-Eleven","category":"convenience","brand":"7-Eleven","opening_hours":"24/7","address":"10486臺北市中山區松江路101號","phone":"+886-2-2517-9248","website":"https://www.7-11.com.tw/"},"geometry":{"type":"Point","coordinates":[121.5332,25.051142]}},{"type":"Feature","properties":{"id":"osm:node:2137219954","name":"全家便利商店","category":"convenience","nameEn":"FamilyMart","brand":"全家便利商店","opening_hours":"24/7","website":"https://www.family.com.tw/"},"geometry":{"type":"Point","coordinates":[121.525422,25.05145]}},{"type":"Feature","properties":{"id":"osm:node:2140224028","name":"7-Eleven","category":"convenience","brand":"7-Eleven"},"geometry":{"type":"Point","coordinates":[121.467025,24.989747]}},{"type":"Feature","properties":{"id":"osm:node:2140224034","name":"全家便利商店","category":"convenience","nameEn":"FamilyMart","brand":"全家便利商店"},"geometry":{"type":"Point","coordinates":[121.467858,24.990332]}},{"type":"Feature","properties":{"id":"osm:node:2140224036","name":"全家便利商店","category":"convenience","nameEn":"FamilyMart","brand":"全家便利商店"},"geometry":{"type":"Point","coordinates":[121.469509,24.990165]}},{"type":"Feature","properties":{"id":"osm:node:2140224047","name":"萊爾富","category":"convenience","nameEn":"Hi-Life","brand":"萊爾富","opening_hours":"24/7","address":"236新北市土城區延和路66;68號一樓","phone":"+886 080 081 8001"},"geometry":{"type":"Point","coordinates":[121.465912,24.989124]}},{"type":"Feature","properties":{"id":"osm:node:2140224067","name":"7-Eleven","category":"convenience","brand":"7-Eleven"},"geometry":{"type":"Point","coordinates":[121.471682,24.989995]}},{"type":"Feature","properties":{"id":"osm:node:2140224080","name":"7-Eleven","category":"convenience","brand":"7-Eleven"},"geometry":{"type":"Point","coordinates":[121.469616,24.990102]}},{"type":"Feature","properties":{"id":"osm:node:2141316954","name":"全家便利商店","category":"convenience","nameEn":"FamilyMart","brand":"全家便利商店","address":"104台北市中山區建國北路一段146號"},"geometry":{"type":"Point","coordinates":[121.536274,25.05122]}},{"type":"Feature","properties":{"id":"osm:node:2142306956","name":"全家便利商店","category":"convenience","nameEn":"FamilyMart","brand":"全家便利商店","opening_hours":"24/7","address":"10351臺北市大同區長安西路54號","phone":"+886 2 2550 9755;+886 2 7709 5838","website":"https://www.family.com.tw/","wheelchair":"yes"},"geometry":{"type":"Point","coordinates":[121.5199,25.050096]}},{"type":"Feature","properties":{"id":"osm:node:2143411209","name":"7-Eleven","category":"convenience","brand":"7-Eleven","opening_hours":"24/7","address":"11246臺北市北投區光明路122號","phone":"+886-2-2897-1043","website":"https://www.7-11.com.tw/"},"geometry":{"type":"Point","coordinates":[121.501804,25.133234]}},{"type":"Feature","properties":{"id":"osm:node:2144167933","name":"雲鈺便利商店","category":"convenience","address":"104臺北市中山區華陰街26號"},"geometry":{"type":"Point","coordinates":[121.519708,25.049181]}},{"type":"Feature","properties":{"id":"osm:node:2144300104","name":"7-Eleven","category":"convenience","brand":"7-Eleven","opening_hours":"24/7","address":"104台北市中山區松江路295;295-1號一樓","phone":"+886 2 25170793","website":"https://www.7-11.com.tw/","wheelchair":"no"},"geometry":{"type":"Point","coordinates":[121.533423,25.06099]}},{"type":"Feature","properties":{"id":"osm:node:2145324501","name":"7-Eleven","category":"convenience","brand":"7-Eleven","opening_hours":"24/7","address":"10486臺北市中山區伊通街30號1樓","phone":"+886-2-2509-2665","website":"https://www.7-11.com.tw/"},"geometry":{"type":"Point","coordinates":[121.53466,25.050851]}},{"type":"Feature","properties":{"id":"osm:node:2146145709","name":"7-Eleven","category":"convenience","brand":"7-Eleven","opening_hours":"PH,Mo-Su 00:00-24:00"},"geometry":{"type":"Point","coordinates":[121.543063,25.051654]}},{"type":"Feature","properties":{"id":"osm:node:2147393715","name":"7-Eleven","category":"convenience","brand":"7-Eleven"},"geometry":{"type":"Point","coordinates":[121.533463,25.063757]}},{"type":"Feature","properties":{"id":"osm:node:2147398360","name":"蝦皮店到店","category":"convenience","nameEn":"SPX Express","brand":"蝦皮店到店","opening_hours":"Mo-Su 10:30-10:00","address":"104臺北市中山區吉林路390號"},"geometry":{"type":"Point","coordinates":[121.53026,25.065154]}},{"type":"Feature","properties":{"id":"osm:node:2147641337","name":"全家便利商店","category":"convenience","nameEn":"FamilyMart","brand":"全家便利商店","address":"10491台北市中山區德惠街173號"},"geometry":{"type":"Point","coordinates":[121.53195,25.066636]}},{"type":"Feature","properties":{"id":"osm:node:2147641339","name":"萊爾富","category":"convenience","nameEn":"Hi-Life","brand":"萊爾富"},"geometry":{"type":"Point","coordinates":[121.531676,25.066646]}},{"type":"Feature","properties":{"id":"osm:node:2149941317","name":"萊爾富","category":"convenience","nameEn":"Hi-Life","brand":"萊爾富","opening_hours":"24/7","address":"251新北市淡水區水源街二段194號1;B1","phone":"+886 2 26293141","website":"https://www.hilife.com.tw/"},"geometry":{"type":"Point","coordinates":[121.457147,25.175908]}},{"type":"Feature","properties":{"id":"osm:node:2157234074","name":"7-Eleven","category":"convenience","brand":"7-Eleven","address":"104台北市中山區長春路135-1;135號"},"geometry":{"type":"Point","coordinates":[121.531374,25.054961]}},{"type":"Feature","properties":{"id":"osm:node:2157329676","name":"萊爾富","category":"convenience","nameEn":"Hi-Life","brand":"萊爾富"},"geometry":{"type":"Point","coordinates":[121.532903,25.056669]}},{"type":"Feature","properties":{"id":"osm:node:2158899253","name":"7-Eleven","category":"convenience","brand":"7-Eleven"},"geometry":{"type":"Point","coordinates":[121.537365,25.059901]}},{"type":"Feature","properties":{"id":"osm:node:2158990922","name":"7-Eleven","category":"convenience","brand":"7-Eleven"},"geometry":{"type":"Point","coordinates":[121.537258,25.053749]}},{"type":"Feature","properties":{"id":"osm:node:2162387144","name":"全家便利商店","category":"convenience","nameEn":"FamilyMart","brand":"全家便利商店","opening_hours":"24/7","address":"11678臺北市文山區羅斯福路五段218巷38弄2號","phone":"+886 2 8663 6168;+886 2 7723 0431","website":"https://www.family.com.tw/","wheelchair":"no"},"geometry":{"type":"Point","coordinates":[121.536935,25.002143]}},{"type":"Feature","properties":{"id":"osm:node:2162387238","name":"7-Eleven","category":"convenience","brand":"7-Eleven","opening_hours":"24/7","address":"11676臺北市文山區羅斯福路五段170巷33、35號","phone":"+886 2 2930 7076","website":"https://www.7-11.com.tw/","wheelchair":"yes"},"geometry":{"type":"Point","coordinates":[121.536641,25.004592]}},{"type":"Feature","properties":{"id":"osm:node:2168537985","name":"7-Eleven","category":"convenience","brand":"7-Eleven","opening_hours":"Mo-Su 06:00-24:00","address":"10050臺北市中正區林森南路12號","phone":"+886-2-2327-8931","website":"https://www.7-11.com.tw/"},"geometry":{"type":"Point","coordinates":[121.522552,25.042566]}},{"type":"Feature","properties":{"id":"osm:node:2170237900","name":"7-Eleven","category":"convenience","brand":"7-Eleven"},"geometry":{"type":"Point","coordinates":[121.590052,25.085988]}},{"type":"Feature","properties":{"id":"osm:node:2170792942","name":"全家便利商店","category":"convenience","nameEn":"FamilyMart","brand":"全家便利商店"},"geometry":{"type":"Point","coordinates":[121.54776,25.060581]}},{"type":"Feature","properties":{"id":"osm:node:2170903955","name":"全家便利商店","category":"convenience","nameEn":"FamilyMart","brand":"全家便利商店"},"geometry":{"type":"Point","coordinates":[121.579088,25.080392]}},{"type":"Feature","properties":{"id":"osm:node:2170909174","name":"全家便利商店","category":"convenience","nameEn":"FamilyMart","brand":"全家便利商店"},"geometry":{"type":"Point","coordinates":[121.578098,25.082125]}},{"type":"Feature","properties":{"id":"osm:node:2170957757","name":"OK超商","category":"convenience","nameEn":"OK mart","brand":"OK超商"},"geometry":{"type":"Point","coordinates":[121.577676,25.080739]}},{"type":"Feature","properties":{"id":"osm:node:2170986915","name":"7-Eleven","category":"convenience","brand":"7-Eleven"},"geometry":{"type":"Point","coordinates":[121.587004,25.088348]}},{"type":"Feature","properties":{"id":"osm:node:2172532313","name":"7-Eleven","category":"convenience","brand":"7-Eleven"},"geometry":{"type":"Point","coordinates":[121.589714,25.081951]}},{"type":"Feature","properties":{"id":"osm:node:2172837695","name":"7-Eleven","category":"convenience","brand":"7-Eleven"},"geometry":{"type":"Point","coordinates":[121.546307,25.059012]}},{"type":"Feature","properties":{"id":"osm:node:2173318230","name":"萊爾富","category":"convenience","nameEn":"Hi-Life","brand":"萊爾富","wheelchair":"limited"},"geometry":{"type":"Point","coordinates":[121.577726,25.073024]}},{"type":"Feature","properties":{"id":"osm:node:2175739167","name":"全家便利商店","category":"convenience","nameEn":"FamilyMart","brand":"全家便利商店","opening_hours":"24/7","address":"新北市新店區安德街120巷6號"},"geometry":{"type":"Point","coordinates":[121.509041,24.960723]}},{"type":"Feature","properties":{"id":"osm:node:2175739212","name":"7-Eleven","category":"convenience","brand":"7-Eleven"},"geometry":{"type":"Point","coordinates":[121.509753,24.961062]}},{"type":"Feature","properties":{"id":"osm:node:2175739238","name":"7-Eleven","category":"convenience","brand":"7-Eleven","opening_hours":"24/7","address":"新北市新店區安忠路20號"},"geometry":{"type":"Point","coordinates":[121.514487,24.962124]}},{"type":"Feature","properties":{"id":"osm:node:2176299365","name":"全家便利商店","category":"convenience","nameEn":"FamilyMart","brand":"全家便利商店"},"geometry":{"type":"Point","coordinates":[121.580877,25.083896]}},{"type":"Feature","properties":{"id":"osm:node:2177104713","name":"7-Eleven","category":"convenience","brand":"7-Eleven"},"geometry":{"type":"Point","coordinates":[121.592057,25.082333]}},{"type":"Feature","properties":{"id":"osm:node:2177250579","name":"全家便利商店","category":"convenience","nameEn":"FamilyMart","brand":"全家便利商店","opening_hours":"24/7","address":"11684臺北市文山區景中街5號","phone":"+886 2 2933 4768;+886 2 7709 5385","website":"https://www.family.com.tw","wheelchair":"yes"},"geometry":{"type":"Point","coordinates":[121.541755,24.993021]}},{"type":"Feature","properties":{"id":"osm:node:2177250623","name":"7-Eleven","category":"convenience","brand":"7-Eleven","opening_hours":"24/7","address":"11670臺北市文山區羅斯福路六段391號","phone":"+886 2 8663 8381","website":"https://www.7-11.com.tw/","wheelchair":"limited"},"geometry":{"type":"Point","coordinates":[121.540805,24.992273]}},{"type":"Feature","properties":{"id":"osm:node:2177296992","name":"全家便利商店","category":"convenience","nameEn":"FamilyMart","brand":"全家便利商店","opening_hours":"24/7","address":"新北市新店區安民街1號"},"geometry":{"type":"Point","coordinates":[121.515054,24.964133]}},{"type":"Feature","properties":{"id":"osm:node:2178474545","name":"7-Eleven","category":"convenience","brand":"7-Eleven"},"geometry":{"type":"Point","coordinates":[121.536248,25.044274]}},{"type":"Feature","properties":{"id":"osm:node:2178660019","name":"7-Eleven","category":"convenience","brand":"7-Eleven","opening_hours":"24/7","address":"100臺北市中正區臨沂街1號","phone":"+886 2 2351 7404","wheelchair":"no"},"geometry":{"type":"Point","coordinates":[121.530905,25.043517]}},{"type":"Feature","properties":{"id":"osm:node:2178660162","name":"7-Eleven","category":"convenience","brand":"7-Eleven","wheelchair":"limited"},"geometry":{"type":"Point","coordinates":[121.531265,25.040227]}},{"type":"Feature","properties":{"id":"osm:node:2178660163","name":"7-Eleven","category":"convenience","brand":"7-Eleven","opening_hours":"24/7","address":"10053臺北市中正區忠孝東路二段100號1樓","phone":"+886 2 2321 5793","website":"https://www.7-11.com.tw/","wheelchair":"yes"},"geometry":{"type":"Point","coordinates":[121.530447,25.042764]}},{"type":"Feature","properties":{"id":"osm:node:2179271487","name":"7-Eleven","category":"convenience","brand":"7-Eleven","opening_hours":"24/7","address":"11143臺北市士林區至善路二段264號","phone":"+886 2 2883 0232","website":"https://www.7-11.com.tw/"},"geometry":{"type":"Point","coordinates":[121.55091,25.100379]}},{"type":"Feature","properties":{"id":"osm:node:2179271533","name":"全家便利商店","category":"convenience","nameEn":"FamilyMart","brand":"全家便利商店","opening_hours":"24/7","address":"11143臺北市士林區至善路二段268號","phone":"+886 2 2841-4153","website":"https://www.family.com.tw/"},"geometry":{"type":"Point","coordinates":[121.551056,25.100503]}},{"type":"Feature","properties":{"id":"osm:node:2179272081","name":"全家便利商店","category":"convenience","nameEn":"FamilyMart","brand":"全家便利商店","opening_hours":"24/7","address":"11143臺北市士林區至善路二段34號","phone":"+886 2 2883-9581","website":"https://www.family.com.tw/","wheelchair":"yes"},"geometry":{"type":"Point","coordinates":[121.544017,25.096851]}},{"type":"Feature","properties":{"id":"osm:node:2179732703","name":"全家便利商店","category":"convenience","nameEn":"FamilyMart","brand":"全家便利商店"},"geometry":{"type":"Point","coordinates":[121.539707,25.065486]}},{"type":"Feature","properties":{"id":"osm:node:2179736872","name":"全家便利商店","category":"convenience","nameEn":"FamilyMart","brand":"全家便利商店"},"geometry":{"type":"Point","coordinates":[121.539611,25.066874]}},{"type":"Feature","properties":{"id":"osm:node:2179739398","name":"7-Eleven","category":"convenience","brand":"7-Eleven"},"geometry":{"type":"Point","coordinates":[121.540931,25.066875]}},{"type":"Feature","properties":{"id":"osm:node:2179744792","name":"全家便利商店","category":"convenience","nameEn":"FamilyMart","brand":"全家便利商店"},"geometry":{"type":"Point","coordinates":[121.540855,25.065866]}},{"type":"Feature","properties":{"id":"osm:node:2179826573","name":"全家便利商店","category":"convenience","nameEn":"FamilyMart","brand":"全家便利商店","opening_hours":"24/7","website":"https://www.family.com.tw/"},"geometry":{"type":"Point","coordinates":[121.540553,25.051434]}},{"type":"Feature","properties":{"id":"osm:node:2183243059","name":"全家便利商店","category":"convenience","nameEn":"FamilyMart","brand":"全家便利商店","opening_hours":"24/7","website":"https://www.family.com.tw/"},"geometry":{"type":"Point","coordinates":[121.530308,25.033013]}},{"type":"Feature","properties":{"id":"osm:node:2188231670","name":"7-Eleven","category":"convenience","brand":"7-Eleven","opening_hours":"24/7","address":"106台北市大安區和平東路二段118巷3號","website":"https://www.7-11.com.tw/","wheelchair":"no"},"geometry":{"type":"Point","coordinates":[121.542933,25.023555]}},{"type":"Feature","properties":{"id":"osm:node:2188305178","name":"全家便利商店","category":"convenience","nameEn":"FamilyMart","brand":"全家便利商店","opening_hours":"24/7","address":"10481臺北市中山區龍江路201號","phone":"+886-2-2501-2043","website":"https://www.family.com.tw/"},"geometry":{"type":"Point","coordinates":[121.54064,25.056233]}},{"type":"Feature","properties":{"id":"osm:node:2188363140","name":"7-Eleven","category":"convenience","brand":"7-Eleven","opening_hours":"24/7","address":"10478臺北市中山區民生東路三段31號","phone":"+886-2-2503-6845","website":"https://www.7-11.com.tw/"},"geometry":{"type":"Point","coordinates":[121.539055,25.05805]}},{"type":"Feature","properties":{"id":"osm:node:2188374142","name":"7-Eleven","category":"convenience","brand":"7-Eleven","opening_hours":"24/7","address":"10483臺北市中山區民生東路二段157號","phone":"+886-2-2516-4363","website":"https://www.7-11.com.tw/"},"geometry":{"type":"Point","coordinates":[121.535902,25.058076]}},{"type":"Feature","properties":{"id":"osm:node:2188389226","name":"7-Eleven","category":"convenience","brand":"7-Eleven","opening_hours":"24/7","address":"10467臺北市中山區松江路208號","phone":"+886-2-2541-2232","website":"https://www.7-11.com.tw/","wheelchair":"yes"},"geometry":{"type":"Point","coordinates":[121.532898,25.057677]}},{"type":"Feature","properties":{"id":"osm:node:2191945183","name":"全家便利商店","category":"convenience","nameEn":"FamilyMart","brand":"全家便利商店","opening_hours":"24/7","address":"106012臺北市大安區羅斯福路二段103號","phone":"+886 2 2367 3372;+886 2 7709 6558","website":"https://www.family.com.tw/","wheelchair":"limited"},"geometry":{"type":"Point","coordinates":[121.524502,25.02466]}},{"type":"Feature","properties":{"id":"osm:node:2192120999","name":"7-Eleven","category":"convenience","brand":"7-Eleven","opening_hours":"24/7","address":"100005臺北市中正區中華路一段41號1樓","phone":"+886 2 2361 3686","website":"https://www.7-11.com.tw/","wheelchair":"no"},"geometry":{"type":"Point","coordinates":[121.509547,25.045002]}},{"type":"Feature","properties":{"id":"osm:node:2193828907","name":"7-Eleven","category":"convenience","brand":"7-Eleven","address":"臺北市大安區羅斯福路三段29;31號","wheelchair":"no"},"geometry":{"type":"Point","coordinates":[121.525245,25.023698]}},{"type":"Feature","properties":{"id":"osm:node:2193852375","name":"全家便利商店","category":"convenience","nameEn":"FamilyMart","brand":"全家便利商店"},"geometry":{"type":"Point","coordinates":[121.546226,25.054315]}},{"type":"Feature","properties":{"id":"osm:node:2198983759","name":"7-Eleven","category":"convenience","brand":"7-Eleven"},"geometry":{"type":"Point","coordinates":[121.590542,25.078018]}},{"type":"Feature","properties":{"id":"osm:node:2201909995","name":"7-Eleven","category":"convenience","brand":"7-Eleven"},"geometry":{"type":"Point","coordinates":[121.503943,24.990815]}},{"type":"Feature","properties":{"id":"osm:node:2202760077","name":"7-Eleven","category":"convenience","brand":"7-Eleven","opening_hours":"24/7"},"geometry":{"type":"Point","coordinates":[121.585316,25.07495]}},{"type":"Feature","properties":{"id":"osm:node:2203268869","name":"7-Eleven","category":"convenience","brand":"7-Eleven"},"geometry":{"type":"Point","coordinates":[121.537215,24.961655]}},{"type":"Feature","properties":{"id":"osm:node:2218962072","name":"7-Eleven","category":"convenience","brand":"7-Eleven","opening_hours":"24/7","wheelchair":"yes"},"geometry":{"type":"Point","coordinates":[121.555652,25.023993]}},{"type":"Feature","properties":{"id":"osm:node:2222730041","name":"7-Eleven","category":"convenience","brand":"7-Eleven","address":"104臺北市中山區南京東路二段144號"},"geometry":{"type":"Point","coordinates":[121.533938,25.051792]}},{"type":"Feature","properties":{"id":"osm:node:2244030058","name":"7-Eleven","category":"convenience","brand":"7-Eleven","opening_hours":"24/7","address":"104台北市中山區南京東路三段86號","phone":"+886 2 25080172"},"geometry":{"type":"Point","coordinates":[121.539504,25.051722]}},{"type":"Feature","properties":{"id":"osm:node:2261642860","name":"全家便利商店","category":"convenience","nameEn":"FamilyMart","brand":"全家便利商店"},"geometry":{"type":"Point","coordinates":[121.454196,25.009311]}},{"type":"Feature","properties":{"id":"osm:node:2269706910","name":"萊爾富","category":"convenience","nameEn":"Hi-Life","brand":"萊爾富","opening_hours":"Mo-Su 08:00-22:00","address":"116臺北市文山區指南路三段38巷35號","phone":"+886 2 22346497","website":"https://www.hilife.com.tw/"},"geometry":{"type":"Point","coordinates":[121.588291,24.968714]}},{"type":"Feature","properties":{"id":"osm:node:2282744505","name":"萊爾富","category":"convenience","nameEn":"Hi-Life","brand":"萊爾富"},"geometry":{"type":"Point","coordinates":[121.556229,25.02965]}},{"type":"Feature","properties":{"id":"osm:node:2285210350","name":"7-Eleven","category":"convenience","brand":"7-Eleven"},"geometry":{"type":"Point","coordinates":[121.499302,24.99867]}},{"type":"Feature","properties":{"id":"osm:node:2285210351","name":"全家便利商店","category":"convenience","nameEn":"FamilyMart","brand":"全家便利商店"},"geometry":{"type":"Point","coordinates":[121.499026,24.998787]}},{"type":"Feature","properties":{"id":"osm:node:2285210353","name":"全家便利商店","category":"convenience","nameEn":"FamilyMart","brand":"全家便利商店"},"geometry":{"type":"Point","coordinates":[121.494089,24.997377]}},{"type":"Feature","properties":{"id":"osm:node:2287784952","name":"全家便利商店","category":"convenience","nameEn":"FamilyMart","brand":"全家便利商店","wheelchair":"limited"},"geometry":{"type":"Point","coordinates":[121.616912,25.051882]}},{"type":"Feature","properties":{"id":"osm:node:2292437229","name":"OK超商","category":"convenience","nameEn":"OK mart","brand":"OK超商"},"geometry":{"type":"Point","coordinates":[121.62988,25.063305]}},{"type":"Feature","properties":{"id":"osm:node:2292591823","name":"萊爾富","category":"convenience","nameEn":"Hi-Life","brand":"萊爾富"},"geometry":{"type":"Point","coordinates":[121.517243,24.975078]}},{"type":"Feature","properties":{"id":"osm:node:2292591843","name":"7-Eleven","category":"convenience","brand":"7-Eleven","opening_hours":"24/7","address":"新北市新店區安民街335;337號"},"geometry":{"type":"Point","coordinates":[121.517115,24.974845]}},{"type":"Feature","properties":{"id":"osm:node:2293203456","name":"7-Eleven","category":"convenience","brand":"7-Eleven","wheelchair":"limited"},"geometry":{"type":"Point","coordinates":[121.522842,25.066663]}},{"type":"Feature","properties":{"id":"osm:node:2293203457","name":"全家便利商店","category":"convenience","nameEn":"FamilyMart","brand":"全家便利商店"},"geometry":{"type":"Point","coordinates":[121.524948,25.066606]}},{"type":"Feature","properties":{"id":"osm:node:2293319070","name":"全家便利商店","category":"convenience","nameEn":"FamilyMart","brand":"全家便利商店"},"geometry":{"type":"Point","coordinates":[121.546263,25.078886]}},{"type":"Feature","properties":{"id":"osm:node:2293386944","name":"萊爾富","category":"convenience","nameEn":"Hi-Life","brand":"萊爾富"},"geometry":{"type":"Point","coordinates":[121.576086,25.056649]}},{"type":"Feature","properties":{"id":"osm:node:2293386990","name":"7-Eleven","category":"convenience","brand":"7-Eleven"},"geometry":{"type":"Point","coordinates":[121.576475,25.056826]}},{"type":"Feature","properties":{"id":"osm:node:2293387324","name":"7-Eleven","category":"convenience","brand":"7-Eleven"},"geometry":{"type":"Point","coordinates":[121.576244,25.056999]}},{"type":"Feature","properties":{"id":"osm:node:2300009547","name":"全家便利商店","category":"convenience","nameEn":"FamilyMart","brand":"全家便利商店","address":"116台北市文山區興隆路一段249號"},"geometry":{"type":"Point","coordinates":[121.544113,24.999565]}},{"type":"Feature","properties":{"id":"osm:node:2302317261","name":"7-Eleven","category":"convenience","brand":"7-Eleven","address":"106臺北市大安區基隆路二段142之1;142之2號"},"geometry":{"type":"Point","coordinates":[121.5565,25.028183]}},{"type":"Feature","properties":{"id":"osm:node:2302317276","name":"7-Eleven","category":"convenience","brand":"7-Eleven"},"geometry":{"type":"Point","coordinates":[121.556798,25.028014]}},{"type":"Feature","properties":{"id":"osm:node:2302597373","name":"7-Eleven","category":"convenience","brand":"7-Eleven"},"geometry":{"type":"Point","coordinates":[121.596685,25.082215]}},{"type":"Feature","properties":{"id":"osm:node:2306318164","name":"7-Eleven","category":"convenience","brand":"7-Eleven","wheelchair":"yes"},"geometry":{"type":"Point","coordinates":[121.557328,24.999223]}},{"type":"Feature","properties":{"id":"osm:node:2307722945","name":"7-Eleven","category":"convenience","brand":"7-Eleven","address":"116台北市文山區永安街22巷23號25號1樓"},"geometry":{"type":"Point","coordinates":[121.568908,24.986673]}},{"type":"Feature","properties":{"id":"osm:node:2308078419","name":"萊爾富","category":"convenience","nameEn":"Hi-Life","brand":"萊爾富"},"geometry":{"type":"Point","coordinates":[121.592885,25.084807]}},{"type":"Feature","properties":{"id":"osm:node:2310523694","name":"7-Eleven","category":"convenience","brand":"7-Eleven","opening_hours":"24/7","address":"116015臺北市文山區和平東路四段383號","phone":"+886 2 8230 0074","wheelchair":"no"},"geometry":{"type":"Point","coordinates":[121.574203,24.999271]}},{"type":"Feature","properties":{"id":"osm:node:2310523707","name":"7-Eleven","category":"convenience","brand":"7-Eleven"},"geometry":{"type":"Point","coordinates":[121.567334,25.002134]}},{"type":"Feature","properties":{"id":"osm:node:2310535510","name":"7-Eleven","category":"convenience","brand":"7-Eleven","address":"108台北市萬華區漢中街51號","wheelchair":"yes"},"geometry":{"type":"Point","coordinates":[121.507464,25.044046]}},{"type":"Feature","properties":{"id":"osm:node:2310547823","name":"7-Eleven","category":"convenience","brand":"7-Eleven","address":"108台北市萬華區武昌街二段57號","wheelchair":"yes"},"geometry":{"type":"Point","coordinates":[121.507144,25.044735]}},{"type":"Feature","properties":{"id":"osm:node:2310591224","name":"OK超商","category":"convenience","nameEn":"OK mart","brand":"OK超商","address":"106臺北市大安區金華街241之1號"},"geometry":{"type":"Point","coordinates":[121.53047,25.029856]}},{"type":"Feature","properties":{"id":"osm:node:2312395326","name":"7-Eleven","category":"convenience","brand":"7-Eleven","opening_hours":"24/7","address":"11681臺北市文山區羅斯福路五段249號1樓","website":"https://www.7-11.com.tw/","wheelchair":"yes"},"geometry":{"type":"Point","coordinates":[121.539703,25.001434]}},{"type":"Feature","properties":{"id":"osm:node:2313992201","name":"全家便利商店","category":"convenience","nameEn":"FamilyMart","brand":"全家便利商店"},"geometry":{"type":"Point","coordinates":[121.593656,25.082901]}},{"type":"Feature","properties":{"id":"osm:node:2316045626","name":"7-Eleven","category":"convenience","brand":"7-Eleven","address":"116台北市文山區指南路二段101號"},"geometry":{"type":"Point","coordinates":[121.575559,24.987752]}},{"type":"Feature","properties":{"id":"osm:node:2317171748","name":"萊爾富","category":"convenience","nameEn":"Hi-Life","brand":"萊爾富","opening_hours":"24/7"},"geometry":{"type":"Point","coordinates":[121.486286,25.055675]}},{"type":"Feature","properties":{"id":"osm:node:2317171760","name":"7-Eleven","category":"convenience","brand":"7-Eleven"},"geometry":{"type":"Point","coordinates":[121.484092,25.05869]}},{"type":"Feature","properties":{"id":"osm:node:2317171763","name":"全家便利商店","category":"convenience","nameEn":"FamilyMart","brand":"全家便利商店","opening_hours":"24/7","address":"新北市三重區三陽路13巷2號"},"geometry":{"type":"Point","coordinates":[121.485918,25.058891]}},{"type":"Feature","properties":{"id":"osm:node:2317183281","name":"萊爾富","category":"convenience","nameEn":"Hi-Life","brand":"萊爾富","opening_hours":"24/7"},"geometry":{"type":"Point","coordinates":[121.479645,25.007859]}},{"type":"Feature","properties":{"id":"osm:node:2317183284","name":"7-Eleven","category":"convenience","brand":"7-Eleven","opening_hours":"24/7"},"geometry":{"type":"Point","coordinates":[121.479612,25.008122]}},{"type":"Feature","properties":{"id":"osm:node:2318354642","name":"義美食品","category":"convenience","brand":"義美食品","wheelchair":"limited"},"geometry":{"type":"Point","coordinates":[121.508908,25.040188]}},{"type":"Feature","properties":{"id":"osm:node:2318354643","name":"全家便利商店","category":"convenience","nameEn":"FamilyMart","brand":"全家便利商店","address":"100臺北市中正區延平南路111號","phone":"+886-2-77095843;+886-2-23898700","wheelchair":"yes"},"geometry":{"type":"Point","coordinates":[121.509603,25.041745]}},{"type":"Feature","properties":{"id":"osm:node:2318354646","name":"7-Eleven","category":"convenience","brand":"7-Eleven","wheelchair":"yes"},"geometry":{"type":"Point","coordinates":[121.508876,25.040066]}},{"type":"Feature","properties":{"id":"osm:node:2320119234","name":"全家便利商店","category":"convenience","nameEn":"FamilyMart","brand":"全家便利商店","opening_hours":"24/7","address":"11246臺北市北投區光明路218-1號","phone":"+886-2-2894-1595;+886-2-7723-0372","website":"https://www.family.com.tw/","wheelchair":"yes"},"geometry":{"type":"Point","coordinates":[121.504197,25.1362]}},{"type":"Feature","properties":{"id":"osm:node:2320119264","name":"7-Eleven","category":"convenience","brand":"7-Eleven","opening_hours":"24/7","address":"11247臺北市北投區泉源路12-1號1樓","phone":"+886-2-2895-0720","website":"https://www.7-11.com.tw/"},"geometry":{"type":"Point","coordinates":[121.504263,25.137034]}},{"type":"Feature","properties":{"id":"osm:node:2326369629","name":"7-Eleven","category":"convenience","brand":"7-Eleven","opening_hours":"24/7","address":"10041臺北市中正區公園路13號","phone":"+886 2 2375 7275","website":"https://www.7-11.com.tw/"},"geometry":{"type":"Point","coordinates":[121.517393,25.045465]}},{"type":"Feature","properties":{"id":"osm:node:2328249356","name":"7-Eleven","category":"convenience","brand":"7-Eleven","opening_hours":"24/7","address":"100055臺北市中正區南海路50號","phone":"+886 2 2396 2768","website":"https://www.7-11.com.tw/","wheelchair":"yes"},"geometry":{"type":"Point","coordinates":[121.51534,25.032007]}},{"type":"Feature","properties":{"id":"osm:node:2336797432","name":"奇岩商店","category":"convenience","address":"112台北市北投區公館路249號"},"geometry":{"type":"Point","coordinates":[121.508212,25.126026]}},{"type":"Feature","properties":{"id":"osm:node:2336800890","name":"7-Eleven","category":"convenience","brand":"7-Eleven","address":"台北市北投區公館路259號"},"geometry":{"type":"Point","coordinates":[121.507917,25.126326]}},{"type":"Feature","properties":{"id":"osm:node:2341937524","name":"全家便利商店","category":"convenience","nameEn":"FamilyMart","brand":"全家便利商店","opening_hours":"24/7","address":"10091臺北市中正區汀州路三段251號","phone":"+886 2 2368 8539;+886 2 7709 5861","website":"https://www.family.com.tw/","wheelchair":"yes"},"geometry":{"type":"Point","coordinates":[121.53445,25.013645]}},{"type":"Feature","properties":{"id":"osm:node:2347623403","name":"7-Eleven","category":"convenience","brand":"7-Eleven","opening_hours":"24/7","address":"10049臺北市中正區紹興北街37號1樓","phone":"+886-2-23224595","website":"https://www.7-11.com.tw/"},"geometry":{"type":"Point","coordinates":[121.525474,25.045428]}},{"type":"Feature","properties":{"id":"osm:node:2347623462","name":"OK超商","category":"convenience","nameEn":"OK mart","brand":"OK超商","opening_hours":"24/7","address":"10049臺北市中正區紹興北街8-1號","phone":"+886-2-6617-0589","website":"http://www.okmart.com.tw/"},"geometry":{"type":"Point","coordinates":[121.525234,25.045315]}},{"type":"Feature","properties":{"id":"osm:node:2355618182","name":"7-Eleven","category":"convenience","brand":"7-Eleven"},"geometry":{"type":"Point","coordinates":[121.540824,24.965287]}},{"type":"Feature","properties":{"id":"osm:node:2355618205","name":"全家便利商店","category":"convenience","nameEn":"FamilyMart","brand":"全家便利商店"},"geometry":{"type":"Point","coordinates":[121.540959,24.967026]}},{"type":"Feature","properties":{"id":"osm:node:2357128247","name":"萊爾富","category":"convenience","nameEn":"Hi-Life","brand":"萊爾富","address":"116臺北市文山區興隆路三段58號"},"geometry":{"type":"Point","coordinates":[121.555995,25.000018]}},{"type":"Feature","properties":{"id":"osm:node:2365300862","name":"全家便利商店","category":"convenience","nameEn":"FamilyMart","brand":"全家便利商店","address":"臺北市松山區民生東路三段130巷5弄2號一樓","phone":"+886 2 27126702"},"geometry":{"type":"Point","coordinates":[121.546372,25.056923]}},{"type":"Feature","properties":{"id":"osm:node:2365300866","name":"7-Eleven","category":"convenience","brand":"7-Eleven","address":"臺北市松山區民生東路三段130巷2-1號","phone":"+886 2 27127923"},"geometry":{"type":"Point","coordinates":[121.546145,25.056968]}},{"type":"Feature","properties":{"id":"osm:node:2365905390","name":"7-Eleven","category":"convenience","brand":"7-Eleven"},"geometry":{"type":"Point","coordinates":[121.54428,25.054394]}},{"type":"Feature","properties":{"id":"osm:node:2376980931","name":"萊爾富","category":"convenience","nameEn":"Hi-Life","brand":"萊爾富","address":"臺北市"},"geometry":{"type":"Point","coordinates":[121.555893,25.042939]}},{"type":"Feature","properties":{"id":"osm:node:2376980933","name":"全家便利商店","category":"convenience","nameEn":"FamilyMart","brand":"全家便利商店"},"geometry":{"type":"Point","coordinates":[121.556414,25.042914]}},{"type":"Feature","properties":{"id":"osm:node:2377138792","name":"7-Eleven","category":"convenience","brand":"7-Eleven","opening_hours":"24/7","address":"台北市信義區忠孝東路四段559巷6號","wheelchair":"yes"},"geometry":{"type":"Point","coordinates":[121.563748,25.041799]}},{"type":"Feature","properties":{"id":"osm:node:2377138833","name":"7-Eleven","category":"convenience","brand":"7-Eleven","address":"臺北市"},"geometry":{"type":"Point","coordinates":[121.562479,25.040836]}},{"type":"Feature","properties":{"id":"osm:node:2378064403","name":"7-Eleven","category":"convenience","brand":"7-Eleven"},"geometry":{"type":"Point","coordinates":[121.53502,24.97523]}},{"type":"Feature","properties":{"id":"osm:node:2383980635","name":"7-Eleven","category":"convenience","brand":"7-Eleven","address":"106臺北市大安區師大路87號","wheelchair":"yes"},"geometry":{"type":"Point","coordinates":[121.528565,25.023189]}},{"type":"Feature","properties":{"id":"osm:node:2383980640","name":"全家便利商店","category":"convenience","nameEn":"FamilyMart","brand":"全家便利商店","address":"106臺北市大安區師大路79號","wheelchair":"limited"},"geometry":{"type":"Point","coordinates":[121.528557,25.023366]}},{"type":"Feature","properties":{"id":"osm:node:2386218386","name":"7-Eleven","category":"convenience","brand":"7-Eleven","opening_hours":"Mo-Su 00:00-24:00","address":"100臺北市中正區羅斯福路三段82號","wheelchair":"yes"},"geometry":{"type":"Point","coordinates":[121.526435,25.021891]}},{"type":"Feature","properties":{"id":"osm:node:2386693816","name":"7-Eleven","category":"convenience","brand":"7-Eleven","opening_hours":"24/7","address":"新北市淡水區自強路275號"},"geometry":{"type":"Point","coordinates":[121.462607,25.128173]}},{"type":"Feature","properties":{"id":"osm:node:2389854748","name":"全家便利商店","category":"convenience","nameEn":"FamilyMart","brand":"全家便利商店","opening_hours":"24/7","address":"新北市淡水區自強路82號","wheelchair":"no"},"geometry":{"type":"Point","coordinates":[121.462793,25.128174]}},{"type":"Feature","properties":{"id":"osm:node:2390501463","name":"全家便利商店","category":"convenience","nameEn":"FamilyMart","brand":"全家便利商店"},"geometry":{"type":"Point","coordinates":[121.532147,25.060385]}},{"type":"Feature","properties":{"id":"osm:node:2392237969","name":"全家便利商店","category":"convenience","nameEn":"FamilyMart","brand":"全家便利商店"},"geometry":{"type":"Point","coordinates":[121.535003,25.061118]}},{"type":"Feature","properties":{"id":"osm:node:2392237996","name":"7-Eleven","category":"convenience","brand":"7-Eleven"},"geometry":{"type":"Point","coordinates":[121.534969,25.060397]}},{"type":"Feature","properties":{"id":"osm:node:2392735277","name":"全家便利商店","category":"convenience","nameEn":"FamilyMart","brand":"全家便利商店"},"geometry":{"type":"Point","coordinates":[121.481144,25.000936]}},{"type":"Feature","properties":{"id":"osm:node:2393619136","name":"全家便利商店","category":"convenience","nameEn":"FamilyMart","brand":"全家便利商店","wheelchair":"limited"},"geometry":{"type":"Point","coordinates":[121.533984,25.064585]}},{"type":"Feature","properties":{"id":"osm:node:2394959861","name":"全家便利商店","category":"convenience","nameEn":"FamilyMart","brand":"全家便利商店"},"geometry":{"type":"Point","coordinates":[121.452167,25.036704]}},{"type":"Feature","properties":{"id":"osm:node:2395160568","name":"全家便利商店","category":"convenience","nameEn":"FamilyMart","brand":"全家便利商店"},"geometry":{"type":"Point","coordinates":[121.450019,25.035444]}},{"type":"Feature","properties":{"id":"osm:node:2395698403","name":"全家便利商店","category":"convenience","nameEn":"FamilyMart","brand":"全家便利商店"},"geometry":{"type":"Point","coordinates":[121.45017,25.033513]}},{"type":"Feature","properties":{"id":"osm:node:2396968915","name":"全家便利商店","category":"convenience","nameEn":"FamilyMart","brand":"全家便利商店","opening_hours":"24/7","address":"10666臺北市大安區復興南路一段200號","phone":"+886-2-7709-5389;+886-2-2741-9504","website":"https://www.family.com.tw/"},"geometry":{"type":"Point","coordinates":[121.543469,25.039726]}},{"type":"Feature","properties":{"id":"osm:node:2398287834","name":"全家便利商店","category":"convenience","nameEn":"FamilyMart","brand":"全家便利商店"},"geometry":{"type":"Point","coordinates":[121.457725,25.051514]}},{"type":"Feature","properties":{"id":"osm:node:2398287837","name":"7-Eleven","category":"convenience","brand":"7-Eleven","wheelchair":"yes"},"geometry":{"type":"Point","coordinates":[121.457829,25.051805]}},{"type":"Feature","properties":{"id":"osm:node:2399354853","name":"全家便利商店","category":"convenience","nameEn":"FamilyMart","brand":"全家便利商店","opening_hours":"24/7","address":"11674臺北市文山區羅斯福路六段274號","phone":"+886 2 8931 9847;+886 2 7709 5387","website":"https://www.family.com.tw/"},"geometry":{"type":"Point","coordinates":[121.539987,24.991383]}},{"type":"Feature","properties":{"id":"osm:node:2399354855","name":"全家便利商店","category":"convenience","nameEn":"FamilyMart","brand":"全家便利商店","opening_hours":"24/7","address":"11669臺北市文山區景文街83號","phone":"+886 2 2930 3305;+886 2 7709 6573","website":"https://www.family.com.tw/","wheelchair":"yes"},"geometry":{"type":"Point","coordinates":[121.541383,24.991187]}},{"type":"Feature","properties":{"id":"osm:node:2399354917","name":"7-Eleven","category":"convenience","brand":"7-Eleven","opening_hours":"24/7","address":"11669臺北市文山區景文街96;98號","phone":"+886-2-8663-7537","wheelchair":"yes"},"geometry":{"type":"Point","coordinates":[121.540963,24.990303]}},{"type":"Feature","properties":{"id":"osm:node:2400423295","name":"OK超商","category":"convenience","nameEn":"OK mart","brand":"OK超商","wheelchair":"yes"},"geometry":{"type":"Point","coordinates":[121.458066,25.0526]}},{"type":"Feature","properties":{"id":"osm:node:2401355966","name":"7-Eleven","category":"convenience","brand":"7-Eleven"},"geometry":{"type":"Point","coordinates":[121.457772,25.049515]}},{"type":"Feature","properties":{"id":"osm:node:2402967367","name":"全家便利商店","category":"convenience","nameEn":"FamilyMart","brand":"全家便利商店","wheelchair":"yes"},"geometry":{"type":"Point","coordinates":[121.537512,25.008035]}},{"type":"Feature","properties":{"id":"osm:node:2406529627","name":"7-Eleven","category":"convenience","brand":"7-Eleven","opening_hours":"24/7","address":"220089新北市板橋區中山路二段273號","phone":"+886 2 2959 2301","website":"https://www.7-11.com.tw/"},"geometry":{"type":"Point","coordinates":[121.477791,25.017931]}},{"type":"Feature","properties":{"id":"osm:node:2406793658","name":"全家便利商店","category":"convenience","nameEn":"FamilyMart","brand":"全家便利商店"},"geometry":{"type":"Point","coordinates":[121.560266,25.030935]}},{"type":"Feature","properties":{"id":"osm:node:2410011026","name":"家樂福超市","category":"convenience","nameEn":"Carrefour Market","brand":"家樂福超市","opening_hours":"24/7"},"geometry":{"type":"Point","coordinates":[121.545843,25.027223]}},{"type":"Feature","properties":{"id":"osm:node:2410061382","name":"全家便利商店","category":"convenience","nameEn":"FamilyMart","brand":"全家便利商店"},"geometry":{"type":"Point","coordinates":[121.458126,25.049944]}},{"type":"Feature","properties":{"id":"osm:node:2410688006","name":"7-Eleven","category":"convenience","brand":"7-Eleven"},"geometry":{"type":"Point","coordinates":[121.554399,25.025787]}},{"type":"Feature","properties":{"id":"osm:node:2412213978","name":"全家便利商店","category":"convenience","nameEn":"FamilyMart","brand":"全家便利商店"},"geometry":{"type":"Point","coordinates":[121.450322,25.066313]}},{"type":"Feature","properties":{"id":"osm:node:2412213979","name":"萊爾富","category":"convenience","nameEn":"Hi-Life","brand":"萊爾富"},"geometry":{"type":"Point","coordinates":[121.452139,25.068402]}},{"type":"Feature","properties":{"id":"osm:node:2412213981","name":"7-Eleven","category":"convenience","brand":"7-Eleven"},"geometry":{"type":"Point","coordinates":[121.450787,25.062024]}},{"type":"Feature","properties":{"id":"osm:node:2412235273","name":"全家便利商店","category":"convenience","nameEn":"FamilyMart","brand":"全家便利商店","wheelchair":"limited"},"geometry":{"type":"Point","coordinates":[121.458125,25.054232]}},{"type":"Feature","properties":{"id":"osm:node:2414201444","name":"7-Eleven","category":"convenience","brand":"7-Eleven","address":"100臺北市中正區中華路二段157號"},"geometry":{"type":"Point","coordinates":[121.504265,25.031132]}},{"type":"Feature","properties":{"id":"osm:node:2414201447","name":"7-Eleven","category":"convenience","brand":"7-Eleven","wheelchair":"limited"},"geometry":{"type":"Point","coordinates":[121.502497,25.028057]}},{"type":"Feature","properties":{"id":"osm:node:2415942436","name":"全家便利商店","category":"convenience","nameEn":"FamilyMart","brand":"全家便利商店","opening_hours":"24/7","address":"106臺北市大安區敦化南路二段261號","website":"https://www.family.com.tw/"},"geometry":{"type":"Point","coordinates":[121.549156,25.025557]}},{"type":"Feature","properties":{"id":"osm:node:2415942444","name":"7-Eleven","category":"convenience","brand":"7-Eleven"},"geometry":{"type":"Point","coordinates":[121.552567,25.03056]}},{"type":"Feature","properties":{"id":"osm:node:2418982087","name":"7-Eleven","category":"convenience","brand":"7-Eleven","opening_hours":"24/7","address":"100006臺北市中正區重慶南路一段1之1號1樓","phone":"+886 2 2371 9010","website":"https://www.7-11.com.tw/","wheelchair":"no"},"geometry":{"type":"Point","coordinates":[121.513408,25.046809]}},{"type":"Feature","properties":{"id":"osm:node:2419112988","name":"7-Eleven","category":"convenience","brand":"7-Eleven","opening_hours":"24/7","address":"100003臺北市中正區武昌街一段1之2號1樓","phone":"+886 2 2388 4895","website":"https://www.7-11.com.tw/","wheelchair":"yes"},"geometry":{"type":"Point","coordinates":[121.513669,25.044134]}},{"type":"Feature","properties":{"id":"osm:node:2419488002","name":"7-Eleven","category":"convenience","brand":"7-Eleven","opening_hours":"24/7","wheelchair":"yes"},"geometry":{"type":"Point","coordinates":[121.52652,25.042386]}},{"type":"Feature","properties":{"id":"osm:node:2419488006","name":"全家便利商店","category":"convenience","nameEn":"FamilyMart","brand":"全家便利商店","opening_hours":"24/7","address":"10054臺北市中正區濟南路二段3-7號","phone":"+886-2-77095857;+886-2-23942076","website":"https://www.family.com.tw/","wheelchair":"no"},"geometry":{"type":"Point","coordinates":[121.526759,25.041551]}},{"type":"Feature","properties":{"id":"osm:node:2419824450","name":"7-Eleven","category":"convenience","brand":"7-Eleven"},"geometry":{"type":"Point","coordinates":[121.45683,25.064709]}},{"type":"Feature","properties":{"id":"osm:node:2419919964","name":"全家便利商店","category":"convenience","nameEn":"FamilyMart","brand":"全家便利商店"},"geometry":{"type":"Point","coordinates":[121.551739,25.032462]}},{"type":"Feature","properties":{"id":"osm:node:2429663393","name":"7-Eleven","category":"convenience","brand":"7-Eleven"},"geometry":{"type":"Point","coordinates":[121.530415,25.056142]}},{"type":"Feature","properties":{"id":"osm:node:2429663394","name":"勝立生活百貨","category":"convenience"},"geometry":{"type":"Point","coordinates":[121.530465,25.058161]}},{"type":"Feature","properties":{"id":"osm:node:2429872622","name":"OK超商","category":"convenience","nameEn":"OK mart","brand":"OK超商","wheelchair":"yes"},"geometry":{"type":"Point","coordinates":[121.526792,25.030405]}},{"type":"Feature","properties":{"id":"osm:node:2430739269","name":"7-Eleven","category":"convenience","brand":"7-Eleven"},"geometry":{"type":"Point","coordinates":[121.515116,24.996599]}},{"type":"Feature","properties":{"id":"osm:node:2433270452","name":"OK超商","category":"convenience","nameEn":"OK mart","brand":"OK超商"},"geometry":{"type":"Point","coordinates":[121.581819,25.055374]}},{"type":"Feature","properties":{"id":"osm:node:2433271231","name":"7-Eleven","category":"convenience","brand":"7-Eleven"},"geometry":{"type":"Point","coordinates":[121.581029,25.054805]}},{"type":"Feature","properties":{"id":"osm:node:2440534335","name":"7-Eleven","category":"convenience","nameEn":"7-Eleven","brand":"7-Eleven","opening_hours":"24/7","address":"10843臺北市萬華區武昌街二段122-1號","wheelchair":"yes"},"geometry":{"type":"Point","coordinates":[121.503986,25.045318]}},{"type":"Feature","properties":{"id":"osm:node:2440534569","name":"7-Eleven","category":"convenience","brand":"7-Eleven","opening_hours":"24/7","address":"10852臺北市萬華區廣州街148號","phone":"+886-2-2336-2548","website":"https://www.7-11.com.tw/","wheelchair":"limited"},"geometry":{"type":"Point","coordinates":[121.500615,25.036541]}},{"type":"Feature","properties":{"id":"osm:node:2440535341","name":"全家便利商店","category":"convenience","nameEn":"FamilyMart","brand":"全家便利商店","opening_hours":"24/7","address":"10845臺北市萬華區昆明街134號","phone":"+886 2 2375 8507;+886 2 7723 0511","website":"https://www.family.com.tw/","wheelchair":"yes"},"geometry":{"type":"Point","coordinates":[121.504692,25.042906]}},{"type":"Feature","properties":{"id":"osm:node:2440535367","name":"7-Eleven","category":"convenience","brand":"7-Eleven","opening_hours":"24/7","address":"10845臺北市萬華區昆明街81、83號","phone":"+886 2 2375 3064","website":"https://www.7-11.com.tw/","wheelchair":"limited"},"geometry":{"type":"Point","coordinates":[121.504905,25.042798]}},{"type":"Feature","properties":{"id":"osm:node:2441077662","name":"7-Eleven","category":"convenience","brand":"7-Eleven"},"geometry":{"type":"Point","coordinates":[121.594327,25.055779]}},{"type":"Feature","properties":{"id":"osm:node:2443189126","name":"7-Eleven","category":"convenience","brand":"7-Eleven"},"geometry":{"type":"Point","coordinates":[121.547372,25.058486]}},{"type":"Feature","properties":{"id":"osm:node:2443915868","name":"全家便利商店","category":"convenience","nameEn":"FamilyMart","brand":"全家便利商店","opening_hours":"24/7","address":"10045臺北市中正區重慶南路一段58號","phone":"+886 2 7709 5851;+886 2 2312 2797","website":"https://www.family.com.tw/","wheelchair":"limited"},"geometry":{"type":"Point","coordinates":[121.513082,25.043995]}},{"type":"Feature","properties":{"id":"osm:node:2451709997","name":"OK超商","category":"convenience","nameEn":"OK mart","brand":"OK超商","wheelchair":"yes"},"geometry":{"type":"Point","coordinates":[121.454874,25.052302]}},{"type":"Feature","properties":{"id":"osm:node:2451710015","name":"7-Eleven","category":"convenience","brand":"7-Eleven"},"geometry":{"type":"Point","coordinates":[121.454701,25.050957]}},{"type":"Feature","properties":{"id":"osm:node:2456412696","name":"萊爾富","category":"convenience","nameEn":"Hi-Life","brand":"萊爾富","opening_hours":"24/7","address":"10490臺北市中山區長安東路二段171-7號","phone":"+886-2-2777-5377","website":"http://www.hilife.com.tw/","wheelchair":"yes"},"geometry":{"type":"Point","coordinates":[121.541945,25.048414]}},{"type":"Feature","properties":{"id":"osm:node:2460009696","name":"全家便利商店","category":"convenience","nameEn":"FamilyMart","brand":"全家便利商店","opening_hours":"24/7","website":"https://www.family.com.tw/"},"geometry":{"type":"Point","coordinates":[121.533028,25.034284]}},{"type":"Feature","properties":{"id":"osm:node:2460626591","name":"7-Eleven","category":"convenience","nameEn":"7-Eleven","brand":"7-Eleven","opening_hours":"24/7"},"geometry":{"type":"Point","coordinates":[121.543826,25.053455]}},{"type":"Feature","properties":{"id":"osm:node:2460626618","name":"國裕商店","category":"convenience"},"geometry":{"type":"Point","coordinates":[121.543424,25.053748]}},{"type":"Feature","properties":{"id":"osm:node:2461138528","name":"7-Eleven","category":"convenience","brand":"7-Eleven"},"geometry":{"type":"Point","coordinates":[121.540563,25.048234]}},{"type":"Feature","properties":{"id":"osm:node:2461753341","name":"7-Eleven","category":"convenience","brand":"7-Eleven","opening_hours":"24/7","address":"220030新北市板橋區民生路三段40、42號","phone":"+886 2 8252 4260","website":"https://www.7-11.com.tw/"},"geometry":{"type":"Point","coordinates":[121.467452,25.024982]}},{"type":"Feature","properties":{"id":"osm:node:2462837517","name":"全家便利商店","category":"convenience","nameEn":"FamilyMart","brand":"全家便利商店","address":"104台北市中山區朱崙街67號","wheelchair":"yes"},"geometry":{"type":"Point","coordinates":[121.54238,25.050038]}},{"type":"Feature","properties":{"id":"osm:node:2470166035","name":"7-Eleven","category":"convenience","brand":"7-Eleven","opening_hours":"24/7","address":"23143新北市新店區順安街57號","phone":"+886 2 8665-0303"},"geometry":{"type":"Point","coordinates":[121.540755,24.986462]}},{"type":"Feature","properties":{"id":"osm:node:2470166880","name":"全家便利商店","category":"convenience","nameEn":"FamilyMart","brand":"全家便利商店"},"geometry":{"type":"Point","coordinates":[121.539983,24.985475]}},{"type":"Feature","properties":{"id":"osm:node:2470166927","name":"全家便利商店","category":"convenience","nameEn":"FamilyMart","brand":"全家便利商店"},"geometry":{"type":"Point","coordinates":[121.539829,25.04242]}},{"type":"Feature","properties":{"id":"osm:node:2470167051","name":"7-Eleven","category":"convenience","brand":"7-Eleven","opening_hours":"24/7","address":"台北市大安區忠孝東路三段217巷1弄2號","phone":"+886-2-27752136"},"geometry":{"type":"Point","coordinates":[121.539595,25.042391]}},{"type":"Feature","properties":{"id":"osm:node:2473232849","name":"全家便利商店","category":"convenience","nameEn":"FamilyMart","brand":"全家便利商店","opening_hours":"24/7","address":"106031臺北市大安區辛亥路二段171巷3號","phone":"+886 2 2377 8503;+886 2 7709 6525","website":"https://www.family.com.tw/","wheelchair":"yes"},"geometry":{"type":"Point","coordinates":[121.541233,25.021941]}},{"type":"Feature","properties":{"id":"osm:node:2473232956","name":"全家便利商店","category":"convenience","nameEn":"FamilyMart","brand":"全家便利商店","opening_hours":"24/7","address":"台北市大安區復興南路二段362號"},"geometry":{"type":"Point","coordinates":[121.543189,25.021871]}},{"type":"Feature","properties":{"id":"osm:node:2473808597","name":"蝦皮店到店","category":"convenience","nameEn":"Shopee Xpress","opening_hours":"Mo-Su 10:30-22:00","address":"100臺北市中正區羅斯福路三段304號一樓"},"geometry":{"type":"Point","coordinates":[121.532436,25.016278]}},{"type":"Feature","properties":{"id":"osm:node:2473809877","name":"全家便利商店","category":"convenience","nameEn":"FamilyMart","brand":"全家便利商店","address":"100臺北市中正區羅斯福路三段244巷7號","wheelchair":"yes"},"geometry":{"type":"Point","coordinates":[121.530816,25.016921]}},{"type":"Feature","properties":{"id":"osm:node:2473958336","name":"7-Eleven","category":"convenience","brand":"7-Eleven","opening_hours":"24/7"},"geometry":{"type":"Point","coordinates":[121.478892,25.027556]}},{"type":"Feature","properties":{"id":"osm:node:2473958338","name":"全家便利商店","category":"convenience","nameEn":"FamilyMart","brand":"全家便利商店","opening_hours":"24/7"},"geometry":{"type":"Point","coordinates":[121.478998,25.027405]}},{"type":"Feature","properties":{"id":"osm:node:2473958421","name":"全家便利商店","category":"convenience","nameEn":"FamilyMart","brand":"全家便利商店"},"geometry":{"type":"Point","coordinates":[121.480673,25.028992]}},{"type":"Feature","properties":{"id":"osm:node:2494671045","name":"全家便利商店","category":"convenience","nameEn":"FamilyMart","brand":"全家便利商店"},"geometry":{"type":"Point","coordinates":[121.549807,25.054129]}},{"type":"Feature","properties":{"id":"osm:node:2494671048","name":"7-Eleven","category":"convenience","brand":"7-Eleven","wheelchair":"yes"},"geometry":{"type":"Point","coordinates":[121.549344,25.054112]}},{"type":"Feature","properties":{"id":"osm:node:2514660934","name":"吉芳商店","category":"convenience","address":"112台北市北投區公舘路125號"},"geometry":{"type":"Point","coordinates":[121.505163,25.129769]}},{"type":"Feature","properties":{"id":"osm:node:2518367570","name":"7-Eleven","category":"convenience","brand":"7-Eleven","address":"11673臺北市文山區景福街252號"},"geometry":{"type":"Point","coordinates":[121.540111,24.993327]}},{"type":"Feature","properties":{"id":"osm:node:2518475646","name":"全家便利商店","category":"convenience","nameEn":"FamilyMart","brand":"全家便利商店"},"geometry":{"type":"Point","coordinates":[121.492072,25.070217]}},{"type":"Feature","properties":{"id":"osm:node:2520682679","name":"伊真太便利商店","category":"convenience","address":"台北市公舘路"},"geometry":{"type":"Point","coordinates":[121.505879,25.124161]}},{"type":"Feature","properties":{"id":"osm:node:2524273894","name":"7-Eleven","category":"convenience","brand":"7-Eleven"},"geometry":{"type":"Point","coordinates":[121.592067,25.054004]}},{"type":"Feature","properties":{"id":"osm:node:2524274657","name":"7-Eleven","category":"convenience","brand":"7-Eleven"},"geometry":{"type":"Point","coordinates":[121.589793,25.053185]}},{"type":"Feature","properties":{"id":"osm:node:2524297016","name":"全家便利商店","category":"convenience","nameEn":"FamilyMart","brand":"全家便利商店","opening_hours":"24/7","address":"10566臺北市松山區八德路四段598號","phone":"+886 2 7723 0427;+886 2 2753 2857","website":"https://www.family.com.tw/"},"geometry":{"type":"Point","coordinates":[121.572474,25.049755]}},{"type":"Feature","properties":{"id":"osm:node:2524398597","name":"7-Eleven","category":"convenience","brand":"7-Eleven","opening_hours":"24/7","address":"10567臺北市松山區八德路四段697號1樓","phone":"+886 2 2763 2434","website":"https://www.7-11.com.tw/","wheelchair":"no"},"geometry":{"type":"Point","coordinates":[121.576535,25.05019]}},{"type":"Feature","properties":{"id":"osm:node:2524896194","name":"7-Eleven","category":"convenience","brand":"7-Eleven"},"geometry":{"type":"Point","coordinates":[121.605515,25.07232]}},{"type":"Feature","properties":{"id":"osm:node:2526130503","name":"7-Eleven","category":"convenience","brand":"7-Eleven","opening_hours":"24/7","address":"116005台北市文山區木柵路一段141號","phone":"+886 2 2236 0262","website":"https://www.7-11.com.tw","wheelchair":"yes"},"geometry":{"type":"Point","coordinates":[121.550326,24.987614]}},{"type":"Feature","properties":{"id":"osm:node:2526178893","name":"萊爾富","category":"convenience","nameEn":"Hi-Life","brand":"萊爾富","address":"116台北市文山區試院路104號","wheelchair":"no"},"geometry":{"type":"Point","coordinates":[121.547501,24.990049]}},{"type":"Feature","properties":{"id":"osm:node:2526282920","name":"萊爾富","category":"convenience","nameEn":"Hi-Life","brand":"萊爾富","address":"116台北市文山區木柵路一段8號"},"geometry":{"type":"Point","coordinates":[121.546081,24.986647]}},{"type":"Feature","properties":{"id":"osm:node:2527528054","name":"7-Eleven","category":"convenience","brand":"7-Eleven"},"geometry":{"type":"Point","coordinates":[121.54167,25.046874]}},{"type":"Feature","properties":{"id":"osm:node:2528878799","name":"7-Eleven","category":"convenience","brand":"7-Eleven","opening_hours":"24/7"},"geometry":{"type":"Point","coordinates":[121.526449,24.994248]}},{"type":"Feature","properties":{"id":"osm:node:2529279480","name":"7-Eleven","category":"convenience","brand":"7-Eleven","opening_hours":"24/7","address":"11643台北市文山區木柵路一段284號","phone":"+886-2-2236-7947"},"geometry":{"type":"Point","coordinates":[121.555026,24.98802]}},{"type":"Feature","properties":{"id":"osm:node:2529515767","name":"7-Eleven","category":"convenience","brand":"7-Eleven"},"geometry":{"type":"Point","coordinates":[121.545541,24.968985]}},{"type":"Feature","properties":{"id":"osm:node:2529516403","name":"全家便利商店","category":"convenience","nameEn":"FamilyMart","brand":"全家便利商店","wheelchair":"yes"},"geometry":{"type":"Point","coordinates":[121.547336,24.987101]}},{"type":"Feature","properties":{"id":"osm:node:2536508250","name":"全家便利商店","category":"convenience","nameEn":"FamilyMart","brand":"全家便利商店"},"geometry":{"type":"Point","coordinates":[121.458098,25.0479]}},{"type":"Feature","properties":{"id":"osm:node:2536508251","name":"全家便利商店","category":"convenience","nameEn":"FamilyMart","brand":"全家便利商店","wheelchair":"no"},"geometry":{"type":"Point","coordinates":[121.4533,25.048149]}},{"type":"Feature","properties":{"id":"osm:node:2536508252","name":"全家便利商店","category":"convenience","nameEn":"FamilyMart","brand":"全家便利商店","address":"新北市淡水區中正路11號","wheelchair":"limited"},"geometry":{"type":"Point","coordinates":[121.454916,25.049995]}},{"type":"Feature","properties":{"id":"osm:node:2536516052","name":"萊爾富","category":"convenience","nameEn":"Hi-Life","brand":"萊爾富"},"geometry":{"type":"Point","coordinates":[121.453846,25.050936]}},{"type":"Feature","properties":{"id":"osm:node:2536516053","name":"萊爾富","category":"convenience","nameEn":"Hi-Life","brand":"萊爾富","wheelchair":"yes"},"geometry":{"type":"Point","coordinates":[121.458076,25.052927]}},{"type":"Feature","properties":{"id":"osm:node:2550236509","name":"全家便利商店","category":"convenience","nameEn":"FamilyMart","brand":"全家便利商店"},"geometry":{"type":"Point","coordinates":[121.585357,25.057385]}},{"type":"Feature","properties":{"id":"osm:node:2550236639","name":"7-Eleven","category":"convenience","brand":"7-Eleven"},"geometry":{"type":"Point","coordinates":[121.584585,25.056883]}},{"type":"Feature","properties":{"id":"osm:node:2559997193","name":"萊爾富","category":"convenience","nameEn":"Hi-Life","brand":"萊爾富","opening_hours":"24/7","address":"103003臺北市大同區迪化街一段50號","phone":"+886 2 2559 7059","website":"https://www.hilife.com.tw/","wheelchair":"yes"},"geometry":{"type":"Point","coordinates":[121.509835,25.055091]}},{"type":"Feature","properties":{"id":"osm:node:2559997219","name":"全家便利商店","category":"convenience","nameEn":"FamilyMart","brand":"全家便利商店","opening_hours":"24/7","address":"103012臺北市大同區迪化街一段42號1、2樓","phone":"+886 2 8590 2267;+886 2 7709 2178","website":"https://www.family.com.tw/","wheelchair":"limited"},"geometry":{"type":"Point","coordinates":[121.509999,25.054909]}},{"type":"Feature","properties":{"id":"osm:node:2559997232","name":"全家便利商店","category":"convenience","nameEn":"FamilyMart","brand":"全家便利商店","address":"臺北市文山區仙岩路2號"},"geometry":{"type":"Point","coordinates":[121.54784,24.9982]}},{"type":"Feature","properties":{"id":"osm:node:2563901886","name":"7-Eleven","category":"convenience","brand":"7-Eleven","wheelchair":"yes"},"geometry":{"type":"Point","coordinates":[121.53662,24.982993]}},{"type":"Feature","properties":{"id":"osm:node:2563901887","name":"全家便利商店","category":"convenience","nameEn":"FamilyMart","brand":"全家便利商店","address":"231新北市新店區民權路105號","wheelchair":"yes"},"geometry":{"type":"Point","coordinates":[121.5365,24.982725]}},{"type":"Feature","properties":{"id":"osm:node:2569337724","name":"萊爾富","category":"convenience","nameEn":"Hi-Life","brand":"萊爾富","opening_hours":"24/7","wheelchair":"yes"},"geometry":{"type":"Point","coordinates":[121.519845,25.052549]}},{"type":"Feature","properties":{"id":"osm:node:2572568014","name":"源興米糧雜貨行","category":"convenience","address":"104台北市中山區龍江路21巷9之7號"},"geometry":{"type":"Point","coordinates":[121.541171,25.047801]}},{"type":"Feature","properties":{"id":"osm:node:2572568026","name":"全家便利商店","category":"convenience","nameEn":"FamilyMart","brand":"全家便利商店","opening_hours":"24/7","address":"108台北市萬華區峨眉街21號","phone":"+886 2 2389 4642","website":"https://www.family.com.tw/","wheelchair":"yes"},"geometry":{"type":"Point","coordinates":[121.507355,25.043473]}},{"type":"Feature","properties":{"id":"osm:node:2572568070","name":"全家便利商店","category":"convenience","nameEn":"FamilyMart","brand":"全家便利商店","opening_hours":"24/7","website":"https://www.family.com.tw/"},"geometry":{"type":"Point","coordinates":[121.544849,25.048381]}},{"type":"Feature","properties":{"id":"osm:node:2575286346","name":"OK超商","category":"convenience","nameEn":"OK mart","brand":"OK超商"},"geometry":{"type":"Point","coordinates":[121.515275,25.053613]}},{"type":"Feature","properties":{"id":"osm:node:2577955030","name":"7-Eleven","category":"convenience","brand":"7-Eleven","address":"114臺北市內湖區內湖里內湖路二段281號283號","phone":"+886 2 2795 4998"},"geometry":{"type":"Point","coordinates":[121.59064,25.082338]}},{"type":"Feature","properties":{"id":"osm:node:2588798048","name":"全家便利商店","category":"convenience","nameEn":"FamilyMart","brand":"全家便利商店","opening_hours":"24/7","address":"22048新北市板橋區長江路一段100號","phone":"+886-2-77463283;+886-2-82571724","website":"https://www.family.com.tw/"},"geometry":{"type":"Point","coordinates":[121.45956,25.029555]}},{"type":"Feature","properties":{"id":"osm:node:2592260037","name":"7-Eleven","category":"convenience","brand":"7-Eleven","opening_hours":"24/7","address":"234新北市永和區仁愛路128號"},"geometry":{"type":"Point","coordinates":[121.50815,25.011592]}},{"type":"Feature","properties":{"id":"osm:node:2592662811","name":"萊爾富","category":"convenience","nameEn":"Hi-Life","brand":"萊爾富"},"geometry":{"type":"Point","coordinates":[121.452991,25.064149]}},{"type":"Feature","properties":{"id":"osm:node:2594906812","name":"7-Eleven","category":"convenience","brand":"7-Eleven"},"geometry":{"type":"Point","coordinates":[121.577584,25.072996]}},{"type":"Feature","properties":{"id":"osm:node:2595433692","name":"全家便利商店","category":"convenience","nameEn":"FamilyMart","brand":"全家便利商店"},"geometry":{"type":"Point","coordinates":[121.46687,25.03119]}},{"type":"Feature","properties":{"id":"osm:node:2595434209","name":"7-Eleven","category":"convenience","brand":"7-Eleven"},"geometry":{"type":"Point","coordinates":[121.467519,25.031506]}},{"type":"Feature","properties":{"id":"osm:node:2595455368","name":"雜貨店","category":"convenience"},"geometry":{"type":"Point","coordinates":[121.467224,25.031112]}},{"type":"Feature","properties":{"id":"osm:node:2597965495","name":"7-Eleven","category":"convenience","brand":"7-Eleven"},"geometry":{"type":"Point","coordinates":[121.52994,25.033098]}},{"type":"Feature","properties":{"id":"osm:node:2597965515","name":"7-Eleven","category":"convenience","brand":"7-Eleven","address":"116台北市文山區仙岩路18號"},"geometry":{"type":"Point","coordinates":[121.548518,24.998554]}},{"type":"Feature","properties":{"id":"osm:node:2597965516","name":"7-Eleven","category":"convenience","brand":"7-Eleven","opening_hours":"24/7","address":"106台北市大安區復興南路二段82之1號","website":"https://www.7-11.com.tw/","wheelchair":"yes"},"geometry":{"type":"Point","coordinates":[121.543315,25.03097]}},{"type":"Feature","properties":{"id":"osm:node:2602834665","name":"OK超商","category":"convenience","nameEn":"OK mart","brand":"OK超商","opening_hours":"24/7"},"geometry":{"type":"Point","coordinates":[121.46133,24.994523]}},{"type":"Feature","properties":{"id":"osm:node:2602834722","name":"全家便利商店","category":"convenience","nameEn":"FamilyMart","brand":"全家便利商店"},"geometry":{"type":"Point","coordinates":[121.460762,25.001861]}},{"type":"Feature","properties":{"id":"osm:node:2604138857","name":"全家便利商店","category":"convenience","nameEn":"FamilyMart","brand":"全家便利商店","address":"115臺北市南港區昆陽街145號"},"geometry":{"type":"Point","coordinates":[121.594171,25.050246]}},{"type":"Feature","properties":{"id":"osm:node:2607298682","name":"7-Eleven","category":"convenience","brand":"7-Eleven","wheelchair":"yes"},"geometry":{"type":"Point","coordinates":[121.593968,25.050856]}},{"type":"Feature","properties":{"id":"osm:node:2608102466","name":"7-Eleven","category":"convenience","brand":"7-Eleven","opening_hours":"24/7","address":"10567臺北市松山區八德路四段767、769號","phone":"+886 2 2747 5146","website":"https://www.7-11.com.tw/","wheelchair":"limited"},"geometry":{"type":"Point","coordinates":[121.57806,25.051194]}},{"type":"Feature","properties":{"id":"osm:node:2608996131","name":"7-Eleven","category":"convenience","brand":"7-Eleven","opening_hours":"24/7","address":"100臺北市中正區新生南路一段126-7號","wheelchair":"yes"},"geometry":{"type":"Point","coordinates":[121.532498,25.037081]}},{"type":"Feature","properties":{"id":"osm:node:2613617292","name":"7-Eleven","category":"convenience","brand":"7-Eleven","opening_hours":"24/7","address":"235新北市中和區景平路756號"},"geometry":{"type":"Point","coordinates":[121.496457,25.004742]}},{"type":"Feature","properties":{"id":"osm:node:2614374654","name":"7-Eleven","category":"convenience","brand":"7-Eleven"},"geometry":{"type":"Point","coordinates":[121.484962,24.997577]}},{"type":"Feature","properties":{"id":"osm:node:2614374655","name":"7-Eleven","category":"convenience","brand":"7-Eleven"},"geometry":{"type":"Point","coordinates":[121.485716,24.996826]}},{"type":"Feature","properties":{"id":"osm:node:2614374656","name":"全家便利商店","category":"convenience","nameEn":"FamilyMart","brand":"全家便利商店"},"geometry":{"type":"Point","coordinates":[121.485579,24.996979]}},{"type":"Feature","properties":{"id":"osm:node:2614374657","name":"7-Eleven","category":"convenience","brand":"7-Eleven"},"geometry":{"type":"Point","coordinates":[121.485556,24.99813]}},{"type":"Feature","properties":{"id":"osm:node:2614374658","name":"全家便利商店","category":"convenience","nameEn":"FamilyMart","brand":"全家便利商店"},"geometry":{"type":"Point","coordinates":[121.483492,25.001124]}},{"type":"Feature","properties":{"id":"osm:node:2614385445","name":"7-Eleven","category":"convenience","brand":"7-Eleven","address":"235新北市中和區建一路182號一樓"},"geometry":{"type":"Point","coordinates":[121.487953,24.997144]}},{"type":"Feature","properties":{"id":"osm:node:2614581497","name":"全家便利商店","category":"convenience","nameEn":"FamilyMart","brand":"全家便利商店"},"geometry":{"type":"Point","coordinates":[121.520572,25.01539]}},{"type":"Feature","properties":{"id":"osm:node:2616247608","name":"7-Eleven","category":"convenience","brand":"7-Eleven","opening_hours":"24/7","wheelchair":"yes"},"geometry":{"type":"Point","coordinates":[121.599734,25.084873]}},{"type":"Feature","properties":{"id":"osm:node:2616248714","name":"大湖商店","category":"convenience"},"geometry":{"type":"Point","coordinates":[121.60037,25.084489]}},{"type":"Feature","properties":{"id":"osm:node:2616849079","name":"合作社","category":"convenience","wheelchair":"limited"},"geometry":{"type":"Point","coordinates":[121.514199,25.037943]}},{"type":"Feature","properties":{"id":"osm:node:2616956451","name":"全家便利商店","category":"convenience","nameEn":"FamilyMart","brand":"全家便利商店","opening_hours":"24/7","address":"新北市新店區安德街71巷2號"},"geometry":{"type":"Point","coordinates":[121.510248,24.961468]}},{"type":"Feature","properties":{"id":"osm:node:2616976951","name":"7-Eleven","category":"convenience","brand":"7-Eleven"},"geometry":{"type":"Point","coordinates":[121.523628,24.963395]}},{"type":"Feature","properties":{"id":"osm:node:2616977063","name":"7-Eleven","category":"convenience","brand":"7-Eleven"},"geometry":{"type":"Point","coordinates":[121.525804,24.963283]}},{"type":"Feature","properties":{"id":"osm:node:2617021457","name":"7-Eleven","category":"convenience","brand":"7-Eleven","opening_hours":"24/7","address":"新北市新店區安民街9;11號","wheelchair":"yes"},"geometry":{"type":"Point","coordinates":[121.515914,24.969174]}},{"type":"Feature","properties":{"id":"osm:node:2617022276","name":"萊爾富","category":"convenience","nameEn":"Hi-Life","brand":"萊爾富","opening_hours":"24/7","address":"新北市新店區安民街136號","wheelchair":"no"},"geometry":{"type":"Point","coordinates":[121.516594,24.969497]}},{"type":"Feature","properties":{"id":"osm:node:2617024598","name":"全家便利商店","category":"convenience","nameEn":"FamilyMart","brand":"全家便利商店","opening_hours":"24/7","address":"新北市新店區安民街192號","wheelchair":"yes"},"geometry":{"type":"Point","coordinates":[121.517287,24.971547]}},{"type":"Feature","properties":{"id":"osm:node:2617568610","name":"7-Eleven","category":"convenience","brand":"7-Eleven","opening_hours":"24/7","address":"臺北市"},"geometry":{"type":"Point","coordinates":[121.563199,25.040402]}},{"type":"Feature","properties":{"id":"osm:node:2618467286","name":"7-Eleven","category":"convenience","brand":"7-Eleven","address":"251新北市淡水區自強路375號"},"geometry":{"type":"Point","coordinates":[121.464774,25.133469]}},{"type":"Feature","properties":{"id":"osm:node:2618470085","name":"OK超商","category":"convenience","nameEn":"OK mart","brand":"OK超商","address":"251新北市淡水區自強路156號"},"geometry":{"type":"Point","coordinates":[121.465309,25.133829]}},{"type":"Feature","properties":{"id":"osm:node:2618477948","name":"7-Eleven","category":"convenience","brand":"7-Eleven"},"geometry":{"type":"Point","coordinates":[121.488055,24.995897]}},{"type":"Feature","properties":{"id":"osm:node:2618477949","name":"全家便利商店","category":"convenience","nameEn":"FamilyMart","brand":"全家便利商店"},"geometry":{"type":"Point","coordinates":[121.486493,24.996113]}},{"type":"Feature","properties":{"id":"osm:node:2618582923","name":"7-Eleven","category":"convenience","brand":"7-Eleven"},"geometry":{"type":"Point","coordinates":[121.4524,25.049336]}},{"type":"Feature","properties":{"id":"osm:node:2618674815","name":"7-Eleven","category":"convenience","brand":"7-Eleven","opening_hours":"24/7","address":"25173新北市淡水區民權路109、111號","phone":"+886-2-2809-1574","website":"https://www.7-11.com.tw/"},"geometry":{"type":"Point","coordinates":[121.46027,25.137493]}},{"type":"Feature","properties":{"id":"osm:node:2618674820","name":"7-Eleven","category":"convenience","brand":"7-Eleven"},"geometry":{"type":"Point","coordinates":[121.460434,25.136823]}},{"type":"Feature","properties":{"id":"osm:node:2618674821","name":"7-Eleven","category":"convenience","brand":"7-Eleven","opening_hours":"24/7"},"geometry":{"type":"Point","coordinates":[121.461969,25.137868]}},{"type":"Feature","properties":{"id":"osm:node:2618702227","name":"全家便利商店","category":"convenience","nameEn":"FamilyMart","brand":"全家便利商店"},"geometry":{"type":"Point","coordinates":[121.462107,25.137877]}},{"type":"Feature","properties":{"id":"osm:node:2618709158","name":"萊爾富","category":"convenience","nameEn":"Hi-Life","brand":"萊爾富"},"geometry":{"type":"Point","coordinates":[121.461576,25.136055]}},{"type":"Feature","properties":{"id":"osm:node:2618709159","name":"7-Eleven","category":"convenience","brand":"7-Eleven"},"geometry":{"type":"Point","coordinates":[121.461866,25.135842]}},{"type":"Feature","properties":{"id":"osm:node:2618829788","name":"萊爾富","category":"convenience","nameEn":"Hi-Life","brand":"萊爾富"},"geometry":{"type":"Point","coordinates":[121.45724,25.160021]}},{"type":"Feature","properties":{"id":"osm:node:2619610222","name":"7-Eleven","category":"convenience","brand":"7-Eleven","opening_hours":"24/7","address":"103台北市大同區寧夏路23號","phone":"+886 2 2556 9881","website":"https://www.7-11.com.tw/","wheelchair":"yes"},"geometry":{"type":"Point","coordinates":[121.515183,25.055152]}},{"type":"Feature","properties":{"id":"osm:node:2619659223","name":"7-Eleven","category":"convenience","brand":"7-Eleven","address":"115台北市南港區成福路145;147號"},"geometry":{"type":"Point","coordinates":[121.587901,25.041485]}},{"type":"Feature","properties":{"id":"osm:node:2619667223","name":"7-Eleven","category":"convenience","brand":"7-Eleven"},"geometry":{"type":"Point","coordinates":[121.587069,25.04634]}},{"type":"Feature","properties":{"id":"osm:node:2620454122","name":"7-Eleven","category":"convenience","brand":"7-Eleven"},"geometry":{"type":"Point","coordinates":[121.549725,25.07804]}},{"type":"Feature","properties":{"id":"osm:node:2620548005","name":"OK超商","category":"convenience","nameEn":"OK mart","brand":"OK超商"},"geometry":{"type":"Point","coordinates":[121.620965,25.039582]}},{"type":"Feature","properties":{"id":"osm:node:2620553279","name":"全家便利商店","category":"convenience","nameEn":"FamilyMart","brand":"全家便利商店","opening_hours":"24/7","address":"106台北市大安區復興南路二段153號","phone":"+886 2 27845780","website":"https://www.family.com.tw/","wheelchair":"no"},"geometry":{"type":"Point","coordinates":[121.543718,25.0283]}},{"type":"Feature","properties":{"id":"osm:node:2621123546","name":"義美食品","category":"convenience","brand":"義美食品","opening_hours":"08:00-22:00","address":"11684臺北市文山區景中街4號","phone":"+886 2 2934 6181","website":"https://www.imeifoods.com.tw","wheelchair":"yes"},"geometry":{"type":"Point","coordinates":[121.541428,24.992805]}},{"type":"Feature","properties":{"id":"osm:node:2621123793","name":"7-Eleven","category":"convenience","brand":"7-Eleven"},"geometry":{"type":"Point","coordinates":[121.548268,25.021097]}},{"type":"Feature","properties":{"id":"osm:node:2621123910","name":"萊爾富","category":"convenience","nameEn":"Hi-Life","brand":"萊爾富"},"geometry":{"type":"Point","coordinates":[121.538105,24.974297]}},{"type":"Feature","properties":{"id":"osm:node:2621123938","name":"7-Eleven","category":"convenience","brand":"7-Eleven"},"geometry":{"type":"Point","coordinates":[121.539792,24.973104]}},{"type":"Feature","properties":{"id":"osm:node:2624310281","name":"全家便利商店","category":"convenience","nameEn":"FamilyMart","brand":"全家便利商店"},"geometry":{"type":"Point","coordinates":[121.486443,24.996553]}},{"type":"Feature","properties":{"id":"osm:node:2625503717","name":"OK超商","category":"convenience","nameEn":"OK mart","brand":"OK超商"},"geometry":{"type":"Point","coordinates":[121.545156,25.079605]}},{"type":"Feature","properties":{"id":"osm:node:2625503735","name":"義美食品","category":"convenience","brand":"義美食品","address":"台北市中山區北安路558號"},"geometry":{"type":"Point","coordinates":[121.54841,25.080591]}},{"type":"Feature","properties":{"id":"osm:node:2625563969","name":"萊爾富","category":"convenience","nameEn":"Hi-Life","brand":"萊爾富","opening_hours":"Mo-Su 06:00-23:00","address":"新北市新店區安和路三段60之1號"},"geometry":{"type":"Point","coordinates":[121.518138,24.982879]}},{"type":"Feature","properties":{"id":"osm:node:2625564276","name":"7-Eleven","category":"convenience","brand":"7-Eleven","opening_hours":"24/7","address":"新北市新店區安和路三段81;83號"},"geometry":{"type":"Point","coordinates":[121.517728,24.983594]}},{"type":"Feature","properties":{"id":"osm:node:2625627540","name":"全家便利商店","category":"convenience","nameEn":"FamilyMart","brand":"全家便利商店","opening_hours":"24/7"},"geometry":{"type":"Point","coordinates":[121.516405,24.985694]}},{"type":"Feature","properties":{"id":"osm:node:2628218112","name":"萊爾富","category":"convenience","nameEn":"Hi-Life","brand":"萊爾富","wheelchair":"yes"},"geometry":{"type":"Point","coordinates":[121.517526,25.114544]}},{"type":"Feature","properties":{"id":"osm:node:2628972337","name":"全家便利商店","category":"convenience","nameEn":"FamilyMart","brand":"全家便利商店","address":"台北市文山區景興路282巷2號"},"geometry":{"type":"Point","coordinates":[121.542354,24.989699]}},{"type":"Feature","properties":{"id":"osm:node:2629403626","name":"7-Eleven","category":"convenience","brand":"7-Eleven","opening_hours":"24/7","address":"114臺北市內湖區內湖路一段737巷35號"},"geometry":{"type":"Point","coordinates":[121.578762,25.07979]}},{"type":"Feature","properties":{"id":"osm:node:2630019645","name":"全家便利商店","category":"convenience","nameEn":"FamilyMart","brand":"全家便利商店"},"geometry":{"type":"Point","coordinates":[121.528809,25.056541]}},{"type":"Feature","properties":{"id":"osm:node:2630748048","name":"7-Eleven","category":"convenience","brand":"7-Eleven","opening_hours":"24/7","address":"235新北市中和區景新街436號一樓","wheelchair":"yes"},"geometry":{"type":"Point","coordinates":[121.513057,24.988416]}},{"type":"Feature","properties":{"id":"osm:node:2630767099","name":"全家便利商店","category":"convenience","nameEn":"FamilyMart","brand":"全家便利商店","opening_hours":"24/7","address":"235新北市中和區景新街385號十一樓","wheelchair":"yes"},"geometry":{"type":"Point","coordinates":[121.512404,24.990223]}},{"type":"Feature","properties":{"id":"osm:node:2630791280","name":"7-Eleven","category":"convenience","nameEn":"7-Eleven","brand":"7-Eleven","opening_hours":"24/7","address":"235新北市中和區景新街467巷22號一樓","phone":"+886 2 8942 2088","wheelchair":"no"},"geometry":{"type":"Point","coordinates":[121.514211,24.988334]}},{"type":"Feature","properties":{"id":"osm:node:2630795346","name":"全家便利商店","category":"convenience","nameEn":"FamilyMart","brand":"全家便利商店","opening_hours":"24/7","address":"235新北市中和區景德街124號一樓","wheelchair":"yes"},"geometry":{"type":"Point","coordinates":[121.514507,24.991115]}},{"type":"Feature","properties":{"id":"osm:node:2632081265","name":"7-Eleven","category":"convenience","brand":"7-Eleven","opening_hours":"24/7","address":"114臺北市內湖區文德路99號","phone":"+886 2 8797 7622"},"geometry":{"type":"Point","coordinates":[121.583344,25.07873]}},{"type":"Feature","properties":{"id":"osm:node:2635371415","name":"7-Eleven","category":"convenience","brand":"7-Eleven","opening_hours":"24/7","address":"11681臺北市文山區羅斯福路五段21號1樓","phone":"+886 2 8663 5872","website":"https://www.7-11.com.tw/","wheelchair":"yes"},"geometry":{"type":"Point","coordinates":[121.538568,25.007903]}},{"type":"Feature","properties":{"id":"osm:node:2635371564","name":"全家便利商店","category":"convenience","nameEn":"FamilyMart","brand":"全家便利商店","opening_hours":"24/7","address":"116臺北市文山區景仁里10鄰景福街25號","phone":"+886 2 8931 3890"},"geometry":{"type":"Point","coordinates":[121.538202,24.99897]}},{"type":"Feature","properties":{"id":"osm:node:2636660243","name":"7-Eleven","category":"convenience","brand":"7-Eleven","wheelchair":"yes"},"geometry":{"type":"Point","coordinates":[121.450246,25.052706]}},{"type":"Feature","properties":{"id":"osm:node:2636660249","name":"7-Eleven","category":"convenience","brand":"7-Eleven","wheelchair":"yes"},"geometry":{"type":"Point","coordinates":[121.454566,25.053204]}},{"type":"Feature","properties":{"id":"osm:node:2638283930","name":"7-Eleven","category":"convenience","brand":"7-Eleven","opening_hours":"24/7"},"geometry":{"type":"Point","coordinates":[121.561106,25.031237]}},{"type":"Feature","properties":{"id":"osm:node:2639372748","name":"全家便利商店","category":"convenience","nameEn":"FamilyMart","brand":"全家便利商店","opening_hours":"24/7","wheelchair":"yes"},"geometry":{"type":"Point","coordinates":[121.51635,24.992376]}},{"type":"Feature","properties":{"id":"osm:node:2639373768","name":"7-Eleven","category":"convenience","brand":"7-Eleven","opening_hours":"24/7"},"geometry":{"type":"Point","coordinates":[121.517138,24.99317]}},{"type":"Feature","properties":{"id":"osm:node:2639389100","name":"7-Eleven","category":"convenience","brand":"7-Eleven","opening_hours":"24/7","address":"235新北市中和區景德街71-5號一樓","wheelchair":"yes"},"geometry":{"type":"Point","coordinates":[121.518931,24.991439]}},{"type":"Feature","properties":{"id":"osm:node:2639389420","name":"全家便利商店","category":"convenience","nameEn":"FamilyMart","brand":"全家便利商店","opening_hours":"24/7","address":"235新北市中和區景平路71-2號一樓"},"geometry":{"type":"Point","coordinates":[121.519496,24.99133]}},{"type":"Feature","properties":{"id":"osm:node:2639391178","name":"7-Eleven","category":"convenience","brand":"7-Eleven","opening_hours":"24/7"},"geometry":{"type":"Point","coordinates":[121.515204,24.993039]}},{"type":"Feature","properties":{"id":"osm:node:2645473607","name":"7-Eleven","category":"convenience","brand":"7-Eleven"},"geometry":{"type":"Point","coordinates":[121.452169,25.011684]}},{"type":"Feature","properties":{"id":"osm:node:2651256514","name":"全家便利商店","category":"convenience","nameEn":"FamilyMart","brand":"全家便利商店","opening_hours":"24/7","address":"10351臺北市大同區承德路二段41號","phone":"+886-2-2550-5051"},"geometry":{"type":"Point","coordinates":[121.518431,25.054988]}},{"type":"Feature","properties":{"id":"osm:node:2656074186","name":"7-Eleven","category":"convenience","brand":"7-Eleven"},"geometry":{"type":"Point","coordinates":[121.56396,25.052375]}},{"type":"Feature","properties":{"id":"osm:node:2656074188","name":"7-Eleven","category":"convenience","brand":"7-Eleven"},"geometry":{"type":"Point","coordinates":[121.566793,25.051558]}},{"type":"Feature","properties":{"id":"osm:node:2658740611","name":"全家便利商店","category":"convenience","nameEn":"FamilyMart","brand":"全家便利商店"},"geometry":{"type":"Point","coordinates":[121.519974,24.996585]}},{"type":"Feature","properties":{"id":"osm:node:2660806950","name":"全家便利商店","category":"convenience","nameEn":"FamilyMart","brand":"全家便利商店","address":"111台北市士林區德行東路330號","phone":"+886 2 -2831-4783"},"geometry":{"type":"Point","coordinates":[121.537504,25.110246]}},{"type":"Feature","properties":{"id":"osm:node:2660811852","name":"全家便利商店","category":"convenience","nameEn":"FamilyMart","brand":"全家便利商店","address":"111臺北市士林區德行東路109巷3號","phone":"+886 2 2831 4191"},"geometry":{"type":"Point","coordinates":[121.528273,25.107928]}},{"type":"Feature","properties":{"id":"osm:node:2660830749","name":"全家便利商店","category":"convenience","nameEn":"FamilyMart","brand":"全家便利商店","address":"111台北市士林區天母東路83號","phone":"+886 2 2872 3753"},"geometry":{"type":"Point","coordinates":[121.535463,25.118284]}},{"type":"Feature","properties":{"id":"osm:node:2660830752","name":"全家便利商店","category":"convenience","nameEn":"FamilyMart","brand":"全家便利商店"},"geometry":{"type":"Point","coordinates":[121.532642,25.117637]}},{"type":"Feature","properties":{"id":"osm:node:2660830754","name":"全家便利商店","category":"convenience","nameEn":"FamilyMart","brand":"全家便利商店","address":"111台北市士林區天母東路69巷11-9號","phone":"+886 2 2876 9215"},"geometry":{"type":"Point","coordinates":[121.533446,25.119788]}},{"type":"Feature","properties":{"id":"osm:node:2660846192","name":"全家便利商店","category":"convenience","nameEn":"FamilyMart","brand":"全家便利商店","address":"111台北市士林區忠誠路二段50巷10號","phone":"+886 2 2838 7366"},"geometry":{"type":"Point","coordinates":[121.529755,25.110884]}},{"type":"Feature","properties":{"id":"osm:node:2660847135","name":"全家便利商店","category":"convenience","nameEn":"FamilyMart","brand":"全家便利商店","opening_hours":"open","address":"111台北市士林區中山北路五段697號","phone":"+886 2 28348066","wheelchair":"yes"},"geometry":{"type":"Point","coordinates":[121.527121,25.097603]}},{"type":"Feature","properties":{"id":"osm:node:2660860100","name":"全家便利商店","category":"convenience","nameEn":"FamilyMart","brand":"全家便利商店","address":"111台北市士林區士東路86號","phone":"+886 2 2833 8941"},"geometry":{"type":"Point","coordinates":[121.52875,25.111939]}},{"type":"Feature","properties":{"id":"osm:node:2660882460","name":"全家便利商店","category":"convenience","nameEn":"FamilyMart","brand":"全家便利商店","address":"111台北市士林區士東路266巷5弄16號","phone":"+886-2-2834-3943"},"geometry":{"type":"Point","coordinates":[121.537531,25.112249]}},{"type":"Feature","properties":{"id":"osm:node:2665351767","name":"7-Eleven","category":"convenience","brand":"7-Eleven","opening_hours":"24/7","address":"11567臺北市南港區玉成街150號","phone":"+886-2-2786-3772","website":"https://www.7-11.com.tw/","wheelchair":"limited"},"geometry":{"type":"Point","coordinates":[121.583709,25.045036]}},{"type":"Feature","properties":{"id":"osm:node:2667124110","name":"7-Eleven","category":"convenience","brand":"7-Eleven"},"geometry":{"type":"Point","coordinates":[121.536506,24.980139]}},{"type":"Feature","properties":{"id":"osm:node:2667124116","name":"全家便利商店","category":"convenience","nameEn":"FamilyMart","brand":"全家便利商店","address":"231新北市新店區建國路219號"},"geometry":{"type":"Point","coordinates":[121.537526,24.981002]}},{"type":"Feature","properties":{"id":"osm:node:2668935831","name":"全家便利商店","category":"convenience","nameEn":"FamilyMart","brand":"全家便利商店","opening_hours":"24/7","address":"新北市新店區安祥路104-10號"},"geometry":{"type":"Point","coordinates":[121.479402,24.962286]}},{"type":"Feature","properties":{"id":"osm:node:2669558725","name":"7-Eleven","category":"convenience","brand":"7-Eleven","opening_hours":"24/7","address":"116台北市文山區指南路二段149號一樓","phone":"+886 2 8661 7034"},"geometry":{"type":"Point","coordinates":[121.577249,24.987427]}},{"type":"Feature","properties":{"id":"osm:node:2672528907","name":"7-Eleven","category":"convenience","brand":"7-Eleven","address":"110臺北市信義區松勤街100號"},"geometry":{"type":"Point","coordinates":[121.566906,25.031709]}},{"type":"Feature","properties":{"id":"osm:node:2672538244","name":"OK超商","category":"convenience","nameEn":"OK mart","brand":"OK超商","opening_hours":"24/7","address":"110臺北市信義區吳興街284巷21弄2號"},"geometry":{"type":"Point","coordinates":[121.563347,25.023357]}},{"type":"Feature","properties":{"id":"osm:node:2672538247","name":"7-Eleven","category":"convenience","brand":"7-Eleven","opening_hours":"24/7","address":"110臺北市信義區吳興街284巷18弄2號1F樓","wheelchair":"yes"},"geometry":{"type":"Point","coordinates":[121.563547,25.024585]}},{"type":"Feature","properties":{"id":"osm:node:2672539795","name":"小雜貨店","category":"convenience"},"geometry":{"type":"Point","coordinates":[121.571375,25.025191]}},{"type":"Feature","properties":{"id":"osm:node:2672864421","name":"7-Eleven","category":"convenience","brand":"7-Eleven"},"geometry":{"type":"Point","coordinates":[121.578565,25.035823]}},{"type":"Feature","properties":{"id":"osm:node:2676398208","name":"OK超商","category":"convenience","nameEn":"OK mart","brand":"OK超商","wheelchair":"no"},"geometry":{"type":"Point","coordinates":[121.453058,25.052375]}},{"type":"Feature","properties":{"id":"osm:node:2676398221","name":"全家便利商店","category":"convenience","nameEn":"FamilyMart","brand":"全家便利商店","wheelchair":"limited"},"geometry":{"type":"Point","coordinates":[121.454792,25.053404]}},{"type":"Feature","properties":{"id":"osm:node:2677242556","name":"全家便利商店","category":"convenience","nameEn":"FamilyMart","brand":"全家便利商店","opening_hours":"24/7","address":"110臺北市信義區莊敬路347號"},"geometry":{"type":"Point","coordinates":[121.564892,25.027542]}},{"type":"Feature","properties":{"id":"osm:node:2677242558","name":"全家便利商店","category":"convenience","nameEn":"FamilyMart","brand":"全家便利商店","opening_hours":"24/7","address":"110臺北市信義區吳興街263號"},"geometry":{"type":"Point","coordinates":[121.563835,25.027015]}},{"type":"Feature","properties":{"id":"osm:node:2677242560","name":"7-Eleven","category":"convenience","brand":"7-Eleven","opening_hours":"24/7","address":"110臺北市信義區吳興街252號"},"geometry":{"type":"Point","coordinates":[121.563723,25.027147]}},{"type":"Feature","properties":{"id":"osm:node:2677242562","name":"全家便利商店","category":"convenience","nameEn":"FamilyMart","brand":"全家便利商店","address":"110臺北市信義區吳興街334號","wheelchair":"yes"},"geometry":{"type":"Point","coordinates":[121.566095,25.026235]}},{"type":"Feature","properties":{"id":"osm:node:2680607315","name":"7-Eleven","category":"convenience","brand":"7-Eleven"},"geometry":{"type":"Point","coordinates":[121.542449,25.042908]}},{"type":"Feature","properties":{"id":"osm:node:2682110117","name":"7-Eleven","category":"convenience","brand":"7-Eleven","opening_hours":"24/7","address":"台北市松山區八德路三段20-2號","wheelchair":"yes"},"geometry":{"type":"Point","coordinates":[121.55125,25.048034]}},{"type":"Feature","properties":{"id":"osm:node:2682110223","name":"義美食品","category":"convenience","brand":"義美食品","address":"新北市新店區中正路265-2號1樓"},"geometry":{"type":"Point","coordinates":[121.537922,24.974037]}},{"type":"Feature","properties":{"id":"osm:node:2683414745","name":"7-Eleven","category":"convenience","brand":"7-Eleven","opening_hours":"24/7"},"geometry":{"type":"Point","coordinates":[121.505418,24.995595]}},{"type":"Feature","properties":{"id":"osm:node:2686131473","name":"7-Eleven","category":"convenience","brand":"7-Eleven","opening_hours":"24/7","address":"220014新北市板橋區陽明街23巷29號1樓","phone":"+886 2 2255 6976","website":"https://www.7-11.com.tw/","wheelchair":"limited"},"geometry":{"type":"Point","coordinates":[121.465934,25.020521]}},{"type":"Feature","properties":{"id":"osm:node:2686831976","name":"7-Eleven","category":"convenience","brand":"7-Eleven","address":"台北市北投區湖山路一段12號","wheelchair":"no"},"geometry":{"type":"Point","coordinates":[121.54748,25.152542]}},{"type":"Feature","properties":{"id":"osm:node:2690911889","name":"全家便利商店","category":"convenience","nameEn":"FamilyMart","brand":"全家便利商店","opening_hours":"24/7","website":"https://www.family.com.tw/"},"geometry":{"type":"Point","coordinates":[121.536888,25.041129]}},{"type":"Feature","properties":{"id":"osm:node:2690911893","name":"全家便利商店","category":"convenience","nameEn":"FamilyMart","brand":"全家便利商店","opening_hours":"24/7","website":"https://www.family.com.tw/"},"geometry":{"type":"Point","coordinates":[121.533509,25.040287]}},{"type":"Feature","properties":{"id":"osm:node:2690911897","name":"7-Eleven","category":"convenience","brand":"7-Eleven","opening_hours":"24/7","address":"臺北市大安區濟南路三段12之3號","wheelchair":"yes"},"geometry":{"type":"Point","coordinates":[121.533908,25.040068]}},{"type":"Feature","properties":{"id":"osm:node:2699632217","name":"7-Eleven","category":"convenience","brand":"7-Eleven","opening_hours":"24/7","address":"10842臺北市萬華區西寧南路16號","phone":"+886 2 2388 4024","wheelchair":"limited"},"geometry":{"type":"Point","coordinates":[121.50684,25.046459]}},{"type":"Feature","properties":{"id":"osm:node:2700931704","name":"萊爾富","category":"convenience","nameEn":"Hi-Life","brand":"萊爾富"},"geometry":{"type":"Point","coordinates":[121.638094,25.059283]}},{"type":"Feature","properties":{"id":"osm:node:2712088544","name":"全家便利商店","category":"convenience","nameEn":"FamilyMart","brand":"全家便利商店","opening_hours":"24/7","address":"220072新北市板橋區新民街39號","phone":"+886 2 2954 5946;+886 2 7709 6189","website":"https://www.family.com.tw/","wheelchair":"yes"},"geometry":{"type":"Point","coordinates":[121.463915,25.010665]}},{"type":"Feature","properties":{"id":"osm:node:2713719714","name":"7-Eleven","category":"convenience","brand":"7-Eleven"},"geometry":{"type":"Point","coordinates":[121.547785,25.052473]}},{"type":"Feature","properties":{"id":"osm:node:2717052414","name":"7-Eleven","category":"convenience","brand":"7-Eleven","wheelchair":"yes"},"geometry":{"type":"Point","coordinates":[121.463821,25.014056]}},{"type":"Feature","properties":{"id":"osm:node:2723557826","name":"7-Eleven","category":"convenience","brand":"7-Eleven","opening_hours":"24/7","address":"24754新北市蘆洲區復興路322號","phone":"+886-2-2847-3199","website":"https://www.7-11.com.tw/"},"geometry":{"type":"Point","coordinates":[121.481859,25.090243]}},{"type":"Feature","properties":{"id":"osm:node:2724667931","name":"全家便利商店","category":"convenience","nameEn":"FamilyMart","brand":"全家便利商店","opening_hours":"24/7","address":"106台北市大安區信義路四段1之10號","phone":"+886 2 2704 8404","website":"http://www.family.com.tw/"},"geometry":{"type":"Point","coordinates":[121.543942,25.033568]}},{"type":"Feature","properties":{"id":"osm:node:2724716678","name":"全家便利商店","category":"convenience","nameEn":"FamilyMart","brand":"全家便利商店","opening_hours":"24/7","address":"106台北市大安區大安路一段20號","phone":"+886-2-27117896","website":"http://www.family.com.tw/"},"geometry":{"type":"Point","coordinates":[121.546131,25.044159]}},{"type":"Feature","properties":{"id":"osm:node:2727242735","name":"7-Eleven","category":"convenience","brand":"7-Eleven","opening_hours":"24/7","address":"10053臺北市中正區青島東路4號","phone":"+886-2-2351-6965","website":"https://www.7-11.com.tw/"},"geometry":{"type":"Point","coordinates":[121.52139,25.043874]}},{"type":"Feature","properties":{"id":"osm:node:2730537703","name":"7-Eleven","category":"convenience","brand":"7-Eleven","opening_hours":"24/7","address":"10050臺北市中正區林森南路4-3號","phone":"+886-2-2357-7481","website":"https://www.7-11.com.tw/"},"geometry":{"type":"Point","coordinates":[121.522861,25.043737]}},{"type":"Feature","properties":{"id":"osm:node:2731450085","name":"全家便利商店","category":"convenience","nameEn":"FamilyMart","brand":"全家便利商店","opening_hours":"24/7"},"geometry":{"type":"Point","coordinates":[121.512185,24.986792]}},{"type":"Feature","properties":{"id":"osm:node:2736679087","name":"全家便利商店","category":"convenience","nameEn":"FamilyMart","brand":"全家便利商店","opening_hours":"24/7","address":"235新北市中和區仁愛街36號十一樓"},"geometry":{"type":"Point","coordinates":[121.510924,24.988377]}},{"type":"Feature","properties":{"id":"osm:node:2747611271","name":"7-Eleven","category":"convenience","brand":"7-Eleven","opening_hours":"24/7","address":"10052臺北市中正區林森南路53;55號","phone":"+886-2-2392-8922","website":"https://www.7-11.com.tw/","wheelchair":"yes"},"geometry":{"type":"Point","coordinates":[121.522104,25.040137]}},{"type":"Feature","properties":{"id":"osm:node:2747611273","name":"全家便利商店","category":"convenience","nameEn":"FamilyMart","brand":"全家便利商店","opening_hours":"24/7","address":"10052臺北市中正區林森南路57號","phone":"+886-2-2351-9110","website":"https://www.family.com.tw/"},"geometry":{"type":"Point","coordinates":[121.522028,25.039899]}},{"type":"Feature","properties":{"id":"osm:node:2755478356","name":"萊爾富","category":"convenience","nameEn":"Hi-Life","brand":"萊爾富","opening_hours":"24/7","address":"10050臺北市中正區紹興南街4-12號","phone":"+886-2-2322-4009","website":"http://www.hilife.com.tw/"},"geometry":{"type":"Point","coordinates":[121.524678,25.043302]}},{"type":"Feature","properties":{"id":"osm:node:2756550028","name":"7-Eleven","category":"convenience","brand":"7-Eleven"},"geometry":{"type":"Point","coordinates":[121.653387,25.062374]}},{"type":"Feature","properties":{"id":"osm:node:2758498901","name":"全家便利商店","category":"convenience","nameEn":"FamilyMart","brand":"全家便利商店","opening_hours":"24/7","address":"10047臺北市中正區館前路36號","phone":"+886 2 2389-9169","wheelchair":"no"},"geometry":{"type":"Point","coordinates":[121.514891,25.044597]}},{"type":"Feature","properties":{"id":"osm:node:2760029675","name":"7-Eleven","category":"convenience","brand":"7-Eleven","address":"106台北市大安區安居街33號","phone":"+886 2 27332560","wheelchair":"yes"},"geometry":{"type":"Point","coordinates":[121.554408,25.020388]}},{"type":"Feature","properties":{"id":"osm:node:2760029680","name":"全家便利商店","category":"convenience","nameEn":"FamilyMart","brand":"全家便利商店","address":"106台北市大安區安居街76號","phone":"+886 2 27375452"},"geometry":{"type":"Point","coordinates":[121.553346,25.019701]}},{"type":"Feature","properties":{"id":"osm:node:2760032805","name":"OK超商","category":"convenience","nameEn":"OK mart","brand":"OK超商","address":"106台北市大安區臥龍街151巷35號","phone":"+886 2 27373299"},"geometry":{"type":"Point","coordinates":[121.552721,25.020226]}},{"type":"Feature","properties":{"id":"osm:node:2760411457","name":"7-Eleven","category":"convenience","brand":"7-Eleven","opening_hours":"24/7","wheelchair":"yes"},"geometry":{"type":"Point","coordinates":[121.542826,25.047179]}},{"type":"Feature","properties":{"id":"osm:node:2770015691","name":"7-Eleven","category":"convenience","brand":"7-Eleven","address":"104台北市中山區長安東路二段99號"},"geometry":{"type":"Point","coordinates":[121.535098,25.048541]}},{"type":"Feature","properties":{"id":"osm:node:2772750433","name":"全家便利商店","category":"convenience","nameEn":"FamilyMart","brand":"全家便利商店","address":"231新北市新店區民權路72號"},"geometry":{"type":"Point","coordinates":[121.538225,24.98309]}},{"type":"Feature","properties":{"id":"osm:node:2772752674","name":"全家便利商店","category":"convenience","nameEn":"FamilyMart","brand":"全家便利商店","opening_hours":"Mo-Su,PH 00:00-00:00","address":"231新北市新店區二十張路3號","phone":"+886 2 89193666","wheelchair":"yes"},"geometry":{"type":"Point","coordinates":[121.5403,24.982739]}},{"type":"Feature","properties":{"id":"osm:node:2776702819","name":"7-Eleven","category":"convenience","brand":"7-Eleven"},"geometry":{"type":"Point","coordinates":[121.522298,25.000853]}},{"type":"Feature","properties":{"id":"osm:node:2782992086","name":"7-Eleven","category":"convenience","brand":"7-Eleven"},"geometry":{"type":"Point","coordinates":[121.452121,25.03997]}},{"type":"Feature","properties":{"id":"osm:node:2784759537","name":"7-Eleven","category":"convenience","brand":"7-Eleven","address":"220新北市板橋區南雅東路31-7號"},"geometry":{"type":"Point","coordinates":[121.454345,25.00609]}},{"type":"Feature","properties":{"id":"osm:node:2784761336","name":"全家便利商店","category":"convenience","nameEn":"FamilyMart","brand":"全家便利商店","address":"220新北市板橋區府中路129號"},"geometry":{"type":"Point","coordinates":[121.455886,25.009445]}},{"type":"Feature","properties":{"id":"osm:node:2784782235","name":"7-Eleven","category":"convenience","brand":"7-Eleven","address":"220新北市板橋區府中路84號"},"geometry":{"type":"Point","coordinates":[121.456293,25.009611]}},{"type":"Feature","properties":{"id":"osm:node:2787426156","name":"全家便利商店","category":"convenience","nameEn":"FamilyMart","brand":"全家便利商店"},"geometry":{"type":"Point","coordinates":[121.550671,25.040753]}},{"type":"Feature","properties":{"id":"osm:node:2787426159","name":"7-Eleven","category":"convenience","brand":"7-Eleven"},"geometry":{"type":"Point","coordinates":[121.550624,25.040527]}},{"type":"Feature","properties":{"id":"osm:node:2787513572","name":"全家便利商店","category":"convenience","nameEn":"FamilyMart","brand":"全家便利商店","address":"106台北市大安區仁愛路四段151巷34號","wheelchair":"limited"},"geometry":{"type":"Point","coordinates":[121.551683,25.040221]}},{"type":"Feature","properties":{"id":"osm:node:2799084313","name":"To Ko lndo Yes","category":"convenience"},"geometry":{"type":"Point","coordinates":[121.592763,25.081661]}},{"type":"Feature","properties":{"id":"osm:node:2799084314","name":"湯淺電池","category":"convenience"},"geometry":{"type":"Point","coordinates":[121.592892,25.081514]}},{"type":"Feature","properties":{"id":"osm:node:2799084325","name":"義美食品","category":"convenience"},"geometry":{"type":"Point","coordinates":[121.59259,25.08188]}},{"type":"Feature","properties":{"id":"osm:node:2804082764","name":"7-Eleven","category":"convenience","brand":"7-Eleven","wheelchair":"limited"},"geometry":{"type":"Point","coordinates":[121.457952,25.063608]}},{"type":"Feature","properties":{"id":"osm:node:2804197592","name":"幸良商店","category":"convenience"},"geometry":{"type":"Point","coordinates":[121.501944,25.022094]}},{"type":"Feature","properties":{"id":"osm:node:2804200285","name":"全家便利商店","category":"convenience","nameEn":"FamilyMart","brand":"全家便利商店","opening_hours":"24/7","website":"https://www.family.com.tw/"},"geometry":{"type":"Point","coordinates":[121.503989,25.025456]}},{"type":"Feature","properties":{"id":"osm:node:2804200289","name":"全家便利商店","category":"convenience","nameEn":"FamilyMart","brand":"全家便利商店"},"geometry":{"type":"Point","coordinates":[121.502391,25.021041]}},{"type":"Feature","properties":{"id":"osm:node:2804200293","name":"7-Eleven","category":"convenience","brand":"7-Eleven"},"geometry":{"type":"Point","coordinates":[121.502385,25.021555]}},{"type":"Feature","properties":{"id":"osm:node:2804350768","name":"萊爾富","category":"convenience","nameEn":"Hi-Life","brand":"萊爾富","opening_hours":"24/7","address":"115003臺北市南港區南港路二段2號一樓","wheelchair":"yes"},"geometry":{"type":"Point","coordinates":[121.606,25.054379]}},{"type":"Feature","properties":{"id":"osm:node:2816066961","name":"7-Eleven","category":"convenience","brand":"7-Eleven","opening_hours":"24/7","address":"114臺北市內湖區成功路三段201號","phone":"+886 2 8792 0524","website":"https://www.7-11.com.tw/"},"geometry":{"type":"Point","coordinates":[121.591025,25.080595]}},{"type":"Feature","properties":{"id":"osm:node:2819773593","name":"全家便利商店","category":"convenience","nameEn":"FamilyMart","brand":"全家便利商店","opening_hours":"24/7","address":"10081臺北市中正區汀州路二段216號","phone":"+886 2 2364 2756;+886 2 7709 5860","website":"https://www.family.com.tw/","wheelchair":"yes"},"geometry":{"type":"Point","coordinates":[121.523819,25.022288]}},{"type":"Feature","properties":{"id":"osm:node:2820083477","name":"全家便利商店","category":"convenience","nameEn":"FamilyMart","brand":"全家便利商店","opening_hours":"24/7","address":"220008新北市板橋區民生路三段27號1樓","phone":"+886 2 2254 1621;+886 2 7729 4258","website":"https://www.family.com.tw/"},"geometry":{"type":"Point","coordinates":[121.466982,25.023937]}},{"type":"Feature","properties":{"id":"osm:node:2822583084","name":"拉亞商行","category":"convenience"},"geometry":{"type":"Point","coordinates":[121.591062,25.082692]}},{"type":"Feature","properties":{"id":"osm:node:2824163979","name":"7-Eleven","category":"convenience","brand":"7-Eleven","address":"114台北市內湖區星雲街136號"},"geometry":{"type":"Point","coordinates":[121.595055,25.079849]}},{"type":"Feature","properties":{"id":"osm:node:2824652507","name":"7-Eleven","category":"convenience","brand":"7-Eleven","address":"106臺北市大安區忠孝東路三段248巷9號"},"geometry":{"type":"Point","coordinates":[121.541416,25.041025]}},{"type":"Feature","properties":{"id":"osm:node:2825607101","name":"7-Eleven","category":"convenience","brand":"7-Eleven","address":"105台北市松山區北寧路66號","wheelchair":"yes"},"geometry":{"type":"Point","coordinates":[121.5528,25.050884]}},{"type":"Feature","properties":{"id":"osm:node:2825633136","name":"萊爾富","category":"convenience","nameEn":"Hi-Life","brand":"萊爾富"},"geometry":{"type":"Point","coordinates":[121.505271,24.980589]}},{"type":"Feature","properties":{"id":"osm:node:2826048600","name":"全家便利商店","category":"convenience","nameEn":"FamilyMart","brand":"全家便利商店"},"geometry":{"type":"Point","coordinates":[121.586822,25.088264]}},{"type":"Feature","properties":{"id":"osm:node:2826073644","name":"7-Eleven","category":"convenience","brand":"7-Eleven"},"geometry":{"type":"Point","coordinates":[121.494527,25.070649]}},{"type":"Feature","properties":{"id":"osm:node:2828415229","name":"7-Eleven","category":"convenience","brand":"7-Eleven"},"geometry":{"type":"Point","coordinates":[121.575069,25.082989]}},{"type":"Feature","properties":{"id":"osm:node:2828415260","name":"7-Eleven","category":"convenience","brand":"7-Eleven","address":"114臺北市內湖區環山路二段53巷81;83號一樓"},"geometry":{"type":"Point","coordinates":[121.574745,25.084846]}},{"type":"Feature","properties":{"id":"osm:node:283529477","name":"7-Eleven","category":"convenience","brand":"7-Eleven"},"geometry":{"type":"Point","coordinates":[121.523489,25.069888]}},{"type":"Feature","properties":{"id":"osm:node:2838917842","name":"萊爾富","category":"convenience","nameEn":"Hi-Life","brand":"萊爾富"},"geometry":{"type":"Point","coordinates":[121.505459,24.97956]}},{"type":"Feature","properties":{"id":"osm:node:2839793682","name":"全家便利商店","category":"convenience","nameEn":"FamilyMart","brand":"全家便利商店","opening_hours":"24/7","address":"新北市新店區北新路三段126號","phone":"+886 2 89145497","website":"https://www.family.com.tw/"},"geometry":{"type":"Point","coordinates":[121.541732,24.981708]}},{"type":"Feature","properties":{"id":"osm:node:2850324307","name":"7-Eleven","category":"convenience","brand":"7-Eleven","opening_hours":"24/7","address":"10842臺北市萬華區漢口街二段73號1樓","phone":"+886-2-2331-1176","wheelchair":"yes"},"geometry":{"type":"Point","coordinates":[121.505124,25.046182]}},{"type":"Feature","properties":{"id":"osm:node:2850324309","name":"7-Eleven","category":"convenience","brand":"7-Eleven","opening_hours":"24/7","address":"10844臺北市萬華區峨嵋街111-2、111-3號","phone":"+886 2 2370 4539","website":"https://www.7-11.com.tw/","wheelchair":"yes"},"geometry":{"type":"Point","coordinates":[121.503935,25.044291]}},{"type":"Feature","properties":{"id":"osm:node:2850324310","name":"全家便利商店","category":"convenience","nameEn":"FamilyMart","brand":"全家便利商店","opening_hours":"24/7","address":"10844臺北市萬華區峨眉街82號","phone":"+886 2 2371 1411;+886 2 7730 1490","website":"https://www.family.com.tw/","wheelchair":"yes"},"geometry":{"type":"Point","coordinates":[121.504052,25.044099]}},{"type":"Feature","properties":{"id":"osm:node:2857251163","name":"福利社","category":"convenience"},"geometry":{"type":"Point","coordinates":[121.537553,24.972082]}},{"type":"Feature","properties":{"id":"osm:node:2857339635","name":"7-Eleven","category":"convenience","nameEn":"7-Eleven","brand":"7-Eleven","opening_hours":"24/7","wheelchair":"yes"},"geometry":{"type":"Point","coordinates":[121.549608,25.050963]}},{"type":"Feature","properties":{"id":"osm:node:2858490222","name":"福利社","category":"convenience"},"geometry":{"type":"Point","coordinates":[121.550424,25.036553]}},{"type":"Feature","properties":{"id":"osm:node:2866643015","name":"全家便利商店","category":"convenience","nameEn":"FamilyMart","brand":"全家便利商店"},"geometry":{"type":"Point","coordinates":[121.459592,25.059693]}},{"type":"Feature","properties":{"id":"osm:node:2866653851","name":"7-Eleven","category":"convenience","brand":"7-Eleven","address":"116台北市文山區羅斯福路六段20;22號","wheelchair":"yes"},"geometry":{"type":"Point","coordinates":[121.539497,25.000004]}},{"type":"Feature","properties":{"id":"osm:node:2876179606","name":"7-Eleven","category":"convenience","brand":"7-Eleven","opening_hours":"24/7","address":"10047臺北市中正區信陽街2-1號","phone":"+886 2 2389 8704","website":"https://www.7-11.com.tw/","wheelchair":"yes"},"geometry":{"type":"Point","coordinates":[121.516649,25.044578]}},{"type":"Feature","properties":{"id":"osm:node:2880238722","name":"全家便利商店","category":"convenience","nameEn":"FamilyMart","brand":"全家便利商店","opening_hours":"24/7","address":"10481臺北市中山區長安東路二段216號","phone":"+886 2 7709 5816;+886 2 2740 5515","website":"https://www.family.com.tw/"},"geometry":{"type":"Point","coordinates":[121.542641,25.048156]}},{"type":"Feature","properties":{"id":"osm:node:2880238723","name":"OK超商","category":"convenience","nameEn":"OK mart","brand":"OK超商"},"geometry":{"type":"Point","coordinates":[121.540556,25.049269]}},{"type":"Feature","properties":{"id":"osm:node:2887583318","name":"7-Eleven","category":"convenience","brand":"7-Eleven"},"geometry":{"type":"Point","coordinates":[121.555108,25.058062]}},{"type":"Feature","properties":{"id":"osm:node:2888693470","name":"全家便利商店","category":"convenience","nameEn":"FamilyMart","brand":"全家便利商店"},"geometry":{"type":"Point","coordinates":[121.47817,24.998089]}},{"type":"Feature","properties":{"id":"osm:node:2892586248","name":"全家便利商店","category":"convenience","nameEn":"FamilyMart","brand":"全家便利商店"},"geometry":{"type":"Point","coordinates":[121.470187,25.000492]}},{"type":"Feature","properties":{"id":"osm:node:2895255106","name":"雙益商店","category":"convenience"},"geometry":{"type":"Point","coordinates":[121.651458,25.005836]}},{"type":"Feature","properties":{"id":"osm:node:2895255107","name":"7-Eleven","category":"convenience","brand":"7-Eleven","opening_hours":"24/7","address":"新北市石碇區碇坪路一段2號"},"geometry":{"type":"Point","coordinates":[121.651485,25.006241]}},{"type":"Feature","properties":{"id":"osm:node:2895255108","name":"全家便利商店","category":"convenience","nameEn":"FamilyMart","brand":"全家便利商店","opening_hours":"24/7","address":"新北市石碇區碇坪路一段8號"},"geometry":{"type":"Point","coordinates":[121.651436,25.006177]}},{"type":"Feature","properties":{"id":"osm:node:2896617000","name":"萊爾富","category":"convenience","nameEn":"Hi-Life","brand":"萊爾富","wheelchair":"yes"},"geometry":{"type":"Point","coordinates":[121.454501,25.049403]}},{"type":"Feature","properties":{"id":"osm:node:2898501478","name":"全家便利商店","category":"convenience","nameEn":"FamilyMart","brand":"全家便利商店","opening_hours":"PH,Mo-Su 00:00-24:00","address":"105台北市松山區民生東路四段95號","wheelchair":"limited"},"geometry":{"type":"Point","coordinates":[121.552004,25.058085]}},{"type":"Feature","properties":{"id":"osm:node:2903618201","name":"7-Eleven","category":"convenience","brand":"7-Eleven","opening_hours":"24/7","address":"新北市板橋區文化路二段227;229號","wheelchair":"limited"},"geometry":{"type":"Point","coordinates":[121.470852,25.028559]}},{"type":"Feature","properties":{"id":"osm:node:2910438204","name":"全家便利商店","category":"convenience","nameEn":"FamilyMart","brand":"全家便利商店","opening_hours":"24/7","address":"22055新北市板橋區館前西路128號","phone":"+886 2 29655570","website":"https://www.family.com.tw/"},"geometry":{"type":"Point","coordinates":[121.45657,25.007893]}},{"type":"Feature","properties":{"id":"osm:node:2910438519","name":"7-Eleven","category":"convenience","brand":"7-Eleven"},"geometry":{"type":"Point","coordinates":[121.45605,25.006717]}},{"type":"Feature","properties":{"id":"osm:node:2912508477","name":"全家便利商店","category":"convenience","nameEn":"FamilyMart","brand":"全家便利商店","wheelchair":"yes"},"geometry":{"type":"Point","coordinates":[121.451352,25.171262]}},{"type":"Feature","properties":{"id":"osm:node:2912527501","name":"7-Eleven","category":"convenience","brand":"7-Eleven","wheelchair":"yes"},"geometry":{"type":"Point","coordinates":[121.452285,25.174456]}},{"type":"Feature","properties":{"id":"osm:node:2917158414","name":"7-Eleven","category":"convenience","brand":"7-Eleven"},"geometry":{"type":"Point","coordinates":[121.632171,25.069642]}},{"type":"Feature","properties":{"id":"osm:node:2917441717","name":"萊爾富","category":"convenience","nameEn":"Hi-Life","brand":"萊爾富","opening_hours":"Mo-Su 07:00-22:00","address":"106臺北市大安區學府里16鄰辛亥路三段30號","wheelchair":"yes"},"geometry":{"type":"Point","coordinates":[121.544381,25.020467]}},{"type":"Feature","properties":{"id":"osm:node:2918840648","name":"7-Eleven","category":"convenience","brand":"7-Eleven","address":"108台北市萬華區長沙街二段87號","wheelchair":"yes"},"geometry":{"type":"Point","coordinates":[121.504844,25.040617]}},{"type":"Feature","properties":{"id":"osm:node:2918841885","name":"全家便利商店","category":"convenience","nameEn":"FamilyMart","brand":"全家便利商店","opening_hours":"24/7","address":"10845臺北市萬華區康定路73號","phone":"+886 2 2389 9260","website":"https://www.family.com.tw/","wheelchair":"limited"},"geometry":{"type":"Point","coordinates":[121.502263,25.040653]}},{"type":"Feature","properties":{"id":"osm:node:2918859892","name":"全家便利商店","category":"convenience","nameEn":"FamilyMart","brand":"全家便利商店","opening_hours":"24/7","address":"108012臺北市萬華區桂林路23號1樓","phone":"+886 2 2331 8161;+886 2 7713 4952","website":"https://www.family.com.tw/","wheelchair":"yes"},"geometry":{"type":"Point","coordinates":[121.505058,25.037902]}},{"type":"Feature","properties":{"id":"osm:node:2918859894","name":"7-Eleven","category":"convenience","brand":"7-Eleven","opening_hours":"24/7","address":"108臺北市萬華區漢中街197號","wheelchair":"limited"},"geometry":{"type":"Point","coordinates":[121.506828,25.041155]}},{"type":"Feature","properties":{"id":"osm:node:2923101923","name":"7-Eleven","category":"convenience","brand":"7-Eleven","opening_hours":"24/7","address":"112台北市北投區自強街82號"},"geometry":{"type":"Point","coordinates":[121.514616,25.110539]}},{"type":"Feature","properties":{"id":"osm:node:2924915289","name":"日日春便利商店","category":"convenience","address":"新北市中和區南華路15號1樓","wheelchair":"limited"},"geometry":{"type":"Point","coordinates":[121.502449,24.995675]}},{"type":"Feature","properties":{"id":"osm:node:2924915290","name":"全家便利商店","category":"convenience","nameEn":"FamilyMart","brand":"全家便利商店","address":"新北市中和區景平路433號1樓","wheelchair":"yes"},"geometry":{"type":"Point","coordinates":[121.50107,24.995702]}},{"type":"Feature","properties":{"id":"osm:node:2924915291","name":"7-Eleven","category":"convenience","brand":"7-Eleven","address":"新北市中和區泰和街25號1樓"},"geometry":{"type":"Point","coordinates":[121.499502,25.000073]}},{"type":"Feature","properties":{"id":"osm:node:2924915295","name":"印尼便利商店TOKO INDO ISABELLA","category":"convenience"},"geometry":{"type":"Point","coordinates":[121.500873,25.002626]}},{"type":"Feature","properties":{"id":"osm:node:2924915546","name":"全家便利商店","category":"convenience","nameEn":"FamilyMart","brand":"全家便利商店","address":"新北市中和區南華路65號1樓","wheelchair":"yes"},"geometry":{"type":"Point","coordinates":[121.504454,24.997262]}},{"type":"Feature","properties":{"id":"osm:node:2924915548","name":"7-Eleven","category":"convenience","brand":"7-Eleven","address":"新北市中和區南山路127巷18弄42號"},"geometry":{"type":"Point","coordinates":[121.503501,24.996431]}},{"type":"Feature","properties":{"id":"osm:node:2924917839","name":"7-Eleven","category":"convenience","brand":"7-Eleven","address":"新北市中和區南華路16號1樓","wheelchair":"limited"},"geometry":{"type":"Point","coordinates":[121.502425,24.995509]}},{"type":"Feature","properties":{"id":"osm:node:2924917840","name":"7-Eleven","category":"convenience","brand":"7-Eleven","address":"新北市中和區景平路429號1樓","wheelchair":"limited"},"geometry":{"type":"Point","coordinates":[121.501444,24.995314]}},{"type":"Feature","properties":{"id":"osm:node:2924917848","name":"萊爾富","category":"convenience","nameEn":"Hi-Life","brand":"萊爾富","address":"235新北市中和區圓通路2號"},"geometry":{"type":"Point","coordinates":[121.501791,24.998058]}},{"type":"Feature","properties":{"id":"osm:node:2924918297","name":"萊爾富","category":"convenience","nameEn":"Hi-Life","brand":"萊爾富","address":"新北市中和區泰和街10號1樓"},"geometry":{"type":"Point","coordinates":[121.499824,25.001188]}},{"type":"Feature","properties":{"id":"osm:node:2924918332","name":"7-Eleven","category":"convenience","brand":"7-Eleven"},"geometry":{"type":"Point","coordinates":[121.50201,24.998653]}},{"type":"Feature","properties":{"id":"osm:node:2926239454","name":"全家便利商店","category":"convenience","nameEn":"FamilyMart","brand":"全家便利商店","wheelchair":"limited"},"geometry":{"type":"Point","coordinates":[121.504404,25.041452]}},{"type":"Feature","properties":{"id":"osm:node:2928857201","name":"7-Eleven","category":"convenience","brand":"7-Eleven","wheelchair":"yes"},"geometry":{"type":"Point","coordinates":[121.451314,25.17406]}},{"type":"Feature","properties":{"id":"osm:node:2931294190","name":"全家便利商店","category":"convenience","nameEn":"FamilyMart","brand":"全家便利商店","address":"231新北市新店區溪園路401號"},"geometry":{"type":"Point","coordinates":[121.524101,24.977924]}},{"type":"Feature","properties":{"id":"osm:node:2931294192","name":"全家便利商店","category":"convenience","nameEn":"FamilyMart","brand":"全家便利商店","address":"231新北市新店區溪園路389號"},"geometry":{"type":"Point","coordinates":[121.523499,24.97915]}},{"type":"Feature","properties":{"id":"osm:node:2935624098","name":"全家便利商店","category":"convenience","nameEn":"FamilyMart","brand":"全家便利商店","wheelchair":"no"},"geometry":{"type":"Point","coordinates":[121.459881,25.066142]}},{"type":"Feature","properties":{"id":"osm:node:2935625604","name":"7-Eleven","category":"convenience","brand":"7-Eleven","wheelchair":"limited"},"geometry":{"type":"Point","coordinates":[121.458235,25.065464]}},{"type":"Feature","properties":{"id":"osm:node:2935625605","name":"7-Eleven","category":"convenience","brand":"7-Eleven","wheelchair":"no"},"geometry":{"type":"Point","coordinates":[121.459686,25.066347]}},{"type":"Feature","properties":{"id":"osm:node:2935705793","name":"7-Eleven","category":"convenience","brand":"7-Eleven","wheelchair":"limited"},"geometry":{"type":"Point","coordinates":[121.528041,25.065003]}},{"type":"Feature","properties":{"id":"osm:node:2935705796","name":"7-Eleven","category":"convenience","brand":"7-Eleven","address":"臺北市中山區農安街28之2號"},"geometry":{"type":"Point","coordinates":[121.526453,25.064797]}},{"type":"Feature","properties":{"id":"osm:node:2935705798","name":"7-Eleven","category":"convenience","brand":"7-Eleven"},"geometry":{"type":"Point","coordinates":[121.525508,25.065042]}},{"type":"Feature","properties":{"id":"osm:node:2937868071","name":"7-Eleven","category":"convenience","brand":"7-Eleven"},"geometry":{"type":"Point","coordinates":[121.533875,24.973004]}},{"type":"Feature","properties":{"id":"osm:node:2937894303","name":"7-Eleven","category":"convenience","brand":"7-Eleven","address":"116台北市文山區景華街130號","wheelchair":"yes"},"geometry":{"type":"Point","coordinates":[121.54708,24.995758]}},{"type":"Feature","properties":{"id":"osm:node:2937894304","name":"全家便利商店","category":"convenience","nameEn":"FamilyMart","brand":"全家便利商店","address":"116台北市文山區景華街75號"},"geometry":{"type":"Point","coordinates":[121.545445,24.995282]}},{"type":"Feature","properties":{"id":"osm:node:2938450957","name":"全家便利商店","category":"convenience","nameEn":"FamilyMart","brand":"全家便利商店"},"geometry":{"type":"Point","coordinates":[121.530221,24.973422]}},{"type":"Feature","properties":{"id":"osm:node:2938450958","name":"7-Eleven","category":"convenience","brand":"7-Eleven"},"geometry":{"type":"Point","coordinates":[121.529902,24.973498]}},{"type":"Feature","properties":{"id":"osm:node:2947927718","name":"全家便利商店","category":"convenience","nameEn":"FamilyMart","brand":"全家便利商店","address":"104台北市中山區林森北路630號"},"geometry":{"type":"Point","coordinates":[121.525572,25.067595]}},{"type":"Feature","properties":{"id":"osm:node:2949195368","name":"7-Eleven","category":"convenience","brand":"7-Eleven","address":"116台北市文山區景興路113;115號"},"geometry":{"type":"Point","coordinates":[121.544823,24.99487]}},{"type":"Feature","properties":{"id":"osm:node:2949195369","name":"7-Eleven","category":"convenience","brand":"7-Eleven","address":"116台北市文山區景興路14號"},"geometry":{"type":"Point","coordinates":[121.544525,24.997913]}},{"type":"Feature","properties":{"id":"osm:node:2949647953","name":"7-Eleven","category":"convenience","brand":"7-Eleven"},"geometry":{"type":"Point","coordinates":[121.526049,25.066723]}},{"type":"Feature","properties":{"id":"osm:node:2950841624","name":"7-Eleven","category":"convenience","brand":"7-Eleven","opening_hours":"24/7","address":"103020臺北市大同區南京西路127號","phone":"+886 2 2556 7571","website":"https://www.7-11.com.tw/"},"geometry":{"type":"Point","coordinates":[121.514558,25.054325]}},{"type":"Feature","properties":{"id":"osm:node:2950843059","name":"OK超商","category":"convenience","nameEn":"OK mart","brand":"OK超商"},"geometry":{"type":"Point","coordinates":[121.471219,25.134869]}},{"type":"Feature","properties":{"id":"osm:node:2952382793","name":"7-Eleven","category":"convenience","brand":"7-Eleven","opening_hours":"24/7","address":"100臺北市中正區仁愛路二段39號","wheelchair":"yes"},"geometry":{"type":"Point","coordinates":[121.528608,25.038481]}},{"type":"Feature","properties":{"id":"osm:node:2953727569","name":"全家便利商店","category":"convenience","nameEn":"FamilyMart","brand":"全家便利商店","address":"116臺北市文山區忠順街二段16號"},"geometry":{"type":"Point","coordinates":[121.56264,24.984595]}},{"type":"Feature","properties":{"id":"osm:node:2954089276","name":"7-Eleven","category":"convenience","brand":"7-Eleven","address":"110台北市信義區永吉路34號"},"geometry":{"type":"Point","coordinates":[121.569004,25.045495]}},{"type":"Feature","properties":{"id":"osm:node:2956914588","name":"7-Eleven","category":"convenience","brand":"7-Eleven","opening_hours":"24/7","address":"112台北市北投區實踐街22-24號","phone":"+886 2 28214947"},"geometry":{"type":"Point","coordinates":[121.508145,25.114895]}},{"type":"Feature","properties":{"id":"osm:node:2956914589","name":"7-Eleven","category":"convenience","brand":"7-Eleven","opening_hours":"24/7","address":"臺北市北投區尊賢街","phone":"+886 28236547","wheelchair":"no"},"geometry":{"type":"Point","coordinates":[121.506957,25.117394]}},{"type":"Feature","properties":{"id":"osm:node:2956950317","name":"全家便利商店","category":"convenience","nameEn":"FamilyMart","brand":"全家便利商店","opening_hours":"24/7","address":"台北市實踐街","wheelchair":"limited"},"geometry":{"type":"Point","coordinates":[121.509591,25.115307]}},{"type":"Feature","properties":{"id":"osm:node:2956950318","name":"全家便利商店","category":"convenience","nameEn":"FamilyMart","brand":"全家便利商店","opening_hours":"24/7","address":"臺北市北投區尊賢街","phone":"+886 2 28271417","wheelchair":"yes"},"geometry":{"type":"Point","coordinates":[121.507179,25.117305]}},{"type":"Feature","properties":{"id":"osm:node:2958618463","name":"7-Eleven","category":"convenience","brand":"7-Eleven","opening_hours":"24/7","address":"231新北市新店區大豐路12號","phone":"+886 2 89116434","website":"https://www.7-11.com.tw/"},"geometry":{"type":"Point","coordinates":[121.54116,24.980382]}},{"type":"Feature","properties":{"id":"osm:node:2959895876","name":"7-Eleven","category":"convenience","brand":"7-Eleven","opening_hours":"24/7","address":"10843臺北市萬華區武昌街二段114-3號","phone":"+886-2-23754357","wheelchair":"no"},"geometry":{"type":"Point","coordinates":[121.504983,25.045107]}},{"type":"Feature","properties":{"id":"osm:node:2959896114","name":"全家便利商店","category":"convenience","nameEn":"FamilyMart","brand":"全家便利商店","opening_hours":"24/7","address":"台北市萬華區","phone":"+886 2 7730 1490","wheelchair":"limited"},"geometry":{"type":"Point","coordinates":[121.506256,25.043447]}},{"type":"Feature","properties":{"id":"osm:node:2961225103","name":"OK超商","category":"convenience","nameEn":"OK mart","brand":"OK超商"},"geometry":{"type":"Point","coordinates":[121.540701,24.981162]}},{"type":"Feature","properties":{"id":"osm:node:2961305551","name":"7-Eleven","category":"convenience","brand":"7-Eleven"},"geometry":{"type":"Point","coordinates":[121.612322,25.001083]}},{"type":"Feature","properties":{"id":"osm:node:2962740496","name":"7-Eleven","category":"convenience","brand":"7-Eleven","opening_hours":"24/7","phone":"02-27670810","wheelchair":"yes"},"geometry":{"type":"Point","coordinates":[121.565875,25.043138]}},{"type":"Feature","properties":{"id":"osm:node:2963985747","name":"7-Eleven","category":"convenience","brand":"7-Eleven","address":"110台北市信義區東興路57號"},"geometry":{"type":"Point","coordinates":[121.566503,25.047305]}},{"type":"Feature","properties":{"id":"osm:node:2964581090","name":"全家便利商店","category":"convenience","nameEn":"FamilyMart","brand":"全家便利商店","opening_hours":"24/7","address":"23141新北市新店區民權路19號","phone":"+886 2 2915-6106"},"geometry":{"type":"Point","coordinates":[121.542032,24.982766]}},{"type":"Feature","properties":{"id":"osm:node:2964581091","name":"7-Eleven","category":"convenience","brand":"7-Eleven","opening_hours":"24/7","address":"231新北市新店區民權路18號","phone":"+886 2 29101292","website":"https://www.7-11.com.tw/","wheelchair":"no"},"geometry":{"type":"Point","coordinates":[121.542092,24.983055]}},{"type":"Feature","properties":{"id":"osm:node:2964696703","name":"7-Eleven","category":"convenience","brand":"7-Eleven","opening_hours":"24/7"},"geometry":{"type":"Point","coordinates":[121.507307,24.985467]}},{"type":"Feature","properties":{"id":"osm:node:2965492497","name":"7-Eleven","category":"convenience","brand":"7-Eleven"},"geometry":{"type":"Point","coordinates":[121.566765,25.047148]}},{"type":"Feature","properties":{"id":"osm:node:2967019265","name":"全家便利商店","category":"convenience","nameEn":"FamilyMart","brand":"全家便利商店","address":"251新北市淡水區中正東路二段69號一樓"},"geometry":{"type":"Point","coordinates":[121.459532,25.154579]}},{"type":"Feature","properties":{"id":"osm:node:2967019456","name":"全家便利商店","category":"convenience","nameEn":"FamilyMart","brand":"全家便利商店"},"geometry":{"type":"Point","coordinates":[121.4593,25.156354]}},{"type":"Feature","properties":{"id":"osm:node:2967019457","name":"全家便利商店","category":"convenience","nameEn":"FamilyMart","brand":"全家便利商店"},"geometry":{"type":"Point","coordinates":[121.459336,25.156748]}},{"type":"Feature","properties":{"id":"osm:node:2967019979","name":"7-Eleven","category":"convenience","brand":"7-Eleven"},"geometry":{"type":"Point","coordinates":[121.455994,25.161485]}},{"type":"Feature","properties":{"id":"osm:node:2967019980","name":"全家便利商店","category":"convenience","nameEn":"FamilyMart","brand":"全家便利商店","wheelchair":"yes"},"geometry":{"type":"Point","coordinates":[121.452931,25.162091]}},{"type":"Feature","properties":{"id":"osm:node:2967019981","name":"7-Eleven","category":"convenience","brand":"7-Eleven"},"geometry":{"type":"Point","coordinates":[121.451424,25.165053]}},{"type":"Feature","properties":{"id":"osm:node:2967019982","name":"全家便利商店","category":"convenience","nameEn":"FamilyMart","brand":"全家便利商店"},"geometry":{"type":"Point","coordinates":[121.45167,25.165223]}},{"type":"Feature","properties":{"id":"osm:node:2968240756","name":"7-Eleven","category":"convenience","brand":"7-Eleven","opening_hours":"24/7"},"geometry":{"type":"Point","coordinates":[121.459572,25.153549]}},{"type":"Feature","properties":{"id":"osm:node:2968396345","name":"全家便利商店","category":"convenience","nameEn":"FamilyMart","brand":"全家便利商店"},"geometry":{"type":"Point","coordinates":[121.460039,25.141731]}},{"type":"Feature","properties":{"id":"osm:node:2969057244","name":"7-Eleven","category":"convenience","brand":"7-Eleven","opening_hours":"24/7","address":"100臺北市中正區杭州南路一段83號","wheelchair":"yes"},"geometry":{"type":"Point","coordinates":[121.525534,25.039037]}},{"type":"Feature","properties":{"id":"osm:node:2969144318","name":"全家便利商店","category":"convenience","nameEn":"FamilyMart","brand":"全家便利商店"},"geometry":{"type":"Point","coordinates":[121.549734,25.037071]}},{"type":"Feature","properties":{"id":"osm:node:2969686594","name":"7-Eleven","category":"convenience","brand":"7-Eleven","opening_hours":"24/7","address":"104台北市中山區南京東路二段115巷1號","wheelchair":"yes"},"geometry":{"type":"Point","coordinates":[121.533671,25.05261]}},{"type":"Feature","properties":{"id":"osm:node:2969973699","name":"7-Eleven","category":"convenience","brand":"7-Eleven"},"geometry":{"type":"Point","coordinates":[121.480273,25.000468]}},{"type":"Feature","properties":{"id":"osm:node:2969973700","name":"全家便利商店","category":"convenience","nameEn":"FamilyMart","brand":"全家便利商店"},"geometry":{"type":"Point","coordinates":[121.479675,25.000116]}},{"type":"Feature","properties":{"id":"osm:node:2969973701","name":"OK超商","category":"convenience","nameEn":"OK mart","brand":"OK超商"},"geometry":{"type":"Point","coordinates":[121.4807,24.999211]}},{"type":"Feature","properties":{"id":"osm:node:2969975409","name":"7-Eleven","category":"convenience","brand":"7-Eleven","address":"新北市中和區忠孝街103號"},"geometry":{"type":"Point","coordinates":[121.511945,24.986223]}},{"type":"Feature","properties":{"id":"osm:node:2970191962","name":"全家便利商店","category":"convenience","nameEn":"FamilyMart","brand":"全家便利商店"},"geometry":{"type":"Point","coordinates":[121.54222,25.056218]}},{"type":"Feature","properties":{"id":"osm:node:2974008682","name":"7-Eleven","category":"convenience","brand":"7-Eleven","opening_hours":"24/7","address":"235新北市中和區興南路1段81號","wheelchair":"yes"},"geometry":{"type":"Point","coordinates":[121.51004,24.989035]}},{"type":"Feature","properties":{"id":"osm:node:2975185395","name":"7-Eleven","category":"convenience","brand":"7-Eleven","address":"新北市汐止區忠孝東路282號"},"geometry":{"type":"Point","coordinates":[121.663775,25.068189]}},{"type":"Feature","properties":{"id":"osm:node:2975195200","name":"全家便利商店","category":"convenience","nameEn":"FamilyMart","brand":"全家便利商店"},"geometry":{"type":"Point","coordinates":[121.458645,25.008385]}},{"type":"Feature","properties":{"id":"osm:node:2975425046","name":"7-Eleven","category":"convenience","brand":"7-Eleven"},"geometry":{"type":"Point","coordinates":[121.560036,24.988618]}},{"type":"Feature","properties":{"id":"osm:node:2975425047","name":"全家便利商店","category":"convenience","nameEn":"FamilyMart","brand":"全家便利商店"},"geometry":{"type":"Point","coordinates":[121.558846,24.988612]}},{"type":"Feature","properties":{"id":"osm:node:2977114533","name":"全家便利商店","category":"convenience","nameEn":"FamilyMart","brand":"全家便利商店","wheelchair":"yes"},"geometry":{"type":"Point","coordinates":[121.510395,25.006379]}},{"type":"Feature","properties":{"id":"osm:node:2977303908","name":"全家便利商店","category":"convenience","nameEn":"FamilyMart","brand":"全家便利商店"},"geometry":{"type":"Point","coordinates":[121.512128,25.007959]}},{"type":"Feature","properties":{"id":"osm:node:2978331083","name":"7-Eleven","category":"convenience","brand":"7-Eleven","address":"251新北市淡水區北新路184巷57號","wheelchair":"yes"},"geometry":{"type":"Point","coordinates":[121.451104,25.17769]}},{"type":"Feature","properties":{"id":"osm:node:2987200649","name":"7-Eleven","category":"convenience","brand":"7-Eleven"},"geometry":{"type":"Point","coordinates":[121.565227,25.041286]}},{"type":"Feature","properties":{"id":"osm:node:2987254697","name":"全家便利商店","category":"convenience","nameEn":"FamilyMart","brand":"全家便利商店","opening_hours":"24/7"},"geometry":{"type":"Point","coordinates":[121.524482,24.999278]}},{"type":"Feature","properties":{"id":"osm:node:2987255720","name":"7-Eleven","category":"convenience","brand":"7-Eleven"},"geometry":{"type":"Point","coordinates":[121.525189,24.999379]}},{"type":"Feature","properties":{"id":"osm:node:2994426778","name":"7-Eleven","category":"convenience","brand":"7-Eleven"},"geometry":{"type":"Point","coordinates":[121.615861,25.044149]}},{"type":"Feature","properties":{"id":"osm:node:300215481","name":"7-Eleven","category":"convenience","brand":"7-Eleven"},"geometry":{"type":"Point","coordinates":[121.568216,25.028378]}},{"type":"Feature","properties":{"id":"osm:node:300215482","name":"全家便利商店","category":"convenience","nameEn":"FamilyMart","brand":"全家便利商店","address":"110臺北市信義區信義路五段150巷221號"},"geometry":{"type":"Point","coordinates":[121.568829,25.028434]}},{"type":"Feature","properties":{"id":"osm:node:3003964554","name":"7-Eleven","category":"convenience","brand":"7-Eleven"},"geometry":{"type":"Point","coordinates":[121.549842,25.022606]}},{"type":"Feature","properties":{"id":"osm:node:3003977366","name":"7-Eleven","category":"convenience","brand":"7-Eleven"},"geometry":{"type":"Point","coordinates":[121.549534,25.025333]}},{"type":"Feature","properties":{"id":"osm:node:3005038562","name":"全家便利商店","category":"convenience","nameEn":"FamilyMart","brand":"全家便利商店"},"geometry":{"type":"Point","coordinates":[121.642404,25.06629]}},{"type":"Feature","properties":{"id":"osm:node:3006036112","name":"全家便利商店","category":"convenience","nameEn":"FamilyMart","brand":"全家便利商店","opening_hours":"24/7","address":"10044臺北市中正區忠孝西路一段100號","phone":"+886 2 7709 5867;+886 2 2314 2878","website":"https://www.family.com.tw/"},"geometry":{"type":"Point","coordinates":[121.512639,25.047153]}},{"type":"Feature","properties":{"id":"osm:node:3007195498","name":"萊爾富","category":"convenience","nameEn":"Hi-Life","brand":"萊爾富","opening_hours":"24/7","address":"100臺北市中正區衡陽路103號","phone":"+886 2 23705461","website":"https://www.hilife.com.tw/","wheelchair":"no"},"geometry":{"type":"Point","coordinates":[121.509048,25.042232]}},{"type":"Feature","properties":{"id":"osm:node:3008811725","name":"7-Eleven","category":"convenience","brand":"7-Eleven","opening_hours":"24/7","address":"11678臺北市文山區羅斯福路五段216號","phone":"+886 2 2934 2178","website":"https://www.7-11.com.tw/"},"geometry":{"type":"Point","coordinates":[121.538597,25.002339]}},{"type":"Feature","properties":{"id":"osm:node:3008812239","name":"7-Eleven","category":"convenience","brand":"7-Eleven","opening_hours":"24/7","address":"100臺北市中正區和平西路二段152號一樓"},"geometry":{"type":"Point","coordinates":[121.505446,25.033043]}},{"type":"Feature","properties":{"id":"osm:node:3015524116","name":"全家便利商店","category":"convenience","nameEn":"FamilyMart","brand":"全家便利商店"},"geometry":{"type":"Point","coordinates":[121.642049,25.064815]}},{"type":"Feature","properties":{"id":"osm:node:3015524117","name":"7-Eleven","category":"convenience","brand":"7-Eleven"},"geometry":{"type":"Point","coordinates":[121.641958,25.064097]}},{"type":"Feature","properties":{"id":"osm:node:3024920769","name":"蝦皮店到店","category":"convenience","nameEn":"Shopee Xpress","brand":"萊爾富","opening_hours":"Mo-Su 10:30-22:00","address":"臺北市信義區福德街266號一樓"},"geometry":{"type":"Point","coordinates":[121.585931,25.038887]}},{"type":"Feature","properties":{"id":"osm:node:3024920770","name":"7-Eleven","category":"convenience","brand":"7-Eleven"},"geometry":{"type":"Point","coordinates":[121.585996,25.038713]}},{"type":"Feature","properties":{"id":"osm:node:3024920771","name":"7-Eleven","category":"convenience","brand":"7-Eleven"},"geometry":{"type":"Point","coordinates":[121.583325,25.03771]}},{"type":"Feature","properties":{"id":"osm:node:3024920794","name":"7-Eleven","category":"convenience","brand":"7-Eleven","opening_hours":"24/7","address":"11567臺北市南港區中坡南路47號","phone":"+886-2-2786-4543","website":"https://www.7-11.com.tw/","wheelchair":"yes"},"geometry":{"type":"Point","coordinates":[121.583603,25.04291]}},{"type":"Feature","properties":{"id":"osm:node:3024920795","name":"全家便利商店","category":"convenience","nameEn":"FamilyMart","brand":"全家便利商店","wheelchair":"yes"},"geometry":{"type":"Point","coordinates":[121.583404,25.042805]}},{"type":"Feature","properties":{"id":"osm:node:3024920796","name":"全家便利商店","category":"convenience","nameEn":"FamilyMart","brand":"全家便利商店","wheelchair":"limited"},"geometry":{"type":"Point","coordinates":[121.582936,25.043448]}},{"type":"Feature","properties":{"id":"osm:node:3024920797","name":"全家便利商店","category":"convenience","nameEn":"FamilyMart","brand":"全家便利商店","wheelchair":"yes"},"geometry":{"type":"Point","coordinates":[121.58507,25.040629]}},{"type":"Feature","properties":{"id":"osm:node:3028959475","name":"家樂福超市","category":"convenience","nameEn":"Carrefour Market","brand":"家樂福超市","opening_hours":"24/7","address":"115017臺北市南港區中坡南路3號","phone":"+886 2 2785 4579","wheelchair":"no"},"geometry":{"type":"Point","coordinates":[121.582241,25.044067]}},{"type":"Feature","properties":{"id":"osm:node:3031121829","name":"7-Eleven","category":"convenience","brand":"7-Eleven","address":"234新北市中和路417號","wheelchair":"limited"},"geometry":{"type":"Point","coordinates":[121.509125,25.000694]}},{"type":"Feature","properties":{"id":"osm:node:3034545218","name":"7-Eleven","category":"convenience","brand":"7-Eleven","address":"104臺北市中山區長春路182號","wheelchair":"yes"},"geometry":{"type":"Point","coordinates":[121.534456,25.05466]}},{"type":"Feature","properties":{"id":"osm:node:3034547908","name":"7-Eleven","category":"convenience","brand":"7-Eleven","wheelchair":"no"},"geometry":{"type":"Point","coordinates":[121.526225,25.087773]}},{"type":"Feature","properties":{"id":"osm:node:3034548881","name":"7-Eleven","category":"convenience","brand":"7-Eleven","opening_hours":"24/7","address":"111054臺北市士林區承德路四段39號","phone":"+886 2 2886 2627","website":"https://www.7-11.com.tw","wheelchair":"no"},"geometry":{"type":"Point","coordinates":[121.522867,25.080987]}},{"type":"Feature","properties":{"id":"osm:node:3035135044","name":"7-Eleven","category":"convenience","brand":"7-Eleven","opening_hours":"24/7","address":"11252臺北市北投區中和街10號","phone":"+886-2-2895-1924","website":"https://www.7-11.com.tw/"},"geometry":{"type":"Point","coordinates":[121.50343,25.137591]}},{"type":"Feature","properties":{"id":"osm:node:3035135274","name":"7-Eleven","category":"convenience","brand":"7-Eleven","opening_hours":"24/7","address":"11241臺北市北投區溫泉路73巷5號","phone":"+886-2-2894-1650","website":"https://www.7-11.com.tw/"},"geometry":{"type":"Point","coordinates":[121.505804,25.135902]}},{"type":"Feature","properties":{"id":"osm:node:3036510800","name":"7-Eleven","category":"convenience","brand":"7-Eleven","address":"116台北市文山區指南路一段34號"},"geometry":{"type":"Point","coordinates":[121.569724,24.987606]}},{"type":"Feature","properties":{"id":"osm:node:3037221133","name":"7-Eleven","category":"convenience","brand":"7-Eleven"},"geometry":{"type":"Point","coordinates":[121.566153,25.080185]}},{"type":"Feature","properties":{"id":"osm:node:3045033304","name":"全家便利商店","category":"convenience","nameEn":"FamilyMart","brand":"全家便利商店","address":"104臺北市中山區伊通街106巷108號"},"geometry":{"type":"Point","coordinates":[121.534684,25.054043]}},{"type":"Feature","properties":{"id":"osm:node:3045739913","name":"7-Eleven","category":"convenience","brand":"7-Eleven"},"geometry":{"type":"Point","coordinates":[121.565528,25.050147]}},{"type":"Feature","properties":{"id":"osm:node:3045739914","name":"萊爾富","category":"convenience","nameEn":"Hi-Life","brand":"萊爾富","opening_hours":"24/7","address":"臺北市松山區八德路四段245巷33號"},"geometry":{"type":"Point","coordinates":[121.564379,25.050483]}},{"type":"Feature","properties":{"id":"osm:node:3046927713","name":"7-Eleven","category":"convenience","brand":"7-Eleven","address":"104臺北市中山區興亞里13鄰長安東路二段43號"},"geometry":{"type":"Point","coordinates":[121.531757,25.0486]}},{"type":"Feature","properties":{"id":"osm:node:3046927847","name":"全家便利商店","category":"convenience","nameEn":"FamilyMart","brand":"全家便利商店","address":"台北市中山區松江路50號"},"geometry":{"type":"Point","coordinates":[121.532722,25.048315]}},{"type":"Feature","properties":{"id":"osm:node:3050255350","name":"7-Eleven","category":"convenience","brand":"7-Eleven","opening_hours":"24/7","address":"104台北市中山區松江路183之1號"},"geometry":{"type":"Point","coordinates":[121.533324,25.056449]}},{"type":"Feature","properties":{"id":"osm:node:3051314201","name":"7-Eleven","category":"convenience","brand":"7-Eleven","address":"新北市五股區中興路一段3號"},"geometry":{"type":"Point","coordinates":[121.469613,25.072164]}},{"type":"Feature","properties":{"id":"osm:node:3051322734","name":"全家便利商店","category":"convenience","nameEn":"FamilyMart","brand":"全家便利商店","opening_hours":"24/7","address":"新北市五股區四維路78號"},"geometry":{"type":"Point","coordinates":[121.46753,25.072885]}},{"type":"Feature","properties":{"id":"osm:node:3051324014","name":"7-Eleven","category":"convenience","nameEn":"7-Eleven","brand":"7-Eleven","opening_hours":"24/7","address":"新北市五股區四維路120號"},"geometry":{"type":"Point","coordinates":[121.467988,25.07472]}},{"type":"Feature","properties":{"id":"osm:node:3051324299","name":"全家便利商店","category":"convenience","nameEn":"FamilyMart","brand":"全家便利商店","opening_hours":"24/7","address":"新北市五股區中興路一段142號"},"geometry":{"type":"Point","coordinates":[121.464921,25.073795]}},{"type":"Feature","properties":{"id":"osm:node:3051933354","name":"7-Eleven","category":"convenience","brand":"7-Eleven"},"geometry":{"type":"Point","coordinates":[121.501422,25.12626]}},{"type":"Feature","properties":{"id":"osm:node:3051933355","name":"全家便利商店","category":"convenience","nameEn":"FamilyMart","brand":"全家便利商店"},"geometry":{"type":"Point","coordinates":[121.501151,25.126205]}},{"type":"Feature","properties":{"id":"osm:node:3076262006","name":"全家便利商店","category":"convenience","nameEn":"FamilyMart","brand":"全家便利商店","opening_hours":"24/7","website":"https://www.family.com.tw/"},"geometry":{"type":"Point","coordinates":[121.541722,25.026475]}},{"type":"Feature","properties":{"id":"osm:node:3076284829","name":"7-Eleven","category":"convenience","brand":"7-Eleven","opening_hours":"24/7","wheelchair":"yes"},"geometry":{"type":"Point","coordinates":[121.54103,25.028513]}},{"type":"Feature","properties":{"id":"osm:node:3077603063","name":"全家便利商店","category":"convenience","nameEn":"FamilyMart","brand":"全家便利商店","opening_hours":"24/7","address":"106台北市大安區建國南路二段151巷38號","website":"https://www.family.com.tw/"},"geometry":{"type":"Point","coordinates":[121.539312,25.02865]}},{"type":"Feature","properties":{"id":"osm:node:3077657902","name":"全家便利商店","category":"convenience","nameEn":"FamilyMart","brand":"全家便利商店","opening_hours":"24/7","address":"106台北市大安區信義路三段134巷2號","website":"https://www.family.com.tw/","wheelchair":"no"},"geometry":{"type":"Point","coordinates":[121.539387,25.03304]}},{"type":"Feature","properties":{"id":"osm:node:3077657903","name":"全家便利商店","category":"convenience","nameEn":"FamilyMart","brand":"全家便利商店","opening_hours":"24/7","address":"106台北市大安區復興南路二段8號","website":"https://www.family.com.tw/","wheelchair":"yes"},"geometry":{"type":"Point","coordinates":[121.543361,25.032807]}},{"type":"Feature","properties":{"id":"osm:node:3077695264","name":"全家便利商店","category":"convenience","nameEn":"FamilyMart","brand":"全家便利商店","address":"106台北市大安區四維路170巷4號","website":"https://www.family.com.tw/"},"geometry":{"type":"Point","coordinates":[121.547761,25.028079]}},{"type":"Feature","properties":{"id":"osm:node:3077695265","name":"全家便利商店","category":"convenience","nameEn":"FamilyMart","brand":"全家便利商店","opening_hours":"24/7","address":"106台北市大安區和平東路二段261號","website":"https://www.family.com.tw/","wheelchair":"yes"},"geometry":{"type":"Point","coordinates":[121.543931,25.025]}},{"type":"Feature","properties":{"id":"osm:node:3077753873","name":"全家便利商店","category":"convenience","nameEn":"FamilyMart","brand":"全家便利商店","opening_hours":"24/7","address":"106台北市大安區和平東路二段102之3號","website":"https://www.family.com.tw/"},"geometry":{"type":"Point","coordinates":[121.54176,25.024847]}},{"type":"Feature","properties":{"id":"osm:node:3077768710","name":"7-Eleven","category":"convenience","brand":"7-Eleven","opening_hours":"24/7","address":"106台北市大安區和平東路二段63號","website":"https://www.7-11.com.tw/","wheelchair":"limited"},"geometry":{"type":"Point","coordinates":[121.53866,25.025763]}},{"type":"Feature","properties":{"id":"osm:node:3077768711","name":"7-Eleven","category":"convenience","brand":"7-Eleven","opening_hours":"24/7","address":"106台北市大安區建國南路二段151巷6之8號","website":"https://www.7-11.com.tw/"},"geometry":{"type":"Point","coordinates":[121.538273,25.028671]}},{"type":"Feature","properties":{"id":"osm:node:3078276697","name":"7-Eleven","category":"convenience","brand":"7-Eleven","wheelchair":"yes"},"geometry":{"type":"Point","coordinates":[121.532502,25.026487]}},{"type":"Feature","properties":{"id":"osm:node:3078738960","name":"7-Eleven","category":"convenience","brand":"7-Eleven","wheelchair":"yes"},"geometry":{"type":"Point","coordinates":[121.540976,24.967108]}},{"type":"Feature","properties":{"id":"osm:node:3080433514","name":"雜貨店","category":"convenience"},"geometry":{"type":"Point","coordinates":[121.542526,25.044495]}},{"type":"Feature","properties":{"id":"osm:node:3082513510","name":"全家便利商店","category":"convenience","nameEn":"FamilyMart","brand":"全家便利商店","opening_hours":"24/7","website":"https://www.family.com.tw/"},"geometry":{"type":"Point","coordinates":[121.553844,25.02439]}},{"type":"Feature","properties":{"id":"osm:node:3082513511","name":"全家便利商店","category":"convenience","nameEn":"FamilyMart","brand":"全家便利商店","opening_hours":"24/7"},"geometry":{"type":"Point","coordinates":[121.557999,25.018568]}},{"type":"Feature","properties":{"id":"osm:node:3087330241","name":"全家便利商店","category":"convenience","nameEn":"FamilyMart","brand":"全家便利商店"},"geometry":{"type":"Point","coordinates":[121.554991,24.986485]}},{"type":"Feature","properties":{"id":"osm:node:3087330244","name":"OK超商","category":"convenience","nameEn":"OK mart","brand":"OK超商","wheelchair":"no"},"geometry":{"type":"Point","coordinates":[121.553625,24.988154]}},{"type":"Feature","properties":{"id":"osm:node:3087416264","name":"全家便利商店","category":"convenience","nameEn":"FamilyMart","brand":"全家便利商店"},"geometry":{"type":"Point","coordinates":[121.556187,24.980447]}},{"type":"Feature","properties":{"id":"osm:node:3087416316","name":"7-Eleven","category":"convenience","brand":"7-Eleven"},"geometry":{"type":"Point","coordinates":[121.556295,24.980456]}},{"type":"Feature","properties":{"id":"osm:node:3087727934","name":"7-Eleven","category":"convenience","brand":"7-Eleven","opening_hours":"24/7","address":"23143新北市新店區寶慶街66號","phone":"+886 2 8665-3843"},"geometry":{"type":"Point","coordinates":[121.541893,24.986805]}},{"type":"Feature","properties":{"id":"osm:node:3088750414","name":"全家便利商店","category":"convenience","nameEn":"FamilyMart","brand":"全家便利商店","opening_hours":"24/7","address":"10046臺北市中正區襄陽路7號","website":"https://www.family.com.tw/"},"geometry":{"type":"Point","coordinates":[121.515924,25.04352]}},{"type":"Feature","properties":{"id":"osm:node:3098549175","name":"7-Eleven","category":"convenience","nameEn":"7-Eleven","brand":"7-Eleven"},"geometry":{"type":"Point","coordinates":[121.523062,25.068266]}},{"type":"Feature","properties":{"id":"osm:node:3100254535","name":"OK超商","category":"convenience","nameEn":"OK mart","brand":"OK超商"},"geometry":{"type":"Point","coordinates":[121.53028,24.974074]}},{"type":"Feature","properties":{"id":"osm:node:3100255043","name":"全家便利商店","category":"convenience","nameEn":"FamilyMart","brand":"全家便利商店"},"geometry":{"type":"Point","coordinates":[121.532678,24.977012]}},{"type":"Feature","properties":{"id":"osm:node:3104991580","name":"7-Eleven","category":"convenience","brand":"7-Eleven","opening_hours":"24/7"},"geometry":{"type":"Point","coordinates":[121.526048,24.991122]}},{"type":"Feature","properties":{"id":"osm:node:3108633901","name":"7-Eleven","category":"convenience","brand":"7-Eleven","opening_hours":"24/7"},"geometry":{"type":"Point","coordinates":[121.524008,24.991392]}},{"type":"Feature","properties":{"id":"osm:node:3110615805","name":"7-Eleven","category":"convenience","brand":"7-Eleven","address":"116臺北市文山區木柵路三段88號"},"geometry":{"type":"Point","coordinates":[121.566893,24.988489]}},{"type":"Feature","properties":{"id":"osm:node:3114460968","name":"全家便利商店","category":"convenience","nameEn":"FamilyMart","brand":"全家便利商店","opening_hours":"24/7"},"geometry":{"type":"Point","coordinates":[121.522844,24.992457]}},{"type":"Feature","properties":{"id":"osm:node:311449107","name":"全家便利商店","category":"convenience","nameEn":"FamilyMart","brand":"全家便利商店","wheelchair":"no"},"geometry":{"type":"Point","coordinates":[121.537435,25.018023]}},{"type":"Feature","properties":{"id":"osm:node:3118002569","name":"OK超商","category":"convenience","nameEn":"OK mart","brand":"OK超商"},"geometry":{"type":"Point","coordinates":[121.637513,25.069478]}},{"type":"Feature","properties":{"id":"osm:node:3132488957","name":"全家便利商店","category":"convenience","nameEn":"FamilyMart","brand":"全家便利商店","opening_hours":"24/7"},"geometry":{"type":"Point","coordinates":[121.52428,25.063178]}},{"type":"Feature","properties":{"id":"osm:node:3132488958","name":"全家便利商店","category":"convenience","nameEn":"FamilyMart","brand":"全家便利商店","opening_hours":"24/7"},"geometry":{"type":"Point","coordinates":[121.52423,25.064526]}},{"type":"Feature","properties":{"id":"osm:node:3132734907","name":"萊爾富","category":"convenience","nameEn":"Hi-Life","brand":"萊爾富","wheelchair":"yes"},"geometry":{"type":"Point","coordinates":[121.515485,25.014086]}},{"type":"Feature","properties":{"id":"osm:node:3133642225","name":"7-Eleven","category":"convenience","brand":"7-Eleven","wheelchair":"yes"},"geometry":{"type":"Point","coordinates":[121.523835,25.094662]}},{"type":"Feature","properties":{"id":"osm:node:3133652545","name":"全家便利商店","category":"convenience","nameEn":"FamilyMart","brand":"全家便利商店","wheelchair":"limited"},"geometry":{"type":"Point","coordinates":[121.523193,25.094541]}},{"type":"Feature","properties":{"id":"osm:node:3136286665","name":"7-Eleven","category":"convenience","brand":"7-Eleven"},"geometry":{"type":"Point","coordinates":[121.450434,24.986079]}},{"type":"Feature","properties":{"id":"osm:node:3136977851","name":"7-Eleven","category":"convenience","brand":"7-Eleven","address":"111台北市士林區基河路1號","wheelchair":"no"},"geometry":{"type":"Point","coordinates":[121.524983,25.086344]}},{"type":"Feature","properties":{"id":"osm:node:3138123606","name":"7-Eleven","category":"convenience","brand":"7-Eleven"},"geometry":{"type":"Point","coordinates":[121.451378,24.984199]}},{"type":"Feature","properties":{"id":"osm:node:3142762046","name":"7-Eleven","category":"convenience","brand":"7-Eleven"},"geometry":{"type":"Point","coordinates":[121.451699,25.045735]}},{"type":"Feature","properties":{"id":"osm:node:3145000466","name":"全家便利商店","category":"convenience","nameEn":"FamilyMart","brand":"全家便利商店"},"geometry":{"type":"Point","coordinates":[121.452266,24.984965]}},{"type":"Feature","properties":{"id":"osm:node:3147205382","name":"萊爾富","category":"convenience","nameEn":"Hi-Life","brand":"萊爾富","opening_hours":"24/7","address":"新北市新莊區中港三街5;7號"},"geometry":{"type":"Point","coordinates":[121.451149,25.046509]}},{"type":"Feature","properties":{"id":"osm:node:3148707644","name":"全家便利商店","category":"convenience","nameEn":"FamilyMart","brand":"全家便利商店","opening_hours":"24/7"},"geometry":{"type":"Point","coordinates":[121.523112,25.064883]}},{"type":"Feature","properties":{"id":"osm:node:3156328384","name":"全家便利商店","category":"convenience","nameEn":"FamilyMart","brand":"全家便利商店","opening_hours":"24/7","address":"104臺北市中山區林森北路372號一樓"},"geometry":{"type":"Point","coordinates":[121.525337,25.057837]}},{"type":"Feature","properties":{"id":"osm:node:3158790891","name":"OK超商","category":"convenience","nameEn":"OK mart","brand":"OK超商","opening_hours":"24/7","address":"104010臺北市中山區林森北路360;362號","phone":"+886 2 6617 1129","website":"http://www.okmart.com.tw/"},"geometry":{"type":"Point","coordinates":[121.525339,25.057346]}},{"type":"Feature","properties":{"id":"osm:node:3162391179","name":"7-Eleven","category":"convenience","brand":"7-Eleven","opening_hours":"24/7"},"geometry":{"type":"Point","coordinates":[121.511131,24.988304]}},{"type":"Feature","properties":{"id":"osm:node:3164110142","name":"7-Eleven","category":"convenience","brand":"7-Eleven","address":"108台北市萬華區西藏路107號"},"geometry":{"type":"Point","coordinates":[121.50339,25.029628]}},{"type":"Feature","properties":{"id":"osm:node:3172604469","name":"全家便利商店","category":"convenience","nameEn":"FamilyMart","brand":"全家便利商店","opening_hours":"24/7","wheelchair":"yes"},"geometry":{"type":"Point","coordinates":[121.505231,24.993717]}},{"type":"Feature","properties":{"id":"osm:node:3172604470","name":"OK超商","category":"convenience","nameEn":"OK mart","brand":"OK超商"},"geometry":{"type":"Point","coordinates":[121.502879,24.999872]}},{"type":"Feature","properties":{"id":"osm:node:3172604827","name":"全家便利商店","category":"convenience","nameEn":"FamilyMart","brand":"全家便利商店","opening_hours":"24/7","address":"235新北市中和區景安路128號"},"geometry":{"type":"Point","coordinates":[121.50512,24.994575]}},{"type":"Feature","properties":{"id":"osm:node:3180269389","name":"7-Eleven","category":"convenience","brand":"7-Eleven"},"geometry":{"type":"Point","coordinates":[121.521276,25.003604]}},{"type":"Feature","properties":{"id":"osm:node:3181917429","name":"7-Eleven","category":"convenience","brand":"7-Eleven","address":"106台北市大安區金華街140號"},"geometry":{"type":"Point","coordinates":[121.52836,25.029807]}},{"type":"Feature","properties":{"id":"osm:node:3185537680","name":"7-Eleven","category":"convenience","brand":"7-Eleven","wheelchair":"yes"},"geometry":{"type":"Point","coordinates":[121.617263,25.055979]}},{"type":"Feature","properties":{"id":"osm:node:3186195000","name":"7-Eleven","category":"convenience","brand":"7-Eleven","address":"臺北市"},"geometry":{"type":"Point","coordinates":[121.565069,25.040663]}},{"type":"Feature","properties":{"id":"osm:node:3195553961","name":"7-Eleven","category":"convenience","brand":"7-Eleven","opening_hours":"24/7","address":"10566臺北市松山區八德路四段686號","phone":"+886 2 2745 7876","website":"https://www.7-11.com.tw/"},"geometry":{"type":"Point","coordinates":[121.576749,25.049881]}},{"type":"Feature","properties":{"id":"osm:node:3195554361","name":"萊爾富","category":"convenience","nameEn":"Hi-Life","brand":"萊爾富"},"geometry":{"type":"Point","coordinates":[121.581827,25.050479]}},{"type":"Feature","properties":{"id":"osm:node:3196859966","name":"7-Eleven","category":"convenience","brand":"7-Eleven","wheelchair":"yes"},"geometry":{"type":"Point","coordinates":[121.546899,25.048291]}},{"type":"Feature","properties":{"id":"osm:node:3196860213","name":"全家便利商店","category":"convenience","nameEn":"FamilyMart","brand":"全家便利商店"},"geometry":{"type":"Point","coordinates":[121.546505,25.048009]}},{"type":"Feature","properties":{"id":"osm:node:3196909461","name":"全家便利商店","category":"convenience","nameEn":"FamilyMart","brand":"全家便利商店","opening_hours":"24/7","address":"臺北市松山區八德路四段42號"},"geometry":{"type":"Point","coordinates":[121.559248,25.048229]}},{"type":"Feature","properties":{"id":"osm:node:3196909531","name":"7-Eleven","category":"convenience","brand":"7-Eleven","opening_hours":"24/7","wheelchair":"yes"},"geometry":{"type":"Point","coordinates":[121.556468,25.04791]}},{"type":"Feature","properties":{"id":"osm:node:3196968771","name":"全家便利商店","category":"convenience","nameEn":"FamilyMart","brand":"全家便利商店"},"geometry":{"type":"Point","coordinates":[121.546078,25.045316]}},{"type":"Feature","properties":{"id":"osm:node:3198269374","name":"7-Eleven","category":"convenience","brand":"7-Eleven"},"geometry":{"type":"Point","coordinates":[121.568567,25.026837]}},{"type":"Feature","properties":{"id":"osm:node:3204278345","name":"萊爾富","category":"convenience","nameEn":"Hi-Life","brand":"萊爾富"},"geometry":{"type":"Point","coordinates":[121.565314,25.079868]}},{"type":"Feature","properties":{"id":"osm:node:3205723753","name":"萊爾富","category":"convenience","nameEn":"Hi-Life","brand":"萊爾富","opening_hours":"24/7","address":"新北市板橋區中正路341巷37號"},"geometry":{"type":"Point","coordinates":[121.454072,25.019787]}},{"type":"Feature","properties":{"id":"osm:node:3205723754","name":"7-Eleven","category":"convenience","brand":"7-Eleven","opening_hours":"24/7"},"geometry":{"type":"Point","coordinates":[121.456426,25.017369]}},{"type":"Feature","properties":{"id":"osm:node:3205757484","name":"7-Eleven","category":"convenience","brand":"7-Eleven"},"geometry":{"type":"Point","coordinates":[121.455245,25.019816]}},{"type":"Feature","properties":{"id":"osm:node:3208558764","name":"7-Eleven","category":"convenience","brand":"7-Eleven"},"geometry":{"type":"Point","coordinates":[121.522328,25.001673]}},{"type":"Feature","properties":{"id":"osm:node:3208669122","name":"全家便利商店","category":"convenience","nameEn":"FamilyMart","brand":"全家便利商店","wheelchair":"yes"},"geometry":{"type":"Point","coordinates":[121.517128,25.007283]}},{"type":"Feature","properties":{"id":"osm:node:3210314679","name":"全家便利商店","category":"convenience","nameEn":"FamilyMart","brand":"全家便利商店","address":"106臺北市大安區和平東路二段311巷30號","phone":"+886 2 27550428","wheelchair":"yes"},"geometry":{"type":"Point","coordinates":[121.545008,25.025567]}},{"type":"Feature","properties":{"id":"osm:node:3216076614","name":"7-Eleven","category":"convenience","brand":"7-Eleven","opening_hours":"24/7","wheelchair":"no"},"geometry":{"type":"Point","coordinates":[121.527303,25.035488]}},{"type":"Feature","properties":{"id":"osm:node:3216077273","name":"7-Eleven","category":"convenience","brand":"7-Eleven"},"geometry":{"type":"Point","coordinates":[121.526928,25.033248]}},{"type":"Feature","properties":{"id":"osm:node:3219718432","name":"7-Eleven","category":"convenience","brand":"7-Eleven","opening_hours":"Mo-Su,PH 07:00-22:00","phone":"+886 2 27735622"},"geometry":{"type":"Point","coordinates":[121.535652,25.043403]}},{"type":"Feature","properties":{"id":"osm:node:3219971765","name":"7-Eleven","category":"convenience","brand":"7-Eleven","opening_hours":"24/7","address":"110臺北市信義區嘉興街181巷22號","wheelchair":"yes"},"geometry":{"type":"Point","coordinates":[121.557384,25.026178]}},{"type":"Feature","properties":{"id":"osm:node:3230888012","name":"全家便利商店","category":"convenience","nameEn":"FamilyMart","brand":"全家便利商店"},"geometry":{"type":"Point","coordinates":[121.586159,25.068778]}},{"type":"Feature","properties":{"id":"osm:node:3230888013","name":"7-Eleven","category":"convenience","brand":"7-Eleven"},"geometry":{"type":"Point","coordinates":[121.585972,25.068761]}},{"type":"Feature","properties":{"id":"osm:node:3232474067","name":"7-Eleven","category":"convenience","brand":"7-Eleven","address":"114台北市內湖區康寧路三段296巷33號"},"geometry":{"type":"Point","coordinates":[121.606397,25.071977]}},{"type":"Feature","properties":{"id":"osm:node:3232474107","name":"萊爾富","category":"convenience","nameEn":"Hi-Life","brand":"萊爾富","wheelchair":"limited"},"geometry":{"type":"Point","coordinates":[121.60885,25.070218]}},{"type":"Feature","properties":{"id":"osm:node:3232509981","name":"7-Eleven","category":"convenience","brand":"7-Eleven","address":"114臺北市內湖區康寧路三段189巷21弄26號一樓"},"geometry":{"type":"Point","coordinates":[121.612329,25.071345]}},{"type":"Feature","properties":{"id":"osm:node:3232509986","name":"7-Eleven","category":"convenience","brand":"7-Eleven","opening_hours":"Mo-Su,PH 00:00-00:00"},"geometry":{"type":"Point","coordinates":[121.610802,25.072641]}},{"type":"Feature","properties":{"id":"osm:node:3232512965","name":"7-Eleven","category":"convenience","brand":"7-Eleven","opening_hours":"24/7","address":"台北市內湖區"},"geometry":{"type":"Point","coordinates":[121.617165,25.069827]}},{"type":"Feature","properties":{"id":"osm:node:3232519762","name":"生活便利屋(雜貨店)","category":"convenience"},"geometry":{"type":"Point","coordinates":[121.616864,25.07048]}},{"type":"Feature","properties":{"id":"osm:node:3232530217","name":"7-Eleven","category":"convenience","brand":"7-Eleven"},"geometry":{"type":"Point","coordinates":[121.607972,25.072146]}},{"type":"Feature","properties":{"id":"osm:node:3232539061","name":"萊爾富","category":"convenience","nameEn":"Hi-Life","brand":"萊爾富","opening_hours":"24/7"},"geometry":{"type":"Point","coordinates":[121.618996,25.070614]}},{"type":"Feature","properties":{"id":"osm:node:3232540185","name":"全家便利商店","category":"convenience","nameEn":"FamilyMart","brand":"全家便利商店","opening_hours":"24/7"},"geometry":{"type":"Point","coordinates":[121.618697,25.069681]}},{"type":"Feature","properties":{"id":"osm:node:3232550939","name":"全家便利商店","category":"convenience","nameEn":"FamilyMart","brand":"全家便利商店","address":"114臺北市內湖區安康路480號","phone":"+886 2 2634 5521"},"geometry":{"type":"Point","coordinates":[121.615836,25.06784]}},{"type":"Feature","properties":{"id":"osm:node:3232569567","name":"全家便利商店","category":"convenience","nameEn":"FamilyMart","brand":"全家便利商店","opening_hours":"24/7"},"geometry":{"type":"Point","coordinates":[121.654433,25.060727]}},{"type":"Feature","properties":{"id":"osm:node:3232573077","name":"萊爾富","category":"convenience","nameEn":"Hi-Life","brand":"萊爾富","address":"臺北市內湖區"},"geometry":{"type":"Point","coordinates":[121.608766,25.070051]}},{"type":"Feature","properties":{"id":"osm:node:3232574170","name":"7-Eleven","category":"convenience","brand":"7-Eleven","opening_hours":"24/7","address":"114臺北市內湖區康樂街125巷2;2-1號","phone":"+886 2 26329723"},"geometry":{"type":"Point","coordinates":[121.619597,25.073425]}},{"type":"Feature","properties":{"id":"osm:node:3232586648","name":"台鹽生技","category":"convenience","phone":"+886 2 2630 8030"},"geometry":{"type":"Point","coordinates":[121.61362,25.067561]}},{"type":"Feature","properties":{"id":"osm:node:3232596397","name":"7-Eleven","category":"convenience","brand":"7-Eleven","address":"114台北市內湖區東湖路45號","wheelchair":"limited"},"geometry":{"type":"Point","coordinates":[121.614153,25.068883]}},{"type":"Feature","properties":{"id":"osm:node:3232606061","name":"7-Eleven","category":"convenience","brand":"7-Eleven","opening_hours":"24/7","address":"臺北市內湖區五分街"},"geometry":{"type":"Point","coordinates":[121.613206,25.067619]}},{"type":"Feature","properties":{"id":"osm:node:3232608899","name":"7-Eleven","category":"convenience","brand":"7-Eleven","opening_hours":"Mo-Su,PH 00:00-00:00"},"geometry":{"type":"Point","coordinates":[121.60848,25.072324]}},{"type":"Feature","properties":{"id":"osm:node:3233929970","name":"7-Eleven","category":"convenience","brand":"7-Eleven","opening_hours":"24/7","address":"220新北市板橋區縣民大道二段108號"},"geometry":{"type":"Point","coordinates":[121.46731,25.015488]}},{"type":"Feature","properties":{"id":"osm:node:3233929971","name":"全家便利商店","category":"convenience","nameEn":"FamilyMart","brand":"全家便利商店","opening_hours":"24/7","address":"220074新北市板橋區縣民大道二段106號","phone":"+886 2 2954 4584;+886 2 7709 6305","website":"https://www.family.com.tw/"},"geometry":{"type":"Point","coordinates":[121.467169,25.015306]}},{"type":"Feature","properties":{"id":"osm:node:3233930036","name":"全家便利商店","category":"convenience","nameEn":"FamilyMart","brand":"全家便利商店","opening_hours":"24/7","address":"220689新北市板橋區中山路一段160之6號","phone":"+886 2 2951 0276","website":"https://www.family.com.tw/","wheelchair":"yes"},"geometry":{"type":"Point","coordinates":[121.466438,25.012088]}},{"type":"Feature","properties":{"id":"osm:node:323394361","name":"萊爾富","category":"convenience","nameEn":"Hi-Life","brand":"萊爾富","website":"http://www.hilife.com.tw/"},"geometry":{"type":"Point","coordinates":[121.48078,25.049771]}},{"type":"Feature","properties":{"id":"osm:node:3234807766","name":"全家便利商店","category":"convenience","nameEn":"FamilyMart","brand":"全家便利商店","opening_hours":"24/7","address":"22060新北市板橋區南雅南路二段9號","phone":"+886 2 29649724","website":"https://www.family.com.tw/"},"geometry":{"type":"Point","coordinates":[121.454391,25.002743]}},{"type":"Feature","properties":{"id":"osm:node:3234807767","name":"萊爾富","category":"convenience","nameEn":"Hi-Life","brand":"萊爾富","opening_hours":"24/7","address":"22060新北市板橋區南雅南路二段5號","phone":"+886 2 89783147","website":"http://www.hilife.com.tw/"},"geometry":{"type":"Point","coordinates":[121.454467,25.002842]}},{"type":"Feature","properties":{"id":"osm:node:3234807770","name":"全家便利商店","category":"convenience","nameEn":"FamilyMart","brand":"全家便利商店","opening_hours":"24/7","address":"22060新北市板橋區南雅南路一段7號","phone":"+886 2 22723167","website":"https://www.family.com.tw/"},"geometry":{"type":"Point","coordinates":[121.45657,25.007118]}},{"type":"Feature","properties":{"id":"osm:node:3236802368","name":"全家便利商店","category":"convenience","nameEn":"FamilyMart","brand":"全家便利商店","opening_hours":"24/7","address":"22060新北市板橋區華興街90號","phone":"+886 2 29551279","website":"https://www.family.com.tw/Marketing/"},"geometry":{"type":"Point","coordinates":[121.456753,25.005282]}},{"type":"Feature","properties":{"id":"osm:node:3236802377","name":"萊爾富","category":"convenience","nameEn":"Hi-Life","brand":"萊爾富","opening_hours":"24/7","address":"22055新北市板橋區南雅東路100巷3號","phone":"+886 2 29693681","website":"http://www.hilife.com.tw/"},"geometry":{"type":"Point","coordinates":[121.45361,25.007869]}},{"type":"Feature","properties":{"id":"osm:node:3236802382","name":"萊爾富","category":"convenience","nameEn":"Hi-Life","brand":"萊爾富","opening_hours":"24/7","address":"220004新北市板橋區文化路二段78號","phone":"+886 2 2253 7956","website":"https://www.hilife.com.tw/"},"geometry":{"type":"Point","coordinates":[121.469474,25.025156]}},{"type":"Feature","properties":{"id":"osm:node:3236802383","name":"萊爾富","category":"convenience","nameEn":"Hi-Life","brand":"萊爾富","opening_hours":"24/7","address":"22046新北市板橋區文化路二段439之1號","phone":"+886 2 22562057","website":"http://www.hilife.com.tw/"},"geometry":{"type":"Point","coordinates":[121.474959,25.0332]}},{"type":"Feature","properties":{"id":"osm:node:3237703128","name":"萊爾富","category":"convenience","nameEn":"Hi-Life","brand":"萊爾富","opening_hours":"24/7","address":"22044新北市板橋區文化路二段408號","phone":"+886 2 22539385","website":"http://www.hilife.com.tw/storeInquiry_street.aspx","wheelchair":"limited"},"geometry":{"type":"Point","coordinates":[121.473973,25.031456]}},{"type":"Feature","properties":{"id":"osm:node:3243868977","name":"全家便利商店","category":"convenience","nameEn":"FamilyMart","brand":"全家便利商店","opening_hours":"24/7","wheelchair":"yes"},"geometry":{"type":"Point","coordinates":[121.465159,25.008837]}},{"type":"Feature","properties":{"id":"osm:node:3243957045","name":"全家便利商店","category":"convenience","nameEn":"FamilyMart","brand":"全家便利商店","opening_hours":"24/7","address":"22060新北市板橋區華興街43號","phone":"+886 2 29524563","website":"https://www.family.com.tw/"},"geometry":{"type":"Point","coordinates":[121.458019,25.004694]}},{"type":"Feature","properties":{"id":"osm:node:3245712542","name":"萊爾富","category":"convenience","nameEn":"Hi-Life","brand":"萊爾富"},"geometry":{"type":"Point","coordinates":[121.539016,24.993736]}},{"type":"Feature","properties":{"id":"osm:node:3245728371","name":"全家便利商店","category":"convenience","nameEn":"FamilyMart","brand":"全家便利商店","opening_hours":"24/7","address":"220002新北市板橋區文化路一段188巷42號1樓","phone":"+886 2 2257 0742;+886 2 7709 6062","website":"https://www.family.com.tw/"},"geometry":{"type":"Point","coordinates":[121.46677,25.018989]}},{"type":"Feature","properties":{"id":"osm:node:3245728372","name":"7-Eleven","category":"convenience","brand":"7-Eleven","opening_hours":"24/7","address":"220002新北市板橋區文化路一段188巷38、40號1樓","phone":"+886 2 2256 9422","website":"https://www.7-11.com.tw/"},"geometry":{"type":"Point","coordinates":[121.466674,25.019031]}},{"type":"Feature","properties":{"id":"osm:node:3245728375","name":"7-Eleven","category":"convenience","brand":"7-Eleven","opening_hours":"24/7","address":"220031新北市板橋區文化路一段305號1樓","phone":"+886 2 2254 1758","website":"https://www.7-11.com.tw/"},"geometry":{"type":"Point","coordinates":[121.465138,25.019101]}},{"type":"Feature","properties":{"id":"osm:node:3262687079","name":"7-Eleven","category":"convenience","nameEn":"7-Eleven","brand":"7-Eleven","opening_hours":"24/7","address":"106台北市大安區復興南路二段151巷41號","phone":"+886 2 2702 6159","website":"https://www.7-11.com.tw/"},"geometry":{"type":"Point","coordinates":[121.545386,25.028447]}},{"type":"Feature","properties":{"id":"osm:node:3262986366","name":"7-Eleven","category":"convenience","brand":"7-Eleven","opening_hours":"24/7","address":"10349臺北市大同區鄭州路3-2號","phone":"+886 2 2559 7684","website":"https://www.7-11.com.tw/"},"geometry":{"type":"Point","coordinates":[121.515797,25.049107]}},{"type":"Feature","properties":{"id":"osm:node:3265594936","name":"全家便利商店","category":"convenience","nameEn":"FamilyMart","brand":"全家便利商店","opening_hours":"24/7","address":"10848臺北市萬華區貴陽街二段182號","phone":"+886-2-2389-1854","website":"https://www.family.com.tw/","wheelchair":"limited"},"geometry":{"type":"Point","coordinates":[121.500534,25.040097]}},{"type":"Feature","properties":{"id":"osm:node:3270313861","name":"7-Eleven","category":"convenience","brand":"7-Eleven","address":"台北市永康街12號-2","wheelchair":"limited"},"geometry":{"type":"Point","coordinates":[121.529475,25.031527]}},{"type":"Feature","properties":{"id":"osm:node:3275610392","name":"7-Eleven","category":"convenience","brand":"7-Eleven"},"geometry":{"type":"Point","coordinates":[121.547571,25.028089]}},{"type":"Feature","properties":{"id":"osm:node:3278033043","name":"7-Eleven","category":"convenience","brand":"7-Eleven","address":"110台北市信義區松仁路213號"},"geometry":{"type":"Point","coordinates":[121.569103,25.036931]}},{"type":"Feature","properties":{"id":"osm:node:3285593137","name":"全家便利商店","category":"convenience","nameEn":"FamilyMart","brand":"全家便利商店","address":"241新北市三重區三和路三段40號"},"geometry":{"type":"Point","coordinates":[121.496032,25.070707]}},{"type":"Feature","properties":{"id":"osm:node:3285621065","name":"全家便利商店","category":"convenience","nameEn":"FamilyMart","brand":"全家便利商店","opening_hours":"24/7"},"geometry":{"type":"Point","coordinates":[121.495109,25.071748]}},{"type":"Feature","properties":{"id":"osm:node:3285621067","name":"7-Eleven","category":"convenience","brand":"7-Eleven"},"geometry":{"type":"Point","coordinates":[121.493133,25.071577]}},{"type":"Feature","properties":{"id":"osm:node:3292267164","name":"7-Eleven","category":"convenience","brand":"7-Eleven"},"geometry":{"type":"Point","coordinates":[121.540651,25.054774]}},{"type":"Feature","properties":{"id":"osm:node:3292774957","name":"新站便利商店","category":"convenience","address":"22041新北市板橋區漢生東路25號"},"geometry":{"type":"Point","coordinates":[121.46518,25.017146]}},{"type":"Feature","properties":{"id":"osm:node:3292775584","name":"義美食品","category":"convenience","brand":"義美食品","address":"22050新北市板橋區文化路一段299號","phone":"+886 2 22576619"},"geometry":{"type":"Point","coordinates":[121.464963,25.018905]}},{"type":"Feature","properties":{"id":"osm:node:3304395603","name":"7-Eleven","category":"convenience","brand":"7-Eleven","address":"105台北市松山區敦化南路一段5號","wheelchair":"yes"},"geometry":{"type":"Point","coordinates":[121.5493,25.047088]}},{"type":"Feature","properties":{"id":"osm:node:3304641833","name":"全家便利商店","category":"convenience","nameEn":"FamilyMart","brand":"全家便利商店"},"geometry":{"type":"Point","coordinates":[121.547014,25.041738]}},{"type":"Feature","properties":{"id":"osm:node:3307881905","name":"萊爾富","category":"convenience","nameEn":"Hi-Life","brand":"萊爾富","wheelchair":"yes"},"geometry":{"type":"Point","coordinates":[121.550785,25.046023]}},{"type":"Feature","properties":{"id":"osm:node:3307942127","name":"7-Eleven","category":"convenience","brand":"7-Eleven","address":"100台北市中正區臨沂街74號"},"geometry":{"type":"Point","coordinates":[121.527777,25.034538]}},{"type":"Feature","properties":{"id":"osm:node:3311207892","name":"7-Eleven","category":"convenience","brand":"7-Eleven","address":"234新北市永和區仁愛路302號"},"geometry":{"type":"Point","coordinates":[121.503363,25.007998]}},{"type":"Feature","properties":{"id":"osm:node:3311218075","name":"全家便利商店","category":"convenience","nameEn":"FamilyMart","brand":"全家便利商店","opening_hours":"24/7","wheelchair":"no"},"geometry":{"type":"Point","coordinates":[121.521825,25.027522]}},{"type":"Feature","properties":{"id":"osm:node:3311218076","name":"全家便利商店","category":"convenience","nameEn":"FamilyMart","brand":"全家便利商店","opening_hours":"24/7","address":"10643臺北市大安區羅斯福路二段17號","phone":"+886-2-77096559;+886-2-23924175","website":"https://www.family.com.tw/","wheelchair":"yes"},"geometry":{"type":"Point","coordinates":[121.521926,25.028101]}},{"type":"Feature","properties":{"id":"osm:node:3311218101","name":"7-Eleven","category":"convenience","brand":"7-Eleven","address":"106臺北市大安區錦華里16鄰羅斯福路二段31號","wheelchair":"no"},"geometry":{"type":"Point","coordinates":[121.522136,25.027834]}},{"type":"Feature","properties":{"id":"osm:node:3311218102","name":"7-Eleven","category":"convenience","brand":"7-Eleven","opening_hours":"24/7","address":"10084臺北市中正區羅斯福路二段68號","phone":"+886-2-2392-9446","website":"https://www.7-11.com.tw/","wheelchair":"yes"},"geometry":{"type":"Point","coordinates":[121.521896,25.027419]}},{"type":"Feature","properties":{"id":"osm:node:3311796756","name":"7-Eleven","category":"convenience","brand":"7-Eleven"},"geometry":{"type":"Point","coordinates":[121.550559,25.042637]}},{"type":"Feature","properties":{"id":"osm:node:3312142361","name":"7-Eleven","category":"convenience","brand":"7-Eleven"},"geometry":{"type":"Point","coordinates":[121.468146,24.991953]}},{"type":"Feature","properties":{"id":"osm:node:3320192394","name":"全家便利商店","category":"convenience","nameEn":"FamilyMart","brand":"全家便利商店"},"geometry":{"type":"Point","coordinates":[121.458733,24.972974]}},{"type":"Feature","properties":{"id":"osm:node:3320192395","name":"7-Eleven","category":"convenience","brand":"7-Eleven"},"geometry":{"type":"Point","coordinates":[121.45881,24.973022]}},{"type":"Feature","properties":{"id":"osm:node:3328449216","name":"全家便利商店","category":"convenience","nameEn":"FamilyMart","brand":"全家便利商店"},"geometry":{"type":"Point","coordinates":[121.489925,24.995622]}},{"type":"Feature","properties":{"id":"osm:node:3328449217","name":"全家便利商店","category":"convenience","nameEn":"FamilyMart","brand":"全家便利商店"},"geometry":{"type":"Point","coordinates":[121.491525,24.996279]}},{"type":"Feature","properties":{"id":"osm:node:3328449243","name":"全家便利商店","category":"convenience","nameEn":"FamilyMart","brand":"全家便利商店","address":"新北市中和區中和路24號1樓","wheelchair":"yes"},"geometry":{"type":"Point","coordinates":[121.499744,25.001817]}},{"type":"Feature","properties":{"id":"osm:node:3328450046","name":"萊爾富","category":"convenience","nameEn":"Hi-Life","brand":"萊爾富"},"geometry":{"type":"Point","coordinates":[121.498302,25.001742]}},{"type":"Feature","properties":{"id":"osm:node:3334402566","name":"7-Eleven","category":"convenience","brand":"7-Eleven","wheelchair":"yes"},"geometry":{"type":"Point","coordinates":[121.51152,24.997112]}},{"type":"Feature","properties":{"id":"osm:node:3334402567","name":"7-Eleven","category":"convenience","brand":"7-Eleven"},"geometry":{"type":"Point","coordinates":[121.516457,24.998532]}},{"type":"Feature","properties":{"id":"osm:node:3336078866","name":"7-Eleven","category":"convenience","brand":"7-Eleven"},"geometry":{"type":"Point","coordinates":[121.499473,25.130116]}},{"type":"Feature","properties":{"id":"osm:node:3336564644","name":"全家便利商店","category":"convenience","nameEn":"FamilyMart","brand":"全家便利商店"},"geometry":{"type":"Point","coordinates":[121.472836,24.999222]}},{"type":"Feature","properties":{"id":"osm:node:3336564645","name":"全家便利商店","category":"convenience","nameEn":"FamilyMart","brand":"全家便利商店","address":"235新北市中和區莒光路131號"},"geometry":{"type":"Point","coordinates":[121.472618,25.001852]}},{"type":"Feature","properties":{"id":"osm:node:3336566010","name":"7-Eleven","category":"convenience","brand":"7-Eleven"},"geometry":{"type":"Point","coordinates":[121.478148,25.023297]}},{"type":"Feature","properties":{"id":"osm:node:3336660142","name":"全家便利商店","category":"convenience","nameEn":"FamilyMart","brand":"全家便利商店"},"geometry":{"type":"Point","coordinates":[121.459771,24.988289]}},{"type":"Feature","properties":{"id":"osm:node:3338645441","name":"7-Eleven","category":"convenience","brand":"7-Eleven","opening_hours":"Mo-Su 00:00-00:00"},"geometry":{"type":"Point","coordinates":[121.511132,25.013065]}},{"type":"Feature","properties":{"id":"osm:node:3341415261","name":"全家便利商店","category":"convenience","nameEn":"FamilyMart","brand":"全家便利商店","address":"台北市星雲街161巷"},"geometry":{"type":"Point","coordinates":[121.596271,25.080828]}},{"type":"Feature","properties":{"id":"osm:node:3347475194","name":"7-Eleven","category":"convenience","brand":"7-Eleven","wheelchair":"yes"},"geometry":{"type":"Point","coordinates":[121.571834,25.040111]}},{"type":"Feature","properties":{"id":"osm:node:3349564652","name":"7-Eleven","category":"convenience","brand":"7-Eleven","wheelchair":"no"},"geometry":{"type":"Point","coordinates":[121.489166,25.082142]}},{"type":"Feature","properties":{"id":"osm:node:3350300490","name":"萊爾富","category":"convenience","nameEn":"Hi-Life","brand":"萊爾富","opening_hours":"24/7","address":"新北市蘆洲區民族路424號","wheelchair":"limited"},"geometry":{"type":"Point","coordinates":[121.473959,25.091858]}},{"type":"Feature","properties":{"id":"osm:node:3350300555","name":"7-Eleven","category":"convenience","brand":"7-Eleven","opening_hours":"24/7","wheelchair":"yes"},"geometry":{"type":"Point","coordinates":[121.474746,25.091477]}},{"type":"Feature","properties":{"id":"osm:node:3351131271","name":"7-Eleven","category":"convenience","brand":"7-Eleven"},"geometry":{"type":"Point","coordinates":[121.46751,25.077067]}},{"type":"Feature","properties":{"id":"osm:node:3355967795","name":"7-Eleven","category":"convenience","brand":"7-Eleven"},"geometry":{"type":"Point","coordinates":[121.662267,25.072457]}},{"type":"Feature","properties":{"id":"osm:node:3356147186","name":"全家便利商店","category":"convenience","nameEn":"FamilyMart","brand":"全家便利商店"},"geometry":{"type":"Point","coordinates":[121.662467,25.066732]}},{"type":"Feature","properties":{"id":"osm:node:3359340195","name":"7-Eleven","category":"convenience","brand":"7-Eleven"},"geometry":{"type":"Point","coordinates":[121.663868,25.072651]}},{"type":"Feature","properties":{"id":"osm:node:3359354793","name":"7-Eleven","category":"convenience","brand":"7-Eleven","address":"新北市汐止區建成路158號"},"geometry":{"type":"Point","coordinates":[121.661842,25.073509]}},{"type":"Feature","properties":{"id":"osm:node:3359354893","name":"全家便利商店","category":"convenience","nameEn":"FamilyMart","brand":"全家便利商店","opening_hours":"24/7","address":"新北市汐止區建成路59巷15號"},"geometry":{"type":"Point","coordinates":[121.661692,25.072894]}},{"type":"Feature","properties":{"id":"osm:node:3363147530","name":"立祥商店","category":"convenience"},"geometry":{"type":"Point","coordinates":[121.520109,25.150114]}},{"type":"Feature","properties":{"id":"osm:node:3377338083","name":"7-Eleven","category":"convenience","brand":"7-Eleven","address":"111台北市士林區華岡路45之1號"},"geometry":{"type":"Point","coordinates":[121.541967,25.137771]}},{"type":"Feature","properties":{"id":"osm:node:3379237115","name":"全家便利商店","category":"convenience","nameEn":"FamilyMart","brand":"全家便利商店","wheelchair":"yes"},"geometry":{"type":"Point","coordinates":[121.567701,25.035364]}},{"type":"Feature","properties":{"id":"osm:node:3380936251","name":"7-Eleven","category":"convenience","brand":"7-Eleven","opening_hours":"24/7","address":"235新北市中和區中山路三段29號"},"geometry":{"type":"Point","coordinates":[121.4791,25.005852]}},{"type":"Feature","properties":{"id":"osm:node:3384278459","name":"7-Eleven","category":"convenience","brand":"7-Eleven"},"geometry":{"type":"Point","coordinates":[121.461178,25.088505]}},{"type":"Feature","properties":{"id":"osm:node:3384291943","name":"7-Eleven","category":"convenience","brand":"7-Eleven"},"geometry":{"type":"Point","coordinates":[121.562182,24.984504]}},{"type":"Feature","properties":{"id":"osm:node:3385694394","name":"全家便利商店","category":"convenience","nameEn":"FamilyMart","brand":"全家便利商店"},"geometry":{"type":"Point","coordinates":[121.546013,25.058543]}},{"type":"Feature","properties":{"id":"osm:node:3399243969","name":"全家便利商店","category":"convenience","nameEn":"FamilyMart","brand":"全家便利商店","address":"235新北市中和區福美路235號"},"geometry":{"type":"Point","coordinates":[121.497835,25.005124]}},{"type":"Feature","properties":{"id":"osm:node:3412208886","name":"全家便利商店","category":"convenience","nameEn":"FamilyMart","brand":"全家便利商店","opening_hours":"24/7","wheelchair":"no"},"geometry":{"type":"Point","coordinates":[121.497575,24.997092]}},{"type":"Feature","properties":{"id":"osm:node:3412857521","name":"7-Eleven","category":"convenience","brand":"7-Eleven"},"geometry":{"type":"Point","coordinates":[121.493056,25.034146]}},{"type":"Feature","properties":{"id":"osm:node:3412869729","name":"全家便利商店","category":"convenience","nameEn":"FamilyMart","brand":"全家便利商店"},"geometry":{"type":"Point","coordinates":[121.492422,25.032831]}},{"type":"Feature","properties":{"id":"osm:node:3412869730","name":"7-Eleven","category":"convenience","brand":"7-Eleven","address":"台北市萬華區環河南路二段298號","wheelchair":"yes"},"geometry":{"type":"Point","coordinates":[121.491643,25.032031]}},{"type":"Feature","properties":{"id":"osm:node:3416180943","name":"7-Eleven","category":"convenience","brand":"7-Eleven","address":"新北市中和區連城路89巷3之1號1樓"},"geometry":{"type":"Point","coordinates":[121.497148,24.999715]}},{"type":"Feature","properties":{"id":"osm:node:3416263824","name":"7-Eleven","category":"convenience","brand":"7-Eleven"},"geometry":{"type":"Point","coordinates":[121.497513,24.995361]}},{"type":"Feature","properties":{"id":"osm:node:3416263838","name":"全家便利商店","category":"convenience","nameEn":"FamilyMart","brand":"全家便利商店"},"geometry":{"type":"Point","coordinates":[121.497685,24.995322]}},{"type":"Feature","properties":{"id":"osm:node:3417501609","name":"全家便利商店","category":"convenience","nameEn":"FamilyMart","brand":"全家便利商店"},"geometry":{"type":"Point","coordinates":[121.495923,24.994057]}},{"type":"Feature","properties":{"id":"osm:node:3417501618","name":"金寧食品有限公司","category":"convenience"},"geometry":{"type":"Point","coordinates":[121.498475,24.995842]}},{"type":"Feature","properties":{"id":"osm:node:3423377294","name":"普觀便利商店","category":"convenience","address":"231新北市新店區寶橋路63號"},"geometry":{"type":"Point","coordinates":[121.545235,24.975068]}},{"type":"Feature","properties":{"id":"osm:node:3424566635","name":"台灣菸酒","category":"convenience"},"geometry":{"type":"Point","coordinates":[121.496106,24.999133]}},{"type":"Feature","properties":{"id":"osm:node:3426316598","name":"7-Eleven","category":"convenience","brand":"7-Eleven","opening_hours":"24/7","wheelchair":"yes"},"geometry":{"type":"Point","coordinates":[121.510827,25.002153]}},{"type":"Feature","properties":{"id":"osm:node:3428071509","name":"7-Eleven","category":"convenience","brand":"7-Eleven"},"geometry":{"type":"Point","coordinates":[121.477596,25.066472]}},{"type":"Feature","properties":{"id":"osm:node:3428071524","name":"全家便利商店","category":"convenience","nameEn":"FamilyMart","brand":"全家便利商店"},"geometry":{"type":"Point","coordinates":[121.477132,25.067408]}},{"type":"Feature","properties":{"id":"osm:node:3430332158","name":"OK超商","category":"convenience","nameEn":"OK mart","brand":"OK超商"},"geometry":{"type":"Point","coordinates":[121.497641,25.002676]}},{"type":"Feature","properties":{"id":"osm:node:3436380596","name":"7-Eleven","category":"convenience","brand":"7-Eleven","opening_hours":"24/7"},"geometry":{"type":"Point","coordinates":[121.542988,25.055849]}},{"type":"Feature","properties":{"id":"osm:node:3439380036","name":"7-Eleven","category":"convenience","brand":"7-Eleven","wheelchair":"yes"},"geometry":{"type":"Point","coordinates":[121.496537,25.002879]}},{"type":"Feature","properties":{"id":"osm:node:3440114017","name":"萊爾富","category":"convenience","nameEn":"Hi-Life","brand":"萊爾富"},"geometry":{"type":"Point","coordinates":[121.587271,25.058014]}},{"type":"Feature","properties":{"id":"osm:node:3440499377","name":"全家便利商店","category":"convenience","nameEn":"FamilyMart","brand":"全家便利商店","wheelchair":"yes"},"geometry":{"type":"Point","coordinates":[121.49645,25.003481]}},{"type":"Feature","properties":{"id":"osm:node:3441073825","name":"7-Eleven","category":"convenience","brand":"7-Eleven","opening_hours":"24/7","address":"新北市中和區漳和里001鄰中和路52號二樓"},"geometry":{"type":"Point","coordinates":[121.500545,25.00091]}},{"type":"Feature","properties":{"id":"osm:node:3444671437","name":"全家便利商店","category":"convenience","nameEn":"FamilyMart","brand":"全家便利商店","address":"20063新北市板橋區重慶路60-1號"},"geometry":{"type":"Point","coordinates":[121.461745,25.00694]}},{"type":"Feature","properties":{"id":"osm:node:3448053237","name":"7-Eleven","category":"convenience","brand":"7-Eleven"},"geometry":{"type":"Point","coordinates":[121.550826,25.057425]}},{"type":"Feature","properties":{"id":"osm:node:3448053238","name":"7-Eleven","category":"convenience","brand":"7-Eleven","opening_hours":"24/7","wheelchair":"yes"},"geometry":{"type":"Point","coordinates":[121.550475,25.0584]}},{"type":"Feature","properties":{"id":"osm:node:3448494144","name":"全家便利商店","category":"convenience","nameEn":"FamilyMart","brand":"全家便利商店"},"geometry":{"type":"Point","coordinates":[121.50532,25.116472]}},{"type":"Feature","properties":{"id":"osm:node:3448499100","name":"OK超商","category":"convenience","nameEn":"OK mart","brand":"OK超商","wheelchair":"no"},"geometry":{"type":"Point","coordinates":[121.50955,25.118031]}},{"type":"Feature","properties":{"id":"osm:node:3448499594","name":"OK超商","category":"convenience","nameEn":"OK mart","brand":"OK超商","wheelchair":"limited"},"geometry":{"type":"Point","coordinates":[121.507662,25.118508]}},{"type":"Feature","properties":{"id":"osm:node:3449668204","name":"新東陽販賣部","category":"convenience"},"geometry":{"type":"Point","coordinates":[121.46506,25.015317]}},{"type":"Feature","properties":{"id":"osm:node:3450799245","name":"7-Eleven","category":"convenience","brand":"7-Eleven"},"geometry":{"type":"Point","coordinates":[121.494476,24.997227]}},{"type":"Feature","properties":{"id":"osm:node:3451793293","name":"蝦皮店到店","category":"convenience","nameEn":"Shopee Xpress","opening_hours":"Mo-Su 10:30-22:00","address":"11671臺北市文山區萬慶街14號","wheelchair":"yes"},"geometry":{"type":"Point","coordinates":[121.539994,24.992367]}},{"type":"Feature","properties":{"id":"osm:node:3456947621","name":"全家便利商店","category":"convenience","nameEn":"FamilyMart","brand":"全家便利商店"},"geometry":{"type":"Point","coordinates":[121.541732,24.995047]}},{"type":"Feature","properties":{"id":"osm:node:3457792197","name":"萊爾富","category":"convenience","nameEn":"Hi-Life","brand":"萊爾富"},"geometry":{"type":"Point","coordinates":[121.468641,25.027876]}},{"type":"Feature","properties":{"id":"osm:node:3457792204","name":"7-Eleven","category":"convenience","brand":"7-Eleven","opening_hours":"24/7","address":"220029新北市板橋區光武街2巷2號","phone":"+886 2 2250 4440","website":"https://www.7-11.com.tw/"},"geometry":{"type":"Point","coordinates":[121.468341,25.02482]}},{"type":"Feature","properties":{"id":"osm:node:3463196812","name":"瑞益便利商店","category":"convenience","address":"新北市中和區景平路554號1樓"},"geometry":{"type":"Point","coordinates":[121.502281,24.99496]}},{"type":"Feature","properties":{"id":"osm:node:3463196820","name":"蝦皮店到店","category":"convenience","nameEn":"Shopee Xpress","opening_hours":"Mo-Su 10:30-22:00","address":"新北市中和區景平路528號1樓"},"geometry":{"type":"Point","coordinates":[121.50292,24.994408]}},{"type":"Feature","properties":{"id":"osm:node:3465414840","name":"越南商店","category":"convenience"},"geometry":{"type":"Point","coordinates":[121.496056,24.999054]}},{"type":"Feature","properties":{"id":"osm:node:3474979693","name":"7-Eleven","category":"convenience","brand":"7-Eleven","opening_hours":"24/7","address":"116013臺北市文山區萬安街23;25;27;27-1號","phone":"+886 2 2239 0910","website":"https://www.7-11.com.tw","wheelchair":"yes"},"geometry":{"type":"Point","coordinates":[121.570619,25.000966]}},{"type":"Feature","properties":{"id":"osm:node:3475999896","name":"7-Eleven","category":"convenience","brand":"7-Eleven","opening_hours":"24/7","wheelchair":"yes"},"geometry":{"type":"Point","coordinates":[121.55709,25.018368]}},{"type":"Feature","properties":{"id":"osm:node:3476696154","name":"惠勝超商","category":"convenience","address":"新北市中和區連勝街28號1樓"},"geometry":{"type":"Point","coordinates":[121.498321,24.997944]}},{"type":"Feature","properties":{"id":"osm:node:3480447550","name":"全家便利商店","category":"convenience","nameEn":"FamilyMart","brand":"全家便利商店"},"geometry":{"type":"Point","coordinates":[121.509011,24.993911]}},{"type":"Feature","properties":{"id":"osm:node:3480448309","name":"7-Eleven","category":"convenience","brand":"7-Eleven"},"geometry":{"type":"Point","coordinates":[121.510436,24.997717]}},{"type":"Feature","properties":{"id":"osm:node:3480448975","name":"全家便利商店","category":"convenience","nameEn":"FamilyMart","brand":"全家便利商店"},"geometry":{"type":"Point","coordinates":[121.511377,24.999115]}},{"type":"Feature","properties":{"id":"osm:node:3480451182","name":"7-Eleven","category":"convenience","brand":"7-Eleven"},"geometry":{"type":"Point","coordinates":[121.509814,24.995282]}},{"type":"Feature","properties":{"id":"osm:node:3487306488","name":"萊爾富","category":"convenience","nameEn":"Hi-Life","brand":"萊爾富","opening_hours":"24/7"},"geometry":{"type":"Point","coordinates":[121.625676,25.078819]}},{"type":"Feature","properties":{"id":"osm:node:3487358004","name":"全家便利商店","category":"convenience","nameEn":"FamilyMart","brand":"全家便利商店","opening_hours":"24/7","address":"103019臺北市大同區寧夏路28、28之1、28之2、30號","phone":"+886 2 2550 0930;+886 2 7713 6520","website":"https://www.family.com.tw/"},"geometry":{"type":"Point","coordinates":[121.515133,25.05583]}},{"type":"Feature","properties":{"id":"osm:node:3497480271","name":"7-Eleven","category":"convenience","brand":"7-Eleven","wheelchair":"yes"},"geometry":{"type":"Point","coordinates":[121.510403,25.006202]}},{"type":"Feature","properties":{"id":"osm:node:3497497480","name":"7-Eleven","category":"convenience","brand":"7-Eleven"},"geometry":{"type":"Point","coordinates":[121.508776,25.007871]}},{"type":"Feature","properties":{"id":"osm:node:3505143994","name":"7-Eleven","category":"convenience","nameEn":"7-Eleven","brand":"7-Eleven","address":"100臺北市中正區忠孝西路一段35號"},"geometry":{"type":"Point","coordinates":[121.518707,25.046093]}},{"type":"Feature","properties":{"id":"osm:node:3505709801","name":"7-Eleven","category":"convenience","brand":"7-Eleven","address":"106台北市大安區大安路一段43號"},"geometry":{"type":"Point","coordinates":[121.546306,25.043461]}},{"type":"Feature","properties":{"id":"osm:node:3514374815","name":"萊爾富","category":"convenience","nameEn":"Hi-Life","brand":"萊爾富"},"geometry":{"type":"Point","coordinates":[121.574552,25.037927]}},{"type":"Feature","properties":{"id":"osm:node:3514374827","name":"7-Eleven","category":"convenience","brand":"7-Eleven"},"geometry":{"type":"Point","coordinates":[121.573647,25.034806]}},{"type":"Feature","properties":{"id":"osm:node:3522084132","name":"心心便利超商","category":"convenience","wheelchair":"no"},"geometry":{"type":"Point","coordinates":[121.515801,25.030999]}},{"type":"Feature","properties":{"id":"osm:node:3533327794","name":"7-Eleven","category":"convenience","brand":"7-Eleven","opening_hours":"24/7","address":"10457臺北市中山區一江街23號1樓","phone":"+886-2-2581-5356","website":"https://www.7-11.com.tw/"},"geometry":{"type":"Point","coordinates":[121.531627,25.05302]}},{"type":"Feature","properties":{"id":"osm:node:3533380693","name":"全家便利商店","category":"convenience","nameEn":"FamilyMart","brand":"全家便利商店","opening_hours":"24/7","address":"10457臺北市中山區一江街22號","phone":"+886-2-7709-5806;+886-2-2567-8224","website":"https://www.family.com.tw/","wheelchair":"limited"},"geometry":{"type":"Point","coordinates":[121.531402,25.052612]}},{"type":"Feature","properties":{"id":"osm:node:3536195895","name":"MSS Man-Strong Store","category":"convenience"},"geometry":{"type":"Point","coordinates":[121.519211,25.045963]}},{"type":"Feature","properties":{"id":"osm:node:3540983494","name":"利寶商店","category":"convenience","address":"新北市中和區連城路67號1樓"},"geometry":{"type":"Point","coordinates":[121.497658,25.001294]}},{"type":"Feature","properties":{"id":"osm:node:3540983599","name":"萊爾富","category":"convenience","nameEn":"Hi-Life","brand":"萊爾富","address":"新北市中和區中山路二段352號1樓"},"geometry":{"type":"Point","coordinates":[121.492815,25.002644]}},{"type":"Feature","properties":{"id":"osm:node:3540983607","name":"7-Eleven","category":"convenience","brand":"7-Eleven","address":"新北市中和區中山路二段317-1號1樓"},"geometry":{"type":"Point","coordinates":[121.493896,25.00204]}},{"type":"Feature","properties":{"id":"osm:node:3541175994","name":"OK超商","category":"convenience","nameEn":"OK mart","brand":"OK超商","address":"104台北市中山區天祥路78號","wheelchair":"limited"},"geometry":{"type":"Point","coordinates":[121.520556,25.063698]}},{"type":"Feature","properties":{"id":"osm:node:3541200793","name":"全家便利商店","category":"convenience","nameEn":"FamilyMart","brand":"全家便利商店","address":"104台北市中山區撫順街12之2號","wheelchair":"yes"},"geometry":{"type":"Point","coordinates":[121.520864,25.063496]}},{"type":"Feature","properties":{"id":"osm:node:3541201593","name":"7-Eleven","category":"convenience","nameEn":"7-Eleven","brand":"7-Eleven","opening_hours":"24/7"},"geometry":{"type":"Point","coordinates":[121.52258,25.064781]}},{"type":"Feature","properties":{"id":"osm:node:3541337494","name":"7-Eleven","category":"convenience","brand":"7-Eleven","wheelchair":"no"},"geometry":{"type":"Point","coordinates":[121.517656,25.046899]}},{"type":"Feature","properties":{"id":"osm:node:3541338394","name":"全家便利商店","category":"convenience","nameEn":"FamilyMart","brand":"全家便利商店","wheelchair":"no"},"geometry":{"type":"Point","coordinates":[121.516724,25.047597]}},{"type":"Feature","properties":{"id":"osm:node:3541338395","name":"全家便利商店","category":"convenience","nameEn":"FamilyMart","brand":"全家便利商店","wheelchair":"no"},"geometry":{"type":"Point","coordinates":[121.517667,25.047928]}},{"type":"Feature","properties":{"id":"osm:node:3541338893","name":"7-Eleven","category":"convenience","brand":"7-Eleven"},"geometry":{"type":"Point","coordinates":[121.51699,25.048183]}},{"type":"Feature","properties":{"id":"osm:node:3544661195","name":"7-Eleven","category":"convenience","brand":"7-Eleven","opening_hours":"24/7","address":"108台北市萬華區西寧南路87號","wheelchair":"yes"},"geometry":{"type":"Point","coordinates":[121.506859,25.045548]}},{"type":"Feature","properties":{"id":"osm:node:3544694293","name":"萊爾富","category":"convenience","nameEn":"Hi-Life","brand":"萊爾富","wheelchair":"yes"},"geometry":{"type":"Point","coordinates":[121.506477,25.045513]}},{"type":"Feature","properties":{"id":"osm:node:3547976769","name":"7-Eleven","category":"convenience","brand":"7-Eleven"},"geometry":{"type":"Point","coordinates":[121.522869,25.049434]}},{"type":"Feature","properties":{"id":"osm:node:3554214093","name":"7-Eleven","category":"convenience","brand":"7-Eleven","opening_hours":"24/7"},"geometry":{"type":"Point","coordinates":[121.558946,25.018678]}},{"type":"Feature","properties":{"id":"osm:node:3563069819","name":"全家便利商店","category":"convenience","nameEn":"FamilyMart","brand":"全家便利商店","opening_hours":"24/7","address":"22051新北市板橋區新海路462號","phone":"+886-2-77096193;+886-2-22599157","website":"https://www.family.com.tw/"},"geometry":{"type":"Point","coordinates":[121.457658,25.028426]}},{"type":"Feature","properties":{"id":"osm:node:3563069824","name":"7-Eleven","category":"convenience","brand":"7-Eleven","opening_hours":"24/7","address":"22049新北市板橋區雨農路50號","phone":"+886-2-22511636","website":"https://www.7-11.com.tw/"},"geometry":{"type":"Point","coordinates":[121.461089,25.024323]}},{"type":"Feature","properties":{"id":"osm:node:3563069840","name":"全家便利商店","category":"convenience","nameEn":"FamilyMart","brand":"全家便利商店","opening_hours":"24/7","address":"22051新北市板橋區新海路328號","phone":"+886-2-77096192;+886-2-22538884","website":"https://www.family.com.tw/"},"geometry":{"type":"Point","coordinates":[121.460487,25.023988]}},{"type":"Feature","properties":{"id":"osm:node:3568469799","name":"全家便利商店","category":"convenience","nameEn":"FamilyMart","brand":"全家便利商店"},"geometry":{"type":"Point","coordinates":[121.562086,25.034402]}},{"type":"Feature","properties":{"id":"osm:node:3590018195","name":"全家便利商店","category":"convenience","nameEn":"FamilyMart","brand":"全家便利商店","address":"231新北市新店區中華路50號","wheelchair":"yes"},"geometry":{"type":"Point","coordinates":[121.539637,24.968577]}},{"type":"Feature","properties":{"id":"osm:node:3590042696","name":"OK超商","category":"convenience","nameEn":"OK mart","brand":"OK超商","address":"231新北市新店區中華路68號"},"geometry":{"type":"Point","coordinates":[121.539185,24.969125]}},{"type":"Feature","properties":{"id":"osm:node:3591717067","name":"7-Eleven","category":"convenience","brand":"7-Eleven","address":"台北市中正區100台北市中正區寶慶路32之1號B1","wheelchair":"limited"},"geometry":{"type":"Point","coordinates":[121.508358,25.042192]}},{"type":"Feature","properties":{"id":"osm:node:3591717076","name":"擎天崗福利社","category":"convenience","address":"111臺北市士林區菁山路101巷246號","phone":"+886-2-2861-3951","wheelchair":"limited"},"geometry":{"type":"Point","coordinates":[121.574278,25.167161]}},{"type":"Feature","properties":{"id":"osm:node:3592556104","name":"7-Eleven","category":"convenience","brand":"7-Eleven"},"geometry":{"type":"Point","coordinates":[121.547392,25.038184]}},{"type":"Feature","properties":{"id":"osm:node:3592565161","name":"OK超商","category":"convenience","nameEn":"OK mart","brand":"OK超商"},"geometry":{"type":"Point","coordinates":[121.48227,24.99777]}},{"type":"Feature","properties":{"id":"osm:node:3592565162","name":"全家便利商店","category":"convenience","nameEn":"FamilyMart","brand":"全家便利商店"},"geometry":{"type":"Point","coordinates":[121.483609,24.995422]}},{"type":"Feature","properties":{"id":"osm:node:3592565163","name":"7-Eleven","category":"convenience","brand":"7-Eleven"},"geometry":{"type":"Point","coordinates":[121.483607,24.99557]}},{"type":"Feature","properties":{"id":"osm:node:3593756265","name":"7-Eleven","category":"convenience","brand":"7-Eleven","opening_hours":"24/7","address":"11158臺北市士林區福華路126號1樓","phone":"+886-2-28316143","website":"https://www.7-11.com.tw/"},"geometry":{"type":"Point","coordinates":[121.522882,25.10275]}},{"type":"Feature","properties":{"id":"osm:node:3594350800","name":"7-Eleven","category":"convenience","brand":"7-Eleven","opening_hours":"24/7","address":"10050臺北市中正區忠孝東路一段138號","phone":"+886-2-23214407","website":"https://www.7-11.com.tw/","wheelchair":"limited"},"geometry":{"type":"Point","coordinates":[121.525406,25.04402]}},{"type":"Feature","properties":{"id":"osm:node:3594595048","name":"7-Eleven","category":"convenience","brand":"7-Eleven","address":"新北市中和區板南路486號1樓"},"geometry":{"type":"Point","coordinates":[121.488016,25.006488]}},{"type":"Feature","properties":{"id":"osm:node:3594604729","name":"萊爾富","category":"convenience","nameEn":"Hi-Life","brand":"萊爾富","opening_hours":"24/7","phone":"+886-2-23394186","website":"http://www.hilife.com.tw/"},"geometry":{"type":"Point","coordinates":[121.514325,25.029488]}},{"type":"Feature","properties":{"id":"osm:node:3595587201","name":"7-Eleven","category":"convenience","brand":"7-Eleven","opening_hours":"24/7","address":"10074臺北市中正區寧波西街3號","phone":"+886-2-2322-1617","website":"https://www.7-11.com.tw/","wheelchair":"yes"},"geometry":{"type":"Point","coordinates":[121.518682,25.031528]}},{"type":"Feature","properties":{"id":"osm:node:3595587206","name":"7-Eleven","category":"convenience","brand":"7-Eleven","opening_hours":"24/7","address":"10076臺北市中正區寧波西街86號1樓","phone":"+886-2-3322-5836","website":"https://www.7-11.com.tw/","wheelchair":"yes"},"geometry":{"type":"Point","coordinates":[121.515934,25.029853]}},{"type":"Feature","properties":{"id":"osm:node:3595587207","name":"7-Eleven","category":"convenience","brand":"7-Eleven","opening_hours":"24/7","address":"10092臺北市中正區寧波東街17號1樓","website":"https://www.7-11.com.tw/","wheelchair":"yes"},"geometry":{"type":"Point","coordinates":[121.520261,25.033179]}},{"type":"Feature","properties":{"id":"osm:node:3595587217","name":"7-Eleven","category":"convenience","brand":"7-Eleven","opening_hours":"24/7","address":"10078臺北市中正區南昌路一段135號","wheelchair":"yes"},"geometry":{"type":"Point","coordinates":[121.518483,25.029676]}},{"type":"Feature","properties":{"id":"osm:node:3595587226","name":"7-Eleven","category":"convenience","brand":"7-Eleven","address":"10074臺北市中正區南昌路一段67號"},"geometry":{"type":"Point","coordinates":[121.517494,25.03103]}},{"type":"Feature","properties":{"id":"osm:node:3597899310","name":"全家便利商店","category":"convenience","nameEn":"FamilyMart","brand":"全家便利商店","address":"10048臺北市中正區愛國西路1號","phone":"+886-2-2388-8317","website":"https://www.family.com.tw/"},"geometry":{"type":"Point","coordinates":[121.514206,25.036976]}},{"type":"Feature","properties":{"id":"osm:node:3597899311","name":"7-Eleven","category":"convenience","brand":"7-Eleven","opening_hours":"24/7","address":"100057臺北市中正區廣州街10之2、10之3、10之4號1樓","phone":"+886 2 2371 7603","website":"https://www.7-11.com.tw/"},"geometry":{"type":"Point","coordinates":[121.508013,25.035515]}},{"type":"Feature","properties":{"id":"osm:node:3597899313","name":"7-Eleven","category":"convenience","brand":"7-Eleven","opening_hours":"24/7","address":"100057臺北市中正區延平南路177號","phone":"+886 2 2371 0027","website":"https://www.7-11.com.tw/"},"geometry":{"type":"Point","coordinates":[121.50763,25.034447]}},{"type":"Feature","properties":{"id":"osm:node:3597899315","name":"萊爾富","category":"convenience","nameEn":"Hi-Life","brand":"萊爾富","address":"10048臺北市中正區博愛路131號B1","phone":"+886-2-2370-4188","website":"http://www.hilife.com.tw/","wheelchair":"limited"},"geometry":{"type":"Point","coordinates":[121.511746,25.036596]}},{"type":"Feature","properties":{"id":"osm:node:3598539693","name":"全家便利商店","category":"convenience","nameEn":"FamilyMart","brand":"全家便利商店","opening_hours":"24/7","address":"100臺北市中正區延平南路68號","wheelchair":"limited"},"geometry":{"type":"Point","coordinates":[121.510275,25.045038]}},{"type":"Feature","properties":{"id":"osm:node:3606289474","name":"萊爾富","category":"convenience","nameEn":"Hi-Life","brand":"萊爾富"},"geometry":{"type":"Point","coordinates":[121.576177,25.073555]}},{"type":"Feature","properties":{"id":"osm:node:3606289475","name":"7-Eleven","category":"convenience","brand":"7-Eleven"},"geometry":{"type":"Point","coordinates":[121.576155,25.073861]}},{"type":"Feature","properties":{"id":"osm:node:3612251249","name":"7-Eleven","category":"convenience","brand":"7-Eleven","opening_hours":"24/7","address":"220087新北市板橋區永豐街173、175號","phone":"+886 2 2954 1991","website":"https://www.7-11.com.tw/"},"geometry":{"type":"Point","coordinates":[121.47581,25.020619]}},{"type":"Feature","properties":{"id":"osm:node:3612895694","name":"7-Eleven","category":"convenience","brand":"7-Eleven","opening_hours":"24/7","address":"106臺北市大安區光復南路262號"},"geometry":{"type":"Point","coordinates":[121.557454,25.040146]}},{"type":"Feature","properties":{"id":"osm:node:3617574618","name":"萊爾富","category":"convenience","nameEn":"Hi-Life","brand":"萊爾富","wheelchair":"yes"},"geometry":{"type":"Point","coordinates":[121.592911,25.054515]}},{"type":"Feature","properties":{"id":"osm:node:3617574983","name":"全家便利商店","category":"convenience","nameEn":"FamilyMart","brand":"全家便利商店","wheelchair":"yes"},"geometry":{"type":"Point","coordinates":[121.59307,25.054541]}},{"type":"Feature","properties":{"id":"osm:node:3620127274","name":"萊爾富","category":"convenience","nameEn":"Hi-Life","brand":"萊爾富","opening_hours":"24/7","address":"11681臺北市文山區羅斯福路五段203號","phone":"+886 2 8931 5646","website":"http://www.hilife.com.tw/","wheelchair":"yes"},"geometry":{"type":"Point","coordinates":[121.539057,25.002312]}},{"type":"Feature","properties":{"id":"osm:node:3621378433","name":"7-Eleven","category":"convenience","brand":"7-Eleven"},"geometry":{"type":"Point","coordinates":[121.546413,25.137837]}},{"type":"Feature","properties":{"id":"osm:node:3625658062","name":"7-Eleven","category":"convenience","brand":"7-Eleven","opening_hours":"24/7","address":"220087新北市板橋區永豐街87號","phone":"+886 2 2961 4894","website":"https://www.7-11.com.tw/"},"geometry":{"type":"Point","coordinates":[121.473564,25.019064]}},{"type":"Feature","properties":{"id":"osm:node:3629305729","name":"OK超商","category":"convenience","nameEn":"OK mart","brand":"OK超商","opening_hours":"24/7","address":"116台北市文山區萬美街一段47號","phone":"+886 2 6617 2315"},"geometry":{"type":"Point","coordinates":[121.568493,25.002217]}},{"type":"Feature","properties":{"id":"osm:node:3632423655","name":"7-Eleven","category":"convenience","brand":"7-Eleven"},"geometry":{"type":"Point","coordinates":[121.456115,25.012525]}},{"type":"Feature","properties":{"id":"osm:node:3633600613","name":"萊爾富","category":"convenience","nameEn":"Hi-Life","brand":"萊爾富","address":"114臺北市內湖區康寧路三段155號"},"geometry":{"type":"Point","coordinates":[121.616522,25.068308]}},{"type":"Feature","properties":{"id":"osm:node:3633921319","name":"7-Eleven","category":"convenience","brand":"7-Eleven","opening_hours":"24/7","address":"台北市信義區信義路六段21號","phone":"+886 2 23461308","website":"https://www.7-11.com.tw/"},"geometry":{"type":"Point","coordinates":[121.575532,25.034442]}},{"type":"Feature","properties":{"id":"osm:node:3634927078","name":"7-Eleven","category":"convenience","brand":"7-Eleven"},"geometry":{"type":"Point","coordinates":[121.475701,25.086886]}},{"type":"Feature","properties":{"id":"osm:node:3634931402","name":"全家便利商店","category":"convenience","nameEn":"FamilyMart","brand":"全家便利商店","opening_hours":"24/7","address":"24754新北市蘆洲區復興路150號"},"geometry":{"type":"Point","coordinates":[121.477229,25.087803]}},{"type":"Feature","properties":{"id":"osm:node:3640161511","name":"7-Eleven","category":"convenience","brand":"7-Eleven","opening_hours":"24/7","address":"104台北市中山區龍江路104號","wheelchair":"yes"},"geometry":{"type":"Point","coordinates":[121.540338,25.052721]}},{"type":"Feature","properties":{"id":"osm:node:3643796520","name":"義美食品","category":"convenience","brand":"義美食品","opening_hours":"Mo-Su 08:00-22:00","address":"220776新北市板橋區中山路二段141號","phone":"+886 2 2957 7353","website":"https://www.imeifoods.com.tw/"},"geometry":{"type":"Point","coordinates":[121.475262,25.016666]}},{"type":"Feature","properties":{"id":"osm:node:3644153895","name":"7-Eleven","category":"convenience","brand":"7-Eleven","opening_hours":"24/7","address":"220002新北市板橋區文化路一段270巷3弄2號","phone":"+886 2 2259 5486","website":"https://www.7-11.com.tw/","wheelchair":"limited"},"geometry":{"type":"Point","coordinates":[121.4676,25.020886]}},{"type":"Feature","properties":{"id":"osm:node:3645583122","name":"萊爾富","category":"convenience","nameEn":"Hi-Life","brand":"萊爾富"},"geometry":{"type":"Point","coordinates":[121.576557,24.986772]}},{"type":"Feature","properties":{"id":"osm:node:3648971420","name":"萊爾富","category":"convenience","nameEn":"Hi-Life","brand":"萊爾富","opening_hours":"24/7","address":"100台北市中正區八德路一段82巷10號","phone":"+886 2 89783142","website":"https://www.hilife.com.tw/","wheelchair":"yes"},"geometry":{"type":"Point","coordinates":[121.532004,25.043739]}},{"type":"Feature","properties":{"id":"osm:node:3653616887","name":"7-Eleven","category":"convenience","brand":"7-Eleven"},"geometry":{"type":"Point","coordinates":[121.525304,25.035235]}},{"type":"Feature","properties":{"id":"osm:node:3656917783","name":"7-Eleven","category":"convenience","brand":"7-Eleven"},"geometry":{"type":"Point","coordinates":[121.601405,25.003764]}},{"type":"Feature","properties":{"id":"osm:node:3656918025","name":"聚祥平價商店","category":"convenience"},"geometry":{"type":"Point","coordinates":[121.612138,25.001074]}},{"type":"Feature","properties":{"id":"osm:node:3658406442","name":"全家便利商店","category":"convenience","nameEn":"FamilyMart","brand":"全家便利商店","opening_hours":"24/7","address":"116台北市文山區指南路二段83號"},"geometry":{"type":"Point","coordinates":[121.57517,24.987825]}},{"type":"Feature","properties":{"id":"osm:node:3661063909","name":"7-Eleven","category":"convenience","brand":"7-Eleven"},"geometry":{"type":"Point","coordinates":[121.523112,25.11626]}},{"type":"Feature","properties":{"id":"osm:node:3663419718","name":"7-Eleven","category":"convenience","brand":"7-Eleven","opening_hours":"24/7","address":"10351臺北市大同區長安西路45-2、47號1樓","phone":"+886 2 2555 6859","website":"https://www.7-11.com.tw/","wheelchair":"yes"},"geometry":{"type":"Point","coordinates":[121.517854,25.0508]}},{"type":"Feature","properties":{"id":"osm:node:3664807537","name":"全家便利商店","category":"convenience","nameEn":"FamilyMart","brand":"全家便利商店","opening_hours":"24/7","address":"241新北市三重區中正北路554號"},"geometry":{"type":"Point","coordinates":[121.471099,25.071927]}},{"type":"Feature","properties":{"id":"osm:node:3666291989","name":"全家便利商店","category":"convenience","nameEn":"FamilyMart","brand":"全家便利商店"},"geometry":{"type":"Point","coordinates":[121.465679,25.057436]}},{"type":"Feature","properties":{"id":"osm:node:3666291990","name":"7-Eleven","category":"convenience","brand":"7-Eleven"},"geometry":{"type":"Point","coordinates":[121.465913,25.049242]}},{"type":"Feature","properties":{"id":"osm:node:3667683650","name":"義美食品","category":"convenience","brand":"義美食品"},"geometry":{"type":"Point","coordinates":[121.55337,25.00143]}},{"type":"Feature","properties":{"id":"osm:node:3667716512","name":"全家便利商店","category":"convenience","nameEn":"FamilyMart","brand":"全家便利商店"},"geometry":{"type":"Point","coordinates":[121.454839,25.046332]}},{"type":"Feature","properties":{"id":"osm:node:3667726578","name":"7-Eleven","category":"convenience","brand":"7-Eleven"},"geometry":{"type":"Point","coordinates":[121.514321,25.012208]}},{"type":"Feature","properties":{"id":"osm:node:3670390146","name":"7-Eleven","category":"convenience","brand":"7-Eleven"},"geometry":{"type":"Point","coordinates":[121.554153,25.042521]}},{"type":"Feature","properties":{"id":"osm:node:3674723322","name":"全家便利商店","category":"convenience","nameEn":"FamilyMart","brand":"全家便利商店"},"geometry":{"type":"Point","coordinates":[121.488851,25.050642]}},{"type":"Feature","properties":{"id":"osm:node:3680337963","name":"7-Eleven","category":"convenience","brand":"7-Eleven"},"geometry":{"type":"Point","coordinates":[121.48849,25.063302]}},{"type":"Feature","properties":{"id":"osm:node:3681809065","name":"全家便利商店","category":"convenience","nameEn":"FamilyMart","brand":"全家便利商店"},"geometry":{"type":"Point","coordinates":[121.490607,25.053074]}},{"type":"Feature","properties":{"id":"osm:node:3682801670","name":"全家便利商店","category":"convenience","nameEn":"FamilyMart","brand":"全家便利商店","address":"220003新北市板橋區文化路一段280號","phone":"+886 2 2254 4632;+886 2 7709 6063","website":"https://www.family.com.tw/"},"geometry":{"type":"Point","coordinates":[121.467117,25.021115]}},{"type":"Feature","properties":{"id":"osm:node:3682829896","name":"7-Eleven","category":"convenience","brand":"7-Eleven"},"geometry":{"type":"Point","coordinates":[121.501474,25.036005]}},{"type":"Feature","properties":{"id":"osm:node:3683171365","name":"萊爾富","category":"convenience","nameEn":"Hi-Life","brand":"萊爾富","opening_hours":"24/7","address":"臺北市士林區文林路760號"},"geometry":{"type":"Point","coordinates":[121.519953,25.103249]}},{"type":"Feature","properties":{"id":"osm:node:3683800294","name":"全家便利商店","category":"convenience","nameEn":"FamilyMart","brand":"全家便利商店"},"geometry":{"type":"Point","coordinates":[121.484653,25.009172]}},{"type":"Feature","properties":{"id":"osm:node:3683800295","name":"全家便利商店","category":"convenience","nameEn":"FamilyMart","brand":"全家便利商店","opening_hours":"24/7","address":"235新北市中和區中正路1186號"},"geometry":{"type":"Point","coordinates":[121.480722,25.010261]}},{"type":"Feature","properties":{"id":"osm:node:3683800322","name":"7-Eleven","category":"convenience","brand":"7-Eleven","address":"235新北市中和區橋和路99號","wheelchair":"limited"},"geometry":{"type":"Point","coordinates":[121.490678,25.005675]}},{"type":"Feature","properties":{"id":"osm:node:3683807226","name":"7-Eleven","category":"convenience","brand":"7-Eleven","opening_hours":"24/7","address":"235新北市中和區建康路101號","phone":"+886 2 32343779","website":"https://www.7-11.com.tw/","wheelchair":"yes"},"geometry":{"type":"Point","coordinates":[121.4883,25.000403]}},{"type":"Feature","properties":{"id":"osm:node:3683807227","name":"7-Eleven","category":"convenience","brand":"7-Eleven"},"geometry":{"type":"Point","coordinates":[121.487014,25.008262]}},{"type":"Feature","properties":{"id":"osm:node:3683807228","name":"7-Eleven","category":"convenience","brand":"7-Eleven"},"geometry":{"type":"Point","coordinates":[121.485871,25.008528]}},{"type":"Feature","properties":{"id":"osm:node:3689283572","name":"全家便利商店","category":"convenience","nameEn":"FamilyMart","brand":"全家便利商店","opening_hours":"24/7","address":"24144新北市三重區集美街116號一樓"},"geometry":{"type":"Point","coordinates":[121.488806,25.053838]}},{"type":"Feature","properties":{"id":"osm:node:3689283613","name":"萊爾富","category":"convenience","nameEn":"Hi-Life","brand":"萊爾富"},"geometry":{"type":"Point","coordinates":[121.469146,25.052346]}},{"type":"Feature","properties":{"id":"osm:node:3689283614","name":"萊爾富","category":"convenience","nameEn":"Hi-Life","brand":"萊爾富"},"geometry":{"type":"Point","coordinates":[121.491808,25.054555]}},{"type":"Feature","properties":{"id":"osm:node:3689283615","name":"萊爾富","category":"convenience","nameEn":"Hi-Life","brand":"萊爾富"},"geometry":{"type":"Point","coordinates":[121.468763,25.055743]}},{"type":"Feature","properties":{"id":"osm:node:3689283619","name":"7-Eleven","category":"convenience","brand":"7-Eleven"},"geometry":{"type":"Point","coordinates":[121.489437,25.052939]}},{"type":"Feature","properties":{"id":"osm:node:3689283620","name":"7-Eleven","category":"convenience","brand":"7-Eleven"},"geometry":{"type":"Point","coordinates":[121.469131,25.056134]}},{"type":"Feature","properties":{"id":"osm:node:3689351296","name":"7-Eleven","category":"convenience","brand":"7-Eleven"},"geometry":{"type":"Point","coordinates":[121.486564,25.060572]}},{"type":"Feature","properties":{"id":"osm:node:3689523252","name":"萊爾富","category":"convenience","nameEn":"Hi-Life","brand":"萊爾富"},"geometry":{"type":"Point","coordinates":[121.500184,25.004799]}},{"type":"Feature","properties":{"id":"osm:node:3689633940","name":"全家便利商店","category":"convenience","nameEn":"FamilyMart","brand":"全家便利商店","wheelchair":"limited"},"geometry":{"type":"Point","coordinates":[121.487225,24.99846]}},{"type":"Feature","properties":{"id":"osm:node:3689633944","name":"全家便利商店","category":"convenience","nameEn":"FamilyMart","brand":"全家便利商店","wheelchair":"yes"},"geometry":{"type":"Point","coordinates":[121.487919,24.997409]}},{"type":"Feature","properties":{"id":"osm:node:3689633945","name":"7-Eleven","category":"convenience","brand":"7-Eleven"},"geometry":{"type":"Point","coordinates":[121.488712,24.994484]}},{"type":"Feature","properties":{"id":"osm:node:3690933419","name":"全家便利商店","category":"convenience","nameEn":"FamilyMart","brand":"全家便利商店","address":"台北市信義區信義路四段405號","phone":"+886-2-87884949"},"geometry":{"type":"Point","coordinates":[121.558919,25.03326]}},{"type":"Feature","properties":{"id":"osm:node:3695574950","name":"全家便利商店","category":"convenience","nameEn":"FamilyMart","brand":"全家便利商店","address":"新北市新店區中正路59號一樓"},"geometry":{"type":"Point","coordinates":[121.544231,24.969923]}},{"type":"Feature","properties":{"id":"osm:node:3695574957","name":"百福商店","category":"convenience","address":"231新北市新店區北新路一段64巷1號"},"geometry":{"type":"Point","coordinates":[121.541957,24.965525]}},{"type":"Feature","properties":{"id":"osm:node:3695581481","name":"7-Eleven","category":"convenience","brand":"7-Eleven","address":"231新北市新店區中正路57-2號一樓"},"geometry":{"type":"Point","coordinates":[121.544266,24.969904]}},{"type":"Feature","properties":{"id":"osm:node:3699343586","name":"全家便利商店","category":"convenience","nameEn":"FamilyMart","brand":"全家便利商店","address":"新北市深坑區埔新里016鄰北深路二段79號"},"geometry":{"type":"Point","coordinates":[121.618241,25.003705]}},{"type":"Feature","properties":{"id":"osm:node:3699452814","name":"萊爾富","category":"convenience","nameEn":"Hi-Life","brand":"萊爾富","opening_hours":"Mo-Fr 07:00-21:00,St 08:00-17:00","address":"10491台北市中山區中山北路三段40號一樓"},"geometry":{"type":"Point","coordinates":[121.52188,25.066647]}},{"type":"Feature","properties":{"id":"osm:node:3699812821","name":"全家便利商店","category":"convenience","nameEn":"FamilyMart","brand":"全家便利商店","opening_hours":"24/7"},"geometry":{"type":"Point","coordinates":[121.577067,25.040663]}},{"type":"Feature","properties":{"id":"osm:node:3699813185","name":"7-Eleven","category":"convenience","brand":"7-Eleven","opening_hours":"24/7"},"geometry":{"type":"Point","coordinates":[121.576868,25.040676]}},{"type":"Feature","properties":{"id":"osm:node:3700532676","name":"7-Eleven","category":"convenience","brand":"7-Eleven","address":"110臺北市信義區景聯里2鄰吳興街11號"},"geometry":{"type":"Point","coordinates":[121.55957,25.031663]}},{"type":"Feature","properties":{"id":"osm:node:3700536512","name":"全家便利商店","category":"convenience","nameEn":"FamilyMart","brand":"全家便利商店","address":"110台北市信義區文昌街328號"},"geometry":{"type":"Point","coordinates":[121.557603,25.032186]}},{"type":"Feature","properties":{"id":"osm:node:3700536514","name":"7-Eleven","category":"convenience","brand":"7-Eleven","address":"110台北市信義區基隆路二段22號"},"geometry":{"type":"Point","coordinates":[121.558716,25.031935]}},{"type":"Feature","properties":{"id":"osm:node:3700536515","name":"全家便利商店","category":"convenience","nameEn":"FamilyMart","brand":"全家便利商店"},"geometry":{"type":"Point","coordinates":[121.55946,25.031696]}},{"type":"Feature","properties":{"id":"osm:node:3700823288","name":"全家便利商店","category":"convenience","nameEn":"FamilyMart","brand":"全家便利商店"},"geometry":{"type":"Point","coordinates":[121.464147,25.07917]}},{"type":"Feature","properties":{"id":"osm:node:3700823289","name":"全家便利商店","category":"convenience","nameEn":"FamilyMart","brand":"全家便利商店"},"geometry":{"type":"Point","coordinates":[121.457584,25.086215]}},{"type":"Feature","properties":{"id":"osm:node:3700965687","name":"萊爾富","category":"convenience","nameEn":"Hi-Life","brand":"萊爾富","opening_hours":"24/7","address":"新北市蘆洲區中山一路293號"},"geometry":{"type":"Point","coordinates":[121.471713,25.079205]}},{"type":"Feature","properties":{"id":"osm:node:3700965697","name":"7-Eleven","category":"convenience","brand":"7-Eleven"},"geometry":{"type":"Point","coordinates":[121.462166,25.083558]}},{"type":"Feature","properties":{"id":"osm:node:3701032036","name":"萊爾富","category":"convenience","brand":"萊爾富"},"geometry":{"type":"Point","coordinates":[121.464684,25.0909]}},{"type":"Feature","properties":{"id":"osm:node:3704049690","name":"7-Eleven","category":"convenience","brand":"7-Eleven","address":"106臺北市大安區光復南路616號"},"geometry":{"type":"Point","coordinates":[121.55726,25.03221]}},{"type":"Feature","properties":{"id":"osm:node:3704216225","name":"全家便利商店","category":"convenience","nameEn":"FamilyMart","brand":"全家便利商店","opening_hours":"24/7","address":"10458臺北市中山區四平街47號","phone":"+886-2-7709-5807;+886-2-2531-8666","website":"https://www.family.com.tw/","wheelchair":"no"},"geometry":{"type":"Point","coordinates":[121.532423,25.053704]}},{"type":"Feature","properties":{"id":"osm:node:3704355306","name":"7-Eleven","category":"convenience","brand":"7-Eleven"},"geometry":{"type":"Point","coordinates":[121.553593,25.027501]}},{"type":"Feature","properties":{"id":"osm:node:3706805626","name":"7-Eleven","category":"convenience","brand":"7-Eleven","opening_hours":"24/7","address":"114台北市內湖區內湖路一段91巷2號","wheelchair":"yes"},"geometry":{"type":"Point","coordinates":[121.56151,25.084621]}},{"type":"Feature","properties":{"id":"osm:node:3706824984","name":"7-Eleven","category":"convenience","brand":"7-Eleven"},"geometry":{"type":"Point","coordinates":[121.557486,25.079678]}},{"type":"Feature","properties":{"id":"osm:node:3707807816","name":"家樂福超市","category":"convenience","nameEn":"Carrefour Market","brand":"家樂福超市"},"geometry":{"type":"Point","coordinates":[121.554435,25.032765]}},{"type":"Feature","properties":{"id":"osm:node:3708200049","name":"萊爾富","category":"convenience","nameEn":"Hi-Life","brand":"萊爾富"},"geometry":{"type":"Point","coordinates":[121.483893,24.999252]}},{"type":"Feature","properties":{"id":"osm:node:3708200052","name":"7-Eleven","category":"convenience","brand":"7-Eleven"},"geometry":{"type":"Point","coordinates":[121.483564,25.000764]}},{"type":"Feature","properties":{"id":"osm:node:3710078777","name":"承恩食品","category":"convenience","address":"新北市中和區僑安街1號1樓"},"geometry":{"type":"Point","coordinates":[121.492633,25.00309]}},{"type":"Feature","properties":{"id":"osm:node:3714843277","name":"7-Eleven","category":"convenience","brand":"7-Eleven","opening_hours":"Mo-Su 00:00-24:00"},"geometry":{"type":"Point","coordinates":[121.574111,25.040719]}},{"type":"Feature","properties":{"id":"osm:node:3720429030","name":"OK超商","category":"convenience","nameEn":"OK mart","brand":"OK超商"},"geometry":{"type":"Point","coordinates":[121.485538,25.065218]}},{"type":"Feature","properties":{"id":"osm:node:3720429195","name":"7-Eleven","category":"convenience","brand":"7-Eleven"},"geometry":{"type":"Point","coordinates":[121.497574,25.062775]}},{"type":"Feature","properties":{"id":"osm:node:3720429198","name":"7-Eleven","category":"convenience","brand":"7-Eleven","opening_hours":"24/7","address":"24147新北市三重區正義北路51號"},"geometry":{"type":"Point","coordinates":[121.497442,25.06417]}},{"type":"Feature","properties":{"id":"osm:node:3720429199","name":"7-Eleven","category":"convenience","brand":"7-Eleven","opening_hours":"24/7","address":"新北市蘆洲區長榮路679號"},"geometry":{"type":"Point","coordinates":[121.46023,25.092187]}},{"type":"Feature","properties":{"id":"osm:node:3720461310","name":"萊爾富","category":"convenience","nameEn":"Hi-Life","brand":"萊爾富"},"geometry":{"type":"Point","coordinates":[121.499741,25.067959]}},{"type":"Feature","properties":{"id":"osm:node:3722809776","name":"全家便利商店","category":"convenience","nameEn":"FamilyMart","brand":"全家便利商店","wheelchair":"yes"},"geometry":{"type":"Point","coordinates":[121.490471,25.07762]}},{"type":"Feature","properties":{"id":"osm:node:3722809820","name":"萊爾富","category":"convenience","nameEn":"Hi-Life","brand":"萊爾富","opening_hours":"24/7","address":"新北市三重區溪尾街190 192號","wheelchair":"no"},"geometry":{"type":"Point","coordinates":[121.488309,25.080933]}},{"type":"Feature","properties":{"id":"osm:node:3722809821","name":"萊爾富","category":"convenience","nameEn":"Hi-Life","brand":"萊爾富","opening_hours":"24/7","address":"新北市三重區溪尾街293 295號"},"geometry":{"type":"Point","coordinates":[121.487562,25.083158]}},{"type":"Feature","properties":{"id":"osm:node:3724576609","name":"全家便利商店","category":"convenience","nameEn":"FamilyMart","brand":"全家便利商店"},"geometry":{"type":"Point","coordinates":[121.467435,25.080176]}},{"type":"Feature","properties":{"id":"osm:node:3725463406","name":"7-Eleven","category":"convenience","brand":"7-Eleven","opening_hours":"24/7","address":"10045臺北市中正區衡陽路6號1樓","phone":"+886 2 2331 6456","website":"https://www.7-11.com.tw/","wheelchair":"limited"},"geometry":{"type":"Point","coordinates":[121.513726,25.042212]}},{"type":"Feature","properties":{"id":"osm:node:3727152370","name":"全家便利商店","category":"convenience","nameEn":"FamilyMart","brand":"全家便利商店","opening_hours":"24/7","address":"105台北市松山區光復南路32巷46之4號","wheelchair":"yes"},"geometry":{"type":"Point","coordinates":[121.554415,25.046204]}},{"type":"Feature","properties":{"id":"osm:node:3727152546","name":"萊爾福","category":"convenience","address":"105台北市松山區八德路三段119號"},"geometry":{"type":"Point","coordinates":[121.553963,25.048288]}},{"type":"Feature","properties":{"id":"osm:node:3727152550","name":"7-Eleven","category":"convenience","brand":"7-Eleven","opening_hours":"24/7","address":"105台北市松山區延吉街28號","wheelchair":"yes"},"geometry":{"type":"Point","coordinates":[121.553431,25.046323]}},{"type":"Feature","properties":{"id":"osm:node:3727533629","name":"全家便利商店","category":"convenience","nameEn":"FamilyMart","brand":"全家便利商店"},"geometry":{"type":"Point","coordinates":[121.491187,24.989391]}},{"type":"Feature","properties":{"id":"osm:node:3727533660","name":"7-Eleven","category":"convenience","brand":"7-Eleven"},"geometry":{"type":"Point","coordinates":[121.490954,24.989765]}},{"type":"Feature","properties":{"id":"osm:node:3727698325","name":"全家便利商店","category":"convenience","nameEn":"FamilyMart","brand":"全家便利商店"},"geometry":{"type":"Point","coordinates":[121.493272,24.990756]}},{"type":"Feature","properties":{"id":"osm:node:3727698387","name":"7-Eleven","category":"convenience","brand":"7-Eleven"},"geometry":{"type":"Point","coordinates":[121.491644,24.990703]}},{"type":"Feature","properties":{"id":"osm:node:3727895339","name":"7-Eleven","category":"convenience","brand":"7-Eleven"},"geometry":{"type":"Point","coordinates":[121.533211,25.049021]}},{"type":"Feature","properties":{"id":"osm:node:3729253278","name":"全家便利商店","category":"convenience","nameEn":"FamilyMart","brand":"全家便利商店","opening_hours":"24/7","address":"新北市三重區三民街112號"},"geometry":{"type":"Point","coordinates":[121.485005,25.063434]}},{"type":"Feature","properties":{"id":"osm:node:3729253280","name":"全家便利商店","category":"convenience","nameEn":"FamilyMart","brand":"全家便利商店"},"geometry":{"type":"Point","coordinates":[121.478946,25.068088]}},{"type":"Feature","properties":{"id":"osm:node:3729253281","name":"全家便利商店","category":"convenience","nameEn":"FamilyMart","brand":"全家便利商店"},"geometry":{"type":"Point","coordinates":[121.476719,25.069571]}},{"type":"Feature","properties":{"id":"osm:node:3729254260","name":"萊爾富","category":"convenience","nameEn":"Hi-Life","brand":"萊爾富","opening_hours":"24/7","address":"新北市三重區三民街100號"},"geometry":{"type":"Point","coordinates":[121.485284,25.063178]}},{"type":"Feature","properties":{"id":"osm:node:3729254261","name":"萊爾富","category":"convenience","brand":"萊爾富"},"geometry":{"type":"Point","coordinates":[121.472043,25.071702]}},{"type":"Feature","properties":{"id":"osm:node:3729254262","name":"萊爾富","category":"convenience","nameEn":"Hi-Life","brand":"萊爾富"},"geometry":{"type":"Point","coordinates":[121.470352,25.072308]}},{"type":"Feature","properties":{"id":"osm:node:3729254263","name":"萊爾富","category":"convenience","nameEn":"Hi-Life","brand":"萊爾富","opening_hours":"24/7","address":"新北市五股區中興路二段1號"},"geometry":{"type":"Point","coordinates":[121.463104,25.074244]}},{"type":"Feature","properties":{"id":"osm:node:3731157012","name":"7-Eleven","category":"convenience","brand":"7-Eleven","opening_hours":"24/7","address":"231新北市新店區北新路二段169號","phone":"+886 2 86658848","website":"https://www.7-11.com.tw/"},"geometry":{"type":"Point","coordinates":[121.542737,24.976395]}},{"type":"Feature","properties":{"id":"osm:node:3731163595","name":"全家便利商店","category":"convenience","nameEn":"FamilyMart","brand":"全家便利商店","address":"116台北市文山區恆光街21號1樓"},"geometry":{"type":"Point","coordinates":[121.566858,24.983172]}},{"type":"Feature","properties":{"id":"osm:node:3731163762","name":"全家便利商店","category":"convenience","nameEn":"FamilyMart","brand":"全家便利商店","address":"116018臺北市文山區木新路三段93;95號","phone":"+886 2 7713 4250","website":"https://www.family.com.tw"},"geometry":{"type":"Point","coordinates":[121.562997,24.982078]}},{"type":"Feature","properties":{"id":"osm:node:3731163763","name":"全家便利商店","category":"convenience","nameEn":"FamilyMart","brand":"全家便利商店","wheelchair":"limited"},"geometry":{"type":"Point","coordinates":[121.546561,24.975428]}},{"type":"Feature","properties":{"id":"osm:node:3732996378","name":"全家便利商店","category":"convenience","nameEn":"FamilyMart","brand":"全家便利商店"},"geometry":{"type":"Point","coordinates":[121.582659,25.040776]}},{"type":"Feature","properties":{"id":"osm:node:3734343329","name":"7-Eleven","category":"convenience","brand":"7-Eleven","wheelchair":"yes"},"geometry":{"type":"Point","coordinates":[121.451204,25.054184]}},{"type":"Feature","properties":{"id":"osm:node:3734714096","name":"全家便利商店","category":"convenience","nameEn":"FamilyMart","brand":"全家便利商店"},"geometry":{"type":"Point","coordinates":[121.479031,25.085209]}},{"type":"Feature","properties":{"id":"osm:node:3738821430","name":"7-Eleven","category":"convenience","brand":"7-Eleven"},"geometry":{"type":"Point","coordinates":[121.575138,25.037372]}},{"type":"Feature","properties":{"id":"osm:node:3740347527","name":"7-Eleven","category":"convenience","brand":"7-Eleven","opening_hours":"24/7","address":"11674臺北市文山區羅斯福路六段270號","phone":"+886 2 29308537","website":"https://www.7-11.com.tw/"},"geometry":{"type":"Point","coordinates":[121.540043,24.991502]}},{"type":"Feature","properties":{"id":"osm:node:3742340190","name":"全家便利商店","category":"convenience","nameEn":"FamilyMart","brand":"全家便利商店"},"geometry":{"type":"Point","coordinates":[121.573639,25.034572]}},{"type":"Feature","properties":{"id":"osm:node:3742377373","name":"7-Eleven","category":"convenience","brand":"7-Eleven","address":"114臺北市內湖區文德路6號"},"geometry":{"type":"Point","coordinates":[121.578857,25.078463]}},{"type":"Feature","properties":{"id":"osm:node:3742377374","name":"全家便利商店","category":"convenience","nameEn":"FamilyMart","brand":"全家便利商店","address":"114臺北市內湖區內湖路一段733號"},"geometry":{"type":"Point","coordinates":[121.578151,25.079138]}},{"type":"Feature","properties":{"id":"osm:node:3742682682","name":"萊爾富","category":"convenience","nameEn":"Hi-Life","brand":"萊爾富"},"geometry":{"type":"Point","coordinates":[121.560579,25.086764]}},{"type":"Feature","properties":{"id":"osm:node:3742682683","name":"全家便利商店","category":"convenience","nameEn":"FamilyMart","brand":"全家便利商店"},"geometry":{"type":"Point","coordinates":[121.56276,25.086748]}},{"type":"Feature","properties":{"id":"osm:node:3744240091","name":"全家便利商店","category":"convenience","nameEn":"FamilyMart","brand":"全家便利商店"},"geometry":{"type":"Point","coordinates":[121.468622,25.085814]}},{"type":"Feature","properties":{"id":"osm:node:3744240092","name":"全家便利商店","category":"convenience","nameEn":"FamilyMart","brand":"全家便利商店","opening_hours":"24/7","address":"臺北市北投區明德路93號","wheelchair":"yes"},"geometry":{"type":"Point","coordinates":[121.518885,25.109099]}},{"type":"Feature","properties":{"id":"osm:node:3744240093","name":"全家便利商店","category":"convenience","nameEn":"FamilyMart","brand":"全家便利商店"},"geometry":{"type":"Point","coordinates":[121.516732,25.112036]}},{"type":"Feature","properties":{"id":"osm:node:3744245321","name":"萊爾富","category":"convenience","nameEn":"Hi-Life","brand":"萊爾富","wheelchair":"yes"},"geometry":{"type":"Point","coordinates":[121.494069,25.08138]}},{"type":"Feature","properties":{"id":"osm:node:3744245327","name":"7-Eleven","category":"convenience","brand":"7-Eleven","opening_hours":"24/7","address":"臺北市北投區明德路87號","wheelchair":"yes"},"geometry":{"type":"Point","coordinates":[121.518805,25.109]}},{"type":"Feature","properties":{"id":"osm:node:3744245328","name":"7-Eleven","category":"convenience","brand":"7-Eleven","opening_hours":"24/7","address":"臺北市北投區明德路99號","wheelchair":"no"},"geometry":{"type":"Point","coordinates":[121.519404,25.109477]}},{"type":"Feature","properties":{"id":"osm:node:3750095370","name":"7-Eleven","category":"convenience","brand":"7-Eleven","opening_hours":"24/7"},"geometry":{"type":"Point","coordinates":[121.474848,25.008792]}},{"type":"Feature","properties":{"id":"osm:node:3750099928","name":"全家便利商店","category":"convenience","nameEn":"FamilyMart","brand":"全家便利商店","opening_hours":"24/7","address":"235008新北市中和區中山路三段120之11號","phone":"+886 2 3234 9461;+886 2 7709 6398","website":"https://www.family.com.tw/"},"geometry":{"type":"Point","coordinates":[121.474531,25.008873]}},{"type":"Feature","properties":{"id":"osm:node:3751092266","name":"全家便利商店","category":"convenience","nameEn":"FamilyMart","brand":"全家便利商店","address":"104台北市中山區吉林路448號"},"geometry":{"type":"Point","coordinates":[121.530276,25.06666]}},{"type":"Feature","properties":{"id":"osm:node:3752248326","name":"7-Eleven","category":"convenience","brand":"7-Eleven","opening_hours":"24/7","address":"111台北市士林區中正路222號","wheelchair":"limited"},"geometry":{"type":"Point","coordinates":[121.526032,25.095521]}},{"type":"Feature","properties":{"id":"osm:node:3752248425","name":"全家便利商店","category":"convenience","nameEn":"FamilyMart","brand":"全家便利商店","opening_hours":"24/7","address":"111台北市士林區中正路233號","wheelchair":"yes"},"geometry":{"type":"Point","coordinates":[121.526036,25.095186]}},{"type":"Feature","properties":{"id":"osm:node:3752248926","name":"7-Eleven","category":"convenience","brand":"7-Eleven","opening_hours":"24/7","wheelchair":"yes"},"geometry":{"type":"Point","coordinates":[121.525928,25.094738]}},{"type":"Feature","properties":{"id":"osm:node:3755095934","name":"全家便利商店","category":"convenience","nameEn":"FamilyMart","brand":"全家便利商店","opening_hours":"24/7","address":"112臺北市北投區振華街2號","phone":"+886 2 28232410","website":"https://www.family.com.tw/"},"geometry":{"type":"Point","coordinates":[121.519956,25.115642]}},{"type":"Feature","properties":{"id":"osm:node:3759721949","name":"全家便利商店","category":"convenience","nameEn":"FamilyMart","brand":"全家便利商店","opening_hours":"24/7","address":"新北市汐止區祥雲街1號"},"geometry":{"type":"Point","coordinates":[121.645624,25.089652]}},{"type":"Feature","properties":{"id":"osm:node:3759761430","name":"7-Eleven","category":"convenience","brand":"7-Eleven"},"geometry":{"type":"Point","coordinates":[121.646268,25.088844]}},{"type":"Feature","properties":{"id":"osm:node:3769904737","name":"7-Eleven","category":"convenience","brand":"7-Eleven","opening_hours":"24/7","address":"110臺北市信義區忠孝東路五段71巷6號一樓","phone":"+886 2 27654906","website":"https://www.7-11.com.tw/"},"geometry":{"type":"Point","coordinates":[121.567248,25.041718]}},{"type":"Feature","properties":{"id":"osm:node:3776691669","name":"7-Eleven","category":"convenience","brand":"7-Eleven"},"geometry":{"type":"Point","coordinates":[121.523482,25.104738]}},{"type":"Feature","properties":{"id":"osm:node:3776842388","name":"萊爾富","category":"convenience","nameEn":"Hi-Life","brand":"萊爾富"},"geometry":{"type":"Point","coordinates":[121.500579,25.126038]}},{"type":"Feature","properties":{"id":"osm:node:3778327903","name":"7-Eleven","category":"convenience","brand":"7-Eleven"},"geometry":{"type":"Point","coordinates":[121.53038,25.060197]}},{"type":"Feature","properties":{"id":"osm:node:3778327918","name":"7-Eleven","category":"convenience","brand":"7-Eleven","address":"104台北市中山區錦州街229號","wheelchair":"yes"},"geometry":{"type":"Point","coordinates":[121.532465,25.060389]}},{"type":"Feature","properties":{"id":"osm:node:3778328669","name":"7-Eleven","category":"convenience","brand":"7-Eleven","address":"104台北市中山區民生東路二段113號"},"geometry":{"type":"Point","coordinates":[121.53152,25.05811]}},{"type":"Feature","properties":{"id":"osm:node:3778328675","name":"OK超商","category":"convenience","nameEn":"OK mart","brand":"OK超商","address":"104台北市中山區吉林路163號"},"geometry":{"type":"Point","coordinates":[121.530434,25.059027]}},{"type":"Feature","properties":{"id":"osm:node:3778328677","name":"義美食品","category":"convenience","brand":"義美食品","address":"104台北市中山區錦州街178號"},"geometry":{"type":"Point","coordinates":[121.530117,25.060208]}},{"type":"Feature","properties":{"id":"osm:node:3780481378","name":"7-Eleven","category":"convenience","brand":"7-Eleven"},"geometry":{"type":"Point","coordinates":[121.540101,24.984281]}},{"type":"Feature","properties":{"id":"osm:node:3780775615","name":"7-Eleven","category":"convenience","brand":"7-Eleven","address":"11677臺北市文山區汀州路四段88號","website":"https://www.7-11.com.tw/","wheelchair":"yes"},"geometry":{"type":"Point","coordinates":[121.536831,25.00805]}},{"type":"Feature","properties":{"id":"osm:node:3784303151","name":"7-Eleven","category":"convenience","brand":"7-Eleven"},"geometry":{"type":"Point","coordinates":[121.519664,25.114131]}},{"type":"Feature","properties":{"id":"osm:node:3784303485","name":"7-Eleven","category":"convenience","brand":"7-Eleven","wheelchair":"yes"},"geometry":{"type":"Point","coordinates":[121.523769,25.113716]}},{"type":"Feature","properties":{"id":"osm:node:3785386773","name":"萊爾富","category":"convenience","nameEn":"Hi-Life","brand":"萊爾富"},"geometry":{"type":"Point","coordinates":[121.516408,25.118503]}},{"type":"Feature","properties":{"id":"osm:node:3785978430","name":"7-Eleven","category":"convenience","brand":"7-Eleven"},"geometry":{"type":"Point","coordinates":[121.560612,25.056749]}},{"type":"Feature","properties":{"id":"osm:node:3790158240","name":"7-Eleven","category":"convenience","brand":"7-Eleven","opening_hours":"24/7","address":"112003臺北市北投區泉源路30號","phone":"+886 2 2897 5244"},"geometry":{"type":"Point","coordinates":[121.506641,25.139988]}},{"type":"Feature","properties":{"id":"osm:node:3791346073","name":"7-Eleven","category":"convenience","brand":"7-Eleven","opening_hours":"PH,Mo-Su 07:00","address":"台北市內湖區成功路五段420巷30號"},"geometry":{"type":"Point","coordinates":[121.608792,25.075443]}},{"type":"Feature","properties":{"id":"osm:node:3793993686","name":"全家便利商店","category":"convenience","nameEn":"FamilyMart","brand":"全家便利商店"},"geometry":{"type":"Point","coordinates":[121.560688,25.050794]}},{"type":"Feature","properties":{"id":"osm:node:3793993696","name":"7-Eleven","category":"convenience","brand":"7-Eleven"},"geometry":{"type":"Point","coordinates":[121.56097,25.050986]}},{"type":"Feature","properties":{"id":"osm:node:3794063254","name":"全家便利商店","category":"convenience","nameEn":"FamilyMart","brand":"全家便利商店","opening_hours":"24/7","wheelchair":"yes"},"geometry":{"type":"Point","coordinates":[121.518342,25.071798]}},{"type":"Feature","properties":{"id":"osm:node:3794141095","name":"OK超商","category":"convenience","nameEn":"OK mart","brand":"OK超商"},"geometry":{"type":"Point","coordinates":[121.51117,25.072301]}},{"type":"Feature","properties":{"id":"osm:node:3794141097","name":"全家便利商店","category":"convenience","nameEn":"FamilyMart","brand":"全家便利商店"},"geometry":{"type":"Point","coordinates":[121.51092,25.06932]}},{"type":"Feature","properties":{"id":"osm:node:3794141116","name":"萊爾富","category":"convenience","nameEn":"Hi-Life","brand":"萊爾富"},"geometry":{"type":"Point","coordinates":[121.510936,25.064709]}},{"type":"Feature","properties":{"id":"osm:node:3794141117","name":"7-Eleven","category":"convenience","brand":"7-Eleven"},"geometry":{"type":"Point","coordinates":[121.511389,25.073105]}},{"type":"Feature","properties":{"id":"osm:node:3795264601","name":"義美食品","category":"convenience","nameEn":"I-MEI food","brand":"義美食品","opening_hours":"Mo-Su 07:00-22:00","address":"112台北市北投區光明路132-4號","phone":"+886 2 2891 3690","website":"https://www.imeifoods.com.tw/","wheelchair":"limited"},"geometry":{"type":"Point","coordinates":[121.502221,25.133726]}},{"type":"Feature","properties":{"id":"osm:node:3797631195","name":"7-Eleven","category":"convenience","brand":"7-Eleven","opening_hours":"24/7","address":"234新北市永和區文化路188號"},"geometry":{"type":"Point","coordinates":[121.511108,25.01603]}},{"type":"Feature","properties":{"id":"osm:node:3797637930","name":"7-Eleven","category":"convenience","brand":"7-Eleven","opening_hours":"Mo-Su 00:00-00:00","address":"234新北市永和區保安路134號"},"geometry":{"type":"Point","coordinates":[121.508833,25.015201]}},{"type":"Feature","properties":{"id":"osm:node:3799442392","name":"全家便利商店","category":"convenience","nameEn":"FamilyMart","brand":"全家便利商店","opening_hours":"24/7","address":"10685臺北市大安區仁愛路四段27巷43號","phone":"+886-2-7709-6513;+886-2-2731-4580","website":"https://www.family.com.tw/"},"geometry":{"type":"Point","coordinates":[121.545311,25.041061]}},{"type":"Feature","properties":{"id":"osm:node:3800183835","name":"全家便利商店","category":"convenience","nameEn":"FamilyMart","brand":"全家便利商店","opening_hours":"24/7","address":"10486臺北市中山區伊通街58號","phone":"+886-2-7713-6292;+886-2-2518-1554","website":"https://www.family.com.tw/"},"geometry":{"type":"Point","coordinates":[121.534633,25.051573]}},{"type":"Feature","properties":{"id":"osm:node:3800183836","name":"7-Eleven","category":"convenience","brand":"7-Eleven","opening_hours":"24/7","address":"10456臺北市中山區一江街11、13號","phone":"+886-2-2581-5255","website":"https://www.7-11.com.tw/"},"geometry":{"type":"Point","coordinates":[121.531653,25.051193]}},{"type":"Feature","properties":{"id":"osm:node:3806468028","name":"7-Eleven","category":"convenience","brand":"7-Eleven"},"geometry":{"type":"Point","coordinates":[121.491661,25.033118]}},{"type":"Feature","properties":{"id":"osm:node:3810065270","name":"7-Eleven","category":"convenience","brand":"7-Eleven","opening_hours":"24/7","address":"臺北市北投區中和街478;480號"},"geometry":{"type":"Point","coordinates":[121.495167,25.145311]}},{"type":"Feature","properties":{"id":"osm:node:3810065271","name":"全家便利商店","category":"convenience","nameEn":"FamilyMart","brand":"全家便利商店","address":"臺北市北投區中和街489號"},"geometry":{"type":"Point","coordinates":[121.495069,25.145133]}},{"type":"Feature","properties":{"id":"osm:node:3810288164","name":"全家便利商店","category":"convenience","nameEn":"FamilyMart","brand":"全家便利商店","opening_hours":"24/7","address":"100台北市中正區八德路一段43巷2號","phone":"+886 2 23214351;+886 2 77463163","website":"https://www.family.com.tw/","wheelchair":"no"},"geometry":{"type":"Point","coordinates":[121.531603,25.044417]}},{"type":"Feature","properties":{"id":"osm:node:3810288226","name":"7-Eleven","category":"convenience","brand":"7-Eleven","address":"100臺北市中正區八德路一段29號"},"geometry":{"type":"Point","coordinates":[121.531365,25.044108]}},{"type":"Feature","properties":{"id":"osm:node:3810862515","name":"全家便利商店","category":"convenience","nameEn":"FamilyMart","brand":"全家便利商店"},"geometry":{"type":"Point","coordinates":[121.638285,25.080471]}},{"type":"Feature","properties":{"id":"osm:node:3810862516","name":"7-Eleven","category":"convenience","brand":"7-Eleven"},"geometry":{"type":"Point","coordinates":[121.638955,25.078366]}},{"type":"Feature","properties":{"id":"osm:node:3811051242","name":"全家便利商店","category":"convenience","nameEn":"FamilyMart","brand":"全家便利商店"},"geometry":{"type":"Point","coordinates":[121.63838,25.073368]}},{"type":"Feature","properties":{"id":"osm:node:3811394869","name":"全家便利商店","category":"convenience","nameEn":"FamilyMart","brand":"全家便利商店"},"geometry":{"type":"Point","coordinates":[121.563956,25.052155]}},{"type":"Feature","properties":{"id":"osm:node:3811394870","name":"全家便利商店","category":"convenience","nameEn":"FamilyMart","brand":"全家便利商店"},"geometry":{"type":"Point","coordinates":[121.566123,25.052284]}},{"type":"Feature","properties":{"id":"osm:node:3811440924","name":"7-Eleven","category":"convenience","brand":"7-Eleven"},"geometry":{"type":"Point","coordinates":[121.50127,25.090697]}},{"type":"Feature","properties":{"id":"osm:node:3811441541","name":"萊爾富","category":"convenience","nameEn":"Hi-Life","brand":"萊爾富","opening_hours":"Mo-Fr 07:00-23:00","address":"新北市新店區寶橋路235巷128號"},"geometry":{"type":"Point","coordinates":[121.551892,24.983664]}},{"type":"Feature","properties":{"id":"osm:node:3811441545","name":"全家便利商店","category":"convenience","nameEn":"FamilyMart","brand":"全家便利商店"},"geometry":{"type":"Point","coordinates":[121.538664,24.977525]}},{"type":"Feature","properties":{"id":"osm:node:3811445890","name":"7-Eleven","category":"convenience","brand":"7-Eleven","address":"新北市新店區寶橋路235巷5號1樓","phone":"+886 2 8911 8174"},"geometry":{"type":"Point","coordinates":[121.551589,24.98]}},{"type":"Feature","properties":{"id":"osm:node:3811445898","name":"7-Eleven","category":"convenience","brand":"7-Eleven"},"geometry":{"type":"Point","coordinates":[121.534161,24.989936]}},{"type":"Feature","properties":{"id":"osm:node:3811446149","name":"全家便利商店","category":"convenience","nameEn":"FamilyMart","brand":"全家便利商店","wheelchair":"yes"},"geometry":{"type":"Point","coordinates":[121.520159,25.05774]}},{"type":"Feature","properties":{"id":"osm:node:3811447081","name":"全家便利商店","category":"convenience","nameEn":"FamilyMart","brand":"全家便利商店"},"geometry":{"type":"Point","coordinates":[121.497323,25.13208]}},{"type":"Feature","properties":{"id":"osm:node:3811447087","name":"全家便利商店","category":"convenience","nameEn":"FamilyMart","brand":"全家便利商店"},"geometry":{"type":"Point","coordinates":[121.551191,24.98357]}},{"type":"Feature","properties":{"id":"osm:node:3811447091","name":"7-Eleven","category":"convenience","brand":"7-Eleven","wheelchair":"yes"},"geometry":{"type":"Point","coordinates":[121.542467,25.033193]}},{"type":"Feature","properties":{"id":"osm:node:3818999702","name":"全家便利商店","category":"convenience","nameEn":"FamilyMart","brand":"全家便利商店","opening_hours":"24/7","address":"106臺北市大安區羅斯福路三段269巷2號","wheelchair":"yes"},"geometry":{"type":"Point","coordinates":[121.530772,25.019033]}},{"type":"Feature","properties":{"id":"osm:node:3818999943","name":"義美食品","category":"convenience","brand":"義美食品","address":"106臺北市大安區羅斯福路三段261號"},"geometry":{"type":"Point","coordinates":[121.530312,25.018946]}},{"type":"Feature","properties":{"id":"osm:node:3820884765","name":"萊爾富","category":"convenience","nameEn":"Hi-Life","brand":"萊爾富","opening_hours":"24/7","address":"臺北市北投區知行路316巷2號"},"geometry":{"type":"Point","coordinates":[121.467295,25.122444]}},{"type":"Feature","properties":{"id":"osm:node:3820884767","name":"7-Eleven","category":"convenience","brand":"7-Eleven","opening_hours":"24/7","address":"臺北市北投區知行路282號"},"geometry":{"type":"Point","coordinates":[121.467468,25.121541]}},{"type":"Feature","properties":{"id":"osm:node:3820884818","name":"7-Eleven","category":"convenience","brand":"7-Eleven"},"geometry":{"type":"Point","coordinates":[121.468528,25.128134]}},{"type":"Feature","properties":{"id":"osm:node:3820884893","name":"萊爾富","category":"convenience","nameEn":"Hi-Life","brand":"萊爾富"},"geometry":{"type":"Point","coordinates":[121.478903,25.135557]}},{"type":"Feature","properties":{"id":"osm:node:3820884926","name":"7-Eleven","category":"convenience","brand":"7-Eleven"},"geometry":{"type":"Point","coordinates":[121.484874,25.137871]}},{"type":"Feature","properties":{"id":"osm:node:3820884945","name":"萊爾富","category":"convenience","nameEn":"Hi-Life","brand":"萊爾富"},"geometry":{"type":"Point","coordinates":[121.485385,25.138299]}},{"type":"Feature","properties":{"id":"osm:node:3820884946","name":"全家便利商店","category":"convenience","nameEn":"FamilyMart","brand":"全家便利商店","wheelchair":"yes"},"geometry":{"type":"Point","coordinates":[121.486649,25.138434]}},{"type":"Feature","properties":{"id":"osm:node:3820884984","name":"全家便利商店","category":"convenience","nameEn":"FamilyMart","brand":"全家便利商店","wheelchair":"yes"},"geometry":{"type":"Point","coordinates":[121.495156,25.136818]}},{"type":"Feature","properties":{"id":"osm:node:3820884988","name":"7-Eleven","category":"convenience","brand":"7-Eleven","wheelchair":"yes"},"geometry":{"type":"Point","coordinates":[121.496033,25.13644]}},{"type":"Feature","properties":{"id":"osm:node:3820885007","name":"7-Eleven","category":"convenience","brand":"7-Eleven","opening_hours":"24/7","address":"11263臺北市北投區中央北路一段108號","phone":"+886-2-2894-4880","website":"https://www.7-11.com.tw/"},"geometry":{"type":"Point","coordinates":[121.499514,25.134952]}},{"type":"Feature","properties":{"id":"osm:node:3822530495","name":"7-Eleven","category":"convenience","brand":"7-Eleven","opening_hours":"24/7","address":"11252臺北市北投區中和街222號","phone":"+886-2-2894-1151","website":"https://www.7-11.com.tw/"},"geometry":{"type":"Point","coordinates":[121.50185,25.139089]}},{"type":"Feature","properties":{"id":"osm:node:3822530496","name":"全家便利商店","category":"convenience","nameEn":"FamilyMart","brand":"全家便利商店","opening_hours":"24/7","address":"11252臺北市北投區中和街252號","phone":"+886-2-2894-9813;+886-2-7723-0506","website":"https://www.family.com.tw/"},"geometry":{"type":"Point","coordinates":[121.501002,25.139918]}},{"type":"Feature","properties":{"id":"osm:node:3822530499","name":"全家便利商店","category":"convenience","nameEn":"FamilyMart","brand":"全家便利商店","opening_hours":"24/7","address":"11246臺北市北投區光明路23號","phone":"+886-2-2896-6631;+886-2-7723-0407","website":"https://www.family.com.tw/"},"geometry":{"type":"Point","coordinates":[121.499195,25.132634]}},{"type":"Feature","properties":{"id":"osm:node:3822530500","name":"OK超商","category":"convenience","nameEn":"OK mart","brand":"OK超商"},"geometry":{"type":"Point","coordinates":[121.497421,25.136089]}},{"type":"Feature","properties":{"id":"osm:node:3822530505","name":"7-Eleven","category":"convenience","brand":"7-Eleven","opening_hours":"24/7","address":"11252臺北市北投區中和街314、316號1樓","phone":"+886-2-2891-9043","website":"https://www.7-11.com.tw/"},"geometry":{"type":"Point","coordinates":[121.499875,25.141]}},{"type":"Feature","properties":{"id":"osm:node:3822530511","name":"OK超商","category":"convenience","nameEn":"OK mart","brand":"OK超商"},"geometry":{"type":"Point","coordinates":[121.499934,25.142117]}},{"type":"Feature","properties":{"id":"osm:node:3822530526","name":"萊爾富","category":"convenience","nameEn":"Hi-Life","brand":"萊爾富"},"geometry":{"type":"Point","coordinates":[121.498276,25.142959]}},{"type":"Feature","properties":{"id":"osm:node:3823643897","name":"臺灣菸酒股份有限公司 板橋便利店","category":"convenience","opening_hours":"09:00-21:00","address":"220新北市板橋區文化路一段309-33號","phone":"+886 2 89696550"},"geometry":{"type":"Point","coordinates":[121.465713,25.020048]}},{"type":"Feature","properties":{"id":"osm:node:3825998764","name":"全家便利商店","category":"convenience","nameEn":"FamilyMart","brand":"全家便利商店","opening_hours":"24/7","address":"10091臺北市中正區汀州路三段261號","phone":"+886 2 2364 2257;+886 2 7709 5862","website":"https://www.family.com.tw/","wheelchair":"no"},"geometry":{"type":"Point","coordinates":[121.535191,25.012865]}},{"type":"Feature","properties":{"id":"osm:node:3826877920","name":"萊爾富","category":"convenience","nameEn":"Hi-Life","brand":"萊爾富"},"geometry":{"type":"Point","coordinates":[121.53271,25.048124]}},{"type":"Feature","properties":{"id":"osm:node:3835268457","name":"全家便利商店","category":"convenience","nameEn":"FamilyMart","brand":"全家便利商店"},"geometry":{"type":"Point","coordinates":[121.511197,25.060564]}},{"type":"Feature","properties":{"id":"osm:node:3835271157","name":"林豐益商行","category":"convenience","address":"台北市迪化街一段214號","wheelchair":"yes"},"geometry":{"type":"Point","coordinates":[121.509313,25.061611]}},{"type":"Feature","properties":{"id":"osm:node:3835274357","name":"高建桶店","category":"convenience","address":"103台北市大同區迪化街ㄧ段204號","wheelchair":"limited"},"geometry":{"type":"Point","coordinates":[121.509464,25.058935]}},{"type":"Feature","properties":{"id":"osm:node:3835323840","name":"萊爾富","category":"convenience","nameEn":"Hi-Life","brand":"萊爾富","opening_hours":"24/7","address":"臺北市文山區木新路三段232巷6弄18號"},"geometry":{"type":"Point","coordinates":[121.559743,24.981992]}},{"type":"Feature","properties":{"id":"osm:node:3835326057","name":"7-Eleven","category":"convenience","brand":"7-Eleven"},"geometry":{"type":"Point","coordinates":[121.559585,24.982385]}},{"type":"Feature","properties":{"id":"osm:node:3835339682","name":"7-Eleven","category":"convenience","brand":"7-Eleven","opening_hours":"24/7","address":"116台北市文山區木新路三段54號56號"},"geometry":{"type":"Point","coordinates":[121.564032,24.982556]}},{"type":"Feature","properties":{"id":"osm:node:3835345475","name":"7-Eleven","category":"convenience","brand":"7-Eleven","address":"116台北市文山區木新路二段212號"},"geometry":{"type":"Point","coordinates":[121.567498,24.98367]}},{"type":"Feature","properties":{"id":"osm:node:3835349525","name":"全家便利商店","category":"convenience","nameEn":"FamilyMart","brand":"全家便利商店","opening_hours":"24/7","address":"116台北市文山區興隆路四段50號"},"geometry":{"type":"Point","coordinates":[121.560837,24.986496]}},{"type":"Feature","properties":{"id":"osm:node:3835377570","name":"萊爾富","category":"convenience","nameEn":"Hi-Life","brand":"萊爾富","address":"116台北市文山區木新路二段141號"},"geometry":{"type":"Point","coordinates":[121.568913,24.983904]}},{"type":"Feature","properties":{"id":"osm:node:3835377578","name":"7-Eleven","category":"convenience","brand":"7-Eleven","address":"116台北市文山區木新路二段255號","phone":"+886 2 2293 85892"},"geometry":{"type":"Point","coordinates":[121.566673,24.983113]}},{"type":"Feature","properties":{"id":"osm:node:3835833946","name":"萊爾富","category":"convenience","nameEn":"Hi-Life","brand":"萊爾富","address":"11163臺北市士林區劍潭路62號","wheelchair":"yes"},"geometry":{"type":"Point","coordinates":[121.521344,25.083321]}},{"type":"Feature","properties":{"id":"osm:node:3835834766","name":"OK超商","category":"convenience","nameEn":"OK mart","brand":"OK超商","address":"111台北市士林區通河街141巷1號"},"geometry":{"type":"Point","coordinates":[121.520871,25.081115]}},{"type":"Feature","properties":{"id":"osm:node:3835835006","name":"全家便利商店","category":"convenience","nameEn":"FamilyMart","brand":"全家便利商店","address":"台北市士林區","wheelchair":"limited"},"geometry":{"type":"Point","coordinates":[121.520946,25.088401]}},{"type":"Feature","properties":{"id":"osm:node:3835835118","name":"7-Eleven","category":"convenience","brand":"7-Eleven","opening_hours":"24/7","wheelchair":"yes"},"geometry":{"type":"Point","coordinates":[121.519383,25.083106]}},{"type":"Feature","properties":{"id":"osm:node:3835835239","name":"全家便利商店","category":"convenience","nameEn":"FamilyMart","brand":"全家便利商店","opening_hours":"24/7","wheelchair":"limited"},"geometry":{"type":"Point","coordinates":[121.519397,25.082804]}},{"type":"Feature","properties":{"id":"osm:node:3835835296","name":"全家便利商店","category":"convenience","nameEn":"FamilyMart","brand":"全家便利商店","address":"11163臺北市士林區前港街39號","wheelchair":"limited"},"geometry":{"type":"Point","coordinates":[121.521471,25.084868]}},{"type":"Feature","properties":{"id":"osm:node:3835835412","name":"全家便利商店","category":"convenience","nameEn":"FamilyMart","brand":"全家便利商店","wheelchair":"limited"},"geometry":{"type":"Point","coordinates":[121.526115,25.0923]}},{"type":"Feature","properties":{"id":"osm:node:3835835478","name":"7-Eleven","category":"convenience","brand":"7-Eleven","address":"111台北市士林區承德路四段30號"},"geometry":{"type":"Point","coordinates":[121.522057,25.080397]}},{"type":"Feature","properties":{"id":"osm:node:3835835479","name":"全家便利商店","category":"convenience","nameEn":"FamilyMart","brand":"全家便利商店","address":"111台北市士林區通河街145號"},"geometry":{"type":"Point","coordinates":[121.520607,25.081004]}},{"type":"Feature","properties":{"id":"osm:node:3835835528","name":"7-Eleven","category":"convenience","brand":"7-Eleven","address":"111臺北市士林區後港街98之1號","wheelchair":"no"},"geometry":{"type":"Point","coordinates":[121.521556,25.085696]}},{"type":"Feature","properties":{"id":"osm:node:3836823087","name":"7-Eleven","category":"convenience","brand":"7-Eleven"},"geometry":{"type":"Point","coordinates":[121.533874,24.983135]}},{"type":"Feature","properties":{"id":"osm:node:3836945810","name":"品大","category":"convenience","nameEn":"Pin Da","wheelchair":"yes"},"geometry":{"type":"Point","coordinates":[121.534503,25.00688]}},{"type":"Feature","properties":{"id":"osm:node:3842796425","name":"全家便利商店","category":"convenience","nameEn":"FamilyMart","brand":"全家便利商店","address":"116臺北市文山區興隆路二段279號"},"geometry":{"type":"Point","coordinates":[121.552746,25.001611]}},{"type":"Feature","properties":{"id":"osm:node:3849103466","name":"全家便利商店","category":"convenience","nameEn":"FamilyMart","brand":"全家便利商店","wheelchair":"yes"},"geometry":{"type":"Point","coordinates":[121.5064,25.120495]}},{"type":"Feature","properties":{"id":"osm:node:3849103543","name":"7-Eleven","category":"convenience","brand":"7-Eleven","wheelchair":"yes"},"geometry":{"type":"Point","coordinates":[121.512974,25.117444]}},{"type":"Feature","properties":{"id":"osm:node:3851686258","name":"義美","category":"convenience","brand":"義美食品","wheelchair":"limited"},"geometry":{"type":"Point","coordinates":[121.510896,25.113255]}},{"type":"Feature","properties":{"id":"osm:node:3851686356","name":"7-Eleven","category":"convenience","brand":"7-Eleven"},"geometry":{"type":"Point","coordinates":[121.522266,25.117986]}},{"type":"Feature","properties":{"id":"osm:node:3851686561","name":"萊爾富","category":"convenience","nameEn":"Hi-Life","brand":"萊爾富","address":"臺北市北投區行義路"},"geometry":{"type":"Point","coordinates":[121.528207,25.130027]}},{"type":"Feature","properties":{"id":"osm:node:3854090981","name":"萊雅便利商店","category":"convenience","address":"新北市蘆洲區中正路188號"},"geometry":{"type":"Point","coordinates":[121.46691,25.088084]}},{"type":"Feature","properties":{"id":"osm:node:3854090988","name":"7-Eleven","category":"convenience","brand":"7-Eleven","address":"新北市蘆洲區中正路261號"},"geometry":{"type":"Point","coordinates":[121.467387,25.087238]}},{"type":"Feature","properties":{"id":"osm:node:3854452915","name":"全家便利商店","category":"convenience","nameEn":"FamilyMart","brand":"全家便利商店","opening_hours":"24/7","address":"116台北市文山區興隆路一段55巷27弄1之4號","wheelchair":"yes"},"geometry":{"type":"Point","coordinates":[121.541344,25.004252]}},{"type":"Feature","properties":{"id":"osm:node:3854472486","name":"7-Eleven","category":"convenience","brand":"7-Eleven","opening_hours":"24/7","address":"10091臺北市中正區汀州路三段249號","phone":"+886-2-2365-8638","website":"https://www.7-11.com.tw/","wheelchair":"yes"},"geometry":{"type":"Point","coordinates":[121.534395,25.013676]}},{"type":"Feature","properties":{"id":"osm:node:3857683720","name":"7-Eleven","category":"convenience","brand":"7-Eleven","opening_hours":"24/7","address":"忠誠路一段","website":"https://www.7-11.com.tw/"},"geometry":{"type":"Point","coordinates":[121.52674,25.104044]}},{"type":"Feature","properties":{"id":"osm:node:3860208272","name":"主婦聯盟景美站","category":"convenience","address":"116台北市文山區景華街22巷1號"},"geometry":{"type":"Point","coordinates":[121.542376,24.994684]}},{"type":"Feature","properties":{"id":"osm:node:3867798204","name":"7-Eleven","category":"convenience","brand":"7-Eleven","opening_hours":"24/7","address":"10091臺北市中正區汀州路三段269號","phone":"+886-2-2367-9745","website":"https://www.7-11.com.tw/","wheelchair":"no"},"geometry":{"type":"Point","coordinates":[121.535412,25.012517]}},{"type":"Feature","properties":{"id":"osm:node:3868251280","name":"7-Eleven","category":"convenience","brand":"7-Eleven"},"geometry":{"type":"Point","coordinates":[121.625358,25.058959]}},{"type":"Feature","properties":{"id":"osm:node:3868251463","name":"萊爾富","category":"convenience","nameEn":"Hi-Life","brand":"萊爾富"},"geometry":{"type":"Point","coordinates":[121.627853,25.056555]}},{"type":"Feature","properties":{"id":"osm:node:3881452952","name":"全家便利商店","category":"convenience","nameEn":"FamilyMart","brand":"全家便利商店","opening_hours":"24/7","address":"10047臺北市中正區南陽街1號"},"geometry":{"type":"Point","coordinates":[121.516241,25.045687]}},{"type":"Feature","properties":{"id":"osm:node:3881721569","name":"OK超商","category":"convenience","nameEn":"OK mart","brand":"OK超商","opening_hours":"24/7","address":"231新北市新店區北新路二段97巷8號零樓","phone":"+886 2 66375053"},"geometry":{"type":"Point","coordinates":[121.542206,24.974352]}},{"type":"Feature","properties":{"id":"osm:node:3884724990","name":"全家便利商店","category":"convenience","nameEn":"FamilyMart","brand":"全家便利商店","opening_hours":"24/7","address":"221新北市汐止區福德二路81-1號","phone":"+886 2 2694 8906","website":"https://www.family.com.tw/Marketing/Map"},"geometry":{"type":"Point","coordinates":[121.633252,25.066255]}},{"type":"Feature","properties":{"id":"osm:node:3887310078","name":"全家便利商店","category":"convenience","nameEn":"FamilyMart","brand":"全家便利商店","opening_hours":"24/7","address":"10047臺北市中正區懷寧街7-1號","phone":"+886 2 7713 6529;+886 2 2312 0577","website":"https://www.family.com.tw/","wheelchair":"yes"},"geometry":{"type":"Point","coordinates":[121.514277,25.046229]}},{"type":"Feature","properties":{"id":"osm:node:3887825435","name":"全家便利商店","category":"convenience","nameEn":"FamilyMart","brand":"全家便利商店","opening_hours":"24/7","address":"光復南路","wheelchair":"no"},"geometry":{"type":"Point","coordinates":[121.557725,25.035163]}},{"type":"Feature","properties":{"id":"osm:node:3887825767","name":"7-Eleven","category":"convenience","brand":"7-Eleven","opening_hours":"24/7","address":"110台北市信義區光復南路471號"},"geometry":{"type":"Point","coordinates":[121.557732,25.033746]}},{"type":"Feature","properties":{"id":"osm:node:3887826261","name":"7-Eleven","category":"convenience","brand":"7-Eleven"},"geometry":{"type":"Point","coordinates":[121.632265,25.064722]}},{"type":"Feature","properties":{"id":"osm:node:3887826262","name":"萊爾富","category":"convenience","nameEn":"Hi-Life","brand":"萊爾富"},"geometry":{"type":"Point","coordinates":[121.632343,25.064912]}},{"type":"Feature","properties":{"id":"osm:node:3887833077","name":"萊爾富","category":"convenience","nameEn":"Hi-Life","brand":"萊爾富"},"geometry":{"type":"Point","coordinates":[121.632297,25.063923]}},{"type":"Feature","properties":{"id":"osm:node:3888805253","name":"7-Eleven","category":"convenience","brand":"7-Eleven","opening_hours":"24/7"},"geometry":{"type":"Point","coordinates":[121.630073,25.070945]}},{"type":"Feature","properties":{"id":"osm:node:3888806077","name":"7-Eleven","category":"convenience","brand":"7-Eleven"},"geometry":{"type":"Point","coordinates":[121.500269,25.025229]}},{"type":"Feature","properties":{"id":"osm:node:3888806078","name":"OK超商","category":"convenience","nameEn":"OK mart","brand":"OK超商"},"geometry":{"type":"Point","coordinates":[121.500596,25.025302]}},{"type":"Feature","properties":{"id":"osm:node:3888806079","name":"7-Eleven","category":"convenience","brand":"7-Eleven"},"geometry":{"type":"Point","coordinates":[121.500628,25.026033]}},{"type":"Feature","properties":{"id":"osm:node:3888808390","name":"全家便利商店","category":"convenience","nameEn":"FamilyMart","brand":"全家便利商店"},"geometry":{"type":"Point","coordinates":[121.629167,25.070453]}},{"type":"Feature","properties":{"id":"osm:node:3888808391","name":"7-Eleven","category":"convenience","brand":"7-Eleven"},"geometry":{"type":"Point","coordinates":[121.628625,25.069899]}},{"type":"Feature","properties":{"id":"osm:node:3888838523","name":"7-Eleven","category":"convenience","brand":"7-Eleven"},"geometry":{"type":"Point","coordinates":[121.505504,25.025971]}},{"type":"Feature","properties":{"id":"osm:node:3889016518","name":"全家便利商店","category":"convenience","nameEn":"FamilyMart","brand":"全家便利商店","opening_hours":"24/7","address":"10047臺北市中正區信陽街15號","phone":"+886 2 7709 5868;+886 2 2388 1469","website":"https://www.family.com.tw/"},"geometry":{"type":"Point","coordinates":[121.516201,25.044725]}},{"type":"Feature","properties":{"id":"osm:node:3891208751","name":"全家便利商店","category":"convenience","nameEn":"FamilyMart","brand":"全家便利商店","opening_hours":"24/7","address":"100055臺北市中正區南海路20號","phone":"+886 2 2356 4283;+886 2 7709 5849;+886 2 23564283","website":"https://www.family.com.tw/","wheelchair":"yes"},"geometry":{"type":"Point","coordinates":[121.517065,25.03245]}},{"type":"Feature","properties":{"id":"osm:node:3896922353","name":"7-Eleven","category":"convenience","nameEn":"7-ELEVEn","brand":"7-Eleven","opening_hours":"24/7","address":"新北市永和區竹林路172號"},"geometry":{"type":"Point","coordinates":[121.520325,25.010107]}},{"type":"Feature","properties":{"id":"osm:node:3904251380","name":"OK超商","category":"convenience","nameEn":"OK mart","brand":"OK超商","wheelchair":"yes"},"geometry":{"type":"Point","coordinates":[121.511815,24.996688]}},{"type":"Feature","properties":{"id":"osm:node:3908779057","name":"全家便利商店","category":"convenience","nameEn":"FamilyMart","brand":"全家便利商店","address":"臺北市士林區天母西路","wheelchair":"yes"},"geometry":{"type":"Point","coordinates":[121.525883,25.118343]}},{"type":"Feature","properties":{"id":"osm:node:3908779058","name":"7-Eleven","category":"convenience","brand":"7-Eleven","opening_hours":"0:00-24:00","address":"臺北市士林區天母西路","wheelchair":"yes"},"geometry":{"type":"Point","coordinates":[121.527428,25.118602]}},{"type":"Feature","properties":{"id":"osm:node:3911418718","name":"7-Eleven","category":"convenience","brand":"7-Eleven","opening_hours":"24/7"},"geometry":{"type":"Point","coordinates":[121.51007,24.992665]}},{"type":"Feature","properties":{"id":"osm:node:3914416042","name":"萊爾富","category":"convenience","nameEn":"Hi-Life","brand":"萊爾富"},"geometry":{"type":"Point","coordinates":[121.510998,25.00888]}},{"type":"Feature","properties":{"id":"osm:node:3914416045","name":"7-Eleven","category":"convenience","brand":"7-Eleven","wheelchair":"limited"},"geometry":{"type":"Point","coordinates":[121.510042,25.009374]}},{"type":"Feature","properties":{"id":"osm:node:3917913082","name":"7-Eleven","category":"convenience","brand":"7-Eleven","wheelchair":"yes"},"geometry":{"type":"Point","coordinates":[121.517372,25.025538]}},{"type":"Feature","properties":{"id":"osm:node:3917913083","name":"全家便利商店","category":"convenience","nameEn":"FamilyMart","brand":"全家便利商店","wheelchair":"yes"},"geometry":{"type":"Point","coordinates":[121.517572,25.025282]}},{"type":"Feature","properties":{"id":"osm:node:3923847443","name":"全家便利商店","category":"convenience","nameEn":"FamilyMart","brand":"全家便利商店"},"geometry":{"type":"Point","coordinates":[121.536299,25.025621]}},{"type":"Feature","properties":{"id":"osm:node:3924757100","name":"全家便利商店","category":"convenience","nameEn":"FamilyMart","brand":"全家便利商店","opening_hours":"24/7","address":"100057臺北市中正區延平南路159號1樓","phone":"+886 2 2312 2560;+886 2 7709 5845"},"geometry":{"type":"Point","coordinates":[121.507791,25.03526]}},{"type":"Feature","properties":{"id":"osm:node:3937135677","name":"7-Eleven","category":"convenience","brand":"7-Eleven"},"geometry":{"type":"Point","coordinates":[121.537312,25.036367]}},{"type":"Feature","properties":{"id":"osm:node:3937303585","name":"聯成雜貨","category":"convenience"},"geometry":{"type":"Point","coordinates":[121.55298,24.998272]}},{"type":"Feature","properties":{"id":"osm:node:3939157998","name":"7-Eleven","category":"convenience","brand":"7-Eleven","address":"111臺北市士林區格致路28號"},"geometry":{"type":"Point","coordinates":[121.546462,25.136918]}},{"type":"Feature","properties":{"id":"osm:node:3939157999","name":"全家便利商店","category":"convenience","nameEn":"FamilyMart","brand":"全家便利商店","opening_hours":"24/7","address":"104臺北市中山區民生西路29號一樓","phone":"+886 2 25316236;+886 2 77095873","website":"https://www.family.com.tw/","wheelchair":"yes"},"geometry":{"type":"Point","coordinates":[121.521145,25.057851]}},{"type":"Feature","properties":{"id":"osm:node:3939158514","name":"7-Eleven","category":"convenience","brand":"7-Eleven","address":"106臺北市大安區敦化南路二段182號"},"geometry":{"type":"Point","coordinates":[121.548287,25.023568]}},{"type":"Feature","properties":{"id":"osm:node:3939158515","name":"7-Eleven","category":"convenience","brand":"7-Eleven","wheelchair":"yes"},"geometry":{"type":"Point","coordinates":[121.533701,25.025979]}},{"type":"Feature","properties":{"id":"osm:node:3939158516","name":"7-Eleven","category":"convenience","brand":"7-Eleven","opening_hours":"24/7"},"geometry":{"type":"Point","coordinates":[121.577943,25.039682]}},{"type":"Feature","properties":{"id":"osm:node:3939212464","name":"7-Eleven","category":"convenience","brand":"7-Eleven"},"geometry":{"type":"Point","coordinates":[121.453454,25.106632]}},{"type":"Feature","properties":{"id":"osm:node:3939254258","name":"萊爾富","category":"convenience","nameEn":"Hi-Life","brand":"萊爾富","wheelchair":"yes"},"geometry":{"type":"Point","coordinates":[121.450192,25.179355]}},{"type":"Feature","properties":{"id":"osm:node:3953673659","name":"全家便利商店","category":"convenience","nameEn":"FamilyMart","brand":"全家便利商店"},"geometry":{"type":"Point","coordinates":[121.560646,25.051896]}},{"type":"Feature","properties":{"id":"osm:node:3953673660","name":"全家便利商店","category":"convenience","nameEn":"FamilyMart","brand":"全家便利商店","opening_hours":"24/7"},"geometry":{"type":"Point","coordinates":[121.560962,25.053794]}},{"type":"Feature","properties":{"id":"osm:node:3953673661","name":"7-Eleven","category":"convenience","brand":"7-Eleven","opening_hours":"24/7"},"geometry":{"type":"Point","coordinates":[121.561167,25.053818]}},{"type":"Feature","properties":{"id":"osm:node:3981536198","name":"全家便利商店","category":"convenience","nameEn":"FamilyMart","brand":"全家便利商店"},"geometry":{"type":"Point","coordinates":[121.573295,25.08094]}},{"type":"Feature","properties":{"id":"osm:node:3981536777","name":"萊爾富","category":"convenience","nameEn":"Hi-Life","brand":"萊爾富","opening_hours":"24/7","address":"臺北市內湖區民權東路六段58號"},"geometry":{"type":"Point","coordinates":[121.584631,25.068682]}},{"type":"Feature","properties":{"id":"osm:node:3981536782","name":"7-Eleven","category":"convenience","brand":"7-Eleven"},"geometry":{"type":"Point","coordinates":[121.572372,25.081247]}},{"type":"Feature","properties":{"id":"osm:node:3981622761","name":"全家便利商店","category":"convenience","nameEn":"FamilyMart","brand":"全家便利商店","opening_hours":"24/7","address":"114台北市內湖區環山路一段5號"},"geometry":{"type":"Point","coordinates":[121.56566,25.082813]}},{"type":"Feature","properties":{"id":"osm:node:3981622781","name":"7-Eleven","category":"convenience","brand":"7-Eleven"},"geometry":{"type":"Point","coordinates":[121.578409,25.0829]}},{"type":"Feature","properties":{"id":"osm:node:3981637718","name":"全家便利商店","category":"convenience","nameEn":"FamilyMart","brand":"全家便利商店"},"geometry":{"type":"Point","coordinates":[121.589703,25.071324]}},{"type":"Feature","properties":{"id":"osm:node:3981637737","name":"萊爾富","category":"convenience","nameEn":"Hi-Life","brand":"萊爾富"},"geometry":{"type":"Point","coordinates":[121.587762,25.069219]}},{"type":"Feature","properties":{"id":"osm:node:3983560634","name":"7-Eleven","category":"convenience","brand":"7-Eleven","address":"234新北市永和區仁愛路266號"},"geometry":{"type":"Point","coordinates":[121.504107,25.008564]}},{"type":"Feature","properties":{"id":"osm:node:3983560644","name":"7-Eleven","category":"convenience","brand":"7-Eleven","opening_hours":"24/7","address":"新北市永和區永和路二段116號","wheelchair":"limited"},"geometry":{"type":"Point","coordinates":[121.515399,25.012006]}},{"type":"Feature","properties":{"id":"osm:node:3997541428","name":"全家便利商店","category":"convenience","nameEn":"FamilyMart","brand":"全家便利商店"},"geometry":{"type":"Point","coordinates":[121.574652,25.032509]}},{"type":"Feature","properties":{"id":"osm:node:3997541443","name":"7-Eleven","category":"convenience","brand":"7-Eleven"},"geometry":{"type":"Point","coordinates":[121.574659,25.032805]}},{"type":"Feature","properties":{"id":"osm:node:4000887393","name":"7-Eleven","category":"convenience","brand":"7-Eleven"},"geometry":{"type":"Point","coordinates":[121.507766,25.089262]}},{"type":"Feature","properties":{"id":"osm:node:4000887394","name":"7-Eleven","category":"convenience","brand":"7-Eleven"},"geometry":{"type":"Point","coordinates":[121.504972,25.089353]}},{"type":"Feature","properties":{"id":"osm:node:4000887395","name":"7-Eleven","category":"convenience","brand":"7-Eleven"},"geometry":{"type":"Point","coordinates":[121.498265,25.09306]}},{"type":"Feature","properties":{"id":"osm:node:4018208925","name":"義美食品","category":"convenience","brand":"義美食品","wheelchair":"no"},"geometry":{"type":"Point","coordinates":[121.520052,25.029885]}},{"type":"Feature","properties":{"id":"osm:node:4018212300","name":"全家便利商店","category":"convenience","nameEn":"FamilyMart","brand":"全家便利商店","opening_hours":"24/7","address":"105臺北市松山區慶城街8號","phone":"+886 2 25464461;+886 2 77230429","website":"https://www.family.com.tw/"},"geometry":{"type":"Point","coordinates":[121.54486,25.052685]}},{"type":"Feature","properties":{"id":"osm:node:4018219665","name":"7-Eleven","category":"convenience","brand":"7-Eleven"},"geometry":{"type":"Point","coordinates":[121.533376,24.984153]}},{"type":"Feature","properties":{"id":"osm:node:4018219668","name":"7-Eleven","category":"convenience","brand":"7-Eleven"},"geometry":{"type":"Point","coordinates":[121.540482,24.965536]}},{"type":"Feature","properties":{"id":"osm:node:4031296818","name":"全家便利商店","category":"convenience","nameEn":"FamilyMart","brand":"全家便利商店","opening_hours":"24/7","address":"10444臺北市中山區中山北路一段58號","phone":"+886 2 2563 8109;+886 2 7729 4950","website":"https://www.family.com.tw/"},"geometry":{"type":"Point","coordinates":[121.520712,25.04844]}},{"type":"Feature","properties":{"id":"osm:node:4031296819","name":"全家便利商店","category":"convenience","nameEn":"FamilyMart","brand":"全家便利商店","address":"104台北市中山區南京東路三段65號","wheelchair":"yes"},"geometry":{"type":"Point","coordinates":[121.538422,25.052185]}},{"type":"Feature","properties":{"id":"osm:node:4031297496","name":"萊爾富","category":"convenience","nameEn":"Hi-Life","brand":"萊爾富","opening_hours":"24/7","address":"臺北市中山區天祥路70號","wheelchair":"yes"},"geometry":{"type":"Point","coordinates":[121.520718,25.062493]}},{"type":"Feature","properties":{"id":"osm:node:4031297506","name":"7-Eleven","category":"convenience","brand":"7-Eleven","address":"104台北市中山區南京東路三段21號","wheelchair":"yes"},"geometry":{"type":"Point","coordinates":[121.537774,25.052199]}},{"type":"Feature","properties":{"id":"osm:node:4031297507","name":"7-Eleven","category":"convenience","brand":"7-Eleven"},"geometry":{"type":"Point","coordinates":[121.546471,25.052492]}},{"type":"Feature","properties":{"id":"osm:node:4031297508","name":"7-Eleven","category":"convenience","brand":"7-Eleven"},"geometry":{"type":"Point","coordinates":[121.528916,25.062378]}},{"type":"Feature","properties":{"id":"osm:node:4033147894","name":"全家便利商店","category":"convenience","nameEn":"FamilyMart","brand":"全家便利商店","address":"231新北市新店區中興路三段211號","wheelchair":"yes"},"geometry":{"type":"Point","coordinates":[121.543542,24.98177]}},{"type":"Feature","properties":{"id":"osm:node:4033360529","name":"飲料","category":"convenience"},"geometry":{"type":"Point","coordinates":[121.54783,24.99581]}},{"type":"Feature","properties":{"id":"osm:node:4033374014","name":"全家便利商店","category":"convenience","nameEn":"FamilyMart","brand":"全家便利商店"},"geometry":{"type":"Point","coordinates":[121.503139,24.993338]}},{"type":"Feature","properties":{"id":"osm:node:4043621256","name":"全家便利商店","category":"convenience","nameEn":"FamilyMart","brand":"全家便利商店"},"geometry":{"type":"Point","coordinates":[121.506115,25.026116]}},{"type":"Feature","properties":{"id":"osm:node:4043621257","name":"全家便利商店","category":"convenience","nameEn":"FamilyMart","brand":"全家便利商店"},"geometry":{"type":"Point","coordinates":[121.510307,25.027208]}},{"type":"Feature","properties":{"id":"osm:node:4043621258","name":"全家便利商店","category":"convenience","nameEn":"FamilyMart","brand":"全家便利商店","opening_hours":"24/7","address":"10069臺北市中正區中華路二段311巷1號","phone":"+886-2-2303-9420;+886-2-7709-5865","website":"https://www.family.com.tw/"},"geometry":{"type":"Point","coordinates":[121.505726,25.028343]}},{"type":"Feature","properties":{"id":"osm:node:4043621259","name":"全家便利商店","category":"convenience","nameEn":"FamilyMart","brand":"全家便利商店","opening_hours":"24/7","address":"10069臺北市中正區中華路二段307巷46號","phone":"+886-2-2303-6887;+886-2-7730-0717","website":"https://www.family.com.tw/"},"geometry":{"type":"Point","coordinates":[121.50651,25.029538]}},{"type":"Feature","properties":{"id":"osm:node:4043621280","name":"玉霞商店","category":"convenience"},"geometry":{"type":"Point","coordinates":[121.50255,25.022897]}},{"type":"Feature","properties":{"id":"osm:node:4043621676","name":"義美食品","category":"convenience","brand":"義美食品"},"geometry":{"type":"Point","coordinates":[121.504423,25.02554]}},{"type":"Feature","properties":{"id":"osm:node:4044252557","name":"全家便利商店","category":"convenience","nameEn":"FamilyMart","brand":"全家便利商店","address":"251新北市淡水區水源街二段177巷67號","wheelchair":"no"},"geometry":{"type":"Point","coordinates":[121.452281,25.177001]}},{"type":"Feature","properties":{"id":"osm:node:4045352257","name":"全家便利商店","category":"convenience","nameEn":"FamilyMart","brand":"全家便利商店","opening_hours":"24/7","address":"235新北市中和區建一路141號","phone":"+886 2 22289923;+886 2 77096435","website":"https://www.family.com.tw/"},"geometry":{"type":"Point","coordinates":[121.488229,25.000555]}},{"type":"Feature","properties":{"id":"osm:node:4045352258","name":"全家便利商店","category":"convenience","nameEn":"FamilyMart","brand":"全家便利商店"},"geometry":{"type":"Point","coordinates":[121.492212,25.005689]}},{"type":"Feature","properties":{"id":"osm:node:4045352259","name":"全家便利商店","category":"convenience","nameEn":"FamilyMart","brand":"全家便利商店"},"geometry":{"type":"Point","coordinates":[121.524736,25.005976]}},{"type":"Feature","properties":{"id":"osm:node:4045352260","name":"全家便利商店","category":"convenience","nameEn":"FamilyMart","brand":"全家便利商店"},"geometry":{"type":"Point","coordinates":[121.502399,25.006915]}},{"type":"Feature","properties":{"id":"osm:node:4045352635","name":"7-Eleven","category":"convenience","brand":"7-Eleven"},"geometry":{"type":"Point","coordinates":[121.499316,25.005179]}},{"type":"Feature","properties":{"id":"osm:node:4045352636","name":"7-Eleven","category":"convenience","brand":"7-Eleven"},"geometry":{"type":"Point","coordinates":[121.50326,25.010681]}},{"type":"Feature","properties":{"id":"osm:node:4045381175","name":"萊爾富","category":"convenience","nameEn":"Hi-Life","brand":"萊爾富"},"geometry":{"type":"Point","coordinates":[121.489893,25.006761]}},{"type":"Feature","properties":{"id":"osm:node:4045655580","name":"7-Eleven","category":"convenience","brand":"7-Eleven"},"geometry":{"type":"Point","coordinates":[121.458194,25.022032]}},{"type":"Feature","properties":{"id":"osm:node:4050767723","name":"OK超商","category":"convenience","nameEn":"OK mart","brand":"OK超商"},"geometry":{"type":"Point","coordinates":[121.563335,25.057903]}},{"type":"Feature","properties":{"id":"osm:node:4050787725","name":"OK超商","category":"convenience","nameEn":"OK mart","brand":"OK超商","address":"105台北市松山區三民路137號"},"geometry":{"type":"Point","coordinates":[121.563146,25.060347]}},{"type":"Feature","properties":{"id":"osm:node:4051880126","name":"全家便利商店","category":"convenience","nameEn":"FamilyMart","brand":"全家便利商店","wheelchair":"no"},"geometry":{"type":"Point","coordinates":[121.563386,25.061051]}},{"type":"Feature","properties":{"id":"osm:node:4058075213","name":"全家便利商店","category":"convenience","nameEn":"FamilyMart","brand":"全家便利商店","address":"110台北市信義區信義路六段78號"},"geometry":{"type":"Point","coordinates":[121.577014,25.035179]}},{"type":"Feature","properties":{"id":"osm:node:4058075214","name":"全家便利商店","category":"convenience","nameEn":"FamilyMart","brand":"全家便利商店","opening_hours":"24/7"},"geometry":{"type":"Point","coordinates":[121.576592,25.03918]}},{"type":"Feature","properties":{"id":"osm:node:4058075215","name":"全家便利商店","category":"convenience","nameEn":"FamilyMart","brand":"全家便利商店","address":"110台北市信義區忠孝東路四段553巷6弄17號"},"geometry":{"type":"Point","coordinates":[121.563582,25.042328]}},{"type":"Feature","properties":{"id":"osm:node:4058078351","name":"7-Eleven","category":"convenience","brand":"7-Eleven","wheelchair":"yes"},"geometry":{"type":"Point","coordinates":[121.560386,25.058429]}},{"type":"Feature","properties":{"id":"osm:node:4078673439","name":"7-Eleven","category":"convenience","brand":"7-Eleven","wheelchair":"yes"},"geometry":{"type":"Point","coordinates":[121.556476,25.056191]}},{"type":"Feature","properties":{"id":"osm:node:4082740465","name":"7-Eleven","category":"convenience","brand":"7-Eleven"},"geometry":{"type":"Point","coordinates":[121.550878,25.018131]}},{"type":"Feature","properties":{"id":"osm:node:4085092824","name":"7-Eleven","category":"convenience","brand":"7-Eleven","address":"100臺北市中正區水源里9鄰汀州路三段180號地下","phone":"+886 2 2368 1760","wheelchair":"no"},"geometry":{"type":"Point","coordinates":[121.534845,25.013001]}},{"type":"Feature","properties":{"id":"osm:node:4085142318","name":"蝦皮店到店","category":"convenience","nameEn":"Shopee Xpress","opening_hours":"Mo-Su 10:30-22:00","address":"新北市板橋區貴興路119巷3號"},"geometry":{"type":"Point","coordinates":[121.455881,25.002156]}},{"type":"Feature","properties":{"id":"osm:node:4107546495","name":"7-Eleven","category":"convenience","brand":"7-Eleven"},"geometry":{"type":"Point","coordinates":[121.4992,25.004243]}},{"type":"Feature","properties":{"id":"osm:node:4111262789","name":"7-Eleven","category":"convenience","brand":"7-Eleven","address":"新北市新店區寶橋路78巷3號1樓","wheelchair":"no"},"geometry":{"type":"Point","coordinates":[121.546771,24.975301]}},{"type":"Feature","properties":{"id":"osm:node:4111314906","name":"全家便利商店","category":"convenience","nameEn":"FamilyMart","brand":"全家便利商店","address":"235新北市中和區福祥路42號","phone":"+886 2 7709 5945"},"geometry":{"type":"Point","coordinates":[121.499525,25.004038]}},{"type":"Feature","properties":{"id":"osm:node:4114407089","name":"7-Eleven","category":"convenience","brand":"7-Eleven","wheelchair":"yes"},"geometry":{"type":"Point","coordinates":[121.605999,25.052776]}},{"type":"Feature","properties":{"id":"osm:node:4116867903","name":"全家便利商店","category":"convenience","nameEn":"FamilyMart","brand":"全家便利商店","address":"新北市新莊區福樂街","wheelchair":"no"},"geometry":{"type":"Point","coordinates":[121.457973,25.045397]}},{"type":"Feature","properties":{"id":"osm:node:4118442373","name":"7-Eleven","category":"convenience","brand":"7-Eleven","address":"100臺北市中正區漢口街一段38號","wheelchair":"no"},"geometry":{"type":"Point","coordinates":[121.513773,25.045086]}},{"type":"Feature","properties":{"id":"osm:node:4120112794","name":"7-Eleven","category":"convenience","brand":"7-Eleven","address":"新北市淡水區北新路184巷238號240號及242號1樓","phone":"+886 2 2628 2947","wheelchair":"no"},"geometry":{"type":"Point","coordinates":[121.451875,25.17706]}},{"type":"Feature","properties":{"id":"osm:node:4121529089","name":"全家便利商店","category":"convenience","nameEn":"FamilyMart","brand":"全家便利商店"},"geometry":{"type":"Point","coordinates":[121.513605,25.117786]}},{"type":"Feature","properties":{"id":"osm:node:4122374490","name":"7-Eleven","category":"convenience","brand":"7-Eleven","address":"116臺北市文山區指南路三段8;10號"},"geometry":{"type":"Point","coordinates":[121.579951,24.985099]}},{"type":"Feature","properties":{"id":"osm:node:4122381589","name":"7-Eleven","category":"convenience","brand":"7-Eleven","address":"台北市文山區興隆路二段244巷20號"},"geometry":{"type":"Point","coordinates":[121.553175,25.000114]}},{"type":"Feature","properties":{"id":"osm:node:4123949990","name":"全家便利商店","category":"convenience","nameEn":"FamilyMart","brand":"全家便利商店"},"geometry":{"type":"Point","coordinates":[121.65366,25.063508]}},{"type":"Feature","properties":{"id":"osm:node:4125335589","name":"全家便利商店","category":"convenience","nameEn":"FamilyMart","brand":"全家便利商店"},"geometry":{"type":"Point","coordinates":[121.466389,25.08246]}},{"type":"Feature","properties":{"id":"osm:node:4127278389","name":"7-Eleven","category":"convenience","brand":"7-Eleven","address":"新北市三重區"},"geometry":{"type":"Point","coordinates":[121.499044,25.068983]}},{"type":"Feature","properties":{"id":"osm:node:4135325589","name":"全家便利商店","category":"convenience","nameEn":"FamilyMart","brand":"全家便利商店"},"geometry":{"type":"Point","coordinates":[121.464964,25.083557]}},{"type":"Feature","properties":{"id":"osm:node:4138745205","name":"7-Eleven","category":"convenience","brand":"7-Eleven","opening_hours":"24/7","wheelchair":"yes"},"geometry":{"type":"Point","coordinates":[121.563217,25.058104]}},{"type":"Feature","properties":{"id":"osm:node:4142798495","name":"7-Eleven","category":"convenience","brand":"7-Eleven","opening_hours":"24/7","address":"231新北市新店區中興路三段168號一樓","phone":"+886 2 89147488","website":"https://www.7-11.com.tw/"},"geometry":{"type":"Point","coordinates":[121.544358,24.980908]}},{"type":"Feature","properties":{"id":"osm:node:4143947789","name":"全家便利商店","category":"convenience","nameEn":"FamilyMart","brand":"全家便利商店","opening_hours":"24/7","address":"231新北市新店區文化路19號","phone":"+886 2 2910 7458","website":"https://www.family.com.tw/"},"geometry":{"type":"Point","coordinates":[121.543082,24.979561]}},{"type":"Feature","properties":{"id":"osm:node:4145118695","name":"全家便利商店","category":"convenience","nameEn":"FamilyMart","brand":"全家便利商店"},"geometry":{"type":"Point","coordinates":[121.464884,24.985973]}},{"type":"Feature","properties":{"id":"osm:node:4145118730","name":"7-Eleven","category":"convenience","brand":"7-Eleven"},"geometry":{"type":"Point","coordinates":[121.457652,24.98154]}},{"type":"Feature","properties":{"id":"osm:node:4147270452","name":"全家便利商店","category":"convenience","nameEn":"FamilyMart","brand":"全家便利商店","opening_hours":"24/7"},"geometry":{"type":"Point","coordinates":[121.478886,25.030902]}},{"type":"Feature","properties":{"id":"osm:node:4147271610","name":"7-Eleven","category":"convenience","brand":"7-Eleven"},"geometry":{"type":"Point","coordinates":[121.480546,25.028973]}},{"type":"Feature","properties":{"id":"osm:node:4147271611","name":"7-Eleven","category":"convenience","brand":"7-Eleven","opening_hours":"24/7","address":"220新北市板橋區松柏街64號","phone":"+886 2 2258 9508","website":"https://www.7-11.com.tw/"},"geometry":{"type":"Point","coordinates":[121.476889,25.030712]}},{"type":"Feature","properties":{"id":"osm:node:4147271612","name":"7-Eleven","category":"convenience","brand":"7-Eleven","opening_hours":"24/7"},"geometry":{"type":"Point","coordinates":[121.478569,25.031144]}},{"type":"Feature","properties":{"id":"osm:node:4147271613","name":"7-Eleven","category":"convenience","brand":"7-Eleven"},"geometry":{"type":"Point","coordinates":[121.477299,25.032684]}},{"type":"Feature","properties":{"id":"osm:node:4147351033","name":"OK超商","category":"convenience","nameEn":"OK mart","brand":"OK超商","opening_hours":"24/7"},"geometry":{"type":"Point","coordinates":[121.479939,25.006569]}},{"type":"Feature","properties":{"id":"osm:node:4147351037","name":"全家便利商店","category":"convenience","nameEn":"FamilyMart","brand":"全家便利商店","opening_hours":"24/7","address":"220082新北市板橋區三民路二段83號","phone":"+886 2 2957 2584;+886 2 7709 6049","website":"https://www.family.com.tw/"},"geometry":{"type":"Point","coordinates":[121.479455,25.016583]}},{"type":"Feature","properties":{"id":"osm:node:4147356102","name":"全家便利商店","category":"convenience","nameEn":"FamilyMart","brand":"全家便利商店","opening_hours":"24/7","address":"220083新北市板橋區三民路二段243號","phone":"+886 2 2959 6251","website":"https://www.family.com.tw/"},"geometry":{"type":"Point","coordinates":[121.479137,25.012625]}},{"type":"Feature","properties":{"id":"osm:node:4147356106","name":"7-Eleven","category":"convenience","brand":"7-Eleven","opening_hours":"24/7","address":"220082新北市板橋區三民路二段77號","phone":"+886 2 2963 5213","website":"https://www.7-11.com.tw/"},"geometry":{"type":"Point","coordinates":[121.479468,25.016769]}},{"type":"Feature","properties":{"id":"osm:node:4147356107","name":"7-Eleven","category":"convenience","brand":"7-Eleven","opening_hours":"24/7","address":"220078新北市板橋區中山路二段170號","phone":"+886 2 2963 5853","website":"https://www.7-11.com.tw/"},"geometry":{"type":"Point","coordinates":[121.477131,25.017156]}},{"type":"Feature","properties":{"id":"osm:node:4147389962","name":"7-Eleven","category":"convenience","brand":"7-Eleven","opening_hours":"24/7"},"geometry":{"type":"Point","coordinates":[121.459779,24.995592]}},{"type":"Feature","properties":{"id":"osm:node:4147389963","name":"7-Eleven","category":"convenience","brand":"7-Eleven","opening_hours":"24/7","address":"220071新北市板橋區漢生東路309號","phone":"+886 2 2953 4142","website":"https://www.7-11.com.tw/"},"geometry":{"type":"Point","coordinates":[121.471833,25.008161]}},{"type":"Feature","properties":{"id":"osm:node:4147389964","name":"7-Eleven","category":"convenience","brand":"7-Eleven","opening_hours":"24/7","address":"220071新北市板橋區漢生東路310號","phone":"+886 2 8961 1889","website":"https://www.7-11.com.tw/"},"geometry":{"type":"Point","coordinates":[121.471315,25.008665]}},{"type":"Feature","properties":{"id":"osm:node:4147389965","name":"7-Eleven","category":"convenience","brand":"7-Eleven","opening_hours":"24/7","address":"220071新北市板橋區漢生東路181、183號1樓","phone":"+886 2 2956 8540","website":"https://www.7-11.com.tw/"},"geometry":{"type":"Point","coordinates":[121.469711,25.011937]}},{"type":"Feature","properties":{"id":"osm:node:4147454250","name":"OK超商","category":"convenience","nameEn":"OK mart","brand":"OK超商","opening_hours":"24/7","address":"220新北市板橋區四川路二段128號"},"geometry":{"type":"Point","coordinates":[121.450191,24.993779]}},{"type":"Feature","properties":{"id":"osm:node:4149484095","name":"7-Eleven","category":"convenience","brand":"7-Eleven","address":"220新北市板橋區南門街39號"},"geometry":{"type":"Point","coordinates":[121.457406,25.008518]}},{"type":"Feature","properties":{"id":"osm:node:4149591703","name":"7-Eleven","category":"convenience","brand":"7-Eleven","wheelchair":"no"},"geometry":{"type":"Point","coordinates":[121.529358,25.023991]}},{"type":"Feature","properties":{"id":"osm:node:4151518511","name":"全家便利商店","category":"convenience","nameEn":"FamilyMart","brand":"全家便利商店"},"geometry":{"type":"Point","coordinates":[121.512466,25.013102]}},{"type":"Feature","properties":{"id":"osm:node:4151518514","name":"7-Eleven","category":"convenience","brand":"7-Eleven"},"geometry":{"type":"Point","coordinates":[121.515451,25.014899]}},{"type":"Feature","properties":{"id":"osm:node:4160651810","name":"7-Eleven","category":"convenience","brand":"7-Eleven"},"geometry":{"type":"Point","coordinates":[121.518122,25.065362]}},{"type":"Feature","properties":{"id":"osm:node:4160651813","name":"7-Eleven","category":"convenience","brand":"7-Eleven"},"geometry":{"type":"Point","coordinates":[121.51855,25.065224]}},{"type":"Feature","properties":{"id":"osm:node:416570065","name":"7-Eleven","category":"convenience","brand":"7-Eleven","opening_hours":"24/7","address":"11158臺北市士林區福國路94號","phone":"+886-2-28358739","website":"https://www.7-11.com.tw/"},"geometry":{"type":"Point","coordinates":[121.52235,25.102118]}},{"type":"Feature","properties":{"id":"osm:node:4169713712","name":"7-Eleven","category":"convenience","brand":"7-Eleven"},"geometry":{"type":"Point","coordinates":[121.485261,25.000728]}},{"type":"Feature","properties":{"id":"osm:node:4169713713","name":"7-Eleven","category":"convenience","brand":"7-Eleven"},"geometry":{"type":"Point","coordinates":[121.484127,25.006384]}},{"type":"Feature","properties":{"id":"osm:node:4173742200","name":"全家便利商店","category":"convenience","nameEn":"FamilyMart","brand":"全家便利商店","opening_hours":"24/7","address":"114台北市內湖區瑞光路513巷39號","phone":"+886 2 8752 4016"},"geometry":{"type":"Point","coordinates":[121.570422,25.080087]}},{"type":"Feature","properties":{"id":"osm:node:4198193215","name":"全家便利商店","category":"convenience","nameEn":"FamilyMart","brand":"全家便利商店","opening_hours":"24/7","address":"台北市中山區松江路127之1號","wheelchair":"yes"},"geometry":{"type":"Point","coordinates":[121.53327,25.053532]}},{"type":"Feature","properties":{"id":"osm:node:4198238519","name":"7-Eleven","category":"convenience","brand":"7-Eleven","opening_hours":"24/7","address":"104台北市中山區吉林路24號","phone":"+886-2-2531-4574"},"geometry":{"type":"Point","coordinates":[121.529905,25.051337]}},{"type":"Feature","properties":{"id":"osm:node:4198249689","name":"全家便利商店","category":"convenience","nameEn":"FamilyMart","brand":"全家便利商店","address":"104台北市中山區松江路24號"},"geometry":{"type":"Point","coordinates":[121.532652,25.046989]}},{"type":"Feature","properties":{"id":"osm:node:4200642650","name":"7-Eleven","category":"convenience","brand":"7-Eleven","address":"臺北市文山區興隆路二段205號207號1樓","phone":"+886 2 2930 4721"},"geometry":{"type":"Point","coordinates":[121.549777,25.000991]}},{"type":"Feature","properties":{"id":"osm:node:4200642659","name":"全家便利商店","category":"convenience","nameEn":"FamilyMart","brand":"全家便利商店"},"geometry":{"type":"Point","coordinates":[121.552248,25.000425]}},{"type":"Feature","properties":{"id":"osm:node:4200642660","name":"全家便利商店","category":"convenience","nameEn":"FamilyMart","brand":"全家便利商店","address":"116台北市文山區福興路65號"},"geometry":{"type":"Point","coordinates":[121.549895,25.00363]}},{"type":"Feature","properties":{"id":"osm:node:4200643972","name":"萊爾富","category":"convenience","nameEn":"Hi-Life","brand":"萊爾富","address":"116台北市文山區興隆路二段203巷16號"},"geometry":{"type":"Point","coordinates":[121.548674,25.002065]}},{"type":"Feature","properties":{"id":"osm:node:4200643977","name":"蝦皮店到店","category":"convenience","nameEn":"Shopee Xpress","brand":"蝦皮店到店","address":"116台北市文山區景興路87號"},"geometry":{"type":"Point","coordinates":[121.544826,24.99593]}},{"type":"Feature","properties":{"id":"osm:node:4200643986","name":"7-Eleven","category":"convenience","brand":"7-Eleven","address":"116臺北市文山區興隆路二段219號"},"geometry":{"type":"Point","coordinates":[121.550268,25.001209]}},{"type":"Feature","properties":{"id":"osm:node:4200643987","name":"7-Eleven","category":"convenience","brand":"7-Eleven","address":"116台北市文山區福興路20號"},"geometry":{"type":"Point","coordinates":[121.551363,25.002837]}},{"type":"Feature","properties":{"id":"osm:node:4205229642","name":"全家便利商店","category":"convenience","nameEn":"FamilyMart","brand":"全家便利商店","opening_hours":"24/7","address":"104台北市中山區長安東路一段55號","phone":"+886 2 77094806;+886 2 25239542","website":"https://www.family.com.tw/"},"geometry":{"type":"Point","coordinates":[121.5265,25.048814]}},{"type":"Feature","properties":{"id":"osm:node:4205229643","name":"全家便利商店","category":"convenience","nameEn":"FamilyMart","brand":"全家便利商店"},"geometry":{"type":"Point","coordinates":[121.54508,25.063423]}},{"type":"Feature","properties":{"id":"osm:node:4205229644","name":"全家便利商店","category":"convenience","nameEn":"FamilyMart","brand":"全家便利商店"},"geometry":{"type":"Point","coordinates":[121.544899,25.06423]}},{"type":"Feature","properties":{"id":"osm:node:4205230088","name":"7-Eleven","category":"convenience","brand":"7-Eleven","address":"10491台北市中山區遼寧街110號"},"geometry":{"type":"Point","coordinates":[121.541983,25.052567]}},{"type":"Feature","properties":{"id":"osm:node:4223290330","name":"全家便利商店","category":"convenience","nameEn":"FamilyMart","brand":"全家便利商店"},"geometry":{"type":"Point","coordinates":[121.454797,25.045454]}},{"type":"Feature","properties":{"id":"osm:node:4223291254","name":"7-Eleven","category":"convenience","brand":"7-Eleven"},"geometry":{"type":"Point","coordinates":[121.455759,25.045354]}},{"type":"Feature","properties":{"id":"osm:node:4223293711","name":"7-Eleven","category":"convenience","brand":"7-Eleven"},"geometry":{"type":"Point","coordinates":[121.457491,25.044332]}},{"type":"Feature","properties":{"id":"osm:node:4223301789","name":"7-Eleven","category":"convenience","brand":"7-Eleven"},"geometry":{"type":"Point","coordinates":[121.452437,25.043713]}},{"type":"Feature","properties":{"id":"osm:node:4232238872","name":"OK超商","category":"convenience","nameEn":"OK mart","brand":"OK超商","address":"新北市汐止區茄苳路86號"},"geometry":{"type":"Point","coordinates":[121.667143,25.070461]}},{"type":"Feature","properties":{"id":"osm:node:4235840184","name":"全家便利商店","category":"convenience","nameEn":"FamilyMart","brand":"全家便利商店"},"geometry":{"type":"Point","coordinates":[121.458482,25.082113]}},{"type":"Feature","properties":{"id":"osm:node:4235840535","name":"萊爾富","category":"convenience","nameEn":"Hi-Life","brand":"萊爾富"},"geometry":{"type":"Point","coordinates":[121.463695,25.085426]}},{"type":"Feature","properties":{"id":"osm:node:4235840536","name":"萊爾富","category":"convenience","nameEn":"Hi-Life","brand":"萊爾富","opening_hours":"24/7","address":"247新北市蘆洲區光榮路68號","phone":"+886 2 22891116","wheelchair":"limited"},"geometry":{"type":"Point","coordinates":[121.463243,25.088571]}},{"type":"Feature","properties":{"id":"osm:node:4236823709","name":"全家便利商店","category":"convenience","nameEn":"FamilyMart","brand":"全家便利商店","address":"104台北市中山區復興南路一段38號"},"geometry":{"type":"Point","coordinates":[121.54365,25.045432]}},{"type":"Feature","properties":{"id":"osm:node:4242503834","name":"全家便利商店","category":"convenience","nameEn":"FamilyMart","brand":"全家便利商店","wheelchair":"no"},"geometry":{"type":"Point","coordinates":[121.508055,24.986297]}},{"type":"Feature","properties":{"id":"osm:node:4242503847","name":"7-Eleven","category":"convenience","brand":"7-Eleven","wheelchair":"yes"},"geometry":{"type":"Point","coordinates":[121.510838,24.990172]}},{"type":"Feature","properties":{"id":"osm:node:4257323613","name":"7-Eleven","category":"convenience","brand":"7-Eleven","address":"242新北市新莊區公園路226號"},"geometry":{"type":"Point","coordinates":[121.456437,25.040694]}},{"type":"Feature","properties":{"id":"osm:node:4257326460","name":"7-Eleven","category":"convenience","brand":"7-Eleven"},"geometry":{"type":"Point","coordinates":[121.455243,25.040308]}},{"type":"Feature","properties":{"id":"osm:node:4257328659","name":"全家便利商店","category":"convenience","nameEn":"FamilyMart","brand":"全家便利商店"},"geometry":{"type":"Point","coordinates":[121.455242,25.040427]}},{"type":"Feature","properties":{"id":"osm:node:4258266156","name":"7-Eleven","category":"convenience","brand":"7-Eleven","address":"新北市板橋區信義路142號","phone":"+886 2 2964 7407","website":"https://7-11.com.tw/","wheelchair":"no"},"geometry":{"type":"Point","coordinates":[121.458719,24.991914]}},{"type":"Feature","properties":{"id":"osm:node:4267530915","name":"全家便利商店","category":"convenience","nameEn":"FamilyMart","brand":"全家便利商店","opening_hours":"24/7"},"geometry":{"type":"Point","coordinates":[121.534369,24.978084]}},{"type":"Feature","properties":{"id":"osm:node:4269582579","name":"義美食品","category":"convenience","brand":"義美食品"},"geometry":{"type":"Point","coordinates":[121.540512,25.041376]}},{"type":"Feature","properties":{"id":"osm:node:4275934597","name":"全家便利商店","category":"convenience","nameEn":"FamilyMart","brand":"全家便利商店","opening_hours":"24/7","address":"116台北市文山區和平東路四段109號","website":"https://www.family.com.tw/Marketing/"},"geometry":{"type":"Point","coordinates":[121.567964,25.005163]}},{"type":"Feature","properties":{"id":"osm:node:4293261226","name":"立欣生鮮便利商店","category":"convenience","address":"116台北市文山區永安街22巷24號1樓","phone":"+886 2-29397692"},"geometry":{"type":"Point","coordinates":[121.570172,24.986556]}},{"type":"Feature","properties":{"id":"osm:node:4293261323","name":"7-Eleven","category":"convenience","brand":"7-Eleven","opening_hours":"24/7","address":"116007臺北市文山區木柵路二段157號一樓","phone":"+886 2 2937 1739","website":"https://www.7-11.com.tw"},"geometry":{"type":"Point","coordinates":[121.562936,24.989128]}},{"type":"Feature","properties":{"id":"osm:node:4293261324","name":"7-Eleven","category":"convenience","brand":"7-Eleven"},"geometry":{"type":"Point","coordinates":[121.574164,24.991557]}},{"type":"Feature","properties":{"id":"osm:node:4294351426","name":"全家便利商店","category":"convenience","nameEn":"FamilyMart","brand":"全家便利商店","opening_hours":"24/7","address":"241新北市三重區中央北路58號"},"geometry":{"type":"Point","coordinates":[121.500478,25.065514]}},{"type":"Feature","properties":{"id":"osm:node:4294351455","name":"7-Eleven","category":"convenience","brand":"7-Eleven","opening_hours":"24/7","address":"24147新北市三重區信義西街4號"},"geometry":{"type":"Point","coordinates":[121.499041,25.064723]}},{"type":"Feature","properties":{"id":"osm:node:4295534146","name":"全家便利商店","category":"convenience","nameEn":"FamilyMart","brand":"全家便利商店","wheelchair":"yes"},"geometry":{"type":"Point","coordinates":[121.507943,25.045293]}},{"type":"Feature","properties":{"id":"osm:node:4298881344","name":"全家便利商店","category":"convenience","nameEn":"FamilyMart","brand":"全家便利商店","address":"100臺北市中正區羅斯福路四段42號","wheelchair":"yes"},"geometry":{"type":"Point","coordinates":[121.533555,25.015166]}},{"type":"Feature","properties":{"id":"osm:node:4298940668","name":"全家便利商店","category":"convenience","nameEn":"FamilyMart","brand":"全家便利商店","address":"106臺北市大安區158號"},"geometry":{"type":"Point","coordinates":[121.554801,25.039453]}},{"type":"Feature","properties":{"id":"osm:node:4298940669","name":"全家便利商店","category":"convenience","nameEn":"FamilyMart","brand":"全家便利商店","opening_hours":"24/7","address":"106臺北市大安區延吉街130號"},"geometry":{"type":"Point","coordinates":[121.554735,25.040148]}},{"type":"Feature","properties":{"id":"osm:node:4298942298","name":"全家便利商店","category":"convenience","nameEn":"FamilyMart","brand":"全家便利商店"},"geometry":{"type":"Point","coordinates":[121.554473,25.042077]}},{"type":"Feature","properties":{"id":"osm:node:4301004797","name":"7-Eleven","category":"convenience","brand":"7-Eleven"},"geometry":{"type":"Point","coordinates":[121.548168,25.042043]}},{"type":"Feature","properties":{"id":"osm:node:4302046214","name":"全家便利商店","category":"convenience","nameEn":"FamilyMart","brand":"全家便利商店"},"geometry":{"type":"Point","coordinates":[121.653681,25.066249]}},{"type":"Feature","properties":{"id":"osm:node:4302046215","name":"7-Eleven","category":"convenience","brand":"7-Eleven"},"geometry":{"type":"Point","coordinates":[121.653489,25.066442]}},{"type":"Feature","properties":{"id":"osm:node:4302072914","name":"7-Eleven","category":"convenience","brand":"7-Eleven"},"geometry":{"type":"Point","coordinates":[121.655051,25.064009]}},{"type":"Feature","properties":{"id":"osm:node:4302226159","name":"7-Eleven","category":"convenience","brand":"7-Eleven"},"geometry":{"type":"Point","coordinates":[121.655699,25.066643]}},{"type":"Feature","properties":{"id":"osm:node:4302235324","name":"全家便利商店","category":"convenience","nameEn":"FamilyMart","brand":"全家便利商店"},"geometry":{"type":"Point","coordinates":[121.655816,25.06296]}},{"type":"Feature","properties":{"id":"osm:node:4307465176","name":"二子坪合作社","category":"convenience","opening_hours":"Mo-Su 09:00-17:00","address":"新北市三芝區興華里車埕53-3號","phone":"+886 2 2861 5289"},"geometry":{"type":"Point","coordinates":[121.525215,25.186086]}},{"type":"Feature","properties":{"id":"osm:node:4307554247","name":"7-Eleven","category":"convenience","brand":"7-Eleven","wheelchair":"yes"},"geometry":{"type":"Point","coordinates":[121.515601,25.115424]}},{"type":"Feature","properties":{"id":"osm:node:4307603612","name":"7-Eleven","category":"convenience","brand":"7-Eleven","address":"111台北市士林區文林路669號","wheelchair":"yes"},"geometry":{"type":"Point","coordinates":[121.52226,25.100864]}},{"type":"Feature","properties":{"id":"osm:node:4307625977","name":"全家便利商店","category":"convenience","nameEn":"FamilyMart","brand":"全家便利商店","opening_hours":"24/7","address":"231新北市新店區寶橋路51號","phone":"+886 2 29122431;+886 2 77292035","website":"https://www.family.com.tw/"},"geometry":{"type":"Point","coordinates":[121.544858,24.974768]}},{"type":"Feature","properties":{"id":"osm:node:4307625978","name":"全家便利商店","category":"convenience","nameEn":"FamilyMart","brand":"全家便利商店"},"geometry":{"type":"Point","coordinates":[121.527885,25.050571]}},{"type":"Feature","properties":{"id":"osm:node:4308924329","name":"萊爾富","category":"convenience","nameEn":"Hi-Life","brand":"萊爾富"},"geometry":{"type":"Point","coordinates":[121.513477,25.050581]}},{"type":"Feature","properties":{"id":"osm:node:4312115139","name":"7-Eleven","category":"convenience","brand":"7-Eleven","wheelchair":"yes"},"geometry":{"type":"Point","coordinates":[121.512962,25.010728]}},{"type":"Feature","properties":{"id":"osm:node:4312142761","name":"7-Eleven","category":"convenience","brand":"7-Eleven"},"geometry":{"type":"Point","coordinates":[121.557869,24.999764]}},{"type":"Feature","properties":{"id":"osm:node:4313780743","name":"OK超商","category":"convenience","nameEn":"OK mart","brand":"OK超商"},"geometry":{"type":"Point","coordinates":[121.590102,25.077758]}},{"type":"Feature","properties":{"id":"osm:node:4314326448","name":"7-Eleven","category":"convenience","brand":"7-Eleven","address":"臺北市內湖區康寧路一段160號"},"geometry":{"type":"Point","coordinates":[121.594395,25.079036]}},{"type":"Feature","properties":{"id":"osm:node:4317096448","name":"義美食品","category":"convenience","brand":"義美食品","opening_hours":"Mo-Su 07:00-22:00","address":"103009臺北市大同區延平北路二段29號","phone":"+886 2 2556 9211","website":"https://www.imeifoods.com.tw/","wheelchair":"limited"},"geometry":{"type":"Point","coordinates":[121.511858,25.054774]}},{"type":"Feature","properties":{"id":"osm:node:4325606010","name":"全家便利商店","category":"convenience","nameEn":"FamilyMart","brand":"全家便利商店"},"geometry":{"type":"Point","coordinates":[121.49341,25.066266]}},{"type":"Feature","properties":{"id":"osm:node:4325606011","name":"全家便利商店","category":"convenience","nameEn":"FamilyMart","brand":"全家便利商店"},"geometry":{"type":"Point","coordinates":[121.492501,25.068289]}},{"type":"Feature","properties":{"id":"osm:node:4325606036","name":"萊爾富","category":"convenience","nameEn":"Hi-Life","brand":"萊爾富"},"geometry":{"type":"Point","coordinates":[121.495457,25.066255]}},{"type":"Feature","properties":{"id":"osm:node:4325606037","name":"萊爾富","category":"convenience","nameEn":"Hi-Life","brand":"萊爾富"},"geometry":{"type":"Point","coordinates":[121.492816,25.068358]}},{"type":"Feature","properties":{"id":"osm:node:4325606038","name":"萊爾富","category":"convenience","nameEn":"Hi-Life","brand":"萊爾富"},"geometry":{"type":"Point","coordinates":[121.495585,25.069206]}},{"type":"Feature","properties":{"id":"osm:node:4325606039","name":"萊爾富","category":"convenience","nameEn":"Hi-Life","brand":"萊爾富","opening_hours":"24/7","address":"新北市三重區重陽路四段132;134號"},"geometry":{"type":"Point","coordinates":[121.492508,25.071417]}},{"type":"Feature","properties":{"id":"osm:node:4325606040","name":"萊爾富","category":"convenience","nameEn":"Hi-Life","brand":"萊爾富"},"geometry":{"type":"Point","coordinates":[121.495711,25.073176]}},{"type":"Feature","properties":{"id":"osm:node:4325606041","name":"萊爾富","category":"convenience","nameEn":"Hi-Life","brand":"萊爾富","wheelchair":"yes"},"geometry":{"type":"Point","coordinates":[121.49252,25.073576]}},{"type":"Feature","properties":{"id":"osm:node:4325606047","name":"7-Eleven","category":"convenience","brand":"7-Eleven"},"geometry":{"type":"Point","coordinates":[121.496318,25.067117]}},{"type":"Feature","properties":{"id":"osm:node:4325606048","name":"7-Eleven","category":"convenience","brand":"7-Eleven"},"geometry":{"type":"Point","coordinates":[121.492063,25.067775]}},{"type":"Feature","properties":{"id":"osm:node:4325606049","name":"7-Eleven","category":"convenience","brand":"7-Eleven"},"geometry":{"type":"Point","coordinates":[121.495927,25.069243]}},{"type":"Feature","properties":{"id":"osm:node:4325606050","name":"7-Eleven","category":"convenience","brand":"7-Eleven"},"geometry":{"type":"Point","coordinates":[121.495974,25.072651]}},{"type":"Feature","properties":{"id":"osm:node:4325693435","name":"全家便利商店","category":"convenience","brand":"全家便利商店"},"geometry":{"type":"Point","coordinates":[121.601589,25.003553]}},{"type":"Feature","properties":{"id":"osm:node:4325693436","name":"全家便利商店","category":"convenience","nameEn":"FamilyMart","brand":"全家便利商店"},"geometry":{"type":"Point","coordinates":[121.563386,25.028428]}},{"type":"Feature","properties":{"id":"osm:node:4325693437","name":"全家便利商店","category":"convenience","nameEn":"FamilyMart","brand":"全家便利商店"},"geometry":{"type":"Point","coordinates":[121.566175,25.042479]}},{"type":"Feature","properties":{"id":"osm:node:4325693920","name":"蝦皮店到店","category":"convenience","nameEn":"Shopee Xpress","opening_hours":"Mo-Su 10:30-22:00","address":"台北市信義區忠孝東路四段553巷24號"},"geometry":{"type":"Point","coordinates":[121.562886,25.043348]}},{"type":"Feature","properties":{"id":"osm:node:4325694185","name":"萊爾富","category":"convenience","nameEn":"Hi-Life","brand":"萊爾富","wheelchair":"yes"},"geometry":{"type":"Point","coordinates":[121.578264,25.03782]}},{"type":"Feature","properties":{"id":"osm:node:4325694230","name":"7-Eleven","category":"convenience","brand":"7-Eleven"},"geometry":{"type":"Point","coordinates":[121.551908,25.025681]}},{"type":"Feature","properties":{"id":"osm:node:4325694231","name":"7-Eleven","category":"convenience","brand":"7-Eleven","wheelchair":"yes"},"geometry":{"type":"Point","coordinates":[121.56474,25.029116]}},{"type":"Feature","properties":{"id":"osm:node:4327959867","name":"全家便利商店","category":"convenience","nameEn":"FamilyMart","brand":"全家便利商店"},"geometry":{"type":"Point","coordinates":[121.516971,24.998829]}},{"type":"Feature","properties":{"id":"osm:node:4327978978","name":"全家便利商店","category":"convenience","nameEn":"FamilyMart","brand":"全家便利商店"},"geometry":{"type":"Point","coordinates":[121.517815,25.000273]}},{"type":"Feature","properties":{"id":"osm:node:4327985540","name":"7-Eleven","category":"convenience","brand":"7-Eleven"},"geometry":{"type":"Point","coordinates":[121.520302,25.000198]}},{"type":"Feature","properties":{"id":"osm:node:4327988755","name":"7-Eleven","category":"convenience","brand":"7-Eleven"},"geometry":{"type":"Point","coordinates":[121.505134,24.999829]}},{"type":"Feature","properties":{"id":"osm:node:4328118413","name":"全家便利商店","category":"convenience","nameEn":"FamilyMart","brand":"全家便利商店","opening_hours":"24/7"},"geometry":{"type":"Point","coordinates":[121.572209,25.043596]}},{"type":"Feature","properties":{"id":"osm:node:4328118623","name":"7-Eleven","category":"convenience","brand":"7-Eleven","address":"110台北市信義區忠孝東路五段71巷11弄29號"},"geometry":{"type":"Point","coordinates":[121.568582,25.042027]}},{"type":"Feature","properties":{"id":"osm:node:4328118624","name":"7-Eleven","category":"convenience","brand":"7-Eleven"},"geometry":{"type":"Point","coordinates":[121.552832,25.042155]}},{"type":"Feature","properties":{"id":"osm:node:4328118625","name":"7-Eleven","category":"convenience","brand":"7-Eleven"},"geometry":{"type":"Point","coordinates":[121.568859,25.043444]}},{"type":"Feature","properties":{"id":"osm:node:4329768665","name":"全家便利商店","category":"convenience","nameEn":"FamilyMart","brand":"全家便利商店","opening_hours":"24/7","address":"104台北市中山區南京西路16號-1樓","phone":"+886 2 25507063","website":"https://www.family.com.tw/","wheelchair":"yes"},"geometry":{"type":"Point","coordinates":[121.520578,25.05269]}},{"type":"Feature","properties":{"id":"osm:node:4329769534","name":"萊爾富","category":"convenience","nameEn":"Hi-Life","brand":"萊爾富","wheelchair":"limited"},"geometry":{"type":"Point","coordinates":[121.52531,25.086608]}},{"type":"Feature","properties":{"id":"osm:node:4329769545","name":"7-Eleven","category":"convenience","brand":"7-Eleven"},"geometry":{"type":"Point","coordinates":[121.51932,25.070712]}},{"type":"Feature","properties":{"id":"osm:node:4332451596","name":"萊爾富","category":"convenience","nameEn":"Hi-Life","brand":"萊爾富"},"geometry":{"type":"Point","coordinates":[121.639019,25.069871]}},{"type":"Feature","properties":{"id":"osm:node:4333496594","name":"7-Eleven","category":"convenience","brand":"7-Eleven","opening_hours":"24/7"},"geometry":{"type":"Point","coordinates":[121.537615,25.111854]}},{"type":"Feature","properties":{"id":"osm:node:4337172997","name":"7-Eleven","category":"convenience","brand":"7-Eleven","opening_hours":"24/7","address":"103005臺北市大同區南京西路316號1樓","phone":"+886 2 2550 0297","website":"https://www.7-11.com.tw/"},"geometry":{"type":"Point","coordinates":[121.512994,25.053827]}},{"type":"Feature","properties":{"id":"osm:node:4337414989","name":"全家便利商店","category":"convenience","nameEn":"FamilyMart","brand":"全家便利商店","opening_hours":"24/7","address":"10356臺北市大同區太原路81號","phone":"+886 2 2559 2980","website":"https://www.family.com.tw/"},"geometry":{"type":"Point","coordinates":[121.515764,25.051891]}},{"type":"Feature","properties":{"id":"osm:node:4338426692","name":"7-Eleven","category":"convenience","brand":"7-Eleven"},"geometry":{"type":"Point","coordinates":[121.570599,25.078012]}},{"type":"Feature","properties":{"id":"osm:node:4339538515","name":"全家便利商店","category":"convenience","nameEn":"FamilyMart","brand":"全家便利商店"},"geometry":{"type":"Point","coordinates":[121.649778,25.077861]}},{"type":"Feature","properties":{"id":"osm:node:4339538516","name":"OK","category":"convenience","nameEn":"OK Mart","brand":"OK超商"},"geometry":{"type":"Point","coordinates":[121.649907,25.077606]}},{"type":"Feature","properties":{"id":"osm:node:4339538697","name":"7-Eleven","category":"convenience","brand":"7-Eleven"},"geometry":{"type":"Point","coordinates":[121.649426,25.08226]}},{"type":"Feature","properties":{"id":"osm:node:4340694016","name":"全家便利商店","category":"convenience","nameEn":"FamilyMart","brand":"全家便利商店","address":"231新北市新店區中正路523號"},"geometry":{"type":"Point","coordinates":[121.533414,24.985164]}},{"type":"Feature","properties":{"id":"osm:node:4340695089","name":"萊爾富","category":"convenience","nameEn":"Hi-Life","brand":"萊爾富"},"geometry":{"type":"Point","coordinates":[121.533387,24.985375]}},{"type":"Feature","properties":{"id":"osm:node:4340727650","name":"全家便利商店","category":"convenience","nameEn":"FamilyMart","brand":"全家便利商店","wheelchair":"limited"},"geometry":{"type":"Point","coordinates":[121.534936,25.064798]}},{"type":"Feature","properties":{"id":"osm:node:4340727651","name":"7-Eleven","category":"convenience","brand":"7-Eleven","wheelchair":"no"},"geometry":{"type":"Point","coordinates":[121.534851,25.064557]}},{"type":"Feature","properties":{"id":"osm:node:4343743689","name":"7-Eleven","category":"convenience","brand":"7-Eleven"},"geometry":{"type":"Point","coordinates":[121.557465,25.084675]}},{"type":"Feature","properties":{"id":"osm:node:4344542418","name":"全家便利商店","category":"convenience","nameEn":"FamilyMart","brand":"全家便利商店"},"geometry":{"type":"Point","coordinates":[121.526811,25.049758]}},{"type":"Feature","properties":{"id":"osm:node:4344542419","name":"全家便利商店","category":"convenience","nameEn":"FamilyMart","brand":"全家便利商店"},"geometry":{"type":"Point","coordinates":[121.526759,25.050423]}},{"type":"Feature","properties":{"id":"osm:node:4344543595","name":"臺灣煙酒","category":"convenience"},"geometry":{"type":"Point","coordinates":[121.511428,25.119293]}},{"type":"Feature","properties":{"id":"osm:node:4344543613","name":"7-Eleven","category":"convenience","brand":"7-Eleven","opening_hours":"24/7","address":"104台北市中山區長安東路一段53巷1-3號","phone":"+886 2 25813841","website":"https://www.7-11.com.tw/"},"geometry":{"type":"Point","coordinates":[121.526609,25.049067]}},{"type":"Feature","properties":{"id":"osm:node:4358957391","name":"7-Eleven","category":"convenience","brand":"7-Eleven","opening_hours":"24/7","address":"115台北市南港區忠孝東路六段276號","phone":"+886 2 2651 6017"},"geometry":{"type":"Point","coordinates":[121.58909,25.049077]}},{"type":"Feature","properties":{"id":"osm:node:4362345770","name":"7-Eleven","category":"convenience","brand":"7-Eleven"},"geometry":{"type":"Point","coordinates":[121.53741,24.974656]}},{"type":"Feature","properties":{"id":"osm:node:4373028419","name":"萊爾富","category":"convenience","nameEn":"Hi-Life","brand":"萊爾富","wheelchair":"yes"},"geometry":{"type":"Point","coordinates":[121.590734,24.992394]}},{"type":"Feature","properties":{"id":"osm:node:4374084079","name":"萊爾富","category":"convenience","nameEn":"Hi-Life","brand":"萊爾富","address":"115臺北市南港區忠孝東路六段254號"},"geometry":{"type":"Point","coordinates":[121.588307,25.048884]}},{"type":"Feature","properties":{"id":"osm:node:4375017151","name":"7-Eleven","category":"convenience","brand":"7-Eleven","opening_hours":"24/7","address":"235新北市中和區自立路129;131號","phone":"+886 2 29421382","website":"https://www.7-11.com.tw/"},"geometry":{"type":"Point","coordinates":[121.522026,24.994089]}},{"type":"Feature","properties":{"id":"osm:node:4382831989","name":"全家便利商店","category":"convenience","nameEn":"FamilyMart","brand":"全家便利商店","opening_hours":"24/7","address":"242新北市三重區龍濱路168號","phone":"+886 2 2978 1104","wheelchair":"yes"},"geometry":{"type":"Point","coordinates":[121.501281,25.072566]}},{"type":"Feature","properties":{"id":"osm:node:4384257971","name":"全家便利商店","category":"convenience","nameEn":"FamilyMart","brand":"全家便利商店"},"geometry":{"type":"Point","coordinates":[121.548317,25.024446]}},{"type":"Feature","properties":{"id":"osm:node:4384259207","name":"萊爾富","category":"convenience","nameEn":"Hi-Life","brand":"萊爾富"},"geometry":{"type":"Point","coordinates":[121.542489,24.985305]}},{"type":"Feature","properties":{"id":"osm:node:4384259220","name":"雜貨店","category":"convenience"},"geometry":{"type":"Point","coordinates":[121.54189,24.985681]}},{"type":"Feature","properties":{"id":"osm:node:4384259233","name":"7-Eleven","category":"convenience","brand":"7-Eleven","opening_hours":"24/7","address":"103002臺北市大同區長安西路271號","phone":"+886 2 2558 4706","website":"https://www.7-11.com.tw/","wheelchair":"yes"},"geometry":{"type":"Point","coordinates":[121.510585,25.052118]}},{"type":"Feature","properties":{"id":"osm:node:4384739542","name":"全家便利商店","category":"convenience","nameEn":"FamilyMart","brand":"全家便利商店"},"geometry":{"type":"Point","coordinates":[121.48924,25.073587]}},{"type":"Feature","properties":{"id":"osm:node:4384740025","name":"萊爾富","category":"convenience","nameEn":"Hi-Life","brand":"萊爾富"},"geometry":{"type":"Point","coordinates":[121.494703,25.063789]}},{"type":"Feature","properties":{"id":"osm:node:4384740028","name":"7-Eleven","category":"convenience","brand":"7-Eleven"},"geometry":{"type":"Point","coordinates":[121.489364,25.073415]}},{"type":"Feature","properties":{"id":"osm:node:4393509720","name":"全家便利商店","category":"convenience","nameEn":"FamilyMart","brand":"全家便利商店","opening_hours":"24/7","address":"10451台北市中山區中山北路二段137巷34號","phone":"+886 2 7729 4960"},"geometry":{"type":"Point","coordinates":[121.525088,25.061598]}},{"type":"Feature","properties":{"id":"osm:node:4399402789","name":"7-Eleven","category":"convenience","brand":"7-Eleven","address":"廈門街99巷","wheelchair":"yes"},"geometry":{"type":"Point","coordinates":[121.518954,25.023873]}},{"type":"Feature","properties":{"id":"osm:node:4405339840","name":"全家便利商店","category":"convenience","nameEn":"FamilyMart","brand":"全家便利商店"},"geometry":{"type":"Point","coordinates":[121.501769,25.074204]}},{"type":"Feature","properties":{"id":"osm:node:4405339850","name":"萊爾富","category":"convenience","nameEn":"Hi-Life","brand":"萊爾富","opening_hours":"24/7","address":"新北市三重區自強路二段74巷1號"},"geometry":{"type":"Point","coordinates":[121.488331,25.070017]}},{"type":"Feature","properties":{"id":"osm:node:4405339851","name":"7-Eleven","category":"convenience","brand":"7-Eleven"},"geometry":{"type":"Point","coordinates":[121.490794,25.071048]}},{"type":"Feature","properties":{"id":"osm:node:4405339852","name":"7-Eleven","category":"convenience","brand":"7-Eleven"},"geometry":{"type":"Point","coordinates":[121.500171,25.073425]}},{"type":"Feature","properties":{"id":"osm:node:4405774982","name":"萊爾富","category":"convenience","nameEn":"Hi-Life","brand":"萊爾富","opening_hours":"24/7","address":"10451台北市中山區中山北路二段137巷2號"},"geometry":{"type":"Point","coordinates":[121.523699,25.061627]}},{"type":"Feature","properties":{"id":"osm:node:4405792069","name":"7-Eleven","category":"convenience","brand":"7-Eleven","opening_hours":"24/7","address":"10451台北市中山區林森北路500號"},"geometry":{"type":"Point","coordinates":[121.525469,25.061815]}},{"type":"Feature","properties":{"id":"osm:node:4406427590","name":"台鹽生技","category":"convenience"},"geometry":{"type":"Point","coordinates":[121.510184,24.995759]}},{"type":"Feature","properties":{"id":"osm:node:4406983436","name":"震東水電材料行","category":"convenience"},"geometry":{"type":"Point","coordinates":[121.510973,24.996771]}},{"type":"Feature","properties":{"id":"osm:node:4408961591","name":"7-Eleven","category":"convenience","brand":"7-Eleven"},"geometry":{"type":"Point","coordinates":[121.569497,25.079391]}},{"type":"Feature","properties":{"id":"osm:node:4410823893","name":"OK超商","category":"convenience","nameEn":"OK mart","brand":"OK超商","wheelchair":"yes"},"geometry":{"type":"Point","coordinates":[121.525892,25.090458]}},{"type":"Feature","properties":{"id":"osm:node:4410823894","name":"7-Eleven","category":"convenience","brand":"7-Eleven","wheelchair":"limited"},"geometry":{"type":"Point","coordinates":[121.526434,25.089845]}},{"type":"Feature","properties":{"id":"osm:node:4410824044","name":"7-Eleven","category":"convenience","brand":"7-Eleven","opening_hours":"Mo-Su,PH 00:00-23:59","wheelchair":"yes"},"geometry":{"type":"Point","coordinates":[121.532333,25.098487]}},{"type":"Feature","properties":{"id":"osm:node:4411103000","name":"7-Eleven","category":"convenience","brand":"7-Eleven"},"geometry":{"type":"Point","coordinates":[121.570561,25.080042]}},{"type":"Feature","properties":{"id":"osm:node:4421534178","name":"萊爾富","category":"convenience","nameEn":"Hi-Life","brand":"萊爾富","opening_hours":"24/7","address":"新北市三重區大仁街78號"},"geometry":{"type":"Point","coordinates":[121.492472,25.065255]}},{"type":"Feature","properties":{"id":"osm:node:4425989915","name":"全家便利商店","category":"convenience","nameEn":"FamilyMart","brand":"全家便利商店"},"geometry":{"type":"Point","coordinates":[121.467466,25.08485]}},{"type":"Feature","properties":{"id":"osm:node:4425990313","name":"7-Eleven","category":"convenience","brand":"7-Eleven"},"geometry":{"type":"Point","coordinates":[121.467128,25.084905]}},{"type":"Feature","properties":{"id":"osm:node:4426037321","name":"7-Eleven","category":"convenience","brand":"7-Eleven"},"geometry":{"type":"Point","coordinates":[121.479093,25.07099]}},{"type":"Feature","properties":{"id":"osm:node:4426051727","name":"全家便利商店","category":"convenience","nameEn":"FamilyMart","brand":"全家便利商店"},"geometry":{"type":"Point","coordinates":[121.486092,25.068031]}},{"type":"Feature","properties":{"id":"osm:node:4426051728","name":"全家便利商店","category":"convenience","nameEn":"FamilyMart","brand":"全家便利商店"},"geometry":{"type":"Point","coordinates":[121.486561,25.068071]}},{"type":"Feature","properties":{"id":"osm:node:4427969389","name":"7-Eleven","category":"convenience","brand":"7-Eleven","opening_hours":"24/7","address":"至誠路二段","website":"https://www.7-11.com.tw/","wheelchair":"yes"},"geometry":{"type":"Point","coordinates":[121.52925,25.101818]}},{"type":"Feature","properties":{"id":"osm:node:4432474816","name":"全家便利商店","category":"convenience","nameEn":"FamilyMart","brand":"全家便利商店"},"geometry":{"type":"Point","coordinates":[121.656616,25.064556]}},{"type":"Feature","properties":{"id":"osm:node:4432502996","name":"全家便利商店","category":"convenience","nameEn":"FamilyMart","brand":"全家便利商店","opening_hours":"24/7"},"geometry":{"type":"Point","coordinates":[121.552614,25.046245]}},{"type":"Feature","properties":{"id":"osm:node:4436175214","name":"7-Eleven","category":"convenience","brand":"7-Eleven","opening_hours":"24/7","address":"新北市三重區正義南路67號"},"geometry":{"type":"Point","coordinates":[121.498146,25.060204]}},{"type":"Feature","properties":{"id":"osm:node:4436209402","name":"萊爾富","category":"convenience","nameEn":"Hi-Life","brand":"萊爾富"},"geometry":{"type":"Point","coordinates":[121.496552,25.057048]}},{"type":"Feature","properties":{"id":"osm:node:4436209403","name":"7-Eleven","category":"convenience","brand":"7-Eleven","opening_hours":"24/7","address":"241新北市三重區大同南路220號"},"geometry":{"type":"Point","coordinates":[121.49693,25.056285]}},{"type":"Feature","properties":{"id":"osm:node:4437575478","name":"7-Eleven","category":"convenience","brand":"7-Eleven"},"geometry":{"type":"Point","coordinates":[121.480702,25.066282]}},{"type":"Feature","properties":{"id":"osm:node:4439308600","name":"全家便利商店","category":"convenience","nameEn":"FamilyMart","brand":"全家便利商店","opening_hours":"24/7"},"geometry":{"type":"Point","coordinates":[121.456396,25.016993]}},{"type":"Feature","properties":{"id":"osm:node:4439362094","name":"全家便利商店","category":"convenience","nameEn":"FamilyMart","brand":"全家便利商店","opening_hours":"24/7"},"geometry":{"type":"Point","coordinates":[121.45667,25.018578]}},{"type":"Feature","properties":{"id":"osm:node:4444918077","name":"萊爾富","category":"convenience","nameEn":"Hi-Life","brand":"萊爾富","address":"台北市中正區懷寧街21號","wheelchair":"yes"},"geometry":{"type":"Point","coordinates":[121.514241,25.045258]}},{"type":"Feature","properties":{"id":"osm:node:4447258009","name":"全家便利商店","category":"convenience","nameEn":"FamilyMart","brand":"全家便利商店"},"geometry":{"type":"Point","coordinates":[121.475163,25.087231]}},{"type":"Feature","properties":{"id":"osm:node:4447376027","name":"7-Eleven","category":"convenience","brand":"7-Eleven"},"geometry":{"type":"Point","coordinates":[121.491081,25.057422]}},{"type":"Feature","properties":{"id":"osm:node:4447505891","name":"7-Eleven","category":"convenience","brand":"7-Eleven","opening_hours":"24/7","address":"220008新北市板橋區四維路276、278號","phone":"+886 2 8257 0705","website":"https://www.7-11.com.tw/"},"geometry":{"type":"Point","coordinates":[121.463125,25.028832]}},{"type":"Feature","properties":{"id":"osm:node:4447987309","name":"7-Eleven","category":"convenience","brand":"7-Eleven","wheelchair":"no"},"geometry":{"type":"Point","coordinates":[121.525725,25.027015]}},{"type":"Feature","properties":{"id":"osm:node:4448603202","name":"萊爾富","category":"convenience","nameEn":"Hi-Life","brand":"萊爾富","wheelchair":"no"},"geometry":{"type":"Point","coordinates":[121.479336,25.077475]}},{"type":"Feature","properties":{"id":"osm:node:4448619153","name":"全家便利商店","category":"convenience","nameEn":"FamilyMart","brand":"全家便利商店","wheelchair":"limited"},"geometry":{"type":"Point","coordinates":[121.494439,25.081196]}},{"type":"Feature","properties":{"id":"osm:node:4448619325","name":"萊爾富","category":"convenience","nameEn":"Hi-Life","brand":"萊爾富","opening_hours":"24/7","address":"新北市三重區五華街70號","wheelchair":"no"},"geometry":{"type":"Point","coordinates":[121.49338,25.08182]}},{"type":"Feature","properties":{"id":"osm:node:4448649776","name":"全家便利商店","category":"convenience","nameEn":"FamilyMart","brand":"全家便利商店","wheelchair":"yes"},"geometry":{"type":"Point","coordinates":[121.488878,25.086462]}},{"type":"Feature","properties":{"id":"osm:node:4449013297","name":"7-Eleven","category":"convenience","brand":"7-Eleven","opening_hours":"24/7","address":"100臺北市中正區牯嶺街138號一樓","phone":"+886 2 23684831"},"geometry":{"type":"Point","coordinates":[121.518926,25.022222]}},{"type":"Feature","properties":{"id":"osm:node:4449051195","name":"全家便利商店","category":"convenience","nameEn":"FamilyMart","brand":"全家便利商店","wheelchair":"yes"},"geometry":{"type":"Point","coordinates":[121.519139,25.023441]}},{"type":"Feature","properties":{"id":"osm:node:4449757802","name":"7-Eleven","category":"convenience","brand":"7-Eleven","opening_hours":"24/7","address":"103022臺北市大同區承德路一段22號","phone":"+886 2 2556 2955","website":"https://www.7-11.com.tw/"},"geometry":{"type":"Point","coordinates":[121.516694,25.050453]}},{"type":"Feature","properties":{"id":"osm:node:4449757808","name":"7-Eleven","category":"convenience","brand":"7-Eleven","opening_hours":"24/7","address":"104台北市中山區南京西路12巷9號一樓","phone":"+886 2 25219360","website":"https://www.7-11.com.tw/"},"geometry":{"type":"Point","coordinates":[121.521506,25.051755]}},{"type":"Feature","properties":{"id":"osm:node:4451759565","name":"全家便利商店","category":"convenience","nameEn":"FamilyMart","brand":"全家便利商店"},"geometry":{"type":"Point","coordinates":[121.472015,25.08543]}},{"type":"Feature","properties":{"id":"osm:node:4451759566","name":"7-Eleven","category":"convenience","brand":"7-Eleven"},"geometry":{"type":"Point","coordinates":[121.472036,25.085183]}},{"type":"Feature","properties":{"id":"osm:node:4451773491","name":"全家便利商店","category":"convenience","nameEn":"FamilyMart","brand":"全家便利商店","wheelchair":"limited"},"geometry":{"type":"Point","coordinates":[121.529297,25.064755]}},{"type":"Feature","properties":{"id":"osm:node:4451837689","name":"7-Eleven","category":"convenience","brand":"7-Eleven","wheelchair":"no"},"geometry":{"type":"Point","coordinates":[121.529122,25.063199]}},{"type":"Feature","properties":{"id":"osm:node:4453014120","name":"萊爾富","category":"convenience","nameEn":"Hi-Life","brand":"萊爾富","address":"新北市三重區中央北路"},"geometry":{"type":"Point","coordinates":[121.501066,25.063648]}},{"type":"Feature","properties":{"id":"osm:node:4461685090","name":"7-Eleven","category":"convenience","brand":"7-Eleven","opening_hours":"24/7"},"geometry":{"type":"Point","coordinates":[121.52789,25.048496]}},{"type":"Feature","properties":{"id":"osm:node:4464801391","name":"全家便利商店","category":"convenience","nameEn":"FamilyMart","brand":"全家便利商店"},"geometry":{"type":"Point","coordinates":[121.551245,25.080108]}},{"type":"Feature","properties":{"id":"osm:node:4464931090","name":"7-Eleven","category":"convenience","nameEn":"7-Eleven","brand":"7-Eleven"},"geometry":{"type":"Point","coordinates":[121.550989,25.080082]}},{"type":"Feature","properties":{"id":"osm:node:4465566152","name":"OK超商","category":"convenience","nameEn":"OK mart","brand":"OK超商"},"geometry":{"type":"Point","coordinates":[121.565868,25.086566]}},{"type":"Feature","properties":{"id":"osm:node:4483315992","name":"7-Eleven","category":"convenience","brand":"7-Eleven","address":"111臺北市士林區中正路324號","wheelchair":"limited"},"geometry":{"type":"Point","coordinates":[121.52254,25.094706]}},{"type":"Feature","properties":{"id":"osm:node:4490165935","name":"7-Eleven","category":"convenience","brand":"7-Eleven"},"geometry":{"type":"Point","coordinates":[121.662357,25.065824]}},{"type":"Feature","properties":{"id":"osm:node:4492221424","name":"萊爾富","category":"convenience","nameEn":"Hi-Life","brand":"萊爾富","wheelchair":"yes"},"geometry":{"type":"Point","coordinates":[121.453145,25.175761]}},{"type":"Feature","properties":{"id":"osm:node:4515273892","name":"全家便利商店","category":"convenience","nameEn":"FamilyMart","brand":"全家便利商店"},"geometry":{"type":"Point","coordinates":[121.599649,25.004133]}},{"type":"Feature","properties":{"id":"osm:node:4515330190","name":"7-Eleven","category":"convenience","brand":"7-Eleven"},"geometry":{"type":"Point","coordinates":[121.598977,25.004351]}},{"type":"Feature","properties":{"id":"osm:node:4516500729","name":"萊爾富","category":"convenience","nameEn":"Hi-Life","brand":"萊爾富"},"geometry":{"type":"Point","coordinates":[121.533017,25.124682]}},{"type":"Feature","properties":{"id":"osm:node:4520657304","name":"7-Eleven","category":"convenience","brand":"7-Eleven","wheelchair":"yes"},"geometry":{"type":"Point","coordinates":[121.520747,25.026602]}},{"type":"Feature","properties":{"id":"osm:node:4520682148","name":"全家便利商店","category":"convenience","nameEn":"FamilyMart","brand":"全家便利商店","wheelchair":"yes"},"geometry":{"type":"Point","coordinates":[121.51876,25.026313]}},{"type":"Feature","properties":{"id":"osm:node:4524224190","name":"萊爾富","category":"convenience","nameEn":"Hi-Life","brand":"萊爾富"},"geometry":{"type":"Point","coordinates":[121.604187,25.073296]}},{"type":"Feature","properties":{"id":"osm:node:4524343996","name":"7-Eleven","category":"convenience","brand":"7-Eleven"},"geometry":{"type":"Point","coordinates":[121.535607,24.971999]}},{"type":"Feature","properties":{"id":"osm:node:4524863564","name":"萊爾富","category":"convenience","nameEn":"Hi-Life","brand":"萊爾富","opening_hours":"24/7","address":"103006臺北市大同區延平北路二段114、116、118號及民生西路335號1樓","phone":"+886 2 2550 4097","website":"https://www.hilife.com.tw/","wheelchair":"yes"},"geometry":{"type":"Point","coordinates":[121.511389,25.057085]}},{"type":"Feature","properties":{"id":"osm:node:4524863567","name":"萊爾富","category":"convenience","nameEn":"Hi-Life","brand":"萊爾富","address":"106臺北市大安區復興南路二段148號","wheelchair":"yes"},"geometry":{"type":"Point","coordinates":[121.543229,25.02829]}},{"type":"Feature","properties":{"id":"osm:node:4524863571","name":"7-Eleven","category":"convenience","brand":"7-Eleven","address":"106臺北市大安區和平東路二段195號"},"geometry":{"type":"Point","coordinates":[121.542267,25.025233]}},{"type":"Feature","properties":{"id":"osm:node:4524863581","name":"7-Eleven","category":"convenience","brand":"7-Eleven"},"geometry":{"type":"Point","coordinates":[121.538966,25.055845]}},{"type":"Feature","properties":{"id":"osm:node:4524863607","name":"OK超商","category":"convenience","nameEn":"OK mart","brand":"OK超商","wheelchair":"limited"},"geometry":{"type":"Point","coordinates":[121.632628,25.056789]}},{"type":"Feature","properties":{"id":"osm:node:4524863655","name":"7-Eleven","category":"convenience","brand":"7-Eleven","address":"110臺北市信義區吳興街156巷2弄2號"},"geometry":{"type":"Point","coordinates":[121.561434,25.029162]}},{"type":"Feature","properties":{"id":"osm:node:4524863660","name":"7-Eleven","category":"convenience","brand":"7-Eleven","address":"110台北市信義區吳興街220巷33號"},"geometry":{"type":"Point","coordinates":[121.562302,25.027148]}},{"type":"Feature","properties":{"id":"osm:node:4524863697","name":"7-Eleven","category":"convenience","brand":"7-Eleven","address":"116台北市文山區興隆路三段42號"},"geometry":{"type":"Point","coordinates":[121.555545,25.000337]}},{"type":"Feature","properties":{"id":"osm:node:4524863714","name":"全家便利商店","category":"convenience","nameEn":"FamilyMart","brand":"全家便利商店"},"geometry":{"type":"Point","coordinates":[121.553122,25.05732]}},{"type":"Feature","properties":{"id":"osm:node:4524863732","name":"7-Eleven","category":"convenience","brand":"7-Eleven","address":"臺北市中山區復興北路348號","phone":"+886 2 25160812"},"geometry":{"type":"Point","coordinates":[121.543869,25.060072]}},{"type":"Feature","properties":{"id":"osm:node:4524863733","name":"全家便利商店","category":"convenience","nameEn":"FamilyMart","brand":"全家便利商店","address":"104台北市中山區民權東路三段64號"},"geometry":{"type":"Point","coordinates":[121.542577,25.062106]}},{"type":"Feature","properties":{"id":"osm:node:4524863738","name":"7-Eleven","category":"convenience","brand":"7-Eleven"},"geometry":{"type":"Point","coordinates":[121.540814,25.058329]}},{"type":"Feature","properties":{"id":"osm:node:4524863740","name":"全家便利商店","category":"convenience","nameEn":"FamilyMart","brand":"全家便利商店","address":"104台北市中山區合江街87號"},"geometry":{"type":"Point","coordinates":[121.539293,25.059169]}},{"type":"Feature","properties":{"id":"osm:node:4524863746","name":"宏奇商行","category":"convenience","address":"104台北市中山區合江街102巷27號"},"geometry":{"type":"Point","coordinates":[121.537943,25.058838]}},{"type":"Feature","properties":{"id":"osm:node:4524863799","name":"全家便利商店","category":"convenience","nameEn":"FamilyMart","brand":"全家便利商店"},"geometry":{"type":"Point","coordinates":[121.540847,25.081762]}},{"type":"Feature","properties":{"id":"osm:node:4524863815","name":"全家便利商店","category":"convenience","nameEn":"FamilyMart","brand":"全家便利商店"},"geometry":{"type":"Point","coordinates":[121.537979,25.084631]}},{"type":"Feature","properties":{"id":"osm:node:4524863858","name":"全家便利商店","category":"convenience","nameEn":"FamilyMart","brand":"全家便利商店"},"geometry":{"type":"Point","coordinates":[121.544882,25.051586]}},{"type":"Feature","properties":{"id":"osm:node:4524863917","name":"7-Eleven","category":"convenience","brand":"7-Eleven","address":"106臺北市大安區通化街26-8號"},"geometry":{"type":"Point","coordinates":[121.554169,25.031388]}},{"type":"Feature","properties":{"id":"osm:node:4524863930","name":"全家便利商店","category":"convenience","nameEn":"FamilyMart","brand":"全家便利商店"},"geometry":{"type":"Point","coordinates":[121.553228,25.032475]}},{"type":"Feature","properties":{"id":"osm:node:4524863972","name":"7-Eleven","category":"convenience","brand":"7-Eleven","wheelchair":"yes"},"geometry":{"type":"Point","coordinates":[121.543804,25.032222]}},{"type":"Feature","properties":{"id":"osm:node:4524863996","name":"7-Eleven","category":"convenience","brand":"7-Eleven","address":"106臺北市大安區忠孝東路四段216巷25之2號"},"geometry":{"type":"Point","coordinates":[121.553157,25.039955]}},{"type":"Feature","properties":{"id":"osm:node:4524864017","name":"7-Eleven","category":"convenience","brand":"7-Eleven"},"geometry":{"type":"Point","coordinates":[121.546133,25.041492]}},{"type":"Feature","properties":{"id":"osm:node:4524864045","name":"萊爾富","category":"convenience","nameEn":"Hi-Life","brand":"萊爾富","wheelchair":"yes"},"geometry":{"type":"Point","coordinates":[121.523102,25.026506]}},{"type":"Feature","properties":{"id":"osm:node:4524864068","name":"7-Eleven","category":"convenience","brand":"7-Eleven","address":"104台北市中山區錦州街8號"},"geometry":{"type":"Point","coordinates":[121.523778,25.060228]}},{"type":"Feature","properties":{"id":"osm:node:4524864139","name":"7-Eleven","category":"convenience","brand":"7-Eleven"},"geometry":{"type":"Point","coordinates":[121.511648,25.058337]}},{"type":"Feature","properties":{"id":"osm:node:4524864142","name":"7-Eleven","category":"convenience","brand":"7-Eleven","wheelchair":"limited"},"geometry":{"type":"Point","coordinates":[121.511049,25.057046]}},{"type":"Feature","properties":{"id":"osm:node:4524864166","name":"7-Eleven","category":"convenience","nameEn":"7-11","brand":"7-Eleven","opening_hours":"24/7","address":"104台北市大同區庫倫街58號"},"geometry":{"type":"Point","coordinates":[121.515652,25.071902]}},{"type":"Feature","properties":{"id":"osm:node:4524864167","name":"OK超商","category":"convenience","nameEn":"OK mart","brand":"OK超商"},"geometry":{"type":"Point","coordinates":[121.513616,25.072787]}},{"type":"Feature","properties":{"id":"osm:node:4524864530","name":"義美食品","category":"convenience","brand":"義美食品"},"geometry":{"type":"Point","coordinates":[121.549201,25.036844]}},{"type":"Feature","properties":{"id":"osm:node:4524864549","name":"7-Eleven","category":"convenience","brand":"7-Eleven","opening_hours":"24/7","address":"116078臺北市文山區興隆路三段173;175號","phone":"+886 2 2239 9843","website":"https://www.7-11.com.tw"},"geometry":{"type":"Point","coordinates":[121.560175,24.996482]}},{"type":"Feature","properties":{"id":"osm:node:4524864577","name":"7-Eleven","category":"convenience","brand":"7-Eleven"},"geometry":{"type":"Point","coordinates":[121.54583,25.034354]}},{"type":"Feature","properties":{"id":"osm:node:4530176990","name":"7-Eleven","category":"convenience","brand":"7-Eleven","address":"222新北市深坑區北深路三段145號"},"geometry":{"type":"Point","coordinates":[121.603449,25.002754]}},{"type":"Feature","properties":{"id":"osm:node:4535740790","name":"全家便利商店","category":"convenience","nameEn":"FamilyMart","brand":"全家便利商店","opening_hours":"24/7"},"geometry":{"type":"Point","coordinates":[121.656873,25.20968]}},{"type":"Feature","properties":{"id":"osm:node:4538275034","name":"全家便利商店","category":"convenience","nameEn":"FamilyMart","brand":"全家便利商店","opening_hours":"24/7"},"geometry":{"type":"Point","coordinates":[121.517821,25.014298]}},{"type":"Feature","properties":{"id":"osm:node:4538275036","name":"7-Eleven","category":"convenience","brand":"7-Eleven"},"geometry":{"type":"Point","coordinates":[121.522355,25.001179]}},{"type":"Feature","properties":{"id":"osm:node:4543626493","name":"全家便利商店","category":"convenience","nameEn":"FamilyMart","brand":"全家便利商店","opening_hours":"24/7","address":"新北市土城區明德路一段311號"},"geometry":{"type":"Point","coordinates":[121.45957,24.977039]}},{"type":"Feature","properties":{"id":"osm:node:4558734797","name":"7-Eleven","category":"convenience","brand":"7-Eleven"},"geometry":{"type":"Point","coordinates":[121.547917,25.060754]}},{"type":"Feature","properties":{"id":"osm:node:4567940989","name":"全家便利商店","category":"convenience","nameEn":"FamilyMart","brand":"全家便利商店","address":"新北市汐止區樟樹一路119巷25號一樓"},"geometry":{"type":"Point","coordinates":[121.640439,25.064347]}},{"type":"Feature","properties":{"id":"osm:node:4570262479","name":"7-Eleven","category":"convenience","brand":"7-Eleven"},"geometry":{"type":"Point","coordinates":[121.513112,25.117513]}},{"type":"Feature","properties":{"id":"osm:node:4574573815","name":"OK超商","category":"convenience","nameEn":"OK mart","brand":"OK超商","address":"110台北市信義區信安街149號"},"geometry":{"type":"Point","coordinates":[121.555471,25.023047]}},{"type":"Feature","properties":{"id":"osm:node:4580452891","name":"7-Eleven","category":"convenience","brand":"7-Eleven","opening_hours":"24/7","address":"104007臺北市中山區林森北路107巷15號"},"geometry":{"type":"Point","coordinates":[121.52562,25.050248]}},{"type":"Feature","properties":{"id":"osm:node:4584769494","name":"7-Eleven","category":"convenience","brand":"7-Eleven","opening_hours":"24/7","address":"114台北市內湖區文湖街83號"},"geometry":{"type":"Point","coordinates":[121.564154,25.086563]}},{"type":"Feature","properties":{"id":"osm:node:461524961","name":"全家便利商店","category":"convenience","nameEn":"FamilyMart","brand":"全家便利商店","opening_hours":"24/7","wheelchair":"yes"},"geometry":{"type":"Point","coordinates":[121.533485,25.018825]}},{"type":"Feature","properties":{"id":"osm:node:4616488810","name":"7-Eleven","category":"convenience","brand":"7-Eleven"},"geometry":{"type":"Point","coordinates":[121.472375,25.128265]}},{"type":"Feature","properties":{"id":"osm:node:4617656802","name":"萊爾富","category":"convenience","nameEn":"Hi-Life","brand":"萊爾富","address":"235新北市中和區信義街50號一樓"},"geometry":{"type":"Point","coordinates":[121.511185,24.988646]}},{"type":"Feature","properties":{"id":"osm:node:4629718329","name":"7-Eleven","category":"convenience","brand":"7-Eleven","opening_hours":"24/7","wheelchair":"no"},"geometry":{"type":"Point","coordinates":[121.558179,25.058594]}},{"type":"Feature","properties":{"id":"osm:node:4629774289","name":"7-Eleven","category":"convenience","brand":"7-Eleven","wheelchair":"no"},"geometry":{"type":"Point","coordinates":[121.566217,25.057189]}},{"type":"Feature","properties":{"id":"osm:node:4629774290","name":"全家便利商店","category":"convenience","nameEn":"FamilyMart","brand":"全家便利商店","wheelchair":"yes"},"geometry":{"type":"Point","coordinates":[121.566089,25.05925]}},{"type":"Feature","properties":{"id":"osm:node:4631479065","name":"7-Eleven","category":"convenience","brand":"7-Eleven","address":"235新北市中和區民德路126;126之1號"},"geometry":{"type":"Point","coordinates":[121.468774,25.001062]}},{"type":"Feature","properties":{"id":"osm:node:4631479067","name":"7-Eleven","category":"convenience","brand":"7-Eleven","address":"235新北市中和區民德路47;47-1號"},"geometry":{"type":"Point","coordinates":[121.468977,25.002045]}},{"type":"Feature","properties":{"id":"osm:node:4659929791","name":"7-Eleven","category":"convenience","nameEn":"7 Eleven","brand":"7-Eleven","opening_hours":"24/7"},"geometry":{"type":"Point","coordinates":[121.546488,25.036115]}},{"type":"Feature","properties":{"id":"osm:node:4664818089","name":"全家便利商店","category":"convenience","nameEn":"FamilyMart","brand":"全家便利商店","opening_hours":"24/7","address":"234新北市永和區福和路320號","phone":"+886 2 7713 4956","website":"https://www.family.com.tw/"},"geometry":{"type":"Point","coordinates":[121.516291,25.00739]}},{"type":"Feature","properties":{"id":"osm:node:4677018248","name":"OK超商","category":"convenience","nameEn":"OK mart","brand":"OK超商"},"geometry":{"type":"Point","coordinates":[121.551393,25.02131]}},{"type":"Feature","properties":{"id":"osm:node:4677018250","name":"7-Eleven","category":"convenience","brand":"7-Eleven"},"geometry":{"type":"Point","coordinates":[121.550961,25.021944]}},{"type":"Feature","properties":{"id":"osm:node:4679440000","name":"7-Eleven","category":"convenience","brand":"7-Eleven","opening_hours":"24/7","address":"111台北市士林區基河路366;368;370號","phone":"+886 228344187"},"geometry":{"type":"Point","coordinates":[121.518408,25.094785]}},{"type":"Feature","properties":{"id":"osm:node:4683345793","name":"OK超商","category":"convenience","nameEn":"OK mart","brand":"OK超商","wheelchair":"no"},"geometry":{"type":"Point","coordinates":[121.654187,25.058884]}},{"type":"Feature","properties":{"id":"osm:node:470334189","name":"7-Eleven","category":"convenience","brand":"7-Eleven","opening_hours":"24/7","address":"10045臺北市中正區衡陽路27號","phone":"+886 2 2370 5929","website":"https://www.7-11.com.tw/","wheelchair":"yes"},"geometry":{"type":"Point","coordinates":[121.512721,25.042407]}},{"type":"Feature","properties":{"id":"osm:node:4706638044","name":"萊爾富","category":"convenience","nameEn":"Hi-Life","brand":"萊爾富","address":"241新北市三重區中正北路105號"},"geometry":{"type":"Point","coordinates":[121.489551,25.063277]}},{"type":"Feature","properties":{"id":"osm:node:4716030694","name":"全家便利商店","category":"convenience","nameEn":"FamilyMart","brand":"全家便利商店","opening_hours":"24/7"},"geometry":{"type":"Point","coordinates":[121.49214,25.060075]}},{"type":"Feature","properties":{"id":"osm:node:4716777890","name":"全家便利商店","category":"convenience","nameEn":"FamilyMart","brand":"全家便利商店","opening_hours":"24/7","address":"116臺北市文山區興隆路二段77號"},"geometry":{"type":"Point","coordinates":[121.546626,24.999204]}},{"type":"Feature","properties":{"id":"osm:node:472558738","name":"7-Eleven","category":"convenience","brand":"7-Eleven","opening_hours":"24/7","address":"106031臺北市大安區辛亥路二段171巷8號","phone":"+886 2 2736 6095","website":"https://www.7-11.com.tw/","wheelchair":"yes"},"geometry":{"type":"Point","coordinates":[121.54098,25.022109]}},{"type":"Feature","properties":{"id":"osm:node:4732646495","name":"7-Eleven","category":"convenience","brand":"7-Eleven","opening_hours":"24/7","address":"105台北市松山區八德路三段27號","wheelchair":"yes"},"geometry":{"type":"Point","coordinates":[121.555195,25.049625]}},{"type":"Feature","properties":{"id":"osm:node:4739658683","name":"7-Eleven","category":"convenience","brand":"7-Eleven"},"geometry":{"type":"Point","coordinates":[121.545092,24.989424]}},{"type":"Feature","properties":{"id":"osm:node:4742571025","name":"全家便利商店","category":"convenience","nameEn":"FamilyMart","brand":"全家便利商店","wheelchair":"yes"},"geometry":{"type":"Point","coordinates":[121.663015,25.068371]}},{"type":"Feature","properties":{"id":"osm:node:4744255903","name":"7-Eleven","category":"convenience","brand":"7-Eleven"},"geometry":{"type":"Point","coordinates":[121.604404,25.073319]}},{"type":"Feature","properties":{"id":"osm:node:4746290405","name":"7-Eleven","category":"convenience","brand":"7-Eleven"},"geometry":{"type":"Point","coordinates":[121.57904,25.076264]}},{"type":"Feature","properties":{"id":"osm:node:4746290406","name":"全家便利商店","category":"convenience","nameEn":"FamilyMart","brand":"全家便利商店"},"geometry":{"type":"Point","coordinates":[121.58003,25.076778]}},{"type":"Feature","properties":{"id":"osm:node:4746290408","name":"7-Eleven","category":"convenience","brand":"7-Eleven","opening_hours":"24/7"},"geometry":{"type":"Point","coordinates":[121.576994,25.074834]}},{"type":"Feature","properties":{"id":"osm:node:4754476725","name":"蝦皮店到店","category":"convenience","nameEn":"Shopee Xpress","brand":"蝦皮店到店","address":"104臺北市中山區四平街110號"},"geometry":{"type":"Point","coordinates":[121.535112,25.053547]}},{"type":"Feature","properties":{"id":"osm:node:4756039059","name":"超偉便利商店","category":"convenience"},"geometry":{"type":"Point","coordinates":[121.569105,25.022512]}},{"type":"Feature","properties":{"id":"osm:node:4781648352","name":"7-Eleven","category":"convenience","nameEn":"7-Eleven","brand":"7-Eleven","opening_hours":"24/7","address":"104臺北市中山區民生東路一段46號"},"geometry":{"type":"Point","coordinates":[121.524617,25.05792]}},{"type":"Feature","properties":{"id":"osm:node:4782139821","name":"全家便利商店","category":"convenience","nameEn":"FamilyMart","brand":"全家便利商店"},"geometry":{"type":"Point","coordinates":[121.563627,25.051799]}},{"type":"Feature","properties":{"id":"osm:node:4782154278","name":"7-Eleven","category":"convenience","brand":"7-Eleven","address":"臺北市士林區"},"geometry":{"type":"Point","coordinates":[121.51005,25.084239]}},{"type":"Feature","properties":{"id":"osm:node:4782155369","name":"7-Eleven","category":"convenience","brand":"7-Eleven","address":"台北市士林區"},"geometry":{"type":"Point","coordinates":[121.510507,25.082029]}},{"type":"Feature","properties":{"id":"osm:node:4782156144","name":"7-Eleven","category":"convenience","brand":"7-Eleven","address":"臺北市士林區"},"geometry":{"type":"Point","coordinates":[121.509514,25.085291]}},{"type":"Feature","properties":{"id":"osm:node:4782157721","name":"7-Eleven","category":"convenience","brand":"7-Eleven"},"geometry":{"type":"Point","coordinates":[121.508265,25.086184]}},{"type":"Feature","properties":{"id":"osm:node:4782157940","name":"萊爾富","category":"convenience","nameEn":"Hi-Life","brand":"萊爾富"},"geometry":{"type":"Point","coordinates":[121.510474,25.082203]}},{"type":"Feature","properties":{"id":"osm:node:4782159709","name":"全家便利商店","category":"convenience","nameEn":"FamilyMart","brand":"全家便利商店"},"geometry":{"type":"Point","coordinates":[121.509453,25.085622]}},{"type":"Feature","properties":{"id":"osm:node:4787375321","name":"7-Eleven","category":"convenience","brand":"7-Eleven","address":"114台北市內湖區港墘路221巷41號"},"geometry":{"type":"Point","coordinates":[121.575147,25.073214]}},{"type":"Feature","properties":{"id":"osm:node:4790130021","name":"全家便利商店","category":"convenience","nameEn":"FamilyMart","brand":"全家便利商店","opening_hours":"24/7","address":"104臺北市大同區重慶北路二段263號","wheelchair":"yes"},"geometry":{"type":"Point","coordinates":[121.513814,25.062749]}},{"type":"Feature","properties":{"id":"osm:node:4801328121","name":"7-Eleven","category":"convenience","brand":"7-Eleven","opening_hours":"24/7","address":"103015臺北市大同區長安西路228號1樓","phone":"+886 2 2550 9809","website":"https://www.7-11.com.tw/"},"geometry":{"type":"Point","coordinates":[121.514588,25.051346]}},{"type":"Feature","properties":{"id":"osm:node:4801848623","name":"7-Eleven","category":"convenience","nameEn":"7-Eleven","brand":"7-Eleven"},"geometry":{"type":"Point","coordinates":[121.530118,25.034326]}},{"type":"Feature","properties":{"id":"osm:node:4804666921","name":"全家便利商店","category":"convenience","nameEn":"FamilyMart","brand":"全家便利商店","opening_hours":"24/7","address":"251新北市淡水區淡金路38巷70號","phone":"+886 2 8626 8106","website":"https://family.com.tw/"},"geometry":{"type":"Point","coordinates":[121.458191,25.161327]}},{"type":"Feature","properties":{"id":"osm:node:4810840727","name":"全家便利商店","category":"convenience","nameEn":"FamilyMart","brand":"全家便利商店"},"geometry":{"type":"Point","coordinates":[121.499099,25.130025]}},{"type":"Feature","properties":{"id":"osm:node:4810840728","name":"萊爾富","category":"convenience","nameEn":"Hi-Life","brand":"萊爾富","opening_hours":"24/7","address":"11264臺北市北投區清江路53、55號","phone":"+886-2-8978-3776","website":"http://www.hilife.com.tw/"},"geometry":{"type":"Point","coordinates":[121.502049,25.130685]}},{"type":"Feature","properties":{"id":"osm:node:4810841227","name":"7-Eleven","category":"convenience","nameEn":"7-Eleven","brand":"7-Eleven","opening_hours":"24/7","address":"11263臺北市北投區中央南路一段114號","phone":"+886-2-2896-3137","website":"https://www.7-11.com.tw/"},"geometry":{"type":"Point","coordinates":[121.500978,25.13053]}},{"type":"Feature","properties":{"id":"osm:node:4810842021","name":"7-Eleven","category":"convenience","brand":"7-Eleven","opening_hours":"24/7","address":"11244臺北市北投區公舘路31號","phone":"+886-2-2896-5936","website":"https://www.7-11.com.tw/"},"geometry":{"type":"Point","coordinates":[121.503102,25.133073]}},{"type":"Feature","properties":{"id":"osm:node:4820634505","name":"荳仔便利商店","category":"convenience"},"geometry":{"type":"Point","coordinates":[121.604124,25.003903]}},{"type":"Feature","properties":{"id":"osm:node:4826510921","name":"萊爾富","category":"convenience","nameEn":"Hi-Life","brand":"萊爾富"},"geometry":{"type":"Point","coordinates":[121.481039,24.994561]}},{"type":"Feature","properties":{"id":"osm:node:4834761748","name":"7-Eleven","category":"convenience","brand":"7-Eleven","opening_hours":"24/7","address":"台北市文山區興隆路一段125巷1-1號","phone":"+886 2 2930 2894"},"geometry":{"type":"Point","coordinates":[121.542094,25.002163]}},{"type":"Feature","properties":{"id":"osm:node:4834761758","name":"TOKO INDO KITA","category":"convenience","address":"116台北市文山區景華街19之1號"},"geometry":{"type":"Point","coordinates":[121.542079,24.995048]}},{"type":"Feature","properties":{"id":"osm:node:4834782532","name":"全家便利商店","category":"convenience","nameEn":"FamilyMart","brand":"全家便利商店","opening_hours":"24/7","address":"231新北市新店區明德路69巷28號","phone":"+886 2 77136357;+886 2 29162699","website":"https://www.family.com.tw/"},"geometry":{"type":"Point","coordinates":[121.54019,24.977567]}},{"type":"Feature","properties":{"id":"osm:node:4834782537","name":"Indo Shop","category":"convenience","address":"231新北市新店區中正路280巷3號"},"geometry":{"type":"Point","coordinates":[121.538998,24.97435]}},{"type":"Feature","properties":{"id":"osm:node:4834782550","name":"全家便利商店","category":"convenience","nameEn":"FamilyMart","brand":"全家便利商店"},"geometry":{"type":"Point","coordinates":[121.547426,24.980747]}},{"type":"Feature","properties":{"id":"osm:node:4835804981","name":"全家便利商店","category":"convenience","nameEn":"FamilyMart","brand":"全家便利商店","opening_hours":"24/7","address":"241新北市三重區成功路145巷45號"},"geometry":{"type":"Point","coordinates":[121.487861,25.053608]}},{"type":"Feature","properties":{"id":"osm:node:4835807971","name":"萊爾富","category":"convenience","nameEn":"Hi-Life","brand":"萊爾富","opening_hours":"24/7","address":"241新北市三重區重新路四段244巷40號"},"geometry":{"type":"Point","coordinates":[121.48773,25.053761]}},{"type":"Feature","properties":{"id":"osm:node:4835808617","name":"萊爾富","category":"convenience","nameEn":"Hi-Life","brand":"萊爾富","opening_hours":"24/7","address":"241新北市三重區重新路四段176號"},"geometry":{"type":"Point","coordinates":[121.486399,25.055207]}},{"type":"Feature","properties":{"id":"osm:node:4835813397","name":"OK超商","category":"convenience","nameEn":"OK mart","brand":"OK超商","opening_hours":"24/7","address":"241新北市三重區成功路97號"},"geometry":{"type":"Point","coordinates":[121.488126,25.051627]}},{"type":"Feature","properties":{"id":"osm:node:4835818549","name":"全家便利商店","category":"convenience","nameEn":"FamilyMart","brand":"全家便利商店","opening_hours":"24/7","address":"241新北市三重區捷運路19巷6弄20號"},"geometry":{"type":"Point","coordinates":[121.484402,25.056579]}},{"type":"Feature","properties":{"id":"osm:node:4835818550","name":"7-Eleven","category":"convenience","brand":"7-Eleven","opening_hours":"24/7","address":"241新北市三重區重新路四段102號一樓"},"geometry":{"type":"Point","coordinates":[121.487648,25.057036]}},{"type":"Feature","properties":{"id":"osm:node:4835824873","name":"7-Eleven","category":"convenience","brand":"7-Eleven","opening_hours":"24/7","address":"241新北市三重區重新路四段45號一樓"},"geometry":{"type":"Point","coordinates":[121.487868,25.057491]}},{"type":"Feature","properties":{"id":"osm:node:4835828167","name":"7-Eleven","category":"convenience","brand":"7-Eleven","opening_hours":"24/7","address":"241新北市三重區集美街202號"},"geometry":{"type":"Point","coordinates":[121.491042,25.054005]}},{"type":"Feature","properties":{"id":"osm:node:4835959028","name":"全家便利商店","category":"convenience","nameEn":"FamilyMart","brand":"全家便利商店","opening_hours":"24/7","address":"241新北市三重區環河南路253號一樓"},"geometry":{"type":"Point","coordinates":[121.491114,25.050614]}},{"type":"Feature","properties":{"id":"osm:node:4835959029","name":"全家便利商店","category":"convenience","nameEn":"FamilyMart","brand":"全家便利商店","opening_hours":"24/7","address":"241新北市三重區環河南路254巷43號一樓"},"geometry":{"type":"Point","coordinates":[121.489319,25.051587]}},{"type":"Feature","properties":{"id":"osm:node:4836019985","name":"7-Eleven","category":"convenience","brand":"7-Eleven","opening_hours":"24/7","address":"241新北市三重區成功路106之2號一樓"},"geometry":{"type":"Point","coordinates":[121.487354,25.051628]}},{"type":"Feature","properties":{"id":"osm:node:4836019986","name":"7-Eleven","category":"convenience","brand":"7-Eleven","opening_hours":"24/7","address":"241新北市三重區成功路50巷1號一樓"},"geometry":{"type":"Point","coordinates":[121.488324,25.049741]}},{"type":"Feature","properties":{"id":"osm:node:4836075609","name":"7-Eleven","category":"convenience","brand":"7-Eleven","opening_hours":"24/7","address":"235新北市中和區中山路三段108號"},"geometry":{"type":"Point","coordinates":[121.476879,25.00605]}},{"type":"Feature","properties":{"id":"osm:node:4836075611","name":"全家便利商店","category":"convenience","nameEn":"FamilyMart","brand":"全家便利商店","opening_hours":"24/7","address":"235011新北市中和區中山路三段111號1樓","phone":"+886 2 2226 7465;+886 2 7709 6397","website":"https://www.family.com.tw/"},"geometry":{"type":"Point","coordinates":[121.474745,25.005901]}},{"type":"Feature","properties":{"id":"osm:node:4836631370","name":"源豐行","category":"convenience","wheelchair":"no"},"geometry":{"type":"Point","coordinates":[121.519972,25.030014]}},{"type":"Feature","properties":{"id":"osm:node:4836631386","name":"7-Eleven","category":"convenience","brand":"7-Eleven","opening_hours":"24/7"},"geometry":{"type":"Point","coordinates":[121.5161,25.015215]}},{"type":"Feature","properties":{"id":"osm:node:4836651017","name":"北投倉庫","category":"convenience"},"geometry":{"type":"Point","coordinates":[121.498879,25.136289]}},{"type":"Feature","properties":{"id":"osm:node:4836651121","name":"全家便利商店","category":"convenience","nameEn":"FamilyMart","brand":"全家便利商店"},"geometry":{"type":"Point","coordinates":[121.499405,25.138934]}},{"type":"Feature","properties":{"id":"osm:node:4836651122","name":"7-Eleven","category":"convenience","brand":"7-Eleven","opening_hours":"24/7","address":"11268臺北市北投區大業路715-717號","phone":"+886-2-2894-0338","website":"https://www.7-11.com.tw/"},"geometry":{"type":"Point","coordinates":[121.500817,25.137315]}},{"type":"Feature","properties":{"id":"osm:node:4836653432","name":"7-Eleven","category":"convenience","brand":"7-Eleven"},"geometry":{"type":"Point","coordinates":[121.555713,25.083652]}},{"type":"Feature","properties":{"id":"osm:node:4837986332","name":"義美食品","category":"convenience","brand":"義美食品","address":"106臺北市大安區和平東路三段40號"},"geometry":{"type":"Point","coordinates":[121.547711,25.024415]}},{"type":"Feature","properties":{"id":"osm:node:4837986339","name":"義美食品","category":"convenience","brand":"義美食品"},"geometry":{"type":"Point","coordinates":[121.543778,25.031683]}},{"type":"Feature","properties":{"id":"osm:node:4837986346","name":"7-Eleven","category":"convenience","brand":"7-Eleven","address":"104台北市中山區民權東路二段96號"},"geometry":{"type":"Point","coordinates":[121.531848,25.062303]}},{"type":"Feature","properties":{"id":"osm:node:4837986367","name":"7-Eleven","category":"convenience","brand":"7-Eleven"},"geometry":{"type":"Point","coordinates":[121.547321,25.040684]}},{"type":"Feature","properties":{"id":"osm:node:4837986371","name":"全家便利商店","category":"convenience","nameEn":"FamilyMart","brand":"全家便利商店","address":"105台北市松山區光復北路11巷50號"},"geometry":{"type":"Point","coordinates":[121.559951,25.049773]}},{"type":"Feature","properties":{"id":"osm:node:4837986372","name":"家樂福超市","category":"convenience","nameEn":"Carrefour Market","brand":"家樂福超市","opening_hours":"24/7","address":"臺北市松山區八德路四段83號"},"geometry":{"type":"Point","coordinates":[121.560392,25.048633]}},{"type":"Feature","properties":{"id":"osm:node:4837986373","name":"7-Eleven","category":"convenience","brand":"7-Eleven"},"geometry":{"type":"Point","coordinates":[121.561562,25.05169]}},{"type":"Feature","properties":{"id":"osm:node:4837986375","name":"全家便利商店","category":"convenience","nameEn":"FamilyMart","brand":"全家便利商店"},"geometry":{"type":"Point","coordinates":[121.563444,25.051124]}},{"type":"Feature","properties":{"id":"osm:node:4837986443","name":"全家便利商店","category":"convenience","nameEn":"FamilyMart","brand":"全家便利商店","address":"110臺北市信義區嘉興里3鄰基隆路二段119號"},"geometry":{"type":"Point","coordinates":[121.557055,25.028494]}},{"type":"Feature","properties":{"id":"osm:node:4837986453","name":"全家便利商店","category":"convenience","nameEn":"FamilyMart","brand":"全家便利商店"},"geometry":{"type":"Point","coordinates":[121.550296,25.034007]}},{"type":"Feature","properties":{"id":"osm:node:4837986464","name":"全家便利商店","category":"convenience","nameEn":"FamilyMart","brand":"全家便利商店"},"geometry":{"type":"Point","coordinates":[121.553265,25.03038]}},{"type":"Feature","properties":{"id":"osm:node:4837986469","name":"全家便利商店","category":"convenience","nameEn":"FamilyMart","brand":"全家便利商店"},"geometry":{"type":"Point","coordinates":[121.546906,25.037065]}},{"type":"Feature","properties":{"id":"osm:node:4837986470","name":"Toko Indo","category":"convenience","wheelchair":"no"},"geometry":{"type":"Point","coordinates":[121.547148,25.036493]}},{"type":"Feature","properties":{"id":"osm:node:4837986495","name":"全家便利商店","category":"convenience","nameEn":"FamilyMart","brand":"全家便利商店"},"geometry":{"type":"Point","coordinates":[121.538059,25.065894]}},{"type":"Feature","properties":{"id":"osm:node:4837986529","name":"7-Eleven","category":"convenience","brand":"7-Eleven"},"geometry":{"type":"Point","coordinates":[121.549507,25.028729]}},{"type":"Feature","properties":{"id":"osm:node:4837986532","name":"7-Eleven","category":"convenience","brand":"7-Eleven"},"geometry":{"type":"Point","coordinates":[121.551602,25.027427]}},{"type":"Feature","properties":{"id":"osm:node:4837986572","name":"7-Eleven","category":"convenience","brand":"7-Eleven","address":"106臺北市大安區和平東路三段97;99號"},"geometry":{"type":"Point","coordinates":[121.550881,25.024622]}},{"type":"Feature","properties":{"id":"osm:node:4837986579","name":"7-Eleven","category":"convenience","brand":"7-Eleven","address":"106臺北市大安區信義路四段294巷7號"},"geometry":{"type":"Point","coordinates":[121.554389,25.032538]}},{"type":"Feature","properties":{"id":"osm:node:4838086672","name":"全家便利商店","category":"convenience","nameEn":"FamilyMart","brand":"全家便利商店"},"geometry":{"type":"Point","coordinates":[121.515869,25.062717]}},{"type":"Feature","properties":{"id":"osm:node:4838086687","name":"7-Eleven","category":"convenience","brand":"7-Eleven","wheelchair":"yes"},"geometry":{"type":"Point","coordinates":[121.516434,25.063147]}},{"type":"Feature","properties":{"id":"osm:node:4838086706","name":"TOKO INSAN BERKAJ","category":"convenience"},"geometry":{"type":"Point","coordinates":[121.502838,24.993779]}},{"type":"Feature","properties":{"id":"osm:node:4838086709","name":"萊爾富","category":"convenience","nameEn":"Hi-Life","brand":"萊爾富","wheelchair":"no"},"geometry":{"type":"Point","coordinates":[121.511264,25.038677]}},{"type":"Feature","properties":{"id":"osm:node:4838087635","name":"7-Eleven","category":"convenience","brand":"7-Eleven","opening_hours":"24/7","address":"108臺北市萬華區西寧南路50巷3;5號","phone":"+886 2 23709656","website":"https://www.7-11.com.tw/","wheelchair":"no"},"geometry":{"type":"Point","coordinates":[121.505873,25.044385]}},{"type":"Feature","properties":{"id":"osm:node:4838087649","name":"全家便利商店","category":"convenience","nameEn":"FamilyMart","brand":"全家便利商店","wheelchair":"yes"},"geometry":{"type":"Point","coordinates":[121.505287,25.044938]}},{"type":"Feature","properties":{"id":"osm:node:4838087675","name":"萊爾富","category":"convenience","nameEn":"Hi-Life","brand":"萊爾富"},"geometry":{"type":"Point","coordinates":[121.518484,25.048219]}},{"type":"Feature","properties":{"id":"osm:node:4838087689","name":"全家便利商店","category":"convenience","nameEn":"FamilyMart","brand":"全家便利商店","opening_hours":"24/7","address":"103022台北市大同區南京西路61號一樓"},"geometry":{"type":"Point","coordinates":[121.519111,25.053066]}},{"type":"Feature","properties":{"id":"osm:node:4838087715","name":"7-Eleven","category":"convenience","brand":"7-Eleven","opening_hours":"24/7","address":"103001臺北市大同區南京西路436號1樓","phone":"+886 2 2552 5790","website":"https://www.7-11.com.tw/"},"geometry":{"type":"Point","coordinates":[121.508751,25.053265]}},{"type":"Feature","properties":{"id":"osm:node:4838087717","name":"萊爾富","category":"convenience","nameEn":"Hi-Life","brand":"萊爾富","opening_hours":"24/7","address":"103001臺北市大同區西寧北路35號","phone":"+886 2 2559 3676","website":"https://www.hilife.com.tw/"},"geometry":{"type":"Point","coordinates":[121.508857,25.053485]}},{"type":"Feature","properties":{"id":"osm:node:4838087720","name":"7-Eleven","category":"convenience","brand":"7-Eleven","opening_hours":"24/7","address":"103012臺北市大同區迪化街一段13號","phone":"+886 2 2555 9848","wheelchair":"limited"},"geometry":{"type":"Point","coordinates":[121.510253,25.054198]}},{"type":"Feature","properties":{"id":"osm:node:4838087757","name":"OK超商","category":"convenience","nameEn":"OK mart","brand":"OK超商"},"geometry":{"type":"Point","coordinates":[121.510997,25.068344]}},{"type":"Feature","properties":{"id":"osm:node:4838087758","name":"7-Eleven","category":"convenience","brand":"7-Eleven","wheelchair":"yes"},"geometry":{"type":"Point","coordinates":[121.511173,25.065808]}},{"type":"Feature","properties":{"id":"osm:node:4838087759","name":"全家便利商店","category":"convenience","nameEn":"FamilyMart","brand":"全家便利商店"},"geometry":{"type":"Point","coordinates":[121.511259,25.064391]}},{"type":"Feature","properties":{"id":"osm:node:4841674016","name":"7-Eleven","category":"convenience","brand":"7-Eleven","opening_hours":"24/7","address":"103015臺北市大同區太原路40、42、44號","phone":"+886 2 2559 1974","website":"https://www.7-11.com.tw/","wheelchair":"yes"},"geometry":{"type":"Point","coordinates":[121.515114,25.050427]}},{"type":"Feature","properties":{"id":"osm:node:4848590209","name":"萊爾富","category":"convenience","nameEn":"Hi-Life","brand":"萊爾富","opening_hours":"24/7","address":"241新北市三重區環河南路221巷12號"},"geometry":{"type":"Point","coordinates":[121.491788,25.052302]}},{"type":"Feature","properties":{"id":"osm:node:4848590223","name":"全家便利商店","category":"convenience","nameEn":"FamilyMart","brand":"全家便利商店","opening_hours":"24/7","address":"220083新北市板橋區三民路二段203之9號","website":"https://www.family.com.tw/"},"geometry":{"type":"Point","coordinates":[121.479192,25.013352]}},{"type":"Feature","properties":{"id":"osm:node:4848590226","name":"7-Eleven","category":"convenience","brand":"7-Eleven","opening_hours":"24/7","address":"220079新北市板橋區三民路二段202之20、202之21號","phone":"+886 2 2962 2750","website":"https://www.7-11.com.tw/"},"geometry":{"type":"Point","coordinates":[121.478793,25.013268]}},{"type":"Feature","properties":{"id":"osm:node:4850880822","name":"全家便利商店","category":"convenience","nameEn":"FamilyMart","brand":"全家便利商店","address":"110臺北市信義區中坡北路23號","wheelchair":"no"},"geometry":{"type":"Point","coordinates":[121.580825,25.045003]}},{"type":"Feature","properties":{"id":"osm:node:4858750216","name":"萊爾富","category":"convenience","nameEn":"Hi-Life","brand":"萊爾富","opening_hours":"24/7","address":"235新北市中和區員山路581巷2號"},"geometry":{"type":"Point","coordinates":[121.478108,25.00938]}},{"type":"Feature","properties":{"id":"osm:node:4858956857","name":"7-Eleven","category":"convenience","brand":"7-Eleven","address":"新北市三重區重新路三段"},"geometry":{"type":"Point","coordinates":[121.492833,25.060525]}},{"type":"Feature","properties":{"id":"osm:node:4858969409","name":"萊爾富","category":"convenience","nameEn":"Hi-Life","brand":"萊爾富","address":"235新北市中和區中板路27號"},"geometry":{"type":"Point","coordinates":[121.483659,25.011864]}},{"type":"Feature","properties":{"id":"osm:node:4865690021","name":"全家便利商店","category":"convenience","nameEn":"FamilyMart","brand":"全家便利商店","wheelchair":"no"},"geometry":{"type":"Point","coordinates":[121.565451,25.061184]}},{"type":"Feature","properties":{"id":"osm:node:4872067606","name":"全家便利商店","category":"convenience","nameEn":"FamilyMart","brand":"全家便利商店","opening_hours":"24/7","address":"220007新北市板橋區民生路二段230號1樓","phone":"+886 2 2257 9434;+886 2 7723 1360","website":"https://www.family.com.tw/"},"geometry":{"type":"Point","coordinates":[121.469089,25.022065]}},{"type":"Feature","properties":{"id":"osm:node:4873101927","name":"全家便利商店","category":"convenience","nameEn":"FamilyMart","brand":"全家便利商店","opening_hours":"24/7","address":"220082新北市板橋區三民路二段153巷1之3號","phone":"+886 2 2955 8365;+886 2 7730 1976","website":"https://www.family.com.tw/"},"geometry":{"type":"Point","coordinates":[121.479573,25.015022]}},{"type":"Feature","properties":{"id":"osm:node:4873265136","name":"7-Eleven","category":"convenience","brand":"7-Eleven","address":"10845臺北市萬華區成都路96號1樓","phone":"+886 2 2388 2392","website":"https://www.7-11.com.tw/","wheelchair":"yes"},"geometry":{"type":"Point","coordinates":[121.504278,25.043041]}},{"type":"Feature","properties":{"id":"osm:node:4873611352","name":"7-Eleven","category":"convenience","brand":"7-Eleven","opening_hours":"24/7","address":"10846臺北市萬華區西寧南路80號","phone":"+886 2 2370 8471","website":"https://www.7-11.com.tw/","wheelchair":"yes"},"geometry":{"type":"Point","coordinates":[121.505821,25.042448]}},{"type":"Feature","properties":{"id":"osm:node:4874240489","name":"7-Eleven","category":"convenience","brand":"7-Eleven","opening_hours":"24/7","address":"10043臺北市中正區延平南路47號","phone":"+886 2 2312 2424","website":"https://www.7-11.com.tw/","wheelchair":"yes"},"geometry":{"type":"Point","coordinates":[121.510536,25.044894]}},{"type":"Feature","properties":{"id":"osm:node:4874240490","name":"7-Eleven","category":"convenience","brand":"7-Eleven","opening_hours":"24/7","address":"10044臺北市中正區漢口街一段82號1樓","phone":"+886 2 2312 2948","website":"https://www.7-11.com.tw/"},"geometry":{"type":"Point","coordinates":[121.512226,25.045071]}},{"type":"Feature","properties":{"id":"osm:node:4874240491","name":"7-Eleven","category":"convenience","brand":"7-Eleven","opening_hours":"24/7","address":"10044臺北市中正區開封街一段40、42號1樓","phone":"+886 2 2311 9208","website":"https://www.7-11.com.tw/","wheelchair":"yes"},"geometry":{"type":"Point","coordinates":[121.512203,25.045873]}},{"type":"Feature","properties":{"id":"osm:node:4874402922","name":"全家便利商店","category":"convenience","nameEn":"FamilyMart","brand":"全家便利商店"},"geometry":{"type":"Point","coordinates":[121.470305,25.02691]}},{"type":"Feature","properties":{"id":"osm:node:4876298528","name":"7-Eleven","category":"convenience","brand":"7-Eleven","opening_hours":"24/7","address":"220080新北市板橋區中山路二段304、306號","phone":"+886 2 2963 3922","website":"https://www.7-11.com.tw/"},"geometry":{"type":"Point","coordinates":[121.479934,25.018859]}},{"type":"Feature","properties":{"id":"osm:node:4880303578","name":"全家便利商店","category":"convenience","nameEn":"FamilyMart","brand":"全家便利商店","opening_hours":"24/7","address":"241新北市三重區長壽西街1號"},"geometry":{"type":"Point","coordinates":[121.498032,25.067685]}},{"type":"Feature","properties":{"id":"osm:node:4880303579","name":"7-Eleven","category":"convenience","brand":"7-Eleven","opening_hours":"24/7","address":"241新北市三重區重陽路三段11號"},"geometry":{"type":"Point","coordinates":[121.489184,25.066421]}},{"type":"Feature","properties":{"id":"osm:node:4880303580","name":"全家便利商店","category":"convenience","nameEn":"FamilyMart","brand":"全家便利商店","opening_hours":"24/7","address":"241新北市三重區重陽路一段109號"},"geometry":{"type":"Point","coordinates":[121.486869,25.059855]}},{"type":"Feature","properties":{"id":"osm:node:4880303581","name":"7-Eleven","category":"convenience","brand":"7-Eleven","address":"241新北市三重區過圳街16號"},"geometry":{"type":"Point","coordinates":[121.488786,25.058849]}},{"type":"Feature","properties":{"id":"osm:node:4896575001","name":"全家便利商店","category":"convenience","nameEn":"FamilyMart","brand":"全家便利商店","opening_hours":"24/7","address":"新北市三重區過圳街"},"geometry":{"type":"Point","coordinates":[121.489212,25.058752]}},{"type":"Feature","properties":{"id":"osm:node:4896575002","name":"全家便利商店","category":"convenience","nameEn":"FamilyMart","brand":"全家便利商店","opening_hours":"24/7","address":"241新北市三重區中正南路184號"},"geometry":{"type":"Point","coordinates":[121.494102,25.056378]}},{"type":"Feature","properties":{"id":"osm:node:4896575003","name":"7-Eleven","category":"convenience","brand":"7-Eleven","opening_hours":"24/7","address":"241新北市三重區中正南路248-1號"},"geometry":{"type":"Point","coordinates":[121.493429,25.053736]}},{"type":"Feature","properties":{"id":"osm:node:4897384542","name":"7-Eleven","category":"convenience","brand":"7-Eleven","opening_hours":"24/7","address":"241新北市三重區正義南路13號"},"geometry":{"type":"Point","coordinates":[121.497896,25.061619]}},{"type":"Feature","properties":{"id":"osm:node:4897384543","name":"全家便利商店","category":"convenience","nameEn":"FamilyMart","brand":"全家便利商店","opening_hours":"24/7","address":"241新北市三重區重新路二段78號"},"geometry":{"type":"Point","coordinates":[121.497773,25.061851]}},{"type":"Feature","properties":{"id":"osm:node:4899588538","name":"萊爾富","category":"convenience","nameEn":"Hi-Life","brand":"萊爾富","opening_hours":"24/7","address":"105臺北市松山區撫遠街369巷36號"},"geometry":{"type":"Point","coordinates":[121.56598,25.064269]}},{"type":"Feature","properties":{"id":"osm:node:4911177349","name":"7-Eleven","category":"convenience","brand":"7-Eleven","opening_hours":"24/7","address":"106010臺北市大安區和平東路一段129之1號","phone":"+886 2 2351 9957","website":"https://www.7-11.com.tw/","wheelchair":"yes"},"geometry":{"type":"Point","coordinates":[121.529351,25.0268]}},{"type":"Feature","properties":{"id":"osm:node:4928425253","name":"7-Eleven","category":"convenience","brand":"7-Eleven","address":"104台北市中山區建國北路一段156號"},"geometry":{"type":"Point","coordinates":[121.536363,25.051526]}},{"type":"Feature","properties":{"id":"osm:node:4928425280","name":"松林商店","category":"convenience","address":"臺北市中山區南京東路二段21巷9號"},"geometry":{"type":"Point","coordinates":[121.528697,25.052746]}},{"type":"Feature","properties":{"id":"osm:node:4943766919","name":"萊爾富","category":"convenience","nameEn":"Hi-Life","brand":"萊爾富"},"geometry":{"type":"Point","coordinates":[121.518807,25.052371]}},{"type":"Feature","properties":{"id":"osm:node:4946808922","name":"萊爾富","category":"convenience","nameEn":"Hi-Life","brand":"萊爾富","address":"臺北市內湖區江南街111號"},"geometry":{"type":"Point","coordinates":[121.576586,25.076545]}},{"type":"Feature","properties":{"id":"osm:node:4953075493","name":"7-Eleven","category":"convenience","brand":"7-Eleven","opening_hours":"24/7","address":"103023臺北市大同區民生西路214、216號1樓","phone":"+886 2 2550 8002","website":"https://www.7-11.com.tw/"},"geometry":{"type":"Point","coordinates":[121.51498,25.056871]}},{"type":"Feature","properties":{"id":"osm:node:4979624674","name":"台糖專櫃門市部春林店","category":"convenience"},"geometry":{"type":"Point","coordinates":[121.491156,25.070483]}},{"type":"Feature","properties":{"id":"osm:node:4992791823","name":"義美食品","category":"convenience","brand":"義美食品","opening_hours":"Mo-Su 08:00-22:00"},"geometry":{"type":"Point","coordinates":[121.655417,25.063315]}},{"type":"Feature","properties":{"id":"osm:node:4996817888","name":"萊爾富","category":"convenience","nameEn":"Hi-Life","brand":"萊爾富"},"geometry":{"type":"Point","coordinates":[121.571873,24.980219]}},{"type":"Feature","properties":{"id":"osm:node:5016018389","name":"7-Eleven","category":"convenience","brand":"7-Eleven","opening_hours":"24/7"},"geometry":{"type":"Point","coordinates":[121.505132,25.09229]}},{"type":"Feature","properties":{"id":"osm:node:5021066121","name":"7-Eleven","category":"convenience","nameEn":"7-Eleven","brand":"7-Eleven"},"geometry":{"type":"Point","coordinates":[121.591962,25.086091]}},{"type":"Feature","properties":{"id":"osm:node:5044016323","name":"全家便利商店","category":"convenience","nameEn":"FamilyMart","brand":"全家便利商店","wheelchair":"yes"},"geometry":{"type":"Point","coordinates":[121.492075,25.073412]}},{"type":"Feature","properties":{"id":"osm:node:5046089437","name":"萊爾富","category":"convenience","nameEn":"Hi-Life","brand":"萊爾富"},"geometry":{"type":"Point","coordinates":[121.483444,25.06425]}},{"type":"Feature","properties":{"id":"osm:node:5046089438","name":"全家便利商店","category":"convenience","nameEn":"FamilyMart","brand":"全家便利商店"},"geometry":{"type":"Point","coordinates":[121.483053,25.064529]}},{"type":"Feature","properties":{"id":"osm:node:5046112895","name":"全家便利商店","category":"convenience","nameEn":"FamilyMart","brand":"全家便利商店"},"geometry":{"type":"Point","coordinates":[121.489531,25.069142]}},{"type":"Feature","properties":{"id":"osm:node:5048161955","name":"全家便利商店","category":"convenience","nameEn":"FamilyMart","brand":"全家便利商店","opening_hours":"24/7","address":"11252臺北市北投區中和街328號","phone":"+886-2-2892-4021;+886-2-7723-0437","website":"https://www.family.com.tw/"},"geometry":{"type":"Point","coordinates":[121.499701,25.141182]}},{"type":"Feature","properties":{"id":"osm:node:5049746824","name":"全家便利商店","category":"convenience","nameEn":"FamilyMart","brand":"全家便利商店","opening_hours":"24/7","address":"11264臺北市北投區清江路1號","phone":"+886-2-2897-0433;+886-2-7723-0430","website":"https://www.family.com.tw/"},"geometry":{"type":"Point","coordinates":[121.501419,25.131765]}},{"type":"Feature","properties":{"id":"osm:node:5049921326","name":"7-Eleven","category":"convenience","brand":"7-Eleven","address":"10001臺北市中正區中山南路20號B1","phone":"+886-2-2314-1506","website":"https://www.7-11.com.tw/"},"geometry":{"type":"Point","coordinates":[121.516807,25.037607]}},{"type":"Feature","properties":{"id":"osm:node:5049921328","name":"全家便利商店","category":"convenience","nameEn":"FamilyMart","brand":"全家便利商店","address":"10048臺北市中正區信義路一段1號","phone":"+886-2-2356-4259;+886-2-7729-2130","website":"https://www.family.com.tw/"},"geometry":{"type":"Point","coordinates":[121.519216,25.038442]}},{"type":"Feature","properties":{"id":"osm:node:5056165225","name":"7-Eleven","category":"convenience","brand":"7-Eleven"},"geometry":{"type":"Point","coordinates":[121.460871,25.023351]}},{"type":"Feature","properties":{"id":"osm:node:5074815521","name":"全家便利商店","category":"convenience","nameEn":"FamilyMart","brand":"全家便利商店"},"geometry":{"type":"Point","coordinates":[121.57707,25.04626]}},{"type":"Feature","properties":{"id":"osm:node:5076454821","name":"全家便利商店","category":"convenience","nameEn":"FamilyMart","brand":"全家便利商店"},"geometry":{"type":"Point","coordinates":[121.453021,25.015954]}},{"type":"Feature","properties":{"id":"osm:node:5079150023","name":"全家便利商店","category":"convenience","nameEn":"FamilyMart","brand":"全家便利商店"},"geometry":{"type":"Point","coordinates":[121.471997,25.049334]}},{"type":"Feature","properties":{"id":"osm:node:5083921531","name":"全家便利商店X天和鮮物","category":"convenience","brand":"全家便利商店","address":"116台北市文山區羅斯福路六段146-1號","wheelchair":"yes"},"geometry":{"type":"Point","coordinates":[121.540856,24.995793]}},{"type":"Feature","properties":{"id":"osm:node:5088772963","name":"全家便利商店","category":"convenience","nameEn":"FamilyMart","brand":"全家便利商店","address":"108台北市萬華區廣州街235之2號","wheelchair":"yes"},"geometry":{"type":"Point","coordinates":[121.498721,25.036797]}},{"type":"Feature","properties":{"id":"osm:node:5088772965","name":"萊爾富","category":"convenience","nameEn":"Hi-Life","brand":"萊爾富","opening_hours":"24/7","address":"108016臺北市萬華區西園路一段168、170號","phone":"+886 2 8978 1042","wheelchair":"yes"},"geometry":{"type":"Point","coordinates":[121.499235,25.036782]}},{"type":"Feature","properties":{"id":"osm:node:5088772974","name":"7-Eleven","category":"convenience","brand":"7-Eleven","wheelchair":"limited"},"geometry":{"type":"Point","coordinates":[121.498837,25.0348]}},{"type":"Feature","properties":{"id":"osm:node:5095512221","name":"7-Eleven","category":"convenience","brand":"7-Eleven"},"geometry":{"type":"Point","coordinates":[121.497792,25.03838]}},{"type":"Feature","properties":{"id":"osm:node:5095512244","name":"7-Eleven","category":"convenience","brand":"7-Eleven","opening_hours":"24/7","address":"108012臺北市萬華區桂林路55號","phone":"+886 2 2389 2844","website":"https://www.7-11.com.tw/","wheelchair":"yes"},"geometry":{"type":"Point","coordinates":[121.503076,25.038288]}},{"type":"Feature","properties":{"id":"osm:node:5095512251","name":"7-Eleven","category":"convenience","brand":"7-Eleven"},"geometry":{"type":"Point","coordinates":[121.50375,25.036646]}},{"type":"Feature","properties":{"id":"osm:node:5101629277","name":"7-Eleven","category":"convenience","brand":"7-Eleven"},"geometry":{"type":"Point","coordinates":[121.533752,24.985618]}},{"type":"Feature","properties":{"id":"osm:node:5102058921","name":"7-Eleven","category":"convenience","brand":"7-Eleven"},"geometry":{"type":"Point","coordinates":[121.537095,25.023069]}},{"type":"Feature","properties":{"id":"osm:node:5102379624","name":"7-Eleven","category":"convenience","brand":"7-Eleven","opening_hours":"24/7"},"geometry":{"type":"Point","coordinates":[121.558123,25.052086]}},{"type":"Feature","properties":{"id":"osm:node:5108661226","name":"7-Eleven","category":"convenience","brand":"7-Eleven","opening_hours":"24/7","address":"台北市大安區和平東路二段169號","wheelchair":"yes"},"geometry":{"type":"Point","coordinates":[121.531814,25.026525]}},{"type":"Feature","properties":{"id":"osm:node:5108709475","name":"全家便利商店","category":"convenience","nameEn":"FamilyMart","brand":"全家便利商店","address":"116台北市文山區景興路202巷14號"},"geometry":{"type":"Point","coordinates":[121.543116,24.992051]}},{"type":"Feature","properties":{"id":"osm:node:5109347817","name":"7-Eleven","category":"convenience","brand":"7-Eleven","address":"106臺北市大安區泰順街13號","wheelchair":"yes"},"geometry":{"type":"Point","coordinates":[121.531555,25.02511]}},{"type":"Feature","properties":{"id":"osm:node:5110245054","name":"全家便利商店","category":"convenience","nameEn":"FamilyMart","brand":"全家便利商店","address":"臺北市中正區羅斯福路二段240號","wheelchair":"no"},"geometry":{"type":"Point","coordinates":[121.522973,25.025929]}},{"type":"Feature","properties":{"id":"osm:node:5110348195","name":"全家便利商店","category":"convenience","nameEn":"FamilyMart","brand":"全家便利商店","opening_hours":"24/7"},"geometry":{"type":"Point","coordinates":[121.574163,25.042259]}},{"type":"Feature","properties":{"id":"osm:node:5110348199","name":"全家便利商店","category":"convenience","nameEn":"FamilyMart","brand":"全家便利商店","address":"110台北市信義區松山路281號"},"geometry":{"type":"Point","coordinates":[121.578017,25.043046]}},{"type":"Feature","properties":{"id":"osm:node:5110348216","name":"全家便利商店","category":"convenience","nameEn":"FamilyMart","brand":"全家便利商店"},"geometry":{"type":"Point","coordinates":[121.576198,25.043379]}},{"type":"Feature","properties":{"id":"osm:node:5110348552","name":"7-Eleven","category":"convenience","brand":"7-Eleven"},"geometry":{"type":"Point","coordinates":[121.571476,25.050757]}},{"type":"Feature","properties":{"id":"osm:node:5110348563","name":"萊爾富","category":"convenience","nameEn":"Hi-Life","brand":"萊爾富","opening_hours":"Mo-Su 00:00-00:00"},"geometry":{"type":"Point","coordinates":[121.570179,25.045829]}},{"type":"Feature","properties":{"id":"osm:node:5110348585","name":"7-Eleven","category":"convenience","brand":"7-Eleven"},"geometry":{"type":"Point","coordinates":[121.580496,25.050449]}},{"type":"Feature","properties":{"id":"osm:node:5110348624","name":"OK超商","category":"convenience","nameEn":"OK mart","brand":"OK超商","opening_hours":"24/7","wheelchair":"no"},"geometry":{"type":"Point","coordinates":[121.556602,25.021911]}},{"type":"Feature","properties":{"id":"osm:node:5110348651","name":"7-Eleven","category":"convenience","brand":"7-Eleven"},"geometry":{"type":"Point","coordinates":[121.548028,25.045185]}},{"type":"Feature","properties":{"id":"osm:node:5110348663","name":"7-Eleven","category":"convenience","brand":"7-Eleven","address":"105台北市松山區復興南路一段44號"},"geometry":{"type":"Point","coordinates":[121.544113,25.045611]}},{"type":"Feature","properties":{"id":"osm:node:5110348684","name":"全家便利商店","category":"convenience","nameEn":"FamilyMart","brand":"全家便利商店","opening_hours":"24/7","address":"105台北市松山區南京東路四段56-1號"},"geometry":{"type":"Point","coordinates":[121.553953,25.051398]}},{"type":"Feature","properties":{"id":"osm:node:5110348693","name":"7-Eleven","category":"convenience","brand":"7-Eleven","address":"臺北市","wheelchair":"limited"},"geometry":{"type":"Point","coordinates":[121.556853,25.042433]}},{"type":"Feature","properties":{"id":"osm:node:5110348694","name":"7-Eleven","category":"convenience","brand":"7-Eleven"},"geometry":{"type":"Point","coordinates":[121.5575,25.044004]}},{"type":"Feature","properties":{"id":"osm:node:5110348696","name":"OK超商","category":"convenience","nameEn":"OK mart","brand":"OK超商"},"geometry":{"type":"Point","coordinates":[121.557542,25.049316]}},{"type":"Feature","properties":{"id":"osm:node:5110348698","name":"萊爾富","category":"convenience","nameEn":"Hi-Life","brand":"萊爾富","address":"105台北市松山區光復北路102號"},"geometry":{"type":"Point","coordinates":[121.557602,25.050554]}},{"type":"Feature","properties":{"id":"osm:node:5110348701","name":"全家便利商店","category":"convenience","nameEn":"FamilyMart","brand":"全家便利商店"},"geometry":{"type":"Point","coordinates":[121.555251,25.053211]}},{"type":"Feature","properties":{"id":"osm:node:5110348703","name":"7-Eleven","category":"convenience","brand":"7-Eleven"},"geometry":{"type":"Point","coordinates":[121.552501,25.053198]}},{"type":"Feature","properties":{"id":"osm:node:5110348714","name":"全家便利商店","category":"convenience","nameEn":"FamilyMart","brand":"全家便利商店"},"geometry":{"type":"Point","coordinates":[121.555245,25.051792]}},{"type":"Feature","properties":{"id":"osm:node:5110348739","name":"全家便利商店","category":"convenience","nameEn":"FamilyMart","brand":"全家便利商店"},"geometry":{"type":"Point","coordinates":[121.562723,25.049497]}},{"type":"Feature","properties":{"id":"osm:node:5110348744","name":"萊爾富","category":"convenience","nameEn":"Hi-Life","brand":"萊爾富"},"geometry":{"type":"Point","coordinates":[121.565977,25.050534]}},{"type":"Feature","properties":{"id":"osm:node:5110348750","name":"義美食品","category":"convenience","brand":"義美食品"},"geometry":{"type":"Point","coordinates":[121.565158,25.051573]}},{"type":"Feature","properties":{"id":"osm:node:5110348763","name":"全家便利商店","category":"convenience","nameEn":"FamilyMart","brand":"全家便利商店","address":"106臺北市大安區信義路四段265巷8號"},"geometry":{"type":"Point","coordinates":[121.554171,25.033683]}},{"type":"Feature","properties":{"id":"osm:node:5110348765","name":"7-Eleven","category":"convenience","brand":"7-Eleven"},"geometry":{"type":"Point","coordinates":[121.554407,25.034306]}},{"type":"Feature","properties":{"id":"osm:node:5110348769","name":"全家便利商店","category":"convenience","nameEn":"FamilyMart","brand":"全家便利商店","address":"106臺北市大安區光復南路418號"},"geometry":{"type":"Point","coordinates":[121.55731,25.036638]}},{"type":"Feature","properties":{"id":"osm:node:5110348789","name":"7-Eleven","category":"convenience","brand":"7-Eleven","address":"110台北市信義區松山路136號"},"geometry":{"type":"Point","coordinates":[121.577587,25.047257]}},{"type":"Feature","properties":{"id":"osm:node:5110348805","name":"7-Eleven","category":"convenience","brand":"7-Eleven","address":"106臺北市大安區通安街64號"},"geometry":{"type":"Point","coordinates":[121.55315,25.030723]}},{"type":"Feature","properties":{"id":"osm:node:5110349499","name":"INDO TOP東南亞","category":"convenience"},"geometry":{"type":"Point","coordinates":[121.590244,25.081747]}},{"type":"Feature","properties":{"id":"osm:node:5110349516","name":"7-Eleven","category":"convenience","brand":"7-Eleven","wheelchair":"yes"},"geometry":{"type":"Point","coordinates":[121.600104,25.084475]}},{"type":"Feature","properties":{"id":"osm:node:5110488702","name":"萊爾富","category":"convenience","nameEn":"Hi-Life","brand":"萊爾富","wheelchair":"yes"},"geometry":{"type":"Point","coordinates":[121.505925,25.040501]}},{"type":"Feature","properties":{"id":"osm:node:5110488715","name":"維康醫療用品(北馬院外店)","category":"convenience","opening_hours":"Mo-Su 08:00-19:00","address":"104台北市中山區民生西路3巷6之1號"},"geometry":{"type":"Point","coordinates":[121.521713,25.059324]}},{"type":"Feature","properties":{"id":"osm:node:5110488937","name":"7-Eleven","category":"convenience","brand":"7-Eleven"},"geometry":{"type":"Point","coordinates":[121.549105,25.084041]}},{"type":"Feature","properties":{"id":"osm:node:5110488977","name":"OK超商","category":"convenience","nameEn":"OK mart","brand":"OK超商","opening_hours":"06:00-24:00","address":"116009臺北市文山區興隆路四段55號一樓","phone":"+886 2 6617 2463","website":"https://www.okmart.com.tw"},"geometry":{"type":"Point","coordinates":[121.559912,24.989714]}},{"type":"Feature","properties":{"id":"osm:node:5110488982","name":"全家便利商店","category":"convenience","nameEn":"FamilyMart","brand":"全家便利商店","address":"116台北市文山區興隆路三段207巷11弄2號"},"geometry":{"type":"Point","coordinates":[121.561482,24.994912]}},{"type":"Feature","properties":{"id":"osm:node:5110489241","name":"7-Eleven","category":"convenience","brand":"7-Eleven","opening_hours":"24/7","address":"103008臺北市大同區重慶北路二段60號","phone":"+886 2 2556 5584","website":"https://www.7-11.com.tw/","wheelchair":"yes"},"geometry":{"type":"Point","coordinates":[121.513826,25.055797]}},{"type":"Feature","properties":{"id":"osm:node:5110489253","name":"全家便利商店","category":"convenience","nameEn":"FamilyMart","brand":"全家便利商店","opening_hours":"24/7"},"geometry":{"type":"Point","coordinates":[121.523069,25.057449]}},{"type":"Feature","properties":{"id":"osm:node:5110489258","name":"7-Eleven","category":"convenience","brand":"7-Eleven"},"geometry":{"type":"Point","coordinates":[121.514062,25.073919]}},{"type":"Feature","properties":{"id":"osm:node:5110489300","name":"全家便利商店","category":"convenience","nameEn":"FamilyMart","brand":"全家便利商店"},"geometry":{"type":"Point","coordinates":[121.525333,25.056168]}},{"type":"Feature","properties":{"id":"osm:node:5110489302","name":"7-Eleven","category":"convenience","brand":"7-Eleven","opening_hours":"24/7","address":"104台北市中山區林森北路310巷10號一樓","phone":"+886 2 25719203","website":"https://www.7-11.com.tw/"},"geometry":{"type":"Point","coordinates":[121.524789,25.056039]}},{"type":"Feature","properties":{"id":"osm:node:5110489303","name":"7-Eleven","category":"convenience","brand":"7-Eleven"},"geometry":{"type":"Point","coordinates":[121.523328,25.057617]}},{"type":"Feature","properties":{"id":"osm:node:5110489306","name":"萊爾富","category":"convenience","nameEn":"Hi-Life","brand":"萊爾富","address":"104台北市中山區中山北路二段65巷13號"},"geometry":{"type":"Point","coordinates":[121.524131,25.057186]}},{"type":"Feature","properties":{"id":"osm:node:5110489307","name":"全家便利商店","category":"convenience","nameEn":"FamilyMart","brand":"全家便利商店","opening_hours":"24/7","address":"10451臺北市中山區民生東路一段41號","phone":"+886-2-2543-4549","website":"https://www.family.com.tw/"},"geometry":{"type":"Point","coordinates":[121.525748,25.058183]}},{"type":"Feature","properties":{"id":"osm:node:5110489723","name":"萊爾富","category":"convenience","nameEn":"Hi-Life","brand":"萊爾富"},"geometry":{"type":"Point","coordinates":[121.529078,25.059053]}},{"type":"Feature","properties":{"id":"osm:node:5110489804","name":"全家便利商店","category":"convenience","nameEn":"FamilyMart","brand":"全家便利商店","wheelchair":"limited"},"geometry":{"type":"Point","coordinates":[121.507416,25.041728]}},{"type":"Feature","properties":{"id":"osm:node:5110490222","name":"OK超商","category":"convenience","nameEn":"OK mart","brand":"OK超商"},"geometry":{"type":"Point","coordinates":[121.504764,25.047022]}},{"type":"Feature","properties":{"id":"osm:node:5110490228","name":"7-Eleven","category":"convenience","brand":"7-Eleven","address":"108台北市萬華區昆明街30之1;30之2號","wheelchair":"limited"},"geometry":{"type":"Point","coordinates":[121.505927,25.047082]}},{"type":"Feature","properties":{"id":"osm:node:5110490235","name":"蝦皮店到店","category":"convenience","opening_hours":"Mo-Su 10:30-22:00","address":"台北市萬華區漢中街2號"},"geometry":{"type":"Point","coordinates":[121.507836,25.046103]}},{"type":"Feature","properties":{"id":"osm:node:5110490271","name":"7-Eleven","category":"convenience","brand":"7-Eleven"},"geometry":{"type":"Point","coordinates":[121.526575,25.054999]}},{"type":"Feature","properties":{"id":"osm:node:5110490277","name":"OK超商","category":"convenience","nameEn":"OK mart","brand":"OK超商"},"geometry":{"type":"Point","coordinates":[121.529084,25.057013]}},{"type":"Feature","properties":{"id":"osm:node:5110490309","name":"全家便利商店","category":"convenience","nameEn":"FamilyMart","brand":"全家便利商店","address":"10446臺北市中山區中山北路二段59-3號"},"geometry":{"type":"Point","coordinates":[121.522994,25.056004]}},{"type":"Feature","properties":{"id":"osm:node:5110491038","name":"全家便利商店","category":"convenience","nameEn":"FamilyMart","brand":"全家便利商店","opening_hours":"24/7"},"geometry":{"type":"Point","coordinates":[121.525418,25.060023]}},{"type":"Feature","properties":{"id":"osm:node:5110491054","name":"TIPANAN PHILIPPINE GOODS","category":"convenience"},"geometry":{"type":"Point","coordinates":[121.523125,25.06338]}},{"type":"Feature","properties":{"id":"osm:node:5110491056","name":"全家便利商店","category":"convenience","nameEn":"FamilyMart","brand":"全家便利商店"},"geometry":{"type":"Point","coordinates":[121.521195,25.062584]}},{"type":"Feature","properties":{"id":"osm:node:5110501347","name":"全家便利商店","category":"convenience","nameEn":"FamilyMart","brand":"全家便利商店","wheelchair":"yes"},"geometry":{"type":"Point","coordinates":[121.525503,25.108916]}},{"type":"Feature","properties":{"id":"osm:node:5110501365","name":"OK超商","category":"convenience","nameEn":"OK mart","brand":"OK超商"},"geometry":{"type":"Point","coordinates":[121.526804,25.122727]}},{"type":"Feature","properties":{"id":"osm:node:5129883743","name":"7-Eleven","category":"convenience","brand":"7-Eleven","wheelchair":"limited"},"geometry":{"type":"Point","coordinates":[121.454769,25.054208]}},{"type":"Feature","properties":{"id":"osm:node:5137654413","name":"全家便利商店","category":"convenience","nameEn":"FamilyMart","brand":"全家便利商店"},"geometry":{"type":"Point","coordinates":[121.526253,25.064791]}},{"type":"Feature","properties":{"id":"osm:node:5147406750","name":"OK超商","category":"convenience","nameEn":"OK mart","brand":"OK超商","wheelchair":"limited"},"geometry":{"type":"Point","coordinates":[121.531809,25.063157]}},{"type":"Feature","properties":{"id":"osm:node:5147406751","name":"7-Eleven","category":"convenience","brand":"7-Eleven"},"geometry":{"type":"Point","coordinates":[121.530452,25.06495]}},{"type":"Feature","properties":{"id":"osm:node:5149059823","name":"全家便利商店","category":"convenience","nameEn":"FamilyMart","brand":"全家便利商店"},"geometry":{"type":"Point","coordinates":[121.567999,25.086492]}},{"type":"Feature","properties":{"id":"osm:node:5151374122","name":"7-Eleven","category":"convenience","brand":"7-Eleven","opening_hours":"24/7","address":"111臺北市士林區臨溪路70號一樓B棟","phone":"+886 228835820","wheelchair":"yes"},"geometry":{"type":"Point","coordinates":[121.546622,25.094001]}},{"type":"Feature","properties":{"id":"osm:node:5151455036","name":"7-Eleven","category":"convenience","brand":"7-Eleven","wheelchair":"limited"},"geometry":{"type":"Point","coordinates":[121.500055,25.033482]}},{"type":"Feature","properties":{"id":"osm:node:5160622082","name":"7-Eleven","category":"convenience","brand":"7-Eleven"},"geometry":{"type":"Point","coordinates":[121.53758,25.112394]}},{"type":"Feature","properties":{"id":"osm:node:5160651963","name":"全家便利商店","category":"convenience","nameEn":"FamilyMart","brand":"全家便利商店","opening_hours":"24/7","address":"220029新北市板橋區光武街22號","phone":"+886 2 2255 9113;+886 2 7713 6195","website":"https://www.family.com.tw/"},"geometry":{"type":"Point","coordinates":[121.46774,25.025464]}},{"type":"Feature","properties":{"id":"osm:node:5162301032","name":"全家便利商店","category":"convenience","nameEn":"FamilyMart","brand":"全家便利商店"},"geometry":{"type":"Point","coordinates":[121.514543,25.008615]}},{"type":"Feature","properties":{"id":"osm:node:5162301033","name":"7-Eleven","category":"convenience","brand":"7-Eleven"},"geometry":{"type":"Point","coordinates":[121.514038,25.008959]}},{"type":"Feature","properties":{"id":"osm:node:5162707822","name":"全家便利商店","category":"convenience","nameEn":"FamilyMart","brand":"全家便利商店","opening_hours":"24/7"},"geometry":{"type":"Point","coordinates":[121.549697,25.043578]}},{"type":"Feature","properties":{"id":"osm:node:5164477522","name":"OK超商","category":"convenience","nameEn":"OK mart","brand":"OK超商","address":"台北市士林區中山北路五段702號","wheelchair":"yes"},"geometry":{"type":"Point","coordinates":[121.527579,25.097831]}},{"type":"Feature","properties":{"id":"osm:node:5181308623","name":"義美食品","category":"convenience","brand":"義美食品","address":"111台北市士林區中山北路六段260號","wheelchair":"yes"},"geometry":{"type":"Point","coordinates":[121.52554,25.109552]}},{"type":"Feature","properties":{"id":"osm:node:5181394828","name":"7-Eleven","category":"convenience","brand":"7-Eleven","address":"111台北市士林區克強路11-1號","wheelchair":"no"},"geometry":{"type":"Point","coordinates":[121.524386,25.108741]}},{"type":"Feature","properties":{"id":"osm:node:5185289722","name":"OK超商","category":"convenience","nameEn":"OK mart","brand":"OK超商","address":"台北市士林區天母北路12號","wheelchair":"yes"},"geometry":{"type":"Point","coordinates":[121.526233,25.119421]}},{"type":"Feature","properties":{"id":"osm:node:5187735901","name":"7-Eleven","category":"convenience","brand":"7-Eleven","address":"111臺北市士林區忠誠路二段7號","wheelchair":"limited"},"geometry":{"type":"Point","coordinates":[121.530705,25.108975]}},{"type":"Feature","properties":{"id":"osm:node:5187750522","name":"全家便利商店","category":"convenience","nameEn":"FamilyMart","brand":"全家便利商店","address":"111台北市士林區忠誠路二段3號","wheelchair":"limited"},"geometry":{"type":"Point","coordinates":[121.530626,25.108709]}},{"type":"Feature","properties":{"id":"osm:node:5189756722","name":"7-Eleven","category":"convenience","brand":"7-Eleven","address":"111台北市士林區天玉街8號","wheelchair":"yes"},"geometry":{"type":"Point","coordinates":[121.526878,25.119757]}},{"type":"Feature","properties":{"id":"osm:node:5189758923","name":"萊爾富","category":"convenience","nameEn":"Hi-Life","brand":"萊爾富","opening_hours":"24/7","address":"111臺北市士林區天母北路37號","wheelchair":"yes"},"geometry":{"type":"Point","coordinates":[121.526659,25.120437]}},{"type":"Feature","properties":{"id":"osm:node:5201216621","name":"全家便利商店","category":"convenience","nameEn":"FamilyMart","brand":"全家便利商店","address":"111台北市士林區忠誠路二段52號","wheelchair":"no"},"geometry":{"type":"Point","coordinates":[121.530415,25.110833]}},{"type":"Feature","properties":{"id":"osm:node:5201866121","name":"7-Eleven","category":"convenience","brand":"7-Eleven","address":"111台北市士林區文林路530號","wheelchair":"yes"},"geometry":{"type":"Point","coordinates":[121.524164,25.097262]}},{"type":"Feature","properties":{"id":"osm:node:5205509022","name":"義美食品","category":"convenience","brand":"義美食品","address":"111台北市士林區天母西路42號","wheelchair":"yes"},"geometry":{"type":"Point","coordinates":[121.525725,25.118336]}},{"type":"Feature","properties":{"id":"osm:node:5205594521","name":"OK超商","category":"convenience","nameEn":"OK mart","brand":"OK超商","address":"111台北市士林區中山北路六段193號","wheelchair":"no"},"geometry":{"type":"Point","coordinates":[121.52495,25.107825]}},{"type":"Feature","properties":{"id":"osm:node:5215366422","name":"全家便利商店","category":"convenience","nameEn":"FamilyMart","brand":"全家便利商店"},"geometry":{"type":"Point","coordinates":[121.567243,25.078837]}},{"type":"Feature","properties":{"id":"osm:node:5215366423","name":"萊爾富","category":"convenience","nameEn":"Hi-Life","brand":"萊爾富"},"geometry":{"type":"Point","coordinates":[121.567716,25.078946]}},{"type":"Feature","properties":{"id":"osm:node:5219061123","name":"萊爾富","category":"convenience","nameEn":"Hi-Life","brand":"萊爾富","address":"111台北市士林區中山北路六段431號","wheelchair":"yes"},"geometry":{"type":"Point","coordinates":[121.527042,25.114109]}},{"type":"Feature","properties":{"id":"osm:node:5236274722","name":"7-Eleven","category":"convenience","brand":"7-Eleven","address":"111台北市士林區德行東路106號","wheelchair":"yes"},"geometry":{"type":"Point","coordinates":[121.528604,25.107622]}},{"type":"Feature","properties":{"id":"osm:node:5237995512","name":"家樂福超市","category":"convenience","nameEn":"Carrefour Market","brand":"家樂福超市"},"geometry":{"type":"Point","coordinates":[121.520202,25.081182]}},{"type":"Feature","properties":{"id":"osm:node:5242178021","name":"金順興商店","category":"convenience","address":"111台北市士林區大東路140號","wheelchair":"limited"},"geometry":{"type":"Point","coordinates":[121.525493,25.091955]}},{"type":"Feature","properties":{"id":"osm:node:5244067958","name":"碧山商店","category":"convenience","address":"114台北市內湖區碧山路22號"},"geometry":{"type":"Point","coordinates":[121.589001,25.096014]}},{"type":"Feature","properties":{"id":"osm:node:5250518221","name":"全家便利商店","category":"convenience","nameEn":"FamilyMart","brand":"全家便利商店","address":"111臺北市士林區大南路52號","wheelchair":"yes"},"geometry":{"type":"Point","coordinates":[121.524918,25.089385]}},{"type":"Feature","properties":{"id":"osm:node:5255079422","name":"蝦皮店到店","category":"convenience","nameEn":"Shopee Xpress","brand":"蝦皮店到店","opening_hours":"Mo-Su 10:30-22:00","address":"111臺北市士林區德行東路25號一樓"},"geometry":{"type":"Point","coordinates":[121.525911,25.106936]}},{"type":"Feature","properties":{"id":"osm:node:5263780147","name":"7-Eleven","category":"convenience","brand":"7-Eleven"},"geometry":{"type":"Point","coordinates":[121.513777,25.026392]}},{"type":"Feature","properties":{"id":"osm:node:5266028752","name":"7-Eleven","category":"convenience","brand":"7-Eleven"},"geometry":{"type":"Point","coordinates":[121.541494,25.137001]}},{"type":"Feature","properties":{"id":"osm:node:5274670563","name":"萊爾富","category":"convenience","nameEn":"Hi-Life","brand":"萊爾富","opening_hours":"24/7","address":"新北市板橋區江寧路三段49;51號"},"geometry":{"type":"Point","coordinates":[121.471732,25.032105]}},{"type":"Feature","properties":{"id":"osm:node:5276462226","name":"全家便利商店","category":"convenience","nameEn":"FamilyMart","brand":"全家便利商店"},"geometry":{"type":"Point","coordinates":[121.645174,25.008947]}},{"type":"Feature","properties":{"id":"osm:node:5276490175","name":"義美食品","category":"convenience","brand":"義美食品"},"geometry":{"type":"Point","coordinates":[121.64563,25.008865]}},{"type":"Feature","properties":{"id":"osm:node:5280999823","name":"全家便利商店","category":"convenience","nameEn":"FamilyMart","brand":"全家便利商店","opening_hours":"24/7"},"geometry":{"type":"Point","coordinates":[121.472532,25.092035]}},{"type":"Feature","properties":{"id":"osm:node:5280999824","name":"7-Eleven","category":"convenience","brand":"7-Eleven"},"geometry":{"type":"Point","coordinates":[121.476081,25.082175]}},{"type":"Feature","properties":{"id":"osm:node:5281018721","name":"7-Eleven","category":"convenience","brand":"7-Eleven","opening_hours":"24/7"},"geometry":{"type":"Point","coordinates":[121.468473,25.089555]}},{"type":"Feature","properties":{"id":"osm:node:5286707761","name":"全家便利商店","category":"convenience","nameEn":"FamilyMart","brand":"全家便利商店"},"geometry":{"type":"Point","coordinates":[121.661335,25.072993]}},{"type":"Feature","properties":{"id":"osm:node:5286707916","name":"全家便利商店","category":"convenience","nameEn":"FamilyMart","brand":"全家便利商店"},"geometry":{"type":"Point","coordinates":[121.660939,25.069532]}},{"type":"Feature","properties":{"id":"osm:node:5296714743","name":"7-Eleven","category":"convenience","brand":"7-Eleven","opening_hours":"24/7","address":"24142新北市三重區文化南路7號"},"geometry":{"type":"Point","coordinates":[121.500002,25.062364]}},{"type":"Feature","properties":{"id":"osm:node:5298720576","name":"全家便利商店","category":"convenience","nameEn":"FamilyMart","brand":"全家便利商店"},"geometry":{"type":"Point","coordinates":[121.653476,25.062414]}},{"type":"Feature","properties":{"id":"osm:node:5313364683","name":"全家便利商店","category":"convenience","nameEn":"FamilyMart","brand":"全家便利商店"},"geometry":{"type":"Point","coordinates":[121.491432,25.065329]}},{"type":"Feature","properties":{"id":"osm:node:5314427602","name":"全家便利商店","category":"convenience","nameEn":"FamilyMart","brand":"全家便利商店","opening_hours":"24/7"},"geometry":{"type":"Point","coordinates":[121.614144,25.069169]}},{"type":"Feature","properties":{"id":"osm:node:5316036364","name":"7-Eleven","category":"convenience","brand":"7-Eleven"},"geometry":{"type":"Point","coordinates":[121.61053,25.033899]}},{"type":"Feature","properties":{"id":"osm:node:5320062033","name":"7-Eleven","category":"convenience","brand":"7-Eleven","wheelchair":"no"},"geometry":{"type":"Point","coordinates":[121.506366,25.044014]}},{"type":"Feature","properties":{"id":"osm:node:5323075124","name":"OK超商","category":"convenience","nameEn":"OK mart","brand":"OK超商"},"geometry":{"type":"Point","coordinates":[121.50659,24.98111]}},{"type":"Feature","properties":{"id":"osm:node:5328354350","name":"7-Eleven","category":"convenience","brand":"7-Eleven","opening_hours":"24/7","address":"220081新北市板橋區中山路二段412號","phone":"+886 2 2963 6183","website":"https://www.7-11.com.tw/"},"geometry":{"type":"Point","coordinates":[121.482912,25.020764]}},{"type":"Feature","properties":{"id":"osm:node:5342395447","name":"7-Eleven","category":"convenience","brand":"7-Eleven"},"geometry":{"type":"Point","coordinates":[121.452376,25.126274]}},{"type":"Feature","properties":{"id":"osm:node:5342395448","name":"7-Eleven","category":"convenience","brand":"7-Eleven"},"geometry":{"type":"Point","coordinates":[121.4529,25.125819]}},{"type":"Feature","properties":{"id":"osm:node:5351182125","name":"全家便利商店","category":"convenience","nameEn":"FamilyMart","brand":"全家便利商店","opening_hours":"24/7"},"geometry":{"type":"Point","coordinates":[121.546578,25.080844]}},{"type":"Feature","properties":{"id":"osm:node:5351185322","name":"萊爾富","category":"convenience","nameEn":"Hi-Life","brand":"萊爾富","opening_hours":"24/7","address":"臺北市南港區玉成街82號"},"geometry":{"type":"Point","coordinates":[121.582849,25.046249]}},{"type":"Feature","properties":{"id":"osm:node:5363425592","name":"7-Eleven","category":"convenience","brand":"7-Eleven","opening_hours":"24/7"},"geometry":{"type":"Point","coordinates":[121.534673,25.125734]}},{"type":"Feature","properties":{"id":"osm:node:5365289460","name":"7-Eleven","category":"convenience","brand":"7-Eleven"},"geometry":{"type":"Point","coordinates":[121.562057,25.025847]}},{"type":"Feature","properties":{"id":"osm:node:5369266470","name":"OK超商","category":"convenience","nameEn":"OK mart","brand":"OK超商"},"geometry":{"type":"Point","coordinates":[121.59218,25.087953]}},{"type":"Feature","properties":{"id":"osm:node:5396119310","name":"萊爾富","category":"convenience","nameEn":"Hi-Life","brand":"萊爾富"},"geometry":{"type":"Point","coordinates":[121.508403,24.97895]}},{"type":"Feature","properties":{"id":"osm:node:5447162861","name":"全家便利商店","category":"convenience","nameEn":"FamilyMart","brand":"全家便利商店"},"geometry":{"type":"Point","coordinates":[121.501137,25.010062]}},{"type":"Feature","properties":{"id":"osm:node:5458657198","name":"7-Eleven","category":"convenience","brand":"7-Eleven"},"geometry":{"type":"Point","coordinates":[121.525318,25.054632]}},{"type":"Feature","properties":{"id":"osm:node:5466056566","name":"全家便利商店","category":"convenience","nameEn":"FamilyMart","brand":"全家便利商店","address":"116台北市文山區木柵路三段148;150號","phone":"+886-2-77096562;+886-2-29362952"},"geometry":{"type":"Point","coordinates":[121.568711,24.988802]}},{"type":"Feature","properties":{"id":"osm:node:5467695066","name":"7-Eleven","category":"convenience","brand":"7-Eleven"},"geometry":{"type":"Point","coordinates":[121.531031,25.118611]}},{"type":"Feature","properties":{"id":"osm:node:5480405723","name":"全家便利商店","category":"convenience","nameEn":"FamilyMart","brand":"全家便利商店"},"geometry":{"type":"Point","coordinates":[121.543816,25.053234]}},{"type":"Feature","properties":{"id":"osm:node:5483729836","name":"義美食品","category":"convenience","brand":"義美食品","wheelchair":"yes"},"geometry":{"type":"Point","coordinates":[121.543902,25.032954]}},{"type":"Feature","properties":{"id":"osm:node:5483729838","name":"7-Eleven","category":"convenience","brand":"7-Eleven","opening_hours":"Mo-Su,PH 00:00-24:00"},"geometry":{"type":"Point","coordinates":[121.544747,25.033136]}},{"type":"Feature","properties":{"id":"osm:node:5488925228","name":"萊爾富","category":"convenience","brand":"萊爾富"},"geometry":{"type":"Point","coordinates":[121.482321,25.18512]}},{"type":"Feature","properties":{"id":"osm:node:5495192021","name":"7-Eleven","category":"convenience","brand":"7-Eleven","opening_hours":"24/7","address":"111臺北市士林區大東路123;125號","phone":"+886 2 28835732","website":"https://www.7-11.com.tw/","wheelchair":"yes"},"geometry":{"type":"Point","coordinates":[121.52543,25.091632]}},{"type":"Feature","properties":{"id":"osm:node:5504491302","name":"7-Eleven","category":"convenience","brand":"7-Eleven","address":"116臺北市文山區羅斯福路五段218巷30號","wheelchair":"yes"},"geometry":{"type":"Point","coordinates":[121.537281,25.00215]}},{"type":"Feature","properties":{"id":"osm:node:5505377654","name":"全家便利商店","category":"convenience","nameEn":"FamilyMart","brand":"全家便利商店","opening_hours":"24/7","address":"116台北市文山區羅斯福路六段142巷5號"},"geometry":{"type":"Point","coordinates":[121.538604,24.996802]}},{"type":"Feature","properties":{"id":"osm:node:5512802373","name":"全家便利商店","category":"convenience","nameEn":"FamilyMart","brand":"全家便利商店","opening_hours":"24/7","address":"220857新北市板橋區民生路二段16之1號","phone":"+886 2 2964 2035;+886 2 7729 3230","website":"https://www.family.com.tw/"},"geometry":{"type":"Point","coordinates":[121.47328,25.016335]}},{"type":"Feature","properties":{"id":"osm:node:5527324630","name":"萊爾富","category":"convenience","nameEn":"Hi-Life","brand":"萊爾富","opening_hours":"24/7","address":"臺北市萬華區萬大路423巷12號"},"geometry":{"type":"Point","coordinates":[121.499217,25.021291]}},{"type":"Feature","properties":{"id":"osm:node:5527977425","name":"7-Eleven","category":"convenience","brand":"7-Eleven"},"geometry":{"type":"Point","coordinates":[121.45952,25.154767]}},{"type":"Feature","properties":{"id":"osm:node:5536229103","name":"全家便利商店","category":"convenience","nameEn":"FamilyMart","brand":"全家便利商店","address":"22050新北市板橋區文化路一段313號","website":"https://www.family.com.tw/marketing/"},"geometry":{"type":"Point","coordinates":[121.463962,25.021566]}},{"type":"Feature","properties":{"id":"osm:node:5551907221","name":"萊爾富","category":"convenience","nameEn":"Hi-Life","brand":"萊爾富","address":"106臺北市大安區建國南路一段337號","wheelchair":"no"},"geometry":{"type":"Point","coordinates":[121.538249,25.034267]}},{"type":"Feature","properties":{"id":"osm:node:5551910930","name":"7-Eleven","category":"convenience","brand":"7-Eleven","opening_hours":"24/7","address":"106093臺北市大安區信義路三段99號1樓","phone":"+886 2 2703 3810","wheelchair":"no"},"geometry":{"type":"Point","coordinates":[121.53869,25.03372]}},{"type":"Feature","properties":{"id":"osm:node:5551914393","name":"名店街","category":"convenience","wheelchair":"no"},"geometry":{"type":"Point","coordinates":[121.543882,25.034046]}},{"type":"Feature","properties":{"id":"osm:node:5551922165","name":"7-Eleven","category":"convenience","brand":"7-Eleven","opening_hours":"24/7","address":"106090臺北市大安區信義路三段33號","phone":"+886 2 2709 6471","wheelchair":"yes"},"geometry":{"type":"Point","coordinates":[121.534617,25.033799]}},{"type":"Feature","properties":{"id":"osm:node:5558104086","name":"全家便利商店","category":"convenience","nameEn":"FamilyMart","brand":"全家便利商店"},"geometry":{"type":"Point","coordinates":[121.665189,25.074949]}},{"type":"Feature","properties":{"id":"osm:node:5569304661","name":"台灣菸酒","category":"convenience"},"geometry":{"type":"Point","coordinates":[121.578941,25.045241]}},{"type":"Feature","properties":{"id":"osm:node:5570659591","name":"7-Eleven","category":"convenience","brand":"7-Eleven","opening_hours":"24/7","address":"24148新北市三重區長元街2號"},"geometry":{"type":"Point","coordinates":[121.498803,25.065875]}},{"type":"Feature","properties":{"id":"osm:node:5574266185","name":"7-Eleven","category":"convenience","brand":"7-Eleven"},"geometry":{"type":"Point","coordinates":[121.635036,25.071377]}},{"type":"Feature","properties":{"id":"osm:node:5585775159","name":"7-Eleven","category":"convenience","brand":"7-Eleven"},"geometry":{"type":"Point","coordinates":[121.578974,25.041657]}},{"type":"Feature","properties":{"id":"osm:node:5585946723","name":"義美食品","category":"convenience","brand":"義美食品"},"geometry":{"type":"Point","coordinates":[121.578016,25.043514]}},{"type":"Feature","properties":{"id":"osm:node:5587511570","name":"國立臺灣學員生消費合作社","category":"convenience"},"geometry":{"type":"Point","coordinates":[121.536915,25.01549]}},{"type":"Feature","properties":{"id":"osm:node:5590231628","name":"全家便利商店","category":"convenience","nameEn":"FamilyMart","brand":"全家便利商店","address":"221新北市汐止區和平街48號","wheelchair":"yes"},"geometry":{"type":"Point","coordinates":[121.662417,25.070826]}},{"type":"Feature","properties":{"id":"osm:node:5596630953","name":"全家便利商店","category":"convenience","nameEn":"FamilyMart","brand":"全家便利商店"},"geometry":{"type":"Point","coordinates":[121.665914,25.070924]}},{"type":"Feature","properties":{"id":"osm:node:5596634644","name":"統一超商","category":"convenience"},"geometry":{"type":"Point","coordinates":[121.665625,25.070641]}},{"type":"Feature","properties":{"id":"osm:node:5614713798","name":"7-Eleven","category":"convenience","brand":"7-Eleven"},"geometry":{"type":"Point","coordinates":[121.560061,25.034303]}},{"type":"Feature","properties":{"id":"osm:node:5615247615","name":"7-Eleven","category":"convenience","brand":"7-Eleven"},"geometry":{"type":"Point","coordinates":[121.651077,25.064293]}},{"type":"Feature","properties":{"id":"osm:node:5615266343","name":"全家便利商店","category":"convenience","nameEn":"FamilyMart","brand":"全家便利商店","wheelchair":"yes"},"geometry":{"type":"Point","coordinates":[121.654822,25.057133]}},{"type":"Feature","properties":{"id":"osm:node:5661163193","name":"OK超商","category":"convenience","nameEn":"OK mart","brand":"OK超商"},"geometry":{"type":"Point","coordinates":[121.515041,25.011549]}},{"type":"Feature","properties":{"id":"osm:node:5661163199","name":"全家便利商店","category":"convenience","nameEn":"FamilyMart","brand":"全家便利商店","opening_hours":"24/7","address":"235新北市中和區安樂路81號"},"geometry":{"type":"Point","coordinates":[121.512771,24.99429]}},{"type":"Feature","properties":{"id":"osm:node:5661164134","name":"7-Eleven","category":"convenience","brand":"7-Eleven","wheelchair":"yes"},"geometry":{"type":"Point","coordinates":[121.503886,25.004886]}},{"type":"Feature","properties":{"id":"osm:node:5667103321","name":"萊爾富","category":"convenience","nameEn":"Hi-Life","brand":"萊爾富","address":"108台北市萬華區環河南路二段96號"},"geometry":{"type":"Point","coordinates":[121.495628,25.037032]}},{"type":"Feature","properties":{"id":"osm:node:5677595427","name":"全家便利商店","category":"convenience","nameEn":"FamilyMart","brand":"全家便利商店"},"geometry":{"type":"Point","coordinates":[121.534975,25.048524]}},{"type":"Feature","properties":{"id":"osm:node:5689710848","name":"全家便利商店","category":"convenience","nameEn":"FamilyMart","brand":"全家便利商店","address":"台北市文山區羅斯福路五段269巷11號","phone":"+886 2 2931 5696","wheelchair":"limited"},"geometry":{"type":"Point","coordinates":[121.540136,25.001335]}},{"type":"Feature","properties":{"id":"osm:node:569944557","name":"7-Eleven","category":"convenience","brand":"7-Eleven"},"geometry":{"type":"Point","coordinates":[121.569488,25.02316]}},{"type":"Feature","properties":{"id":"osm:node:569944558","name":"7-Eleven","category":"convenience","brand":"7-Eleven","wheelchair":"yes"},"geometry":{"type":"Point","coordinates":[121.568865,25.021983]}},{"type":"Feature","properties":{"id":"osm:node:569944559","name":"全家便利商店","category":"convenience","nameEn":"FamilyMart","brand":"全家便利商店"},"geometry":{"type":"Point","coordinates":[121.56923,25.024864]}},{"type":"Feature","properties":{"id":"osm:node:569944560","name":"家樂福超市","category":"convenience","nameEn":"Carrefour Market","brand":"家樂福超市"},"geometry":{"type":"Point","coordinates":[121.569477,25.024998]}},{"type":"Feature","properties":{"id":"osm:node:569944562","name":"全家便利商店","category":"convenience","nameEn":"FamilyMart","brand":"全家便利商店"},"geometry":{"type":"Point","coordinates":[121.570413,25.024102]}},{"type":"Feature","properties":{"id":"osm:node:5699706936","name":"全家便利商店","category":"convenience","nameEn":"FamilyMart","brand":"全家便利商店"},"geometry":{"type":"Point","coordinates":[121.51535,25.015097]}},{"type":"Feature","properties":{"id":"osm:node:5707055584","name":"全家便利商店","category":"convenience","nameEn":"FamilyMart","brand":"全家便利商店","opening_hours":"24/7","address":"22064新北市板橋區實踐路132號二樓","phone":"+886 2 7709 6199;+886 2 2957 2609","wheelchair":"yes"},"geometry":{"type":"Point","coordinates":[121.464369,25.002606]}},{"type":"Feature","properties":{"id":"osm:node:5709143421","name":"7-Eleven","category":"convenience","brand":"7-Eleven","opening_hours":"24/7","address":"116台北市文山區辛亥路四段132號"},"geometry":{"type":"Point","coordinates":[121.556684,25.004544]}},{"type":"Feature","properties":{"id":"osm:node:5717534183","name":"7-Eleven","category":"convenience","nameEn":"7-Eleven","brand":"7-Eleven","opening_hours":"24/7","address":"106臺北市大安區永康街43號","wheelchair":"yes"},"geometry":{"type":"Point","coordinates":[121.52958,25.030439]}},{"type":"Feature","properties":{"id":"osm:node:5739420391","name":"7-Eleven","category":"convenience","brand":"7-Eleven","opening_hours":"24/7","address":"新北市永和區竹林路98號"},"geometry":{"type":"Point","coordinates":[121.519539,25.012098]}},{"type":"Feature","properties":{"id":"osm:node:5739420394","name":"全家便利商店","category":"convenience","nameEn":"FamilyMart","brand":"全家便利商店","address":"234新北市永和區永和路二段316號"},"geometry":{"type":"Point","coordinates":[121.516372,25.01615]}},{"type":"Feature","properties":{"id":"osm:node:5744927465","name":"7-Eleven","category":"convenience","brand":"7-Eleven"},"geometry":{"type":"Point","coordinates":[121.660256,25.062754]}},{"type":"Feature","properties":{"id":"osm:node:5746062296","name":"OK超商","category":"convenience","nameEn":"OK mart","brand":"OK超商"},"geometry":{"type":"Point","coordinates":[121.660159,25.062989]}},{"type":"Feature","properties":{"id":"osm:node:5749618149","name":"7-Eleven","category":"convenience","brand":"7-Eleven","address":"235新北市中和區莒光路138號一樓"},"geometry":{"type":"Point","coordinates":[121.472435,25.001251]}},{"type":"Feature","properties":{"id":"osm:node:5749618150","name":"7-Eleven","category":"convenience","brand":"7-Eleven","opening_hours":"24/7","address":"235新北市中和區莒光路91號一樓"},"geometry":{"type":"Point","coordinates":[121.472424,25.003228]}},{"type":"Feature","properties":{"id":"osm:node:5749618151","name":"7-Eleven","category":"convenience","brand":"7-Eleven","address":"235新北市中和區民享街38號"},"geometry":{"type":"Point","coordinates":[121.473918,25.003027]}},{"type":"Feature","properties":{"id":"osm:node:5749618156","name":"萊爾富","category":"convenience","nameEn":"Hi-Life","brand":"萊爾富","address":"235新北市中和區自治街38號"},"geometry":{"type":"Point","coordinates":[121.475261,25.00323]}},{"type":"Feature","properties":{"id":"osm:node:5754476621","name":"全家便利商店","category":"convenience","nameEn":"FamilyMart","brand":"全家便利商店","opening_hours":"24/7"},"geometry":{"type":"Point","coordinates":[121.461795,25.135913]}},{"type":"Feature","properties":{"id":"osm:node:5760594677","name":"7-Eleven","category":"convenience","brand":"7-Eleven"},"geometry":{"type":"Point","coordinates":[121.524728,25.08362]}},{"type":"Feature","properties":{"id":"osm:node:5782279700","name":"7-Eleven","category":"convenience","brand":"7-Eleven","address":"台北市文山區羅斯福路六段235號237號1樓2樓","phone":"+886 2 8931 7088"},"geometry":{"type":"Point","coordinates":[121.541436,24.995501]}},{"type":"Feature","properties":{"id":"osm:node:5795699465","name":"蝦皮店到店","category":"convenience","nameEn":"Shopee Xpress","opening_hours":"Mo-Su 10:30-22:00","address":"116臺北市文山區興隆路一段86號一樓"},"geometry":{"type":"Point","coordinates":[121.541008,25.003227]}},{"type":"Feature","properties":{"id":"osm:node:5835453711","name":"7-Eleven","category":"convenience","brand":"7-Eleven","opening_hours":"24/7","address":"106102臺北市大安區和平東路三段1巷51號1樓","phone":"+886 2 2701 4931","website":"https://www.7-11.com.tw/"},"geometry":{"type":"Point","coordinates":[121.546936,25.026588]}},{"type":"Feature","properties":{"id":"osm:node:5839491736","name":"7-Eleven","category":"convenience","brand":"7-Eleven","address":"106臺北市大安區大安路一段144巷1號"},"geometry":{"type":"Point","coordinates":[121.545269,25.038674]}},{"type":"Feature","properties":{"id":"osm:node:5851985001","name":"全家便利商店","category":"convenience","nameEn":"FamilyMart","brand":"全家便利商店"},"geometry":{"type":"Point","coordinates":[121.51605,25.070627]}},{"type":"Feature","properties":{"id":"osm:node:5851985029","name":"7-Eleven","category":"convenience","brand":"7-Eleven"},"geometry":{"type":"Point","coordinates":[121.51591,25.065683]}},{"type":"Feature","properties":{"id":"osm:node:5851985032","name":"全家便利商店","category":"convenience","nameEn":"FamilyMart","brand":"全家便利商店"},"geometry":{"type":"Point","coordinates":[121.516058,25.067357]}},{"type":"Feature","properties":{"id":"osm:node:5856283860","name":"7-Eleven","category":"convenience","brand":"7-Eleven","address":"106臺北市大安區和平東路三段38號"},"geometry":{"type":"Point","coordinates":[121.547603,25.024417]}},{"type":"Feature","properties":{"id":"osm:node:5871618061","name":"7-Eleven","category":"convenience","brand":"7-Eleven"},"geometry":{"type":"Point","coordinates":[121.479031,25.075096]}},{"type":"Feature","properties":{"id":"osm:node:5871618062","name":"全家便利商店","category":"convenience","nameEn":"FamilyMart","brand":"全家便利商店"},"geometry":{"type":"Point","coordinates":[121.4793,25.075015]}},{"type":"Feature","properties":{"id":"osm:node:5872901304","name":"全家便利商店","category":"convenience","nameEn":"FamilyMart","brand":"全家便利商店","address":"104臺北市中山區中山北路二段44號一樓"},"geometry":{"type":"Point","coordinates":[121.522349,25.055114]}},{"type":"Feature","properties":{"id":"osm:node:5872901305","name":"7-Eleven","category":"convenience","brand":"7-Eleven","address":"104台北市中山區中山北路二段50號"},"geometry":{"type":"Point","coordinates":[121.522562,25.056412]}},{"type":"Feature","properties":{"id":"osm:node:5875839488","name":"全家便利商店","category":"convenience","nameEn":"FamilyMart","brand":"全家便利商店","opening_hours":"24/7"},"geometry":{"type":"Point","coordinates":[121.4858,25.011056]}},{"type":"Feature","properties":{"id":"osm:node:5924195085","name":"蝦皮店到店","category":"convenience","nameEn":"Shopee Xpress","brand":"蝦皮店到店","address":"臺北市文山區興隆路一段157號"},"geometry":{"type":"Point","coordinates":[121.542527,25.001555]}},{"type":"Feature","properties":{"id":"osm:node:5940725805","name":"全家便利商店","category":"convenience","nameEn":"FamilyMart","brand":"全家便利商店"},"geometry":{"type":"Point","coordinates":[121.527966,25.115078]}},{"type":"Feature","properties":{"id":"osm:node:5948089189","name":"7-Eleven","category":"convenience","brand":"7-Eleven","address":"114台北市內湖區瑞光路478巷24號一樓"},"geometry":{"type":"Point","coordinates":[121.568757,25.07829]}},{"type":"Feature","properties":{"id":"osm:node:5949682791","name":"OK超商","category":"convenience","nameEn":"OK mart","brand":"OK超商","wheelchair":"no"},"geometry":{"type":"Point","coordinates":[121.517798,25.082572]}},{"type":"Feature","properties":{"id":"osm:node:5949682792","name":"全家便利商店","category":"convenience","nameEn":"FamilyMart","brand":"全家便利商店","wheelchair":"yes"},"geometry":{"type":"Point","coordinates":[121.517698,25.085162]}},{"type":"Feature","properties":{"id":"osm:node:5949682793","name":"7-Eleven","category":"convenience","brand":"7-Eleven","wheelchair":"yes"},"geometry":{"type":"Point","coordinates":[121.517464,25.084309]}},{"type":"Feature","properties":{"id":"osm:node:5949682794","name":"7-Eleven","category":"convenience","brand":"7-Eleven","address":"11163臺北市士林區劍潭路21號","wheelchair":"yes"},"geometry":{"type":"Point","coordinates":[121.522674,25.084169]}},{"type":"Feature","properties":{"id":"osm:node:5949682795","name":"7-Eleven","category":"convenience","brand":"7-Eleven","address":"臺北市士林區大南路","wheelchair":"yes"},"geometry":{"type":"Point","coordinates":[121.518317,25.088994]}},{"type":"Feature","properties":{"id":"osm:node:5949682796","name":"全家便利商店","category":"convenience","nameEn":"FamilyMart","brand":"全家便利商店","wheelchair":"limited"},"geometry":{"type":"Point","coordinates":[121.517746,25.08716]}},{"type":"Feature","properties":{"id":"osm:node:5949987489","name":"7-Eleven","category":"convenience","brand":"7-Eleven"},"geometry":{"type":"Point","coordinates":[121.522582,25.088763]}},{"type":"Feature","properties":{"id":"osm:node:5949987490","name":"7-Eleven","category":"convenience","brand":"7-Eleven"},"geometry":{"type":"Point","coordinates":[121.521383,25.096182]}},{"type":"Feature","properties":{"id":"osm:node:5949987492","name":"全家便利商店","category":"convenience","nameEn":"FamilyMart","brand":"全家便利商店"},"geometry":{"type":"Point","coordinates":[121.518016,25.091702]}},{"type":"Feature","properties":{"id":"osm:node:5949987493","name":"7-Eleven","category":"convenience","brand":"7-Eleven"},"geometry":{"type":"Point","coordinates":[121.51585,25.089616]}},{"type":"Feature","properties":{"id":"osm:node:5949987494","name":"7-Eleven","category":"convenience","brand":"7-Eleven"},"geometry":{"type":"Point","coordinates":[121.514701,25.096565]}},{"type":"Feature","properties":{"id":"osm:node:5951164247","name":"全家便利商店","category":"convenience","nameEn":"FamilyMart","brand":"全家便利商店"},"geometry":{"type":"Point","coordinates":[121.486053,25.076852]}},{"type":"Feature","properties":{"id":"osm:node:5964684929","name":"Carrefour Express","category":"convenience","nameEn":"Carrefour Express","brand":"Carrefour Express","opening_hours":"24/7","address":"100台北市中正區濟南路二段46號B1","phone":"+886 2 2321 1262"},"geometry":{"type":"Point","coordinates":[121.530864,25.040223]}},{"type":"Feature","properties":{"id":"osm:node:6004559317","name":"7-Eleven","category":"convenience","brand":"7-Eleven","opening_hours":"24/7","address":"236新北市土城區青雲路152號","wheelchair":"yes"},"geometry":{"type":"Point","coordinates":[121.458996,24.983192]}},{"type":"Feature","properties":{"id":"osm:node:6004559319","name":"全家便利商店","category":"convenience","nameEn":"FamilyMart","brand":"全家便利商店","opening_hours":"24/7","address":"236新北市土城區青雲路185號"},"geometry":{"type":"Point","coordinates":[121.459243,24.982572]}},{"type":"Feature","properties":{"id":"osm:node:6024209826","name":"7-Eleven","category":"convenience","brand":"7-Eleven"},"geometry":{"type":"Point","coordinates":[121.520108,24.998977]}},{"type":"Feature","properties":{"id":"osm:node:6024288448","name":"萊爾富","category":"convenience","nameEn":"Hi-Life","brand":"萊爾富","address":"新北市板橋區陽明街;自由路52;1號"},"geometry":{"type":"Point","coordinates":[121.465286,25.022212]}},{"type":"Feature","properties":{"id":"osm:node:6024309731","name":"萊爾富","category":"convenience","nameEn":"Hi-Life","brand":"萊爾富"},"geometry":{"type":"Point","coordinates":[121.465611,25.022716]}},{"type":"Feature","properties":{"id":"osm:node:6024333534","name":"7-Eleven","category":"convenience","brand":"7-Eleven","wheelchair":"no"},"geometry":{"type":"Point","coordinates":[121.558106,24.981157]}},{"type":"Feature","properties":{"id":"osm:node:6024333535","name":"7-Eleven","category":"convenience","brand":"7-Eleven"},"geometry":{"type":"Point","coordinates":[121.560357,24.98151]}},{"type":"Feature","properties":{"id":"osm:node:6026828411","name":"全家便利商店","category":"convenience","nameEn":"FamilyMart","brand":"全家便利商店"},"geometry":{"type":"Point","coordinates":[121.530802,25.128533]}},{"type":"Feature","properties":{"id":"osm:node:6027175472","name":"7-Eleven","category":"convenience","brand":"7-Eleven"},"geometry":{"type":"Point","coordinates":[121.547615,25.052962]}},{"type":"Feature","properties":{"id":"osm:node:6029905285","name":"7-Eleven","category":"convenience","brand":"7-Eleven","opening_hours":"24/7","address":"民族路"},"geometry":{"type":"Point","coordinates":[121.479623,25.088075]}},{"type":"Feature","properties":{"id":"osm:node:6037206719","name":"全家便利商店","category":"convenience","nameEn":"FamilyMart","brand":"全家便利商店"},"geometry":{"type":"Point","coordinates":[121.539248,25.019434]}},{"type":"Feature","properties":{"id":"osm:node:6038796203","name":"7-Eleven","category":"convenience","brand":"7-Eleven"},"geometry":{"type":"Point","coordinates":[121.513521,25.07164]}},{"type":"Feature","properties":{"id":"osm:node:6039991586","name":"7-Eleven","category":"convenience","brand":"7-Eleven","address":"集賢路"},"geometry":{"type":"Point","coordinates":[121.481131,25.083691]}},{"type":"Feature","properties":{"id":"osm:node:6046174185","name":"全家便利商店","category":"convenience","nameEn":"FamilyMart","brand":"全家便利商店","opening_hours":"24/7","address":"台北市中正區衡陽路7號1樓"},"geometry":{"type":"Point","coordinates":[121.513787,25.042442]}},{"type":"Feature","properties":{"id":"osm:node:6046203685","name":"全家便利商店","category":"convenience","nameEn":"FamilyMart","brand":"全家便利商店","opening_hours":"24/7","address":"100臺北市中正區衡陽路77號一樓","phone":"+886 2 77397262;+886 2 23711130","website":"https://www.family.com.tw/"},"geometry":{"type":"Point","coordinates":[121.511081,25.042299]}},{"type":"Feature","properties":{"id":"osm:node:6051241471","name":"OK超商","category":"convenience","nameEn":"OK mart","brand":"OK超商","address":"111台北市士林區大東路78號","wheelchair":"yes"},"geometry":{"type":"Point","coordinates":[121.526896,25.090117]}},{"type":"Feature","properties":{"id":"osm:node:6051249619","name":"OK超商","category":"convenience","nameEn":"OK mart","brand":"OK超商","address":"111台北市士林區大東路78號","wheelchair":"yes"},"geometry":{"type":"Point","coordinates":[121.525708,25.090353]}},{"type":"Feature","properties":{"id":"osm:node:6062813785","name":"7-Eleven","category":"convenience","brand":"7-Eleven","address":"集賢路224巷"},"geometry":{"type":"Point","coordinates":[121.480983,25.087964]}},{"type":"Feature","properties":{"id":"osm:node:6062826085","name":"7-Eleven","category":"convenience","brand":"7-Eleven","address":"集賢路"},"geometry":{"type":"Point","coordinates":[121.482226,25.086309]}},{"type":"Feature","properties":{"id":"osm:node:6109254785","name":"全家便利商店","category":"convenience","nameEn":"FamilyMart","brand":"全家便利商店","opening_hours":"24/7","address":"108020臺北市萬華區西園路一段159號1樓","phone":"+886 2 2304 0410;+886 2 7730 3801","website":"https://www.family.com.tw/"},"geometry":{"type":"Point","coordinates":[121.49944,25.034991]}},{"type":"Feature","properties":{"id":"osm:node:6112447360","name":"萊爾富","category":"convenience","nameEn":"Hi-Life","brand":"萊爾富","address":"11163臺北市士林區承德路四段130號","wheelchair":"no"},"geometry":{"type":"Point","coordinates":[121.522963,25.083803]}},{"type":"Feature","properties":{"id":"osm:node:6120863683","name":"OK超商","category":"convenience","nameEn":"OK mart","brand":"OK超商","address":"台北市士林區","wheelchair":"limited"},"geometry":{"type":"Point","coordinates":[121.521006,25.091582]}},{"type":"Feature","properties":{"id":"osm:node:6135336685","name":"7-Eleven","category":"convenience","brand":"7-Eleven"},"geometry":{"type":"Point","coordinates":[121.516769,25.04627]}},{"type":"Feature","properties":{"id":"osm:node:6137457491","name":"7-Eleven","category":"convenience","brand":"7-Eleven"},"geometry":{"type":"Point","coordinates":[121.544752,25.052941]}},{"type":"Feature","properties":{"id":"osm:node:6139315494","name":"X-store","category":"convenience","brand":"7-Eleven","opening_hours":"Mo-Fr 07:00-19:00","address":"台北市信義區東興路67號1樓","wheelchair":"yes"},"geometry":{"type":"Point","coordinates":[121.566737,25.04697]}},{"type":"Feature","properties":{"id":"osm:node:6139315495","name":"7-Eleven","category":"convenience","brand":"7-Eleven","opening_hours":"24/7","address":"台北市信義區基隆路一段178號1樓"},"geometry":{"type":"Point","coordinates":[121.564857,25.042374]}},{"type":"Feature","properties":{"id":"osm:node:6139315496","name":"Bingo Store 華山","category":"convenience"},"geometry":{"type":"Point","coordinates":[121.529744,25.044092]}},{"type":"Feature","properties":{"id":"osm:node:6163029969","name":"全家便利商店","category":"convenience","nameEn":"FamilyMart","brand":"全家便利商店"},"geometry":{"type":"Point","coordinates":[121.501359,25.035379]}},{"type":"Feature","properties":{"id":"osm:node:6180428005","name":"7-Eleven","category":"convenience","brand":"7-Eleven","opening_hours":"24/7"},"geometry":{"type":"Point","coordinates":[121.651755,25.072931]}},{"type":"Feature","properties":{"id":"osm:node:6180492025","name":"7-Eleven","category":"convenience","brand":"7-Eleven"},"geometry":{"type":"Point","coordinates":[121.507509,24.991267]}},{"type":"Feature","properties":{"id":"osm:node:6188986704","name":"全家便利商店","category":"convenience","nameEn":"FamilyMart","brand":"全家便利商店","opening_hours":"24/7","address":"241新北市三重區長興街57號","phone":"+886 2 2976 7953"},"geometry":{"type":"Point","coordinates":[121.50098,25.068822]}},{"type":"Feature","properties":{"id":"osm:node:6188986707","name":"7-Eleven","category":"convenience","brand":"7-Eleven","opening_hours":"24/7","address":"241新北市三重區長安街71號","phone":"+886 2 8976 2147"},"geometry":{"type":"Point","coordinates":[121.501388,25.067368]}},{"type":"Feature","properties":{"id":"osm:node:6188989813","name":"7-Eleven","category":"convenience","brand":"7-Eleven","opening_hours":"24/7","address":"241新北市三重區三和路二段6-2號","phone":"+886 2 2976 1371","wheelchair":"yes"},"geometry":{"type":"Point","coordinates":[121.501198,25.066711]}},{"type":"Feature","properties":{"id":"osm:node:6188989814","name":"7-Eleven","category":"convenience","brand":"7-Eleven","opening_hours":"24/7","address":"新北市三重區福德北路","phone":"+886 2 2974 1171"},"geometry":{"type":"Point","coordinates":[121.502179,25.065452]}},{"type":"Feature","properties":{"id":"osm:node:6189317578","name":"7-Eleven","category":"convenience","brand":"7-Eleven","address":"新北市三重區忠孝路一段181-183號"},"geometry":{"type":"Point","coordinates":[121.487309,25.071741]}},{"type":"Feature","properties":{"id":"osm:node:6190366140","name":"萊爾富","category":"convenience","nameEn":"Hi-Life","brand":"萊爾富"},"geometry":{"type":"Point","coordinates":[121.510873,24.989552]}},{"type":"Feature","properties":{"id":"osm:node:6202943438","name":"7-Eleven","category":"convenience","brand":"7-Eleven"},"geometry":{"type":"Point","coordinates":[121.485622,25.077431]}},{"type":"Feature","properties":{"id":"osm:node:6205114079","name":"7-Eleven","category":"convenience","brand":"7-Eleven","opening_hours":"24/7","address":"116臺北市文山區博嘉里18鄰木柵路四段119號","wheelchair":"yes"},"geometry":{"type":"Point","coordinates":[121.573811,24.997659]}},{"type":"Feature","properties":{"id":"osm:node:6205497105","name":"全家便利商店","category":"convenience","nameEn":"FamilyMart","brand":"全家便利商店"},"geometry":{"type":"Point","coordinates":[121.515512,25.110756]}},{"type":"Feature","properties":{"id":"osm:node:6205703855","name":"OK超商","category":"convenience","nameEn":"OK mart","brand":"OK超商"},"geometry":{"type":"Point","coordinates":[121.515258,25.112293]}},{"type":"Feature","properties":{"id":"osm:node:6205703856","name":"全家便利商店","category":"convenience","nameEn":"FamilyMart","brand":"全家便利商店"},"geometry":{"type":"Point","coordinates":[121.515168,25.11242]}},{"type":"Feature","properties":{"id":"osm:node:6212185401","name":"大潤發迷你站","category":"convenience","nameEn":"RT-Mart Mini Station","brand":"大潤發","opening_hours":"24/7","address":"235新北市中和區興南路一段92號一樓"},"geometry":{"type":"Point","coordinates":[121.50988,24.989139]}},{"type":"Feature","properties":{"id":"osm:node:6242158920","name":"全家便利商店","category":"convenience","nameEn":"FamilyMart","brand":"全家便利商店"},"geometry":{"type":"Point","coordinates":[121.555649,24.999781]}},{"type":"Feature","properties":{"id":"osm:node:6284503807","name":"OK超商","category":"convenience","nameEn":"OK mart","brand":"OK超商"},"geometry":{"type":"Point","coordinates":[121.560999,25.030157]}},{"type":"Feature","properties":{"id":"osm:node:6309816585","name":"全家便利商店","category":"convenience","nameEn":"FamilyMart","brand":"全家便利商店","address":"新北市汐止區龍安路38號一樓"},"geometry":{"type":"Point","coordinates":[121.654524,25.063768]}},{"type":"Feature","properties":{"id":"osm:node:6310130886","name":"7-Eleven","category":"convenience","brand":"7-Eleven"},"geometry":{"type":"Point","coordinates":[121.567035,25.086455]}},{"type":"Feature","properties":{"id":"osm:node:6314600445","name":"萊爾富","category":"convenience","nameEn":"Hi-Life","brand":"萊爾富","address":"臺北市中山區南京東路三段91之1號","phone":"+886 0800022118"},"geometry":{"type":"Point","coordinates":[121.538926,25.052187]}},{"type":"Feature","properties":{"id":"osm:node:6343932887","name":"全家便利商店","category":"convenience","nameEn":"FamilyMart","brand":"全家便利商店","address":"臺北市松山區南京東路五段194號","wheelchair":"yes"},"geometry":{"type":"Point","coordinates":[121.563907,25.051215]}},{"type":"Feature","properties":{"id":"osm:node:6354698715","name":"全家便利商店","category":"convenience","nameEn":"FamilyMart","brand":"全家便利商店","opening_hours":"24/7"},"geometry":{"type":"Point","coordinates":[121.5436,25.044391]}},{"type":"Feature","properties":{"id":"osm:node:6354946959","name":"OK超商","category":"convenience","nameEn":"OK mart","brand":"OK超商"},"geometry":{"type":"Point","coordinates":[121.48437,24.963955]}},{"type":"Feature","properties":{"id":"osm:node:6373565676","name":"大潤發迷你站","category":"convenience","nameEn":"RT-Mart Mini Station","opening_hours":"24/7","address":"舊宗路一段150巷"},"geometry":{"type":"Point","coordinates":[121.57603,25.06307]}},{"type":"Feature","properties":{"id":"osm:node:6376159888","name":"全家便利商店","category":"convenience","nameEn":"FamilyMart","brand":"全家便利商店","opening_hours":"24/7","address":"103002臺北市大同區長安西路342號1樓","phone":"+886 2 2552 2657;+886 2 7730 4882","website":"https://www.family.com.tw/","wheelchair":"yes"},"geometry":{"type":"Point","coordinates":[121.510302,25.051904]}},{"type":"Feature","properties":{"id":"osm:node:6377724285","name":"全家便利商店","category":"convenience","nameEn":"FamilyMart","brand":"全家便利商店","opening_hours":"24/7"},"geometry":{"type":"Point","coordinates":[121.557412,25.039252]}},{"type":"Feature","properties":{"id":"osm:node:6389095974","name":"7-Eleven","category":"convenience","brand":"7-Eleven","opening_hours":"Mo-Su,PH 00:00-24:00"},"geometry":{"type":"Point","coordinates":[121.487955,24.998797]}},{"type":"Feature","properties":{"id":"osm:node:6389095975","name":"7-Eleven","category":"convenience","brand":"7-Eleven"},"geometry":{"type":"Point","coordinates":[121.487941,25.004098]}},{"type":"Feature","properties":{"id":"osm:node:6389095976","name":"全家便利商店","category":"convenience","nameEn":"FamilyMart","brand":"全家便利商店"},"geometry":{"type":"Point","coordinates":[121.486593,25.004775]}},{"type":"Feature","properties":{"id":"osm:node:6389095977","name":"7-Eleven","category":"convenience","brand":"7-Eleven"},"geometry":{"type":"Point","coordinates":[121.485709,25.00504]}},{"type":"Feature","properties":{"id":"osm:node:6389095978","name":"全家便利商店","category":"convenience","nameEn":"FamilyMart","brand":"全家便利商店"},"geometry":{"type":"Point","coordinates":[121.483732,24.99937]}},{"type":"Feature","properties":{"id":"osm:node:6400241777","name":"全家便利商店","category":"convenience","nameEn":"FamilyMart","brand":"全家便利商店","opening_hours":"24/7","wheelchair":"yes"},"geometry":{"type":"Point","coordinates":[121.513009,25.05826]}},{"type":"Feature","properties":{"id":"osm:node:6418121432","name":"全家便利商店","category":"convenience","nameEn":"FamilyMart","brand":"全家便利商店","wheelchair":"no"},"geometry":{"type":"Point","coordinates":[121.550733,25.051895]}},{"type":"Feature","properties":{"id":"osm:node:6418121458","name":"萊爾富","category":"convenience","nameEn":"Hi-Life","brand":"萊爾富","opening_hours":"24/7","address":"臺北市大同區延平北路二段255-1號","wheelchair":"yes"},"geometry":{"type":"Point","coordinates":[121.511371,25.062425]}},{"type":"Feature","properties":{"id":"osm:node:6419215201","name":"7-Eleven","category":"convenience","brand":"7-Eleven","opening_hours":"24/7","address":"新北市永和區福和路121號"},"geometry":{"type":"Point","coordinates":[121.521678,25.007755]}},{"type":"Feature","properties":{"id":"osm:node:6422643936","name":"7-Eleven","category":"convenience","brand":"7-Eleven","opening_hours":"24/7","address":"新北市中和區景平路","wheelchair":"yes"},"geometry":{"type":"Point","coordinates":[121.513915,24.992203]}},{"type":"Feature","properties":{"id":"osm:node:6427032798","name":"萊爾富","category":"convenience","nameEn":"Hi-Life","brand":"萊爾富","opening_hours":"24/7","address":"235新北市中和區景德街91號一樓","wheelchair":"yes"},"geometry":{"type":"Point","coordinates":[121.516023,24.991317]}},{"type":"Feature","properties":{"id":"osm:node:6434810918","name":"全家便利商店","category":"convenience","nameEn":"FamilyMart","brand":"全家便利商店","address":"220694新北市板橋區縣民大道二段66號1樓","phone":"+886 2 2964 9816;+886 2 7729 3618","website":"https://www.family.com.tw/"},"geometry":{"type":"Point","coordinates":[121.463433,25.012599]}},{"type":"Feature","properties":{"id":"osm:node:6440886050","name":"7-Eleven","category":"convenience","brand":"7-Eleven","wheelchair":"yes"},"geometry":{"type":"Point","coordinates":[121.616562,25.056518]}},{"type":"Feature","properties":{"id":"osm:node:6442075607","name":"全家便利商店","category":"convenience","nameEn":"FamilyMart","brand":"全家便利商店"},"geometry":{"type":"Point","coordinates":[121.532681,25.051139]}},{"type":"Feature","properties":{"id":"osm:node:6480830519","name":"全家便利商店","category":"convenience","nameEn":"FamilyMart","brand":"全家便利商店","wheelchair":"yes"},"geometry":{"type":"Point","coordinates":[121.558378,25.079574]}},{"type":"Feature","properties":{"id":"osm:node:6480830520","name":"7-Eleven","category":"convenience","brand":"7-Eleven","opening_hours":"24/7","address":"10491臺北市中山區樂群二路206號一樓","phone":"+886 2 8502 9131"},"geometry":{"type":"Point","coordinates":[121.559281,25.079663]}},{"type":"Feature","properties":{"id":"osm:node:6499848132","name":"萊爾富","category":"convenience","nameEn":"Hi-Life","brand":"萊爾富"},"geometry":{"type":"Point","coordinates":[121.525797,25.007782]}},{"type":"Feature","properties":{"id":"osm:node:6499848175","name":"全家便利商店","category":"convenience","nameEn":"FamilyMart","brand":"全家便利商店","opening_hours":"24/7","address":"103005臺北市大同區南京西路308號1樓","phone":"+886 2 2556 4600;+886 2 7746 3101","website":"https://www.family.com.tw/","wheelchair":"yes"},"geometry":{"type":"Point","coordinates":[121.513329,25.053849]}},{"type":"Feature","properties":{"id":"osm:node:6499848178","name":"7-Eleven","category":"convenience","brand":"7-Eleven","opening_hours":"24/7","address":"103007臺北市大同區延平北路一段89、91、93號1樓","phone":"+886 2 2550 6316","website":"https://www.7-11.com.tw/","wheelchair":"yes"},"geometry":{"type":"Point","coordinates":[121.511958,25.051881]}},{"type":"Feature","properties":{"id":"osm:node:6516564972","name":"7-Eleven","category":"convenience","brand":"7-Eleven","opening_hours":"24/7","wheelchair":"no"},"geometry":{"type":"Point","coordinates":[121.512516,25.113992]}},{"type":"Feature","properties":{"id":"osm:node:6527887287","name":"7-Eleven","category":"convenience","brand":"7-Eleven"},"geometry":{"type":"Point","coordinates":[121.455462,24.987531]}},{"type":"Feature","properties":{"id":"osm:node:6551068541","name":"全家便利商店","category":"convenience","nameEn":"FamilyMart","brand":"全家便利商店"},"geometry":{"type":"Point","coordinates":[121.56294,24.989987]}},{"type":"Feature","properties":{"id":"osm:node:6565696386","name":"7-Eleven","category":"convenience","brand":"7-Eleven"},"geometry":{"type":"Point","coordinates":[121.459085,25.018089]}},{"type":"Feature","properties":{"id":"osm:node:6568146963","name":"7-Eleven","category":"convenience","brand":"7-Eleven"},"geometry":{"type":"Point","coordinates":[121.54423,25.050095]}},{"type":"Feature","properties":{"id":"osm:node:6578286283","name":"7-Eleven","category":"convenience","brand":"7-Eleven","address":"105台北市松山區南京東路五段291巷4-1;4-2號"},"geometry":{"type":"Point","coordinates":[121.566118,25.051868]}},{"type":"Feature","properties":{"id":"osm:node:6579380120","name":"太陽神檳榔","category":"convenience","wheelchair":"yes"},"geometry":{"type":"Point","coordinates":[121.523981,25.02232]}},{"type":"Feature","properties":{"id":"osm:node:6586086969","name":"萊爾富","category":"convenience","nameEn":"Hi-Life","brand":"萊爾富","opening_hours":"24/7","address":"新北市蘆洲區得勝街108號"},"geometry":{"type":"Point","coordinates":[121.471144,25.082935]}},{"type":"Feature","properties":{"id":"osm:node:6586089388","name":"7-Eleven","category":"convenience","brand":"7-Eleven"},"geometry":{"type":"Point","coordinates":[121.473955,25.083784]}},{"type":"Feature","properties":{"id":"osm:node:6586089389","name":"全家便利商店","category":"convenience","nameEn":"FamilyMart","brand":"全家便利商店"},"geometry":{"type":"Point","coordinates":[121.4734,25.083657]}},{"type":"Feature","properties":{"id":"osm:node:6612535685","name":"全家便利商店","category":"convenience","nameEn":"FamilyMart","brand":"全家便利商店","opening_hours":"24hr","address":"234新北市永和區永貞路387號","phone":"+886 2 29207792"},"geometry":{"type":"Point","coordinates":[121.507946,25.008634]}},{"type":"Feature","properties":{"id":"osm:node:6632779724","name":"7-Eleven","category":"convenience","brand":"7-Eleven","opening_hours":"24/7","address":"新北市淡水區坪頂路56-8號56-9號1樓"},"geometry":{"type":"Point","coordinates":[121.458378,25.162463]}},{"type":"Feature","properties":{"id":"osm:node:663578252","name":"7-Eleven","category":"convenience","brand":"7-Eleven","opening_hours":"24/7","address":"10081臺北市中正區汀州路二段210號","phone":"+886 2 2364 6532","website":"https://www.7-11.com.tw/","wheelchair":"yes"},"geometry":{"type":"Point","coordinates":[121.523681,25.02241]}},{"type":"Feature","properties":{"id":"osm:node:6670342667","name":"7-Eleven","category":"convenience","brand":"7-Eleven","opening_hours":"24/7","address":"108036臺北市萬華區興義街6、8號1樓","phone":"+886 2 2303 4630","website":"https://www.7-11.com.tw/"},"geometry":{"type":"Point","coordinates":[121.491615,25.02666]}},{"type":"Feature","properties":{"id":"osm:node:6670342668","name":"全家便利商店","category":"convenience","nameEn":"FamilyMart","brand":"全家便利商店","opening_hours":"24/7","address":"108036臺北市萬華區興義街41號1樓","phone":"+886 2 2303 4328;+886 2 7746 3040","website":"https://www.family.com.tw/"},"geometry":{"type":"Point","coordinates":[121.491733,25.026503]}},{"type":"Feature","properties":{"id":"osm:node:6670390123","name":"7-Eleven","category":"convenience","brand":"7-Eleven"},"geometry":{"type":"Point","coordinates":[121.465186,24.980199]}},{"type":"Feature","properties":{"id":"osm:node:6670459655","name":"萊爾富","category":"convenience","nameEn":"Hi-Life","brand":"萊爾富"},"geometry":{"type":"Point","coordinates":[121.464257,24.984078]}},{"type":"Feature","properties":{"id":"osm:node:6676095490","name":"大潤發迷你站","category":"convenience","nameEn":"RT-Mart Mini Station","opening_hours":"Mo-Su 05:00-00:00"},"geometry":{"type":"Point","coordinates":[121.564655,25.051097]}},{"type":"Feature","properties":{"id":"osm:node:6693701081","name":"大潤發便利店","category":"convenience","nameEn":"My RT-Mart","brand":"大潤發","opening_hours":"Mo-Su 07:30-23:00","address":"220新北市板橋區雙十路二段26號"},"geometry":{"type":"Point","coordinates":[121.476348,25.027164]}},{"type":"Feature","properties":{"id":"osm:node:6695580310","name":"萊爾富","category":"convenience","nameEn":"Hi-Life","brand":"萊爾富","opening_hours":"24/7","address":"新北市板橋區幸福路70巷1號"},"geometry":{"type":"Point","coordinates":[121.460729,25.020023]}},{"type":"Feature","properties":{"id":"osm:node:6710063350","name":"全家便利商店","category":"convenience","nameEn":"FamilyMart","brand":"全家便利商店","address":"新北市永和區保平里18鄰保平路268巷25號","phone":"+886 2 2929 3596","wheelchair":"no"},"geometry":{"type":"Point","coordinates":[121.507971,25.00582]}},{"type":"Feature","properties":{"id":"osm:node:6715598490","name":"7-Eleven","category":"convenience","brand":"7-Eleven"},"geometry":{"type":"Point","coordinates":[121.492295,25.005387]}},{"type":"Feature","properties":{"id":"osm:node:6720844028","name":"7-Eleven","category":"convenience","brand":"7-Eleven","wheelchair":"no"},"geometry":{"type":"Point","coordinates":[121.49531,25.023683]}},{"type":"Feature","properties":{"id":"osm:node:6734330770","name":"7-Eleven","category":"convenience","brand":"7-Eleven"},"geometry":{"type":"Point","coordinates":[121.468034,25.082786]}},{"type":"Feature","properties":{"id":"osm:node:6734330772","name":"萊爾富","category":"convenience","nameEn":"Hi-Life","brand":"萊爾富"},"geometry":{"type":"Point","coordinates":[121.481149,25.079975]}},{"type":"Feature","properties":{"id":"osm:node:6737190485","name":"全家便利商店","category":"convenience","nameEn":"FamilyMart","brand":"全家便利商店","opening_hours":"24/7","address":"220076新北市板橋區長安街295號","phone":"+886 2 2951 3527;+886 2 7709 6172","website":"https://www.family.com.tw/"},"geometry":{"type":"Point","coordinates":[121.474399,25.011909]}},{"type":"Feature","properties":{"id":"osm:node:6763209771","name":"全家便利商店","category":"convenience","nameEn":"FamilyMart","brand":"全家便利商店","opening_hours":"24/7","address":"106臺北市大安區忠孝東路四段216巷31號","phone":"+886 2 27412630;+886 2 77096533","website":"https://www.family.com.tw/"},"geometry":{"type":"Point","coordinates":[121.553074,25.03953]}},{"type":"Feature","properties":{"id":"osm:node:6763230488","name":"7-Eleven","category":"convenience","brand":"7-Eleven","wheelchair":"yes"},"geometry":{"type":"Point","coordinates":[121.551957,25.040026]}},{"type":"Feature","properties":{"id":"osm:node:6775539323","name":"7-Eleven","category":"convenience","brand":"7-Eleven"},"geometry":{"type":"Point","coordinates":[121.543896,25.025685]}},{"type":"Feature","properties":{"id":"osm:node:6780767811","name":"7-Eleven","category":"convenience","brand":"7-Eleven"},"geometry":{"type":"Point","coordinates":[121.573248,25.075832]}},{"type":"Feature","properties":{"id":"osm:node:6784029485","name":"全家便利商店","category":"convenience","nameEn":"FamilyMart","brand":"全家便利商店"},"geometry":{"type":"Point","coordinates":[121.505472,25.046073]}},{"type":"Feature","properties":{"id":"osm:node:6795607646","name":"7-Eleven","category":"convenience","brand":"7-Eleven","address":"臺北市信義區虎林街"},"geometry":{"type":"Point","coordinates":[121.576665,25.039456]}},{"type":"Feature","properties":{"id":"osm:node:6796402425","name":"全家便利商店","category":"convenience","nameEn":"FamilyMart","brand":"全家便利商店"},"geometry":{"type":"Point","coordinates":[121.572922,25.079483]}},{"type":"Feature","properties":{"id":"osm:node:6804331785","name":"全家便利商店","category":"convenience","nameEn":"FamilyMart","brand":"全家便利商店"},"geometry":{"type":"Point","coordinates":[121.456013,24.987985]}},{"type":"Feature","properties":{"id":"osm:node:6818307587","name":"全家便利商店","category":"convenience","nameEn":"FamilyMart","brand":"全家便利商店"},"geometry":{"type":"Point","coordinates":[121.525078,25.050418]}},{"type":"Feature","properties":{"id":"osm:node:6843906374","name":"OK超商","category":"convenience","nameEn":"OK mart","brand":"OK超商","opening_hours":"24/7","address":"116臺北市文山區興隆路四段72號一樓"},"geometry":{"type":"Point","coordinates":[121.561686,24.984138]}},{"type":"Feature","properties":{"id":"osm:node:6843955790","name":"7-Eleven","category":"convenience","brand":"7-Eleven","address":"新北市新店區安民街290號"},"geometry":{"type":"Point","coordinates":[121.517652,24.973404]}},{"type":"Feature","properties":{"id":"osm:node:6855627859","name":"OK超商","category":"convenience","nameEn":"OK mart","brand":"OK超商"},"geometry":{"type":"Point","coordinates":[121.507828,25.115665]}},{"type":"Feature","properties":{"id":"osm:node:6856839505","name":"全家便利商店","category":"convenience","nameEn":"FamilyMart","brand":"全家便利商店","opening_hours":"24/7","address":"100005臺北市中正區博愛路63號","phone":"+886 2 2343 2173;+886 2 7728 6631","website":"https://www.family.com.tw/"},"geometry":{"type":"Point","coordinates":[121.511656,25.044188]}},{"type":"Feature","properties":{"id":"osm:node:6861032289","name":"7-Eleven","category":"convenience","brand":"7-Eleven"},"geometry":{"type":"Point","coordinates":[121.513545,25.112067]}},{"type":"Feature","properties":{"id":"osm:node:6865431299","name":"7-Eleven","category":"convenience","brand":"7-Eleven","opening_hours":"24/7","address":"臺北市北投區明德路114號","wheelchair":"yes"},"geometry":{"type":"Point","coordinates":[121.520242,25.109879]}},{"type":"Feature","properties":{"id":"osm:node:6865431316","name":"OK超商","category":"convenience","nameEn":"OK mart","brand":"OK超商"},"geometry":{"type":"Point","coordinates":[121.51649,25.108529]}},{"type":"Feature","properties":{"id":"osm:node:6871573253","name":"7-Eleven","category":"convenience","brand":"7-Eleven"},"geometry":{"type":"Point","coordinates":[121.55002,25.038837]}},{"type":"Feature","properties":{"id":"osm:node:6876041260","name":"蝦皮店到店","category":"convenience","nameEn":"Shopee Xpress","opening_hours":"Mo-Su 10:30-22:00","address":"116台北市文山區興隆路二段195號一樓"},"geometry":{"type":"Point","coordinates":[121.549535,25.000869]}},{"type":"Feature","properties":{"id":"osm:node:6879087580","name":"7-Eleven","category":"convenience","brand":"7-Eleven"},"geometry":{"type":"Point","coordinates":[121.522435,24.996775]}},{"type":"Feature","properties":{"id":"osm:node:6881370461","name":"蝦皮店到店","category":"convenience","nameEn":"Shopee Xpress","opening_hours":"Mo-Su 10:30-22:00","address":"臺北市中山區長安東路ㄧ段22-18號"},"geometry":{"type":"Point","coordinates":[121.525434,25.048778]}},{"type":"Feature","properties":{"id":"osm:node:6894204678","name":"萊爾富","category":"convenience","nameEn":"Hi-Life","brand":"萊爾富"},"geometry":{"type":"Point","coordinates":[121.501535,25.061143]}},{"type":"Feature","properties":{"id":"osm:node:689560111","name":"7-Eleven","category":"convenience","brand":"7-Eleven","wheelchair":"yes"},"geometry":{"type":"Point","coordinates":[121.543691,25.026245]}},{"type":"Feature","properties":{"id":"osm:node:689561139","name":"OK超商","category":"convenience","nameEn":"OK mart","brand":"OK超商","address":"116台北市文山區辛亥路四段99號","wheelchair":"no"},"geometry":{"type":"Point","coordinates":[121.558779,25.006755]}},{"type":"Feature","properties":{"id":"osm:node:689561219","name":"全家便利商店","category":"convenience","nameEn":"FamilyMart","brand":"全家便利商店","wheelchair":"yes"},"geometry":{"type":"Point","coordinates":[121.559017,25.006701]}},{"type":"Feature","properties":{"id":"osm:node:6909232027","name":"7-Eleven","category":"convenience","brand":"7-Eleven"},"geometry":{"type":"Point","coordinates":[121.471641,25.093792]}},{"type":"Feature","properties":{"id":"osm:node:6909232028","name":"全家便利商店","category":"convenience","nameEn":"FamilyMart","brand":"全家便利商店"},"geometry":{"type":"Point","coordinates":[121.471305,25.093858]}},{"type":"Feature","properties":{"id":"osm:node:6924514572","name":"7-Eleven","category":"convenience","brand":"7-Eleven","opening_hours":"24/7","address":"100台北市中正區臨沂街27巷10號","phone":"+886 2 23944861","website":"https://www.7-11.com.tw/","wheelchair":"yes"},"geometry":{"type":"Point","coordinates":[121.531461,25.040784]}},{"type":"Feature","properties":{"id":"osm:node:6939523045","name":"7-Eleven","category":"convenience","brand":"7-Eleven","address":"台北市萬華區成都路68號"},"geometry":{"type":"Point","coordinates":[121.505219,25.042849]}},{"type":"Feature","properties":{"id":"osm:node:6944562143","name":"全家便利商店","category":"convenience","nameEn":"FamilyMart","brand":"全家便利商店","wheelchair":"yes"},"geometry":{"type":"Point","coordinates":[121.614423,25.057257]}},{"type":"Feature","properties":{"id":"osm:node:7004220046","name":"7-Eleven","category":"convenience","brand":"7-Eleven"},"geometry":{"type":"Point","coordinates":[121.546568,25.080931]}},{"type":"Feature","properties":{"id":"osm:node:7021139520","name":"全家便利商店","category":"convenience","nameEn":"FamilyMart","brand":"全家便利商店"},"geometry":{"type":"Point","coordinates":[121.634365,25.057779]}},{"type":"Feature","properties":{"id":"osm:node:7022030529","name":"全家便利商店","category":"convenience","nameEn":"FamilyMart","brand":"全家便利商店","address":"臺北市大安區安和路二段169號"},"geometry":{"type":"Point","coordinates":[121.550135,25.028178]}},{"type":"Feature","properties":{"id":"osm:node:7027544420","name":"全家便利商店","category":"convenience","nameEn":"FamilyMart","brand":"全家便利商店","opening_hours":"24/7","address":"22055新北市板橋區南雅東路8號一樓","phone":"+886 2 29655750","website":"https://www.family.com.tw/marketing/"},"geometry":{"type":"Point","coordinates":[121.454962,25.006049]}},{"type":"Feature","properties":{"id":"osm:node:7028564002","name":"萊爾富","category":"convenience","nameEn":"Hi-Life","brand":"萊爾富","opening_hours":"24/7","address":"22060新北市板橋區貴興路89號","phone":"+886 2 89782607","website":"http://www.hilife.com.tw/"},"geometry":{"type":"Point","coordinates":[121.4564,25.002747]}},{"type":"Feature","properties":{"id":"osm:node:7035784672","name":"OK超商","category":"convenience","nameEn":"OK mart","brand":"OK超商"},"geometry":{"type":"Point","coordinates":[121.483131,25.134755]}},{"type":"Feature","properties":{"id":"osm:node:7040009286","name":"7-Eleven","category":"convenience","nameEn":"7-Eleven","brand":"7-Eleven"},"geometry":{"type":"Point","coordinates":[121.552872,25.038152]}},{"type":"Feature","properties":{"id":"osm:node:7059455986","name":"蝦皮店到店","category":"convenience","nameEn":"Shopee Xpress","opening_hours":"Mo-Su 10:30-22:00","address":"新北市板橋區中山路二段392號一樓"},"geometry":{"type":"Point","coordinates":[121.482543,25.020523]}},{"type":"Feature","properties":{"id":"osm:node:7059456201","name":"7-Eleven","category":"convenience","brand":"7-Eleven","wheelchair":"yes"},"geometry":{"type":"Point","coordinates":[121.574824,25.078157]}},{"type":"Feature","properties":{"id":"osm:node:7093499164","name":"全家便利商店","category":"convenience","nameEn":"FamilyMart","brand":"全家便利商店"},"geometry":{"type":"Point","coordinates":[121.534498,24.977588]}},{"type":"Feature","properties":{"id":"osm:node:7105589157","name":"全家便利商店","category":"convenience","nameEn":"FamilyMart","brand":"全家便利商店"},"geometry":{"type":"Point","coordinates":[121.523137,25.050166]}},{"type":"Feature","properties":{"id":"osm:node:7105695923","name":"全家便利商店","category":"convenience","nameEn":"FamilyMart","brand":"全家便利商店"},"geometry":{"type":"Point","coordinates":[121.524369,25.065318]}},{"type":"Feature","properties":{"id":"osm:node:7105727624","name":"全家便利商店","category":"convenience","nameEn":"FamilyMart","brand":"全家便利商店"},"geometry":{"type":"Point","coordinates":[121.526528,25.066516]}},{"type":"Feature","properties":{"id":"osm:node:7105748257","name":"全家便利商店","category":"convenience","nameEn":"FamilyMart","brand":"全家便利商店","wheelchair":"yes"},"geometry":{"type":"Point","coordinates":[121.53302,25.063755]}},{"type":"Feature","properties":{"id":"osm:node:7108065300","name":"全家便利商店","category":"convenience","nameEn":"FamilyMart","brand":"全家便利商店"},"geometry":{"type":"Point","coordinates":[121.528685,25.062429]}},{"type":"Feature","properties":{"id":"osm:node:7114490273","name":"全家便利商店","category":"convenience","nameEn":"FamilyMart","brand":"全家便利商店"},"geometry":{"type":"Point","coordinates":[121.529077,25.06093]}},{"type":"Feature","properties":{"id":"osm:node:7114513691","name":"全家便利商店","category":"convenience","nameEn":"FamilyMart","brand":"全家便利商店"},"geometry":{"type":"Point","coordinates":[121.535838,25.058081]}},{"type":"Feature","properties":{"id":"osm:node:7114527605","name":"全家便利商店","category":"convenience","nameEn":"FamilyMart","brand":"全家便利商店","opening_hours":"24/7"},"geometry":{"type":"Point","coordinates":[121.537462,25.060194]}},{"type":"Feature","properties":{"id":"osm:node:7115106023","name":"全家便利商店","category":"convenience","nameEn":"FamilyMart","brand":"全家便利商店"},"geometry":{"type":"Point","coordinates":[121.536449,25.05571]}},{"type":"Feature","properties":{"id":"osm:node:7115107656","name":"全家便利商店","category":"convenience","nameEn":"FamilyMart","brand":"全家便利商店"},"geometry":{"type":"Point","coordinates":[121.527882,25.054761]}},{"type":"Feature","properties":{"id":"osm:node:7125458199","name":"7-Eleven","category":"convenience","brand":"7-Eleven","opening_hours":"06:00-24:00"},"geometry":{"type":"Point","coordinates":[121.515363,25.044708]}},{"type":"Feature","properties":{"id":"osm:node:7183278400","name":"全家便利商店","category":"convenience","nameEn":"FamilyMart","brand":"全家便利商店","opening_hours":"24/7","address":"114台北市內湖區康寧路一段37號","phone":"+886 2 7746 3060","website":"https://www.family.com.tw/mobile/"},"geometry":{"type":"Point","coordinates":[121.59168,25.080459]}},{"type":"Feature","properties":{"id":"osm:node:7191364602","name":"7-Eleven","category":"convenience","brand":"7-Eleven","address":"247新北市蘆洲區民族路122號一樓"},"geometry":{"type":"Point","coordinates":[121.479055,25.085499]}},{"type":"Feature","properties":{"id":"osm:node:7191364607","name":"全家便利商店","category":"convenience","nameEn":"FamilyMart","brand":"全家便利商店","address":"247新北市蘆洲區民族路180號一樓"},"geometry":{"type":"Point","coordinates":[121.479968,25.08676]}},{"type":"Feature","properties":{"id":"osm:node:7191634532","name":"7-Eleven","category":"convenience","brand":"7-Eleven","address":"新北市蘆洲區信義路"},"geometry":{"type":"Point","coordinates":[121.477884,25.087006]}},{"type":"Feature","properties":{"id":"osm:node:7192621281","name":"全家便利商店","category":"convenience","nameEn":"FamilyMart","brand":"全家便利商店"},"geometry":{"type":"Point","coordinates":[121.477603,25.08475]}},{"type":"Feature","properties":{"id":"osm:node:7192629097","name":"全家便利商店","category":"convenience","nameEn":"FamilyMart","brand":"全家便利商店"},"geometry":{"type":"Point","coordinates":[121.475857,25.086499]}},{"type":"Feature","properties":{"id":"osm:node:7213865750","name":"7-Eleven","category":"convenience","brand":"7-Eleven"},"geometry":{"type":"Point","coordinates":[121.515191,25.046702]}},{"type":"Feature","properties":{"id":"osm:node:7213870333","name":"7-Eleven","category":"convenience","brand":"7-Eleven","address":"臺北市","wheelchair":"no"},"geometry":{"type":"Point","coordinates":[121.518176,25.044921]}},{"type":"Feature","properties":{"id":"osm:node:7216987766","name":"7-Eleven","category":"convenience","brand":"7-Eleven"},"geometry":{"type":"Point","coordinates":[121.51245,25.068467]}},{"type":"Feature","properties":{"id":"osm:node:7278675534","name":"全家便利商店","category":"convenience","nameEn":"FamilyMart","brand":"全家便利商店"},"geometry":{"type":"Point","coordinates":[121.577946,25.04642]}},{"type":"Feature","properties":{"id":"osm:node:7330746357","name":"7-Eleven","category":"convenience","brand":"7-Eleven","opening_hours":"Mo-Su 07:00-23:00","address":"臺北市大安區羅斯福路四段1號"},"geometry":{"type":"Point","coordinates":[121.537992,25.014514]}},{"type":"Feature","properties":{"id":"osm:node:736470047","name":"全家便利商店","category":"convenience","nameEn":"FamilyMart","brand":"全家便利商店","opening_hours":"24/7","address":"10090臺北市中正區汀州路三段173號","phone":"+886 2 2368 1345;+886 2 7709 6364","website":"https://www.family.com.tw/","wheelchair":"yes"},"geometry":{"type":"Point","coordinates":[121.532478,25.015026]}},{"type":"Feature","properties":{"id":"osm:node:736470051","name":"7-Eleven","category":"convenience","brand":"7-Eleven","opening_hours":"24/7","address":"10087臺北市中正區思源街16號","phone":"+886-2-2368-4419","website":"https://www.7-11.com.tw/","wheelchair":"limited"},"geometry":{"type":"Point","coordinates":[121.530883,25.014371]}},{"type":"Feature","properties":{"id":"osm:node:736473563","name":"7-Eleven","category":"convenience","brand":"7-Eleven","opening_hours":"24/7","address":"10090臺北市中正區汀州路三段129號","phone":"+886-2-2365-3720","website":"https://www.7-11.com.tw/","wheelchair":"yes"},"geometry":{"type":"Point","coordinates":[121.530669,25.016305]}},{"type":"Feature","properties":{"id":"osm:node:736491395","name":"全家便利商店","category":"convenience","nameEn":"FamilyMart","brand":"全家便利商店","opening_hours":"24/7","address":"10090臺北市中正區羅斯福路三段316巷8弄1號","phone":"+886 2 2367 2204;+886 2 7709 5872","website":"https://www.family.com.tw/","wheelchair":"yes"},"geometry":{"type":"Point","coordinates":[121.532549,25.015727]}},{"type":"Feature","properties":{"id":"osm:node:736492716","name":"全家便利商店","category":"convenience","nameEn":"FamilyMart","brand":"全家便利商店","opening_hours":"Mo-Su 07:00-22:00","address":"10673臺北市大安區羅斯福路四段85號","phone":"+886 2 2366 1941;+886 2 7709 6561","website":"https://www.family.com.tw/","wheelchair":"yes"},"geometry":{"type":"Point","coordinates":[121.536624,25.013055]}},{"type":"Feature","properties":{"id":"osm:node:7365923866","name":"全家便利商店","category":"convenience","nameEn":"FamilyMart","brand":"全家便利商店","opening_hours":"24/7","address":"241新北市三重區文化北路15號"},"geometry":{"type":"Point","coordinates":[121.49972,25.063601]}},{"type":"Feature","properties":{"id":"osm:node:7365964019","name":"萊爾富","category":"convenience","nameEn":"Hi-Life","brand":"萊爾富"},"geometry":{"type":"Point","coordinates":[121.498501,25.066403]}},{"type":"Feature","properties":{"id":"osm:node:736752165","name":"7-Eleven","category":"convenience","brand":"7-Eleven","opening_hours":"24/7","phone":"+886-2-2365-4321","website":"https://www.7-11.com.tw/","wheelchair":"yes"},"geometry":{"type":"Point","coordinates":[121.53074,25.016845]}},{"type":"Feature","properties":{"id":"osm:node:7368540615","name":"萊爾富","category":"convenience","nameEn":"Hi-Life","brand":"萊爾富"},"geometry":{"type":"Point","coordinates":[121.500268,25.066187]}},{"type":"Feature","properties":{"id":"osm:node:7384220349","name":"7-Eleven","category":"convenience","brand":"7-Eleven","opening_hours":"24/7","address":"106090臺北市大安區信義路三段65號1樓","phone":"+886 2 2709 7500","website":"https://www.7-11.com.tw/"},"geometry":{"type":"Point","coordinates":[121.536666,25.033733]}},{"type":"Feature","properties":{"id":"osm:node:7384458590","name":"全家便利商店","category":"convenience","nameEn":"FamilyMart","brand":"全家便利商店"},"geometry":{"type":"Point","coordinates":[121.536012,25.034207]}},{"type":"Feature","properties":{"id":"osm:node:738837031","name":"7-Eleven","category":"convenience","brand":"7-Eleven","address":"台北市大安區羅斯福路三段333巷10號1F","wheelchair":"no"},"geometry":{"type":"Point","coordinates":[121.53254,25.017424]}},{"type":"Feature","properties":{"id":"osm:node:738839686","name":"7-Eleven","category":"convenience","brand":"7-Eleven","address":"106臺北市大安區羅斯福路三段245號","wheelchair":"yes"},"geometry":{"type":"Point","coordinates":[121.529991,25.019257]}},{"type":"Feature","properties":{"id":"osm:node:7416497184","name":"7-Eleven","category":"convenience","brand":"7-Eleven","opening_hours":"24/7","address":"24148新北市三重區長元街2號"},"geometry":{"type":"Point","coordinates":[121.497942,25.067176]}},{"type":"Feature","properties":{"id":"osm:node:743173514","name":"萊爾富","category":"convenience","nameEn":"Hi-Life","brand":"萊爾富","address":"106臺北市大安區羅斯福路三段283巷11號","wheelchair":"yes"},"geometry":{"type":"Point","coordinates":[121.53156,25.019028]}},{"type":"Feature","properties":{"id":"osm:node:7434130692","name":"全家便利商店","category":"convenience","nameEn":"FamilyMart","brand":"全家便利商店"},"geometry":{"type":"Point","coordinates":[121.50207,25.039654]}},{"type":"Feature","properties":{"id":"osm:node:7597631114","name":"全家便利商店","category":"convenience","nameEn":"FamilyMart","brand":"全家便利商店","opening_hours":"24/7","address":"116006臺北市文山區興隆路四段105巷42號一樓","phone":"+886 2 8661 9874","website":"https://www.family.com.tw","wheelchair":"yes"},"geometry":{"type":"Point","coordinates":[121.562175,24.987648]}},{"type":"Feature","properties":{"id":"osm:node:7630753372","name":"7-Eleven","category":"convenience","brand":"7-Eleven","opening_hours":"24/7"},"geometry":{"type":"Point","coordinates":[121.550164,25.034387]}},{"type":"Feature","properties":{"id":"osm:node:7631275087","name":"7-Eleven","category":"convenience","brand":"7-Eleven"},"geometry":{"type":"Point","coordinates":[121.565615,25.079755]}},{"type":"Feature","properties":{"id":"osm:node:7666432185","name":"全家便利商店","category":"convenience","nameEn":"FamilyMart","brand":"全家便利商店","opening_hours":"24/7","address":"新北市板橋區民權路202巷7弄1號"},"geometry":{"type":"Point","coordinates":[121.460059,25.014701]}},{"type":"Feature","properties":{"id":"osm:node:7668443830","name":"家樂福超市","category":"convenience","nameEn":"Carrefour Market","brand":"家樂福超市","opening_hours":"24/7","address":"106臺北市大安區臨江街87號"},"geometry":{"type":"Point","coordinates":[121.554893,25.03026]}},{"type":"Feature","properties":{"id":"osm:node:7699945609","name":"萊爾富","category":"convenience","nameEn":"Hi-Life","brand":"萊爾富"},"geometry":{"type":"Point","coordinates":[121.518726,25.049253]}},{"type":"Feature","properties":{"id":"osm:node:7700005286","name":"萊爾富","category":"convenience","nameEn":"Hi-Life","brand":"萊爾富"},"geometry":{"type":"Point","coordinates":[121.518486,25.049102]}},{"type":"Feature","properties":{"id":"osm:node:7700202752","name":"萊爾富","category":"convenience","nameEn":"Hi-Life","brand":"萊爾富"},"geometry":{"type":"Point","coordinates":[121.472067,25.109179]}},{"type":"Feature","properties":{"id":"osm:node:7700355068","name":"全家便利商店","category":"convenience","nameEn":"FamilyMart","brand":"全家便利商店","opening_hours":"24/7","address":"臺北市北投區知行路237號"},"geometry":{"type":"Point","coordinates":[121.466987,25.120398]}},{"type":"Feature","properties":{"id":"osm:node:7702051770","name":"美廉社","category":"convenience","brand":"美廉社","opening_hours":"Mo-Su 07:00-24:00","address":"臺北市北投區知行路225巷17號"},"geometry":{"type":"Point","coordinates":[121.466065,25.12012]}},{"type":"Feature","properties":{"id":"osm:node:7726472386","name":"7-Eleven","category":"convenience","brand":"7-Eleven"},"geometry":{"type":"Point","coordinates":[121.484221,25.008003]}},{"type":"Feature","properties":{"id":"osm:node:7727553472","name":"全家便利商店","category":"convenience","nameEn":"FamilyMart","brand":"全家便利商店"},"geometry":{"type":"Point","coordinates":[121.511957,25.084635]}},{"type":"Feature","properties":{"id":"osm:node:7728196407","name":"萊爾富","category":"convenience","nameEn":"Hi-Life","brand":"萊爾富"},"geometry":{"type":"Point","coordinates":[121.504939,25.088459]}},{"type":"Feature","properties":{"id":"osm:node:7728196408","name":"萊爾富","category":"convenience","nameEn":"Hi-Life","brand":"萊爾富","opening_hours":"24/7","address":"臺北市士林區社子街63巷2號"},"geometry":{"type":"Point","coordinates":[121.506851,25.087544]}},{"type":"Feature","properties":{"id":"osm:node:7728196409","name":"全家便利商店","category":"convenience","nameEn":"FamilyMart","brand":"全家便利商店"},"geometry":{"type":"Point","coordinates":[121.507971,25.08768]}},{"type":"Feature","properties":{"id":"osm:node:7728251922","name":"全家便利商店","category":"convenience","nameEn":"FamilyMart","brand":"全家便利商店"},"geometry":{"type":"Point","coordinates":[121.506321,25.092152]}},{"type":"Feature","properties":{"id":"osm:node:7728251938","name":"全家便利商店","category":"convenience","nameEn":"FamilyMart","brand":"全家便利商店"},"geometry":{"type":"Point","coordinates":[121.503438,25.092284]}},{"type":"Feature","properties":{"id":"osm:node:7728441869","name":"7-Eleven","category":"convenience","brand":"7-Eleven"},"geometry":{"type":"Point","coordinates":[121.509552,25.028053]}},{"type":"Feature","properties":{"id":"osm:node:7728479955","name":"7-Eleven","category":"convenience","brand":"7-Eleven"},"geometry":{"type":"Point","coordinates":[121.521041,25.02333]}},{"type":"Feature","properties":{"id":"osm:node:7728526345","name":"全家便利商店","category":"convenience","nameEn":"FamilyMart","brand":"全家便利商店"},"geometry":{"type":"Point","coordinates":[121.504299,25.004529]}},{"type":"Feature","properties":{"id":"osm:node:7728564423","name":"7-Eleven","category":"convenience","brand":"7-Eleven"},"geometry":{"type":"Point","coordinates":[121.50246,25.003198]}},{"type":"Feature","properties":{"id":"osm:node:7728568803","name":"OK超商","category":"convenience","nameEn":"OK mart","brand":"OK超商"},"geometry":{"type":"Point","coordinates":[121.504739,25.002591]}},{"type":"Feature","properties":{"id":"osm:node:7728568804","name":"全家便利商店","category":"convenience","nameEn":"FamilyMart","brand":"全家便利商店"},"geometry":{"type":"Point","coordinates":[121.50332,25.001824]}},{"type":"Feature","properties":{"id":"osm:node:7728619393","name":"7-Eleven","category":"convenience","brand":"7-Eleven"},"geometry":{"type":"Point","coordinates":[121.514221,25.000299]}},{"type":"Feature","properties":{"id":"osm:node:7728619399","name":"7-Eleven","category":"convenience","brand":"7-Eleven","wheelchair":"yes"},"geometry":{"type":"Point","coordinates":[121.512018,25.001823]}},{"type":"Feature","properties":{"id":"osm:node:7728619400","name":"全家便利商店","category":"convenience","nameEn":"FamilyMart","brand":"全家便利商店","wheelchair":"no"},"geometry":{"type":"Point","coordinates":[121.512067,25.001883]}},{"type":"Feature","properties":{"id":"osm:node:7728619401","name":"7-Eleven","category":"convenience","brand":"7-Eleven"},"geometry":{"type":"Point","coordinates":[121.509728,25.001065]}},{"type":"Feature","properties":{"id":"osm:node:7728628170","name":"萊爾富","category":"convenience","nameEn":"Hi-Life","brand":"萊爾富","opening_hours":"24/7"},"geometry":{"type":"Point","coordinates":[121.52223,24.99335]}},{"type":"Feature","properties":{"id":"osm:node:7728628172","name":"全家便利商店","category":"convenience","nameEn":"FamilyMart","brand":"全家便利商店"},"geometry":{"type":"Point","coordinates":[121.52006,24.994131]}},{"type":"Feature","properties":{"id":"osm:node:7728637285","name":"7-Eleven","category":"convenience","brand":"7-Eleven"},"geometry":{"type":"Point","coordinates":[121.516274,25.004305]}},{"type":"Feature","properties":{"id":"osm:node:7728810456","name":"萊爾富","category":"convenience","nameEn":"Hi-Life","brand":"萊爾富"},"geometry":{"type":"Point","coordinates":[121.517592,25.004466]}},{"type":"Feature","properties":{"id":"osm:node:7731649067","name":"全家便利商店","category":"convenience","nameEn":"FamilyMart","brand":"全家便利商店"},"geometry":{"type":"Point","coordinates":[121.543779,25.054481]}},{"type":"Feature","properties":{"id":"osm:node:7749782410","name":"全家便利商店","category":"convenience","nameEn":"FamilyMart","brand":"全家便利商店"},"geometry":{"type":"Point","coordinates":[121.517588,25.045024]}},{"type":"Feature","properties":{"id":"osm:node:7749821096","name":"蝦皮店到店","category":"convenience","nameEn":"Shopee Xpress","opening_hours":"Mo-Su 10:30-22:00","address":"臺北市內湖區新明路368號一樓"},"geometry":{"type":"Point","coordinates":[121.580689,25.054922]}},{"type":"Feature","properties":{"id":"osm:node:7759792510","name":"7-Eleven","category":"convenience","brand":"7-Eleven"},"geometry":{"type":"Point","coordinates":[121.541552,25.137279]}},{"type":"Feature","properties":{"id":"osm:node:7765187817","name":"蝦皮店到店","category":"convenience","nameEn":"Shopee Xpress","brand":"蝦皮店到店","opening_hours":"Mo-Su 11:30-22:30","address":"108036臺北市萬華區寶興街32號1樓"},"geometry":{"type":"Point","coordinates":[121.49309,25.027413]}},{"type":"Feature","properties":{"id":"osm:node:7765188438","name":"蝦皮店到店","category":"convenience","nameEn":"Shopee Xpress","opening_hours":"Mo-Su 10:30-22:00","address":"臺北市中正區中華路二段473號一樓"},"geometry":{"type":"Point","coordinates":[121.51141,25.024448]}},{"type":"Feature","properties":{"id":"osm:node:7772741766","name":"蝦皮店到店","category":"convenience","nameEn":"Shopee Xpress","brand":"蝦皮店到店","opening_hours":"24/7","address":"108040臺北市萬華區德昌街162號","website":"https://spx.tw"},"geometry":{"type":"Point","coordinates":[121.4959,25.023942]}},{"type":"Feature","properties":{"id":"osm:node:7777546500","name":"全家便利商店","category":"convenience","nameEn":"FamilyMart","brand":"全家便利商店"},"geometry":{"type":"Point","coordinates":[121.460153,24.991067]}},{"type":"Feature","properties":{"id":"osm:node:7777546503","name":"全家便利商店","category":"convenience","nameEn":"FamilyMart","brand":"全家便利商店"},"geometry":{"type":"Point","coordinates":[121.457229,24.995371]}},{"type":"Feature","properties":{"id":"osm:node:7786748174","name":"7-Eleven","category":"convenience","brand":"7-Eleven"},"geometry":{"type":"Point","coordinates":[121.520038,25.062629]}},{"type":"Feature","properties":{"id":"osm:node:7795197888","name":"萊爾富","category":"convenience","nameEn":"Hi-Life","brand":"萊爾富","opening_hours":"24/7","address":"台北市士林區承德路四段12巷35號"},"geometry":{"type":"Point","coordinates":[121.520352,25.080705]}},{"type":"Feature","properties":{"id":"osm:node:7800576500","name":"萊爾富","category":"convenience","nameEn":"Hi-Life","brand":"萊爾富","address":"臺北市松山區延吉街44號"},"geometry":{"type":"Point","coordinates":[121.553575,25.045527]}},{"type":"Feature","properties":{"id":"osm:node:7801945898","name":"義美食品","category":"convenience","nameEn":"imei foods","opening_hours":"Mo-Su 09:00-22:00","address":"臺北市萬華區長沙街二段72號"},"geometry":{"type":"Point","coordinates":[121.505371,25.04045]}},{"type":"Feature","properties":{"id":"osm:node:7808769849","name":"7-Eleven","category":"convenience","brand":"7-Eleven"},"geometry":{"type":"Point","coordinates":[121.523872,25.044478]}},{"type":"Feature","properties":{"id":"osm:node:7815464123","name":"7-Eleven","category":"convenience","brand":"7-Eleven"},"geometry":{"type":"Point","coordinates":[121.518821,25.047877]}},{"type":"Feature","properties":{"id":"osm:node:7836876537","name":"全家便利商店","category":"convenience","nameEn":"FamilyMart","brand":"全家便利商店","opening_hours":"24/7","address":"100024臺北市中正區杭州南路一段19號一樓","phone":"+886 2 2351 3120","wheelchair":"limited"},"geometry":{"type":"Point","coordinates":[121.526559,25.042569]}},{"type":"Feature","properties":{"id":"osm:node:7839827874","name":"全家便利商店","category":"convenience","nameEn":"FamilyMart","brand":"全家便利商店"},"geometry":{"type":"Point","coordinates":[121.516434,25.04762]}},{"type":"Feature","properties":{"id":"osm:node:7849449242","name":"全家便利商店","category":"convenience","nameEn":"FamilyMart","brand":"全家便利商店","wheelchair":"yes"},"geometry":{"type":"Point","coordinates":[121.607202,25.052736]}},{"type":"Feature","properties":{"id":"osm:node:7878758418","name":"南山福德宮直營販賣部","category":"convenience"},"geometry":{"type":"Point","coordinates":[121.497559,24.971868]}},{"type":"Feature","properties":{"id":"osm:node:7881321073","name":"萊爾富","category":"convenience","nameEn":"Hi-Life","brand":"萊爾富"},"geometry":{"type":"Point","coordinates":[121.559273,25.051754]}},{"type":"Feature","properties":{"id":"osm:node:7892469085","name":"全家便利商店","category":"convenience","nameEn":"FamilyMart","brand":"全家便利商店","opening_hours":"24/7","address":"234新北市永和區福和路173號一樓","phone":"+886 2 2921 3528"},"geometry":{"type":"Point","coordinates":[121.519992,25.007639]}},{"type":"Feature","properties":{"id":"osm:node:7902834994","name":"全家便利商店","category":"convenience","nameEn":"FamilyMart","brand":"全家便利商店","opening_hours":"24/7","address":"220078新北市板橋區三民路二段正隆巷34號","phone":"+886 2 2957 8305;+886 2 7709 6073","website":"https://www.family.com.tw/"},"geometry":{"type":"Point","coordinates":[121.477179,25.013616]}},{"type":"Feature","properties":{"id":"osm:node:7902834995","name":"全家便利商店","category":"convenience","nameEn":"FamilyMart","brand":"全家便利商店","opening_hours":"24/7","address":"220871新北市板橋區民生路一段33號","phone":"+886 2 2957 7130;+886 2 7709 6075","website":"https://www.family.com.tw/"},"geometry":{"type":"Point","coordinates":[121.47586,25.012082]}},{"type":"Feature","properties":{"id":"osm:node:7902834996","name":"全家便利商店","category":"convenience","nameEn":"FamilyMart","brand":"全家便利商店","opening_hours":"24/7","address":"220076新北市板橋區板新路97、99號","phone":"+886 2 2954 5602;+886 2 7709 6169","website":"https://www.family.com.tw/"},"geometry":{"type":"Point","coordinates":[121.472876,25.013961]}},{"type":"Feature","properties":{"id":"osm:node:7902834997","name":"全家便利商店","category":"convenience","nameEn":"FamilyMart","brand":"全家便利商店","opening_hours":"24/7","address":"220075新北市板橋區長安街331巷94號","phone":"+886 2 2964 5603;+886 2 7746 3573","website":"https://www.family.com.tw/"},"geometry":{"type":"Point","coordinates":[121.471933,25.012774]}},{"type":"Feature","properties":{"id":"osm:node:7902834998","name":"全家便利商店","category":"convenience","nameEn":"FamilyMart","brand":"全家便利商店","opening_hours":"24/7","address":"220079新北市板橋區三民路二段140號","phone":"+886 2 2955 6108;+886 2 7746 3157","website":"https://www.family.com.tw/"},"geometry":{"type":"Point","coordinates":[121.478976,25.015898]}},{"type":"Feature","properties":{"id":"osm:node:7902834999","name":"全家便利商店","category":"convenience","nameEn":"FamilyMart","brand":"全家便利商店","opening_hours":"24/7","address":"220082新北市板橋區三民路二段21巷6號","phone":"+886 2 2963 6100;+886 2 7730 2140","website":"https://www.family.com.tw/"},"geometry":{"type":"Point","coordinates":[121.479772,25.018085]}},{"type":"Feature","properties":{"id":"osm:node:7902835000","name":"全家便利商店","category":"convenience","nameEn":"FamilyMart","brand":"全家便利商店","opening_hours":"24/7","address":"220084新北市板橋區中山路二段503號","phone":"+886 2 2964 3847;+886 2 7709 6055","website":"https://www.family.com.tw/"},"geometry":{"type":"Point","coordinates":[121.482658,25.021047]}},{"type":"Feature","properties":{"id":"osm:node:7902835001","name":"全家便利商店","category":"convenience","nameEn":"FamilyMart","brand":"全家便利商店","opening_hours":"24/7","address":"220085新北市板橋區三民路一段94、96號","phone":"+886 2 8964 1541;+886 2 7709 6045","website":"https://www.family.com.tw/"},"geometry":{"type":"Point","coordinates":[121.479174,25.021572]}},{"type":"Feature","properties":{"id":"osm:node:7902835002","name":"全家便利商店","category":"convenience","nameEn":"FamilyMart","brand":"全家便利商店","opening_hours":"24/7","address":"220085新北市板橋區三民路一段31巷89弄3號","phone":"+886 2 8961 2085;+886 2 7709 6043","website":"https://www.family.com.tw/"},"geometry":{"type":"Point","coordinates":[121.48177,25.023307]}},{"type":"Feature","properties":{"id":"osm:node:7902835004","name":"7-Eleven","category":"convenience","brand":"7-Eleven","opening_hours":"24/7","address":"220085新北市板橋區三民路一段31巷89弄10、12號","phone":"+886 2 2959 3790","website":"https://www.7-11.com.tw/"},"geometry":{"type":"Point","coordinates":[121.481834,25.02353]}},{"type":"Feature","properties":{"id":"osm:node:7902835005","name":"7-Eleven","category":"convenience","brand":"7-Eleven","opening_hours":"24/7","address":"220085新北市板橋區三民路一段31巷14、16號","phone":"+886 2 2954 7438","website":"https://www.7-11.com.tw/"},"geometry":{"type":"Point","coordinates":[121.480017,25.023064]}},{"type":"Feature","properties":{"id":"osm:node:7902835006","name":"7-Eleven","category":"convenience","brand":"7-Eleven","opening_hours":"24/7","address":"220084新北市板橋區中山路二段531巷17弄20號","phone":"+886 2 2962 9746","website":"https://www.7-11.com.tw/"},"geometry":{"type":"Point","coordinates":[121.482225,25.021995]}},{"type":"Feature","properties":{"id":"osm:node:7902835007","name":"7-Eleven","category":"convenience","brand":"7-Eleven","opening_hours":"24/7","address":"220085新北市板橋區中山路二段399、401號","phone":"+886 2 2964 0706","website":"https://www.7-11.com.tw/"},"geometry":{"type":"Point","coordinates":[121.480398,25.019566]}},{"type":"Feature","properties":{"id":"osm:node:7902835008","name":"7-Eleven","category":"convenience","brand":"7-Eleven","opening_hours":"24/7","address":"220776新北市板橋區中山路二段137號","phone":"+886 2 2957 3209","website":"https://www.7-11.com.tw/"},"geometry":{"type":"Point","coordinates":[121.475176,25.016687]}},{"type":"Feature","properties":{"id":"osm:node:7902835009","name":"7-Eleven","category":"convenience","brand":"7-Eleven","opening_hours":"24/7","address":"220078新北市板橋區民享街53號","phone":"+886 2 8961 2979","website":"https://www.7-11.com.tw/"},"geometry":{"type":"Point","coordinates":[121.475887,25.015175]}},{"type":"Feature","properties":{"id":"osm:node:7902835010","name":"7-Eleven","category":"convenience","brand":"7-Eleven","opening_hours":"24/7","address":"220076新北市板橋區長安街202、204號","phone":"+886 2 2951 4455","website":"https://www.7-11.com.tw/"},"geometry":{"type":"Point","coordinates":[121.474607,25.011717]}},{"type":"Feature","properties":{"id":"osm:node:7912303857","name":"雜貨店","category":"convenience","opening_hours":"Mo-Su 09:00-21:00"},"geometry":{"type":"Point","coordinates":[121.559514,25.119317]}},{"type":"Feature","properties":{"id":"osm:node:7935889186","name":"政大合作社","category":"convenience"},"geometry":{"type":"Point","coordinates":[121.575563,24.98579]}},{"type":"Feature","properties":{"id":"osm:node:7936796216","name":"全家便利商店","category":"convenience","nameEn":"FamilyMart","brand":"全家便利商店","opening_hours":"24/7","address":"臺北市北投區知行路298號"},"geometry":{"type":"Point","coordinates":[121.467491,25.12199]}},{"type":"Feature","properties":{"id":"osm:node:7936796218","name":"7-Eleven","category":"convenience","brand":"7-Eleven","opening_hours":"24/7","address":"臺北市北投區知行路185號"},"geometry":{"type":"Point","coordinates":[121.466147,25.119056]}},{"type":"Feature","properties":{"id":"osm:node:7936800877","name":"萊爾富","category":"convenience","nameEn":"Hi-Life","brand":"萊爾富"},"geometry":{"type":"Point","coordinates":[121.451293,25.131659]}},{"type":"Feature","properties":{"id":"osm:node:7936800883","name":"全家便利商店","category":"convenience","nameEn":"FamilyMart","brand":"全家便利商店"},"geometry":{"type":"Point","coordinates":[121.452129,25.128584]}},{"type":"Feature","properties":{"id":"osm:node:7937039447","name":"全家便利商店","category":"convenience","nameEn":"FamilyMart","brand":"全家便利商店"},"geometry":{"type":"Point","coordinates":[121.515765,25.012958]}},{"type":"Feature","properties":{"id":"osm:node:7937039449","name":"萊爾富","category":"convenience","nameEn":"Hi-Life","brand":"萊爾富"},"geometry":{"type":"Point","coordinates":[121.518464,25.013701]}},{"type":"Feature","properties":{"id":"osm:node:7963080459","name":"7-Eleven","category":"convenience","brand":"7-Eleven","opening_hours":"24/7","address":"236新北市土城區學府路一段28號"},"geometry":{"type":"Point","coordinates":[121.458275,24.988525]}},{"type":"Feature","properties":{"id":"osm:node:7963583103","name":"7-Eleven","category":"convenience","brand":"7-Eleven"},"geometry":{"type":"Point","coordinates":[121.513808,25.046825]}},{"type":"Feature","properties":{"id":"osm:node:8029920825","name":"OK超商","category":"convenience","nameEn":"OK mart","brand":"OK超商","opening_hours":"24/7"},"geometry":{"type":"Point","coordinates":[121.51306,24.988862]}},{"type":"Feature","properties":{"id":"osm:node:8029964087","name":"全家便利商店","category":"convenience","nameEn":"FamilyMart","brand":"全家便利商店"},"geometry":{"type":"Point","coordinates":[121.482142,25.074424]}},{"type":"Feature","properties":{"id":"osm:node:8030079475","name":"7-Eleven","category":"convenience","brand":"7-Eleven","opening_hours":"24/7","address":"新北市新店區安民街72號"},"geometry":{"type":"Point","coordinates":[121.516617,24.966675]}},{"type":"Feature","properties":{"id":"osm:node:8044395065","name":"7-Eleven","category":"convenience","brand":"7-Eleven"},"geometry":{"type":"Point","coordinates":[121.452684,25.180389]}},{"type":"Feature","properties":{"id":"osm:node:8083569602","name":"7-Eleven","category":"convenience","brand":"7-Eleven","opening_hours":"24/7","address":"104台北市中山區天津街65號","phone":"+886 2 25434306","website":"https://www.7-11.com.tw/"},"geometry":{"type":"Point","coordinates":[121.523581,25.051769]}},{"type":"Feature","properties":{"id":"osm:node:8099385653","name":"台糖福利社","category":"convenience","nameEn":"Taisugar Store","opening_hours":"Mo-Fr 10:00-18:00"},"geometry":{"type":"Point","coordinates":[121.51089,25.041673]}},{"type":"Feature","properties":{"id":"osm:node:8110647242","name":"全家便利商店","category":"convenience","nameEn":"FamilyMart","brand":"全家便利商店"},"geometry":{"type":"Point","coordinates":[121.612573,25.070182]}},{"type":"Feature","properties":{"id":"osm:node:8111105410","name":"全家便利商店","category":"convenience","nameEn":"FamilyMart","brand":"全家便利商店","opening_hours":"24/7"},"geometry":{"type":"Point","coordinates":[121.521486,25.041057]}},{"type":"Feature","properties":{"id":"osm:node:8118014981","name":"OK超商","category":"convenience","nameEn":"OK mart","brand":"OK超商"},"geometry":{"type":"Point","coordinates":[121.470498,25.132469]}},{"type":"Feature","properties":{"id":"osm:node:8118095193","name":"7-Eleven","category":"convenience","brand":"7-Eleven"},"geometry":{"type":"Point","coordinates":[121.535869,25.117958]}},{"type":"Feature","properties":{"id":"osm:node:8118095194","name":"7-Eleven","category":"convenience","brand":"7-Eleven"},"geometry":{"type":"Point","coordinates":[121.531929,25.116733]}},{"type":"Feature","properties":{"id":"osm:node:8118095195","name":"7-Eleven","category":"convenience","brand":"7-Eleven"},"geometry":{"type":"Point","coordinates":[121.533196,25.116761]}},{"type":"Feature","properties":{"id":"osm:node:8118095196","name":"7-Eleven","category":"convenience","brand":"7-Eleven"},"geometry":{"type":"Point","coordinates":[121.532392,25.118835]}},{"type":"Feature","properties":{"id":"osm:node:8118095197","name":"7-Eleven","category":"convenience","brand":"7-Eleven"},"geometry":{"type":"Point","coordinates":[121.532822,25.123819]}},{"type":"Feature","properties":{"id":"osm:node:8118095198","name":"7-Eleven","category":"convenience","brand":"7-Eleven"},"geometry":{"type":"Point","coordinates":[121.531474,25.123164]}},{"type":"Feature","properties":{"id":"osm:node:8118095199","name":"7-Eleven","category":"convenience","brand":"7-Eleven"},"geometry":{"type":"Point","coordinates":[121.525011,25.122984]}},{"type":"Feature","properties":{"id":"osm:node:8118095200","name":"7-Eleven","category":"convenience","brand":"7-Eleven"},"geometry":{"type":"Point","coordinates":[121.522887,25.121255]}},{"type":"Feature","properties":{"id":"osm:node:8118095201","name":"7-Eleven","category":"convenience","brand":"7-Eleven"},"geometry":{"type":"Point","coordinates":[121.518273,25.118573]}},{"type":"Feature","properties":{"id":"osm:node:8118095202","name":"7-Eleven","category":"convenience","brand":"7-Eleven","address":"台北市北投區振興街45號"},"geometry":{"type":"Point","coordinates":[121.522543,25.117388]}},{"type":"Feature","properties":{"id":"osm:node:8118095203","name":"7-Eleven","category":"convenience","brand":"7-Eleven"},"geometry":{"type":"Point","coordinates":[121.517674,25.105625]}},{"type":"Feature","properties":{"id":"osm:node:8118095204","name":"7-Eleven","category":"convenience","brand":"7-Eleven"},"geometry":{"type":"Point","coordinates":[121.534698,25.109761]}},{"type":"Feature","properties":{"id":"osm:node:8118095205","name":"7-Eleven","category":"convenience","brand":"7-Eleven"},"geometry":{"type":"Point","coordinates":[121.532892,25.107673]}},{"type":"Feature","properties":{"id":"osm:node:8118095206","name":"7-Eleven","category":"convenience","brand":"7-Eleven"},"geometry":{"type":"Point","coordinates":[121.53139,25.105845]}},{"type":"Feature","properties":{"id":"osm:node:8118095207","name":"7-Eleven","category":"convenience","brand":"7-Eleven"},"geometry":{"type":"Point","coordinates":[121.52872,25.105653]}},{"type":"Feature","properties":{"id":"osm:node:8118095208","name":"7-Eleven","category":"convenience","brand":"7-Eleven"},"geometry":{"type":"Point","coordinates":[121.51187,25.083178]}},{"type":"Feature","properties":{"id":"osm:node:8118095209","name":"7-Eleven","category":"convenience","brand":"7-Eleven"},"geometry":{"type":"Point","coordinates":[121.496447,25.071801]}},{"type":"Feature","properties":{"id":"osm:node:8118095210","name":"7-Eleven","category":"convenience","brand":"7-Eleven"},"geometry":{"type":"Point","coordinates":[121.486859,25.072461]}},{"type":"Feature","properties":{"id":"osm:node:8118095211","name":"7-Eleven","category":"convenience","brand":"7-Eleven"},"geometry":{"type":"Point","coordinates":[121.484177,25.075969]}},{"type":"Feature","properties":{"id":"osm:node:8118095212","name":"7-Eleven","category":"convenience","brand":"7-Eleven"},"geometry":{"type":"Point","coordinates":[121.482729,25.076377]}},{"type":"Feature","properties":{"id":"osm:node:8118095213","name":"7-Eleven","category":"convenience","brand":"7-Eleven"},"geometry":{"type":"Point","coordinates":[121.481012,25.075435]}},{"type":"Feature","properties":{"id":"osm:node:8118095214","name":"7-Eleven","category":"convenience","brand":"7-Eleven"},"geometry":{"type":"Point","coordinates":[121.480647,25.080352]}},{"type":"Feature","properties":{"id":"osm:node:8118095215","name":"7-Eleven","category":"convenience","brand":"7-Eleven"},"geometry":{"type":"Point","coordinates":[121.484456,25.083879]}},{"type":"Feature","properties":{"id":"osm:node:8118095216","name":"7-Eleven","category":"convenience","brand":"7-Eleven"},"geometry":{"type":"Point","coordinates":[121.483287,25.080935]}},{"type":"Feature","properties":{"id":"osm:node:8118206917","name":"7-Eleven","category":"convenience","brand":"7-Eleven"},"geometry":{"type":"Point","coordinates":[121.482031,25.078972]}},{"type":"Feature","properties":{"id":"osm:node:8118206918","name":"7-Eleven","category":"convenience","brand":"7-Eleven"},"geometry":{"type":"Point","coordinates":[121.486366,25.079283]}},{"type":"Feature","properties":{"id":"osm:node:8118206919","name":"7-Eleven","category":"convenience","brand":"7-Eleven"},"geometry":{"type":"Point","coordinates":[121.491301,25.079749]}},{"type":"Feature","properties":{"id":"osm:node:8118206920","name":"7-Eleven","category":"convenience","brand":"7-Eleven"},"geometry":{"type":"Point","coordinates":[121.474699,25.078838]}},{"type":"Feature","properties":{"id":"osm:node:8118206921","name":"7-Eleven","category":"convenience","brand":"7-Eleven"},"geometry":{"type":"Point","coordinates":[121.48833,25.089872]}},{"type":"Feature","properties":{"id":"osm:node:8118206922","name":"7-Eleven","category":"convenience","brand":"7-Eleven"},"geometry":{"type":"Point","coordinates":[121.489081,25.088848]}},{"type":"Feature","properties":{"id":"osm:node:8118206923","name":"7-Eleven","category":"convenience","brand":"7-Eleven","wheelchair":"limited"},"geometry":{"type":"Point","coordinates":[121.536773,25.065722]}},{"type":"Feature","properties":{"id":"osm:node:8118206924","name":"7-Eleven","category":"convenience","brand":"7-Eleven"},"geometry":{"type":"Point","coordinates":[121.538021,25.061727]}},{"type":"Feature","properties":{"id":"osm:node:8118206925","name":"7-Eleven","category":"convenience","brand":"7-Eleven"},"geometry":{"type":"Point","coordinates":[121.539353,25.060333]}},{"type":"Feature","properties":{"id":"osm:node:8118206926","name":"7-Eleven","category":"convenience","brand":"7-Eleven"},"geometry":{"type":"Point","coordinates":[121.540888,25.060078]}},{"type":"Feature","properties":{"id":"osm:node:8118206927","name":"7-Eleven","category":"convenience","brand":"7-Eleven"},"geometry":{"type":"Point","coordinates":[121.580353,25.070179]}},{"type":"Feature","properties":{"id":"osm:node:8118206928","name":"7-Eleven","category":"convenience","brand":"7-Eleven"},"geometry":{"type":"Point","coordinates":[121.568297,25.080726]}},{"type":"Feature","properties":{"id":"osm:node:8118206929","name":"7-Eleven","category":"convenience","brand":"7-Eleven"},"geometry":{"type":"Point","coordinates":[121.563435,25.080672]}},{"type":"Feature","properties":{"id":"osm:node:8118206931","name":"7-Eleven","category":"convenience","brand":"7-Eleven"},"geometry":{"type":"Point","coordinates":[121.518584,25.072516]}},{"type":"Feature","properties":{"id":"osm:node:8118206932","name":"7-Eleven","category":"convenience","brand":"7-Eleven"},"geometry":{"type":"Point","coordinates":[121.496387,25.082193]}},{"type":"Feature","properties":{"id":"osm:node:8118206933","name":"7-Eleven","category":"convenience","brand":"7-Eleven"},"geometry":{"type":"Point","coordinates":[121.494562,25.084987]}},{"type":"Feature","properties":{"id":"osm:node:8118206934","name":"7-Eleven","category":"convenience","brand":"7-Eleven"},"geometry":{"type":"Point","coordinates":[121.487139,25.085485]}},{"type":"Feature","properties":{"id":"osm:node:8118206935","name":"7-Eleven","category":"convenience","brand":"7-Eleven"},"geometry":{"type":"Point","coordinates":[121.490211,25.085269]}},{"type":"Feature","properties":{"id":"osm:node:8118206936","name":"7-Eleven","category":"convenience","brand":"7-Eleven"},"geometry":{"type":"Point","coordinates":[121.491206,25.084044]}},{"type":"Feature","properties":{"id":"osm:node:8118206937","name":"7-Eleven","category":"convenience","brand":"7-Eleven"},"geometry":{"type":"Point","coordinates":[121.492696,25.078622]}},{"type":"Feature","properties":{"id":"osm:node:8118206938","name":"7-Eleven","category":"convenience","brand":"7-Eleven"},"geometry":{"type":"Point","coordinates":[121.498066,25.074016]}},{"type":"Feature","properties":{"id":"osm:node:8118206939","name":"7-Eleven","category":"convenience","brand":"7-Eleven"},"geometry":{"type":"Point","coordinates":[121.502016,25.071712]}},{"type":"Feature","properties":{"id":"osm:node:8118206940","name":"7-Eleven","category":"convenience","brand":"7-Eleven"},"geometry":{"type":"Point","coordinates":[121.473187,25.088835]}},{"type":"Feature","properties":{"id":"osm:node:8118206941","name":"7-Eleven","category":"convenience","brand":"7-Eleven","opening_hours":"24/7","address":"新北市蘆洲區永平街32巷12弄1號"},"geometry":{"type":"Point","coordinates":[121.459233,25.091487]}},{"type":"Feature","properties":{"id":"osm:node:8118206942","name":"7-Eleven","category":"convenience","brand":"7-Eleven","address":"新北市蘆洲區三民路575號"},"geometry":{"type":"Point","coordinates":[121.462108,25.092381]}},{"type":"Feature","properties":{"id":"osm:node:8118206943","name":"7-Eleven","category":"convenience","brand":"7-Eleven","opening_hours":"24/7","address":"新北市蘆洲區永樂街35;37號"},"geometry":{"type":"Point","coordinates":[121.458038,25.088191]}},{"type":"Feature","properties":{"id":"osm:node:8118206944","name":"7-Eleven","category":"convenience","brand":"7-Eleven"},"geometry":{"type":"Point","coordinates":[121.457366,25.087115]}},{"type":"Feature","properties":{"id":"osm:node:8118206945","name":"7-Eleven","category":"convenience","brand":"7-Eleven","opening_hours":"24/7"},"geometry":{"type":"Point","coordinates":[121.462913,25.086036]}},{"type":"Feature","properties":{"id":"osm:node:8118206946","name":"7-Eleven","category":"convenience","brand":"7-Eleven"},"geometry":{"type":"Point","coordinates":[121.460134,25.084841]}},{"type":"Feature","properties":{"id":"osm:node:8118206947","name":"7-Eleven","category":"convenience","brand":"7-Eleven"},"geometry":{"type":"Point","coordinates":[121.456068,25.082781]}},{"type":"Feature","properties":{"id":"osm:node:8118206948","name":"7-Eleven","category":"convenience","brand":"7-Eleven"},"geometry":{"type":"Point","coordinates":[121.458578,25.083918]}},{"type":"Feature","properties":{"id":"osm:node:8118206949","name":"7-Eleven","category":"convenience","brand":"7-Eleven"},"geometry":{"type":"Point","coordinates":[121.460177,25.082159]}},{"type":"Feature","properties":{"id":"osm:node:8118206950","name":"7-Eleven","category":"convenience","brand":"7-Eleven"},"geometry":{"type":"Point","coordinates":[121.461175,25.08076]}},{"type":"Feature","properties":{"id":"osm:node:8118206951","name":"7-Eleven","category":"convenience","brand":"7-Eleven"},"geometry":{"type":"Point","coordinates":[121.462966,25.081246]}},{"type":"Feature","properties":{"id":"osm:node:8118206952","name":"7-Eleven","category":"convenience","brand":"7-Eleven"},"geometry":{"type":"Point","coordinates":[121.46582,25.079856]}},{"type":"Feature","properties":{"id":"osm:node:8118206953","name":"7-Eleven","category":"convenience","brand":"7-Eleven"},"geometry":{"type":"Point","coordinates":[121.4695,25.083403]}},{"type":"Feature","properties":{"id":"osm:node:8118206954","name":"7-Eleven","category":"convenience","brand":"7-Eleven"},"geometry":{"type":"Point","coordinates":[121.469758,25.082091]}},{"type":"Feature","properties":{"id":"osm:node:8118206955","name":"7-Eleven","category":"convenience","brand":"7-Eleven"},"geometry":{"type":"Point","coordinates":[121.470616,25.080507]}},{"type":"Feature","properties":{"id":"osm:node:8118206956","name":"7-Eleven","category":"convenience","brand":"7-Eleven"},"geometry":{"type":"Point","coordinates":[121.473448,25.08075]}},{"type":"Feature","properties":{"id":"osm:node:8118207146","name":"7-Eleven","category":"convenience","brand":"7-Eleven"},"geometry":{"type":"Point","coordinates":[121.668815,25.081226]}},{"type":"Feature","properties":{"id":"osm:node:8118207149","name":"7-Eleven","category":"convenience","brand":"7-Eleven"},"geometry":{"type":"Point","coordinates":[121.648218,25.060693]}},{"type":"Feature","properties":{"id":"osm:node:8118207150","name":"7-Eleven","category":"convenience","brand":"7-Eleven"},"geometry":{"type":"Point","coordinates":[121.645689,25.060831]}},{"type":"Feature","properties":{"id":"osm:node:8118207151","name":"7-Eleven","category":"convenience","brand":"7-Eleven"},"geometry":{"type":"Point","coordinates":[121.640765,25.060838]}},{"type":"Feature","properties":{"id":"osm:node:8118207152","name":"7-Eleven","category":"convenience","brand":"7-Eleven"},"geometry":{"type":"Point","coordinates":[121.63487,25.058678]}},{"type":"Feature","properties":{"id":"osm:node:8118207153","name":"7-Eleven","category":"convenience","brand":"7-Eleven"},"geometry":{"type":"Point","coordinates":[121.627465,25.06051]}},{"type":"Feature","properties":{"id":"osm:node:8118207154","name":"7-Eleven","category":"convenience","brand":"7-Eleven"},"geometry":{"type":"Point","coordinates":[121.621244,25.06797]}},{"type":"Feature","properties":{"id":"osm:node:8118207155","name":"7-Eleven","category":"convenience","brand":"7-Eleven"},"geometry":{"type":"Point","coordinates":[121.616177,25.068137]}},{"type":"Feature","properties":{"id":"osm:node:8118207156","name":"7-Eleven","category":"convenience","brand":"7-Eleven"},"geometry":{"type":"Point","coordinates":[121.593766,25.062421]}},{"type":"Feature","properties":{"id":"osm:node:8118207157","name":"7-Eleven","category":"convenience","brand":"7-Eleven"},"geometry":{"type":"Point","coordinates":[121.587663,25.067723]}},{"type":"Feature","properties":{"id":"osm:node:8118207158","name":"7-Eleven","category":"convenience","brand":"7-Eleven"},"geometry":{"type":"Point","coordinates":[121.583194,25.064526]}},{"type":"Feature","properties":{"id":"osm:node:8118207159","name":"7-Eleven","category":"convenience","brand":"7-Eleven"},"geometry":{"type":"Point","coordinates":[121.577663,25.065187]}},{"type":"Feature","properties":{"id":"osm:node:8118207160","name":"7-Eleven","category":"convenience","brand":"7-Eleven"},"geometry":{"type":"Point","coordinates":[121.579648,25.062893]}},{"type":"Feature","properties":{"id":"osm:node:8118207161","name":"7-Eleven","category":"convenience","brand":"7-Eleven"},"geometry":{"type":"Point","coordinates":[121.580114,25.063773]}},{"type":"Feature","properties":{"id":"osm:node:8118207162","name":"7-Eleven","category":"convenience","brand":"7-Eleven","wheelchair":"yes"},"geometry":{"type":"Point","coordinates":[121.565362,25.060673]}},{"type":"Feature","properties":{"id":"osm:node:8118207163","name":"7-Eleven","category":"convenience","brand":"7-Eleven","wheelchair":"no"},"geometry":{"type":"Point","coordinates":[121.56618,25.061967]}},{"type":"Feature","properties":{"id":"osm:node:8118207164","name":"7-Eleven","category":"convenience","brand":"7-Eleven","wheelchair":"no"},"geometry":{"type":"Point","coordinates":[121.565844,25.058535]}},{"type":"Feature","properties":{"id":"osm:node:8118207165","name":"7-Eleven","category":"convenience","brand":"7-Eleven"},"geometry":{"type":"Point","coordinates":[121.565234,25.039494]}},{"type":"Feature","properties":{"id":"osm:node:8118207166","name":"7-Eleven","category":"convenience","brand":"7-Eleven"},"geometry":{"type":"Point","coordinates":[121.566854,25.038774]}},{"type":"Feature","properties":{"id":"osm:node:8118207167","name":"7-Eleven","category":"convenience","brand":"7-Eleven"},"geometry":{"type":"Point","coordinates":[121.567025,25.04066]}},{"type":"Feature","properties":{"id":"osm:node:8118207168","name":"7-Eleven","category":"convenience","brand":"7-Eleven","wheelchair":"limited"},"geometry":{"type":"Point","coordinates":[121.556382,25.020527]}},{"type":"Feature","properties":{"id":"osm:node:8118207169","name":"7-Eleven","category":"convenience","brand":"7-Eleven"},"geometry":{"type":"Point","coordinates":[121.545971,25.030681]}},{"type":"Feature","properties":{"id":"osm:node:8118207170","name":"7-Eleven","category":"convenience","brand":"7-Eleven"},"geometry":{"type":"Point","coordinates":[121.52198,25.02865]}},{"type":"Feature","properties":{"id":"osm:node:8118207171","name":"萊爾富","category":"convenience","nameEn":"Hi-Life","brand":"萊爾富"},"geometry":{"type":"Point","coordinates":[121.522634,25.036561]}},{"type":"Feature","properties":{"id":"osm:node:8118207172","name":"7-Eleven","category":"convenience","brand":"7-Eleven"},"geometry":{"type":"Point","coordinates":[121.523333,25.036476]}},{"type":"Feature","properties":{"id":"osm:node:8118207173","name":"7-Eleven","category":"convenience","brand":"7-Eleven"},"geometry":{"type":"Point","coordinates":[121.53126,25.034174]}},{"type":"Feature","properties":{"id":"osm:node:8118207174","name":"7-Eleven","category":"convenience","brand":"7-Eleven"},"geometry":{"type":"Point","coordinates":[121.531043,25.045229]}},{"type":"Feature","properties":{"id":"osm:node:8118207175","name":"7-Eleven","category":"convenience","brand":"7-Eleven"},"geometry":{"type":"Point","coordinates":[121.533495,25.058974]}},{"type":"Feature","properties":{"id":"osm:node:8118207176","name":"7-Eleven","category":"convenience","brand":"7-Eleven"},"geometry":{"type":"Point","coordinates":[121.525628,25.067228]}},{"type":"Feature","properties":{"id":"osm:node:8118207177","name":"7-Eleven","category":"convenience","brand":"7-Eleven"},"geometry":{"type":"Point","coordinates":[121.524212,25.065862]}},{"type":"Feature","properties":{"id":"osm:node:8118207178","name":"7-Eleven","category":"convenience","brand":"7-Eleven"},"geometry":{"type":"Point","coordinates":[121.513939,25.065678]}},{"type":"Feature","properties":{"id":"osm:node:8118207179","name":"7-Eleven","category":"convenience","brand":"7-Eleven"},"geometry":{"type":"Point","coordinates":[121.511305,25.059648]}},{"type":"Feature","properties":{"id":"osm:node:8118207180","name":"7-Eleven","category":"convenience","brand":"7-Eleven"},"geometry":{"type":"Point","coordinates":[121.514593,25.060634]}},{"type":"Feature","properties":{"id":"osm:node:8118207181","name":"7-Eleven","category":"convenience","brand":"7-Eleven"},"geometry":{"type":"Point","coordinates":[121.575528,25.076232]}},{"type":"Feature","properties":{"id":"osm:node:8118207182","name":"7-Eleven","category":"convenience","brand":"7-Eleven"},"geometry":{"type":"Point","coordinates":[121.568967,25.051074]}},{"type":"Feature","properties":{"id":"osm:node:8118207183","name":"7-Eleven","category":"convenience","brand":"7-Eleven"},"geometry":{"type":"Point","coordinates":[121.567755,25.052727]}},{"type":"Feature","properties":{"id":"osm:node:8118207184","name":"7-Eleven","category":"convenience","brand":"7-Eleven","opening_hours":"24/7","address":"臺北市松山區南京東路五段16號","wheelchair":"yes"},"geometry":{"type":"Point","coordinates":[121.558854,25.051304]}},{"type":"Feature","properties":{"id":"osm:node:8118207185","name":"7-Eleven","category":"convenience","brand":"7-Eleven"},"geometry":{"type":"Point","coordinates":[121.557782,25.051722]}},{"type":"Feature","properties":{"id":"osm:node:8118207186","name":"7-Eleven","category":"convenience","brand":"7-Eleven"},"geometry":{"type":"Point","coordinates":[121.555017,25.052584]}},{"type":"Feature","properties":{"id":"osm:node:8118239045","name":"全家便利商店","category":"convenience","nameEn":"FamilyMart","brand":"全家便利商店"},"geometry":{"type":"Point","coordinates":[121.475706,25.068159]}},{"type":"Feature","properties":{"id":"osm:node:8118239046","name":"全家便利商店","category":"convenience","nameEn":"FamilyMart","brand":"全家便利商店"},"geometry":{"type":"Point","coordinates":[121.457482,25.03921]}},{"type":"Feature","properties":{"id":"osm:node:8118239047","name":"全家便利商店","category":"convenience","nameEn":"FamilyMart","brand":"全家便利商店"},"geometry":{"type":"Point","coordinates":[121.459391,25.043002]}},{"type":"Feature","properties":{"id":"osm:node:8118239060","name":"全家便利商店","category":"convenience","nameEn":"FamilyMart","brand":"全家便利商店"},"geometry":{"type":"Point","coordinates":[121.453508,25.045229]}},{"type":"Feature","properties":{"id":"osm:node:8118239061","name":"全家便利商店","category":"convenience","nameEn":"FamilyMart","brand":"全家便利商店"},"geometry":{"type":"Point","coordinates":[121.469538,25.0457]}},{"type":"Feature","properties":{"id":"osm:node:8118239062","name":"全家便利商店","category":"convenience","nameEn":"FamilyMart","brand":"全家便利商店"},"geometry":{"type":"Point","coordinates":[121.467512,25.046044]}},{"type":"Feature","properties":{"id":"osm:node:8118239063","name":"萊爾富","category":"convenience","nameEn":"Hi-Life","brand":"萊爾富","opening_hours":"24/7","wheelchair":"limited"},"geometry":{"type":"Point","coordinates":[121.457867,25.06006]}},{"type":"Feature","properties":{"id":"osm:node:8118239064","name":"全家便利商店","category":"convenience","nameEn":"FamilyMart","brand":"全家便利商店"},"geometry":{"type":"Point","coordinates":[121.46523,25.059691]}},{"type":"Feature","properties":{"id":"osm:node:8118239065","name":"全家便利商店","category":"convenience","nameEn":"FamilyMart","brand":"全家便利商店"},"geometry":{"type":"Point","coordinates":[121.462762,25.059691]}},{"type":"Feature","properties":{"id":"osm:node:8118239066","name":"全家便利商店","category":"convenience","nameEn":"FamilyMart","brand":"全家便利商店","address":"新北市蘆洲區永平街38巷57弄1號"},"geometry":{"type":"Point","coordinates":[121.458325,25.090027]}},{"type":"Feature","properties":{"id":"osm:node:8118239072","name":"全家便利商店","category":"convenience","nameEn":"FamilyMart","brand":"全家便利商店"},"geometry":{"type":"Point","coordinates":[121.653254,25.064728]}},{"type":"Feature","properties":{"id":"osm:node:8118239073","name":"全家便利商店","category":"convenience","nameEn":"FamilyMart","brand":"全家便利商店","wheelchair":"yes"},"geometry":{"type":"Point","coordinates":[121.657046,25.061445]}},{"type":"Feature","properties":{"id":"osm:node:8118239074","name":"全家便利商店","category":"convenience","nameEn":"FamilyMart","brand":"全家便利商店"},"geometry":{"type":"Point","coordinates":[121.663671,25.064692]}},{"type":"Feature","properties":{"id":"osm:node:8118239075","name":"全家便利商店","category":"convenience","nameEn":"FamilyMart","brand":"全家便利商店"},"geometry":{"type":"Point","coordinates":[121.663145,25.067583]}},{"type":"Feature","properties":{"id":"osm:node:8118239080","name":"全家便利商店","category":"convenience","nameEn":"FamilyMart","brand":"全家便利商店"},"geometry":{"type":"Point","coordinates":[121.563887,25.081195]}},{"type":"Feature","properties":{"id":"osm:node:8118239081","name":"全家便利商店","category":"convenience","nameEn":"FamilyMart","brand":"全家便利商店"},"geometry":{"type":"Point","coordinates":[121.530944,25.043243]}},{"type":"Feature","properties":{"id":"osm:node:8118272730","name":"全家便利商店","category":"convenience","nameEn":"FamilyMart","brand":"全家便利商店"},"geometry":{"type":"Point","coordinates":[121.648779,25.062315]}},{"type":"Feature","properties":{"id":"osm:node:8118272731","name":"全家便利商店","category":"convenience","nameEn":"FamilyMart","brand":"全家便利商店"},"geometry":{"type":"Point","coordinates":[121.649187,25.060896]}},{"type":"Feature","properties":{"id":"osm:node:8118272732","name":"全家便利商店","category":"convenience","nameEn":"FamilyMart","brand":"全家便利商店"},"geometry":{"type":"Point","coordinates":[121.647491,25.060323]}},{"type":"Feature","properties":{"id":"osm:node:8118272733","name":"全家便利商店","category":"convenience","nameEn":"FamilyMart","brand":"全家便利商店"},"geometry":{"type":"Point","coordinates":[121.641934,25.062228]}},{"type":"Feature","properties":{"id":"osm:node:8118272734","name":"全家便利商店","category":"convenience","nameEn":"FamilyMart","brand":"全家便利商店","wheelchair":"no"},"geometry":{"type":"Point","coordinates":[121.637862,25.067952]}},{"type":"Feature","properties":{"id":"osm:node:8118272735","name":"全家便利商店","category":"convenience","nameEn":"FamilyMart","brand":"全家便利商店"},"geometry":{"type":"Point","coordinates":[121.640893,25.068977]}},{"type":"Feature","properties":{"id":"osm:node:8118272736","name":"全家便利商店","category":"convenience","nameEn":"FamilyMart","brand":"全家便利商店","opening_hours":"24/7"},"geometry":{"type":"Point","coordinates":[121.562213,25.055298]}},{"type":"Feature","properties":{"id":"osm:node:8118272737","name":"全家便利商店","category":"convenience","nameEn":"FamilyMart","brand":"全家便利商店"},"geometry":{"type":"Point","coordinates":[121.564155,25.054307]}},{"type":"Feature","properties":{"id":"osm:node:8118272738","name":"全家便利商店","category":"convenience","nameEn":"FamilyMart","brand":"全家便利商店","wheelchair":"yes"},"geometry":{"type":"Point","coordinates":[121.578757,25.049131]}},{"type":"Feature","properties":{"id":"osm:node:8118272739","name":"全家便利商店","category":"convenience","nameEn":"FamilyMart","brand":"全家便利商店"},"geometry":{"type":"Point","coordinates":[121.578033,25.047804]}},{"type":"Feature","properties":{"id":"osm:node:8118272740","name":"全家便利商店","category":"convenience","nameEn":"FamilyMart","brand":"全家便利商店"},"geometry":{"type":"Point","coordinates":[121.58429,25.044435]}},{"type":"Feature","properties":{"id":"osm:node:8118272741","name":"全家便利商店","category":"convenience","nameEn":"FamilyMart","brand":"全家便利商店","opening_hours":"24/7","address":"116台北市文山區指南路二段145號一樓","phone":"+886 2 8661 3075"},"geometry":{"type":"Point","coordinates":[121.577167,24.987447]}},{"type":"Feature","properties":{"id":"osm:node:8118272742","name":"全家便利商店","category":"convenience","nameEn":"FamilyMart","brand":"全家便利商店"},"geometry":{"type":"Point","coordinates":[121.549296,24.973316]}},{"type":"Feature","properties":{"id":"osm:node:8118272743","name":"全家便利商店","category":"convenience","nameEn":"FamilyMart","brand":"全家便利商店"},"geometry":{"type":"Point","coordinates":[121.549242,24.973751]}},{"type":"Feature","properties":{"id":"osm:node:8118272744","name":"全家便利商店","category":"convenience","nameEn":"FamilyMart","brand":"全家便利商店"},"geometry":{"type":"Point","coordinates":[121.509261,24.982207]}},{"type":"Feature","properties":{"id":"osm:node:8118272745","name":"全家便利商店","category":"convenience","nameEn":"FamilyMart","brand":"全家便利商店"},"geometry":{"type":"Point","coordinates":[121.510602,24.982936]}},{"type":"Feature","properties":{"id":"osm:node:8118272746","name":"全家便利商店","category":"convenience","nameEn":"FamilyMart","brand":"全家便利商店","opening_hours":"24/7","address":"新北市新店區永平街27號"},"geometry":{"type":"Point","coordinates":[121.516831,24.983489]}},{"type":"Feature","properties":{"id":"osm:node:8118272747","name":"全家便利商店","category":"convenience","nameEn":"FamilyMart","brand":"全家便利商店","opening_hours":"24/7","address":"新北市新店區永安街81號"},"geometry":{"type":"Point","coordinates":[121.519926,24.986612]}},{"type":"Feature","properties":{"id":"osm:node:8118272748","name":"全家便利商店","category":"convenience","nameEn":"FamilyMart","brand":"全家便利商店"},"geometry":{"type":"Point","coordinates":[121.526375,24.995736]}},{"type":"Feature","properties":{"id":"osm:node:8118272749","name":"全家便利商店","category":"convenience","nameEn":"FamilyMart","brand":"全家便利商店"},"geometry":{"type":"Point","coordinates":[121.527886,25.000246]}},{"type":"Feature","properties":{"id":"osm:node:8118272750","name":"全家便利商店","category":"convenience","nameEn":"FamilyMart","brand":"全家便利商店"},"geometry":{"type":"Point","coordinates":[121.526948,25.001516]}},{"type":"Feature","properties":{"id":"osm:node:8118272751","name":"全家便利商店","category":"convenience","nameEn":"FamilyMart","brand":"全家便利商店"},"geometry":{"type":"Point","coordinates":[121.525065,25.000285]}},{"type":"Feature","properties":{"id":"osm:node:8118272752","name":"全家便利商店","category":"convenience","nameEn":"FamilyMart","brand":"全家便利商店","opening_hours":"24/7"},"geometry":{"type":"Point","coordinates":[121.522812,24.99728]}},{"type":"Feature","properties":{"id":"osm:node:8118272753","name":"全家便利商店","category":"convenience","nameEn":"FamilyMart","brand":"全家便利商店"},"geometry":{"type":"Point","coordinates":[121.515516,25.005759]}},{"type":"Feature","properties":{"id":"osm:node:8118272754","name":"全家便利商店","category":"convenience","nameEn":"FamilyMart","brand":"全家便利商店"},"geometry":{"type":"Point","coordinates":[121.514321,25.003822]}},{"type":"Feature","properties":{"id":"osm:node:8118272755","name":"全家便利商店","category":"convenience","nameEn":"FamilyMart","brand":"全家便利商店"},"geometry":{"type":"Point","coordinates":[121.512561,25.004186]}},{"type":"Feature","properties":{"id":"osm:node:8118272756","name":"全家便利商店","category":"convenience","nameEn":"FamilyMart","brand":"全家便利商店"},"geometry":{"type":"Point","coordinates":[121.508722,24.999937]}},{"type":"Feature","properties":{"id":"osm:node:8118272757","name":"全家便利商店","category":"convenience","nameEn":"FamilyMart","brand":"全家便利商店"},"geometry":{"type":"Point","coordinates":[121.494057,25.006139]}},{"type":"Feature","properties":{"id":"osm:node:8118272758","name":"全家便利商店","category":"convenience","nameEn":"FamilyMart","brand":"全家便利商店","opening_hours":"24/7"},"geometry":{"type":"Point","coordinates":[121.473923,25.010023]}},{"type":"Feature","properties":{"id":"osm:node:8118272760","name":"全家便利商店","category":"convenience","nameEn":"FamilyMart","brand":"全家便利商店"},"geometry":{"type":"Point","coordinates":[121.478089,25.005389]}},{"type":"Feature","properties":{"id":"osm:node:8118272761","name":"全家便利商店","category":"convenience","nameEn":"FamilyMart","brand":"全家便利商店"},"geometry":{"type":"Point","coordinates":[121.483249,25.004735]}},{"type":"Feature","properties":{"id":"osm:node:8118272762","name":"全家便利商店","category":"convenience","nameEn":"FamilyMart","brand":"全家便利商店"},"geometry":{"type":"Point","coordinates":[121.484923,25.005513]}},{"type":"Feature","properties":{"id":"osm:node:8118272788","name":"全家便利商店","category":"convenience","nameEn":"FamilyMart","brand":"全家便利商店"},"geometry":{"type":"Point","coordinates":[121.460021,25.157167]}},{"type":"Feature","properties":{"id":"osm:node:8118272792","name":"全家便利商店","category":"convenience","nameEn":"FamilyMart","brand":"全家便利商店"},"geometry":{"type":"Point","coordinates":[121.466731,25.079099]}},{"type":"Feature","properties":{"id":"osm:node:8118272793","name":"全家便利商店","category":"convenience","nameEn":"FamilyMart","brand":"全家便利商店"},"geometry":{"type":"Point","coordinates":[121.457969,25.084884]}},{"type":"Feature","properties":{"id":"osm:node:8118272794","name":"全家便利商店","category":"convenience","nameEn":"FamilyMart","brand":"全家便利商店"},"geometry":{"type":"Point","coordinates":[121.464099,25.092153]}},{"type":"Feature","properties":{"id":"osm:node:8118272795","name":"全家便利商店","category":"convenience","nameEn":"FamilyMart","brand":"全家便利商店"},"geometry":{"type":"Point","coordinates":[121.473869,25.093795]}},{"type":"Feature","properties":{"id":"osm:node:8118272796","name":"全家便利商店","category":"convenience","nameEn":"FamilyMart","brand":"全家便利商店"},"geometry":{"type":"Point","coordinates":[121.473073,25.089783]}},{"type":"Feature","properties":{"id":"osm:node:8118272797","name":"全家便利商店","category":"convenience","nameEn":"FamilyMart","brand":"全家便利商店"},"geometry":{"type":"Point","coordinates":[121.471685,25.088086]}},{"type":"Feature","properties":{"id":"osm:node:8118272798","name":"全家便利商店","category":"convenience","nameEn":"FamilyMart","brand":"全家便利商店"},"geometry":{"type":"Point","coordinates":[121.481919,25.08523]}},{"type":"Feature","properties":{"id":"osm:node:8118272799","name":"全家便利商店","category":"convenience","nameEn":"FamilyMart","brand":"全家便利商店"},"geometry":{"type":"Point","coordinates":[121.48198,25.087619]}},{"type":"Feature","properties":{"id":"osm:node:8118272800","name":"全家便利商店","category":"convenience","nameEn":"FamilyMart","brand":"全家便利商店","wheelchair":"no"},"geometry":{"type":"Point","coordinates":[121.485604,25.086609]}},{"type":"Feature","properties":{"id":"osm:node:8118272801","name":"全家便利商店","category":"convenience","nameEn":"FamilyMart","brand":"全家便利商店"},"geometry":{"type":"Point","coordinates":[121.485068,25.085205]}},{"type":"Feature","properties":{"id":"osm:node:8118272802","name":"全家便利商店","category":"convenience","nameEn":"FamilyMart","brand":"全家便利商店"},"geometry":{"type":"Point","coordinates":[121.501885,25.070838]}},{"type":"Feature","properties":{"id":"osm:node:8118272803","name":"全家便利商店","category":"convenience","nameEn":"FamilyMart","brand":"全家便利商店"},"geometry":{"type":"Point","coordinates":[121.500419,25.036709]}},{"type":"Feature","properties":{"id":"osm:node:8118272804","name":"全家便利商店","category":"convenience","nameEn":"FamilyMart","brand":"全家便利商店"},"geometry":{"type":"Point","coordinates":[121.501493,25.023181]}},{"type":"Feature","properties":{"id":"osm:node:8118272805","name":"全家便利商店","category":"convenience","nameEn":"FamilyMart","brand":"全家便利商店"},"geometry":{"type":"Point","coordinates":[121.499283,25.018982]}},{"type":"Feature","properties":{"id":"osm:node:8118272806","name":"全家便利商店","category":"convenience","nameEn":"FamilyMart","brand":"全家便利商店","wheelchair":"yes"},"geometry":{"type":"Point","coordinates":[121.495878,25.020353]}},{"type":"Feature","properties":{"id":"osm:node:8118272807","name":"全家便利商店","category":"convenience","nameEn":"FamilyMart","brand":"全家便利商店"},"geometry":{"type":"Point","coordinates":[121.498063,25.022302]}},{"type":"Feature","properties":{"id":"osm:node:8118272808","name":"全家便利商店","category":"convenience","nameEn":"FamilyMart","brand":"全家便利商店","opening_hours":"24/7","address":"108036臺北市萬華區寶興街40號","phone":"+886 2 2309 9925;+886 2 7723 1557","website":"https://www.family.com.tw/"},"geometry":{"type":"Point","coordinates":[121.493299,25.027199]}},{"type":"Feature","properties":{"id":"osm:node:8118272809","name":"全家便利商店","category":"convenience","nameEn":"FamilyMart","brand":"全家便利商店","opening_hours":"24/7","address":"108038臺北市萬華區寶興街78號","phone":"+886 2 2301 3308;+886 2 7723 0526","website":"https://www.family.com.tw/"},"geometry":{"type":"Point","coordinates":[121.494173,25.026056]}},{"type":"Feature","properties":{"id":"osm:node:8118272810","name":"全家便利商店","category":"convenience","nameEn":"FamilyMart","brand":"全家便利商店"},"geometry":{"type":"Point","coordinates":[121.496519,25.026031]}},{"type":"Feature","properties":{"id":"osm:node:8118272811","name":"全家便利商店","category":"convenience","nameEn":"FamilyMart","brand":"全家便利商店","opening_hours":"24/7","address":"108034臺北市萬華區東園街28巷34號","phone":"+886 2 2337 8557;+886 2 7739 7275","website":"https://www.family.com.tw/"},"geometry":{"type":"Point","coordinates":[121.495057,25.02679]}},{"type":"Feature","properties":{"id":"osm:node:8118272812","name":"全家便利商店","category":"convenience","nameEn":"FamilyMart","brand":"全家便利商店"},"geometry":{"type":"Point","coordinates":[121.490711,25.031425]}},{"type":"Feature","properties":{"id":"osm:node:8118272813","name":"全家便利商店","category":"convenience","nameEn":"FamilyMart","brand":"全家便利商店"},"geometry":{"type":"Point","coordinates":[121.495239,25.031211]}},{"type":"Feature","properties":{"id":"osm:node:8118272814","name":"全家便利商店","category":"convenience","nameEn":"FamilyMart","brand":"全家便利商店"},"geometry":{"type":"Point","coordinates":[121.474242,25.029685]}},{"type":"Feature","properties":{"id":"osm:node:8118272815","name":"全家便利商店","category":"convenience","nameEn":"FamilyMart","brand":"全家便利商店","opening_hours":"PH,Mo-Su 00:00-24:00","wheelchair":"yes"},"geometry":{"type":"Point","coordinates":[121.472478,25.029062]}},{"type":"Feature","properties":{"id":"osm:node:8118272816","name":"全家便利商店","category":"convenience","nameEn":"FamilyMart","brand":"全家便利商店","opening_hours":"PH,Mo-Su 00:00-24:00","wheelchair":"yes"},"geometry":{"type":"Point","coordinates":[121.47126,25.029069]}},{"type":"Feature","properties":{"id":"osm:node:8118272817","name":"全家便利商店","category":"convenience","nameEn":"FamilyMart","brand":"全家便利商店","opening_hours":"24/7","address":"220684新北市板橋區中山路一段141之2號","phone":"+886 2 2955 0932;+886 2 7746 7330","website":"https://www.family.com.tw/"},"geometry":{"type":"Point","coordinates":[121.463761,25.011268]}},{"type":"Feature","properties":{"id":"osm:node:8118272818","name":"全家便利商店","category":"convenience","nameEn":"FamilyMart","brand":"全家便利商店","opening_hours":"Mo-Su 07:00-23:00","address":"220242新北市板橋區中山路一段161號地下一樓","phone":"+886 2 2964 6019;+886 2 7746 3872","website":"https://www.family.com.tw/"},"geometry":{"type":"Point","coordinates":[121.464857,25.012292]}},{"type":"Feature","properties":{"id":"osm:node:8118272819","name":"全家便利商店","category":"convenience","nameEn":"FamilyMart","brand":"全家便利商店","opening_hours":"24/7","address":"220001新北市板橋區漢生東路159號","phone":"+886 2 2964 9535;+886 2 7730 0907","website":"https://www.family.com.tw/","wheelchair":"limited"},"geometry":{"type":"Point","coordinates":[121.468631,25.01354]}},{"type":"Feature","properties":{"id":"osm:node:8118272820","name":"全家便利商店","category":"convenience","nameEn":"FamilyMart","brand":"全家便利商店","opening_hours":"24/7","address":"235011新北市中和區中山路三段172號1樓","phone":"+886 2 2223 0343;+886 2 7709 5941","website":"https://www.family.com.tw/"},"geometry":{"type":"Point","coordinates":[121.472815,25.006445]}},{"type":"Feature","properties":{"id":"osm:node:8118272821","name":"全家便利商店","category":"convenience","nameEn":"FamilyMart","brand":"全家便利商店","opening_hours":"24/7","address":"235601新北市中和區中山路三段146之2號","phone":"+886 2 2223 9355;+886 2 7709 6399","website":"https://www.family.com.tw/"},"geometry":{"type":"Point","coordinates":[121.4737,25.006692]}},{"type":"Feature","properties":{"id":"osm:node:8118272822","name":"全家便利商店","category":"convenience","nameEn":"FamilyMart","brand":"全家便利商店"},"geometry":{"type":"Point","coordinates":[121.471131,24.990706]}},{"type":"Feature","properties":{"id":"osm:node:8118272823","name":"全家便利商店","category":"convenience","nameEn":"FamilyMart","brand":"全家便利商店"},"geometry":{"type":"Point","coordinates":[121.470092,24.985917]}},{"type":"Feature","properties":{"id":"osm:node:8118272824","name":"全家便利商店","category":"convenience","nameEn":"FamilyMart","brand":"全家便利商店"},"geometry":{"type":"Point","coordinates":[121.468423,24.988282]}},{"type":"Feature","properties":{"id":"osm:node:8118272825","name":"全家便利商店","category":"convenience","nameEn":"FamilyMart","brand":"全家便利商店"},"geometry":{"type":"Point","coordinates":[121.468009,24.984911]}},{"type":"Feature","properties":{"id":"osm:node:8118272826","name":"全家便利商店","category":"convenience","nameEn":"FamilyMart","brand":"全家便利商店"},"geometry":{"type":"Point","coordinates":[121.465706,24.982703]}},{"type":"Feature","properties":{"id":"osm:node:8118272829","name":"全家便利商店","category":"convenience","nameEn":"FamilyMart","brand":"全家便利商店"},"geometry":{"type":"Point","coordinates":[121.459274,25.007139]}},{"type":"Feature","properties":{"id":"osm:node:8118272830","name":"全家便利商店","category":"convenience","nameEn":"FamilyMart","brand":"全家便利商店","wheelchair":"yes"},"geometry":{"type":"Point","coordinates":[121.455298,25.011653]}},{"type":"Feature","properties":{"id":"osm:node:8118272831","name":"全家便利商店","category":"convenience","nameEn":"FamilyMart","brand":"全家便利商店"},"geometry":{"type":"Point","coordinates":[121.454131,25.021991]}},{"type":"Feature","properties":{"id":"osm:node:8118272832","name":"全家便利商店","category":"convenience","nameEn":"FamilyMart","brand":"全家便利商店"},"geometry":{"type":"Point","coordinates":[121.456411,25.021184]}},{"type":"Feature","properties":{"id":"osm:node:8118272833","name":"全家便利商店","category":"convenience","nameEn":"FamilyMart","brand":"全家便利商店"},"geometry":{"type":"Point","coordinates":[121.461244,25.024625]}},{"type":"Feature","properties":{"id":"osm:node:8118272834","name":"全家便利商店","category":"convenience","nameEn":"FamilyMart","brand":"全家便利商店"},"geometry":{"type":"Point","coordinates":[121.457183,25.023872]}},{"type":"Feature","properties":{"id":"osm:node:8118272835","name":"全家便利商店","category":"convenience","nameEn":"FamilyMart","brand":"全家便利商店"},"geometry":{"type":"Point","coordinates":[121.46026,25.027842]}},{"type":"Feature","properties":{"id":"osm:node:8118272836","name":"全家便利商店","category":"convenience","nameEn":"FamilyMart","brand":"全家便利商店","opening_hours":"24/7","address":"220010新北市板橋區四維路180號","phone":"+886 2 2254 2469;+886 2 7709 6071","website":"https://www.family.com.tw/"},"geometry":{"type":"Point","coordinates":[121.464436,25.02666]}},{"type":"Feature","properties":{"id":"osm:node:8118272837","name":"全家便利商店","category":"convenience","nameEn":"FamilyMart","brand":"全家便利商店","opening_hours":"24/7","address":"220009新北市板橋區四維路293號","phone":"+886 2 2258 6320;+886 2 7746 2117","website":"https://www.family.com.tw/"},"geometry":{"type":"Point","coordinates":[121.46331,25.028196]}},{"type":"Feature","properties":{"id":"osm:node:8118272838","name":"全家便利商店","category":"convenience","nameEn":"FamilyMart","brand":"全家便利商店","opening_hours":"24/7","address":"220008新北市板橋區四維路318號","phone":"+886 2 8257 0329;+886 2 7730 5933","website":"https://www.family.com.tw/"},"geometry":{"type":"Point","coordinates":[121.462411,25.030028]}},{"type":"Feature","properties":{"id":"osm:node:8118272839","name":"全家便利商店","category":"convenience","nameEn":"FamilyMart","brand":"全家便利商店","opening_hours":"24/7","address":"220028新北市板橋區長江路二段120號","phone":"+886 2 2259 3499;+886 2 7746 4388","website":"https://www.family.com.tw/"},"geometry":{"type":"Point","coordinates":[121.465557,25.031488]}},{"type":"Feature","properties":{"id":"osm:node:8118272840","name":"全家便利商店","category":"convenience","nameEn":"FamilyMart","brand":"全家便利商店","address":"220新北市板橋區仁化街46號"},"geometry":{"type":"Point","coordinates":[121.475266,25.031599]}},{"type":"Feature","properties":{"id":"osm:node:8118272841","name":"全家便利商店","category":"convenience","nameEn":"FamilyMart","brand":"全家便利商店"},"geometry":{"type":"Point","coordinates":[121.480849,25.029135]}},{"type":"Feature","properties":{"id":"osm:node:8118272842","name":"全家便利商店","category":"convenience","nameEn":"FamilyMart","brand":"全家便利商店"},"geometry":{"type":"Point","coordinates":[121.479397,25.031671]}},{"type":"Feature","properties":{"id":"osm:node:8118272843","name":"全家便利商店","category":"convenience","nameEn":"FamilyMart","brand":"全家便利商店"},"geometry":{"type":"Point","coordinates":[121.472633,25.021252]}},{"type":"Feature","properties":{"id":"osm:node:8118272844","name":"全家便利商店","category":"convenience","nameEn":"FamilyMart","brand":"全家便利商店","address":"220新北市板橋區莒光路229巷2號"},"geometry":{"type":"Point","coordinates":[121.474312,25.022319]}},{"type":"Feature","properties":{"id":"osm:node:8118272845","name":"全家便利商店","category":"convenience","nameEn":"FamilyMart","brand":"全家便利商店"},"geometry":{"type":"Point","coordinates":[121.472912,25.023988]}},{"type":"Feature","properties":{"id":"osm:node:8118272846","name":"全家便利商店","category":"convenience","nameEn":"FamilyMart","brand":"全家便利商店","opening_hours":"24/7","address":"220003新北市板橋區莒光路36號1樓","phone":"+886 2 2257 7224;+886 2 7746 4133","website":"https://www.family.com.tw/"},"geometry":{"type":"Point","coordinates":[121.470315,25.024426]}},{"type":"Feature","properties":{"id":"osm:node:8118272856","name":"全家便利商店","category":"convenience","nameEn":"FamilyMart","brand":"全家便利商店"},"geometry":{"type":"Point","coordinates":[121.450118,25.050711]}},{"type":"Feature","properties":{"id":"osm:node:8118272857","name":"全家便利商店","category":"convenience","nameEn":"FamilyMart","brand":"全家便利商店"},"geometry":{"type":"Point","coordinates":[121.472648,25.056504]}},{"type":"Feature","properties":{"id":"osm:node:8118272858","name":"全家便利商店","category":"convenience","nameEn":"FamilyMart","brand":"全家便利商店"},"geometry":{"type":"Point","coordinates":[121.471045,25.053063]}},{"type":"Feature","properties":{"id":"osm:node:8118272859","name":"全家便利商店","category":"convenience","nameEn":"FamilyMart","brand":"全家便利商店"},"geometry":{"type":"Point","coordinates":[121.46656,25.053821]}},{"type":"Feature","properties":{"id":"osm:node:8118273001","name":"7-Eleven","category":"convenience","brand":"7-Eleven"},"geometry":{"type":"Point","coordinates":[121.450784,24.988351]}},{"type":"Feature","properties":{"id":"osm:node:8118273002","name":"7-Eleven","category":"convenience","brand":"7-Eleven"},"geometry":{"type":"Point","coordinates":[121.577144,25.037173]}},{"type":"Feature","properties":{"id":"osm:node:8118273003","name":"7-Eleven","category":"convenience","brand":"7-Eleven","wheelchair":"yes"},"geometry":{"type":"Point","coordinates":[121.587591,25.0394]}},{"type":"Feature","properties":{"id":"osm:node:8118273004","name":"7-Eleven","category":"convenience","brand":"7-Eleven"},"geometry":{"type":"Point","coordinates":[121.594191,25.049146]}},{"type":"Feature","properties":{"id":"osm:node:8118273005","name":"7-Eleven","category":"convenience","brand":"7-Eleven","wheelchair":"yes"},"geometry":{"type":"Point","coordinates":[121.568114,25.059786]}},{"type":"Feature","properties":{"id":"osm:node:8118273006","name":"7-Eleven","category":"convenience","brand":"7-Eleven","opening_hours":"06:00-22:00","address":"105臺北市松山區敦化北路340之9號一樓","phone":"+886 2 25454821"},"geometry":{"type":"Point","coordinates":[121.552207,25.06383]}},{"type":"Feature","properties":{"id":"osm:node:8118273007","name":"7-Eleven","category":"convenience","brand":"7-Eleven","opening_hours":"06:00-22:00","address":"105臺北市松山區敦化北路340之10號一樓","phone":"+886 2 25461649"},"geometry":{"type":"Point","coordinates":[121.54989,25.063816]}},{"type":"Feature","properties":{"id":"osm:node:8118273008","name":"7-Eleven","category":"convenience","brand":"7-Eleven"},"geometry":{"type":"Point","coordinates":[121.545047,25.061829]}},{"type":"Feature","properties":{"id":"osm:node:8118273009","name":"7-Eleven","category":"convenience","brand":"7-Eleven"},"geometry":{"type":"Point","coordinates":[121.543565,25.062559]}},{"type":"Feature","properties":{"id":"osm:node:8118273010","name":"7-Eleven","category":"convenience","brand":"7-Eleven"},"geometry":{"type":"Point","coordinates":[121.548369,25.0528]}},{"type":"Feature","properties":{"id":"osm:node:8118273011","name":"7-Eleven","category":"convenience","brand":"7-Eleven"},"geometry":{"type":"Point","coordinates":[121.549768,25.043829]}},{"type":"Feature","properties":{"id":"osm:node:8118273012","name":"7-Eleven","category":"convenience","brand":"7-Eleven","wheelchair":"yes"},"geometry":{"type":"Point","coordinates":[121.551892,25.03962]}},{"type":"Feature","properties":{"id":"osm:node:8118273013","name":"7-Eleven","category":"convenience","brand":"7-Eleven"},"geometry":{"type":"Point","coordinates":[121.551088,25.03857]}},{"type":"Feature","properties":{"id":"osm:node:8118273014","name":"7-Eleven","category":"convenience","brand":"7-Eleven"},"geometry":{"type":"Point","coordinates":[121.554236,25.036541]}},{"type":"Feature","properties":{"id":"osm:node:8118273015","name":"7-Eleven","category":"convenience","brand":"7-Eleven"},"geometry":{"type":"Point","coordinates":[121.555709,25.036585]}},{"type":"Feature","properties":{"id":"osm:node:8118273016","name":"7-Eleven","category":"convenience","brand":"7-Eleven","opening_hours":"Mo-Su 06:00-24:00","wheelchair":"yes"},"geometry":{"type":"Point","coordinates":[121.544443,25.043714]}},{"type":"Feature","properties":{"id":"osm:node:8118273017","name":"7-Eleven","category":"convenience","brand":"7-Eleven"},"geometry":{"type":"Point","coordinates":[121.544608,25.042719]}},{"type":"Feature","properties":{"id":"osm:node:8118279922","name":"7-Eleven","category":"convenience","brand":"7-Eleven"},"geometry":{"type":"Point","coordinates":[121.460609,25.133582]}},{"type":"Feature","properties":{"id":"osm:node:8118279923","name":"7-Eleven","category":"convenience","brand":"7-Eleven"},"geometry":{"type":"Point","coordinates":[121.464144,25.138197]}},{"type":"Feature","properties":{"id":"osm:node:8118279924","name":"7-Eleven","category":"convenience","brand":"7-Eleven"},"geometry":{"type":"Point","coordinates":[121.504944,25.13512]}},{"type":"Feature","properties":{"id":"osm:node:8118279925","name":"7-Eleven","category":"convenience","brand":"7-Eleven"},"geometry":{"type":"Point","coordinates":[121.48454,25.069063]}},{"type":"Feature","properties":{"id":"osm:node:8118279926","name":"7-Eleven","category":"convenience","brand":"7-Eleven"},"geometry":{"type":"Point","coordinates":[121.502786,25.068798]}},{"type":"Feature","properties":{"id":"osm:node:8118279927","name":"7-Eleven","category":"convenience","brand":"7-Eleven"},"geometry":{"type":"Point","coordinates":[121.495066,25.061308]}},{"type":"Feature","properties":{"id":"osm:node:8118279928","name":"7-Eleven","category":"convenience","brand":"7-Eleven"},"geometry":{"type":"Point","coordinates":[121.49141,25.075532]}},{"type":"Feature","properties":{"id":"osm:node:8118279929","name":"7-Eleven","category":"convenience","brand":"7-Eleven"},"geometry":{"type":"Point","coordinates":[121.487692,25.076274]}},{"type":"Feature","properties":{"id":"osm:node:8118279930","name":"7-Eleven","category":"convenience","brand":"7-Eleven"},"geometry":{"type":"Point","coordinates":[121.479456,25.083617]}},{"type":"Feature","properties":{"id":"osm:node:8118279931","name":"7-Eleven","category":"convenience","brand":"7-Eleven"},"geometry":{"type":"Point","coordinates":[121.47531,25.02578]}},{"type":"Feature","properties":{"id":"osm:node:8118279932","name":"7-Eleven","category":"convenience","brand":"7-Eleven","wheelchair":"limited"},"geometry":{"type":"Point","coordinates":[121.473771,25.029141]}},{"type":"Feature","properties":{"id":"osm:node:8118279933","name":"7-Eleven","category":"convenience","brand":"7-Eleven","opening_hours":"PH,Mo-Su 00:00-24:00"},"geometry":{"type":"Point","coordinates":[121.46906,25.030453]}},{"type":"Feature","properties":{"id":"osm:node:8118279934","name":"7-Eleven","category":"convenience","brand":"7-Eleven","opening_hours":"24/7","address":"220009新北市板橋區四維路345、347號","phone":"+886 2 2254 6684","website":"https://www.7-11.com.tw/"},"geometry":{"type":"Point","coordinates":[121.462365,25.029802]}},{"type":"Feature","properties":{"id":"osm:node:8118279935","name":"7-Eleven","category":"convenience","brand":"7-Eleven","opening_hours":"24/7","address":"220806新北市板橋區長江路一段419、421、423號","phone":"+886 2 2256 1484","website":"https://www.7-11.com.tw/"},"geometry":{"type":"Point","coordinates":[121.463074,25.031066]}},{"type":"Feature","properties":{"id":"osm:node:8118279936","name":"7-Eleven","category":"convenience","brand":"7-Eleven"},"geometry":{"type":"Point","coordinates":[121.459675,25.027814]}},{"type":"Feature","properties":{"id":"osm:node:8118279937","name":"7-Eleven","category":"convenience","brand":"7-Eleven"},"geometry":{"type":"Point","coordinates":[121.458149,25.02638]}},{"type":"Feature","properties":{"id":"osm:node:8118279938","name":"7-Eleven","category":"convenience","brand":"7-Eleven"},"geometry":{"type":"Point","coordinates":[121.454501,25.022491]}},{"type":"Feature","properties":{"id":"osm:node:8118279939","name":"7-Eleven","category":"convenience","brand":"7-Eleven"},"geometry":{"type":"Point","coordinates":[121.457098,25.024698]}},{"type":"Feature","properties":{"id":"osm:node:8118279940","name":"7-Eleven","category":"convenience","brand":"7-Eleven"},"geometry":{"type":"Point","coordinates":[121.461062,25.018359]}},{"type":"Feature","properties":{"id":"osm:node:8118279941","name":"7-Eleven","category":"convenience","brand":"7-Eleven"},"geometry":{"type":"Point","coordinates":[121.462998,25.018982]}},{"type":"Feature","properties":{"id":"osm:node:8118279942","name":"7-Eleven","category":"convenience","brand":"7-Eleven","opening_hours":"24/7","address":"220793新北市板橋區民生路二段247號1樓","phone":"+886 2 2255 2884","website":"https://www.7-11.com.tw/"},"geometry":{"type":"Point","coordinates":[121.468377,25.02169]}},{"type":"Feature","properties":{"id":"osm:node:8118279943","name":"7-Eleven","category":"convenience","brand":"7-Eleven","wheelchair":"yes"},"geometry":{"type":"Point","coordinates":[121.470137,25.023752]}},{"type":"Feature","properties":{"id":"osm:node:8118279944","name":"7-Eleven","category":"convenience","brand":"7-Eleven"},"geometry":{"type":"Point","coordinates":[121.471336,25.024275]}},{"type":"Feature","properties":{"id":"osm:node:8166185350","name":"7-Eleven","category":"convenience","brand":"7-Eleven","address":"241新北市三重區頂崁街210巷23弄1號"},"geometry":{"type":"Point","coordinates":[121.476002,25.068176]}},{"type":"Feature","properties":{"id":"osm:node:8208086805","name":"萊爾富","category":"convenience","nameEn":"Hi-Life","brand":"萊爾富"},"geometry":{"type":"Point","coordinates":[121.510292,25.137108]}},{"type":"Feature","properties":{"id":"osm:node:8221950655","name":"全家便利商店","category":"convenience","nameEn":"FamilyMart","brand":"全家便利商店"},"geometry":{"type":"Point","coordinates":[121.538351,25.135705]}},{"type":"Feature","properties":{"id":"osm:node:8277501437","name":"全家便利商店","category":"convenience","nameEn":"FamilyMart","brand":"全家便利商店"},"geometry":{"type":"Point","coordinates":[121.592261,25.039565]}},{"type":"Feature","properties":{"id":"osm:node:8277501438","name":"7-Eleven","category":"convenience","brand":"7-Eleven"},"geometry":{"type":"Point","coordinates":[121.591607,25.039682]}},{"type":"Feature","properties":{"id":"osm:node:8357411933","name":"7-Eleven","category":"convenience","brand":"7-Eleven","opening_hours":"24/7","address":"220010新北市板橋區四維路139號","phone":"+886 2 2259 6008","website":"https://www.7-11.com.tw/"},"geometry":{"type":"Point","coordinates":[121.465006,25.025324]}},{"type":"Feature","properties":{"id":"osm:node:8357411934","name":"7-Eleven","category":"convenience","brand":"7-Eleven","opening_hours":"24/7","address":"220013新北市板橋區自由路52、54號","phone":"+886 2 2254 2980","website":"https://www.7-11.com.tw/"},"geometry":{"type":"Point","coordinates":[121.465772,25.023517]}},{"type":"Feature","properties":{"id":"osm:node:8357411935","name":"7-Eleven","category":"convenience","brand":"7-Eleven","opening_hours":"24/7","address":"220401新北市板橋區民生路二段232之14、232之15號","phone":"+886 2 2254 0159","website":"https://www.7-11.com.tw/"},"geometry":{"type":"Point","coordinates":[121.468849,25.022386]}},{"type":"Feature","properties":{"id":"osm:node:8357411936","name":"7-Eleven","category":"convenience","brand":"7-Eleven","opening_hours":"24/7","address":"220090新北市板橋區縣民大道二段200巷1、3號","phone":"+886 2 8953 7937","website":"https://www.7-11.com.tw/"},"geometry":{"type":"Point","coordinates":[121.469661,25.017223]}},{"type":"Feature","properties":{"id":"osm:node:8357411938","name":"全家便利商店","category":"convenience","nameEn":"FamilyMart","brand":"全家便利商店","opening_hours":"24/7","address":"220012新北市板橋區裕民街11號","phone":"+886 2 8252 9995;+886 2 7746 2477","website":"https://www.family.com.tw/"},"geometry":{"type":"Point","coordinates":[121.462252,25.02894]}},{"type":"Feature","properties":{"id":"osm:node:8357411939","name":"全家便利商店","category":"convenience","nameEn":"FamilyMart","brand":"全家便利商店","opening_hours":"24/7","address":"220013新北市板橋區文化路一段421巷4號1樓","phone":"+886 2 2251 8500;+886 2 7730 1358","website":"https://www.family.com.tw/","wheelchair":"yes"},"geometry":{"type":"Point","coordinates":[121.467428,25.022783]}},{"type":"Feature","properties":{"id":"osm:node:8357411940","name":"全家便利商店","category":"convenience","nameEn":"FamilyMart","brand":"全家便利商店","opening_hours":"24/7","address":"220007新北市板橋區民生路二段250號1樓及B1","phone":"+886 2 2257 3505;+886 2 7709 6077","website":"https://www.family.com.tw/"},"geometry":{"type":"Point","coordinates":[121.468602,25.023203]}},{"type":"Feature","properties":{"id":"osm:node:8400037341","name":"7-Eleven","category":"convenience","brand":"7-Eleven","opening_hours":"24/7","address":"116臺北市文山區新光路一段10號","phone":"+886 2 29369304"},"geometry":{"type":"Point","coordinates":[121.573668,24.988678]}},{"type":"Feature","properties":{"id":"osm:node:8402044157","name":"7-Eleven","category":"convenience","brand":"7-Eleven"},"geometry":{"type":"Point","coordinates":[121.452404,25.058545]}},{"type":"Feature","properties":{"id":"osm:node:8412095990","name":"萊爾富","category":"convenience","nameEn":"Hi-Life","brand":"萊爾富","opening_hours":"Mo-Su 06:00-23:00"},"geometry":{"type":"Point","coordinates":[121.606526,25.052872]}},{"type":"Feature","properties":{"id":"osm:node:8413652396","name":"7-Eleven","category":"convenience","brand":"7-Eleven","opening_hours":"24/7","wheelchair":"yes"},"geometry":{"type":"Point","coordinates":[121.581002,25.044617]}},{"type":"Feature","properties":{"id":"osm:node:8420296413","name":"萊爾富","category":"convenience","nameEn":"Hi-Life","brand":"萊爾富","wheelchair":"no"},"geometry":{"type":"Point","coordinates":[121.601143,25.088165]}},{"type":"Feature","properties":{"id":"osm:node:843415677","name":"7-Eleven","category":"convenience","brand":"7-Eleven"},"geometry":{"type":"Point","coordinates":[121.586783,25.046547]}},{"type":"Feature","properties":{"id":"osm:node:8441425920","name":"義美食品","category":"convenience","nameEn":"I-Mei Foods","brand":"義美食品","opening_hours":"Mo-Su 08:00-22:00","address":"115028臺北市南港區興華路66號一樓","phone":"+886 2 2654 6933","website":"https://imeifoods.com.tw/","wheelchair":"limited"},"geometry":{"type":"Point","coordinates":[121.605761,25.055415]}},{"type":"Feature","properties":{"id":"osm:node:8457902210","name":"7-Eleven","category":"convenience","brand":"7-Eleven","opening_hours":"24/7","address":"104台北市中山區中山北路二段39巷8號一樓","phone":"+886 2 25115092","website":"https://www.7-11.com.tw/"},"geometry":{"type":"Point","coordinates":[121.523631,25.053915]}},{"type":"Feature","properties":{"id":"osm:node:848750096","name":"全家便利商店","category":"convenience","nameEn":"FamilyMart","brand":"全家便利商店","address":"臺北市南港區重陽路16號","wheelchair":"yes"},"geometry":{"type":"Point","coordinates":[121.595869,25.055131]}},{"type":"Feature","properties":{"id":"osm:node:8503141299","name":"全家便利商店","category":"convenience","nameEn":"FamilyMart","brand":"全家便利商店"},"geometry":{"type":"Point","coordinates":[121.514418,25.045065]}},{"type":"Feature","properties":{"id":"osm:node:8503483917","name":"全家便利商店","category":"convenience","nameEn":"FamilyMart","brand":"全家便利商店","address":"台北市中正區市民大道一段100號地下街159號店鋪","phone":"+886 2 2556 0730"},"geometry":{"type":"Point","coordinates":[121.515282,25.04893]}},{"type":"Feature","properties":{"id":"osm:node:8505355717","name":"萊爾富","category":"convenience","nameEn":"Hi-Life","brand":"萊爾富","opening_hours":"24/7","address":"臺北市南港區南港路三段358;360號"},"geometry":{"type":"Point","coordinates":[121.580233,25.051535]}},{"type":"Feature","properties":{"id":"osm:node:8524769282","name":"7-Eleven","category":"convenience","brand":"7-Eleven"},"geometry":{"type":"Point","coordinates":[121.529222,25.033159]}},{"type":"Feature","properties":{"id":"osm:node:8524769294","name":"全家便利商店","category":"convenience","nameEn":"FamilyMart","brand":"全家便利商店","wheelchair":"no"},"geometry":{"type":"Point","coordinates":[121.527465,25.033807]}},{"type":"Feature","properties":{"id":"osm:node:8524769302","name":"全家便利商店","category":"convenience","nameEn":"FamilyMart","brand":"全家便利商店","address":"臺北市中正區杭州南路一段147號"},"geometry":{"type":"Point","coordinates":[121.524622,25.035944]}},{"type":"Feature","properties":{"id":"osm:node:8584495301","name":"OK超商","category":"convenience","nameEn":"OK mart","brand":"OK超商"},"geometry":{"type":"Point","coordinates":[121.462766,25.135283]}},{"type":"Feature","properties":{"id":"osm:node:8637594617","name":"全家便利商店","category":"convenience","nameEn":"FamilyMart","brand":"全家便利商店","opening_hours":"24/7","address":"台北市北投區三合街116號一樓"},"geometry":{"type":"Point","coordinates":[121.505166,25.12703]}},{"type":"Feature","properties":{"id":"osm:node:8642800442","name":"全家便利商店","category":"convenience","nameEn":"FamilyMart","brand":"全家便利商店","opening_hours":"24/7","address":"235新北市中和區員山路504-1號一樓"},"geometry":{"type":"Point","coordinates":[121.479552,25.008216]}},{"type":"Feature","properties":{"id":"osm:node:868325315","name":"全家便利商店","category":"convenience","nameEn":"FamilyMart","brand":"全家便利商店","wheelchair":"limited"},"geometry":{"type":"Point","coordinates":[121.615171,25.057413]}},{"type":"Feature","properties":{"id":"osm:node:868433780","name":"7-Eleven","category":"convenience","brand":"7-Eleven","wheelchair":"limited"},"geometry":{"type":"Point","coordinates":[121.613868,25.056077]}},{"type":"Feature","properties":{"id":"osm:node:870621635","name":"OK超商","category":"convenience","nameEn":"OK mart","brand":"OK超商"},"geometry":{"type":"Point","coordinates":[121.632225,25.069516]}},{"type":"Feature","properties":{"id":"osm:node:871370710","name":"7-Eleven","category":"convenience","brand":"7-Eleven"},"geometry":{"type":"Point","coordinates":[121.632816,25.068443]}},{"type":"Feature","properties":{"id":"osm:node:871606403","name":"全家便利商店","category":"convenience","nameEn":"FamilyMart","brand":"全家便利商店","opening_hours":"Mo-Su,PH 00:00-00:00"},"geometry":{"type":"Point","coordinates":[121.632497,25.076224]}},{"type":"Feature","properties":{"id":"osm:node:8724744743","name":"7-Eleven","category":"convenience","brand":"7-Eleven"},"geometry":{"type":"Point","coordinates":[121.46711,25.125005]}},{"type":"Feature","properties":{"id":"osm:node:8769298630","name":"全家便利商店","category":"convenience","nameEn":"FamilyMart","brand":"全家便利商店","wheelchair":"yes"},"geometry":{"type":"Point","coordinates":[121.476812,25.026436]}},{"type":"Feature","properties":{"id":"osm:node:8769298631","name":"萊爾富","category":"convenience","nameEn":"Hi-Life","brand":"萊爾富"},"geometry":{"type":"Point","coordinates":[121.477714,25.027205]}},{"type":"Feature","properties":{"id":"osm:node:8774121017","name":"全家便利商店","category":"convenience","nameEn":"FamilyMart","brand":"全家便利商店"},"geometry":{"type":"Point","coordinates":[121.454223,24.986777]}},{"type":"Feature","properties":{"id":"osm:node:8774121117","name":"萊爾富","category":"convenience","nameEn":"Hi-Life","brand":"萊爾富"},"geometry":{"type":"Point","coordinates":[121.453739,24.986213]}},{"type":"Feature","properties":{"id":"osm:node:8776487272","name":"萊爾富","category":"convenience","nameEn":"Hi-Life","brand":"萊爾富"},"geometry":{"type":"Point","coordinates":[121.495535,25.061419]}},{"type":"Feature","properties":{"id":"osm:node:8784649263","name":"全家便利商店","category":"convenience","nameEn":"FamilyMart","brand":"全家便利商店","address":"220073新北市板橋區縣民大道二段3號","phone":"+886 2 8968 2022;+886 2 7709 4661","website":"https://www.family.com.tw/"},"geometry":{"type":"Point","coordinates":[121.462216,25.012184]}},{"type":"Feature","properties":{"id":"osm:node:8785700261","name":"全家便利商店","category":"convenience","nameEn":"FamilyMart","brand":"全家便利商店"},"geometry":{"type":"Point","coordinates":[121.507475,25.04763]}},{"type":"Feature","properties":{"id":"osm:node:8789294950","name":"全家便利商店","category":"convenience","nameEn":"FamilyMart","brand":"全家便利商店","wheelchair":"yes"},"geometry":{"type":"Point","coordinates":[121.521131,25.063019]}},{"type":"Feature","properties":{"id":"osm:node:8798209348","name":"全家便利商店","category":"convenience","nameEn":"FamilyMart","brand":"全家便利商店"},"geometry":{"type":"Point","coordinates":[121.604788,25.054732]}},{"type":"Feature","properties":{"id":"osm:node:880655676","name":"7-Eleven","category":"convenience","brand":"7-Eleven"},"geometry":{"type":"Point","coordinates":[121.613334,25.055157]}},{"type":"Feature","properties":{"id":"osm:node:8807946117","name":"7-Eleven","category":"convenience","brand":"7-Eleven","opening_hours":"24/7","address":"104台北市中山區天津街65號"},"geometry":{"type":"Point","coordinates":[121.523293,25.050796]}},{"type":"Feature","properties":{"id":"osm:node:8808654469","name":"7-Eleven","category":"convenience","brand":"7-Eleven"},"geometry":{"type":"Point","coordinates":[121.52594,25.051912]}},{"type":"Feature","properties":{"id":"osm:node:8823530657","name":"7-Eleven","category":"convenience","brand":"7-Eleven"},"geometry":{"type":"Point","coordinates":[121.50382,25.019982]}},{"type":"Feature","properties":{"id":"osm:node:8823530658","name":"7-Eleven","category":"convenience","brand":"7-Eleven"},"geometry":{"type":"Point","coordinates":[121.500339,25.027912]}},{"type":"Feature","properties":{"id":"osm:node:8834894913","name":"萊爾富","category":"convenience","nameEn":"Hi-Life","brand":"萊爾富","opening_hours":"24/7","address":"220087新北市板橋區永豐街51之1、51之2號","phone":"+886 2 2954 5105","website":"https://www.hilife.com.tw/"},"geometry":{"type":"Point","coordinates":[121.473969,25.017935]}},{"type":"Feature","properties":{"id":"osm:node:8834918817","name":"OK超商","category":"convenience","nameEn":"OK mart","brand":"OK超商","opening_hours":"Mo-Su 06:00-24:00","address":"220089新北市板橋區懷仁街8號","phone":"+886 2 6637 5006","website":"https://www.okmart.com.tw/"},"geometry":{"type":"Point","coordinates":[121.47599,25.020068]}},{"type":"Feature","properties":{"id":"osm:node:8834918822","name":"全家便利商店","category":"convenience","nameEn":"FamilyMart","brand":"全家便利商店","opening_hours":"24/7","address":"220077新北市板橋區中山路二段90巷10號","phone":"+886 2 8951 0091","website":"https://www.family.com.tw/"},"geometry":{"type":"Point","coordinates":[121.475342,25.01596]}},{"type":"Feature","properties":{"id":"osm:node:8843373627","name":"佳家福便利商店","category":"convenience","address":"108013臺北市萬華區南寧路47號1樓"},"geometry":{"type":"Point","coordinates":[121.503594,25.035586]}},{"type":"Feature","properties":{"id":"osm:node:891560855","name":"7-Eleven","category":"convenience","brand":"7-Eleven","wheelchair":"yes"},"geometry":{"type":"Point","coordinates":[121.600832,25.05719]}},{"type":"Feature","properties":{"id":"osm:node:891560878","name":"全家便利商店","category":"convenience","nameEn":"FamilyMart","brand":"全家便利商店"},"geometry":{"type":"Point","coordinates":[121.598841,25.056703]}},{"type":"Feature","properties":{"id":"osm:node:8926113018","name":"7-Eleven","category":"convenience","brand":"7-Eleven"},"geometry":{"type":"Point","coordinates":[121.593399,25.084506]}},{"type":"Feature","properties":{"id":"osm:node:8999398236","name":"萊爾富","category":"convenience","nameEn":"Hi-Life","brand":"萊爾富"},"geometry":{"type":"Point","coordinates":[121.542736,25.012956]}},{"type":"Feature","properties":{"id":"osm:node:9004407448","name":"蝦皮店到店","category":"convenience","nameEn":"Shopee Xpress","brand":"蝦皮店到店","opening_hours":"24/7","address":"231新北市新店區明德路3號","phone":"+886 2 66366560"},"geometry":{"type":"Point","coordinates":[121.542519,24.976597]}},{"type":"Feature","properties":{"id":"osm:node:903726656","name":"OK超商","category":"convenience","nameEn":"OK mart","brand":"OK超商"},"geometry":{"type":"Point","coordinates":[121.624935,25.067026]}},{"type":"Feature","properties":{"id":"osm:node:907971186","name":"全家便利商店","category":"convenience","nameEn":"FamilyMart","brand":"全家便利商店","wheelchair":"no"},"geometry":{"type":"Point","coordinates":[121.601478,25.056237]}},{"type":"Feature","properties":{"id":"osm:node:9083906604","name":"全家便利商店","category":"convenience","nameEn":"FamilyMart","brand":"全家便利商店"},"geometry":{"type":"Point","coordinates":[121.539871,24.963048]}},{"type":"Feature","properties":{"id":"osm:node:913277601","name":"全家便利商店","category":"convenience","nameEn":"FamilyMart","brand":"全家便利商店","wheelchair":"yes"},"geometry":{"type":"Point","coordinates":[121.605618,25.055948]}},{"type":"Feature","properties":{"id":"osm:node:913277610","name":"7-Eleven","category":"convenience","brand":"7-Eleven","wheelchair":"yes"},"geometry":{"type":"Point","coordinates":[121.605629,25.057008]}},{"type":"Feature","properties":{"id":"osm:node:9180754911","name":"全家便利商店","category":"convenience","nameEn":"FamilyMart","brand":"全家便利商店","opening_hours":"24/7"},"geometry":{"type":"Point","coordinates":[121.557584,25.019941]}},{"type":"Feature","properties":{"id":"osm:node:919364684","name":"7-Eleven","category":"convenience","brand":"7-Eleven"},"geometry":{"type":"Point","coordinates":[121.631529,25.065954]}},{"type":"Feature","properties":{"id":"osm:node:919364706","name":"7-Eleven","category":"convenience","nameEn":"7-Eleven","brand":"7-Eleven"},"geometry":{"type":"Point","coordinates":[121.634824,25.057567]}},{"type":"Feature","properties":{"id":"osm:node:919973854","name":"OK超商","category":"convenience","nameEn":"OK mart","brand":"OK超商"},"geometry":{"type":"Point","coordinates":[121.62647,25.068425]}},{"type":"Feature","properties":{"id":"osm:node:9200113314","name":"7-Eleven","category":"convenience","brand":"7-Eleven"},"geometry":{"type":"Point","coordinates":[121.575088,25.077274]}},{"type":"Feature","properties":{"id":"osm:node:9214256552","name":"全家便利商店","category":"convenience","nameEn":"FamilyMart","brand":"全家便利商店","opening_hours":"24/7","address":"251新北市淡水區學府路136巷46號一樓","phone":"+886 2 8631 9663;+886 2 7746 7094","website":"https://www.family.com.tw/"},"geometry":{"type":"Point","coordinates":[121.452191,25.172602]}},{"type":"Feature","properties":{"id":"osm:node:9229352502","name":"OK超商","category":"convenience","nameEn":"OK mart","brand":"OK超商"},"geometry":{"type":"Point","coordinates":[121.459848,25.003034]}},{"type":"Feature","properties":{"id":"osm:node:9229352504","name":"7-Eleven","category":"convenience","brand":"7-Eleven","wheelchair":"yes"},"geometry":{"type":"Point","coordinates":[121.459742,25.00459]}},{"type":"Feature","properties":{"id":"osm:node:9229363419","name":"7-Eleven","category":"convenience","brand":"7-Eleven"},"geometry":{"type":"Point","coordinates":[121.463558,25.007099]}},{"type":"Feature","properties":{"id":"osm:node:9229363421","name":"7-Eleven","category":"convenience","brand":"7-Eleven","opening_hours":"24/7","address":"220067新北市板橋區館前東路15、15之1、17號1樓","phone":"+886 2 2956 0071","website":"https://www.7-11.com.tw/"},"geometry":{"type":"Point","coordinates":[121.460105,25.007287]}},{"type":"Feature","properties":{"id":"osm:node:9229363426","name":"全家便利商店","category":"convenience","nameEn":"FamilyMart","brand":"全家便利商店","wheelchair":"yes"},"geometry":{"type":"Point","coordinates":[121.459771,25.006072]}},{"type":"Feature","properties":{"id":"osm:node:9229363429","name":"7-Eleven","category":"convenience","brand":"7-Eleven","wheelchair":"yes"},"geometry":{"type":"Point","coordinates":[121.464168,25.005282]}},{"type":"Feature","properties":{"id":"osm:node:9229363435","name":"全家便利商店","category":"convenience","nameEn":"FamilyMart","brand":"全家便利商店"},"geometry":{"type":"Point","coordinates":[121.463287,25.000807]}},{"type":"Feature","properties":{"id":"osm:node:9237549069","name":"台糖便利商店","category":"convenience"},"geometry":{"type":"Point","coordinates":[121.515546,25.027225]}},{"type":"Feature","properties":{"id":"osm:node:9247745720","name":"蝦皮店到店","category":"convenience","nameEn":"Shopee Xpress","brand":"蝦皮店到店"},"geometry":{"type":"Point","coordinates":[121.539335,25.001618]}},{"type":"Feature","properties":{"id":"osm:node:9291822164","name":"蝦皮店到店","category":"convenience","nameEn":"Shopee Xpress","brand":"蝦皮店到店","opening_hours":"Mo-Su 10:30-22:00","address":"新北市深坑區北深路二段108號一樓"},"geometry":{"type":"Point","coordinates":[121.616689,25.003281]}},{"type":"Feature","properties":{"id":"osm:node:9317662718","name":"蝦皮店到店","category":"convenience","nameEn":"Shopee Xpress","opening_hours":"Mo-Su 10:30-22:00","address":"新北市土城區金城路三段215號一樓"},"geometry":{"type":"Point","coordinates":[121.470649,24.989521]}},{"type":"Feature","properties":{"id":"osm:node:9317662719","name":"蝦皮店到店","category":"convenience","nameEn":"Shopee Xpress","opening_hours":"Mo-Su 10:30-22:00","address":"新北市土城區金城路三段33巷20號一樓"},"geometry":{"type":"Point","coordinates":[121.465172,24.987463]}},{"type":"Feature","properties":{"id":"osm:node:9321252506","name":"蝦皮店到店","category":"convenience","nameEn":"Shopee Xpress","opening_hours":"Mo-Su 10:30-22:00","address":"新北市淡水區水源街二段108號"},"geometry":{"type":"Point","coordinates":[121.452521,25.174531]}},{"type":"Feature","properties":{"id":"osm:node:9321252507","name":"蝦皮店到店","category":"convenience","nameEn":"Shopee Xpress","opening_hours":"Mo-Su 10:30-22:00","address":"新北市淡水區北新路169巷5號"},"geometry":{"type":"Point","coordinates":[121.450038,25.179591]}},{"type":"Feature","properties":{"id":"osm:node:9321252509","name":"蝦皮店到店","category":"convenience","nameEn":"Shopee Xpress","opening_hours":"Mo-Su 10:30-22:00","address":"臺北市北投區光明路86號一樓"},"geometry":{"type":"Point","coordinates":[121.500698,25.133068]}},{"type":"Feature","properties":{"id":"osm:node:9321252510","name":"蝦皮店到店","category":"convenience","nameEn":"Shopee Xpress","opening_hours":"Mo-Su 10:30-22:00","address":"臺北市北投區三合街414號"},"geometry":{"type":"Point","coordinates":[121.502941,25.126673]}},{"type":"Feature","properties":{"id":"osm:node:9321252511","name":"蝦皮店到店","category":"convenience","nameEn":"Shopee Xpress","opening_hours":"Mo-Su 10:30-22:00","address":"臺北市北投區石牌路一段87號一樓","wheelchair":"yes"},"geometry":{"type":"Point","coordinates":[121.511627,25.113831]}},{"type":"Feature","properties":{"id":"osm:node:9321252512","name":"蝦皮店到店","category":"convenience","nameEn":"Shopee Xpress","brand":"蝦皮店到店","opening_hours":"Mo-Su 10:30-22:00","address":"臺北市士林區德行東路205號一樓"},"geometry":{"type":"Point","coordinates":[121.532591,25.109301]}},{"type":"Feature","properties":{"id":"osm:node:9321252513","name":"蝦皮店到店","category":"convenience","nameEn":"Shopee Xpress","opening_hours":"Mo-Su 10:30-22:00","address":"臺北市士林區延平北路五段62號一樓"},"geometry":{"type":"Point","coordinates":[121.510959,25.080403]}},{"type":"Feature","properties":{"id":"osm:node:9327511746","name":"蝦皮店到店","category":"convenience","nameEn":"Shopee Xpress","opening_hours":"Mo-Su 10:30-22:00","address":"新北市新店區中興路三段189號"},"geometry":{"type":"Point","coordinates":[121.54378,24.981247]}},{"type":"Feature","properties":{"id":"osm:node:9327511747","name":"蝦皮店到店","category":"convenience","nameEn":"Shopee Xpress","opening_hours":"Mo-Su 10:30-22:00","address":"新北市新店區中興路二段39號一樓"},"geometry":{"type":"Point","coordinates":[121.546073,24.96995]}},{"type":"Feature","properties":{"id":"osm:node:9327511748","name":"蝦皮店到店","category":"convenience","nameEn":"Shopee Xpress","opening_hours":"Mo-Su 10:30-22:00","address":"新北市新店區百忍街1-1號"},"geometry":{"type":"Point","coordinates":[121.535056,24.975507]}},{"type":"Feature","properties":{"id":"osm:node:9327511750","name":"蝦皮店到店","category":"convenience","nameEn":"Shopee Xpress","opening_hours":"Mo-Su 10:30-22:00","address":"新北市新店區民族路26號一樓"},"geometry":{"type":"Point","coordinates":[121.540765,24.978854]}},{"type":"Feature","properties":{"id":"osm:node:9327511752","name":"蝦皮店到店","category":"convenience","nameEn":"Shopee Xpress","opening_hours":"Mo-Su 10:30-22:00","address":"新北市新店區永安街85號"},"geometry":{"type":"Point","coordinates":[121.520014,24.986557]}},{"type":"Feature","properties":{"id":"osm:node:9327511753","name":"蝦皮店到店","category":"convenience","nameEn":"Shopee Xpress","opening_hours":"Mo-Su 10:30-22:00","address":"新北市汐止區康寧街407號","wheelchair":"limited"},"geometry":{"type":"Point","coordinates":[121.629786,25.067946]}},{"type":"Feature","properties":{"id":"osm:node:9327511754","name":"蝦皮店到店","category":"convenience","nameEn":"Shopee Xpress","opening_hours":"Mo-Su 10:30-22:00","address":"新北市汐止區仁愛路114號"},"geometry":{"type":"Point","coordinates":[121.662701,25.063604]}},{"type":"Feature","properties":{"id":"osm:node:9327511755","name":"蝦皮店到店","category":"convenience","nameEn":"Shopee Xpress","opening_hours":"Mo-Su 10:30-22:00","address":"新北市汐止區福德一路82號"},"geometry":{"type":"Point","coordinates":[121.638071,25.068667]}},{"type":"Feature","properties":{"id":"osm:node:9327511756","name":"蝦皮店到店","category":"convenience","nameEn":"Shopee Xpress","opening_hours":"Mo-Su 10:30-22:00","address":"新北市汐止區樟樹二路320號一樓"},"geometry":{"type":"Point","coordinates":[121.641446,25.070008]}},{"type":"Feature","properties":{"id":"osm:node:9327511757","name":"蝦皮店到店","category":"convenience","nameEn":"Shopee Xpress","opening_hours":"Mo-Su 10:30-22:00","address":"新北市汐止區青山路29號一樓","wheelchair":"limited"},"geometry":{"type":"Point","coordinates":[121.656351,25.061746]}},{"type":"Feature","properties":{"id":"osm:node:9327511758","name":"蝦皮店到店","category":"convenience","nameEn":"Shopee Xpress","opening_hours":"Mo-Su 10:30-22:00","address":"新北市汐止區忠孝東路332號"},"geometry":{"type":"Point","coordinates":[121.665004,25.069442]}},{"type":"Feature","properties":{"id":"osm:node:9340794916","name":"全家便利商店新格致店","category":"convenience","opening_hours":"24/7","address":"111臺北市士林區格致路53號一樓"},"geometry":{"type":"Point","coordinates":[121.546425,25.137728]}},{"type":"Feature","properties":{"id":"osm:node:9340934989","name":"蝦皮店到店","category":"convenience","nameEn":"Shopee Xpress","opening_hours":"Mo-Su 10:30-22:00","address":"新北市新莊區昌隆街20號"},"geometry":{"type":"Point","coordinates":[121.453727,25.050776]}},{"type":"Feature","properties":{"id":"osm:node:9340934991","name":"蝦皮店到店","category":"convenience","nameEn":"Shopee Xpress","opening_hours":"Mo-Su 10:30-22:00","address":"新北市新莊區思源路332巷30號","wheelchair":"yes"},"geometry":{"type":"Point","coordinates":[121.461002,25.050814]}},{"type":"Feature","properties":{"id":"osm:node:9340934995","name":"蝦皮店到店","category":"convenience","nameEn":"Shopee Xpress","brand":"蝦皮店到店","opening_hours":"Mo-Su 08:00-22:30","address":"新北市新莊區榮華路一段58號一樓","wheelchair":"yes"},"geometry":{"type":"Point","coordinates":[121.45421,25.055756]}},{"type":"Feature","properties":{"id":"osm:node:9340934996","name":"蝦皮店到店","category":"convenience","nameEn":"Shopee Xpress","opening_hours":"Mo-Su 10:30-22:00","address":"新北市新莊區復興路二段182號一樓"},"geometry":{"type":"Point","coordinates":[121.458893,25.044364]}},{"type":"Feature","properties":{"id":"osm:node:9342491837","name":"蝦皮店到店","category":"convenience","nameEn":"Shopee Xpress","opening_hours":"Mo-Su 10:30-22:00","address":"新北市三重區正義北路335號一樓"},"geometry":{"type":"Point","coordinates":[121.493727,25.071653]}},{"type":"Feature","properties":{"id":"osm:node:9342491838","name":"蝦皮店到店","category":"convenience","nameEn":"Shopee Xpress","opening_hours":"Mo-Su 10:30-22:00","address":"新北市三重區福和街37號"},"geometry":{"type":"Point","coordinates":[121.501199,25.061649]}},{"type":"Feature","properties":{"id":"osm:node:9342491839","name":"蝦皮店到店","category":"convenience","nameEn":"Shopee Xpress","opening_hours":"Mo-Su 10:30-22:00","address":"新北市三重區自強路五段80號"},"geometry":{"type":"Point","coordinates":[121.496277,25.083053]}},{"type":"Feature","properties":{"id":"osm:node:9342491840","name":"蝦皮店到店","category":"convenience","nameEn":"Shopee Xpress","opening_hours":"Mo-Su 10:30-22:00","address":"新北市三重區龍門路123號"},"geometry":{"type":"Point","coordinates":[121.497989,25.072786]}},{"type":"Feature","properties":{"id":"osm:node:9342491841","name":"蝦皮店到店","category":"convenience","nameEn":"Shopee Xpress","opening_hours":"Mo-Su 10:30-22:00","address":"新北市三重區重陽路四段30號"},"geometry":{"type":"Point","coordinates":[121.491059,25.069534]}},{"type":"Feature","properties":{"id":"osm:node:9342491842","name":"蝦皮店到店","category":"convenience","nameEn":"Shopee Xpress","opening_hours":"Mo-Su 10:30-22:00","address":"新北市三重區同安街111號"},"geometry":{"type":"Point","coordinates":[121.494326,25.056446]}},{"type":"Feature","properties":{"id":"osm:node:9342491845","name":"蝦皮店到店","category":"convenience","nameEn":"Shopee Xpress","opening_hours":"Mo-Su 10:30-22:00","address":"新北市蘆洲區民族路151號"},"geometry":{"type":"Point","coordinates":[121.479523,25.087846]}},{"type":"Feature","properties":{"id":"osm:node:9342491846","name":"蝦皮店到店","category":"convenience","nameEn":"Shopee Xpress","opening_hours":"Mo-Su 10:30-22:00","address":"新北市蘆洲區保和街97號"},"geometry":{"type":"Point","coordinates":[121.468849,25.085918]}},{"type":"Feature","properties":{"id":"osm:node:9342491847","name":"蝦皮店到店","category":"convenience","nameEn":"Shopee Xpress","opening_hours":"Mo-Su 10:30-22:00","address":"新北市蘆洲區中山一路269號"},"geometry":{"type":"Point","coordinates":[121.472605,25.079896]}},{"type":"Feature","properties":{"id":"osm:node:9342491849","name":"蝦皮店到店","category":"convenience","nameEn":"Shopee Xpress","opening_hours":"Mo-Su 10:30-22:00","address":"新北市蘆洲區和平路205號"},"geometry":{"type":"Point","coordinates":[121.465874,25.081642]}},{"type":"Feature","properties":{"id":"osm:node:9342491851","name":"蝦皮店到店","category":"convenience","nameEn":"Shopee Xpress","opening_hours":"Mo-Su 10:30-22:00","address":"新北市蘆洲區民族路60號"},"geometry":{"type":"Point","coordinates":[121.477292,25.084599]}},{"type":"Feature","properties":{"id":"osm:node:9342491852","name":"蝦皮店到店","category":"convenience","nameEn":"Shopee Xpress","opening_hours":"Mo-Su 10:30-22:00","address":"新北市蘆洲區民權路188-3號"},"geometry":{"type":"Point","coordinates":[121.471678,25.090909]}},{"type":"Feature","properties":{"id":"osm:node:9342938615","name":"7-Eleven","category":"convenience","brand":"7-Eleven","address":"220新北市板橋區貴興路85號一樓","phone":"+886 (02)29645590","website":"https://www.7-11.com.tw/"},"geometry":{"type":"Point","coordinates":[121.456457,25.00278]}},{"type":"Feature","properties":{"id":"osm:node:9345816145","name":"蝦皮店到店","category":"convenience","nameEn":"Shopee Xpress","opening_hours":"Mo-Su 10:30-22:00","address":"臺北市士林區華齡街53號一樓"},"geometry":{"type":"Point","coordinates":[121.519313,25.084346]}},{"type":"Feature","properties":{"id":"osm:node:9345816146","name":"蝦皮店到店","category":"convenience","nameEn":"Shopee Xpress","opening_hours":"Mo-Su 10:30-22:00","address":"臺北市士林區社中街122號一樓"},"geometry":{"type":"Point","coordinates":[121.510261,25.090007]}},{"type":"Feature","properties":{"id":"osm:node:9345816155","name":"蝦皮店到店","category":"convenience","nameEn":"Shopee Xpress","opening_hours":"Mo-Su 10:30-22:00","address":"新北市板橋區民治街88號一樓"},"geometry":{"type":"Point","coordinates":[121.479315,25.03197]}},{"type":"Feature","properties":{"id":"osm:node:9345816156","name":"蝦皮店到店","category":"convenience","nameEn":"Shopee Xpress","opening_hours":"Mo-Su 10:30-22:00","address":"新北市板橋區長江路二段159號一樓"},"geometry":{"type":"Point","coordinates":[121.466283,25.03202]}},{"type":"Feature","properties":{"id":"osm:node:9345816157","name":"蝦皮店到店","category":"convenience","nameEn":"Shopee Xpress","opening_hours":"Mo-Su 10:30-22:00","address":"新北市板橋區民權路257號一樓"},"geometry":{"type":"Point","coordinates":[121.457011,25.01599]}},{"type":"Feature","properties":{"id":"osm:node:9345816158","name":"蝦皮店到店","category":"convenience","nameEn":"Shopee Xpress","brand":"蝦皮店到店","opening_hours":"Mo-Su 10:30-22:00","address":"新北市板橋區民生路三段207號一樓"},"geometry":{"type":"Point","coordinates":[121.465091,25.02781]}},{"type":"Feature","properties":{"id":"osm:node:9345816159","name":"蝦皮店到店","category":"convenience","nameEn":"Shopee Xpress","opening_hours":"Mo-Su 10:30-22:00","address":"新北市板橋區信義路150巷10號一樓"},"geometry":{"type":"Point","coordinates":[121.458412,24.991804]}},{"type":"Feature","properties":{"id":"osm:node:9345816160","name":"蝦皮店到店","category":"convenience","nameEn":"Shopee Xpress","opening_hours":"Mo-Su 10:30-22:00","address":"220083新北市板橋區三民路二段237號1樓"},"geometry":{"type":"Point","coordinates":[121.47914,25.01267]}},{"type":"Feature","properties":{"id":"osm:node:9345816163","name":"蝦皮店到店","category":"convenience","nameEn":"Shopee Xpress","opening_hours":"Mo-Su 10:30-22:00","address":"新北市板橋區裕民街116號一樓"},"geometry":{"type":"Point","coordinates":[121.459368,25.027703]}},{"type":"Feature","properties":{"id":"osm:node:9345816164","name":"蝦皮店到店","category":"convenience","nameEn":"Shopee Xpress","opening_hours":"Mo-Su 10:30-22:00","address":"新北市板橋區文聖街173號"},"geometry":{"type":"Point","coordinates":[121.479247,25.027085]}},{"type":"Feature","properties":{"id":"osm:node:9351908803","name":"蝦皮店到店","category":"convenience","nameEn":"Shopee Xpress","opening_hours":"Mo-Su 10:30-22:00","address":"新北市三重區中正北路101號一樓"},"geometry":{"type":"Point","coordinates":[121.489656,25.063244]}},{"type":"Feature","properties":{"id":"osm:node:9351908804","name":"蝦皮店到店","category":"convenience","nameEn":"Shopee Xpress","opening_hours":"Mo-Su 10:30-22:00","address":"新北市土城區裕民路238號一樓"},"geometry":{"type":"Point","coordinates":[121.453809,24.983468]}},{"type":"Feature","properties":{"id":"osm:node:9351908807","name":"蝦皮店到店","category":"convenience","nameEn":"Shopee Xpress","opening_hours":"Mo-Su 10:30-22:00","address":"新北市板橋區忠孝路171號一樓"},"geometry":{"type":"Point","coordinates":[121.464028,25.002564]}},{"type":"Feature","properties":{"id":"osm:node:9351908809","name":"蝦皮店到店","category":"convenience","nameEn":"Shopee Xpress","opening_hours":"Mo-Su 10:30-22:00","address":"新北市新店區安和路二段163號一樓"},"geometry":{"type":"Point","coordinates":[121.518764,24.974234]}},{"type":"Feature","properties":{"id":"osm:node:9362998857","name":"蝦皮店到店","category":"convenience","nameEn":"Shopee Xpress","opening_hours":"Mo-Su 10:30-22:00","address":"新北市中和區華新街148號一樓"},"geometry":{"type":"Point","coordinates":[121.507806,24.98253]}},{"type":"Feature","properties":{"id":"osm:node:9362998861","name":"蝦皮店到店","category":"convenience","nameEn":"Shopee Xpress","opening_hours":"Mo-Su 10:30-22:00","address":"新北市中和區南山路97號一樓"},"geometry":{"type":"Point","coordinates":[121.502065,24.997772]}},{"type":"Feature","properties":{"id":"osm:node:9362998862","name":"蝦皮店到店","category":"convenience","nameEn":"Shopee Xpress","brand":"蝦皮店到店","opening_hours":"Mo-Su 10:30-22:00","address":"新北市中和區捷運路18號一樓"},"geometry":{"type":"Point","coordinates":[121.508811,24.990104]}},{"type":"Feature","properties":{"id":"osm:node:9362998863","name":"蝦皮店到店","category":"convenience","nameEn":"Shopee Xpress","opening_hours":"Mo-Su 10:30-22:00","address":"新北市中和區國光街48號一樓"},"geometry":{"type":"Point","coordinates":[121.470867,25.000303]}},{"type":"Feature","properties":{"id":"osm:node:9362998864","name":"蝦皮店到店","category":"convenience","nameEn":"Shopee Xpress","opening_hours":"Mo-Su 10:30-22:00","address":"新北市中和區自治街50號一樓"},"geometry":{"type":"Point","coordinates":[121.475509,25.003291]}},{"type":"Feature","properties":{"id":"osm:node:9362998865","name":"蝦皮店到店","category":"convenience","nameEn":"Shopee Xpress","brand":"蝦皮店到店","opening_hours":"Mo-Su 08:00-22:30","address":"新北市中和區景平路638號一樓"},"geometry":{"type":"Point","coordinates":[121.497936,25.000377]}},{"type":"Feature","properties":{"id":"osm:node:9362998866","name":"蝦皮店到店","category":"convenience","nameEn":"Shopee Xpress","opening_hours":"Mo-Su 10:30-22:00","address":"新北市中和區中山路二段23號"},"geometry":{"type":"Point","coordinates":[121.505033,25.005357]}},{"type":"Feature","properties":{"id":"osm:node:9362998867","name":"蝦皮店到店","category":"convenience","nameEn":"Shopee Xpress","opening_hours":"Mo-Su 10:30-22:00","address":"新北市中和區自立路23號"},"geometry":{"type":"Point","coordinates":[121.522289,24.995863]}},{"type":"Feature","properties":{"id":"osm:node:9362998868","name":"蝦皮店到店","category":"convenience","nameEn":"Shopee Xpress","opening_hours":"Mo-Su 10:30-22:00","address":"新北市中和區宜安路149號"},"geometry":{"type":"Point","coordinates":[121.509118,24.998676]}},{"type":"Feature","properties":{"id":"osm:node:9362998869","name":"蝦皮店到店","category":"convenience","nameEn":"Shopee Xpress","opening_hours":"Mo-Su 10:30-22:00","address":"新北市中和區景平路693號"},"geometry":{"type":"Point","coordinates":[121.496474,25.003282]}},{"type":"Feature","properties":{"id":"osm:node:9362998870","name":"蝦皮店到店","category":"convenience","nameEn":"Shopee Xpress","opening_hours":"Mo-Su 10:30-22:00","address":"新北市中和區中山路二段487號"},"geometry":{"type":"Point","coordinates":[121.482702,25.00489]}},{"type":"Feature","properties":{"id":"osm:node:9362998871","name":"蝦皮店到店","category":"convenience","nameEn":"Shopee Xpress","opening_hours":"Mo-Su 10:30-22:00","address":"新北市中和區德光路19號"},"geometry":{"type":"Point","coordinates":[121.471006,25.004291]}},{"type":"Feature","properties":{"id":"osm:node:9362998872","name":"蝦皮店到店","category":"convenience","nameEn":"Shopee Xpress","opening_hours":"Mo-Su 10:30-22:00","address":"新北市中和區南山路172號"},"geometry":{"type":"Point","coordinates":[121.504761,24.991415]}},{"type":"Feature","properties":{"id":"osm:node:9362998873","name":"蝦皮店到店","category":"convenience","nameEn":"Shopee Xpress","opening_hours":"Mo-Su 10:30-22:00","address":"新北市中和區興南路一段179號"},"geometry":{"type":"Point","coordinates":[121.50834,24.986604]}},{"type":"Feature","properties":{"id":"osm:node:9362998874","name":"蝦皮店到店","category":"convenience","nameEn":"Shopee Xpress","opening_hours":"Mo-Su 10:30-22:00","address":"臺北市大安區瑞安街146號一樓"},"geometry":{"type":"Point","coordinates":[121.542034,25.02926]}},{"type":"Feature","properties":{"id":"osm:node:9362998875","name":"蝦皮店到店","category":"convenience","nameEn":"Shopee Xpress","opening_hours":"Mo-Su 10:30-22:00","address":"臺北市大安區安居街35巷2號","wheelchair":"no"},"geometry":{"type":"Point","coordinates":[121.554417,25.020148]}},{"type":"Feature","properties":{"id":"osm:node:9364864628","name":"全家便利商店","category":"convenience","nameEn":"FamilyMart","brand":"全家便利商店"},"geometry":{"type":"Point","coordinates":[121.56725,25.041798]}},{"type":"Feature","properties":{"id":"osm:node:9367171415","name":"7-Eleven","category":"convenience","brand":"7-Eleven","opening_hours":"24/7","address":"241553新北市三重區新北大道二段258號","phone":"+886 2 2999 6424"},"geometry":{"type":"Point","coordinates":[121.466555,25.061665]}},{"type":"Feature","properties":{"id":"osm:node:9367391628","name":"7-Eleven","category":"convenience","brand":"7-Eleven"},"geometry":{"type":"Point","coordinates":[121.465945,25.055415]}},{"type":"Feature","properties":{"id":"osm:node:9367391644","name":"7-Eleven","category":"convenience","brand":"7-Eleven"},"geometry":{"type":"Point","coordinates":[121.464841,25.059919]}},{"type":"Feature","properties":{"id":"osm:node:9370672627","name":"7-Eleven","category":"convenience","brand":"7-Eleven"},"geometry":{"type":"Point","coordinates":[121.465935,25.051719]}},{"type":"Feature","properties":{"id":"osm:node:9371544763","name":"蝦皮店到店","category":"convenience","nameEn":"Shopee Xpress","opening_hours":"Mo-Su 10:30-22:00","address":"臺北市士林區士東路11號一樓"},"geometry":{"type":"Point","coordinates":[121.526718,25.111942]}},{"type":"Feature","properties":{"id":"osm:node:9371544764","name":"蝦皮店到店","category":"convenience","nameEn":"Shopee Xpress","opening_hours":"Mo-Su 10:30-22:00","address":"新北市三重區仁愛街514號一樓"},"geometry":{"type":"Point","coordinates":[121.487276,25.08204]}},{"type":"Feature","properties":{"id":"osm:node:9371544767","name":"蝦皮店到店","category":"convenience","nameEn":"Shopee Xpress","opening_hours":"Mo-Su 10:30-22:00","address":"新北市板橋區四川路二段119號一樓"},"geometry":{"type":"Point","coordinates":[121.451329,24.994155]}},{"type":"Feature","properties":{"id":"osm:node:9371544769","name":"蝦皮店到店","category":"convenience","nameEn":"Shopee Xpress","opening_hours":"Mo-Su 10:30-22:00","address":"新北市淡水區淡金路38巷35弄14號一樓"},"geometry":{"type":"Point","coordinates":[121.458008,25.161795]}},{"type":"Feature","properties":{"id":"osm:node:9371544770","name":"蝦皮店到店","category":"convenience","nameEn":"Shopee Xpress","opening_hours":"Mo-Su 10:30-22:00","address":"新北市新莊區中誠街78號一樓"},"geometry":{"type":"Point","coordinates":[121.450438,25.047926]}},{"type":"Feature","properties":{"id":"osm:node:9377991063","name":"蝦皮店到店","category":"convenience","nameEn":"Shopee Xpress","opening_hours":"Mo-Su 10:30-22:00","address":"臺北市大同區重慶北路三段253號"},"geometry":{"type":"Point","coordinates":[121.514031,25.07151]}},{"type":"Feature","properties":{"id":"osm:node:9377991064","name":"蝦皮店到店","category":"convenience","nameEn":"Shopee Xpress","opening_hours":"Mo-Su 11:30-22:30","address":"103007臺北市大同區重慶北路一段82號1樓"},"geometry":{"type":"Point","coordinates":[121.513892,25.052454]}},{"type":"Feature","properties":{"id":"osm:node:9377991065","name":"蝦皮店到店","category":"convenience","nameEn":"Shopee Xpress","opening_hours":"Mo-Su 10:30-22:00","address":"臺北市中山區吉林路390號"},"geometry":{"type":"Point","coordinates":[121.530257,25.065078]}},{"type":"Feature","properties":{"id":"osm:node:9377991066","name":"蝦皮店到店","category":"convenience","nameEn":"Shopee Xpress","brand":"蝦皮店到店","opening_hours":"Mo-Su 08:00-22:30","address":"臺北市中山區吉林路441號一樓"},"geometry":{"type":"Point","coordinates":[121.530586,25.067209]}},{"type":"Feature","properties":{"id":"osm:node:9377991067","name":"蝦皮店到店","category":"convenience","nameEn":"Shopee Xpress","opening_hours":"Mo-Su 10:30-22:00","address":"臺北市中山區中原街43號一樓"},"geometry":{"type":"Point","coordinates":[121.528968,25.057198]}},{"type":"Feature","properties":{"id":"osm:node:9377991068","name":"蝦皮店到店","category":"convenience","nameEn":"Shopee Xpress","opening_hours":"Mo-Su 10:30-22:00","address":"臺北市中山區長安東路二段169-8號"},"geometry":{"type":"Point","coordinates":[121.541047,25.048419]}},{"type":"Feature","properties":{"id":"osm:node:9377991069","name":"蝦皮店到店","category":"convenience","nameEn":"Shopee Xpress","opening_hours":"Mo-Su 10:30-22:00","address":"臺北市萬華區中華路二段352號一樓"},"geometry":{"type":"Point","coordinates":[121.504501,25.029343]}},{"type":"Feature","properties":{"id":"osm:node:9377991070","name":"蝦皮店到店","category":"convenience","nameEn":"Shopee Xpress","opening_hours":"Mo-Su 10:30-22:00","address":"臺北市萬華區貴陽街二段104-2號"},"geometry":{"type":"Point","coordinates":[121.502961,25.03985]}},{"type":"Feature","properties":{"id":"osm:node:9377991071","name":"蝦皮店到店","category":"convenience","nameEn":"Shopee Xpress","brand":"蝦皮店到店","opening_hours":"Mo-Su 08:00-22:30","address":"臺北市萬華區西園路二段96巷34號一樓"},"geometry":{"type":"Point","coordinates":[121.495661,25.031282]}},{"type":"Feature","properties":{"id":"osm:node:9377991072","name":"蝦皮店到店","category":"convenience","nameEn":"Shopee Xpress","opening_hours":"Mo-Su 10:30-22:00","address":"臺北市萬華區東園街168號"},"geometry":{"type":"Point","coordinates":[121.497986,25.022562]}},{"type":"Feature","properties":{"id":"osm:node:9377991073","name":"蝦皮店到店","category":"convenience","nameEn":"Shopee Xpress","opening_hours":"Mo-Su 10:30-22:00","address":"臺北市萬華區萬大路255號一樓"},"geometry":{"type":"Point","coordinates":[121.500628,25.025953]}},{"type":"Feature","properties":{"id":"osm:node:9377991076","name":"蝦皮店到店","category":"convenience","nameEn":"Shopee Xpress","opening_hours":"Mo-Su 10:30-22:00","address":"新北市永和區永貞路171號一樓"},"geometry":{"type":"Point","coordinates":[121.51542,25.003869]}},{"type":"Feature","properties":{"id":"osm:node:9377991077","name":"蝦皮店到店","category":"convenience","nameEn":"Shopee Xpress","opening_hours":"Mo-Su 10:30-22:00","address":"新北市永和區成功路二段11號一樓"},"geometry":{"type":"Point","coordinates":[121.526925,25.001153]}},{"type":"Feature","properties":{"id":"osm:node:9377991078","name":"蝦皮店到店","category":"convenience","nameEn":"Shopee Xpress","opening_hours":"Mo-Su 10:30-22:00","address":"新北市永和區中正路501號"},"geometry":{"type":"Point","coordinates":[121.516959,25.00687]}},{"type":"Feature","properties":{"id":"osm:node:9377991079","name":"蝦皮店到店","category":"convenience","nameEn":"Shopee Xpress","opening_hours":"Mo-Su 10:30-22:00","address":"新北市永和區永亨路52號"},"geometry":{"type":"Point","coordinates":[121.520251,25.006227]}},{"type":"Feature","properties":{"id":"osm:node:9377991080","name":"蝦皮店到店","category":"convenience","nameEn":"Shopee Xpress","opening_hours":"Mo-Su 10:30-22:00","address":"新北市永和區保平路145號","wheelchair":"limited"},"geometry":{"type":"Point","coordinates":[121.510088,25.005956]}},{"type":"Feature","properties":{"id":"osm:node:9377991081","name":"蝦皮店到店","category":"convenience","nameEn":"Shopee Xpress","opening_hours":"Mo-Su 10:30-22:00","address":"新北市永和區中山路一段102-1號"},"geometry":{"type":"Point","coordinates":[121.511091,25.010617]}},{"type":"Feature","properties":{"id":"osm:node:9377991082","name":"蝦皮店到店","category":"convenience","nameEn":"Shopee Xpress","opening_hours":"Mo-Su 10:30-22:00","address":"新北市永和區仁愛路151號"},"geometry":{"type":"Point","coordinates":[121.51125,25.01281]}},{"type":"Feature","properties":{"id":"osm:node:9377991083","name":"蝦皮店到店","category":"convenience","nameEn":"Shopee Xpress","opening_hours":"Mo-Su 10:30-22:00","address":"新北市永和區中興街;(韓國街)151號"},"geometry":{"type":"Point","coordinates":[121.519185,25.012483]}},{"type":"Feature","properties":{"id":"osm:node:9378886430","name":"萊爾富","category":"convenience","nameEn":"Hi-Life","brand":"萊爾富"},"geometry":{"type":"Point","coordinates":[121.469221,25.081433]}},{"type":"Feature","properties":{"id":"osm:node:9391261118","name":"蝦皮店到店","category":"convenience","nameEn":"Shopee Xpress","brand":"蝦皮店到店","opening_hours":"Mo-Su 08:00-22:30","address":"新北市新店區順安街31號一樓"},"geometry":{"type":"Point","coordinates":[121.540794,24.98594]}},{"type":"Feature","properties":{"id":"osm:node:9391261119","name":"蝦皮店到店","category":"convenience","nameEn":"Shopee Xpress","brand":"蝦皮店到店","opening_hours":"Mo-Su 10:30-22:00","address":"新北市板橋區民族路249號一樓","wheelchair":"yes"},"geometry":{"type":"Point","coordinates":[121.470231,25.007053]}},{"type":"Feature","properties":{"id":"osm:node:9391261120","name":"蝦皮店到店","category":"convenience","nameEn":"Shopee Xpress","brand":"蝦皮店到店","opening_hours":"Mo-Su 10:30-22:00","address":"新北市板橋區龍泉街90巷16號一樓"},"geometry":{"type":"Point","coordinates":[121.456067,25.025031]}},{"type":"Feature","properties":{"id":"osm:node:9391261121","name":"蝦皮店到店","category":"convenience","nameEn":"Shopee Xpress","brand":"蝦皮店到店","opening_hours":"Mo-Su 10:30-22:00","address":"新北市三重區中正北路364號一樓"},"geometry":{"type":"Point","coordinates":[121.477144,25.069516]}},{"type":"Feature","properties":{"id":"osm:node:9391261122","name":"蝦皮店到店","category":"convenience","nameEn":"Shopee Xpress","opening_hours":"Mo-Su 10:30-22:00","address":"臺北市信義區莊敬路456號一樓"},"geometry":{"type":"Point","coordinates":[121.567582,25.026753]}},{"type":"Feature","properties":{"id":"osm:node:9391261124","name":"蝦皮店到店","category":"convenience","nameEn":"Shopee Xpress","opening_hours":"Mo-Su 10:30-22:00","address":"臺北市松山區八德路三段106巷60號一樓"},"geometry":{"type":"Point","coordinates":[121.554156,25.046332]}},{"type":"Feature","properties":{"id":"osm:node:9391261125","name":"蝦皮店到店","category":"convenience","nameEn":"Shopee Xpress","brand":"蝦皮店到店","opening_hours":"Mo-Su 10:30-22:00","address":"臺北市士林區文昌路18號一樓"},"geometry":{"type":"Point","coordinates":[121.521781,25.095073]}},{"type":"Feature","properties":{"id":"osm:node:9391261126","name":"蝦皮店到店","category":"convenience","nameEn":"Shopee Xpress","brand":"蝦皮店到店","opening_hours":"Mo-Su 10:30-22:00","address":"臺北市士林區天母東路22巷21之5號一樓"},"geometry":{"type":"Point","coordinates":[121.532625,25.117323]}},{"type":"Feature","properties":{"id":"osm:node:9395836044","name":"蝦皮店到店","category":"convenience","nameEn":"Shopee Xpress","opening_hours":"Mo-Su 10:30-22:00","address":"臺北市內湖區成功路二段297號一樓"},"geometry":{"type":"Point","coordinates":[121.59117,25.069505]}},{"type":"Feature","properties":{"id":"osm:node:9395836046","name":"蝦皮店到店","category":"convenience","nameEn":"Shopee Xpress","opening_hours":"Mo-Su 10:30-22:00","address":"臺北市內湖區文德路210巷30弄1號"},"geometry":{"type":"Point","coordinates":[121.583994,25.077075]}},{"type":"Feature","properties":{"id":"osm:node:9395836047","name":"蝦皮店到店","category":"convenience","nameEn":"Shopee Xpress","opening_hours":"Mo-Su 10:30-22:00","address":"臺北市內湖區麗山街348巷9號"},"geometry":{"type":"Point","coordinates":[121.573302,25.082015]}},{"type":"Feature","properties":{"id":"osm:node:9395836048","name":"蝦皮店到店","category":"convenience","nameEn":"Shopee Xpress","opening_hours":"Mo-Su 10:30-22:00","address":"臺北市內湖區東湖路7巷3號"},"geometry":{"type":"Point","coordinates":[121.612644,25.069153]}},{"type":"Feature","properties":{"id":"osm:node:9395836049","name":"7-Eleven","category":"convenience","brand":"7-Eleven"},"geometry":{"type":"Point","coordinates":[121.555045,25.048977]}},{"type":"Feature","properties":{"id":"osm:node:9395836050","name":"蝦皮店到店","category":"convenience","nameEn":"Shopee Xpress","opening_hours":"Mo-Su 10:30-22:00","address":"臺北市松山區寧安街3巷1號一樓"},"geometry":{"type":"Point","coordinates":[121.554375,25.048986]}},{"type":"Feature","properties":{"id":"osm:node:9395836051","name":"蝦皮店到店","category":"convenience","nameEn":"Shopee Xpress","opening_hours":"Mo-Su 10:30-22:00","address":"臺北市松山區三民路101巷1號","wheelchair":"no"},"geometry":{"type":"Point","coordinates":[121.563348,25.057299]}},{"type":"Feature","properties":{"id":"osm:node:9395836052","name":"蝦皮店到店","category":"convenience","nameEn":"Shopee Xpress","opening_hours":"Mo-Su 10:30-22:00","address":"臺北市松山區富錦街510號","wheelchair":"no"},"geometry":{"type":"Point","coordinates":[121.564408,25.060882]}},{"type":"Feature","properties":{"id":"osm:node:9395836054","name":"蝦皮店到店","category":"convenience","nameEn":"Shopee Xpress","opening_hours":"Mo-Su 10:30-22:00","address":"臺北市信義區永吉路189號"},"geometry":{"type":"Point","coordinates":[121.572777,25.045755]}},{"type":"Feature","properties":{"id":"osm:node:9395836055","name":"蝦皮店到店","category":"convenience","nameEn":"Shopee Xpress","opening_hours":"Mo-Su 10:30-22:00","address":"臺北市信義區忠孝東路五段764號"},"geometry":{"type":"Point","coordinates":[121.581381,25.043128]}},{"type":"Feature","properties":{"id":"osm:node:9395836056","name":"蝦皮店到店","category":"convenience","nameEn":"Shopee Xpress","opening_hours":"Mo-Su 10:30-22:00","address":"臺北市信義區和平東路三段365號一樓","wheelchair":"no"},"geometry":{"type":"Point","coordinates":[121.557214,25.020244]}},{"type":"Feature","properties":{"id":"osm:node:9395836057","name":"蝦皮店到店","category":"convenience","nameEn":"Shopee Xpress","opening_hours":"Mo-Su 10:30-22:00","address":"臺北市南港區成功路一段1號"},"geometry":{"type":"Point","coordinates":[121.593349,25.054652]}},{"type":"Feature","properties":{"id":"osm:node:9395836058","name":"蝦皮店到店","category":"convenience","nameEn":"Shopee Xpress","opening_hours":"Mo-Su 10:30-22:00","address":"臺北市南港區興中路28巷3號一樓"},"geometry":{"type":"Point","coordinates":[121.606949,25.055616]}},{"type":"Feature","properties":{"id":"osm:node:9395836059","name":"蝦皮店到店","category":"convenience","nameEn":"Shopee Xpress","opening_hours":"Mo-Su 10:30-22:00","address":"臺北市中正區廈門街88號一樓"},"geometry":{"type":"Point","coordinates":[121.517366,25.024396]}},{"type":"Feature","properties":{"id":"osm:node:9395836060","name":"蝦皮店到店","category":"convenience","nameEn":"Shopee Xpress","opening_hours":"Mo-Su 10:30-22:00","address":"臺北市中正區杭州南路一段63-1號一樓"},"geometry":{"type":"Point","coordinates":[121.525958,25.040412]}},{"type":"Feature","properties":{"id":"osm:node:9396025375","name":"全家便利商店","category":"convenience","nameEn":"FamilyMart","brand":"全家便利商店","address":"台北市南港區經貿二路191號","wheelchair":"yes"},"geometry":{"type":"Point","coordinates":[121.616141,25.06065]}},{"type":"Feature","properties":{"id":"osm:node:9401545420","name":"蝦皮店到店","category":"convenience","nameEn":"Shopee Xpress","opening_hours":"Mo-Su 10:30-22:00","address":"臺北市文山區木柵路一段216號一樓"},"geometry":{"type":"Point","coordinates":[121.5531,24.987816]}},{"type":"Feature","properties":{"id":"osm:node:9401545421","name":"蝦皮店到店","category":"convenience","nameEn":"Shopee Xpress","opening_hours":"Mo-Su 10:30-22:00","address":"臺北市文山區忠順街一段18-1號一樓"},"geometry":{"type":"Point","coordinates":[121.558652,24.983919]}},{"type":"Feature","properties":{"id":"osm:node:9401545422","name":"蝦皮店到店","category":"convenience","nameEn":"Shopee Xpress","opening_hours":"Mo-Su 10:30-22:00","address":"臺北市文山區保儀路59號一樓"},"geometry":{"type":"Point","coordinates":[121.568662,24.987248]}},{"type":"Feature","properties":{"id":"osm:node:9401545423","name":"全家便利商店","category":"convenience","nameEn":"FamilyMart","brand":"全家便利商店"},"geometry":{"type":"Point","coordinates":[121.568501,24.98736]}},{"type":"Feature","properties":{"id":"osm:node:9401545424","name":"蝦皮店到店","category":"convenience","nameEn":"Shopee Xpress","opening_hours":"Mo-Su 10:30-22:00","address":"臺北市文山區萬和街6號二樓之3"},"geometry":{"type":"Point","coordinates":[121.567277,25.001893]}},{"type":"Feature","properties":{"id":"osm:node:9401545425","name":"蝦皮店到店","category":"convenience","nameEn":"Shopee Xpress","opening_hours":"Mo-Su 10:30-22:00","address":"臺北市文山區木柵路一段57號一樓"},"geometry":{"type":"Point","coordinates":[121.54534,24.987001]}},{"type":"Feature","properties":{"id":"osm:node:9401545426","name":"蝦皮店到店","category":"convenience","nameEn":"Shopee Xpress","opening_hours":"11:30-22:30","address":"116007臺北市文山區木柵路二段117號一樓","website":"https://spx.tw"},"geometry":{"type":"Point","coordinates":[121.561996,24.989016]}},{"type":"Feature","properties":{"id":"osm:node:9401545427","name":"蝦皮店到店","category":"convenience","nameEn":"Shopee Xpress","opening_hours":"Mo-Su 10:30-22:00","address":"臺北市文山區木新路三段197號一樓"},"geometry":{"type":"Point","coordinates":[121.560046,24.981411]}},{"type":"Feature","properties":{"id":"osm:node:9401545428","name":"蝦皮店到店","category":"convenience","nameEn":"Shopee Xpress","opening_hours":"Mo-Su 10:30-22:00","address":"116臺北市文山區指南路二段143號一樓"},"geometry":{"type":"Point","coordinates":[121.577116,24.987458]}},{"type":"Feature","properties":{"id":"osm:node:9401545429","name":"蝦皮店到店","category":"convenience","nameEn":"Shopee Xpress","opening_hours":"Mo-Su 10:30-22:00","address":"臺北市文山區辛亥路五段60號"},"geometry":{"type":"Point","coordinates":[121.553717,24.999507]}},{"type":"Feature","properties":{"id":"osm:node:9407990798","name":"義美食品","category":"convenience","wheelchair":"no"},"geometry":{"type":"Point","coordinates":[121.523142,25.059561]}},{"type":"Feature","properties":{"id":"osm:node:9410410165","name":"7-Eleven","category":"convenience","brand":"7-Eleven","opening_hours":"24/7","wheelchair":"no"},"geometry":{"type":"Point","coordinates":[121.498652,25.069255]}},{"type":"Feature","properties":{"id":"osm:node:9413227053","name":"全家便利商店","category":"convenience","nameEn":"FamilyMart","brand":"全家便利商店"},"geometry":{"type":"Point","coordinates":[121.492102,25.083249]}},{"type":"Feature","properties":{"id":"osm:node:9414479537","name":"蝦皮店到店","category":"convenience","nameEn":"Shopee Xpress","brand":"蝦皮店到店","opening_hours":"Mo-Su 10:30-22:00","address":"新北市板橋區廣權路105號一樓"},"geometry":{"type":"Point","coordinates":[121.464688,24.992903]}},{"type":"Feature","properties":{"id":"osm:node:9414479538","name":"蝦皮店到店","category":"convenience","nameEn":"SPX Express","brand":"蝦皮店到店","opening_hours":"Mo-Su 10:30-22:00","address":"新北市板橋區國光路42號一樓"},"geometry":{"type":"Point","coordinates":[121.457521,25.017516]}},{"type":"Feature","properties":{"id":"osm:node:9414479539","name":"蝦皮店到店","category":"convenience","nameEn":"Shopee Xpress","brand":"蝦皮店到店","opening_hours":"Mo-Su 10:30-22:00","address":"新北市永和區安樂路106號一樓"},"geometry":{"type":"Point","coordinates":[121.514187,24.999625]}},{"type":"Feature","properties":{"id":"osm:node:9414479540","name":"蝦皮店到店","category":"convenience","nameEn":"Shopee Xpress","brand":"蝦皮店到店","opening_hours":"Mo-Su 10:30-22:00","address":"新北市中和區圓通路128號一樓"},"geometry":{"type":"Point","coordinates":[121.498542,24.995895]}},{"type":"Feature","properties":{"id":"osm:node:9414479541","name":"蝦皮店到店","category":"convenience","nameEn":"Shopee Xpress","brand":"蝦皮店到店","opening_hours":"Mo-Su 10:30-22:00","address":"新北市土城區學府路一段91號一樓"},"geometry":{"type":"Point","coordinates":[121.456389,24.987961]}},{"type":"Feature","properties":{"id":"osm:node:9414479543","name":"蝦皮店到店","category":"convenience","nameEn":"Shopee Xpress","brand":"蝦皮店到店","opening_hours":"Mo-Su 10:30-22:00","address":"台北市士林區永平街40號一樓"},"geometry":{"type":"Point","coordinates":[121.505167,25.09063]}},{"type":"Feature","properties":{"id":"osm:node:9414479545","name":"蝦皮店到店","category":"convenience","nameEn":"Shopee Xpress","opening_hours":"Mo-Su 10:30-22:00","address":"新北市汐止區明峰街15號一樓"},"geometry":{"type":"Point","coordinates":[121.634846,25.071384]}},{"type":"Feature","properties":{"id":"osm:node:9424219899","name":"蝦皮店到店","category":"convenience","nameEn":"Shopee Xpress","opening_hours":"Mo-Su 10:30-22:00","address":"新北市板橋區實踐路93巷31號一樓"},"geometry":{"type":"Point","coordinates":[121.465333,25.005374]}},{"type":"Feature","properties":{"id":"osm:node:9424219901","name":"蝦皮店到店","category":"convenience","nameEn":"Shopee Xpress","opening_hours":"Mo-Su 10:30-22:00","address":"台北市萬華區西園路一段203巷5-1號一樓"},"geometry":{"type":"Point","coordinates":[121.499731,25.03381]}},{"type":"Feature","properties":{"id":"osm:node:9424219902","name":"7-Eleven","category":"convenience","brand":"7-Eleven"},"geometry":{"type":"Point","coordinates":[121.49928,25.033866]}},{"type":"Feature","properties":{"id":"osm:node:9426123000","name":"全家便利商店","category":"convenience","nameEn":"FamilyMart","brand":"全家便利商店"},"geometry":{"type":"Point","coordinates":[121.502322,25.042626]}},{"type":"Feature","properties":{"id":"osm:node:9427849336","name":"7-Eleven","category":"convenience","brand":"7-Eleven","wheelchair":"yes"},"geometry":{"type":"Point","coordinates":[121.519848,25.063053]}},{"type":"Feature","properties":{"id":"osm:node:9428651527","name":"全家便利商店","category":"convenience","nameEn":"FamilyMart","brand":"全家便利商店"},"geometry":{"type":"Point","coordinates":[121.499983,25.076042]}},{"type":"Feature","properties":{"id":"osm:node:9428651528","name":"7-Eleven","category":"convenience","brand":"7-Eleven"},"geometry":{"type":"Point","coordinates":[121.499946,25.076181]}},{"type":"Feature","properties":{"id":"osm:node:9428651529","name":"萊爾富","category":"convenience","nameEn":"Hi-Life","brand":"萊爾富"},"geometry":{"type":"Point","coordinates":[121.499836,25.076001]}},{"type":"Feature","properties":{"id":"osm:node:9429953435","name":"7-Eleven","category":"convenience","brand":"7-Eleven","opening_hours":"24/7","address":"新北市三重區正義南路133;135號"},"geometry":{"type":"Point","coordinates":[121.498723,25.057796]}},{"type":"Feature","properties":{"id":"osm:node:9432601397","name":"全家便利商店","category":"convenience","nameEn":"FamilyMart","brand":"全家便利商店"},"geometry":{"type":"Point","coordinates":[121.502785,25.063452]}},{"type":"Feature","properties":{"id":"osm:node:9432601402","name":"萊爾富","category":"convenience","nameEn":"Hi-Life","brand":"萊爾富"},"geometry":{"type":"Point","coordinates":[121.502729,25.062672]}},{"type":"Feature","properties":{"id":"osm:node:9432601403","name":"7-Eleven","category":"convenience","brand":"7-Eleven"},"geometry":{"type":"Point","coordinates":[121.502982,25.062745]}},{"type":"Feature","properties":{"id":"osm:node:9442877313","name":"萊爾富","category":"convenience","nameEn":"Hi-Life","brand":"萊爾富","address":"臺北市文山區景興路10巷2號"},"geometry":{"type":"Point","coordinates":[121.543969,24.998178]}},{"type":"Feature","properties":{"id":"osm:node:9444013308","name":"萊爾富","category":"convenience","nameEn":"Hi-Life","brand":"萊爾富"},"geometry":{"type":"Point","coordinates":[121.475915,25.090987]}},{"type":"Feature","properties":{"id":"osm:node:9444013312","name":"全家便利商店","category":"convenience","nameEn":"FamilyMart","brand":"全家便利商店"},"geometry":{"type":"Point","coordinates":[121.476808,25.090263]}},{"type":"Feature","properties":{"id":"osm:node:9444013313","name":"7-Eleven","category":"convenience","brand":"7-Eleven"},"geometry":{"type":"Point","coordinates":[121.477002,25.090388]}},{"type":"Feature","properties":{"id":"osm:node:9444373327","name":"全家便利商店","category":"convenience","nameEn":"FamilyMart","brand":"全家便利商店"},"geometry":{"type":"Point","coordinates":[121.469499,25.090152]}},{"type":"Feature","properties":{"id":"osm:node:9444500315","name":"全家便利商店","category":"convenience","nameEn":"FamilyMart","brand":"全家便利商店","opening_hours":"24/7","address":"新北市蘆洲區永樂街83號"},"geometry":{"type":"Point","coordinates":[121.455877,25.088691]}},{"type":"Feature","properties":{"id":"osm:node:9449166783","name":"蝦皮店到店","category":"convenience","nameEn":"Shopee Xpress","opening_hours":"Mo-Su 10:30-22:00","address":"台北市信義區吳興街125號一樓"},"geometry":{"type":"Point","coordinates":[121.561621,25.029684]}},{"type":"Feature","properties":{"id":"osm:node:9449166784","name":"蝦皮店到店","category":"convenience","nameEn":"Shopee Xpress","opening_hours":"Mo-Su 10:30-22:00","address":"新北市中和區成功路1巷8號一樓"},"geometry":{"type":"Point","coordinates":[121.526622,24.99453]}},{"type":"Feature","properties":{"id":"osm:node:9449166786","name":"蝦皮店到店","category":"convenience","nameEn":"Shopee Xpress","opening_hours":"Mo-Su 10:30-22:00","address":"新北市中和區景德街29號一樓","wheelchair":"limited"},"geometry":{"type":"Point","coordinates":[121.518878,24.991182]}},{"type":"Feature","properties":{"id":"osm:node:9449166788","name":"蝦皮店到店","category":"convenience","nameEn":"Shopee Xpress","opening_hours":"Mo-Su 10:30-22:00","address":"新北市板橋區南雅西路二段132號一樓"},"geometry":{"type":"Point","coordinates":[121.452067,25.012801]}},{"type":"Feature","properties":{"id":"osm:node:9449166789","name":"蝦皮店到店","category":"convenience","nameEn":"Shopee Xpress","opening_hours":"Mo-Su 10:30-22:00","address":"新北市板橋區長安街331巷61號一樓"},"geometry":{"type":"Point","coordinates":[121.472934,25.013121]}},{"type":"Feature","properties":{"id":"osm:node:9449166790","name":"蝦皮店到店","category":"convenience","nameEn":"Shopee Xpress","opening_hours":"Mo-Su 10:30-22:00","address":"新北市板橋區莊敬路220巷35號一樓"},"geometry":{"type":"Point","coordinates":[121.472224,25.020384]}},{"type":"Feature","properties":{"id":"osm:node:9449166791","name":"蝦皮店到店","category":"convenience","nameEn":"Shopee Xpress","opening_hours":"Mo-Su 10:30-22:00","address":"235新北市板橋區公園街34巷16號一樓"},"geometry":{"type":"Point","coordinates":[121.462127,25.008871]}},{"type":"Feature","properties":{"id":"osm:node:9449166792","name":"蝦皮店到店","category":"convenience","nameEn":"Shopee Xpress","opening_hours":"Mo-Su 10:30-22:00","address":"新北市新莊區中港路20號一樓"},"geometry":{"type":"Point","coordinates":[121.45514,25.037071]}},{"type":"Feature","properties":{"id":"osm:node:9449166793","name":"蝦皮店到店","category":"convenience","nameEn":"Shopee Xpress","brand":"蝦皮店到店","opening_hours":"Mo-Su 10:30-22:00","address":"新北市新店區北新路一段157號一樓"},"geometry":{"type":"Point","coordinates":[121.53968,24.963733]}},{"type":"Feature","properties":{"id":"osm:node:9449166794","name":"蝦皮店到店","category":"convenience","nameEn":"Shopee Xpress","brand":"蝦皮店到店","opening_hours":"Mo-Su 10:30-22:00","address":"新北市新店區安康路二段55-1號一樓"},"geometry":{"type":"Point","coordinates":[121.514134,24.963198]}},{"type":"Feature","properties":{"id":"osm:node:9491209680","name":"蝦皮店到店","category":"convenience","nameEn":"Shopee Xpress","opening_hours":"Mo-Su 10:30-22:00","address":"臺北市士林區重慶北路二段233號一樓"},"geometry":{"type":"Point","coordinates":[121.513752,25.062021]}},{"type":"Feature","properties":{"id":"osm:node:9491209681","name":"蝦皮店到店","category":"convenience","nameEn":"Shopee Xpress","opening_hours":"Mo-Su 10:30-22:00","address":"臺北市士林區大南路241號一樓"},"geometry":{"type":"Point","coordinates":[121.520433,25.088492]}},{"type":"Feature","properties":{"id":"osm:node:9491209682","name":"蝦皮店到店","category":"convenience","nameEn":"Shopee Xpress","opening_hours":"Mo-Su 10:30-22:00","address":"臺北市中山區林森北路594號一樓"},"geometry":{"type":"Point","coordinates":[121.525562,25.065687]}},{"type":"Feature","properties":{"id":"osm:node:9491209684","name":"蝦皮店到店","category":"convenience","nameEn":"Shopee Xpress","brand":"蝦皮店到店","opening_hours":"Mo-Su 10:30-22:00","address":"新北市三重區忠孝路一段169號一樓"},"geometry":{"type":"Point","coordinates":[121.487654,25.071871]}},{"type":"Feature","properties":{"id":"osm:node:9491209685","name":"蝦皮店到店","category":"convenience","nameEn":"Shopee Xpress","brand":"蝦皮店到店","opening_hours":"Mo-Su 10:30-22:00","address":"新北市中和區景新街477號一樓"},"geometry":{"type":"Point","coordinates":[121.513586,24.987739]}},{"type":"Feature","properties":{"id":"osm:node:9509611652","name":"新東陽","category":"convenience"},"geometry":{"type":"Point","coordinates":[121.492866,25.071239]}},{"type":"Feature","properties":{"id":"osm:node:9513103127","name":"7-Eleven","category":"convenience","brand":"7-Eleven","wheelchair":"limited"},"geometry":{"type":"Point","coordinates":[121.555876,25.041582]}},{"type":"Feature","properties":{"id":"osm:node:9513103128","name":"全家便利商店","category":"convenience","nameEn":"FamilyMart","brand":"全家便利商店","wheelchair":"yes"},"geometry":{"type":"Point","coordinates":[121.555941,25.04158]}},{"type":"Feature","properties":{"id":"osm:node:9513103129","name":"全家便利商店","category":"convenience","nameEn":"FamilyMart","brand":"全家便利商店"},"geometry":{"type":"Point","coordinates":[121.556444,25.041179]}},{"type":"Feature","properties":{"id":"osm:node:9514710736","name":"萊爾富","category":"convenience","nameEn":"Hi-Life","brand":"萊爾富","address":"新北市三重區中正北路25巷5;7號"},"geometry":{"type":"Point","coordinates":[121.492664,25.062048]}},{"type":"Feature","properties":{"id":"osm:node:9515432894","name":"蝦皮店到店","category":"convenience","nameEn":"Shopee Xpress","opening_hours":"Mo-Su 10:30-22:00","address":"臺北市北投區珠海路21號一樓"},"geometry":{"type":"Point","coordinates":[121.502114,25.138015]}},{"type":"Feature","properties":{"id":"osm:node:9515432895","name":"蝦皮店到店","category":"convenience","nameEn":"Shopee Xpress","opening_hours":"Mo-Su 10:30-22:00","address":"臺北市大安區大安路一段31巷27號一樓"},"geometry":{"type":"Point","coordinates":[121.546359,25.044055]}},{"type":"Feature","properties":{"id":"osm:node:9515432896","name":"蝦皮店到店","category":"convenience","nameEn":"Shopee Xpress","brand":"蝦皮店到店","opening_hours":"Mo-Su 10:30-22:00","address":"臺北市信義區虎林街87號一樓"},"geometry":{"type":"Point","coordinates":[121.57722,25.044615]}},{"type":"Feature","properties":{"id":"osm:node:9516224743","name":"全家便利商店","category":"convenience","nameEn":"FamilyMart","brand":"全家便利商店"},"geometry":{"type":"Point","coordinates":[121.490712,25.059084]}},{"type":"Feature","properties":{"id":"osm:node:9522095342","name":"全家便利商店","category":"convenience","nameEn":"FamilyMart","brand":"全家便利商店"},"geometry":{"type":"Point","coordinates":[121.495391,25.061959]}},{"type":"Feature","properties":{"id":"osm:node:9524730867","name":"全家便利商店","category":"convenience","nameEn":"FamilyMart","brand":"全家便利商店"},"geometry":{"type":"Point","coordinates":[121.497034,25.080967]}},{"type":"Feature","properties":{"id":"osm:node:9524750659","name":"仁義福利社","category":"convenience"},"geometry":{"type":"Point","coordinates":[121.497209,25.08068]}},{"type":"Feature","properties":{"id":"osm:node:9524750660","name":"順順福利社","category":"convenience"},"geometry":{"type":"Point","coordinates":[121.497358,25.08076]}},{"type":"Feature","properties":{"id":"osm:node:9524838485","name":"7-Eleven","category":"convenience","brand":"7-Eleven","address":"新北市三重區仁義街180;182號"},"geometry":{"type":"Point","coordinates":[121.49679,25.081388]}},{"type":"Feature","properties":{"id":"osm:node:9526483326","name":"全家便利商店","category":"convenience","nameEn":"FamilyMart","brand":"全家便利商店"},"geometry":{"type":"Point","coordinates":[121.541151,25.041273]}},{"type":"Feature","properties":{"id":"osm:node:9534929169","name":"蝦皮店到店","category":"convenience","nameEn":"Shopee Xpress","opening_hours":"Mo-Su 10:30-22:00","address":"臺北市內湖區康寧路一段194號一樓"},"geometry":{"type":"Point","coordinates":[121.59501,25.078674]}},{"type":"Feature","properties":{"id":"osm:node:9534929171","name":"蝦皮店到店","category":"convenience","nameEn":"Shopee Xpress","brand":"蝦皮店到店","opening_hours":"Mo-Su 08:00-22:30","address":"新北市新店區二十張路107號一樓"},"geometry":{"type":"Point","coordinates":[121.536339,24.979743]}},{"type":"Feature","properties":{"id":"osm:node:9555616125","name":"蝦皮店到店","category":"convenience","nameEn":"Shopee Xpress","opening_hours":"Mo-Su 10:30-22:00","address":"臺北市內湖區內湖路一段309號"},"geometry":{"type":"Point","coordinates":[121.567462,25.082386]}},{"type":"Feature","properties":{"id":"osm:node:9555616126","name":"蝦皮店到店","category":"convenience","nameEn":"Shopee Xpress","opening_hours":"Mo-Su 10:30-22:00","address":"臺北市北投區知行路225巷4號一樓"},"geometry":{"type":"Point","coordinates":[121.466679,25.120148]}},{"type":"Feature","properties":{"id":"osm:node:9555616127","name":"OK超商","category":"convenience","nameEn":"OK mart","brand":"OK超商","opening_hours":"Mo-Su 06:00-24:00","address":"臺北市北投區知行路1號"},"geometry":{"type":"Point","coordinates":[121.465264,25.118013]}},{"type":"Feature","properties":{"id":"osm:node:9555616129","name":"蝦皮店到店","category":"convenience","nameEn":"Shopee Xpress","opening_hours":"Mo-Su 10:30-22:00","address":"臺北市北投區西安街一段155號一樓"},"geometry":{"type":"Point","coordinates":[121.518734,25.109337]}},{"type":"Feature","properties":{"id":"osm:node:9555616130","name":"蝦皮店到店","category":"convenience","nameEn":"Shopee Xpress","opening_hours":"Mo-Su 10:30-22:00","address":"臺北市南港區研究院路二段23號一樓"},"geometry":{"type":"Point","coordinates":[121.615406,25.046305]}},{"type":"Feature","properties":{"id":"osm:node:9555616131","name":"蝦皮店到店","category":"convenience","nameEn":"Shopee Xpress","opening_hours":"Mo-Su 10:30-22:00","address":"新北市永和區永元路97號一樓"},"geometry":{"type":"Point","coordinates":[121.522437,25.002149]}},{"type":"Feature","properties":{"id":"osm:node:9561814435","name":"全家便利商店","category":"convenience","nameEn":"FamilyMart","brand":"全家便利商店"},"geometry":{"type":"Point","coordinates":[121.575976,25.075553]}},{"type":"Feature","properties":{"id":"osm:node:9565748538","name":"萊爾富","category":"convenience","nameEn":"Hi-Life","brand":"萊爾富","wheelchair":"yes"},"geometry":{"type":"Point","coordinates":[121.579415,25.037833]}},{"type":"Feature","properties":{"id":"osm:node:9567689668","name":"蝦皮店到店","category":"convenience","nameEn":"Shopee Xpress","opening_hours":"Mo-Su 10:30-22:00","address":"臺北市北投區中和街496號一樓"},"geometry":{"type":"Point","coordinates":[121.494025,25.145446]}},{"type":"Feature","properties":{"id":"osm:node:9567689669","name":"蝦皮店到店","category":"convenience","nameEn":"Shopee Xpress","brand":"蝦皮店到店","opening_hours":"Mo-Su 08:00-22:00","address":"臺北市松山區八德路四段74號一樓"},"geometry":{"type":"Point","coordinates":[121.560183,25.048301]}},{"type":"Feature","properties":{"id":"osm:node:9567689674","name":"蝦皮店到店","category":"convenience","nameEn":"Shopee Xpress","opening_hours":"Mo-Su 10:30-22:00","address":"新北市三重區三陽路56號一樓"},"geometry":{"type":"Point","coordinates":[121.484421,25.058733]}},{"type":"Feature","properties":{"id":"osm:node:9567689675","name":"萊爾富","category":"convenience","nameEn":"Hi-Life","brand":"萊爾富","opening_hours":"24/7","address":"新北市三重區三陽路59號"},"geometry":{"type":"Point","coordinates":[121.48451,25.058946]}},{"type":"Feature","properties":{"id":"osm:node:9567689676","name":"全家便利商店","category":"convenience","nameEn":"FamilyMart","brand":"全家便利商店","opening_hours":"24/7","address":"新北市三重區三陽路110號"},"geometry":{"type":"Point","coordinates":[121.483265,25.058752]}},{"type":"Feature","properties":{"id":"osm:node:9588074530","name":"蝦皮店到店","category":"convenience","nameEn":"Shopee Xpress","brand":"蝦皮店到店","opening_hours":"Mo-Su 10:30-22:00","address":"臺北市士林區天母北路40號一樓"},"geometry":{"type":"Point","coordinates":[121.526348,25.120371]}},{"type":"Feature","properties":{"id":"osm:node:9588074531","name":"蝦皮店到店","category":"convenience","nameEn":"Shopee Xpress","opening_hours":"Mo-Su 10:30-22:00","address":"臺北市士林區大東路70號一樓"},"geometry":{"type":"Point","coordinates":[121.525632,25.090184]}},{"type":"Feature","properties":{"id":"osm:node:9588074532","name":"蝦皮店到店","category":"convenience","nameEn":"Shopee Xpress","opening_hours":"Mo-Su 10:30-22:00","address":"臺北市大同區昌吉街104號一樓"},"geometry":{"type":"Point","coordinates":[121.514924,25.065714]}},{"type":"Feature","properties":{"id":"osm:node:9588074533","name":"蝦皮店到店","category":"convenience","nameEn":"Shopee Xpress","brand":"蝦皮店到店","opening_hours":"24/7","address":"103002臺北市大同區南京西路309號1樓"},"geometry":{"type":"Point","coordinates":[121.508355,25.053629]}},{"type":"Feature","properties":{"id":"osm:node:9588074534","name":"蝦皮店到店","category":"convenience","nameEn":"Shopee Xpress","opening_hours":"Mo-Su 10:30-22:00","address":"臺北市大安區通化街247之2號一樓"},"geometry":{"type":"Point","coordinates":[121.552983,25.026007]}},{"type":"Feature","properties":{"id":"osm:node:9588074536","name":"蝦皮店到店","category":"convenience","nameEn":"Shopee Xpress","opening_hours":"Mo-Su 10:30-22:00","address":"臺北市內湖區康樂街136巷30弄3-1號一樓"},"geometry":{"type":"Point","coordinates":[121.617786,25.071769]}},{"type":"Feature","properties":{"id":"osm:node:9588074537","name":"蝦皮店到店","category":"convenience","nameEn":"Shopee Xpress","opening_hours":"Mo-Su 10:30-22:00","address":"臺北市內湖區康寧路三段16巷101號一樓"},"geometry":{"type":"Point","coordinates":[121.609177,25.071046]}},{"type":"Feature","properties":{"id":"osm:node:9588074538","name":"蝦皮店到店","category":"convenience","nameEn":"Shopee Xpress","opening_hours":"Mo-Su 10:30-22:00","address":"臺北市北投區中央北路二段115號一樓"},"geometry":{"type":"Point","coordinates":[121.494649,25.137067]}},{"type":"Feature","properties":{"id":"osm:node:9588074539","name":"蝦皮店到店","category":"convenience","nameEn":"Shopee Xpress","opening_hours":"Mo-Su 10:30-22:00","address":"新北市中和區中山路二段123號一樓"},"geometry":{"type":"Point","coordinates":[121.502687,25.003421]}},{"type":"Feature","properties":{"id":"osm:node:9598668435","name":"蝦皮店到店","category":"convenience","nameEn":"Shopee Xpress","opening_hours":"Mo-Su 10:30-22:00","address":"臺北市內湖區江南街71巷16弄52號一樓"},"geometry":{"type":"Point","coordinates":[121.578117,25.075818]}},{"type":"Feature","properties":{"id":"osm:node:9598668436","name":"蝦皮店到店","category":"convenience","nameEn":"Shopee Xpress","brand":"蝦皮店到店","opening_hours":"Mo-Su 08:00-22:30","address":"臺北市北投區清江路108號一樓"},"geometry":{"type":"Point","coordinates":[121.501673,25.129531]}},{"type":"Feature","properties":{"id":"osm:node:9598668437","name":"蝦皮店到店","category":"convenience","nameEn":"Shopee Xpress","opening_hours":"Mo-Su 10:30-22:00","address":"臺北市松山區民生東路四段131巷1號一樓"},"geometry":{"type":"Point","coordinates":[121.553994,25.058465]}},{"type":"Feature","properties":{"id":"osm:node:9598668438","name":"蝦皮店到店","category":"convenience","nameEn":"Shopee Xpress","opening_hours":"Mo-Su 10:30-22:00","address":"新北市三重區雙園街124號一樓"},"geometry":{"type":"Point","coordinates":[121.494216,25.067292]}},{"type":"Feature","properties":{"id":"osm:node:9598668439","name":"蝦皮店到店","category":"convenience","nameEn":"Shopee Xpress","opening_hours":"Mo-Su 10:30-22:00","address":"新北市汐止區新昌路12號一樓","wheelchair":"yes"},"geometry":{"type":"Point","coordinates":[121.662216,25.067278]}},{"type":"Feature","properties":{"id":"osm:node:9610069282","name":"全家便利商店","category":"convenience","nameEn":"FamilyMart","brand":"全家便利商店"},"geometry":{"type":"Point","coordinates":[121.568663,25.043091]}},{"type":"Feature","properties":{"id":"osm:node:9629565965","name":"全家便利商店","category":"convenience","nameEn":"FamilyMart","brand":"全家便利商店"},"geometry":{"type":"Point","coordinates":[121.532806,25.052496]}},{"type":"Feature","properties":{"id":"osm:node:9630668948","name":"蝦皮店到店","category":"convenience","nameEn":"Shopee Xpress","brand":"蝦皮店到店","opening_hours":"Mo-Su 08:00-22:30","address":"臺北市士林區承德路四段80巷52號一樓"},"geometry":{"type":"Point","coordinates":[121.521603,25.083197]}},{"type":"Feature","properties":{"id":"osm:node:9630668950","name":"蝦皮店到店","category":"convenience","nameEn":"Shopee Xpress","brand":"蝦皮店到店","opening_hours":"Mo-Su 08:00-22:30","address":"臺北市北投區石牌路二段349號一樓"},"geometry":{"type":"Point","coordinates":[121.52496,25.123352]}},{"type":"Feature","properties":{"id":"osm:node:9630668951","name":"蝦皮店到店","category":"convenience","nameEn":"Shopee Xpress","opening_hours":"Mo-Su 10:30-22:00","address":"新北市三重區新興路14號一樓"},"geometry":{"type":"Point","coordinates":[121.492317,25.053115]}},{"type":"Feature","properties":{"id":"osm:node:9630668952","name":"蝦皮店到店","category":"convenience","nameEn":"Shopee Xpress","opening_hours":"Mo-Su 10:30-22:00","address":"新北市三重區重新路四段184巷32號一樓"},"geometry":{"type":"Point","coordinates":[121.487754,25.055074]}},{"type":"Feature","properties":{"id":"osm:node:9630668953","name":"蝦皮店到店","category":"convenience","nameEn":"Shopee Xpress","opening_hours":"Mo-Su 10:30-22:00","address":"新北市板橋區莒光路133巷1號一樓"},"geometry":{"type":"Point","coordinates":[121.472844,25.024283]}},{"type":"Feature","properties":{"id":"osm:node:9651233118","name":"蝦皮店到店","category":"convenience","nameEn":"Shopee Xpress","brand":"蝦皮店到店","opening_hours":"Mo-Su 10:30-22:00","address":"臺北市中正區重慶南路二段94號一樓"},"geometry":{"type":"Point","coordinates":[121.515007,25.029922]}},{"type":"Feature","properties":{"id":"osm:node:9651233119","name":"蝦皮店到店","category":"convenience","nameEn":"Shopee Xpress","opening_hours":"Mo-Su 10:30-22:00","address":"臺北市內湖區內湖路二段211號一樓"},"geometry":{"type":"Point","coordinates":[121.58855,25.081652]}},{"type":"Feature","properties":{"id":"osm:node:9651233121","name":"蝦皮店到店","category":"convenience","nameEn":"Shopee Xpress","opening_hours":"Mo-Su 10:30-22:00","address":"臺北市松山區復興北路461號一樓"},"geometry":{"type":"Point","coordinates":[121.544401,25.064262]}},{"type":"Feature","properties":{"id":"osm:node:9651233122","name":"蝦皮店到店","category":"convenience","nameEn":"Shopee Xpress","opening_hours":"Mo-Su 10:30-22:00","address":"臺北市萬華區雙園街103號一樓"},"geometry":{"type":"Point","coordinates":[121.491948,25.031738]}},{"type":"Feature","properties":{"id":"osm:node:9652119430","name":"萊爾富","category":"convenience","nameEn":"Hi-Life","brand":"萊爾富","phone":"02-23146218","wheelchair":"yes"},"geometry":{"type":"Point","coordinates":[121.517162,25.041834]}},{"type":"Feature","properties":{"id":"osm:node:9652119431","name":"萊爾富","category":"convenience","nameEn":"Hi-Life","brand":"萊爾富","phone":"+886 2 2311 2155","wheelchair":"yes"},"geometry":{"type":"Point","coordinates":[121.517696,25.043107]}},{"type":"Feature","properties":{"id":"osm:node:9660073552","name":"蝦皮店到店","category":"convenience","nameEn":"Shopee Xpress","opening_hours":"Mo-Su 10:30-22:00","address":"臺北市北投區吉利街58巷2號一樓"},"geometry":{"type":"Point","coordinates":[121.504995,25.118029]}},{"type":"Feature","properties":{"id":"osm:node:9660073553","name":"蝦皮店到店","category":"convenience","nameEn":"Shopee Xpress","opening_hours":"Mo-Su 10:30-22:00","address":"新北市三重區平安街7號一樓"},"geometry":{"type":"Point","coordinates":[121.498798,25.064378]}},{"type":"Feature","properties":{"id":"osm:node:9660073554","name":"蝦皮店到店","category":"convenience","nameEn":"Shopee Xpress","opening_hours":"Mo-Su 10:30-22:00","address":"新北市中和區連勝街78號一樓"},"geometry":{"type":"Point","coordinates":[121.4956,24.996434]}},{"type":"Feature","properties":{"id":"osm:node:9660073556","name":"蝦皮店到店","category":"convenience","nameEn":"Shopee Xpress","opening_hours":"Mo-Su 10:30-22:00","address":"新北市中和區華福街28號一樓"},"geometry":{"type":"Point","coordinates":[121.466058,24.996608]}},{"type":"Feature","properties":{"id":"osm:node:9660073557","name":"蝦皮店到店","category":"convenience","nameEn":"Shopee Xpress","opening_hours":"Mo-Su 10:30-22:00","address":"新北市永和區永和路二段279號一樓"},"geometry":{"type":"Point","coordinates":[121.515871,25.015632]}},{"type":"Feature","properties":{"id":"osm:node:9660073558","name":"蝦皮店到店","category":"convenience","nameEn":"Shopee Xpress","opening_hours":"Mo-Su 10:30-22:00","address":"新北市汐止區樟樹一路141巷3號一樓"},"geometry":{"type":"Point","coordinates":[121.642145,25.066268]}},{"type":"Feature","properties":{"id":"osm:node:9660073559","name":"蝦皮店到店","category":"convenience","nameEn":"Shopee Xpress","opening_hours":"Mo-Su 10:30-22:00","address":"新北市板橋區大智街68號一樓"},"geometry":{"type":"Point","coordinates":[121.453922,25.015584]}},{"type":"Feature","properties":{"id":"osm:node:9660073562","name":"蝦皮店到店","category":"convenience","nameEn":"Shopee Xpress","opening_hours":"Mo-Su 10:30-22:00","address":"新北市蘆洲區永安南路二段230號一樓"},"geometry":{"type":"Point","coordinates":[121.46068,25.079524]}},{"type":"Feature","properties":{"id":"osm:node:9673261490","name":"蝦皮店到店","category":"convenience","nameEn":"Shopee Xpress","opening_hours":"Mo-Su 10:30-22:00","address":"臺北市北投區中央北路二段375號一樓"},"geometry":{"type":"Point","coordinates":[121.487366,25.138205]}},{"type":"Feature","properties":{"id":"osm:node:9673261491","name":"蝦皮店到店","category":"convenience","nameEn":"Shopee Xpress","opening_hours":"Mo-Su 10:30-22:00","address":"新北市三重區車路頭街92號一樓"},"geometry":{"type":"Point","coordinates":[121.484232,25.074438]}},{"type":"Feature","properties":{"id":"osm:node:9673261492","name":"蝦皮店到店","category":"convenience","nameEn":"Shopee Xpress","opening_hours":"Mo-Su 10:30-22:00","address":"新北市永和區永亨路148號一樓"},"geometry":{"type":"Point","coordinates":[121.525358,25.00384]}},{"type":"Feature","properties":{"id":"osm:node:9673261495","name":"蝦皮店到店","category":"convenience","nameEn":"Shopee Xpress","opening_hours":"Mo-Su 10:30-22:00","address":"新北市新店區建國路239號一樓"},"geometry":{"type":"Point","coordinates":[121.537577,24.982076]}},{"type":"Feature","properties":{"id":"osm:node:9697092449","name":"7-Eleven","category":"convenience","brand":"7-Eleven"},"geometry":{"type":"Point","coordinates":[121.479426,25.03319]}},{"type":"Feature","properties":{"id":"osm:node:9697092450","name":"萊爾富","category":"convenience","nameEn":"Hi-Life","brand":"萊爾富","opening_hours":"24/7","address":"新北市板橋區民治街57巷2號"},"geometry":{"type":"Point","coordinates":[121.479477,25.033471]}},{"type":"Feature","properties":{"id":"osm:node:9706301837","name":"7-Eleven","category":"convenience","brand":"7-Eleven"},"geometry":{"type":"Point","coordinates":[121.465762,25.016783]}},{"type":"Feature","properties":{"id":"osm:node:9706421744","name":"蝦皮店到店","category":"convenience","nameEn":"Shopee Xpress","brand":"蝦皮店到店","opening_hours":"Mo-Su 08:00-22:30","address":"臺北市信義區嘉興街227號一樓"},"geometry":{"type":"Point","coordinates":[121.55611,25.025449]}},{"type":"Feature","properties":{"id":"osm:node:9706657583","name":"7-Eleven","category":"convenience","brand":"7-Eleven"},"geometry":{"type":"Point","coordinates":[121.462007,25.015282]}},{"type":"Feature","properties":{"id":"osm:node:9707475855","name":"全家便利商店","category":"convenience","nameEn":"FamilyMart","brand":"全家便利商店"},"geometry":{"type":"Point","coordinates":[121.517795,25.01202]}},{"type":"Feature","properties":{"id":"osm:node:9707475856","name":"7-Eleven","category":"convenience","brand":"7-Eleven","opening_hours":"24/7","address":"新北市永和區中興街97號"},"geometry":{"type":"Point","coordinates":[121.517873,25.01205]}},{"type":"Feature","properties":{"id":"osm:node:9708736635","name":"全家便利商店","category":"convenience","nameEn":"FamilyMart","brand":"全家便利商店"},"geometry":{"type":"Point","coordinates":[121.515684,25.012042]}},{"type":"Feature","properties":{"id":"osm:node:9709472564","name":"7-Eleven","category":"convenience","brand":"7-Eleven"},"geometry":{"type":"Point","coordinates":[121.508241,25.025998]}},{"type":"Feature","properties":{"id":"osm:node:9710869949","name":"全家便利商店","category":"convenience","nameEn":"FamilyMart","brand":"全家便利商店"},"geometry":{"type":"Point","coordinates":[121.514072,25.074457]}},{"type":"Feature","properties":{"id":"osm:node:9717369813","name":"蝦皮店到店","category":"convenience","nameEn":"Shopee Xpress","opening_hours":"Mo-Su 10:30-22:00","address":"臺北市大安區溫州街8號一樓","wheelchair":"limited"},"geometry":{"type":"Point","coordinates":[121.533496,25.02572]}},{"type":"Feature","properties":{"id":"osm:node:9717369814","name":"蝦皮店到店","category":"convenience","nameEn":"Shopee Xpress","opening_hours":"Mo-Su 10:30-22:00","address":"臺北市信義區吳興街445號一樓"},"geometry":{"type":"Point","coordinates":[121.568564,25.024108]}},{"type":"Feature","properties":{"id":"osm:node:9717369816","name":"蝦皮店到店","category":"convenience","nameEn":"Shopee Xpress","opening_hours":"Mo-Su 10:30-22:00","address":"新北市蘆洲區光榮路24號一樓"},"geometry":{"type":"Point","coordinates":[121.460578,25.088262]}},{"type":"Feature","properties":{"id":"osm:node:9725096955","name":"7-Eleven","category":"convenience","brand":"7-Eleven"},"geometry":{"type":"Point","coordinates":[121.475133,25.032689]}},{"type":"Feature","properties":{"id":"osm:node:9726117022","name":"台灣菸酒便利商店","category":"convenience"},"geometry":{"type":"Point","coordinates":[121.479121,25.021432]}},{"type":"Feature","properties":{"id":"osm:node:9726443924","name":"蝦皮店到店","category":"convenience","nameEn":"Shopee Xpress","opening_hours":"Mo-Su 10:30-22:00","address":"新北市板橋區瑞安街4號一樓"},"geometry":{"type":"Point","coordinates":[121.454572,25.02334]}},{"type":"Feature","properties":{"id":"osm:node:9726443925","name":"蝦皮店到店","category":"convenience","nameEn":"Shopee Xpress","opening_hours":"Mo-Su 10:30-22:00","address":"新北市板橋區三民路一段31巷84號一樓"},"geometry":{"type":"Point","coordinates":[121.481217,25.023292]}},{"type":"Feature","properties":{"id":"osm:node:9726500932","name":"7-Eleven","category":"convenience","brand":"7-Eleven","opening_hours":"24/7","address":"臺北市松山區健康路325巷5弄1號","phone":"+886 2 27474137","website":"https://7-11.com.tw/"},"geometry":{"type":"Point","coordinates":[121.56715,25.054845]}},{"type":"Feature","properties":{"id":"osm:node:9734006990","name":"全家便利商店","category":"convenience","nameEn":"FamilyMart","brand":"全家便利商店","opening_hours":"24/7","address":"231新北市新店區大豐路10號一樓","phone":"+886 2 77532263,+886 2 29158240","website":"https://www.family.com.tw/"},"geometry":{"type":"Point","coordinates":[121.54127,24.980424]}},{"type":"Feature","properties":{"id":"osm:node:9734654125","name":"全家便利商店","category":"convenience","nameEn":"FamilyMart","brand":"全家便利商店"},"geometry":{"type":"Point","coordinates":[121.481014,24.996023]}},{"type":"Feature","properties":{"id":"osm:node:9734654138","name":"7-Eleven","category":"convenience","brand":"7-Eleven"},"geometry":{"type":"Point","coordinates":[121.481086,24.996685]}},{"type":"Feature","properties":{"id":"osm:node:9742604148","name":"7-Eleven","category":"convenience","brand":"7-Eleven"},"geometry":{"type":"Point","coordinates":[121.45892,25.03818]}},{"type":"Feature","properties":{"id":"osm:node:9742799918","name":"蝦皮店到店","category":"convenience","nameEn":"Shopee Xpress","opening_hours":"Mo-Su 10:30-22:00","address":"臺北市士林區中山北路七段150號一樓"},"geometry":{"type":"Point","coordinates":[121.532448,25.123593]}},{"type":"Feature","properties":{"id":"osm:node:9742799919","name":"蝦皮店到店","category":"convenience","nameEn":"Shopee Xpress","brand":"蝦皮店到店","opening_hours":"Mo-Su 10:30-22:00","address":"臺北市士林區雨聲街61號一樓"},"geometry":{"type":"Point","coordinates":[121.528493,25.103039]}},{"type":"Feature","properties":{"id":"osm:node:9742799920","name":"蝦皮店到店","category":"convenience","nameEn":"Shopee Xpress","brand":"蝦皮店到店","opening_hours":"Mo-Su 08:00-22:30","address":"新北市板橋區仁化街173號一樓"},"geometry":{"type":"Point","coordinates":[121.477983,25.033649]}},{"type":"Feature","properties":{"id":"osm:node:9742799921","name":"蝦皮店到店","category":"convenience","nameEn":"Shopee Xpress","opening_hours":"Mo-Su 10:30-22:00","address":"新北市板橋區漢生西路89巷4號一樓"},"geometry":{"type":"Point","coordinates":[121.462453,25.019566]}},{"type":"Feature","properties":{"id":"osm:node:9742934536","name":"全家便利商店","category":"convenience","nameEn":"FamilyMart","brand":"全家便利商店"},"geometry":{"type":"Point","coordinates":[121.593598,25.08328]}},{"type":"Feature","properties":{"id":"osm:node:9744950735","name":"全家便利商店","category":"convenience","nameEn":"FamilyMart","brand":"全家便利商店"},"geometry":{"type":"Point","coordinates":[121.47835,25.031029]}},{"type":"Feature","properties":{"id":"osm:node:9760911234","name":"7-Eleven","category":"convenience","brand":"7-Eleven","opening_hours":"24/7","address":"231039新北市新店區中山路137號一樓","phone":"+886 2 2218 5931","website":"https://www.7-11.com.tw"},"geometry":{"type":"Point","coordinates":[121.526247,24.981259]}},{"type":"Feature","properties":{"id":"osm:node:9760911235","name":"全家便利商店","category":"convenience","nameEn":"FamilyMart","brand":"全家便利商店","opening_hours":"24/7","address":"231015新北市新店區央北二路398號","phone":"+886 2 7730 0573;+886 2 2218 7268","website":"https://www.family.com.tw"},"geometry":{"type":"Point","coordinates":[121.526241,24.982149]}},{"type":"Feature","properties":{"id":"osm:node:9771143352","name":"蝦皮店到店","category":"convenience","nameEn":"Shopee Xpress","opening_hours":"Mo-Su 10:30-22:00","address":"臺北市內湖區文湖街77號一樓"},"geometry":{"type":"Point","coordinates":[121.563679,25.08667]}},{"type":"Feature","properties":{"id":"osm:node:9771143353","name":"蝦皮店到店","category":"convenience","nameEn":"Shopee Xpress","opening_hours":"Mo-Su 10:30-22:00","address":"新北市三重區福隆路95號一樓"},"geometry":{"type":"Point","coordinates":[121.492454,25.078155]}},{"type":"Feature","properties":{"id":"osm:node:9773033012","name":"OK超商","category":"convenience","nameEn":"OK mart","brand":"OK超商"},"geometry":{"type":"Point","coordinates":[121.520087,24.990682]}},{"type":"Feature","properties":{"id":"osm:node:9773243940","name":"全家便利商店","category":"convenience","nameEn":"FamilyMart","brand":"全家便利商店"},"geometry":{"type":"Point","coordinates":[121.541587,24.971516]}},{"type":"Feature","properties":{"id":"osm:node:9773304122","name":"7-Eleven","category":"convenience","brand":"7-Eleven"},"geometry":{"type":"Point","coordinates":[121.54188,24.968188]}},{"type":"Feature","properties":{"id":"osm:node:9776303054","name":"OK超商","category":"convenience","nameEn":"OK mart","brand":"OK超商"},"geometry":{"type":"Point","coordinates":[121.538976,24.973336]}},{"type":"Feature","properties":{"id":"osm:node:9776303065","name":"全家便利商店","category":"convenience","nameEn":"FamilyMart","brand":"全家便利商店"},"geometry":{"type":"Point","coordinates":[121.54019,24.972786]}},{"type":"Feature","properties":{"id":"osm:node:9776406918","name":"OK超商","category":"convenience","nameEn":"OK mart","brand":"OK超商"},"geometry":{"type":"Point","coordinates":[121.536352,24.971549]}},{"type":"Feature","properties":{"id":"osm:node:9776406921","name":"全家便利商店","category":"convenience","nameEn":"FamilyMart","brand":"全家便利商店"},"geometry":{"type":"Point","coordinates":[121.535944,24.971462]}},{"type":"Feature","properties":{"id":"osm:node:9781525033","name":"蝦皮店到店","category":"convenience","nameEn":"Shopee Xpress","opening_hours":"Mo-Su 10:30-22:00","address":"新北市三重區龍門路232號一樓"},"geometry":{"type":"Point","coordinates":[121.500479,25.073793]}},{"type":"Feature","properties":{"id":"osm:node:9781525034","name":"蝦皮店到店","category":"convenience","nameEn":"Shopee Xpress","opening_hours":"Mo-Su 10:30-22:00","address":"新北市板橋區漢生西路165巷50號一樓"},"geometry":{"type":"Point","coordinates":[121.461789,25.023703]}},{"type":"Feature","properties":{"id":"osm:node:9781525035","name":"蝦皮店到店","category":"convenience","nameEn":"Shopee Xpress","opening_hours":"Mo-Su 10:30-22:00","address":"新北市蘆洲區民族路327巷24號一樓"},"geometry":{"type":"Point","coordinates":[121.47429,25.091139]}},{"type":"Feature","properties":{"id":"osm:node:9784185740","name":"全家便利商店","category":"convenience","nameEn":"FamilyMart","brand":"全家便利商店"},"geometry":{"type":"Point","coordinates":[121.527946,25.019087]}},{"type":"Feature","properties":{"id":"osm:node:9787157319","name":"碧湖國小合作社","category":"convenience"},"geometry":{"type":"Point","coordinates":[121.591643,25.084806]}},{"type":"Feature","properties":{"id":"osm:node:9800543155","name":"7-Eleven","category":"convenience","brand":"7-Eleven"},"geometry":{"type":"Point","coordinates":[121.474392,25.001486]}},{"type":"Feature","properties":{"id":"osm:node:9803665828","name":"蝦皮店到店","category":"convenience","nameEn":"Shopee Xpress","opening_hours":"Mo-Su 10:30-22:00","address":"新北市新莊區福德一街70號一樓"},"geometry":{"type":"Point","coordinates":[121.46145,25.056293]}},{"type":"Feature","properties":{"id":"osm:node:9807732766","name":"7-Eleven","category":"convenience","brand":"7-Eleven"},"geometry":{"type":"Point","coordinates":[121.491748,24.996598]}},{"type":"Feature","properties":{"id":"osm:node:9816429549","name":"蝦皮店到店","category":"convenience","nameEn":"Shopee Xpress","opening_hours":"Mo-Su 10:30-22:00","address":"新北市淡水區民族路33巷16-7號一樓"},"geometry":{"type":"Point","coordinates":[121.463277,25.135784]}},{"type":"Feature","properties":{"id":"osm:node:9832879822","name":"蝦皮店到店","category":"convenience","nameEn":"Shopee Xpress","opening_hours":"Mo-Su 10:30-22:00","address":"臺北市信義區信義路六段41號一樓"},"geometry":{"type":"Point","coordinates":[121.57623,25.035005]}},{"type":"Feature","properties":{"id":"osm:node:9832879823","name":"蝦皮店到店","category":"convenience","nameEn":"Shopee Xpress","opening_hours":"Mo-Su 10:30-22:00","address":"新北市三重區三和路四段145巷84號一樓"},"geometry":{"type":"Point","coordinates":[121.486393,25.078929]}},{"type":"Feature","properties":{"id":"osm:node:9832879824","name":"蝦皮店到店","category":"convenience","nameEn":"Shopee Xpress","opening_hours":"Mo-Su 10:30-22:00","address":"新北市土城區立仁街6號一樓"},"geometry":{"type":"Point","coordinates":[121.460071,24.983656]}},{"type":"Feature","properties":{"id":"osm:node:9842917503","name":"7-Eleven","category":"convenience","brand":"7-Eleven"},"geometry":{"type":"Point","coordinates":[121.657959,25.072711]}},{"type":"Feature","properties":{"id":"osm:node:9846280883","name":"OK便利商店","category":"convenience","opening_hours":"24/7","wheelchair":"limited"},"geometry":{"type":"Point","coordinates":[121.661438,25.069057]}},{"type":"Feature","properties":{"id":"osm:node:9854624350","name":"蝦皮店到店","category":"convenience","nameEn":"Shopee Xpress","opening_hours":"Mo-Su 10:30-22:00","address":"新北市新莊區五工路92號一樓"},"geometry":{"type":"Point","coordinates":[121.457084,25.064276]}},{"type":"Feature","properties":{"id":"osm:node:9867180249","name":"蝦皮店到店","category":"convenience","nameEn":"Shopee Xpress","opening_hours":"Mo-Su 10:30-22:00","address":"新北市三重區洛陽街10號一樓"},"geometry":{"type":"Point","coordinates":[121.482983,25.063032]}},{"type":"Feature","properties":{"id":"osm:node:9867180250","name":"全家便利商店","category":"convenience","nameEn":"FamilyMart","brand":"全家便利商店","opening_hours":"24/7","address":"241新北市三重區中華路53號","phone":"+886229874587"},"geometry":{"type":"Point","coordinates":[121.483571,25.062091]}},{"type":"Feature","properties":{"id":"osm:node:9867180252","name":"全家便利商店","category":"convenience","nameEn":"FamilyMart","brand":"全家便利商店","opening_hours":"24/7","address":"新北市三重區中華路113;115號"},"geometry":{"type":"Point","coordinates":[121.483671,25.063556]}},{"type":"Feature","properties":{"id":"osm:node:9867180253","name":"蝦皮店到店","category":"convenience","nameEn":"Shopee Xpress","opening_hours":"Mo-Su 10:30-22:00","address":"新北市三重區正義南路87號一樓"},"geometry":{"type":"Point","coordinates":[121.4982,25.059711]}},{"type":"Feature","properties":{"id":"osm:node:9871728042","name":"萊爾富","category":"convenience","nameEn":"Hi-Life","brand":"萊爾富"},"geometry":{"type":"Point","coordinates":[121.454031,24.983379]}},{"type":"Feature","properties":{"id":"osm:node:9871729930","name":"7-Eleven","category":"convenience","brand":"7-Eleven"},"geometry":{"type":"Point","coordinates":[121.454671,24.98295]}},{"type":"Feature","properties":{"id":"osm:node:9871731675","name":"7-Eleven","category":"convenience","brand":"7-Eleven"},"geometry":{"type":"Point","coordinates":[121.453532,24.98277]}},{"type":"Feature","properties":{"id":"osm:node:9880178108","name":"蝦皮店到店","category":"convenience","nameEn":"Shopee Xpress","brand":"蝦皮店到店","opening_hours":"Mo-Su 08:00-22:30","address":"臺北市信義區仁愛路四段452巷25號一樓"},"geometry":{"type":"Point","coordinates":[121.559354,25.03623]}},{"type":"Feature","properties":{"id":"osm:node:9880178109","name":"蝦皮店到店","category":"convenience","nameEn":"Shopee Xpress","opening_hours":"Mo-Su 10:30-22:00","address":"臺北市信義區松山路465巷15號一樓"},"geometry":{"type":"Point","coordinates":[121.578696,25.039843]}},{"type":"Feature","properties":{"id":"osm:node:9880178110","name":"蝦皮店到店","category":"convenience","nameEn":"Shopee Xpress","opening_hours":"Mo-Su 10:30-22:00","address":"臺北市中山區龍江路248號一樓"},"geometry":{"type":"Point","coordinates":[121.540619,25.059306]}},{"type":"Feature","properties":{"id":"osm:node:9894637282","name":"全家便利商店","category":"convenience","nameEn":"FamilyMart","brand":"全家便利商店"},"geometry":{"type":"Point","coordinates":[121.516927,25.062717]}},{"type":"Feature","properties":{"id":"osm:node:9894688562","name":"萊爾富","category":"convenience","nameEn":"Hi-Life","brand":"萊爾富"},"geometry":{"type":"Point","coordinates":[121.519602,25.070709]}},{"type":"Feature","properties":{"id":"osm:node:9894818218","name":"全家便利商店","category":"convenience","nameEn":"FamilyMart","brand":"全家便利商店"},"geometry":{"type":"Point","coordinates":[121.522561,25.05649]}},{"type":"Feature","properties":{"id":"osm:node:9895406396","name":"蝦皮店到店","category":"convenience","nameEn":"Shopee Xpress","brand":"蝦皮店到店","opening_hours":"Mo-Su 11:30-22:30","address":"臺北市南港區忠孝東路七段584號一樓"},"geometry":{"type":"Point","coordinates":[121.614516,25.052795]}},{"type":"Feature","properties":{"id":"osm:node:9909363793","name":"全家便利商店","category":"convenience","nameEn":"FamilyMart","brand":"全家便利商店"},"geometry":{"type":"Point","coordinates":[121.483392,25.105814]}},{"type":"Feature","properties":{"id":"osm:node:9909809643","name":"蝦皮店到店","category":"convenience","nameEn":"Shopee Xpress","brand":"蝦皮店到店","opening_hours":"Mo-Su 08:00-22:30","address":"臺北市大同區民族西路72號一樓"},"geometry":{"type":"Point","coordinates":[121.517925,25.068402]}},{"type":"Feature","properties":{"id":"osm:node:9909809644","name":"蝦皮店到店","category":"convenience","nameEn":"Shopee Xpress","opening_hours":"Mo-Su 10:30-22:00","address":"新北市土城區明德路一段309號一樓"},"geometry":{"type":"Point","coordinates":[121.459682,24.977052]}},{"type":"Feature","properties":{"id":"osm:node:9932969707","name":"7-Eleven","category":"convenience","brand":"7-Eleven"},"geometry":{"type":"Point","coordinates":[121.45257,25.015622]}},{"type":"Feature","properties":{"id":"osm:node:9932969708","name":"7-Eleven","category":"convenience","brand":"7-Eleven"},"geometry":{"type":"Point","coordinates":[121.452985,25.015748]}},{"type":"Feature","properties":{"id":"osm:node:9932969715","name":"7-Eleven","category":"convenience","brand":"7-Eleven"},"geometry":{"type":"Point","coordinates":[121.459177,25.01385]}},{"type":"Feature","properties":{"id":"osm:node:9938497533","name":"萊爾富","category":"convenience","nameEn":"Hi-Life","brand":"萊爾富","opening_hours":"24/7","address":"新北市板橋區翠華街6巷1號"},"geometry":{"type":"Point","coordinates":[121.480316,25.024046]}},{"type":"Feature","properties":{"id":"osm:node:9938662073","name":"蝦皮店到店","category":"convenience","nameEn":"Shopee Xpress","opening_hours":"Mo-Su 10:30-22:00","address":"臺北市中山區北安路569之4號一樓"},"geometry":{"type":"Point","coordinates":[121.548364,25.08109]}},{"type":"Feature","properties":{"id":"osm:node:9957482162","name":"萊爾富","category":"convenience","nameEn":"Hi-Life","brand":"萊爾富","opening_hours":"24/7","address":"臺北市萬華區梧州街55號"},"geometry":{"type":"Point","coordinates":[121.497687,25.035942]}},{"type":"Feature","properties":{"id":"osm:node:9965993899","name":"全家便利商店","category":"convenience","nameEn":"FamilyMart","brand":"全家便利商店","opening_hours":"24/7","address":"231新北市新店區民族路6號","phone":"+886 2 77231553;+886 2 89113923","website":"https://www.family.com.tw/"},"geometry":{"type":"Point","coordinates":[121.54175,24.978901]}},{"type":"Feature","properties":{"id":"osm:node:9969422640","name":"OK超商","category":"convenience","nameEn":"OK mart","brand":"OK超商"},"geometry":{"type":"Point","coordinates":[121.47623,25.022346]}},{"type":"Feature","properties":{"id":"osm:node:9983295492","name":"7-Eleven","category":"convenience","brand":"7-Eleven","opening_hours":"24/7","address":"新北市新店區新和街70;72號"},"geometry":{"type":"Point","coordinates":[121.520175,24.985574]}},{"type":"Feature","properties":{"id":"osm:node:9987556832","name":"蝦皮店到店","category":"convenience","nameEn":"Shopee Xpress","opening_hours":"Mo-Su 10:30-22:00","address":"新北市新莊區中原路225號一樓"},"geometry":{"type":"Point","coordinates":[121.450009,25.054207]}},{"type":"Feature","properties":{"id":"osm:way:1106015649","name":"7-Eleven","category":"convenience","brand":"7-Eleven"},"geometry":{"type":"Point","coordinates":[121.635589,25.061382]}},{"type":"Feature","properties":{"id":"osm:way:1232418233","name":"全家便利商店","category":"convenience","nameEn":"FamilyMart","brand":"全家便利商店"},"geometry":{"type":"Point","coordinates":[121.641002,25.065515]}},{"type":"Feature","properties":{"id":"osm:way:1232418402","name":"OK超商","category":"convenience","nameEn":"OK mart","brand":"OK超商"},"geometry":{"type":"Point","coordinates":[121.641291,25.065493]}},{"type":"Feature","properties":{"id":"osm:way:1495609836","name":"萊爾富","category":"convenience","nameEn":"Hi-Life","brand":"萊爾富","wheelchair":"yes"},"geometry":{"type":"Point","coordinates":[121.540293,25.017795]}},{"type":"Feature","properties":{"id":"osm:way:278136351","name":"合作社","category":"convenience"},"geometry":{"type":"Point","coordinates":[121.532295,24.974845]}},{"type":"Feature","properties":{"id":"osm:way:289854292","name":"7-Eleven","category":"convenience","cuisine":"regional","brand":"7-Eleven"},"geometry":{"type":"Point","coordinates":[121.476252,25.052065]}},{"type":"Feature","properties":{"id":"osm:way:387524454","name":"Info Sari Mart","category":"convenience","address":"100臺北市中正區北平西路8號"},"geometry":{"type":"Point","coordinates":[121.519477,25.047033]}},{"type":"Feature","properties":{"id":"osm:way:502190649","name":"家樂福超市","category":"convenience","nameEn":"Carrefour Market","brand":"家樂福超市","opening_hours":"24/7","address":"111056臺北市士林區華齡街175號","phone":"+886 2 2882 4585","website":"https://www.carrefour.com.tw/q","wheelchair":"limited"},"geometry":{"type":"Point","coordinates":[121.519233,25.087105]}},{"type":"Feature","properties":{"id":"osm:way:531657944","name":"7-Eleven","category":"convenience","brand":"7-Eleven","opening_hours":"24/7","address":"241新北市三重區忠孝路二段63號一樓"},"geometry":{"type":"Point","coordinates":[121.48495,25.070605]}},{"type":"Feature","properties":{"id":"osm:way:808001769","name":"A-Mart","category":"convenience"},"geometry":{"type":"Point","coordinates":[121.461243,24.994339]}},{"type":"Feature","properties":{"id":"osm:way:844581940","name":"南山福德宮直營販賣部","category":"convenience"},"geometry":{"type":"Point","coordinates":[121.497898,24.973223]}},{"type":"Feature","properties":{"id":"osm:way:912206189","name":"萊爾富","category":"convenience","nameEn":"Hi-Life","brand":"萊爾富","opening_hours":"Mo-Su 06:00-24:00","address":"新北市淡水區北新路二段17號"},"geometry":{"type":"Point","coordinates":[121.477722,25.185869]}},{"type":"Feature","properties":{"id":"osm:way:912463926","name":"萊爾富","category":"convenience","nameEn":"Hi-Life","brand":"萊爾富","address":"新北市三芝區田心子2號"},"geometry":{"type":"Point","coordinates":[121.501724,25.204438]}}]}