{"type":"FeatureCollection","features":[{"type":"Feature","properties":{"id":"osm:node:10029223349","name":"早安美芝城","category":"fast_food","nameEn":"Good Morning MACC","cuisine":"breakfast","brand":"早安美芝城"},"geometry":{"type":"Point","coordinates":[121.490888,25.054069]}},{"type":"Feature","properties":{"id":"osm:node:10034508529","name":"すき家","category":"fast_food","nameEn":"Sukiya","cuisine":"beef_bowl","brand":"すき家"},"geometry":{"type":"Point","coordinates":[121.487125,25.076691]}},{"type":"Feature","properties":{"id":"osm:node:10049294982","name":"吉野家","category":"fast_food","nameEn":"Yoshinoya","cuisine":"beef_bowl","brand":"吉野家"},"geometry":{"type":"Point","coordinates":[121.482097,25.07905]}},{"type":"Feature","properties":{"id":"osm:node:10059532419","name":"Qburger","category":"fast_food","cuisine":"american;breakfast","brand":"Qburger","phone":"+886229740006","website":"https://www.qburger.com.tw/"},"geometry":{"type":"Point","coordinates":[121.498472,25.059258]}},{"type":"Feature","properties":{"id":"osm:node:10068106267","name":"港記小吃店","category":"fast_food","nameEn":"Kong Kee","cuisine":"hongkong","opening_hours":"Mo-Fr 17:30-21:00; Sa,Su 12:00-21:00","address":"108臺北市萬華區內江街25號"},"geometry":{"type":"Point","coordinates":[121.506461,25.041676]}},{"type":"Feature","properties":{"id":"osm:node:10074091564","name":"繼光香香雞","category":"fast_food","nameEn":"J&G Fried Chicken","cuisine":"fried_food","brand":"繼光香香雞","opening_hours":"Mo-Su 11:00-22:00","address":"235008新北市中和區中山路三段122號3樓","phone":"+886 2 2223 3417","website":"https://www.jgssg.com.tw/"},"geometry":{"type":"Point","coordinates":[121.47491,25.006923]}},{"type":"Feature","properties":{"id":"osm:node:10074178836","name":"胖老爹","category":"fast_food","cuisine":"炸雞","address":"220080新北市板橋區中山路二段350號","phone":"02-89536868","website":"https://www.fatdfc.com/"},"geometry":{"type":"Point","coordinates":[121.481538,25.019888]}},{"type":"Feature","properties":{"id":"osm:node:10094942002","name":"八方雲集","category":"fast_food","nameEn":"Bafang Dumpling","cuisine":"dumplings","brand":"八方雲集","address":"新北市","website":"https://www.8way.com.tw/"},"geometry":{"type":"Point","coordinates":[121.454742,25.05347]}},{"type":"Feature","properties":{"id":"osm:node:10120012250","name":"呷尚寶","category":"fast_food","nameEn":"JSP","cuisine":"burger","brand":"呷尚寶"},"geometry":{"type":"Point","coordinates":[121.477188,25.082998]}},{"type":"Feature","properties":{"id":"osm:node:10239582312","name":"丸亀製麺","category":"fast_food","nameEn":"Marugame Seimen","cuisine":"noodle","brand":"丸亀製麺","phone":"0800000063","website":"https://www.marukametw.com/"},"geometry":{"type":"Point","coordinates":[121.648307,25.062101]}},{"type":"Feature","properties":{"id":"osm:node:10241392426","name":"漢堡王","category":"fast_food","nameEn":"Burger King","cuisine":"burger","brand":"漢堡王","opening_hours":"Mo-Su 10:30-21:45","address":"新北市汐止區大同路二段540號"},"geometry":{"type":"Point","coordinates":[121.661571,25.068727]}},{"type":"Feature","properties":{"id":"osm:node:10271125770","name":"芳珍蔬食","category":"fast_food","nameEn":"FJ Veggie","brand":"芳珍蔬食","opening_hours":"Mo-Su 10:30-21:30","address":"220082新北市板橋區三民路二段101、103號","phone":"+886 2 2963 6998","website":"https://www.fjveggie.com.tw/"},"geometry":{"type":"Point","coordinates":[121.479403,25.016111]}},{"type":"Feature","properties":{"id":"osm:node:10675829360","name":"Auntie Anne's","category":"fast_food","cuisine":"pretzel","brand":"Auntie Anne's"},"geometry":{"type":"Point","coordinates":[121.565707,25.041718]}},{"type":"Feature","properties":{"id":"osm:node:10682899645","name":"Burger Out","category":"fast_food","wheelchair":"no"},"geometry":{"type":"Point","coordinates":[121.563015,25.043176]}},{"type":"Feature","properties":{"id":"osm:node:10731752050","name":"漢堡王","category":"fast_food","nameEn":"Burger King","cuisine":"burger","brand":"漢堡王","opening_hours":"Mo-Su 10:00-22:00","address":"新北市中和區漢生東路370號一樓","phone":"+886 2 22210316","website":"https://www.burgerking.com.tw/branchweb"},"geometry":{"type":"Point","coordinates":[121.472219,25.006858]}},{"type":"Feature","properties":{"id":"osm:node:10731784377","name":"Mister Donut","category":"fast_food","nameEn":"Mister Donut","cuisine":"donut","brand":"Mister Donut","opening_hours":"Mo-Su 08:00-22:00","address":"220013新北市板橋區文化路一段435巷7號","phone":"+886 2 2254 7535","website":"https://www.misterdonut.com.tw/"},"geometry":{"type":"Point","coordinates":[121.46743,25.022918]}},{"type":"Feature","properties":{"id":"osm:node:10731787460","name":"吉野家","category":"fast_food","nameEn":"Yoshinoya","cuisine":"beef_bowl","brand":"吉野家","opening_hours":"Mo-Su 10:00-23:00","address":"220新北市板橋區府中路51號一樓","phone":"+886 2 29665083","website":"https://www.yoshinoya.com.tw/"},"geometry":{"type":"Point","coordinates":[121.45843,25.009119]}},{"type":"Feature","properties":{"id":"osm:node:10731867568","name":"藏壽司","category":"fast_food","nameEn":"Kura Sushi","cuisine":"sushi","brand":"藏壽司","opening_hours":"Mo-Su 11:00-22:00","address":"220687新北市板橋區中山路一段152號5樓","website":"https://www.kurasushi.tw/"},"geometry":{"type":"Point","coordinates":[121.464463,25.010925]}},{"type":"Feature","properties":{"id":"osm:node:10731870530","name":"美而美早餐店","category":"fast_food","cuisine":"breakfast","address":"220071新北市板橋區漢生東路193巷3號"},"geometry":{"type":"Point","coordinates":[121.47004,25.011754]}},{"type":"Feature","properties":{"id":"osm:node:10743723934","name":"派帝漢堡","category":"fast_food","address":"112003臺北市北投區泉源路35巷3號","phone":"+886 2 2891 0655"},"geometry":{"type":"Point","coordinates":[121.506296,25.140447]}},{"type":"Feature","properties":{"id":"osm:node:10750228827","name":"成都楊桃冰","category":"fast_food","nameEn":"Star Fruits Ice","cuisine":"juice","opening_hours":"Mo-Su 13:00-22:30","address":"臺北市萬華區中華路一段114-1號一樓"},"geometry":{"type":"Point","coordinates":[121.508175,25.043224]}},{"type":"Feature","properties":{"id":"osm:node:10834268276","name":"Mister Donut","category":"fast_food","nameEn":"Mister Donut","cuisine":"donut","brand":"Mister Donut"},"geometry":{"type":"Point","coordinates":[121.518942,25.04886]}},{"type":"Feature","properties":{"id":"osm:node:10848043593","name":"漢堡王","category":"fast_food","nameEn":"Burger King","cuisine":"burger","brand":"漢堡王","opening_hours":"Mo-Su 11:00-21:00","address":"新北市汐止區新台五路一段99號B1樓"},"geometry":{"type":"Point","coordinates":[121.648811,25.061881]}},{"type":"Feature","properties":{"id":"osm:node:10848043594","name":"漢堡王","category":"fast_food","nameEn":"Burger King","cuisine":"burger","brand":"漢堡王","opening_hours":"Mo-Su 10:00-23:00","address":"新北市蘆洲區長榮路1號"},"geometry":{"type":"Point","coordinates":[121.463893,25.081887]}},{"type":"Feature","properties":{"id":"osm:node:10848043596","name":"漢堡王","category":"fast_food","nameEn":"Burger King","cuisine":"burger","brand":"漢堡王","opening_hours":"Mo-Su 10:00-21:30","address":"新北市中和區中山路二段228號"},"geometry":{"type":"Point","coordinates":[121.498934,25.002771]}},{"type":"Feature","properties":{"id":"osm:node:10859528400","name":"漢堡王","category":"fast_food","nameEn":"Burger King","cuisine":"burger","brand":"漢堡王","opening_hours":"Mo-Su 09:00-23:00","address":"臺北市北投區光明路146-4號","wheelchair":"yes"},"geometry":{"type":"Point","coordinates":[121.502533,25.134516]}},{"type":"Feature","properties":{"id":"osm:node:10859528401","name":"漢堡王","category":"fast_food","nameEn":"Burger King","cuisine":"burger","brand":"漢堡王","opening_hours":"Mo-Su 10:00-22:00","address":"臺北市文山區木新路三段109號"},"geometry":{"type":"Point","coordinates":[121.56252,24.982036]}},{"type":"Feature","properties":{"id":"osm:node:10859528402","name":"漢堡王","category":"fast_food","nameEn":"Burger King","cuisine":"burger","brand":"漢堡王","opening_hours":"Mo-Su 10:00-23:00","address":"臺北市中山區林森北路247號"},"geometry":{"type":"Point","coordinates":[121.525559,25.05424]}},{"type":"Feature","properties":{"id":"osm:node:10859528403","name":"漢堡王","category":"fast_food","nameEn":"Burger King","cuisine":"burger","brand":"漢堡王","opening_hours":"Mo-Su 10:00-23:00","address":"臺北市士林區中正路332號"},"geometry":{"type":"Point","coordinates":[121.522282,25.094656]}},{"type":"Feature","properties":{"id":"osm:node:10859528404","name":"漢堡王","category":"fast_food","nameEn":"Burger King","cuisine":"burger","brand":"漢堡王","opening_hours":"Mo-Su 07:00-22:00","address":"臺北市松山區南京東路五段82號"},"geometry":{"type":"Point","coordinates":[121.561303,25.051312]}},{"type":"Feature","properties":{"id":"osm:node:10859653005","name":"漢堡王","category":"fast_food","nameEn":"Burger King","cuisine":"burger","brand":"漢堡王","opening_hours":"Mo-Su 10:30-21:00","address":"臺北市內湖區民善街88號","wheelchair":"yes"},"geometry":{"type":"Point","coordinates":[121.575068,25.060132]}},{"type":"Feature","properties":{"id":"osm:node:10859653006","name":"漢堡王","category":"fast_food","nameEn":"Burger King","cuisine":"burger","brand":"漢堡王","opening_hours":"Mo-Su 11:00-20:00","address":"臺北市中山區敬業三路20號B1樓"},"geometry":{"type":"Point","coordinates":[121.557357,25.083428]}},{"type":"Feature","properties":{"id":"osm:node:10960805249","name":"垂垂熱食部","category":"fast_food","cuisine":"regional;italian;chinese"},"geometry":{"type":"Point","coordinates":[121.472486,25.009866]}},{"type":"Feature","properties":{"id":"osm:node:10967808924","name":"HEN堡複合式早午餐","category":"fast_food","cuisine":"burger"},"geometry":{"type":"Point","coordinates":[121.473623,25.006325]}},{"type":"Feature","properties":{"id":"osm:node:11072733936","name":"藏壽司","category":"fast_food","nameEn":"Kura Sushi","cuisine":"sushi","brand":"藏壽司","opening_hours":"Mo-Fr 11:00-22:00; Sa-Su 10:30-22:00","address":"110臺北市信義區松壽路12號四樓","website":"https://www.kurasushi.tw/"},"geometry":{"type":"Point","coordinates":[121.566036,25.035507]}},{"type":"Feature","properties":{"id":"osm:node:11074433484","name":"藏壽司","category":"fast_food","nameEn":"Kura Sushi","cuisine":"sushi","brand":"藏壽司","opening_hours":"Mo-Fr 11:00-22:00; Sa-Su 10:30-22:00","address":"110臺北市信義區西村里8鄰松高路16號地下三層","phone":"+886 2 2720 6900","website":"https://www.kurasushi.tw/"},"geometry":{"type":"Point","coordinates":[121.567395,25.038572]}},{"type":"Feature","properties":{"id":"osm:node:11107302131","name":"艋舺雞排","category":"fast_food","nameEn":"Monga Taiwanese Stir-fried Chicken","cuisine":"chicken","opening_hours":"Mo-Su 14:00-22:30","address":"台北市萬華區中華路1段110號1樓","phone":"+886 2 2381 3938"},"geometry":{"type":"Point","coordinates":[121.508388,25.043865]}},{"type":"Feature","properties":{"id":"osm:node:11233541700","name":"拉亞漢堡","category":"fast_food","nameEn":"Laya Burger","cuisine":"burger;breakfast","brand":"拉亞漢堡","address":"103012臺北市大同區延平北路一段104號","phone":"+886 2 2550 1599","website":"https://www.laya.com.tw/"},"geometry":{"type":"Point","coordinates":[121.511764,25.052681]}},{"type":"Feature","properties":{"id":"osm:node:11233541701","name":"呷尚寶","category":"fast_food","nameEn":"JSP","cuisine":"burger","brand":"呷尚寶","address":"103012臺北市大同區延平北路一段106號","website":"http://twjsp.com.tw/"},"geometry":{"type":"Point","coordinates":[121.511732,25.052706]}},{"type":"Feature","properties":{"id":"osm:node:11238057150","name":"拉亞漢堡","category":"fast_food","nameEn":"Laya Burger","cuisine":"burger;breakfast","brand":"拉亞漢堡"},"geometry":{"type":"Point","coordinates":[121.458103,25.16076]}},{"type":"Feature","properties":{"id":"osm:node:11243785212","name":"肯德基","category":"fast_food","nameEn":"KFC","cuisine":"chicken","brand":"肯德基","opening_hours":"Mo-Su 10:00-23:00","address":"100035臺北市中正區南昌路一段12號","website":"https://www.kfcclub.com.tw/"},"geometry":{"type":"Point","coordinates":[121.51631,25.032257]}},{"type":"Feature","properties":{"id":"osm:node:11299185772","name":"芙格漢堡","category":"fast_food","nameEn":"Furger Hamburger"},"geometry":{"type":"Point","coordinates":[121.533748,25.014825]}},{"type":"Feature","properties":{"id":"osm:node:11309203718","name":"The Label","category":"fast_food"},"geometry":{"type":"Point","coordinates":[121.555869,25.052785]}},{"type":"Feature","properties":{"id":"osm:node:11311408363","name":"Yakiniku","category":"fast_food"},"geometry":{"type":"Point","coordinates":[121.529413,25.04235]}},{"type":"Feature","properties":{"id":"osm:node:11333009862","name":"炸雞大獅","category":"fast_food","opening_hours":"Tu-Sa 11:30-20:30","address":"103012臺北市大同區長安西路211號","phone":"+886 2 2559 0836","website":"https://www.chickenmaster.com.tw/"},"geometry":{"type":"Point","coordinates":[121.512706,25.052008]}},{"type":"Feature","properties":{"id":"osm:node:11363813694","name":"是味檸檬汁","category":"fast_food","cuisine":"juice"},"geometry":{"type":"Point","coordinates":[121.654772,25.208937]}},{"type":"Feature","properties":{"id":"osm:node:11364309496","name":"麥當勞","category":"fast_food","nameEn":"McDonald's","cuisine":"burger","brand":"麥當勞","address":"23451新北市永和區永利路47號一樓","phone":"+886 2 2926 6279"},"geometry":{"type":"Point","coordinates":[121.519479,25.005145]}},{"type":"Feature","properties":{"id":"osm:node:11431993128","name":"瑞麟美而美","category":"fast_food","nameEn":"Rueilin Mei & Mei","cuisine":"breakfast","brand":"瑞麟美而美"},"geometry":{"type":"Point","coordinates":[121.64114,25.064924]}},{"type":"Feature","properties":{"id":"osm:node:11496693149","name":"巨林美而美","category":"fast_food","nameEn":"Jyulin Mei & Mei","cuisine":"breakfast","brand":"巨林美而美"},"geometry":{"type":"Point","coordinates":[121.615123,25.045472]}},{"type":"Feature","properties":{"id":"osm:node:11510555460","name":"餵我早餐","category":"fast_food","address":"220新北市板橋區雙十路二段223號","wheelchair":"no"},"geometry":{"type":"Point","coordinates":[121.47321,25.029044]}},{"type":"Feature","properties":{"id":"osm:node:11536239514","name":"早安美芝城","category":"fast_food","nameEn":"Good Morning MACC","cuisine":"breakfast","brand":"早安美芝城","address":"108035臺北市萬華區寶興街47號","phone":"+886 2 2305 0189","website":"https://www.macc.com.tw/"},"geometry":{"type":"Point","coordinates":[121.493568,25.027275]}},{"type":"Feature","properties":{"id":"osm:node:11536239516","name":"嘉味軒","category":"fast_food","cuisine":"breakfast","address":"108036臺北市萬華區寶興街42號"},"geometry":{"type":"Point","coordinates":[121.493343,25.02714]}},{"type":"Feature","properties":{"id":"osm:node:11536239524","name":"漢堡王","category":"fast_food","nameEn":"Burger King","cuisine":"burger","brand":"漢堡王","opening_hours":"Mo-Su 10:00-22:00","address":"108034臺北市萬華區西園路二段246號","phone":"+886 2 2301 7086","website":"https://www.burgerking.com.tw/"},"geometry":{"type":"Point","coordinates":[121.494823,25.028084]}},{"type":"Feature","properties":{"id":"osm:node:11557157027","name":"すき家","category":"fast_food","nameEn":"Sukiya","cuisine":"beef_bowl","brand":"すき家","wheelchair":"yes"},"geometry":{"type":"Point","coordinates":[121.579425,25.048795]}},{"type":"Feature","properties":{"id":"osm:node:11594150343","name":"呷尚寶","category":"fast_food","nameEn":"JSP","cuisine":"burger","brand":"呷尚寶"},"geometry":{"type":"Point","coordinates":[121.467704,24.990261]}},{"type":"Feature","properties":{"id":"osm:node:11594150360","name":"Qburger","category":"fast_food","cuisine":"american;breakfast","brand":"Qburger"},"geometry":{"type":"Point","coordinates":[121.465418,24.988784]}},{"type":"Feature","properties":{"id":"osm:node:11594150363","name":"弘爺漢堡","category":"fast_food","nameEn":"Hong Ya Hambuger","cuisine":"american;breakfast","brand":"弘爺漢堡"},"geometry":{"type":"Point","coordinates":[121.464605,24.988175]}},{"type":"Feature","properties":{"id":"osm:node:11629596310","name":"Subway","category":"fast_food","cuisine":"sandwich","brand":"Subway"},"geometry":{"type":"Point","coordinates":[121.563972,25.051002]}},{"type":"Feature","properties":{"id":"osm:node:11762416158","name":"達美樂","category":"fast_food","cuisine":"pizza;fast_food","opening_hours":"11:00-22:00","address":"234新北市永和區永平路198號","phone":"+886 2 2927 5522","website":"https://www.dominos.com.tw/"},"geometry":{"type":"Point","coordinates":[121.509904,25.009948]}},{"type":"Feature","properties":{"id":"osm:node:11762550136","name":"Qburger","category":"fast_food","cuisine":"american;breakfast","brand":"Qburger","opening_hours":"Mo-Su 6:00-13:30 Thu休息","address":"234新北市永和區永平路250號","phone":"+886 2 2929 5009"},"geometry":{"type":"Point","coordinates":[121.508481,25.011256]}},{"type":"Feature","properties":{"id":"osm:node:11762561270","name":"拉亞漢堡","category":"fast_food","nameEn":"Laya Burger","cuisine":"burger;breakfast","brand":"拉亞漢堡","opening_hours":"06:00-14:00","address":"234新北市永和區永平路224-1號一樓","phone":"+886 2 2928 0178","website":"https://www.laya.com.tw/"},"geometry":{"type":"Point","coordinates":[121.509122,25.010689]}},{"type":"Feature","properties":{"id":"osm:node:11762571470","name":"肯德基","category":"fast_food","nameEn":"KFC","cuisine":"chicken","brand":"肯德基","opening_hours":"Mo-Su 10:00-23:00","address":"234新北市永和區中山路一段173號","phone":"+886 2 2927 1558"},"geometry":{"type":"Point","coordinates":[121.5098,25.009198]}},{"type":"Feature","properties":{"id":"osm:node:11775194294","name":"烤雞霸葷","category":"fast_food","cuisine":"kebab","opening_hours":"Mo-Sa 17:00-23:00","address":"臺北市文山區秀明路一段1號","phone":"+886 926 600 032"},"geometry":{"type":"Point","coordinates":[121.563303,24.989222]}},{"type":"Feature","properties":{"id":"osm:node:11856931212","name":"瓦非屋","category":"fast_food"},"geometry":{"type":"Point","coordinates":[121.589948,24.993894]}},{"type":"Feature","properties":{"id":"osm:node:11873796957","name":"巨林美而美","category":"fast_food","nameEn":"Jyulin Mei & Mei","cuisine":"breakfast","brand":"巨林美而美","address":"台北市中山區長安東路二段48之3號"},"geometry":{"type":"Point","coordinates":[121.532115,25.048333]}},{"type":"Feature","properties":{"id":"osm:node:11880478130","name":"宏記豆漿","category":"fast_food","nameEn":"Hongji","cuisine":"chinese;regional","opening_hours":"24/7","address":"臺北市大安區延吉街64號","wheelchair":"yes"},"geometry":{"type":"Point","coordinates":[121.553865,25.043483]}},{"type":"Feature","properties":{"id":"osm:node:11881016822","name":"富爸爸手工肉捲","category":"fast_food","cuisine":"barbecue;regional","address":"臺北市大安區臨江街134號"},"geometry":{"type":"Point","coordinates":[121.55369,25.030271]}},{"type":"Feature","properties":{"id":"osm:node:11888416183","name":"Cinco De Mayo","category":"fast_food","cuisine":"mexican","wheelchair":"yes"},"geometry":{"type":"Point","coordinates":[121.58572,24.995418]}},{"type":"Feature","properties":{"id":"osm:node:11991326305","name":"肯德基","category":"fast_food","nameEn":"KFC","cuisine":"chicken","brand":"肯德基"},"geometry":{"type":"Point","coordinates":[121.594203,25.084524]}},{"type":"Feature","properties":{"id":"osm:node:12041261614","name":"巧食珍早餐","category":"fast_food","cuisine":"breakfast","address":"108030臺北市萬華區中華路二段124號"},"geometry":{"type":"Point","coordinates":[121.50402,25.030914]}},{"type":"Feature","properties":{"id":"osm:node:12064212785","name":"媽媽米亞","category":"fast_food","cuisine":"american;breakfast","address":"106102臺北市大安區和平東路三段1巷27號1樓"},"geometry":{"type":"Point","coordinates":[121.546849,25.025845]}},{"type":"Feature","properties":{"id":"osm:node:12069397566","name":"Qburger","category":"fast_food","cuisine":"american;breakfast","brand":"Qburger"},"geometry":{"type":"Point","coordinates":[121.550672,25.003137]}},{"type":"Feature","properties":{"id":"osm:node:12070112060","name":"Subway","category":"fast_food","cuisine":"sandwich","brand":"Subway","opening_hours":"Mo-Su 10:00-20:00","address":"106010臺北市大安區和平東路一段129號","phone":"+886 2 2321 0081","website":"https://subway.com.tw/"},"geometry":{"type":"Point","coordinates":[121.529983,25.026729]}},{"type":"Feature","properties":{"id":"osm:node:12088113852","name":"MWD","category":"fast_food","wheelchair":"yes"},"geometry":{"type":"Point","coordinates":[121.552853,25.054659]}},{"type":"Feature","properties":{"id":"osm:node:12091172866","name":"好客来","category":"fast_food","opening_hours":"Mo-Fr 07:30-15:00; Sa,Su 08:00-15:30"},"geometry":{"type":"Point","coordinates":[121.510571,25.051943]}},{"type":"Feature","properties":{"id":"osm:node:12091469324","name":"摩斯漢堡","category":"fast_food","nameEn":"MOS Burger","cuisine":"burger","brand":"摩斯漢堡"},"geometry":{"type":"Point","coordinates":[121.54268,25.014088]}},{"type":"Feature","properties":{"id":"osm:node:12091820363","name":"Crazy Buger","category":"fast_food"},"geometry":{"type":"Point","coordinates":[121.514351,25.053237]}},{"type":"Feature","properties":{"id":"osm:node:12094914656","name":"巨林美而美","category":"fast_food","nameEn":"Jyulin Mei & Mei","cuisine":"breakfast","brand":"巨林美而美","address":"22146新北市汐止區工建路54號"},"geometry":{"type":"Point","coordinates":[121.640978,25.063263]}},{"type":"Feature","properties":{"id":"osm:node:12094914685","name":"阿囉哈炸雞","category":"fast_food","cuisine":"kebab"},"geometry":{"type":"Point","coordinates":[121.642183,25.065562]}},{"type":"Feature","properties":{"id":"osm:node:12094914686","name":"呷尚寶","category":"fast_food","nameEn":"JSP","cuisine":"burger","brand":"呷尚寶"},"geometry":{"type":"Point","coordinates":[121.642367,25.065543]}},{"type":"Feature","properties":{"id":"osm:node:12094914693","name":"協力香雞排","category":"fast_food","cuisine":"kebab"},"geometry":{"type":"Point","coordinates":[121.642383,25.066138]}},{"type":"Feature","properties":{"id":"osm:node:12095329002","name":"曾家鮮果汁","category":"fast_food","cuisine":"juice"},"geometry":{"type":"Point","coordinates":[121.515252,25.056116]}},{"type":"Feature","properties":{"id":"osm:node:12095329007","name":"欧家果汁","category":"fast_food","cuisine":"juice"},"geometry":{"type":"Point","coordinates":[121.515134,25.055717]}},{"type":"Feature","properties":{"id":"osm:node:12096391354","name":"金龍","category":"fast_food","cuisine":"juice"},"geometry":{"type":"Point","coordinates":[121.513364,25.051401]}},{"type":"Feature","properties":{"id":"osm:node:12105657189","name":"胖老爹炸機","category":"fast_food","cuisine":"kebab"},"geometry":{"type":"Point","coordinates":[121.641284,25.064352]}},{"type":"Feature","properties":{"id":"osm:node:12107901901","name":"田村自助餐","category":"fast_food"},"geometry":{"type":"Point","coordinates":[121.641776,25.065476]}},{"type":"Feature","properties":{"id":"osm:node:12107901904","name":"ＱＱ甜品店","category":"fast_food","cuisine":"donut"},"geometry":{"type":"Point","coordinates":[121.641951,25.065459]}},{"type":"Feature","properties":{"id":"osm:node:12107901916","name":"炸物攤販","category":"fast_food"},"geometry":{"type":"Point","coordinates":[121.641412,25.065511]}},{"type":"Feature","properties":{"id":"osm:node:12107901919","name":"蒜香無骨炸雞","category":"fast_food","cuisine":"kebab"},"geometry":{"type":"Point","coordinates":[121.641892,25.064989]}},{"type":"Feature","properties":{"id":"osm:node:12198801992","name":"摩斯漢堡(附中店)","category":"fast_food","cuisine":"burger"},"geometry":{"type":"Point","coordinates":[121.542687,25.033129]}},{"type":"Feature","properties":{"id":"osm:node:12201270700","name":"Subway","category":"fast_food","cuisine":"sandwich","brand":"Subway","wheelchair":"yes"},"geometry":{"type":"Point","coordinates":[121.617398,25.056935]}},{"type":"Feature","properties":{"id":"osm:node:12213895891","name":"早安美芝城","category":"fast_food","nameEn":"Good Morning MACC","cuisine":"breakfast","brand":"早安美芝城"},"geometry":{"type":"Point","coordinates":[121.578185,25.078705]}},{"type":"Feature","properties":{"id":"osm:node:12213895893","name":"松屋","category":"fast_food","nameEn":"Matsuya","cuisine":"beef_bowl","brand":"松屋"},"geometry":{"type":"Point","coordinates":[121.578332,25.078643]}},{"type":"Feature","properties":{"id":"osm:node:12222056228","name":"呷尚寶","category":"fast_food","nameEn":"JSP","cuisine":"burger","brand":"呷尚寶","opening_hours":"Mo-Fr 05:00-13:30, Sa-Su 05:30-13:00","address":"104台北市中山區松江路84巷12號","phone":"+886 2 2511 0397"},"geometry":{"type":"Point","coordinates":[121.532145,25.050081]}},{"type":"Feature","properties":{"id":"osm:node:12244538237","name":"呷喀煙燻滷味","category":"fast_food","nameEn":"Sia Ke","address":"108臺北市萬華區西門里7鄰內江街23號","phone":"+886 0952 858 882"},"geometry":{"type":"Point","coordinates":[121.506271,25.041721]}},{"type":"Feature","properties":{"id":"osm:node:12262935963","name":"Mister Donut","category":"fast_food","nameEn":"Mister Donut","cuisine":"donut","brand":"Mister Donut","address":"台北市中正區100台北市中正區寶慶路32之1號B1"},"geometry":{"type":"Point","coordinates":[121.508282,25.041966]}},{"type":"Feature","properties":{"id":"osm:node:12307306138","name":"The Slice Shop","category":"fast_food","cuisine":"pizza","address":"106臺北市大安區通安里20鄰安和路二段69巷18號七樓","phone":"+886 2 2732 6682","website":"https://www.instagram.com/theslice.shop/"},"geometry":{"type":"Point","coordinates":[121.552905,25.030347]}},{"type":"Feature","properties":{"id":"osm:node:12345194430","name":"すき家","category":"fast_food","nameEn":"Sukiya","cuisine":"beef_bowl","brand":"すき家","opening_hours":"24/7"},"geometry":{"type":"Point","coordinates":[121.459626,25.050263]}},{"type":"Feature","properties":{"id":"osm:node:12395478201","name":"拿坡里披薩","category":"fast_food","nameEn":"Napoli Pizza","cuisine":"pizza;fried_chicken","brand":"拿坡里披薩","opening_hours":"Mo-Su 11:00-21:30","address":"106臺北市大安區和平東路二段95-1號","phone":"+886 2 27071068","website":"https://www.0800076666.com.tw/"},"geometry":{"type":"Point","coordinates":[121.539943,25.025571]}},{"type":"Feature","properties":{"id":"osm:node:12399499514","name":"麥當勞","category":"fast_food","nameEn":"McDonald's","cuisine":"burger","brand":"麥當勞","wheelchair":"yes"},"geometry":{"type":"Point","coordinates":[121.616812,25.06821]}},{"type":"Feature","properties":{"id":"osm:node:12440447755","name":"麥當勞","category":"fast_food","nameEn":"McDonald's","cuisine":"burger","brand":"麥當勞"},"geometry":{"type":"Point","coordinates":[121.525093,25.106666]}},{"type":"Feature","properties":{"id":"osm:node:12441038086","name":"Mister Donut","category":"fast_food","nameEn":"Mister Donut","cuisine":"donut","brand":"Mister Donut"},"geometry":{"type":"Point","coordinates":[121.531458,25.111542]}},{"type":"Feature","properties":{"id":"osm:node:12446942284","name":"松屋","category":"fast_food","nameEn":"Matsuya","cuisine":"beef_bowl","brand":"松屋"},"geometry":{"type":"Point","coordinates":[121.507861,25.044586]}},{"type":"Feature","properties":{"id":"osm:node:12465309295","name":"肯德基","category":"fast_food","nameEn":"KFC","cuisine":"chicken","brand":"肯德基","opening_hours":"Mo-Su 10:00-23:00","address":"新北市蘆洲區長榮路80號"},"geometry":{"type":"Point","coordinates":[121.462329,25.083685]}},{"type":"Feature","properties":{"id":"osm:node:12466521475","name":"瑞麟美而美","category":"fast_food","nameEn":"Rueilin Mei & Mei","cuisine":"breakfast","brand":"瑞麟美而美"},"geometry":{"type":"Point","coordinates":[121.526397,25.033836]}},{"type":"Feature","properties":{"id":"osm:node:12466891355","name":"Subway","category":"fast_food","cuisine":"sandwich","brand":"Subway"},"geometry":{"type":"Point","coordinates":[121.530212,25.051596]}},{"type":"Feature","properties":{"id":"osm:node:12521653902","name":"Sweet September","category":"fast_food","cuisine":"juice"},"geometry":{"type":"Point","coordinates":[121.564464,25.02791]}},{"type":"Feature","properties":{"id":"osm:node:12603509807","name":"呷尚寶","category":"fast_food","nameEn":"JSP","cuisine":"burger","brand":"呷尚寶"},"geometry":{"type":"Point","coordinates":[121.58642,25.088574]}},{"type":"Feature","properties":{"id":"osm:node:12622924533","name":"早安美芝城","category":"fast_food","nameEn":"Good Morning MACC","cuisine":"breakfast","brand":"早安美芝城","address":"110臺北市信義區景聯里1鄰吳興街3號"},"geometry":{"type":"Point","coordinates":[121.559341,25.03186]}},{"type":"Feature","properties":{"id":"osm:node:12769772825","name":"摩斯漢堡","category":"fast_food","nameEn":"MOS Burger","cuisine":"burger","brand":"摩斯漢堡"},"geometry":{"type":"Point","coordinates":[121.529829,24.973395]}},{"type":"Feature","properties":{"id":"osm:node:12782181573","name":"Mister Donut","category":"fast_food","nameEn":"Mister Donut","cuisine":"donut","brand":"Mister Donut","address":"241017新北市三重區重新路五段654號一樓"},"geometry":{"type":"Point","coordinates":[121.467727,25.043341]}},{"type":"Feature","properties":{"id":"osm:node:12797038605","name":"慧昭牛舌餅","category":"fast_food","opening_hours":"Mo-Fr 09:30-20:00; Sa 09:30-18:30","address":"臺北市北投區石牌路二段185號"},"geometry":{"type":"Point","coordinates":[121.518333,25.118602]}},{"type":"Feature","properties":{"id":"osm:node:12798825202","name":"Chubby Burger","category":"fast_food","cuisine":"burger"},"geometry":{"type":"Point","coordinates":[121.565214,25.04171]}},{"type":"Feature","properties":{"id":"osm:node:12826104627","name":"巷口泰式涼拌青木瓜","category":"fast_food","cuisine":"thai"},"geometry":{"type":"Point","coordinates":[121.533763,25.014841]}},{"type":"Feature","properties":{"id":"osm:node:12860053876","name":"強記港式小館","category":"fast_food","cuisine":"cantonese","opening_hours":"Mo-Sa 11:00-14:00,17:00-19:30; Su off","address":"106臺北市大安區大安路一段203號","phone":"+886 2 2701 0830","website":"https://www.facebook.com/pages/%E5%BC%B7%E8%A8%98%E6%B8%AF%E5%BC%8F%E5%B0%8F%E9%A4%A8/188850774476817","wheelchair":"limited"},"geometry":{"type":"Point","coordinates":[121.546108,25.035397]}},{"type":"Feature","properties":{"id":"osm:node:12863709068","name":"Skrabur","category":"fast_food","cuisine":"burger"},"geometry":{"type":"Point","coordinates":[121.565675,25.042781]}},{"type":"Feature","properties":{"id":"osm:node:12863795300","name":"飽貝 bo'bagel - 貝果專賣店","category":"fast_food","cuisine":"bagel","phone":"+886 2 8786 2086"},"geometry":{"type":"Point","coordinates":[121.56293,25.042285]}},{"type":"Feature","properties":{"id":"osm:node:12894669424","name":"摩斯漢堡","category":"fast_food","nameEn":"MOS Burger","cuisine":"burger","brand":"摩斯漢堡"},"geometry":{"type":"Point","coordinates":[121.522738,25.027265]}},{"type":"Feature","properties":{"id":"osm:node:12894669437","name":"宏臨美而美","category":"fast_food"},"geometry":{"type":"Point","coordinates":[121.523357,25.026755]}},{"type":"Feature","properties":{"id":"osm:node:12968634342","name":"藏壽司","category":"fast_food","nameEn":"Kura Sushi","cuisine":"sushi","brand":"藏壽司","opening_hours":"Mo-Su 11:00-22:00","address":"新北市板橋區華東里006鄰遠東路62之3號","website":"https://www.kurasushi.tw/"},"geometry":{"type":"Point","coordinates":[121.455378,25.000417]}},{"type":"Feature","properties":{"id":"osm:node:12981911994","name":"肯德基","category":"fast_food","nameEn":"KFC","cuisine":"chicken","brand":"肯德基","opening_hours":"Mo-Su 10:00-23:00","address":"臺北市中山區民權東路二段124號"},"geometry":{"type":"Point","coordinates":[121.532661,25.062286]}},{"type":"Feature","properties":{"id":"osm:node:13013482247","name":"OG桑","category":"fast_food"},"geometry":{"type":"Point","coordinates":[121.502025,24.998065]}},{"type":"Feature","properties":{"id":"osm:node:13055929838","name":"德克士","category":"fast_food","nameEn":"Dicos","cuisine":"burger;chicken","brand":"德克士"},"geometry":{"type":"Point","coordinates":[121.554593,25.051838]}},{"type":"Feature","properties":{"id":"osm:node:13083825551","name":"八方雲集","category":"fast_food","nameEn":"Bafang Dumpling","cuisine":"dumplings","brand":"八方雲集","address":"臺北市內湖區民權東路六段180巷15號","phone":"+886 2-8792-0075","website":"https://www.8way.com.tw/"},"geometry":{"type":"Point","coordinates":[121.592857,25.068357]}},{"type":"Feature","properties":{"id":"osm:node:13108188463","name":"KURE8 - 8酵茶","category":"fast_food","cuisine":"juice","address":"106臺北市大安區住安里1鄰復興南路二段7號","phone":"+886 2 2325 0738","website":"https://www.kure8kombucha.com/"},"geometry":{"type":"Point","coordinates":[121.543799,25.032768]}},{"type":"Feature","properties":{"id":"osm:node:13108550001","name":"はま寿司","category":"fast_food","nameEn":"Hamasushi","cuisine":"sushi","brand":"はま寿司","address":"臺北市大安區信義路四段236號"},"geometry":{"type":"Point","coordinates":[121.553063,25.032961]}},{"type":"Feature","properties":{"id":"osm:node:13120740724","name":"Le Phare","category":"fast_food","cuisine":"juice"},"geometry":{"type":"Point","coordinates":[121.552033,25.042183]}},{"type":"Feature","properties":{"id":"osm:node:13128230641","name":"入口漢堡","category":"fast_food","nameEn":"RUKO BURGER","cuisine":"burger;diner","opening_hours":"11:00–14:00 15:00–19:30","address":"116台北市文山區萬壽路36號一樓","phone":"+886 2 8661 5688"},"geometry":{"type":"Point","coordinates":[121.578861,24.988318]}},{"type":"Feature","properties":{"id":"osm:node:13130317496","name":"炸雞大獅","category":"fast_food","address":"臺北市中正區羅斯福路四段24巷14號1樓","wheelchair":"no"},"geometry":{"type":"Point","coordinates":[121.532754,25.014974]}},{"type":"Feature","properties":{"id":"osm:node:13130475074","name":"Arty Burger 政大店","category":"fast_food","cuisine":"burger","opening_hours":"We-Mo 07:00-14:30","address":"116台北市文山區指南路二段45巷10號一樓","phone":"+886 2 8661 9920"},"geometry":{"type":"Point","coordinates":[121.574497,24.98875]}},{"type":"Feature","properties":{"id":"osm:node:13141006303","name":"東峰果汁吧","category":"fast_food","cuisine":"juice","address":"116台北市文山區保儀路92號","phone":"+886 0938632898"},"geometry":{"type":"Point","coordinates":[121.568332,24.986972]}},{"type":"Feature","properties":{"id":"osm:node:13142341059","name":"八方雲集","category":"fast_food","nameEn":"Bafang Dumpling","cuisine":"dumplings","brand":"八方雲集","address":"116台北市文山區木柵路三段136號","phone":"+886 2 2937 8088","website":"https://www.8way.com.tw/"},"geometry":{"type":"Point","coordinates":[121.568219,24.988776]}},{"type":"Feature","properties":{"id":"osm:node:13165334919","name":"摩斯漢堡","category":"fast_food","nameEn":"MOS Burger","cuisine":"burger","brand":"摩斯漢堡","opening_hours":"Mo-Fr 07:00-20:00,Sa-Su 08:00-20:00","address":"115臺北市南港區中南里19鄰忠孝東路七段508之8號","phone":"+886 2 2783 7727"},"geometry":{"type":"Point","coordinates":[121.609882,25.051965]}},{"type":"Feature","properties":{"id":"osm:node:13249455747","name":"Qburger","category":"fast_food","cuisine":"american;breakfast","brand":"Qburger"},"geometry":{"type":"Point","coordinates":[121.468,24.990381]}},{"type":"Feature","properties":{"id":"osm:node:13249467191","name":"弘爺漢堡","category":"fast_food","nameEn":"Hong Ya Hambuger","cuisine":"american;breakfast","brand":"弘爺漢堡"},"geometry":{"type":"Point","coordinates":[121.467682,24.992838]}},{"type":"Feature","properties":{"id":"osm:node:13277198885","name":"すき家Sukiya 中和連城店","category":"fast_food","cuisine":"curry","address":"235新北市中和區連城路349號"},"geometry":{"type":"Point","coordinates":[121.48798,24.996087]}},{"type":"Feature","properties":{"id":"osm:node:13277217191","name":"起司rock鐵板潛艇堡","category":"fast_food","cuisine":"mexican","opening_hours":"Mo-Su 09:00-21:00","address":"235新北市中和區建一路183號"},"geometry":{"type":"Point","coordinates":[121.48828,24.997901]}},{"type":"Feature","properties":{"id":"osm:node:13296742283","name":"呷尚寶","category":"fast_food","nameEn":"JSP","cuisine":"burger","brand":"呷尚寶","address":"104臺北市中山區朱園里6鄰建國北路一段62號四樓"},"geometry":{"type":"Point","coordinates":[121.536343,25.048806]}},{"type":"Feature","properties":{"id":"osm:node:13301334724","name":"肯德基","category":"fast_food","nameEn":"KFC","cuisine":"chicken","brand":"肯德基","opening_hours":"Mo-Su 10:00-23:00","address":"臺北市信義區永吉路229號"},"geometry":{"type":"Point","coordinates":[121.57431,25.045732]}},{"type":"Feature","properties":{"id":"osm:node:13301334727","name":"麥當勞","category":"fast_food","nameEn":"McDonald's","cuisine":"burger","brand":"麥當勞","opening_hours":"Mo-Su 05:00-23:00","address":"新北市三重區力行路一段50號"},"geometry":{"type":"Point","coordinates":[121.485958,25.068221]}},{"type":"Feature","properties":{"id":"osm:node:13307669098","name":"小腳ㄚ早午餐","category":"fast_food"},"geometry":{"type":"Point","coordinates":[121.467261,24.984023]}},{"type":"Feature","properties":{"id":"osm:node:13308275964","name":"我家自助餐","category":"fast_food","opening_hours":"Mo-Fr 10:30-14:00,16:00-20:00; Sa 10:30-14:00; Su off","address":"231新北市新店區大豐路14號","phone":"+886 2 29105859"},"geometry":{"type":"Point","coordinates":[121.541072,24.980357]}},{"type":"Feature","properties":{"id":"osm:node:13335018772","name":"3°1 参度壱","category":"fast_food","cuisine":"sandwich","address":"臺北市中正區杭州南路二段42號"},"geometry":{"type":"Point","coordinates":[121.522151,25.030877]}},{"type":"Feature","properties":{"id":"osm:node:13392200501","name":"すき家","category":"fast_food","nameEn":"Sukiya","cuisine":"beef_bowl","brand":"すき家","opening_hours":"24/7","address":"新北市永和區永和路二段116號","wheelchair":"no"},"geometry":{"type":"Point","coordinates":[121.515316,25.012065]}},{"type":"Feature","properties":{"id":"osm:node:13415229557","name":"客家自製湯圓","category":"fast_food","cuisine":"taiwanese;dessert","opening_hours":"Mo-Sa 18:00-23:00","wheelchair":"yes"},"geometry":{"type":"Point","coordinates":[121.542119,25.049289]}},{"type":"Feature","properties":{"id":"osm:node:13418601801","name":"180度C蜜酥雞排","category":"fast_food","cuisine":"chicken;friture","opening_hours":"Mo-Sa 15:00-23:00","address":"臺北市萬華區貴陽街二段77號","phone":"+886 0933687611"},"geometry":{"type":"Point","coordinates":[121.504059,25.039808]}},{"type":"Feature","properties":{"id":"osm:node:13474314039","name":"蚵嗲發蛋汁燒烤","category":"fast_food"},"geometry":{"type":"Point","coordinates":[121.515966,25.045623]}},{"type":"Feature","properties":{"id":"osm:node:13513886601","name":"松屋","category":"fast_food","nameEn":"Matsuya","cuisine":"beef_bowl","brand":"松屋"},"geometry":{"type":"Point","coordinates":[121.526638,25.095647]}},{"type":"Feature","properties":{"id":"osm:node:13545137201","name":"Bao So Hard","category":"fast_food"},"geometry":{"type":"Point","coordinates":[121.56231,25.027238]}},{"type":"Feature","properties":{"id":"osm:node:13545771901","name":"Uncle Burgers","category":"fast_food","cuisine":"burger"},"geometry":{"type":"Point","coordinates":[121.547411,25.024495]}},{"type":"Feature","properties":{"id":"osm:node:13555540001","name":"13 burgers handmade","category":"fast_food","cuisine":"burger"},"geometry":{"type":"Point","coordinates":[121.529294,25.024312]}},{"type":"Feature","properties":{"id":"osm:node:13594498001","name":"豐園包子饅頭","category":"fast_food","nameEn":"Fengyuan","cuisine":"regional;steamed_buns"},"geometry":{"type":"Point","coordinates":[121.460656,25.014648]}},{"type":"Feature","properties":{"id":"osm:node:13604832725","name":"源芳刈包","category":"fast_food","opening_hours":"11:30-20:00","address":"臺北市萬華區161號","wheelchair":"limited"},"geometry":{"type":"Point","coordinates":[121.498599,25.03934]}},{"type":"Feature","properties":{"id":"osm:node:13607223478","name":"鍾家原上海生煎包","category":"fast_food","cuisine":"regional","wheelchair":"limited"},"geometry":{"type":"Point","coordinates":[121.5264,25.089506]}},{"type":"Feature","properties":{"id":"osm:node:13608647117","name":"Q Burger","category":"fast_food","wheelchair":"limited"},"geometry":{"type":"Point","coordinates":[121.460544,25.014444]}},{"type":"Feature","properties":{"id":"osm:node:13614285281","name":"無名焼きパン","category":"fast_food","nameEn":"Unnamed Clay Oven Roll"},"geometry":{"type":"Point","coordinates":[121.506723,25.028426]}},{"type":"Feature","properties":{"id":"osm:node:13616275518","name":"巨林美而美","category":"fast_food","nameEn":"Jyulin Mei & Mei","cuisine":"breakfast","brand":"巨林美而美"},"geometry":{"type":"Point","coordinates":[121.526032,24.991178]}},{"type":"Feature","properties":{"id":"osm:node:13619358011","name":"Sonney's Bagel - 中山外帶店","category":"fast_food","cuisine":"bagel","website":"https://sonneys-bagel.com"},"geometry":{"type":"Point","coordinates":[121.523908,25.057403]}},{"type":"Feature","properties":{"id":"osm:node:13622004492","name":"給力盒子","category":"fast_food","nameEn":"Get Power","opening_hours":"Mo-Fr 10:30-14:00,16:00-19:00"},"geometry":{"type":"Point","coordinates":[121.566194,25.050366]}},{"type":"Feature","properties":{"id":"osm:node:13622136096","name":"摩斯漢堡","category":"fast_food","nameEn":"MOS Burger","cuisine":"burger","brand":"摩斯漢堡"},"geometry":{"type":"Point","coordinates":[121.566173,25.047994]}},{"type":"Feature","properties":{"id":"osm:node:13633291584","name":"麥當勞-板橋中正二餐廳","category":"fast_food","nameEn":"McDonald's","cuisine":"burger","brand":"麥當勞","address":"22054新北市板橋區中正路290號","phone":"+886 2 2272 5758","website":"https://www.mcdonalds.com/"},"geometry":{"type":"Point","coordinates":[121.455072,25.020307]}},{"type":"Feature","properties":{"id":"osm:node:13648683223","name":"八方雲集","category":"fast_food","nameEn":"Bafang Dumpling","cuisine":"dumplings","brand":"八方雲集","address":"台北市","website":"https://www.8way.com.tw/"},"geometry":{"type":"Point","coordinates":[121.577982,25.041263]}},{"type":"Feature","properties":{"id":"osm:node:13648683224","name":"MASA / Mother Flippin' Burgers","category":"fast_food"},"geometry":{"type":"Point","coordinates":[121.577979,25.041221]}},{"type":"Feature","properties":{"id":"osm:node:13685790204","name":"摩斯漢堡","category":"fast_food","cuisine":"burger"},"geometry":{"type":"Point","coordinates":[121.53827,25.0258]}},{"type":"Feature","properties":{"id":"osm:node:13687291302","name":"蛋白盒子","category":"fast_food","nameEn":"The Protein Box","address":"106臺北市大安區和平東路二段285號"},"geometry":{"type":"Point","coordinates":[121.544517,25.02497]}},{"type":"Feature","properties":{"id":"osm:node:13687299301","name":"米卡盒餐","category":"fast_food"},"geometry":{"type":"Point","coordinates":[121.545025,25.024988]}},{"type":"Feature","properties":{"id":"osm:node:13697509874","name":"八方雲集","category":"fast_food","nameEn":"Bafang Dumpling","cuisine":"dumplings","brand":"八方雲集","address":"臺北市中山區復興北路398號一樓","phone":"+886 02-25006086","website":"https://www.8way.com.tw/"},"geometry":{"type":"Point","coordinates":[121.543962,25.061591]}},{"type":"Feature","properties":{"id":"osm:node:13700732176","name":"麥當勞","category":"fast_food","cuisine":"burger;coffee_shop","phone":"0277179796"},"geometry":{"type":"Point","coordinates":[121.663416,25.069376]}},{"type":"Feature","properties":{"id":"osm:node:13707877344","name":"濟公小籠包","category":"fast_food","cuisine":"chinese;小籠包"},"geometry":{"type":"Point","coordinates":[121.659947,25.063009]}},{"type":"Feature","properties":{"id":"osm:node:13729167475","name":"麥味登（汐止茄苳店）","category":"fast_food","cuisine":"brunch","opening_hours":"07:00-14:00","address":"新北市汐止區","phone":"0286477766"},"geometry":{"type":"Point","coordinates":[121.665916,25.070697]}},{"type":"Feature","properties":{"id":"osm:node:13742025032","name":"21風味館","category":"fast_food","nameEn":"21Plus","cuisine":"chicken","brand":"21風味館","opening_hours":"Mo-Su 11:00-21:30","address":"235新北市中和區中山路三段52號1樓","phone":"+886 2 82212021"},"geometry":{"type":"Point","coordinates":[121.478373,25.005923]}},{"type":"Feature","properties":{"id":"osm:node:13776177518","name":"摩斯漢堡","category":"fast_food","nameEn":"MOS Burger","cuisine":"burger","brand":"摩斯漢堡","address":"106台北市大安區復興南路二段151巷47號","phone":"+886 2 2705 8524"},"geometry":{"type":"Point","coordinates":[121.545606,25.028444]}},{"type":"Feature","properties":{"id":"osm:node:13776516085","name":"摩斯漢堡","category":"fast_food","nameEn":"MOS Burger","cuisine":"burger","brand":"摩斯漢堡","address":"105台北市松山區民生東路三段113巷7弄1號一樓"},"geometry":{"type":"Point","coordinates":[121.5464,25.058592]}},{"type":"Feature","properties":{"id":"osm:node:13793398376","name":"Potato Corner","category":"fast_food","cuisine":"fries","brand":"Potato Corner","address":"104002臺北市中山區南京西路14號","wheelchair":"limited"},"geometry":{"type":"Point","coordinates":[121.520506,25.052155]}},{"type":"Feature","properties":{"id":"osm:node:13793398378","name":"波奇走走","category":"fast_food","nameEn":"POKE GO","cuisine":"salad","address":"104002臺北市中山區南京西路14號"},"geometry":{"type":"Point","coordinates":[121.520503,25.052031]}},{"type":"Feature","properties":{"id":"osm:node:13800324500","name":"撞記","category":"fast_food","cuisine":"juice"},"geometry":{"type":"Point","coordinates":[121.524824,25.060027]}},{"type":"Feature","properties":{"id":"osm:node:13851247223","name":"butcher jr. by lanpengyou","category":"fast_food","cuisine":"burger","opening_hours":"Mo-Fr 11:30-14:00,17:30-20:30; Sa-Su 11:30-20:30","address":"104臺北市中山區南京西路12巷13弄3號","phone":"+886 2 2531 9645"},"geometry":{"type":"Point","coordinates":[121.521629,25.051691]}},{"type":"Feature","properties":{"id":"osm:node:13900251877","name":"欣樂早午餐","category":"fast_food","nameEn":"xinle breakfast","cuisine":"burger;sandwich;breakfast","opening_hours":"Mo,We-Su 05:30-14:00; Tu off","address":"235新北市中和區新生街178號","phone":"+886 2 3234 1308","website":"https://lin.ee/6xxBe0K"},"geometry":{"type":"Point","coordinates":[121.483713,24.999927]}},{"type":"Feature","properties":{"id":"osm:node:13911717990","name":"21風味館","category":"fast_food","nameEn":"21Plus","cuisine":"chicken","brand":"21風味館"},"geometry":{"type":"Point","coordinates":[121.605853,25.05396]}},{"type":"Feature","properties":{"id":"osm:node:13926319891","name":"八方雲集","category":"fast_food","nameEn":"Bafang Dumpling","cuisine":"dumplings","brand":"八方雲集","opening_hours":"Mo-Su 11:00-21:00","address":"241新北市三重區龍濱路249號一樓","phone":"+886 2-2976-2900","website":"https://www.8way.com.tw/"},"geometry":{"type":"Point","coordinates":[121.501632,25.072579]}},{"type":"Feature","properties":{"id":"osm:node:13953404401","name":"黑膠漢堡","category":"fast_food","nameEn":"SKRABUR","cuisine":"american","opening_hours":"Mo-Sa 00:00-20:00","address":"108臺北市萬華區和平西路三段66號","phone":"+886 2 23028519"},"geometry":{"type":"Point","coordinates":[121.503181,25.034986]}},{"type":"Feature","properties":{"id":"osm:node:13956757879","name":"Mariachi 馬利亞奇台墨餐","category":"fast_food","cuisine":"mexican"},"geometry":{"type":"Point","coordinates":[121.592962,25.080647]}},{"type":"Feature","properties":{"id":"osm:node:13995734478","name":"拉亞漢堡","category":"fast_food","nameEn":"Laya Burger","cuisine":"burger;breakfast","brand":"拉亞漢堡","address":"112臺北市北投區石牌路二段90巷32號"},"geometry":{"type":"Point","coordinates":[121.518289,25.116972]}},{"type":"Feature","properties":{"id":"osm:node:13997958224","name":"肯德基","category":"fast_food","nameEn":"KFC","cuisine":"chicken","brand":"肯德基","address":"112臺北市北投區振華里19鄰裕民一路6號"},"geometry":{"type":"Point","coordinates":[121.516357,25.116592]}},{"type":"Feature","properties":{"id":"osm:node:14027964133","name":"拿坡里披薩","category":"fast_food","nameEn":"Napoli Pizza","cuisine":"pizza;fried_chicken","brand":"拿坡里披薩"},"geometry":{"type":"Point","coordinates":[121.559435,25.085139]}},{"type":"Feature","properties":{"id":"osm:node:14049230499","name":"麥當勞","category":"fast_food","nameEn":"McDonald's","cuisine":"burger","brand":"麥當勞"},"geometry":{"type":"Point","coordinates":[121.559078,25.041772]}},{"type":"Feature","properties":{"id":"osm:node:14068109262","name":"胖老爹美式炸雞","category":"fast_food","nameEn":"Fat Daddy American Fried Chicken","cuisine":"chicken","brand":"胖老爹美式炸雞"},"geometry":{"type":"Point","coordinates":[121.613015,25.054686]}},{"type":"Feature","properties":{"id":"osm:node:14078350666","name":"果果鮮果汁","category":"fast_food","cuisine":"juice"},"geometry":{"type":"Point","coordinates":[121.524783,25.043656]}},{"type":"Feature","properties":{"id":"osm:node:14078695892","name":"Mister Donut","category":"fast_food","nameEn":"Mister Donut","cuisine":"donut","brand":"Mister Donut"},"geometry":{"type":"Point","coordinates":[121.517702,25.04626]}},{"type":"Feature","properties":{"id":"osm:node:14094838501","name":"臭豆腐雞排（臭薯條）","category":"fast_food","opening_hours":"Mo-Sa 15:29-22:30","address":"236新北市土城區明德路一段137號","phone":"+886 0970 613 936"},"geometry":{"type":"Point","coordinates":[121.465242,24.98029]}},{"type":"Feature","properties":{"id":"osm:node:14108677118","name":"21風味館","category":"fast_food","nameEn":"21Plus","cuisine":"chicken","brand":"21風味館"},"geometry":{"type":"Point","coordinates":[121.590087,25.063612]}},{"type":"Feature","properties":{"id":"osm:node:1412407358","name":"麥當勞","category":"fast_food","nameEn":"McDonald's","cuisine":"burger","brand":"麥當勞"},"geometry":{"type":"Point","coordinates":[121.470377,25.027683]}},{"type":"Feature","properties":{"id":"osm:node:1413143455","name":"肯德基","category":"fast_food","nameEn":"KFC","cuisine":"chicken","brand":"肯德基","opening_hours":"Mo-Fr 10:00-23:00; Sa-Su 09:00-23:00","address":"220089新北市板橋區中山路二段249號","website":"https://www.kfcclub.com.tw/"},"geometry":{"type":"Point","coordinates":[121.47732,25.01765]}},{"type":"Feature","properties":{"id":"osm:node:1413143457","name":"麥當勞","category":"fast_food","nameEn":"McDonald's","cuisine":"burger","brand":"麥當勞","opening_hours":"24/7","address":"220089新北市板橋區中山路2段257號1、2樓及259號1樓","phone":"+886 2 2964 2221","website":"https://www.mcdonalds.com/tw/zh-tw.html"},"geometry":{"type":"Point","coordinates":[121.477469,25.017728]}},{"type":"Feature","properties":{"id":"osm:node:1701856641","name":"麥當勞","category":"fast_food","nameEn":"McDonald's","cuisine":"burger","brand":"麥當勞","opening_hours":"24/7","address":"231新北市新店區北新路二段102號","phone":"+886 2 29170186","website":"http://www.mcdonalds.com.tw"},"geometry":{"type":"Point","coordinates":[121.543201,24.973805]}},{"type":"Feature","properties":{"id":"osm:node:1703071856","name":"麥當勞","category":"fast_food","nameEn":"McDonald's","cuisine":"burger","brand":"麥當勞","opening_hours":"04:00-27:00","address":"231新北市新店區北新路三段51號","phone":"+886 2 29102062","website":"https://www.mcdonalds.com/tw","wheelchair":"limited"},"geometry":{"type":"Point","coordinates":[121.54169,24.98061]}},{"type":"Feature","properties":{"id":"osm:node:1709446553","name":"肯德基","category":"fast_food","nameEn":"KFC","cuisine":"chicken","brand":"肯德基","opening_hours":"07:00-24:00","address":"231新北市新店區北新路二段61號","phone":"+886 2 29189953","website":"https://www.kfcclub.com.tw/"},"geometry":{"type":"Point","coordinates":[121.542719,24.973314]}},{"type":"Feature","properties":{"id":"osm:node:1715789095","name":"麥當勞","category":"fast_food","nameEn":"McDonald's","cuisine":"burger","brand":"麥當勞"},"geometry":{"type":"Point","coordinates":[121.512117,25.082558]}},{"type":"Feature","properties":{"id":"osm:node:1720009080","name":"摩斯漢堡","category":"fast_food","nameEn":"MOS Burger","cuisine":"burger","brand":"摩斯漢堡","address":"104台北市中山區北安路586號"},"geometry":{"type":"Point","coordinates":[121.548683,25.081085]}},{"type":"Feature","properties":{"id":"osm:node:1720009098","name":"麥當勞","category":"fast_food","nameEn":"McDonald's","cuisine":"burger","brand":"麥當勞"},"geometry":{"type":"Point","coordinates":[121.549138,25.082689]}},{"type":"Feature","properties":{"id":"osm:node:1720014709","name":"摩斯漢堡","category":"fast_food","nameEn":"MOS Burger","cuisine":"burger","brand":"摩斯漢堡"},"geometry":{"type":"Point","coordinates":[121.555571,25.083712]}},{"type":"Feature","properties":{"id":"osm:node:1720282436","name":"摩斯漢堡","category":"fast_food","nameEn":"MOS Burger","cuisine":"burger","brand":"摩斯漢堡","wheelchair":"yes"},"geometry":{"type":"Point","coordinates":[121.613598,25.056928]}},{"type":"Feature","properties":{"id":"osm:node:1720282439","name":"摩斯漢堡","category":"fast_food","nameEn":"MOS Burger","cuisine":"burger","brand":"摩斯漢堡","wheelchair":"yes"},"geometry":{"type":"Point","coordinates":[121.611954,25.056945]}},{"type":"Feature","properties":{"id":"osm:node:1735966201","name":"拿坡里披薩","category":"fast_food","nameEn":"Napoli Pizza","cuisine":"pizza;fried_chicken","brand":"拿坡里披薩","opening_hours":"Mo-Su 11:00-21:30","address":"10078臺北市中正區南昌路一段151號","phone":"+886-2-2351-6618","website":"https://www.0800076666.com.tw/","wheelchair":"limited"},"geometry":{"type":"Point","coordinates":[121.518703,25.029385]}},{"type":"Feature","properties":{"id":"osm:node:1735966207","name":"麥當勞","category":"fast_food","nameEn":"McDonald's","cuisine":"burger","brand":"麥當勞","opening_hours":"Mo-Su 06:00-23:00","address":"10078臺北市中正區南昌路一段149號1樓","phone":"+886-2-2351-8531","website":"http://www.mcdonalds.com.tw/","wheelchair":"yes"},"geometry":{"type":"Point","coordinates":[121.518669,25.029433]}},{"type":"Feature","properties":{"id":"osm:node:1832682099","name":"麥當勞","category":"fast_food","nameEn":"McDonald's","cuisine":"burger","brand":"麥當勞","wheelchair":"yes"},"geometry":{"type":"Point","coordinates":[121.566119,25.082446]}},{"type":"Feature","properties":{"id":"osm:node:1832682808","name":"肯德基","category":"fast_food","nameEn":"KFC","cuisine":"chicken","brand":"肯德基"},"geometry":{"type":"Point","coordinates":[121.564891,25.082358]}},{"type":"Feature","properties":{"id":"osm:node:1837941986","name":"吉野家","category":"fast_food","nameEn":"Yoshinoya","cuisine":"beef_bowl","brand":"吉野家"},"geometry":{"type":"Point","coordinates":[121.565945,25.082492]}},{"type":"Feature","properties":{"id":"osm:node:1843811014","name":"麥當勞","category":"fast_food","nameEn":"McDonald's","cuisine":"burger","brand":"麥當勞","address":"112台北市北投區石牌路二段126號","phone":"+886-2-28201362","wheelchair":"no"},"geometry":{"type":"Point","coordinates":[121.517314,25.117845]}},{"type":"Feature","properties":{"id":"osm:node:1846462708","name":"摩斯漢堡","category":"fast_food","nameEn":"MOS Burger","cuisine":"burger","brand":"摩斯漢堡","address":"台北市內湖區瑞湖街80號"},"geometry":{"type":"Point","coordinates":[121.575846,25.072566]}},{"type":"Feature","properties":{"id":"osm:node:1937529144","name":"すき家","category":"fast_food","nameEn":"Sukiya","cuisine":"beef_bowl","brand":"すき家","address":"111台北市士林區中正路287號","wheelchair":"yes"},"geometry":{"type":"Point","coordinates":[121.524075,25.094724]}},{"type":"Feature","properties":{"id":"osm:node:1942182762","name":"摩斯漢堡","category":"fast_food","nameEn":"MOS Burger","cuisine":"burger","brand":"摩斯漢堡","opening_hours":"Mo-Su 07:00-22:00","address":"10048臺北市中正區中山南路21-1號","phone":"+886-2-2351-4560","website":"https://www.mos.com.tw/","wheelchair":"yes"},"geometry":{"type":"Point","coordinates":[121.519743,25.037187]}},{"type":"Feature","properties":{"id":"osm:node:1973476978","name":"摩斯漢堡","category":"fast_food","nameEn":"MOS Burger","cuisine":"burger","brand":"摩斯漢堡","opening_hours":"24/7","address":"10053臺北市中正區忠孝東路二段132號","website":"https://www.mos.com.tw/","wheelchair":"yes"},"geometry":{"type":"Point","coordinates":[121.531873,25.042354]}},{"type":"Feature","properties":{"id":"osm:node:1973476979","name":"pizzahot","category":"fast_food","address":"100臺北市中正區新生南路一段52之1號"},"geometry":{"type":"Point","coordinates":[121.532582,25.04144]}},{"type":"Feature","properties":{"id":"osm:node:1982302724","name":"摩斯漢堡","category":"fast_food","nameEn":"MOS Burger","cuisine":"burger","brand":"摩斯漢堡","address":"100臺北市大安區羅斯福路三段233號","website":"https://www.mos.com.tw/","wheelchair":"yes"},"geometry":{"type":"Point","coordinates":[121.529763,25.019472]}},{"type":"Feature","properties":{"id":"osm:node:1986319599","name":"Subway","category":"fast_food","cuisine":"sandwich","brand":"Subway","opening_hours":"Mo-Su 08:00-22:00","address":"11163臺北市士林區劍潭路55巷22號","wheelchair":"no"},"geometry":{"type":"Point","coordinates":[121.52143,25.084575]}},{"type":"Feature","properties":{"id":"osm:node:2036019437","name":"麥當勞","category":"fast_food","nameEn":"McDonald's","cuisine":"burger","brand":"麥當勞","opening_hours":"24/7","address":"104008台北市中山區南京東路一段86號","phone":"+886 2 25374880","website":"https://www.mcdonalds.com/tw/zh-tw.html"},"geometry":{"type":"Point","coordinates":[121.525494,25.051922]}},{"type":"Feature","properties":{"id":"osm:node:2062547639","name":"摩斯漢堡","category":"fast_food","nameEn":"MOS Burger","cuisine":"burger","brand":"摩斯漢堡"},"geometry":{"type":"Point","coordinates":[121.546414,25.137871]}},{"type":"Feature","properties":{"id":"osm:node:2083458283","name":"摩斯漢堡","category":"fast_food","nameEn":"MOS Burger","cuisine":"burger","brand":"摩斯漢堡"},"geometry":{"type":"Point","coordinates":[121.61298,25.040732]}},{"type":"Feature","properties":{"id":"osm:node:2084597622","name":"鮮堡漢堡","category":"fast_food","cuisine":"burger"},"geometry":{"type":"Point","coordinates":[121.525785,25.028895]}},{"type":"Feature","properties":{"id":"osm:node:2094936617","name":"吉野家","category":"fast_food","nameEn":"Yoshinoya","cuisine":"beef_bowl","brand":"吉野家"},"geometry":{"type":"Point","coordinates":[121.527378,25.033572]}},{"type":"Feature","properties":{"id":"osm:node:2124843047","name":"肯德基","category":"fast_food","nameEn":"KFC","cuisine":"chicken","brand":"肯德基","opening_hours":"Mo-Su 07:00-24:00","address":"104臺北市中山區民生西路9號一樓","phone":"+886 2 25621959","website":"https://www.kfcclub.com.tw/","wheelchair":"no"},"geometry":{"type":"Point","coordinates":[121.52167,25.057921]}},{"type":"Feature","properties":{"id":"osm:node:2124843052","name":"麥當勞","category":"fast_food","nameEn":"McDonald's","cuisine":"burger","brand":"麥當勞","opening_hours":"Mo-Su 06:00-24:00","address":"10354臺北市大同區民生西路55號一樓","phone":"+886-2-2557-4627;+886-2-2557-4803","website":"http://www.mcdonalds.com.tw/","wheelchair":"yes"},"geometry":{"type":"Point","coordinates":[121.520348,25.05774]}},{"type":"Feature","properties":{"id":"osm:node:2124843059","name":"摩斯漢堡","category":"fast_food","nameEn":"MOS Burger","cuisine":"burger","brand":"摩斯漢堡","address":"10354臺北市大同區民生西路77號","phone":"+886-2-2557-4822","website":"https://www.mos.com.tw/","wheelchair":"yes"},"geometry":{"type":"Point","coordinates":[121.519707,25.057679]}},{"type":"Feature","properties":{"id":"osm:node:2124843068","name":"麥當勞","category":"fast_food","nameEn":"McDonald's","cuisine":"burger","brand":"麥當勞","opening_hours":"24/7","wheelchair":"no"},"geometry":{"type":"Point","coordinates":[121.525765,25.060126]}},{"type":"Feature","properties":{"id":"osm:node:2128922891","name":"麥當勞","category":"fast_food","nameEn":"McDonald's","cuisine":"burger","brand":"麥當勞","opening_hours":"Mo-Fr 09:00-17:00; Sa,Su 08:30-17:00","address":"116016臺北市文山區新光路二段30號前區","phone":"+886 2 8661 7111","website":"https://www.mcdonalds.com.tw"},"geometry":{"type":"Point","coordinates":[121.581814,24.998665]}},{"type":"Feature","properties":{"id":"osm:node:2134041106","name":"摩斯漢堡","category":"fast_food","nameEn":"MOS Burger","cuisine":"burger","brand":"摩斯漢堡","opening_hours":"06:00-23:00","address":"104台北市中山區中山北路二段9號","phone":"+886 2 25814070","website":"https://www.mos.com.tw/","wheelchair":"yes"},"geometry":{"type":"Point","coordinates":[121.522826,25.052731]}},{"type":"Feature","properties":{"id":"osm:node:2134041107","name":"吉野家","category":"fast_food","nameEn":"Yoshinoya","cuisine":"beef_bowl","brand":"吉野家"},"geometry":{"type":"Point","coordinates":[121.52387,25.055059]}},{"type":"Feature","properties":{"id":"osm:node:2135624530","name":"摩斯漢堡","category":"fast_food","nameEn":"MOS Burger","cuisine":"burger","brand":"摩斯漢堡","opening_hours":"24/7"},"geometry":{"type":"Point","coordinates":[121.525078,25.051562]}},{"type":"Feature","properties":{"id":"osm:node:2142306963","name":"摩斯漢堡","category":"fast_food","nameEn":"MOS Burger","cuisine":"burger","brand":"摩斯漢堡"},"geometry":{"type":"Point","coordinates":[121.560778,24.981791]}},{"type":"Feature","properties":{"id":"osm:node:2157333875","name":"摩斯漢堡","category":"fast_food","nameEn":"MOS Burger","cuisine":"burger","brand":"摩斯漢堡","address":"104台北市中山區松江路274號"},"geometry":{"type":"Point","coordinates":[121.532969,25.059687]}},{"type":"Feature","properties":{"id":"osm:node:2170336299","name":"摩斯漢堡","category":"fast_food","nameEn":"MOS Burger","cuisine":"burger","brand":"摩斯漢堡"},"geometry":{"type":"Point","coordinates":[121.574803,25.080392]}},{"type":"Feature","properties":{"id":"osm:node:2172964060","name":"Subway","category":"fast_food","cuisine":"sandwich","brand":"Subway"},"geometry":{"type":"Point","coordinates":[121.552031,25.063707]}},{"type":"Feature","properties":{"id":"osm:node:2175739241","name":"麥當勞","category":"fast_food","nameEn":"McDonald's","cuisine":"burger","brand":"麥當勞","address":"新北市新店區安德街1號"},"geometry":{"type":"Point","coordinates":[121.51258,24.962351]}},{"type":"Feature","properties":{"id":"osm:node:2177104711","name":"八方雲集","category":"fast_food","nameEn":"Bafang Dumpling","cuisine":"dumplings","brand":"八方雲集","address":"114台北市內湖區成功路四段30巷36號","phone":"+886 2 8792 7973","website":"https://www.8way.com.tw/"},"geometry":{"type":"Point","coordinates":[121.592156,25.082802]}},{"type":"Feature","properties":{"id":"osm:node:2178340364","name":"麥當勞","category":"fast_food","nameEn":"McDonald's","cuisine":"burger","brand":"麥當勞","opening_hours":"Mo-Su 06:00-24:00","address":"10091臺北市中正區羅斯福路四段76-1號","phone":"+886-2-2366-1123","website":"http://www.mcdonalds.com.tw/","wheelchair":"no"},"geometry":{"type":"Point","coordinates":[121.534547,25.014221]}},{"type":"Feature","properties":{"id":"osm:node:2183273158","name":"麥當勞","category":"fast_food","nameEn":"McDonald's","cuisine":"burger","brand":"麥當勞"},"geometry":{"type":"Point","coordinates":[121.530509,25.062745]}},{"type":"Feature","properties":{"id":"osm:node:2192021067","name":"摩斯漢堡","category":"fast_food","nameEn":"MOS Burger","cuisine":"burger","brand":"摩斯漢堡"},"geometry":{"type":"Point","coordinates":[121.606038,25.074039]}},{"type":"Feature","properties":{"id":"osm:node:2209949976","name":"摩斯漢堡","category":"fast_food","nameEn":"MOS Burger","cuisine":"burger","brand":"摩斯漢堡"},"geometry":{"type":"Point","coordinates":[121.541355,24.96802]}},{"type":"Feature","properties":{"id":"osm:node:2215948932","name":"麥當勞","category":"fast_food","nameEn":"McDonald's","cuisine":"burger","brand":"麥當勞","wheelchair":"no"},"geometry":{"type":"Point","coordinates":[121.510693,25.002294]}},{"type":"Feature","properties":{"id":"osm:node:2216495492","name":"波波食堂雞蛋仔專賣店","category":"fast_food","nameEn":"Bubble House","cuisine":"雞蛋仔","opening_hours":"13:00-21:30","address":"新北市中和區中安街38號","phone":"+886 2-2923-9898"},"geometry":{"type":"Point","coordinates":[121.513067,25.002937]}},{"type":"Feature","properties":{"id":"osm:node:2292449755","name":"拉亞漢堡","category":"fast_food","nameEn":"Laya Burger","cuisine":"burger;breakfast","brand":"拉亞漢堡"},"geometry":{"type":"Point","coordinates":[121.63047,25.063533]}},{"type":"Feature","properties":{"id":"osm:node:2292708733","name":"摩斯漢堡","category":"fast_food","nameEn":"MOS Burger","cuisine":"burger","brand":"摩斯漢堡","opening_hours":"06:00-22:00","address":"231新北市新店區北新路二段258號","phone":"+886 2 86659030","website":"https://www.mos.com.tw/","wheelchair":"limited"},"geometry":{"type":"Point","coordinates":[121.542874,24.978204]}},{"type":"Feature","properties":{"id":"osm:node:2293203434","name":"女王漢堡","category":"fast_food","cuisine":"burger","opening_hours":"11:30-20:30","address":"104臺北市中山區雙城街38-1號","phone":"+886 2 25991017"},"geometry":{"type":"Point","coordinates":[121.524265,25.067029]}},{"type":"Feature","properties":{"id":"osm:node:2293203447","name":"Subway","category":"fast_food","cuisine":"sandwich","brand":"Subway","address":"104台北市中山區中山北路三段49號","wheelchair":"no"},"geometry":{"type":"Point","coordinates":[121.522664,25.066924]}},{"type":"Feature","properties":{"id":"osm:node:2307156602","name":"早安美芝城","category":"fast_food","nameEn":"Good Morning MACC","cuisine":"breakfast","brand":"早安美芝城"},"geometry":{"type":"Point","coordinates":[121.591621,25.08173]}},{"type":"Feature","properties":{"id":"osm:node:2307723060","name":"麥當勞","category":"fast_food","nameEn":"McDonald's","cuisine":"burger","brand":"麥當勞","opening_hours":"06:00-24:00","address":"116008臺北市文山區木柵路三段57號","phone":"+886 2 2939 4168","website":"https://www.mcdonalds.com.tw"},"geometry":{"type":"Point","coordinates":[121.566597,24.988627]}},{"type":"Feature","properties":{"id":"osm:node:2310547861","name":"摩斯漢堡","category":"fast_food","nameEn":"MOS Burger","cuisine":"burger","brand":"摩斯漢堡","wheelchair":"limited"},"geometry":{"type":"Point","coordinates":[121.508811,25.045489]}},{"type":"Feature","properties":{"id":"osm:node:2310552086","name":"頂呱呱","category":"fast_food","nameEn":"TKK Fried Chicken","cuisine":"chicken","brand":"頂呱呱","website":"https://www.tkkinc.com.tw/index.html","wheelchair":"no"},"geometry":{"type":"Point","coordinates":[121.505283,25.044907]}},{"type":"Feature","properties":{"id":"osm:node:2310552095","name":"麥當勞","category":"fast_food","nameEn":"McDonald's","cuisine":"burger","brand":"麥當勞","wheelchair":"limited"},"geometry":{"type":"Point","coordinates":[121.505267,25.044842]}},{"type":"Feature","properties":{"id":"osm:node:2310685015","name":"麥當勞","category":"fast_food","nameEn":"McDonald's","cuisine":"burger","brand":"麥當勞","opening_hours":"24/7","address":"10047臺北市中正區館前路8號","phone":"+886 2 2311 1460;+886 2 2311 1461","website":"http://www.mcdonalds.com.tw/","wheelchair":"limited"},"geometry":{"type":"Point","coordinates":[121.514854,25.045862]}},{"type":"Feature","properties":{"id":"osm:node:2315944920","name":"摩斯漢堡","category":"fast_food","nameEn":"MOS Burger","cuisine":"burger","brand":"摩斯漢堡","wheelchair":"yes"},"geometry":{"type":"Point","coordinates":[121.544321,24.99239]}},{"type":"Feature","properties":{"id":"osm:node:2316045627","name":"摩斯漢堡","category":"fast_food","nameEn":"MOS Burger","cuisine":"burger","brand":"摩斯漢堡","address":"116台北市文山區指南路二段71號"},"geometry":{"type":"Point","coordinates":[121.574898,24.987875]}},{"type":"Feature","properties":{"id":"osm:node:2316045628","name":"麥當勞","category":"fast_food","nameEn":"McDonald's","cuisine":"burger","brand":"麥當勞","address":"116台北市文山區指南路二段67號"},"geometry":{"type":"Point","coordinates":[121.574795,24.987898]}},{"type":"Feature","properties":{"id":"osm:node:2316045629","name":"八方雲集","category":"fast_food","nameEn":"Bafang Dumpling","cuisine":"dumplings","brand":"八方雲集","address":"116台北市文山區指南路二段47號1樓","phone":"+886 2 2936 6978","website":"https://www.8way.com.tw/"},"geometry":{"type":"Point","coordinates":[121.57432,24.987966]}},{"type":"Feature","properties":{"id":"osm:node:2317183285","name":"麥當勞","category":"fast_food","nameEn":"McDonald's","cuisine":"burger","brand":"麥當勞"},"geometry":{"type":"Point","coordinates":[121.480251,25.005758]}},{"type":"Feature","properties":{"id":"osm:node:2318383283","name":"吉野家","category":"fast_food","nameEn":"Yoshinoya","cuisine":"beef_bowl","brand":"吉野家","wheelchair":"yes"},"geometry":{"type":"Point","coordinates":[121.523188,25.026403]}},{"type":"Feature","properties":{"id":"osm:node:2320119243","name":"吉野家","category":"fast_food","nameEn":"Yoshinoya","cuisine":"beef_bowl","brand":"吉野家","opening_hours":"24/7","address":"11246臺北市北投區光明路223-1號","phone":"+886-2-2895-9268","website":"https://www.yoshinoya.com.tw/"},"geometry":{"type":"Point","coordinates":[121.50418,25.136528]}},{"type":"Feature","properties":{"id":"osm:node:2320119259","name":"麥當勞","category":"fast_food","nameEn":"McDonald's","cuisine":"burger","brand":"麥當勞","opening_hours":"24/7","address":"11246臺北市北投區光明路218-3號","phone":"+886-2-2891-3389","website":"http://www.mcdonalds.com.tw/","wheelchair":"yes"},"geometry":{"type":"Point","coordinates":[121.504273,25.136218]}},{"type":"Feature","properties":{"id":"osm:node:2328249357","name":"吉野家","category":"fast_food","nameEn":"Yoshinoya","cuisine":"beef_bowl","brand":"吉野家","opening_hours":"24/7","address":"10075臺北市中正區南昌路一段40號","phone":"+886 2 2391 1703","website":"https://yoshinoya.com.tw/","wheelchair":"limited"},"geometry":{"type":"Point","coordinates":[121.516694,25.031764]}},{"type":"Feature","properties":{"id":"osm:node:2328249358","name":"摩斯漢堡","category":"fast_food","nameEn":"MOS Burger","cuisine":"burger","brand":"摩斯漢堡","opening_hours":"24/7","address":"10075臺北市中正區南昌路一段44號","phone":"+886 2 2394 4845","website":"https://www.mos.com.tw/","wheelchair":"yes"},"geometry":{"type":"Point","coordinates":[121.516753,25.031716]}},{"type":"Feature","properties":{"id":"osm:node:2339284684","name":"麥當勞","category":"fast_food","nameEn":"McDonald's","cuisine":"burger","brand":"麥當勞","website":"http://www.mcdonalds.com.tw","wheelchair":"yes"},"geometry":{"type":"Point","coordinates":[121.548286,25.057985]}},{"type":"Feature","properties":{"id":"osm:node:2355618185","name":"頂呱呱","category":"fast_food","nameEn":"TKK Fried Chicken","cuisine":"chicken","brand":"頂呱呱"},"geometry":{"type":"Point","coordinates":[121.540832,24.966446]}},{"type":"Feature","properties":{"id":"osm:node:2355618188","name":"八方雲集","category":"fast_food","nameEn":"Bafang Dumpling","cuisine":"dumplings","brand":"八方雲集","address":"231新北市新店區北新路一段255號","phone":"+886 2 8911 3732","website":"https://www.8way.com.tw/"},"geometry":{"type":"Point","coordinates":[121.540772,24.966255]}},{"type":"Feature","properties":{"id":"osm:node:2357128248","name":"麥當勞","category":"fast_food","nameEn":"McDonald's","cuisine":"burger","brand":"麥當勞","opening_hours":"24/7","address":"台北市文山區興隆路三段54號","phone":"+886 2 2933 6260","website":"https://www.mcdonalds.com.tw"},"geometry":{"type":"Point","coordinates":[121.555834,25.000136]}},{"type":"Feature","properties":{"id":"osm:node:2357128251","name":"摩斯漢堡","category":"fast_food","nameEn":"MOS Burger","cuisine":"burger","brand":"摩斯漢堡","address":"台北市文山區興隆路三段44號"},"geometry":{"type":"Point","coordinates":[121.555599,25.000306]}},{"type":"Feature","properties":{"id":"osm:node:2368720687","name":"麥當勞","category":"fast_food","nameEn":"McDonald's","cuisine":"burger","brand":"麥當勞"},"geometry":{"type":"Point","coordinates":[121.543328,25.051634]}},{"type":"Feature","properties":{"id":"osm:node:2375893211","name":"麥當勞","category":"fast_food","nameEn":"McDonald's","cuisine":"burger","brand":"麥當勞"},"geometry":{"type":"Point","coordinates":[121.557433,25.039423]}},{"type":"Feature","properties":{"id":"osm:node:2378064181","name":"八方雲集","category":"fast_food","nameEn":"Bafang Dumpling","cuisine":"dumplings","brand":"八方雲集","address":"231新北市新店區三民路189號","phone":"+886 2 2913 0198","website":"https://www.8way.com.tw/"},"geometry":{"type":"Point","coordinates":[121.535337,24.975593]}},{"type":"Feature","properties":{"id":"osm:node:2378064604","name":"麥當勞","category":"fast_food","nameEn":"McDonald's","cuisine":"burger","brand":"麥當勞"},"geometry":{"type":"Point","coordinates":[121.535859,24.975273]}},{"type":"Feature","properties":{"id":"osm:node:2386458515","name":"摩斯漢堡","category":"fast_food","nameEn":"MOS Burger","cuisine":"burger","brand":"摩斯漢堡","opening_hours":"Mo-Su 07:00-21:00","address":"100臺北市中正區忠孝東路一段176號","wheelchair":"limited"},"geometry":{"type":"Point","coordinates":[121.526456,25.043791]}},{"type":"Feature","properties":{"id":"osm:node:2386680389","name":"麥當勞","category":"fast_food","nameEn":"McDonald's","cuisine":"burger","brand":"麥當勞","address":"112臺北市北投區一德里14鄰中央北路四段534"},"geometry":{"type":"Point","coordinates":[121.467914,25.128241]}},{"type":"Feature","properties":{"id":"osm:node:2393782858","name":"摩斯漢堡","category":"fast_food","nameEn":"MOS Burger","cuisine":"burger","brand":"摩斯漢堡","address":"106臺北市大安區金山南路二段121號","wheelchair":"no"},"geometry":{"type":"Point","coordinates":[121.526814,25.030239]}},{"type":"Feature","properties":{"id":"osm:node:2399354876","name":"吉野家","category":"fast_food","nameEn":"Yoshinoya","cuisine":"beef_bowl","brand":"吉野家","opening_hours":"PH,Mo-Su 05:00-04:00","address":"116台北市文山區景文街99號","wheelchair":"limited"},"geometry":{"type":"Point","coordinates":[121.541298,24.990891]}},{"type":"Feature","properties":{"id":"osm:node:2410161242","name":"呷尚寶","category":"fast_food","nameEn":"JSP","cuisine":"burger","brand":"呷尚寶"},"geometry":{"type":"Point","coordinates":[121.556612,25.026867]}},{"type":"Feature","properties":{"id":"osm:node:2419231769","name":"Subway","category":"fast_food","cuisine":"sandwich","brand":"Subway","opening_hours":"Mo-Su 08:00-22:30","address":"10045臺北市中正區衡陽路23號一樓","phone":"+886 2 2311-7907","website":"http://www.twsubway.com/","wheelchair":"yes"},"geometry":{"type":"Point","coordinates":[121.5129,25.042409]}},{"type":"Feature","properties":{"id":"osm:node:2419824449","name":"麥當勞","category":"fast_food","nameEn":"McDonald's","cuisine":"burger","brand":"麥當勞"},"geometry":{"type":"Point","coordinates":[121.452586,25.045113]}},{"type":"Feature","properties":{"id":"osm:node:2421453621","name":"麥當勞","category":"fast_food","nameEn":"McDonald's","cuisine":"burger","brand":"麥當勞","opening_hours":"24/7","address":"10643臺北市大安區羅斯福路二段45號","phone":"+886 2 2393 0023","website":"http://www.mcdonalds.com.tw/","wheelchair":"limited"},"geometry":{"type":"Point","coordinates":[121.522394,25.027445]}},{"type":"Feature","properties":{"id":"osm:node:2430685125","name":"吉野家","category":"fast_food","nameEn":"Yoshinoya","cuisine":"beef_bowl","brand":"吉野家","address":"234新北市永和區中正路152號"},"geometry":{"type":"Point","coordinates":[121.514873,24.996229]}},{"type":"Feature","properties":{"id":"osm:node:2460009792","name":"摩斯漢堡","category":"fast_food","nameEn":"MOS Burger","cuisine":"burger","brand":"摩斯漢堡","address":"106臺北市大安區新生南路一段161-1號"},"geometry":{"type":"Point","coordinates":[121.533031,25.034504]}},{"type":"Feature","properties":{"id":"osm:node:2462876032","name":"麥當勞","category":"fast_food","nameEn":"McDonald's","cuisine":"burger","brand":"麥當勞","opening_hours":"24/7","address":"11684臺北市文山區景中街30巷12號","phone":"+886 2 2933 3341","website":"https://www.mcdonalds.com.tw","wheelchair":"yes"},"geometry":{"type":"Point","coordinates":[121.542572,24.992063]}},{"type":"Feature","properties":{"id":"osm:node:2473808471","name":"摩斯漢堡","category":"fast_food","nameEn":"MOS Burger","cuisine":"burger","brand":"摩斯漢堡","address":"100台北市中正區羅斯福路三段306號","website":"https://www.thaihand.tw/","wheelchair":"limited"},"geometry":{"type":"Point","coordinates":[121.532463,25.016252]}},{"type":"Feature","properties":{"id":"osm:node:2494671047","name":"摩斯漢堡","category":"fast_food","nameEn":"MOS Burger","cuisine":"burger","brand":"摩斯漢堡","address":"105台北市松山區敦化北路155巷1號","phone":"+886 2 2514 9424","website":"https://www.mos.com.tw/","wheelchair":"yes"},"geometry":{"type":"Point","coordinates":[121.549752,25.05421]}},{"type":"Feature","properties":{"id":"osm:node:2514660901","name":"瑞麟美而美","category":"fast_food","nameEn":"Rueilin Mei & Mei","cuisine":"breakfast","brand":"瑞麟美而美","address":"112台北市北投區公舘路281號"},"geometry":{"type":"Point","coordinates":[121.507259,25.12488]}},{"type":"Feature","properties":{"id":"osm:node:2518367464","name":"京都菓子燒","category":"fast_food","cuisine":"coffee_shop"},"geometry":{"type":"Point","coordinates":[121.516058,25.04542]}},{"type":"Feature","properties":{"id":"osm:node:2518367469","name":"Popeyes","category":"fast_food","cuisine":"chicken","brand":"Popeyes","opening_hours":"10:00-22:00","address":"100008臺北市中正區許昌街30號","phone":"+886 2 2311 0328","website":"https://popeyes.com.tw"},"geometry":{"type":"Point","coordinates":[121.515892,25.045423]}},{"type":"Feature","properties":{"id":"osm:node:2520682680","name":"吉亞炸肉飯","category":"fast_food","address":"台北市公館路"},"geometry":{"type":"Point","coordinates":[121.508196,25.126091]}},{"type":"Feature","properties":{"id":"osm:node:2523931424","name":"麥當勞","category":"fast_food","nameEn":"McDonald's","cuisine":"burger","brand":"麥當勞"},"geometry":{"type":"Point","coordinates":[121.578412,25.078995]}},{"type":"Feature","properties":{"id":"osm:node:2526130505","name":"麥當勞","category":"fast_food","nameEn":"McDonald's","cuisine":"burger","brand":"麥當勞","opening_hours":"06:00-23:00","address":"116005臺北市文山區木柵路一段137號","phone":"+886 2 2236 2598","website":"https://www.mcdonalds.com.tw"},"geometry":{"type":"Point","coordinates":[121.550237,24.987609]}},{"type":"Feature","properties":{"id":"osm:node:2529516151","name":"良粟商號","category":"fast_food","address":"116台北市文山區木柵路一段52號","phone":"+886 2 22360658"},"geometry":{"type":"Point","coordinates":[121.546757,24.986748]}},{"type":"Feature","properties":{"id":"osm:node:2533703678","name":"八方雲集","category":"fast_food","nameEn":"Bafang Dumpling","cuisine":"dumplings","brand":"八方雲集","address":"104台北市中山區遼寧街49號","phone":"+886 2 2771 8426","website":"https://www.8way.com.tw/","wheelchair":"yes"},"geometry":{"type":"Point","coordinates":[121.54224,25.048867]}},{"type":"Feature","properties":{"id":"osm:node:2536486304","name":"肯德基","category":"fast_food","nameEn":"KFC","cuisine":"chicken","brand":"肯德基","opening_hours":"Mo-Su 08:00-24:00","address":"220013新北市板橋區文化路一段421巷2號1樓","website":"https://www.kfcclub.com.tw/","wheelchair":"no"},"geometry":{"type":"Point","coordinates":[121.467426,25.022831]}},{"type":"Feature","properties":{"id":"osm:node:2536486307","name":"麥當勞","category":"fast_food","nameEn":"McDonald's","cuisine":"burger","brand":"麥當勞"},"geometry":{"type":"Point","coordinates":[121.467372,25.022407]}},{"type":"Feature","properties":{"id":"osm:node:2572568025","name":"繼光香香雞","category":"fast_food","nameEn":"J&G Fried Chicken","cuisine":"fried_food","brand":"繼光香香雞","wheelchair":"limited"},"geometry":{"type":"Point","coordinates":[121.507602,25.042904]}},{"type":"Feature","properties":{"id":"osm:node:2572568063","name":"洪瑞珍","category":"fast_food","nameEn":"Hung Rui Chen","cuisine":"sandwich"},"geometry":{"type":"Point","coordinates":[121.557618,25.048335]}},{"type":"Feature","properties":{"id":"osm:node:2572568066","name":"麥當勞","category":"fast_food","nameEn":"McDonald's","cuisine":"burger","brand":"麥當勞","opening_hours":"open","address":"105台北市松山區八德路三段168-1號","phone":"+886 2 2578 0311;+886 2 2578 0225","wheelchair":"yes"},"geometry":{"type":"Point","coordinates":[121.555542,25.047894]}},{"type":"Feature","properties":{"id":"osm:node:2598563725","name":"呷尚寶","category":"fast_food","nameEn":"JSP","cuisine":"burger","brand":"呷尚寶","address":"116臺北市文山區興隆路三段148號"},"geometry":{"type":"Point","coordinates":[121.558227,24.998565]}},{"type":"Feature","properties":{"id":"osm:node:2607298692","name":"摩斯漢堡","category":"fast_food","nameEn":"MOS Burger","cuisine":"burger","brand":"摩斯漢堡","address":"115臺北市南港區忠孝東路六段444號"},"geometry":{"type":"Point","coordinates":[121.593913,25.05021]}},{"type":"Feature","properties":{"id":"osm:node:2607298693","name":"吉野家","category":"fast_food","nameEn":"Yoshinoya","cuisine":"beef_bowl","brand":"吉野家","address":"115臺北市南港區忠孝東路六段444號"},"geometry":{"type":"Point","coordinates":[121.593844,25.050195]}},{"type":"Feature","properties":{"id":"osm:node:2607298694","name":"麥當勞","category":"fast_food","nameEn":"McDonald's","cuisine":"burger","brand":"麥當勞","address":"115臺北市南港區忠孝東路六段438號"},"geometry":{"type":"Point","coordinates":[121.593727,25.050167]}},{"type":"Feature","properties":{"id":"osm:node:2611788700","name":"摩斯漢堡","category":"fast_food","nameEn":"MOS Burger","cuisine":"burger","brand":"摩斯漢堡","opening_hours":"Mo-Su 06:00-02:00","address":"220066新北市板橋區館前東路60號","phone":"+886 2 8964 1324","website":"https://www.mos.com.tw/"},"geometry":{"type":"Point","coordinates":[121.461102,25.007226]}},{"type":"Feature","properties":{"id":"osm:node:2614385423","name":"すき家","category":"fast_food","nameEn":"Sukiya","cuisine":"beef_bowl","brand":"すき家"},"geometry":{"type":"Point","coordinates":[121.487983,24.996064]}},{"type":"Feature","properties":{"id":"osm:node:2614653410","name":"拿坡里披薩","category":"fast_food","nameEn":"Napoli Pizza","cuisine":"pizza;fried_chicken","brand":"拿坡里披薩","address":"114臺北市內湖區成功路三段141號","phone":"+886 2 2794 9000"},"geometry":{"type":"Point","coordinates":[121.590025,25.079546]}},{"type":"Feature","properties":{"id":"osm:node:2616959876","name":"達美樂比薩","category":"fast_food"},"geometry":{"type":"Point","coordinates":[121.515617,24.963879]}},{"type":"Feature","properties":{"id":"osm:node:2617049919","name":"八方雲集","category":"fast_food","nameEn":"Bafang Dumpling","cuisine":"dumplings","brand":"八方雲集","address":"231新北市新店區安成街1之1號","phone":"+886 2 8666 8440","website":"https://www.8way.com.tw/"},"geometry":{"type":"Point","coordinates":[121.510667,24.960158]}},{"type":"Feature","properties":{"id":"osm:node:2618674810","name":"摩斯漢堡","category":"fast_food","nameEn":"MOS Burger","cuisine":"burger","brand":"摩斯漢堡","opening_hours":"Mo-Su 06:00-01:00","address":"25170新北市淡水區民族路1號","phone":"+886-2-8809-7012","website":"https://www.mos.com.tw/"},"geometry":{"type":"Point","coordinates":[121.460323,25.137222]}},{"type":"Feature","properties":{"id":"osm:node:2618674811","name":"頂呱呱","category":"fast_food","nameEn":"TKK Fried Chicken","cuisine":"chicken","brand":"頂呱呱","opening_hours":"Mo-Fr 11:00-21:30; Sa-Su 11:00-22:00","address":"25173新北市淡水區民權路115號","phone":"+886-2-2809-9296","website":"https://www.tkkinc.com.tw/"},"geometry":{"type":"Point","coordinates":[121.460282,25.137359]}},{"type":"Feature","properties":{"id":"osm:node:2618687897","name":"八方雲集","category":"fast_food","nameEn":"Bafang Dumpling","cuisine":"dumplings","brand":"八方雲集","address":"25173新北市淡水區民權路129號","phone":"+886-2-8809-1768","website":"https://www.8way.com.tw/"},"geometry":{"type":"Point","coordinates":[121.460295,25.136787]}},{"type":"Feature","properties":{"id":"osm:node:2618717910","name":"八方雲集","category":"fast_food","nameEn":"Bafang Dumpling","cuisine":"dumplings","brand":"八方雲集","address":"251新北市淡水區自強路152號","phone":"+886 2 2624 1789","website":"https://www.8way.com.tw/"},"geometry":{"type":"Point","coordinates":[121.465142,25.133935]}},{"type":"Feature","properties":{"id":"osm:node:2621123840","name":"麥當勞","category":"fast_food","nameEn":"McDonald's","cuisine":"burger","brand":"麥當勞","wheelchair":"yes"},"geometry":{"type":"Point","coordinates":[121.533897,24.982971]}},{"type":"Feature","properties":{"id":"osm:node:2621123969","name":"吉野家","category":"fast_food","nameEn":"Yoshinoya","cuisine":"beef_bowl","brand":"吉野家","address":"231新北市新店區中正路126號"},"geometry":{"type":"Point","coordinates":[121.542166,24.971322]}},{"type":"Feature","properties":{"id":"osm:node:2625503732","name":"必勝客","category":"fast_food","address":"台北市中山區北安路522號"},"geometry":{"type":"Point","coordinates":[121.546239,25.079673]}},{"type":"Feature","properties":{"id":"osm:node:2625636350","name":"八方雲集","category":"fast_food","nameEn":"Bafang Dumpling","cuisine":"dumplings","brand":"八方雲集","address":"231新北市新店區安和路三段79號","phone":"+886 2 8668 1539","website":"https://www.8way.com.tw/"},"geometry":{"type":"Point","coordinates":[121.517725,24.983709]}},{"type":"Feature","properties":{"id":"osm:node:2630761878","name":"麥當勞","category":"fast_food","nameEn":"McDonald's","cuisine":"burger","brand":"麥當勞","opening_hours":"Mo-Su 06:00-00:00","address":"235新北市中和區景新街432號1;2樓","phone":"+886 2 29460280","wheelchair":"yes"},"geometry":{"type":"Point","coordinates":[121.512992,24.988511]}},{"type":"Feature","properties":{"id":"osm:node:2630779796","name":"拿坡里披薩","category":"fast_food","wheelchair":"yes"},"geometry":{"type":"Point","coordinates":[121.511803,24.991905]}},{"type":"Feature","properties":{"id":"osm:node:2630783776","name":"摩斯漢堡","category":"fast_food","nameEn":"MOS Burger","cuisine":"burger","brand":"摩斯漢堡","wheelchair":"yes"},"geometry":{"type":"Point","coordinates":[121.511505,24.991509]}},{"type":"Feature","properties":{"id":"osm:node:2642077869","name":"Subway","category":"fast_food","cuisine":"sandwich","brand":"Subway","address":"104台北市中山區長安東路二段92號"},"geometry":{"type":"Point","coordinates":[121.534548,25.048314]}},{"type":"Feature","properties":{"id":"osm:node:2656074191","name":"麥當勞","category":"fast_food","nameEn":"McDonald's","cuisine":"burger","brand":"麥當勞","opening_hours":"24/7"},"geometry":{"type":"Point","coordinates":[121.563056,25.051236]}},{"type":"Feature","properties":{"id":"osm:node:2656074192","name":"肯德基","category":"fast_food","nameEn":"KFC","cuisine":"chicken","brand":"肯德基","opening_hours":"Mo-Su 08:00-23:00"},"geometry":{"type":"Point","coordinates":[121.563183,25.051226]}},{"type":"Feature","properties":{"id":"osm:node:2656074193","name":"摩斯漢堡","category":"fast_food","nameEn":"MOS Burger","cuisine":"burger","brand":"摩斯漢堡","wheelchair":"limited"},"geometry":{"type":"Point","coordinates":[121.562621,25.050613]}},{"type":"Feature","properties":{"id":"osm:node:2667124122","name":"Subway","category":"fast_food","cuisine":"sandwich","brand":"Subway","opening_hours":"07:30-22:00","address":"231新北市新店區民權路23號","phone":"+886 2 29103228","website":"https://subway.com.tw/","wheelchair":"yes"},"geometry":{"type":"Point","coordinates":[121.54174,24.982794]}},{"type":"Feature","properties":{"id":"osm:node:2676910194","name":"Evan's Burger","category":"fast_food","cuisine":"burger","address":"106台北市大安區敦化南路一段198號"},"geometry":{"type":"Point","coordinates":[121.548485,25.042281]}},{"type":"Feature","properties":{"id":"osm:node:2690915292","name":"新店波特曼","category":"fast_food","opening_hours":"12:00-21:00","address":"231新北市新店區寶橋路1巷4號","phone":"+886 2 29175838"},"geometry":{"type":"Point","coordinates":[121.543389,24.974143]}},{"type":"Feature","properties":{"id":"osm:node:2691398078","name":"摩斯漢堡","category":"fast_food","nameEn":"MOS Burger","cuisine":"burger","brand":"摩斯漢堡"},"geometry":{"type":"Point","coordinates":[121.526934,25.12237]}},{"type":"Feature","properties":{"id":"osm:node:2713523078","name":"麥當勞","category":"fast_food","nameEn":"McDonald's","cuisine":"burger","brand":"麥當勞"},"geometry":{"type":"Point","coordinates":[121.546617,25.137797]}},{"type":"Feature","properties":{"id":"osm:node:2726480265","name":"麥當勞","category":"fast_food","nameEn":"McDonald's","cuisine":"burger","brand":"麥當勞","address":"22041新北市板橋區新站路28號九樓","phone":"+886 2 2964 6930","website":"http://www.mcdonalds.com.tw/"},"geometry":{"type":"Point","coordinates":[121.466624,25.014018]}},{"type":"Feature","properties":{"id":"osm:node:2726480266","name":"21風味館","category":"fast_food","nameEn":"21Plus","cuisine":"chicken","brand":"21風味館","address":"22041新北市板橋區新站路28號","phone":"+886 2 2952 9621","website":"https://www.pec21c.com.tw/"},"geometry":{"type":"Point","coordinates":[121.466789,25.013744]}},{"type":"Feature","properties":{"id":"osm:node:2730516050","name":"麥當勞","category":"fast_food","nameEn":"McDonald's","cuisine":"burger","brand":"麥當勞","opening_hours":"24/7","address":"10050臺北市中正區林森南路1號","phone":"+886-2-2391-1196","website":"http://www.mcdonalds.com.tw/","wheelchair":"no"},"geometry":{"type":"Point","coordinates":[121.523384,25.044418]}},{"type":"Feature","properties":{"id":"osm:node:2744876217","name":"麥當勞","category":"fast_food","nameEn":"McDonald's","cuisine":"burger","brand":"麥當勞","opening_hours":"Mo-Su 07:00-21:00","address":"10041臺北市中正區中山南路8號","phone":"+886-2-2311-5938;+886-2-2311-5713","website":"http://www.mcdonalds.com.tw/"},"geometry":{"type":"Point","coordinates":[121.518483,25.044158]}},{"type":"Feature","properties":{"id":"osm:node:2747611279","name":"すき家","category":"fast_food","nameEn":"Sukiya","cuisine":"beef_bowl","brand":"すき家","opening_hours":"Mo-Su 10:00-23:00","address":"100008臺北市中正區林森南路12號1樓","website":"https://www.sukiya-jp.com.tw/"},"geometry":{"type":"Point","coordinates":[121.522544,25.042657]}},{"type":"Feature","properties":{"id":"osm:node:2755478333","name":"八方雲集","category":"fast_food","nameEn":"Bafang Dumpling","cuisine":"dumplings","brand":"八方雲集","address":"100台北市中正區林森南路59之3號","phone":"+886 2 2394 8830","website":"https://www.8way.com.tw/"},"geometry":{"type":"Point","coordinates":[121.522237,25.039866]}},{"type":"Feature","properties":{"id":"osm:node:2758498990","name":"吉野家","category":"fast_food","nameEn":"Yoshinoya","cuisine":"beef_bowl","brand":"吉野家","opening_hours":"24/7","address":"10047臺北市中正區館前路59號","phone":"+886-2-23119251","website":"https://www.yoshinoya.com.tw/","wheelchair":"limited"},"geometry":{"type":"Point","coordinates":[121.51516,25.044786]}},{"type":"Feature","properties":{"id":"osm:node:2772752603","name":"摩斯漢堡","category":"fast_food","nameEn":"MOS Burger","cuisine":"burger","brand":"摩斯漢堡","address":"231新北市新店區民權路45號","wheelchair":"no"},"geometry":{"type":"Point","coordinates":[121.539759,24.982773]}},{"type":"Feature","properties":{"id":"osm:node:2782015539","name":"麥當勞","category":"fast_food","nameEn":"McDonald's","cuisine":"burger","brand":"麥當勞","wheelchair":"yes"},"geometry":{"type":"Point","coordinates":[121.546902,25.041767]}},{"type":"Feature","properties":{"id":"osm:node:2783002895","name":"八方雲集","category":"fast_food","nameEn":"Bafang Dumpling","cuisine":"dumplings","brand":"八方雲集","address":"242新北市新莊區幸福路507號","phone":"+886 2 2990 0799","website":"https://www.8way.com.tw/"},"geometry":{"type":"Point","coordinates":[121.45587,25.049269]}},{"type":"Feature","properties":{"id":"osm:node:2791898320","name":"Subway","category":"fast_food","cuisine":"sandwich","brand":"Subway"},"geometry":{"type":"Point","coordinates":[121.563376,25.060856]}},{"type":"Feature","properties":{"id":"osm:node:2799084316","name":"呷尚寶","category":"fast_food","nameEn":"JSP","cuisine":"burger","brand":"呷尚寶"},"geometry":{"type":"Point","coordinates":[121.592504,25.081748]}},{"type":"Feature","properties":{"id":"osm:node:2799084320","name":"紅橘子","category":"fast_food"},"geometry":{"type":"Point","coordinates":[121.592806,25.081617]}},{"type":"Feature","properties":{"id":"osm:node:2799088225","name":"摩斯漢堡","category":"fast_food","nameEn":"MOS Burger","cuisine":"burger","brand":"摩斯漢堡"},"geometry":{"type":"Point","coordinates":[121.4525,25.044817]}},{"type":"Feature","properties":{"id":"osm:node:2799088233","name":"肯德基","category":"fast_food","nameEn":"KFC","cuisine":"chicken","brand":"肯德基"},"geometry":{"type":"Point","coordinates":[121.452583,25.044654]}},{"type":"Feature","properties":{"id":"osm:node:2800635237","name":"摩斯漢堡","category":"fast_food","nameEn":"MOS Burger","cuisine":"burger","brand":"摩斯漢堡","address":"104台北市中山區大直街59號"},"geometry":{"type":"Point","coordinates":[121.546436,25.083397]}},{"type":"Feature","properties":{"id":"osm:node:2816066959","name":"集美漢堡 小吃","category":"fast_food"},"geometry":{"type":"Point","coordinates":[121.59148,25.080553]}},{"type":"Feature","properties":{"id":"osm:node:2820087264","name":"頂呱呱","category":"fast_food","nameEn":"TKK Fried Chicken","cuisine":"chicken","brand":"頂呱呱","opening_hours":"Mo-Su 11:00-21:30","address":"220013新北市板橋區文化路一段409號1樓","phone":"+886 2 2255 0666","website":"https://www.tkkinc.com.tw/","wheelchair":"limited"},"geometry":{"type":"Point","coordinates":[121.467338,25.022348]}},{"type":"Feature","properties":{"id":"osm:node:2822583089","name":"拉亞漢堡","category":"fast_food"},"geometry":{"type":"Point","coordinates":[121.591542,25.082862]}},{"type":"Feature","properties":{"id":"osm:node:2826048599","name":"八方雲集","category":"fast_food","nameEn":"Bafang Dumpling","cuisine":"dumplings","brand":"八方雲集","address":"114台北市內湖區金龍路232號","phone":"+886 2 2793 2190","website":"https://www.8way.com.tw/"},"geometry":{"type":"Point","coordinates":[121.586498,25.088494]}},{"type":"Feature","properties":{"id":"osm:node:2857339292","name":"摩斯漢堡","category":"fast_food","nameEn":"MOS Burger","cuisine":"burger","brand":"摩斯漢堡","opening_hours":"Mo-Su 06:00-23:00","website":"https://www.mos.com.tw/","wheelchair":"yes"},"geometry":{"type":"Point","coordinates":[121.549617,25.050664]}},{"type":"Feature","properties":{"id":"osm:node:2876159409","name":"麥當勞","category":"fast_food","nameEn":"McDonald's","cuisine":"burger","brand":"麥當勞","opening_hours":"Mo-Su 06:00-24:00","address":"10041臺北市中正區公園路30-1號","phone":"+886 2 2375 4891;+886 2 2375 4141","website":"http://www.mcdonalds.com.tw/","wheelchair":"no"},"geometry":{"type":"Point","coordinates":[121.516861,25.044562]}},{"type":"Feature","properties":{"id":"osm:node:2884943993","name":"Domino's","category":"fast_food","cuisine":"pizza","brand":"Domino's"},"geometry":{"type":"Point","coordinates":[121.589871,25.081996]}},{"type":"Feature","properties":{"id":"osm:node:2884947676","name":"徐媽早餐店","category":"fast_food","cuisine":"breakfast"},"geometry":{"type":"Point","coordinates":[121.587948,25.087316]}},{"type":"Feature","properties":{"id":"osm:node:2917693023","name":"八方雲集","category":"fast_food","nameEn":"Bafang Dumpling","cuisine":"dumplings","brand":"八方雲集","address":"台北市","website":"https://www.8way.com.tw/"},"geometry":{"type":"Point","coordinates":[121.542634,25.022617]}},{"type":"Feature","properties":{"id":"osm:node:2923648825","name":"麥當勞","category":"fast_food","nameEn":"McDonald's","cuisine":"burger","brand":"麥當勞","opening_hours":"24/7","address":"104台北市中山區長春路172號","phone":"+886-2-2504-2797","wheelchair":"yes"},"geometry":{"type":"Point","coordinates":[121.533793,25.054671]}},{"type":"Feature","properties":{"id":"osm:node:2923648826","name":"漢堡王","category":"fast_food","nameEn":"Burger King","cuisine":"burger","brand":"漢堡王","opening_hours":"PH,Mo-Su 07:00-22:00","address":"104台北市中山區長春路176號","wheelchair":"yes"},"geometry":{"type":"Point","coordinates":[121.534398,25.054674]}},{"type":"Feature","properties":{"id":"osm:node:2924915549","name":"八方雲集","category":"fast_food","nameEn":"Bafang Dumpling","cuisine":"dumplings","brand":"八方雲集","address":"235新北市中和區南華路46號","phone":"+886 2 2249 9636","website":"https://www.8way.com.tw/","wheelchair":"no"},"geometry":{"type":"Point","coordinates":[121.503906,24.996524]}},{"type":"Feature","properties":{"id":"osm:node:2924917845","name":"麥當勞","category":"fast_food","nameEn":"McDonald's","cuisine":"burger","brand":"麥當勞","opening_hours":"24/7","wheelchair":"no"},"geometry":{"type":"Point","coordinates":[121.499931,25.001515]}},{"type":"Feature","properties":{"id":"osm:node:2924918329","name":"摩斯漢堡","category":"fast_food","nameEn":"MOS Burger","cuisine":"burger","brand":"摩斯漢堡","address":"新北市中和區中和路13號1樓"},"geometry":{"type":"Point","coordinates":[121.499807,25.002117]}},{"type":"Feature","properties":{"id":"osm:node:2926239925","name":"八方雲集","category":"fast_food","nameEn":"Bafang Dumpling","cuisine":"dumplings","brand":"八方雲集","address":"108台北市萬華區漢口街二段56號","phone":"+886 2 2371 2803","website":"https://www.8way.com.tw/","wheelchair":"no"},"geometry":{"type":"Point","coordinates":[121.505508,25.045872]}},{"type":"Feature","properties":{"id":"osm:node:2929253563","name":"麥當勞","category":"fast_food","nameEn":"McDonald's","cuisine":"burger","brand":"麥當勞","opening_hours":"24/7","address":"新北市永和區中山路一段214號1;2樓","wheelchair":"yes"},"geometry":{"type":"Point","coordinates":[121.508415,25.00849]}},{"type":"Feature","properties":{"id":"osm:node:2949195367","name":"Real Homie Breakfast","category":"fast_food","address":"116台北市文山區景興路111號"},"geometry":{"type":"Point","coordinates":[121.544825,24.994911]}},{"type":"Feature","properties":{"id":"osm:node:2958028319","name":"第一街快餐","category":"fast_food","address":"112台北市北投區實踐街112號","phone":"+886 2 28230300"},"geometry":{"type":"Point","coordinates":[121.508223,25.115092]}},{"type":"Feature","properties":{"id":"osm:node:2965491626","name":"Mister Donut","category":"fast_food","nameEn":"Mister Donut","cuisine":"donut","brand":"Mister Donut"},"geometry":{"type":"Point","coordinates":[121.56659,25.047141]}},{"type":"Feature","properties":{"id":"osm:node:2974008721","name":"肯德基","category":"fast_food","nameEn":"KFC","cuisine":"chicken","brand":"肯德基","address":"235新北市中和區興南路1段79號","wheelchair":"yes"},"geometry":{"type":"Point","coordinates":[121.51009,24.98909]}},{"type":"Feature","properties":{"id":"osm:node:2974008722","name":"麥當勞","category":"fast_food","nameEn":"McDonald's","cuisine":"burger","brand":"麥當勞","opening_hours":"24/7","address":"235新北市中和區興南路1段83號","wheelchair":"yes"},"geometry":{"type":"Point","coordinates":[121.509953,24.988919]}},{"type":"Feature","properties":{"id":"osm:node:2977303909","name":"八方雲集","category":"fast_food","nameEn":"Bafang Dumpling","cuisine":"dumplings","brand":"八方雲集","address":"234新北市永和區保平路18巷9號","phone":"+886 2 2927 9693","website":"https://www.8way.com.tw/"},"geometry":{"type":"Point","coordinates":[121.5122,25.007732]}},{"type":"Feature","properties":{"id":"osm:node:2978373417","name":"摩斯漢堡","category":"fast_food","nameEn":"MOS Burger","cuisine":"burger","brand":"摩斯漢堡","address":"234新北市中和區中和路463號","wheelchair":"limited"},"geometry":{"type":"Point","coordinates":[121.510063,25.001618]}},{"type":"Feature","properties":{"id":"osm:node:2989500488","name":"Subway","category":"fast_food","cuisine":"sandwich","brand":"Subway","address":"106臺北市大安區復興南路一段150號"},"geometry":{"type":"Point","coordinates":[121.543524,25.042288]}},{"type":"Feature","properties":{"id":"osm:node:3004480399","name":"漢堡王","category":"fast_food","nameEn":"Burger King","cuisine":"burger","brand":"漢堡王","opening_hours":"Mo-Su 07:00-23:00","address":"10669臺北市大安區敦化南路二段164號","phone":"+886-2-2377-2486","website":"http://www.burgerking.dachan.com/","wheelchair":"no"},"geometry":{"type":"Point","coordinates":[121.548349,25.02439]}},{"type":"Feature","properties":{"id":"osm:node:3006036105","name":"麥當勞","category":"fast_food","nameEn":"McDonald's","cuisine":"burger","brand":"麥當勞","wheelchair":"yes"},"geometry":{"type":"Point","coordinates":[121.517856,25.048145]}},{"type":"Feature","properties":{"id":"osm:node:3006036106","name":"摩斯漢堡","category":"fast_food","nameEn":"MOS Burger","cuisine":"burger","brand":"摩斯漢堡","address":"臺北市","wheelchair":"yes"},"geometry":{"type":"Point","coordinates":[121.517739,25.048159]}},{"type":"Feature","properties":{"id":"osm:node:3027219944","name":"八方雲集","category":"fast_food","nameEn":"Bafang Dumpling","cuisine":"dumplings","brand":"八方雲集","address":"106台北市大安區和平東路二段311巷2號","phone":"+886 2 2754 0220","website":"https://www.8way.com.tw/","wheelchair":"limited"},"geometry":{"type":"Point","coordinates":[121.545026,25.024967]}},{"type":"Feature","properties":{"id":"osm:node:3035134110","name":"頂呱呱","category":"fast_food","nameEn":"TKK Fried Chicken","cuisine":"chicken","brand":"頂呱呱","opening_hours":"Mo-Su 11:00-22:00","address":"11246臺北市北投區光明路218-2號","phone":"+886-2-2896-7065","website":"https://www.tkkinc.com.tw/","wheelchair":"limited"},"geometry":{"type":"Point","coordinates":[121.50423,25.136209]}},{"type":"Feature","properties":{"id":"osm:node:3035134111","name":"肯德基","category":"fast_food","nameEn":"KFC","cuisine":"chicken","brand":"肯德基","opening_hours":"Mo-Su 07:00-24:00","address":"11246臺北市北投區光明路225號","website":"https://www.kfcclub.com.tw/","wheelchair":"no"},"geometry":{"type":"Point","coordinates":[121.504196,25.136586]}},{"type":"Feature","properties":{"id":"osm:node:3036524951","name":"八方雲集","category":"fast_food","nameEn":"Bafang Dumpling","cuisine":"dumplings","brand":"八方雲集","address":"116台北市文山區木柵路三段47號","phone":"+886 2 2937 8088","website":"https://www.8way.com.tw/"},"geometry":{"type":"Point","coordinates":[121.566079,24.988526]}},{"type":"Feature","properties":{"id":"osm:node:3052956581","name":"摩斯漢堡","category":"fast_food","nameEn":"MOS Burger","cuisine":"burger","brand":"摩斯漢堡"},"geometry":{"type":"Point","coordinates":[121.550791,25.064274]}},{"type":"Feature","properties":{"id":"osm:node:3072850338","name":"Subway","category":"fast_food","cuisine":"sandwich","brand":"Subway","address":"104臺北市中山區大直街48號"},"geometry":{"type":"Point","coordinates":[121.546292,25.082326]}},{"type":"Feature","properties":{"id":"osm:node:3093800969","name":"拉亞漢堡","category":"fast_food","nameEn":"Laya Burger","cuisine":"burger;breakfast","brand":"拉亞漢堡"},"geometry":{"type":"Point","coordinates":[121.494553,25.085052]}},{"type":"Feature","properties":{"id":"osm:node:3104135083","name":"早安美芝城","category":"fast_food","nameEn":"Good Morning MACC","cuisine":"breakfast","brand":"早安美芝城","address":"104臺北市中山區伊通街66巷5號"},"geometry":{"type":"Point","coordinates":[121.534189,25.052616]}},{"type":"Feature","properties":{"id":"osm:node:3104843990","name":"吉野家","category":"fast_food","nameEn":"Yoshinoya","cuisine":"beef_bowl","brand":"吉野家"},"geometry":{"type":"Point","coordinates":[121.45254,25.044749]}},{"type":"Feature","properties":{"id":"osm:node:3104850329","name":"八方雲集","category":"fast_food","nameEn":"Bafang Dumpling","cuisine":"dumplings","brand":"八方雲集","address":"231新北市新店區安祥路95號","phone":"+886 2 2200 8006","website":"https://www.8way.com.tw/"},"geometry":{"type":"Point","coordinates":[121.479567,24.962074]}},{"type":"Feature","properties":{"id":"osm:node:3105692739","name":"繼光香香雞","category":"fast_food","nameEn":"J&G Fried Chicken","cuisine":"fried_food","brand":"繼光香香雞","wheelchair":"yes"},"geometry":{"type":"Point","coordinates":[121.537744,24.983194]}},{"type":"Feature","properties":{"id":"osm:node:3114654133","name":"麥當勞","category":"fast_food","nameEn":"McDonald's","cuisine":"burger","brand":"麥當勞","opening_hours":"open","address":"11141臺北市士林區中山北路五段602號","phone":"+886 2 2831-3010","website":"http://www.mcdonalds.com.tw/","wheelchair":"limited"},"geometry":{"type":"Point","coordinates":[121.528181,25.096059]}},{"type":"Feature","properties":{"id":"osm:node:3132488961","name":"摩斯漢堡","category":"fast_food","nameEn":"MOS Burger","cuisine":"burger","brand":"摩斯漢堡","opening_hours":"PH,Mo-Su 06:00-23:00","address":"104臺北市中山區民權東路一段76號1;2樓","phone":"+886 2 2562 7057","website":"https://www.mos.com.tw/","wheelchair":"yes"},"geometry":{"type":"Point","coordinates":[121.525459,25.06248]}},{"type":"Feature","properties":{"id":"osm:node:3148707645","name":"拉亞漢堡","category":"fast_food","nameEn":"Laya Burger","cuisine":"burger;breakfast","brand":"拉亞漢堡"},"geometry":{"type":"Point","coordinates":[121.522959,25.065353]}},{"type":"Feature","properties":{"id":"osm:node:3151335277","name":"八方雲集","category":"fast_food","nameEn":"Bafang Dumpling","cuisine":"dumplings","brand":"八方雲集","address":"116台北市文山區羅斯福路六段30之2號","phone":"+886 2 2933 0012","website":"https://www.8way.com.tw/","wheelchair":"yes"},"geometry":{"type":"Point","coordinates":[121.539677,24.999686]}},{"type":"Feature","properties":{"id":"osm:node:3185537678","name":"摩斯漢堡","category":"fast_food","nameEn":"MOS Burger","cuisine":"burger","brand":"摩斯漢堡","address":"115臺北市南港區經貿二路1號","phone":"+886-2-2783-4138","wheelchair":"yes"},"geometry":{"type":"Point","coordinates":[121.617315,25.056346]}},{"type":"Feature","properties":{"id":"osm:node:3195838811","name":"麥當勞","category":"fast_food","nameEn":"McDonald's","cuisine":"burger","brand":"麥當勞","wheelchair":"yes"},"geometry":{"type":"Point","coordinates":[121.57944,25.049208]}},{"type":"Feature","properties":{"id":"osm:node:3196847502","name":"漢堡王","category":"fast_food","nameEn":"Burger King","cuisine":"burger","brand":"漢堡王","opening_hours":"Mo-Su 07:00-22:30","address":"臺北市松山區八德路二段449號","wheelchair":"no"},"geometry":{"type":"Point","coordinates":[121.547298,25.048302]}},{"type":"Feature","properties":{"id":"osm:node:3196909462","name":"八方雲集","category":"fast_food","nameEn":"Bafang Dumpling","cuisine":"dumplings","brand":"八方雲集","address":"105台北市松山區八德路三段221號","phone":"+886225772938","website":"https://www.8way.com.tw/"},"geometry":{"type":"Point","coordinates":[121.556932,25.048221]}},{"type":"Feature","properties":{"id":"osm:node:3196909468","name":"拿坡里披薩","category":"fast_food","nameEn":"Napoli Pizza","cuisine":"pizza;fried_chicken","brand":"拿坡里披薩","opening_hours":"11:00-22:00","address":"105台北市松山區八德路三段112號","phone":"+886 2 25700800"},"geometry":{"type":"Point","coordinates":[121.553881,25.048033]}},{"type":"Feature","properties":{"id":"osm:node:3196909469","name":"摩斯漢堡","category":"fast_food","nameEn":"MOS Burger","cuisine":"burger","brand":"摩斯漢堡","opening_hours":"06:00-24:00","address":"105台北市松山區八德路三段123號"},"geometry":{"type":"Point","coordinates":[121.554424,25.04824]}},{"type":"Feature","properties":{"id":"osm:node:3196909529","name":"頂呱呱","category":"fast_food","nameEn":"TKK Fried Chicken","cuisine":"chicken","brand":"頂呱呱","opening_hours":"11:00-22:00","address":"105台北市松山區八德路三段206號","phone":"+886 2 25779936"},"geometry":{"type":"Point","coordinates":[121.556611,25.047915]}},{"type":"Feature","properties":{"id":"osm:node:3232522541","name":"すき家","category":"fast_food","nameEn":"Sukiya","cuisine":"beef_bowl","brand":"すき家","address":"114台北市內湖區康寧路三段18-1號","wheelchair":"yes"},"geometry":{"type":"Point","coordinates":[121.607526,25.072382]}},{"type":"Feature","properties":{"id":"osm:node:3232538079","name":"早安美芝城","category":"fast_food","nameEn":"Good Morning MACC","cuisine":"breakfast","brand":"早安美芝城","address":"臺北市內湖區康寧路三段296巷48弄3號","wheelchair":"limited"},"geometry":{"type":"Point","coordinates":[121.607825,25.071102]}},{"type":"Feature","properties":{"id":"osm:node:3232564964","name":"頂呱呱","category":"fast_food","nameEn":"TKK Fried Chicken","cuisine":"chicken","brand":"頂呱呱","phone":"+886 2 2299 6511"},"geometry":{"type":"Point","coordinates":[121.612981,25.068723]}},{"type":"Feature","properties":{"id":"osm:node:3232568261","name":"肯德基","category":"fast_food","nameEn":"KFC","cuisine":"chicken","brand":"肯德基","opening_hours":"Mo-Su 7:00-0:00","address":"臺北市內湖區東湖路"},"geometry":{"type":"Point","coordinates":[121.616376,25.068028]}},{"type":"Feature","properties":{"id":"osm:node:3232580661","name":"摩斯漢堡","category":"fast_food","nameEn":"MOS Burger","cuisine":"burger","brand":"摩斯漢堡","opening_hours":"Mo-Su 06:00-23:00","phone":"+886-2-2631-5273"},"geometry":{"type":"Point","coordinates":[121.615703,25.068245]}},{"type":"Feature","properties":{"id":"osm:node:3232586646","name":"早安美芝城","category":"fast_food","nameEn":"Good Morning MACC","cuisine":"breakfast","brand":"早安美芝城","phone":"+886 2 2630 5253"},"geometry":{"type":"Point","coordinates":[121.613397,25.067588]}},{"type":"Feature","properties":{"id":"osm:node:3292775577","name":"松屋","category":"fast_food","nameEn":"Matsuya","cuisine":"beef_bowl","brand":"松屋","address":"220002新北市板橋區文化路一段190號"},"geometry":{"type":"Point","coordinates":[121.466113,25.019691]}},{"type":"Feature","properties":{"id":"osm:node:3311218072","name":"すき家","category":"fast_food","nameEn":"Sukiya","cuisine":"beef_bowl","brand":"すき家","opening_hours":"24/7","address":"100臺北市中正區羅斯福路二段50號","wheelchair":"limited"},"geometry":{"type":"Point","coordinates":[121.521606,25.027826]}},{"type":"Feature","properties":{"id":"osm:node:3323032697","name":"八方雲集","category":"fast_food","nameEn":"Bafang Dumpling","cuisine":"dumplings","brand":"八方雲集","address":"台北市大安區羅斯福路三段333巷9號","phone":"+886-2-2362-5189","website":"https://www.8way.com.tw/","wheelchair":"yes"},"geometry":{"type":"Point","coordinates":[121.532795,25.017484]}},{"type":"Feature","properties":{"id":"osm:node:3328449225","name":"吉野家","category":"fast_food","nameEn":"Yoshinoya","cuisine":"beef_bowl","brand":"吉野家","wheelchair":"no"},"geometry":{"type":"Point","coordinates":[121.499633,25.002029]}},{"type":"Feature","properties":{"id":"osm:node:3372810615","name":"摩斯漢堡","category":"fast_food","nameEn":"MOS Burger","cuisine":"burger","brand":"摩斯漢堡","address":"台北市中山區長春路149-1號"},"geometry":{"type":"Point","coordinates":[121.532438,25.054919]}},{"type":"Feature","properties":{"id":"osm:node:3373219443","name":"八方雲集","category":"fast_food","nameEn":"Bafang Dumpling","cuisine":"dumplings","brand":"八方雲集","address":"114台北市內湖區文湖街21巷16號","phone":"+886 2 8797 3345","website":"https://www.8way.com.tw/"},"geometry":{"type":"Point","coordinates":[121.560624,25.086688]}},{"type":"Feature","properties":{"id":"osm:node:3377079807","name":"瑞麟美而美","category":"fast_food","nameEn":"Rueilin Mei & Mei","cuisine":"breakfast","brand":"瑞麟美而美"},"geometry":{"type":"Point","coordinates":[121.541882,25.026973]}},{"type":"Feature","properties":{"id":"osm:node:3377079808","name":"萬家鄉","category":"fast_food"},"geometry":{"type":"Point","coordinates":[121.54167,25.025384]}},{"type":"Feature","properties":{"id":"osm:node:3407249993","name":"摩斯漢堡","category":"fast_food","nameEn":"MOS Burger","cuisine":"burger","brand":"摩斯漢堡","address":"110台北市信義區忠孝東路五段155-5號"},"geometry":{"type":"Point","coordinates":[121.568388,25.041207]}},{"type":"Feature","properties":{"id":"osm:node:3412211255","name":"紫的寶","category":"fast_food","address":"新北市中和區連勝街53號1樓"},"geometry":{"type":"Point","coordinates":[121.497844,24.99728]}},{"type":"Feature","properties":{"id":"osm:node:3415922028","name":"脆皮雞排","category":"fast_food"},"geometry":{"type":"Point","coordinates":[121.498926,24.999065]}},{"type":"Feature","properties":{"id":"osm:node:3416064597","name":"八方雲集","category":"fast_food","nameEn":"Bafang Dumpling","cuisine":"dumplings","brand":"八方雲集","address":"235新北市中和區泰和街27號","phone":"+886 2 8245 8499","website":"https://www.8way.com.tw/"},"geometry":{"type":"Point","coordinates":[121.499425,24.999976]}},{"type":"Feature","properties":{"id":"osm:node:3417097887","name":"麥當勞","category":"fast_food","nameEn":"McDonald's","cuisine":"burger","brand":"麥當勞"},"geometry":{"type":"Point","coordinates":[121.554486,25.03338]}},{"type":"Feature","properties":{"id":"osm:node:3417520413","name":"派克脆雞排","category":"fast_food"},"geometry":{"type":"Point","coordinates":[121.496098,24.994257]}},{"type":"Feature","properties":{"id":"osm:node:3419805458","name":"繼光香香雞","category":"fast_food","nameEn":"J&G Fried Chicken","cuisine":"fried_food","brand":"繼光香香雞","wheelchair":"yes"},"geometry":{"type":"Point","coordinates":[121.459775,25.008467]}},{"type":"Feature","properties":{"id":"osm:node:3421170356","name":"肯德基","category":"fast_food","nameEn":"KFC","cuisine":"chicken","brand":"肯德基"},"geometry":{"type":"Point","coordinates":[121.56383,25.027865]}},{"type":"Feature","properties":{"id":"osm:node:3424475247","name":"早安美芝城","category":"fast_food","nameEn":"Good Morning MACC","cuisine":"breakfast","brand":"早安美芝城"},"geometry":{"type":"Point","coordinates":[121.49423,24.997461]}},{"type":"Feature","properties":{"id":"osm:node:3424566640","name":"巨林美而美","category":"fast_food","nameEn":"Jyulin Mei & Mei","cuisine":"breakfast","brand":"巨林美而美"},"geometry":{"type":"Point","coordinates":[121.489761,24.996147]}},{"type":"Feature","properties":{"id":"osm:node:3424895598","name":"拉雅漢堡","category":"fast_food","address":"新北市中和區連城路58之1號1樓"},"geometry":{"type":"Point","coordinates":[121.497873,25.00177]}},{"type":"Feature","properties":{"id":"osm:node:3426316144","name":"Subway","category":"fast_food","cuisine":"sandwich","brand":"Subway"},"geometry":{"type":"Point","coordinates":[121.509083,25.00063]}},{"type":"Feature","properties":{"id":"osm:node:3426316145","name":"吉野家","category":"fast_food","nameEn":"Yoshinoya","cuisine":"beef_bowl","brand":"吉野家","address":"23574新北市中和區中和路404號"},"geometry":{"type":"Point","coordinates":[121.511435,25.00288]}},{"type":"Feature","properties":{"id":"osm:node:3428069018","name":"摩斯漢堡","category":"fast_food","nameEn":"MOS Burger","cuisine":"burger","brand":"摩斯漢堡","address":"台北市萬華區青年路38號"},"geometry":{"type":"Point","coordinates":[121.504617,25.025642]}},{"type":"Feature","properties":{"id":"osm:node:3430332185","name":"肯德基","category":"fast_food","nameEn":"KFC","cuisine":"chicken","brand":"肯德基"},"geometry":{"type":"Point","coordinates":[121.499077,25.00316]}},{"type":"Feature","properties":{"id":"osm:node:3430332191","name":"頂呱呱","category":"fast_food","nameEn":"TKK Fried Chicken","cuisine":"chicken","brand":"頂呱呱"},"geometry":{"type":"Point","coordinates":[121.497368,25.002617]}},{"type":"Feature","properties":{"id":"osm:node:3439311942","name":"Qburger","category":"fast_food","cuisine":"american;breakfast","brand":"Qburger","address":"新北市中和區泰和街22號1樓"},"geometry":{"type":"Point","coordinates":[121.499609,25.000614]}},{"type":"Feature","properties":{"id":"osm:node:3439427184","name":"呷尚寶","category":"fast_food","nameEn":"JSP","cuisine":"burger","brand":"呷尚寶"},"geometry":{"type":"Point","coordinates":[121.495581,25.002409]}},{"type":"Feature","properties":{"id":"osm:node:3440708520","name":"美而美早餐","category":"fast_food"},"geometry":{"type":"Point","coordinates":[121.496765,25.003307]}},{"type":"Feature","properties":{"id":"osm:node:3463626167","name":"巨林美而美","category":"fast_food","address":"新北市中和區景平路395號1樓"},"geometry":{"type":"Point","coordinates":[121.502459,24.99449]}},{"type":"Feature","properties":{"id":"osm:node:3464721413","name":"美式早餐屋","category":"fast_food","address":"新北市中和區南華路33號1樓"},"geometry":{"type":"Point","coordinates":[121.503196,24.99616]}},{"type":"Feature","properties":{"id":"osm:node:3465503373","name":"一品香漢堡","category":"fast_food","address":"新北市中和區南華路30號1樓"},"geometry":{"type":"Point","coordinates":[121.503251,24.99598]}},{"type":"Feature","properties":{"id":"osm:node:3465503382","name":"炸老大","category":"fast_food","address":"新北市中和區南華路6號1樓"},"geometry":{"type":"Point","coordinates":[121.502089,24.995379]}},{"type":"Feature","properties":{"id":"osm:node:3465544639","name":"永和豆漿大王","category":"fast_food","address":"新北市中和區連城路3號1樓","wheelchair":"yes"},"geometry":{"type":"Point","coordinates":[121.499371,25.002284]}},{"type":"Feature","properties":{"id":"osm:node:3476254798","name":"璐璐早餐店","category":"fast_food","cuisine":"sandwich","address":"新北市中和區泰和街23號1樓"},"geometry":{"type":"Point","coordinates":[121.499553,25.000184]}},{"type":"Feature","properties":{"id":"osm:node:3476696152","name":"弘爺漢堡","category":"fast_food","nameEn":"Hong Ya Hambuger","cuisine":"american;breakfast","brand":"弘爺漢堡","address":"新北市中和區連勝街24號1樓"},"geometry":{"type":"Point","coordinates":[121.498413,24.99804]}},{"type":"Feature","properties":{"id":"osm:node:3492626246","name":"金盃美而美","category":"fast_food","address":"新北市中和區中正路26號1樓"},"geometry":{"type":"Point","coordinates":[121.502419,24.993771]}},{"type":"Feature","properties":{"id":"osm:node:3492626248","name":"呷尚寶","category":"fast_food","nameEn":"JSP","cuisine":"burger","brand":"呷尚寶","address":"新北市中和區中正路134號1樓"},"geometry":{"type":"Point","coordinates":[121.499436,24.99387]}},{"type":"Feature","properties":{"id":"osm:node:3507072386","name":"瑞麟美而美","category":"fast_food","nameEn":"Rueilin Mei & Mei","cuisine":"breakfast","brand":"瑞麟美而美","address":"新北市中和區連勝街81號1樓"},"geometry":{"type":"Point","coordinates":[121.497105,24.996865]}},{"type":"Feature","properties":{"id":"osm:node:3510209907","name":"AN-Burger","category":"fast_food","cuisine":"burger","opening_hours":"12:00-22:00","address":"104臺北市中山區中山北路二段36巷17號一樓","phone":"+886 2 2100 2862","website":"https://an-burger.business.site/"},"geometry":{"type":"Point","coordinates":[121.521731,25.054411]}},{"type":"Feature","properties":{"id":"osm:node:3512628797","name":"巨森早餐吧","category":"fast_food","address":"新北市中和區圓通路229號1樓"},"geometry":{"type":"Point","coordinates":[121.496306,24.994323]}},{"type":"Feature","properties":{"id":"osm:node:3514130912","name":"阿鳳米粉湯","category":"fast_food","cuisine":"taiwanese","opening_hours":"Mo-Su 08:00-13:00; Tu off"},"geometry":{"type":"Point","coordinates":[121.616777,25.038815]}},{"type":"Feature","properties":{"id":"osm:node:3514374814","name":"漢堡大師","category":"fast_food"},"geometry":{"type":"Point","coordinates":[121.57465,25.037795]}},{"type":"Feature","properties":{"id":"osm:node:3522157693","name":"拉亞漢堡","category":"fast_food","nameEn":"Laya Burger","cuisine":"burger;breakfast","brand":"拉亞漢堡","phone":"+886 2 8663 8748"},"geometry":{"type":"Point","coordinates":[121.539727,24.992342]}},{"type":"Feature","properties":{"id":"osm:node:3523782385","name":"御品早餐屋","category":"fast_food","cuisine":"sandwich","address":"新北市中和區板南路238-1號1樓"},"geometry":{"type":"Point","coordinates":[121.497078,24.994818]}},{"type":"Feature","properties":{"id":"osm:node:3536201194","name":"Subway","category":"fast_food","cuisine":"sandwich","brand":"Subway","address":"100臺北市中正區忠孝西路一段3號"},"geometry":{"type":"Point","coordinates":[121.519283,25.045995]}},{"type":"Feature","properties":{"id":"osm:node:3540745521","name":"麥當勞","category":"fast_food","nameEn":"McDonald's","cuisine":"burger","brand":"麥當勞","opening_hours":"24/7","address":"108034臺北市萬華區西園路二段240號","phone":"+886 2 2332 5640","website":"https://www.mcdonalds.com/"},"geometry":{"type":"Point","coordinates":[121.494945,25.028175]}},{"type":"Feature","properties":{"id":"osm:node:3540983601","name":"賣亨堡","category":"fast_food","cuisine":"breakfast","address":"新北市中和區中山路二段458號1樓"},"geometry":{"type":"Point","coordinates":[121.488665,25.00451]}},{"type":"Feature","properties":{"id":"osm:node:3541201094","name":"漢堡王","category":"fast_food","nameEn":"Burger King","cuisine":"burger","brand":"漢堡王","address":"104台北市中山區中山北路三段24之1號"},"geometry":{"type":"Point","coordinates":[121.522014,25.065057]}},{"type":"Feature","properties":{"id":"osm:node:3543103933","name":"八方雲集","category":"fast_food","nameEn":"Bafang Dumpling","cuisine":"dumplings","brand":"八方雲集","address":"220新北市板橋區中正路182號","phone":"+886 2 2968 5882","website":"https://www.8way.com.tw/"},"geometry":{"type":"Point","coordinates":[121.456227,25.017741]}},{"type":"Feature","properties":{"id":"osm:node:3547976746","name":"吉野家","category":"fast_food","nameEn":"Yoshinoya","cuisine":"beef_bowl","brand":"吉野家"},"geometry":{"type":"Point","coordinates":[121.522728,25.04944]}},{"type":"Feature","properties":{"id":"osm:node:3568499395","name":"Subway","category":"fast_food","cuisine":"sandwich","brand":"Subway","wheelchair":"limited"},"geometry":{"type":"Point","coordinates":[121.562008,25.034452]}},{"type":"Feature","properties":{"id":"osm:node:3579689537","name":"八方雲集","category":"fast_food","nameEn":"Bafang Dumpling","cuisine":"dumplings","brand":"八方雲集","address":"106台北市大安區和平東路一段182之3號","phone":"+886 2 2362 7338","website":"https://www.8way.com.tw/"},"geometry":{"type":"Point","coordinates":[121.529825,25.026289]}},{"type":"Feature","properties":{"id":"osm:node:3586313794","name":"漢堡王","category":"fast_food","nameEn":"Burger King","cuisine":"burger","brand":"漢堡王","opening_hours":"Mo-Su 08:00-23:00","address":"100臺北市中正區八德路一段31號","phone":"+886-2-2321-2741","wheelchair":"limited"},"geometry":{"type":"Point","coordinates":[121.531401,25.044113]}},{"type":"Feature","properties":{"id":"osm:node:3622831225","name":"摩斯漢堡","category":"fast_food","nameEn":"MOS Burger","cuisine":"burger","brand":"摩斯漢堡","opening_hours":"Mo-Su 06:00-22:00","address":"220078新北市板橋區中山路二段180號","phone":"+886 2 2955 8481","website":"https://www.mos.com.tw/"},"geometry":{"type":"Point","coordinates":[121.47746,25.017366]}},{"type":"Feature","properties":{"id":"osm:node:3662858739","name":"弘爺漢堡","category":"fast_food","nameEn":"Hong Ya Hambuger","cuisine":"american;breakfast","brand":"弘爺漢堡","wheelchair":"no"},"geometry":{"type":"Point","coordinates":[121.452529,25.162694]}},{"type":"Feature","properties":{"id":"osm:node:3664788327","name":"巨林美而美","category":"fast_food","nameEn":"Jyulin Mei & Mei","cuisine":"breakfast","brand":"巨林美而美","address":"104台北市中山區伊通街127之1號"},"geometry":{"type":"Point","coordinates":[121.534939,25.054099]}},{"type":"Feature","properties":{"id":"osm:node:3682801675","name":"吉野家","category":"fast_food","nameEn":"Yoshinoya","cuisine":"beef_bowl","brand":"吉野家","opening_hours":"05:00-04:00","address":"220003新北市板橋區文化路一段280號","phone":"+886 2 2254 4662","website":"https://yoshinoya.com.tw/"},"geometry":{"type":"Point","coordinates":[121.467174,25.021254]}},{"type":"Feature","properties":{"id":"osm:node:3700536516","name":"摩斯漢堡","category":"fast_food","nameEn":"MOS Burger","cuisine":"burger","brand":"摩斯漢堡","wheelchair":"limited"},"geometry":{"type":"Point","coordinates":[121.558676,25.031859]}},{"type":"Feature","properties":{"id":"osm:node:3700823290","name":"八方雲集","category":"fast_food","nameEn":"Bafang Dumpling","cuisine":"dumplings","brand":"八方雲集","address":"241新北市三重區忠孝路三段2號","phone":"+886 2 2987 1167","website":"https://www.8way.com.tw/"},"geometry":{"type":"Point","coordinates":[121.482015,25.067554]}},{"type":"Feature","properties":{"id":"osm:node:3700823869","name":"頂呱呱","category":"fast_food","nameEn":"TKK Fried Chicken","cuisine":"chicken","brand":"頂呱呱"},"geometry":{"type":"Point","coordinates":[121.481819,25.067744]}},{"type":"Feature","properties":{"id":"osm:node:3700965679","name":"八方雲集","category":"fast_food","nameEn":"Bafang Dumpling","cuisine":"dumplings","brand":"八方雲集","address":"247新北市蘆洲區長榮路47號","phone":"+886 2 2848 1589","website":"https://www.8way.com.tw/"},"geometry":{"type":"Point","coordinates":[121.46273,25.082929]}},{"type":"Feature","properties":{"id":"osm:node:3706008154","name":"瑞麟美而美","category":"fast_food","nameEn":"Rueilin Mei & Mei","cuisine":"breakfast","brand":"瑞麟美而美"},"geometry":{"type":"Point","coordinates":[121.553398,25.031779]}},{"type":"Feature","properties":{"id":"osm:node:3707479435","name":"すき家","category":"fast_food","nameEn":"Sukiya","cuisine":"beef_bowl","brand":"すき家","opening_hours":"24/7","address":"10681臺北市大安區信義路四段235號","phone":"+886 080 003 1131","website":"https://www.sukiya-jp.com.tw/"},"geometry":{"type":"Point","coordinates":[121.55312,25.033371]}},{"type":"Feature","properties":{"id":"osm:node:3707479481","name":"吉野家","category":"fast_food","nameEn":"Yoshinoya","cuisine":"beef_bowl","brand":"吉野家","opening_hours":"Mo-Su 11:00-22:00","address":"10041臺北市中正區忠孝西路一段38號B1樓"},"geometry":{"type":"Point","coordinates":[121.51655,25.04616]}},{"type":"Feature","properties":{"id":"osm:node:3714789191","name":"八方雲集","category":"fast_food","nameEn":"Bafang Dumpling","cuisine":"dumplings","brand":"八方雲集","address":"110台北市信義區忠孝東路五段236巷6號","phone":"+886 2 8786 8828","website":"https://www.8way.com.tw/"},"geometry":{"type":"Point","coordinates":[121.571787,25.040353]}},{"type":"Feature","properties":{"id":"osm:node:3714789193","name":"巨林美而美","category":"fast_food","nameEn":"Jyulin Mei & Mei","cuisine":"breakfast","brand":"巨林美而美"},"geometry":{"type":"Point","coordinates":[121.571776,25.040283]}},{"type":"Feature","properties":{"id":"osm:node:3720429062","name":"德克士脆皮炸雞","category":"fast_food"},"geometry":{"type":"Point","coordinates":[121.497818,25.062882]}},{"type":"Feature","properties":{"id":"osm:node:3720429196","name":"麥當勞","category":"fast_food","nameEn":"McDonald's","cuisine":"burger","brand":"麥當勞"},"geometry":{"type":"Point","coordinates":[121.497806,25.06293]}},{"type":"Feature","properties":{"id":"osm:node:3723319590","name":"頂呱呱","category":"fast_food","nameEn":"TKK Fried Chicken","cuisine":"chicken","brand":"頂呱呱","opening_hours":"11:00-21:00","address":"100臺北市中正區羅斯福路四段134號","phone":"+886 2 2368 6341","website":"https://www.tkkinc.com.tw/","wheelchair":"yes"},"geometry":{"type":"Point","coordinates":[121.535831,25.012952]}},{"type":"Feature","properties":{"id":"osm:node:3723983307","name":"肯德基","category":"fast_food","nameEn":"KFC","cuisine":"chicken","brand":"肯德基","address":"106台北市大安區復興南路二段183號"},"geometry":{"type":"Point","coordinates":[121.543676,25.026786]}},{"type":"Feature","properties":{"id":"osm:node:3725668855","name":"Mr. Smile好吃雞排","category":"fast_food","cuisine":"chicken","opening_hours":"Mo-Sa 15:00-00:00","address":"106臺北市大安區和平東路二段219巷21號","phone":"0980 232 039","wheelchair":"yes"},"geometry":{"type":"Point","coordinates":[121.543573,25.023187]}},{"type":"Feature","properties":{"id":"osm:node:3727152373","name":"吉野家","category":"fast_food","nameEn":"Yoshinoya","cuisine":"beef_bowl","brand":"吉野家","address":"105台北市松山區八德路三段121號"},"geometry":{"type":"Point","coordinates":[121.554046,25.048278]}},{"type":"Feature","properties":{"id":"osm:node:3727564526","name":"繼光香香雞","category":"fast_food","nameEn":"J&G Fried Chicken","cuisine":"fried_food","brand":"繼光香香雞"},"geometry":{"type":"Point","coordinates":[121.533696,25.053713]}},{"type":"Feature","properties":{"id":"osm:node:3738533126","name":"明峰摃丸","category":"fast_food","nameEn":"Ming Feng"},"geometry":{"type":"Point","coordinates":[121.509152,25.061761]}},{"type":"Feature","properties":{"id":"osm:node:3742372119","name":"摩斯漢堡","category":"fast_food","nameEn":"MOS Burger","cuisine":"burger","brand":"摩斯漢堡","address":"114台北市內湖區瑞光路513巷34號"},"geometry":{"type":"Point","coordinates":[121.569915,25.080191]}},{"type":"Feature","properties":{"id":"osm:node:3742378207","name":"麥當勞","category":"fast_food","nameEn":"McDonald's","cuisine":"burger","brand":"麥當勞","address":"114台北市內湖區瑞光路517號一樓"},"geometry":{"type":"Point","coordinates":[121.569489,25.079232]}},{"type":"Feature","properties":{"id":"osm:node:3748706226","name":"麥當勞","category":"fast_food","nameEn":"McDonald's","cuisine":"burger","brand":"麥當勞","address":"105台北市民生東路五段234號","wheelchair":"no"},"geometry":{"type":"Point","coordinates":[121.566008,25.05899]}},{"type":"Feature","properties":{"id":"osm:node:3750216514","name":"拉亞漢堡","category":"fast_food","nameEn":"Laya Burger","cuisine":"burger;breakfast","brand":"拉亞漢堡","address":"220新北市中和區中山路三段20號"},"geometry":{"type":"Point","coordinates":[121.47475,25.009141]}},{"type":"Feature","properties":{"id":"osm:node:3750223147","name":"找餐 店","category":"fast_food","nameEn":"Breakfast stall","cuisine":"breakfast","opening_hours":"07:30-15:00","address":"106臺北市大安區和平東路三段1巷6-3號","phone":"+886 2 2755 0567","wheelchair":"no"},"geometry":{"type":"Point","coordinates":[121.546647,25.02496]}},{"type":"Feature","properties":{"id":"osm:node:3760220091","name":"頂呱呱","category":"fast_food","nameEn":"TKK Fried Chicken","cuisine":"chicken","brand":"頂呱呱"},"geometry":{"type":"Point","coordinates":[121.576631,25.07551]}},{"type":"Feature","properties":{"id":"osm:node:3760222677","name":"Subway","category":"fast_food","cuisine":"sandwich","brand":"Subway"},"geometry":{"type":"Point","coordinates":[121.576749,25.075443]}},{"type":"Feature","properties":{"id":"osm:node:3763972448","name":"摩斯漢堡","category":"fast_food","nameEn":"MOS Burger","cuisine":"burger","brand":"摩斯漢堡","wheelchair":"yes"},"geometry":{"type":"Point","coordinates":[121.516342,25.096351]}},{"type":"Feature","properties":{"id":"osm:node:3767530262","name":"八方雲集","category":"fast_food","nameEn":"Bafang Dumpling","cuisine":"dumplings","brand":"八方雲集","address":"116台北市文山區景文街123號","phone":"+886 2 2933 6662","website":"https://www.8way.com.tw/","wheelchair":"yes"},"geometry":{"type":"Point","coordinates":[121.541232,24.99037]}},{"type":"Feature","properties":{"id":"osm:node:3777736256","name":"Popeyes","category":"fast_food","cuisine":"chicken","brand":"Popeyes","address":"106臺北市大安區羅斯福路三段329號"},"geometry":{"type":"Point","coordinates":[121.532323,25.016995]}},{"type":"Feature","properties":{"id":"osm:node:3809456229","name":"Subway","category":"fast_food","cuisine":"sandwich","brand":"Subway"},"geometry":{"type":"Point","coordinates":[121.544934,24.989343]}},{"type":"Feature","properties":{"id":"osm:node:3809467542","name":"Qburger","category":"fast_food","nameEn":"Qburger","cuisine":"american;breakfast","brand":"Qburger","opening_hours":"Mo-Fr 06:00-13:30; Sa-Su 06:00-14:00","address":"231新北市新店區中興路三段156號","phone":"+886 2 29186005","website":"https://www.qburger.com.tw/"},"geometry":{"type":"Point","coordinates":[121.544596,24.980626]}},{"type":"Feature","properties":{"id":"osm:node:3809467544","name":"Qburger","category":"fast_food","cuisine":"american;breakfast","brand":"Qburger","address":"116005臺北市文山區木柵路一段101號一樓"},"geometry":{"type":"Point","coordinates":[121.547512,24.987129]}},{"type":"Feature","properties":{"id":"osm:node:3811000224","name":"八方雲集","category":"fast_food","nameEn":"Bafang Dumpling","cuisine":"dumplings","brand":"八方雲集","address":"116台北市文山區木柵路一段145號","phone":"+886 2 2236 5117","website":"https://www.8way.com.tw/","wheelchair":"no"},"geometry":{"type":"Point","coordinates":[121.550468,24.987651]}},{"type":"Feature","properties":{"id":"osm:node:3811445885","name":"麥當勞","category":"fast_food","nameEn":"McDonald's","cuisine":"burger","brand":"麥當勞"},"geometry":{"type":"Point","coordinates":[121.498377,25.131111]}},{"type":"Feature","properties":{"id":"osm:node:3811445888","name":"摩斯漢堡","category":"fast_food","nameEn":"MOS Burger","cuisine":"burger","brand":"摩斯漢堡"},"geometry":{"type":"Point","coordinates":[121.49732,25.132564]}},{"type":"Feature","properties":{"id":"osm:node:3812406070","name":"Qburger","category":"fast_food","cuisine":"american;breakfast","brand":"Qburger","opening_hours":"Mo-Fr 06:00-13:30,PH Sa-Su 06:00-14:00","address":"台北市文山區景興路99號","phone":"+886 2 2932 0217"},"geometry":{"type":"Point","coordinates":[121.544817,24.995312]}},{"type":"Feature","properties":{"id":"osm:node:3812406086","name":"瑞麟美而美","category":"fast_food","nameEn":"Rueilin Mei & Mei","cuisine":"breakfast","brand":"瑞麟美而美","address":"116台北市文山區景華街19號"},"geometry":{"type":"Point","coordinates":[121.542054,24.995043]}},{"type":"Feature","properties":{"id":"osm:node:3818988986","name":"台大水果吧","category":"fast_food","nameEn":"Pure Juice","cuisine":"juice","address":"臺北市羅斯福路三段229號","phone":"+886 2 2364 3970","wheelchair":"yes"},"geometry":{"type":"Point","coordinates":[121.529702,25.019534]}},{"type":"Feature","properties":{"id":"osm:node:3835317073","name":"拉亞漢堡","category":"fast_food","nameEn":"Laya Burger","cuisine":"burger;breakfast","brand":"拉亞漢堡"},"geometry":{"type":"Point","coordinates":[121.557213,24.980951]}},{"type":"Feature","properties":{"id":"osm:node:3835333347","name":"必勝客344","category":"fast_food"},"geometry":{"type":"Point","coordinates":[121.555056,24.980334]}},{"type":"Feature","properties":{"id":"osm:node:3835339684","name":"Qburger","category":"fast_food","cuisine":"american;breakfast","brand":"Qburger","opening_hours":"24hr","address":"116台北市文山區木新路二段242號1樓"},"geometry":{"type":"Point","coordinates":[121.566641,24.98331]}},{"type":"Feature","properties":{"id":"osm:node:3835344358","name":"麥當勞","category":"fast_food","nameEn":"McDonald's","cuisine":"burger","brand":"麥當勞","opening_hours":"24/7","address":"116020臺北市文山區木新路三段174號一樓","phone":"+886 2 2937 0095","website":"https://www.mcdonalds.com.tw"},"geometry":{"type":"Point","coordinates":[121.560663,24.981767]}},{"type":"Feature","properties":{"id":"osm:node:3840862929","name":"八方雲集","category":"fast_food","nameEn":"Bafang Dumpling","cuisine":"dumplings","brand":"八方雲集","address":"104台北市中山區吉林路89號","phone":"+886 2 2531 7637","website":"https://www.8way.com.tw/"},"geometry":{"type":"Point","coordinates":[121.530312,25.055604]}},{"type":"Feature","properties":{"id":"osm:node:3846132953","name":"拿坡里","category":"fast_food","address":"104台北市中山區松江路42號"},"geometry":{"type":"Point","coordinates":[121.532726,25.047829]}},{"type":"Feature","properties":{"id":"osm:node:3846399470","name":"Subway","category":"fast_food","cuisine":"sandwich","brand":"Subway","wheelchair":"yes"},"geometry":{"type":"Point","coordinates":[121.535916,25.052434]}},{"type":"Feature","properties":{"id":"osm:node:3851543642","name":"呷尚寶","category":"fast_food","nameEn":"JSP","cuisine":"burger","brand":"呷尚寶"},"geometry":{"type":"Point","coordinates":[121.525281,25.045561]}},{"type":"Feature","properties":{"id":"osm:node:3860013883","name":"八方雲集","category":"fast_food","nameEn":"Bafang Dumpling","cuisine":"dumplings","brand":"八方雲集","address":"116台北市文山區景興路135號","phone":"+886 2 2933 7837","website":"https://www.8way.com.tw/"},"geometry":{"type":"Point","coordinates":[121.544802,24.994278]}},{"type":"Feature","properties":{"id":"osm:node:3867798205","name":"德克士","category":"fast_food","nameEn":"Dicos","cuisine":"burger;chicken","brand":"德克士","address":"10090臺北市中正區羅斯福路三段316巷16號1樓","wheelchair":"yes"},"geometry":{"type":"Point","coordinates":[121.532266,25.015469]}},{"type":"Feature","properties":{"id":"osm:node:3884736560","name":"肯德基","category":"fast_food","nameEn":"KFC","cuisine":"chicken","brand":"肯德基"},"geometry":{"type":"Point","coordinates":[121.630858,25.0663]}},{"type":"Feature","properties":{"id":"osm:node:3884769304","name":"麥當勞","category":"fast_food","nameEn":"McDonald's","cuisine":"burger","brand":"麥當勞"},"geometry":{"type":"Point","coordinates":[121.63177,25.065535]}},{"type":"Feature","properties":{"id":"osm:node:3887648892","name":"繼光香香雞","category":"fast_food","nameEn":"J&G Fried Chicken","cuisine":"fried_food","brand":"繼光香香雞","opening_hours":"Mo-Su 11:30-22:30","address":"10047臺北市中正區懷寧街12號","phone":"+886 2 2331 6584","website":"http://www.jgssg.com.tw/","wheelchair":"limited"},"geometry":{"type":"Point","coordinates":[121.514103,25.045897]}},{"type":"Feature","properties":{"id":"osm:node:3887825439","name":"摩斯漢堡","category":"fast_food","nameEn":"MOS Burger","cuisine":"burger","brand":"摩斯漢堡"},"geometry":{"type":"Point","coordinates":[121.554756,25.032934]}},{"type":"Feature","properties":{"id":"osm:node:3887825440","name":"摩斯漢堡","category":"fast_food","nameEn":"MOS Burger","cuisine":"burger","brand":"摩斯漢堡","opening_hours":"06:00-24:00","address":"106臺北市大安區光復南路552號"},"geometry":{"type":"Point","coordinates":[121.557249,25.034622]}},{"type":"Feature","properties":{"id":"osm:node:3888805254","name":"八方雲集","category":"fast_food","nameEn":"Bafang Dumpling","cuisine":"dumplings","brand":"八方雲集","address":"221新北市汐止區明峰街131號","phone":"+886 2 2693 3309","website":"https://www.8way.com.tw/"},"geometry":{"type":"Point","coordinates":[121.630095,25.0708]}},{"type":"Feature","properties":{"id":"osm:node:3889230211","name":"松屋","category":"fast_food","nameEn":"Matsuya","cuisine":"beef_bowl","brand":"松屋","address":"104臺北市中山區民權西路34-1號"},"geometry":{"type":"Point","coordinates":[121.521335,25.062593]}},{"type":"Feature","properties":{"id":"osm:node:3889230212","name":"摩斯漢堡","category":"fast_food","nameEn":"MOS Burger","cuisine":"burger","brand":"摩斯漢堡","wheelchair":"yes"},"geometry":{"type":"Point","coordinates":[121.521356,25.063009]}},{"type":"Feature","properties":{"id":"osm:node:3893019834","name":"摩斯漢堡","category":"fast_food","nameEn":"MOS Burger","cuisine":"burger","brand":"摩斯漢堡","opening_hours":"Mo-Su 06:00-23:00","address":"10045臺北市中正區重慶南路一段125號","phone":"+886 2 2388 7994","website":"https://www.mos.com.tw/","wheelchair":"yes"},"geometry":{"type":"Point","coordinates":[121.513301,25.042074]}},{"type":"Feature","properties":{"id":"osm:node:3904251379","name":"魔力早餐","category":"fast_food"},"geometry":{"type":"Point","coordinates":[121.51112,24.99669]}},{"type":"Feature","properties":{"id":"osm:node:3924745259","name":"八方雲集","category":"fast_food","nameEn":"Bafang Dumpling","cuisine":"dumplings","brand":"八方雲集","address":"100057臺北市中正區延平南路222號","phone":"+886 2 2381 2109","website":"https://www.8way.com.tw/"},"geometry":{"type":"Point","coordinates":[121.507368,25.034199]}},{"type":"Feature","properties":{"id":"osm:node:3924752776","name":"Subway","category":"fast_food","cuisine":"sandwich","brand":"Subway","opening_hours":"Mo-Su 07:00-22:00","address":"100057臺北市中正區延平南路165號","phone":"+886 2 2311 4819","website":"https://subway.com.tw/"},"geometry":{"type":"Point","coordinates":[121.507751,25.035062]}},{"type":"Feature","properties":{"id":"osm:node:3929888360","name":"Mister Donut","category":"fast_food","nameEn":"Mister Donut","cuisine":"donut","brand":"Mister Donut","opening_hours":"07:00-22:00","address":"231新北市新店區北新路二段115號","phone":"+886 2 29129941","website":"https://www.misterdonut.com.tw/"},"geometry":{"type":"Point","coordinates":[121.542747,24.974838]}},{"type":"Feature","properties":{"id":"osm:node:3939158016","name":"大學口胡椒餅","category":"fast_food","wheelchair":"limited"},"geometry":{"type":"Point","coordinates":[121.527864,25.02156]}},{"type":"Feature","properties":{"id":"osm:node:3939158030","name":"摩斯漢堡","category":"fast_food","nameEn":"MOS Burger","cuisine":"burger","brand":"摩斯漢堡","wheelchair":"yes"},"geometry":{"type":"Point","coordinates":[121.534109,25.025955]}},{"type":"Feature","properties":{"id":"osm:node:3939158056","name":"潤餅卷X果汁吧","category":"fast_food","address":"106臺北市大安區師大路124號"},"geometry":{"type":"Point","coordinates":[121.527994,25.021687]}},{"type":"Feature","properties":{"id":"osm:node:3939158491","name":"洪瑞珍三明治","category":"fast_food","wheelchair":"limited"},"geometry":{"type":"Point","coordinates":[121.527721,25.021405]}},{"type":"Feature","properties":{"id":"osm:node:3939158511","name":"麥當勞","category":"fast_food","nameEn":"McDonald's","cuisine":"burger","brand":"麥當勞","address":"110台北市信義區忠孝東路五段522號","wheelchair":"limited"},"geometry":{"type":"Point","coordinates":[121.579206,25.041309]}},{"type":"Feature","properties":{"id":"osm:node:3955430391","name":"摩斯漢堡","category":"fast_food","nameEn":"MOS Burger","cuisine":"burger","brand":"摩斯漢堡"},"geometry":{"type":"Point","coordinates":[121.556941,25.051771]}},{"type":"Feature","properties":{"id":"osm:node:3955430405","name":"弘爺漢堡","category":"fast_food","nameEn":"Hong Ya Hambuger","cuisine":"american;breakfast","brand":"弘爺漢堡"},"geometry":{"type":"Point","coordinates":[121.560807,25.053254]}},{"type":"Feature","properties":{"id":"osm:node:3983560632","name":"八方雲集","category":"fast_food","nameEn":"Bafang Dumpling","cuisine":"dumplings","brand":"八方雲集","address":"235新北市中和區中山路二段2巷45弄2號","phone":"+886 2 2246 3071","website":"https://www.8way.com.tw/"},"geometry":{"type":"Point","coordinates":[121.502142,25.006959]}},{"type":"Feature","properties":{"id":"osm:node:4007798825","name":"早安默","category":"fast_food"},"geometry":{"type":"Point","coordinates":[121.541545,24.994875]}},{"type":"Feature","properties":{"id":"osm:node:4031296820","name":"八方雲集","category":"fast_food","nameEn":"Bafang Dumpling","cuisine":"dumplings","brand":"八方雲集","address":"105台北市松山區南京東路三段303巷6弄1號","phone":"+886 2 2719 7011","website":"https://www.8way.com.tw/"},"geometry":{"type":"Point","coordinates":[121.54688,25.052528]}},{"type":"Feature","properties":{"id":"osm:node:4031296852","name":"麥當勞","category":"fast_food","nameEn":"McDonald's","cuisine":"burger","brand":"麥當勞","opening_hours":"Mo-Su 06:00-24:00","address":"臺北市中山區松江路72號1、2樓"},"geometry":{"type":"Point","coordinates":[121.53275,25.049466]}},{"type":"Feature","properties":{"id":"osm:node:4033147918","name":"麥當勞","category":"fast_food","nameEn":"McDonald's","cuisine":"burger","brand":"麥當勞","opening_hours":"Mo-Su 06:00-24:00","address":"231新北市新店區北新路一段329號"},"geometry":{"type":"Point","coordinates":[121.541543,24.968512]}},{"type":"Feature","properties":{"id":"osm:node:4043621260","name":"八方雲集","category":"fast_food","nameEn":"Bafang Dumpling","cuisine":"dumplings","brand":"八方雲集","address":"100台北市中正區廈門街52號","phone":"+886 2 2367 1237","website":"https://www.8way.com.tw/","wheelchair":"limited"},"geometry":{"type":"Point","coordinates":[121.517348,25.025268]}},{"type":"Feature","properties":{"id":"osm:node:4054804409","name":"肯德基","category":"fast_food","nameEn":"KFC","cuisine":"chicken","brand":"肯德基"},"geometry":{"type":"Point","coordinates":[121.517152,24.999034]}},{"type":"Feature","properties":{"id":"osm:node:4058075210","name":"Subway","category":"fast_food","cuisine":"sandwich","brand":"Subway"},"geometry":{"type":"Point","coordinates":[121.577102,25.039248]}},{"type":"Feature","properties":{"id":"osm:node:4071081914","name":"Burger Fix","category":"fast_food","cuisine":"burger","opening_hours":"Mo-Su 10:00-22:00","address":"106臺北市大安區安和路一段21巷5號","phone":"+886 227 516 628","website":"https://www.facebook.com/Burger-Fix-949246498439197"},"geometry":{"type":"Point","coordinates":[121.550329,25.039551]}},{"type":"Feature","properties":{"id":"osm:node:4082740394","name":"八方雲集","category":"fast_food","nameEn":"Bafang Dumpling","cuisine":"dumplings","brand":"八方雲集","address":"106台北市大安區安居街25號","phone":"+886 2 2738 6875","website":"https://www.8way.com.tw/","wheelchair":"no"},"geometry":{"type":"Point","coordinates":[121.5547,25.020657]}},{"type":"Feature","properties":{"id":"osm:node:4082740404","name":"呷尚寶","category":"fast_food","nameEn":"JSP","cuisine":"burger","brand":"呷尚寶"},"geometry":{"type":"Point","coordinates":[121.552603,25.020515]}},{"type":"Feature","properties":{"id":"osm:node:4083325656","name":"麥當勞","category":"fast_food","nameEn":"McDonald's","cuisine":"burger","brand":"麥當勞","address":"106台北市大安區和平東路三段406巷8-2號","wheelchair":"no"},"geometry":{"type":"Point","coordinates":[121.557967,25.018298]}},{"type":"Feature","properties":{"id":"osm:node:4085141431","name":"麥當勞","category":"fast_food","opening_hours":"Mo-Su 06:00-00:00","address":"220新北市板橋區南雅南路二段122之23號一樓","phone":"+886 2 77179297","website":"https://www.mcdonalds.com/tw/zh-tw.html"},"geometry":{"type":"Point","coordinates":[121.451967,24.997193]}},{"type":"Feature","properties":{"id":"osm:node:4085141433","name":"德克士脆皮炸雞","category":"fast_food"},"geometry":{"type":"Point","coordinates":[121.451853,24.997281]}},{"type":"Feature","properties":{"id":"osm:node:4097515389","name":"摩斯漢堡","category":"fast_food","nameEn":"MOS Burger","cuisine":"burger","brand":"摩斯漢堡","address":"106台北市大安區安和路一段68號","wheelchair":"no"},"geometry":{"type":"Point","coordinates":[121.552369,25.035306]}},{"type":"Feature","properties":{"id":"osm:node:4099753069","name":"就是棒美式餐廳","category":"fast_food","nameEn":"Juicy Bun Burger","cuisine":"burger;sandwich;diner","opening_hours":"11:30-22:00","address":"116台北市文山區萬壽路19號一樓","phone":"+886 2 2939 0780","website":"https://www.instagram.com/juicybun_burger/?hl=zh-tw"},"geometry":{"type":"Point","coordinates":[121.576067,24.988166]}},{"type":"Feature","properties":{"id":"osm:node:4100749292","name":"肯德基","category":"fast_food","nameEn":"KFC","cuisine":"chicken","brand":"肯德基","wheelchair":"yes"},"geometry":{"type":"Point","coordinates":[121.472988,25.029616]}},{"type":"Feature","properties":{"id":"osm:node:4138747092","name":"摩斯","category":"fast_food","wheelchair":"limited"},"geometry":{"type":"Point","coordinates":[121.563734,25.058117]}},{"type":"Feature","properties":{"id":"osm:node:4143010317","name":"拉亞漢堡","category":"fast_food","nameEn":"Laya Burger","cuisine":"burger;breakfast","brand":"拉亞漢堡","address":"231新北市新店區中興路三段170號"},"geometry":{"type":"Point","coordinates":[121.544304,24.981008]}},{"type":"Feature","properties":{"id":"osm:node:4145118696","name":"摩斯漢堡","category":"fast_food","nameEn":"MOS Burger","cuisine":"burger","brand":"摩斯漢堡"},"geometry":{"type":"Point","coordinates":[121.466133,24.986693]}},{"type":"Feature","properties":{"id":"osm:node:4145118728","name":"麥當勞","category":"fast_food","nameEn":"McDonald's","cuisine":"burger","brand":"麥當勞"},"geometry":{"type":"Point","coordinates":[121.466011,24.986582]}},{"type":"Feature","properties":{"id":"osm:node:4147351038","name":"八方雲集","category":"fast_food","nameEn":"Bafang Dumpling","cuisine":"dumplings","brand":"八方雲集","opening_hours":"Mo-Su 10:00-21:00","address":"220079新北市板橋區三民路二段28之1號","phone":"+886 2 2964 0161","website":"https://www.8way.com.tw/"},"geometry":{"type":"Point","coordinates":[121.479044,25.018227]}},{"type":"Feature","properties":{"id":"osm:node:4147351040","name":"吉野家","category":"fast_food","nameEn":"Yoshinoya","cuisine":"beef_bowl","brand":"吉野家","opening_hours":"Mo-Su 10:00-24:00","address":"220079新北市板橋區三民路二段28號1樓","phone":"+886 2 8951 2610","website":"https://www.yoshinoya.com.tw/"},"geometry":{"type":"Point","coordinates":[121.479024,25.018129]}},{"type":"Feature","properties":{"id":"osm:node:4149458756","name":"八方雲集","category":"fast_food","nameEn":"Bafang Dumpling","cuisine":"dumplings","brand":"八方雲集","address":"10462臺北市中山區北安路535-2號","phone":"+886 2 2532 9488","website":"https://www.8way.com.tw/"},"geometry":{"type":"Point","coordinates":[121.547217,25.080062]}},{"type":"Feature","properties":{"id":"osm:node:4167717189","name":"丸亀製麺","category":"fast_food","nameEn":"Marugame Seimen","cuisine":"noodle","brand":"丸亀製麺","wheelchair":"yes"},"geometry":{"type":"Point","coordinates":[121.566764,25.0388]}},{"type":"Feature","properties":{"id":"osm:node:4198238515","name":"吉野家","category":"fast_food","nameEn":"Yoshinoya","cuisine":"beef_bowl","brand":"吉野家","address":"104台北市中山區吉林路36號"},"geometry":{"type":"Point","coordinates":[121.529929,25.051645]}},{"type":"Feature","properties":{"id":"osm:node:4198238520","name":"摩斯漢堡","category":"fast_food","nameEn":"MOS Burger","cuisine":"burger","brand":"摩斯漢堡","address":"104臺北市中山區興亞里16鄰吉林路27號","phone":"+886 2 2531 3938"},"geometry":{"type":"Point","coordinates":[121.530205,25.050777]}},{"type":"Feature","properties":{"id":"osm:node:4200642661","name":"八方雲集","category":"fast_food","nameEn":"Bafang Dumpling","cuisine":"dumplings","brand":"八方雲集","address":"116台北市文山區興隆路三段98號","phone":"+886 2 2932 8389","website":"https://www.8way.com.tw/"},"geometry":{"type":"Point","coordinates":[121.557053,24.99942]}},{"type":"Feature","properties":{"id":"osm:node:4200642662","name":"八方雲集","category":"fast_food","nameEn":"Bafang Dumpling","cuisine":"dumplings","brand":"八方雲集","address":"116台北市文山區福興路50號","phone":"+886 2 2930 5477","website":"https://www.8way.com.tw/"},"geometry":{"type":"Point","coordinates":[121.550588,25.003361]}},{"type":"Feature","properties":{"id":"osm:node:4200642684","name":"巨林美而美","category":"fast_food","nameEn":"Jyulin Mei & Mei","cuisine":"breakfast","brand":"巨林美而美","opening_hours":"Mo-Fr 6:30-11:30, Sa-Su 8:00-13:00","address":"116台北市文山區福興路15號"},"geometry":{"type":"Point","coordinates":[121.551641,25.002488]}},{"type":"Feature","properties":{"id":"osm:node:4200643108","name":"瑞麟美而美","category":"fast_food","nameEn":"Rueilin Mei & Mei","cuisine":"breakfast","brand":"瑞麟美而美","address":"116台北市文山區興隆路二段203巷46號"},"geometry":{"type":"Point","coordinates":[121.548372,25.0022]}},{"type":"Feature","properties":{"id":"osm:node:4200643109","name":"瑞麟美而美","category":"fast_food","nameEn":"Rueilin Mei & Mei","cuisine":"breakfast","brand":"瑞麟美而美","address":"116台北市文山區福興路32號"},"geometry":{"type":"Point","coordinates":[121.551018,25.003081]}},{"type":"Feature","properties":{"id":"osm:node:4200643110","name":"呷尚寶","category":"fast_food","nameEn":"JSP","cuisine":"burger","brand":"呷尚寶","address":"116台北市文山區福興路58號"},"geometry":{"type":"Point","coordinates":[121.550365,25.0035]}},{"type":"Feature","properties":{"id":"osm:node:4205229670","name":"摩斯漢堡","category":"fast_food","nameEn":"MOS Burger","cuisine":"burger","brand":"摩斯漢堡","opening_hours":"Mo-Su 06:00-22:00","address":"103012臺北市大同區長安西路219號","phone":"+886 2 2549 2749","website":"https://www.mos.com.tw/"},"geometry":{"type":"Point","coordinates":[121.512517,25.052054]}},{"type":"Feature","properties":{"id":"osm:node:4205230073","name":"肯德基","category":"fast_food","nameEn":"KFC","cuisine":"chicken","brand":"肯德基","opening_hours":"Mo-Su 07:00-23:00","address":"10349臺北市大同區承德路一段38號","website":"https://www.kfcclub.com.tw/"},"geometry":{"type":"Point","coordinates":[121.516771,25.050839]}},{"type":"Feature","properties":{"id":"osm:node:4205230087","name":"麥當勞","category":"fast_food","nameEn":"McDonald's","cuisine":"burger","brand":"麥當勞","opening_hours":"24/7","address":"10349臺北市大同區承德路一段34號1樓","phone":"+886 2 2556 3502","website":"http://www.mcdonalds.com.tw/"},"geometry":{"type":"Point","coordinates":[121.516763,25.050788]}},{"type":"Feature","properties":{"id":"osm:node:4218630450","name":"冠軍淺艇堡","category":"fast_food","cuisine":"sandwich","address":"100臺北市中正區忠孝西路一段98號","phone":"+886-2-23115856"},"geometry":{"type":"Point","coordinates":[121.512778,25.047118]}},{"type":"Feature","properties":{"id":"osm:node:4221670192","name":"八方雲集","category":"fast_food","nameEn":"Bafang Dumpling","cuisine":"dumplings","brand":"八方雲集","opening_hours":"Mo-Su 11:00-02:00","address":"110台北市信義區崇德街98號","phone":"+886 2 8732 7996","website":"https://www.8way.com.tw/"},"geometry":{"type":"Point","coordinates":[121.555361,25.024121]}},{"type":"Feature","properties":{"id":"osm:node:4231372845","name":"吉野家","category":"fast_food","nameEn":"Yoshinoya","cuisine":"beef_bowl","brand":"吉野家","address":"105台北市松山區南京東路五段74號"},"geometry":{"type":"Point","coordinates":[121.561173,25.051233]}},{"type":"Feature","properties":{"id":"osm:node:4236823723","name":"巨林美而美","category":"fast_food","nameEn":"Jyulin Mei & Mei","cuisine":"breakfast","brand":"巨林美而美","address":"106臺北市大安區麗水街1之2號"},"geometry":{"type":"Point","coordinates":[121.529066,25.032474]}},{"type":"Feature","properties":{"id":"osm:node:4253208197","name":"拉亞漢堡","category":"fast_food","nameEn":"Laya Burger","cuisine":"burger;breakfast","brand":"拉亞漢堡","address":"100臺北市中正區羅斯福路三段244巷25號","wheelchair":"yes"},"geometry":{"type":"Point","coordinates":[121.53039,25.016525]}},{"type":"Feature","properties":{"id":"osm:node:4258235955","name":"光頭呂蔥抓餅","category":"fast_food","cuisine":"international","address":"220新北市板橋區信義路163巷4號","website":"https://www.handcake.com.tw","wheelchair":"no"},"geometry":{"type":"Point","coordinates":[121.459121,24.992666]}},{"type":"Feature","properties":{"id":"osm:node:4269582561","name":"早安美芝城","category":"fast_food","nameEn":"Good Morning MACC","cuisine":"breakfast","brand":"早安美芝城"},"geometry":{"type":"Point","coordinates":[121.53981,25.04375]}},{"type":"Feature","properties":{"id":"osm:node:4269582565","name":"瑞麟美而美","category":"fast_food","nameEn":"Rueilin Mei & Mei","cuisine":"breakfast","brand":"瑞麟美而美","address":"104台北市中山區南京東路三段216巷17號"},"geometry":{"type":"Point","coordinates":[121.54348,25.05114]}},{"type":"Feature","properties":{"id":"osm:node:4293131789","name":"Street Food","category":"fast_food"},"geometry":{"type":"Point","coordinates":[121.515941,25.071703]}},{"type":"Feature","properties":{"id":"osm:node:4295534147","name":"Yon Ho 永和豆漿","category":"fast_food","address":"10842臺北市萬華區漢口街二段20巷3號"},"geometry":{"type":"Point","coordinates":[121.508083,25.045113]}},{"type":"Feature","properties":{"id":"osm:node:4298881343","name":"小旺號","category":"fast_food","address":"100臺北市中正區羅斯福路四段78巷1弄15號","wheelchair":"no"},"geometry":{"type":"Point","coordinates":[121.534052,25.014306]}},{"type":"Feature","properties":{"id":"osm:node:4298897598","name":"德克士脆皮炸雞","category":"fast_food","opening_hours":"Mo-Su 07:00-21:00","address":"100臺北市中正區重慶南路一段100號","phone":"+886 2 23116368","website":"https://www.dicos.com.tw/","wheelchair":"yes"},"geometry":{"type":"Point","coordinates":[121.513033,25.042544]}},{"type":"Feature","properties":{"id":"osm:node:4302045689","name":"麥當勞","category":"fast_food","nameEn":"McDonald's","cuisine":"burger","brand":"麥當勞"},"geometry":{"type":"Point","coordinates":[121.654165,25.065592]}},{"type":"Feature","properties":{"id":"osm:node:4302088070","name":"八方雲集","category":"fast_food","nameEn":"Bafang Dumpling","cuisine":"dumplings","brand":"八方雲集","address":"221新北市汐止區連興街24號","phone":"+886 2 2643 8820","website":"https://www.8way.com.tw/"},"geometry":{"type":"Point","coordinates":[121.655229,25.063704]}},{"type":"Feature","properties":{"id":"osm:node:4307603600","name":"肯德基","category":"fast_food","nameEn":"KFC","cuisine":"chicken","brand":"肯德基","address":"111臺北市士林區文林路88號","wheelchair":"limited"},"geometry":{"type":"Point","coordinates":[121.525986,25.087292]}},{"type":"Feature","properties":{"id":"osm:node:4307625974","name":"Subway","category":"fast_food","cuisine":"sandwich","brand":"Subway"},"geometry":{"type":"Point","coordinates":[121.525834,25.027277]}},{"type":"Feature","properties":{"id":"osm:node:4312418437","name":"派克2","category":"fast_food","cuisine":"fried_chicken"},"geometry":{"type":"Point","coordinates":[121.591789,25.080295]}},{"type":"Feature","properties":{"id":"osm:node:4312433362","name":"吉野家","category":"fast_food","nameEn":"Yoshinoya","cuisine":"beef_bowl","brand":"吉野家"},"geometry":{"type":"Point","coordinates":[121.590435,25.07999]}},{"type":"Feature","properties":{"id":"osm:node:4314326449","name":"拉亞漢堡","category":"fast_food","nameEn":"Laya Burger","cuisine":"burger;breakfast","brand":"拉亞漢堡","address":"114台北市內湖區康寧路一段153號"},"geometry":{"type":"Point","coordinates":[121.59443,25.07917]}},{"type":"Feature","properties":{"id":"osm:node:4315295869","name":"摩斯漢堡","category":"fast_food","nameEn":"MOS Burger","cuisine":"burger","brand":"摩斯漢堡"},"geometry":{"type":"Point","coordinates":[121.654995,25.062975]}},{"type":"Feature","properties":{"id":"osm:node:4325693899","name":"肯德基","category":"fast_food","nameEn":"KFC","cuisine":"chicken","brand":"肯德基","address":"100臺北市中正區八德路一段64號","wheelchair":"yes"},"geometry":{"type":"Point","coordinates":[121.531434,25.043917]}},{"type":"Feature","properties":{"id":"osm:node:4325693925","name":"ONE PART披薩","category":"fast_food","cuisine":"pizza","address":"100臺北市中正區八德路一段76號","phone":"+886 2 23415168"},"geometry":{"type":"Point","coordinates":[121.531681,25.043974]}},{"type":"Feature","properties":{"id":"osm:node:4325694219","name":"Home Burger","category":"fast_food","address":"100臺北市中正區汀州路三段77號"},"geometry":{"type":"Point","coordinates":[121.528576,25.017767]}},{"type":"Feature","properties":{"id":"osm:node:4327978979","name":"麥當勞","category":"fast_food","nameEn":"McDonald's","cuisine":"burger","brand":"麥當勞"},"geometry":{"type":"Point","coordinates":[121.516462,24.998236]}},{"type":"Feature","properties":{"id":"osm:node:4328118423","name":"早安美芝城","category":"fast_food","nameEn":"Good Morning MACC","cuisine":"breakfast","brand":"早安美芝城","address":"116台北市文山區羅斯福路五段259號"},"geometry":{"type":"Point","coordinates":[121.539497,25.001192]}},{"type":"Feature","properties":{"id":"osm:node:4329768668","name":"八方雲集","category":"fast_food","nameEn":"Bafang Dumpling","cuisine":"dumplings","brand":"八方雲集","address":"112台北市北投區明德路86號","phone":"+886 2 2821 3838","website":"https://www.8way.com.tw/","wheelchair":"limited"},"geometry":{"type":"Point","coordinates":[121.519589,25.109315]}},{"type":"Feature","properties":{"id":"osm:node:4330721790","name":"八方雲集","category":"fast_food","nameEn":"Bafang Dumpling","cuisine":"dumplings","brand":"八方雲集","address":"103022臺北市大同區承德路一段14號","phone":"+886 2 2556 4489","website":"https://www.8way.com.tw/"},"geometry":{"type":"Point","coordinates":[121.51665,25.050285]}},{"type":"Feature","properties":{"id":"osm:node:4333515789","name":"麥當勞","category":"fast_food","nameEn":"McDonald's","cuisine":"burger","brand":"麥當勞","address":"台北市士林區德行東路229巷","wheelchair":"no"},"geometry":{"type":"Point","coordinates":[121.533111,25.109482]}},{"type":"Feature","properties":{"id":"osm:node:4334127491","name":"窗口","category":"fast_food"},"geometry":{"type":"Point","coordinates":[121.533499,25.013778]}},{"type":"Feature","properties":{"id":"osm:node:4334952501","name":"弘爺漢堡","category":"fast_food","nameEn":"Hong Ya Hambuger","cuisine":"american;breakfast","brand":"弘爺漢堡","opening_hours":"Mo-Fr 06:30-13:00; Sa 06:30-12:00","address":"100台北市中正區南昌路一段59巷8號","phone":"+886-2-2341-5868","wheelchair":"no"},"geometry":{"type":"Point","coordinates":[121.517888,25.031533]}},{"type":"Feature","properties":{"id":"osm:node:4340727653","name":"八方雲集","category":"fast_food","nameEn":"Bafang Dumpling","cuisine":"dumplings","brand":"八方雲集","address":"台北市","website":"https://www.8way.com.tw/","wheelchair":"no"},"geometry":{"type":"Point","coordinates":[121.535176,25.064556]}},{"type":"Feature","properties":{"id":"osm:node:4342022088","name":"老虎店","category":"fast_food"},"geometry":{"type":"Point","coordinates":[121.583461,24.994246]}},{"type":"Feature","properties":{"id":"osm:node:4344542444","name":"瑞麟美而美","category":"fast_food","nameEn":"Rueilin Mei & Mei","cuisine":"breakfast","brand":"瑞麟美而美","address":"104台北市中山區伊通街133號","phone":"+886 2 2515 6386"},"geometry":{"type":"Point","coordinates":[121.534929,25.054405]}},{"type":"Feature","properties":{"id":"osm:node:4373028409","name":"青蛙廚坊","category":"fast_food"},"geometry":{"type":"Point","coordinates":[121.589926,24.993957]}},{"type":"Feature","properties":{"id":"osm:node:4378795753","name":"吉野家","category":"fast_food","nameEn":"Yoshinoya","cuisine":"beef_bowl","brand":"吉野家"},"geometry":{"type":"Point","coordinates":[121.494733,25.071379]}},{"type":"Feature","properties":{"id":"osm:node:4384740026","name":"麥當勞","category":"fast_food","nameEn":"McDonald's","cuisine":"burger;coffee_shop","brand":"麥當勞","opening_hours":"Mo-Su 06:00-00:00","address":"241054新北市三重區龍門路42號","phone":"+886 2 2976 3181","website":"https://www.mcdonalds.com/tw/zh-tw.html"},"geometry":{"type":"Point","coordinates":[121.496027,25.072484]}},{"type":"Feature","properties":{"id":"osm:node:4398333801","name":"肯德基","category":"fast_food","nameEn":"KFC","cuisine":"chicken","brand":"肯德基","opening_hours":"10:00-23:00"},"geometry":{"type":"Point","coordinates":[121.5003,25.025437]}},{"type":"Feature","properties":{"id":"osm:node:4423130976","name":"摩斯漢堡","category":"fast_food","nameEn":"MOS Burger","cuisine":"burger","brand":"摩斯漢堡"},"geometry":{"type":"Point","coordinates":[121.496521,25.067572]}},{"type":"Feature","properties":{"id":"osm:node:4425989916","name":"八方雲集","category":"fast_food","nameEn":"Bafang Dumpling","cuisine":"dumplings","brand":"八方雲集","address":"247新北市蘆洲區中正路185巷44號","phone":"+886 2 2285 6988","website":"https://www.8way.com.tw/"},"geometry":{"type":"Point","coordinates":[121.467402,25.085037]}},{"type":"Feature","properties":{"id":"osm:node:4437315491","name":"邱家鹽酥雞","category":"fast_food","nameEn":"Chius` fried chiken","cuisine":"regional;deli;grill;chicken;seafood;friture","opening_hours":"Tu-Su 04:00-22:30"},"geometry":{"type":"Point","coordinates":[121.551946,25.000734]}},{"type":"Feature","properties":{"id":"osm:node:4443758495","name":"漢堡王","category":"fast_food","nameEn":"Burger King","cuisine":"burger","brand":"漢堡王","opening_hours":"07:00-23:00","address":"231新北市新店區北新路二段83號","phone":"+886 2 29179535","website":"https://www.burgerking.com.tw/"},"geometry":{"type":"Point","coordinates":[121.542744,24.974005]}},{"type":"Feature","properties":{"id":"osm:node:4449757812","name":"八方雲集","category":"fast_food","nameEn":"Bafang Dumpling","cuisine":"dumplings","brand":"八方雲集","address":"104台北市中山區南京西路12巷15號","phone":"+886 2 2522 2116","website":"https://www.8way.com.tw/"},"geometry":{"type":"Point","coordinates":[121.521502,25.051324]}},{"type":"Feature","properties":{"id":"osm:node:4449757821","name":"呷尚寶","category":"fast_food","nameEn":"JSP","cuisine":"burger","brand":"呷尚寶"},"geometry":{"type":"Point","coordinates":[121.519416,25.050203]}},{"type":"Feature","properties":{"id":"osm:node:4451503592","name":"忠誠40營養早餐俱樂部","category":"fast_food","nameEn":"Health Life Club","cuisine":"tea","opening_hours":"Mo-Su 07:00-09:45, 18:00-21:00"},"geometry":{"type":"Point","coordinates":[121.529248,25.105611]}},{"type":"Feature","properties":{"id":"osm:node:4452770293","name":"肯德基","category":"fast_food","nameEn":"KFC","cuisine":"chicken","brand":"肯德基","opening_hours":"Mo-Su 07:00-00:00","address":"241新北市三重區重新路二段1-1號","phone":"+886 2 8982 8168"},"geometry":{"type":"Point","coordinates":[121.499541,25.062959]}},{"type":"Feature","properties":{"id":"osm:node:4453014110","name":"摩斯漢堡","category":"fast_food","nameEn":"MOS Burger","cuisine":"burger","brand":"摩斯漢堡","opening_hours":"Mo-Su 06:00-23:00","address":"241新北市三重區重新路一段104號","phone":"+886 2 29769910"},"geometry":{"type":"Point","coordinates":[121.500983,25.06322]}},{"type":"Feature","properties":{"id":"osm:node:4464380390","name":"八方雲集","category":"fast_food","nameEn":"Bafang Dumpling","cuisine":"dumplings","brand":"八方雲集","opening_hours":"11:00-20:30","address":"231新北市新店區建國路62號","phone":"+886 2 29143789","website":"https://www.8way.com.tw/"},"geometry":{"type":"Point","coordinates":[121.540691,24.975815]}},{"type":"Feature","properties":{"id":"osm:node:4478361461","name":"芝山岩早餐店","category":"fast_food","cuisine":"breakfast"},"geometry":{"type":"Point","coordinates":[121.529432,25.101861]}},{"type":"Feature","properties":{"id":"osm:node:4483316291","name":"八方雲集","category":"fast_food","nameEn":"Bafang Dumpling","cuisine":"dumplings","brand":"八方雲集","address":"111台北市士林區美德街34號1樓","phone":"+886 2 2882 2589","website":"https://www.8way.com.tw/"},"geometry":{"type":"Point","coordinates":[121.525572,25.094815]}},{"type":"Feature","properties":{"id":"osm:node:4483368490","name":"永康街15號","category":"fast_food","wheelchair":"no"},"geometry":{"type":"Point","coordinates":[121.523609,25.087966]}},{"type":"Feature","properties":{"id":"osm:node:4510193157","name":"茉莉漢堡","category":"fast_food","cuisine":"burger","wheelchair":"no"},"geometry":{"type":"Point","coordinates":[121.52925,25.119943]}},{"type":"Feature","properties":{"id":"osm:node:4516500732","name":"麥當勞","category":"fast_food","nameEn":"McDonald's","cuisine":"burger","brand":"麥當勞"},"geometry":{"type":"Point","coordinates":[121.528883,25.118535]}},{"type":"Feature","properties":{"id":"osm:node:4520207468","name":"全多麥早餐","category":"fast_food"},"geometry":{"type":"Point","coordinates":[121.509853,24.961367]}},{"type":"Feature","properties":{"id":"osm:node:4520792491","name":"頂呱呱","category":"fast_food","nameEn":"TKK Fried Chicken","cuisine":"chicken","brand":"頂呱呱","wheelchair":"no"},"geometry":{"type":"Point","coordinates":[121.519284,25.028628]}},{"type":"Feature","properties":{"id":"osm:node:4524863659","name":"Subway","category":"fast_food","cuisine":"sandwich","brand":"Subway","address":"110台北市信義區吳興街220巷19號"},"geometry":{"type":"Point","coordinates":[121.562584,25.027388]}},{"type":"Feature","properties":{"id":"osm:node:4524863724","name":"Subway","category":"fast_food","cuisine":"sandwich","brand":"Subway"},"geometry":{"type":"Point","coordinates":[121.541458,25.062549]}},{"type":"Feature","properties":{"id":"osm:node:4524863728","name":"摩斯漢堡","category":"fast_food","nameEn":"MOS Burger","cuisine":"burger","brand":"摩斯漢堡"},"geometry":{"type":"Point","coordinates":[121.541251,25.062562]}},{"type":"Feature","properties":{"id":"osm:node:4524863980","name":"拉亞漢堡","category":"fast_food","nameEn":"Laya Burger","cuisine":"burger;breakfast","brand":"拉亞漢堡"},"geometry":{"type":"Point","coordinates":[121.541091,25.04103]}},{"type":"Feature","properties":{"id":"osm:node:4538275035","name":"麥當勞","category":"fast_food","nameEn":"McDonald's","cuisine":"burger","brand":"麥當勞"},"geometry":{"type":"Point","coordinates":[121.525393,24.999337]}},{"type":"Feature","properties":{"id":"osm:node:4538275045","name":"摩斯漢堡","category":"fast_food","nameEn":"MOS Burger","cuisine":"burger","brand":"摩斯漢堡","opening_hours":"PH,Mo-Su 06:00-23:00","address":"234新北市永和區永和路二段239之2號","wheelchair":"limited"},"geometry":{"type":"Point","coordinates":[121.515603,25.014565]}},{"type":"Feature","properties":{"id":"osm:node:4567949093","name":"八方雲集","category":"fast_food","nameEn":"Bafang Dumpling","cuisine":"dumplings","brand":"八方雲集","address":"221新北市汐止區樟樹一路135巷14號","phone":"+886 2 2647 5798","website":"https://www.8way.com.tw/"},"geometry":{"type":"Point","coordinates":[121.641545,25.0656]}},{"type":"Feature","properties":{"id":"osm:node:4607504903","name":"德州美墨炸雞","category":"fast_food","nameEn":"Rangers Fried Chicken","address":"111台北市士林區中山北路六段752號","phone":"+886 2 2876 7532"},"geometry":{"type":"Point","coordinates":[121.528311,25.115705]}},{"type":"Feature","properties":{"id":"osm:node:4609687389","name":"臺灣鹽酥雞創始總店","category":"fast_food","cuisine":"friture;local","opening_hours":"Mo-Su 10:30-03:00","address":"104台北市中山區北安路530號","phone":"+886 2 2532 1591"},"geometry":{"type":"Point","coordinates":[121.546625,25.079771]}},{"type":"Feature","properties":{"id":"osm:node:4629718327","name":"摩斯漢堡","category":"fast_food","nameEn":"MOS Burger","cuisine":"burger","brand":"摩斯漢堡","wheelchair":"no"},"geometry":{"type":"Point","coordinates":[121.554462,25.058022]}},{"type":"Feature","properties":{"id":"osm:node:4665253890","name":"豬ㄟ早午餐","category":"fast_food"},"geometry":{"type":"Point","coordinates":[121.533654,25.01951]}},{"type":"Feature","properties":{"id":"osm:node:4685231693","name":"Panos","category":"fast_food","nameEn":"Panos Cafe","cuisine":"sandwich","brand":"Panos","opening_hours":"24/7","address":"10641台北市大安區杭州南路二段7-1號","phone":"+886 2 2351-8568","website":"http://www.panosasia.com"},"geometry":{"type":"Point","coordinates":[121.52393,25.03439]}},{"type":"Feature","properties":{"id":"osm:node:4691856620","name":"弘爺漢堡","category":"fast_food","nameEn":"Hong Ya Hambuger","cuisine":"american;breakfast","brand":"弘爺漢堡"},"geometry":{"type":"Point","coordinates":[121.610705,25.072552]}},{"type":"Feature","properties":{"id":"osm:node:4691864360","name":"Subway","category":"fast_food","cuisine":"sandwich","brand":"Subway"},"geometry":{"type":"Point","coordinates":[121.611957,25.069956]}},{"type":"Feature","properties":{"id":"osm:node:4706638043","name":"八方雲集","category":"fast_food","nameEn":"Bafang Dumpling","cuisine":"dumplings","brand":"八方雲集","address":"241新北市三重區中正北路103號","phone":"+886 2 8981 8780","website":"https://www.8way.com.tw/"},"geometry":{"type":"Point","coordinates":[121.489604,25.06326]}},{"type":"Feature","properties":{"id":"osm:node:471718672","name":"麥當勞","category":"fast_food","nameEn":"McDonald's","cuisine":"burger","brand":"麥當勞","opening_hours":"24/7","address":"10673臺北市大安區新生南路三段88-2號","phone":"+886 2 2362 0668;+886 2 2362 0666","website":"http://www.mcdonalds.com.tw/","wheelchair":"yes"},"geometry":{"type":"Point","coordinates":[121.533331,25.018175]}},{"type":"Feature","properties":{"id":"osm:node:4725809126","name":"八方雲集","category":"fast_food","nameEn":"Bafang Dumpling","cuisine":"dumplings","brand":"八方雲集","address":"114台北市內湖區康寧路三段46號","phone":"+886 2 2630 6607","website":"https://www.8way.com.tw/"},"geometry":{"type":"Point","coordinates":[121.608714,25.071867]}},{"type":"Feature","properties":{"id":"osm:node:4737386239","name":"摩斯漢堡","category":"fast_food","nameEn":"MOS Burger","cuisine":"burger","brand":"摩斯漢堡","opening_hours":"06:00-22:00","address":"231新北市新店區中正路147號","wheelchair":"no"},"geometry":{"type":"Point","coordinates":[121.541287,24.971708]}},{"type":"Feature","properties":{"id":"osm:node:4756039055","name":"八方雲集","category":"fast_food","nameEn":"Bafang Dumpling","cuisine":"dumplings","brand":"八方雲集","address":"110台北市信義區吳興街487號","phone":"+886 2 8789 1053","website":"https://www.8way.com.tw/"},"geometry":{"type":"Point","coordinates":[121.56957,25.023272]}},{"type":"Feature","properties":{"id":"osm:node:4782166943","name":"八方雲集","category":"fast_food","nameEn":"Bafang Dumpling","cuisine":"dumplings","brand":"八方雲集","address":"111台北市士林區延平北路五段229號","phone":"+886 2 2811 5828","website":"https://www.8way.com.tw/"},"geometry":{"type":"Point","coordinates":[121.509789,25.084312]}},{"type":"Feature","properties":{"id":"osm:node:4783920817","name":"呷尚寶","category":"fast_food","nameEn":"JSP","cuisine":"burger","brand":"呷尚寶"},"geometry":{"type":"Point","coordinates":[121.509824,25.083994]}},{"type":"Feature","properties":{"id":"osm:node:4791150164","name":"早安美芝城","category":"fast_food","nameEn":"Good Morning MACC","cuisine":"breakfast","brand":"早安美芝城"},"geometry":{"type":"Point","coordinates":[121.504073,24.993347]}},{"type":"Feature","properties":{"id":"osm:node:4810839423","name":"達美樂披薩","category":"fast_food","nameEn":"Domino's","cuisine":"pizza","brand":"達美樂披薩"},"geometry":{"type":"Point","coordinates":[121.501068,25.133102]}},{"type":"Feature","properties":{"id":"osm:node:4810840723","name":"摩斯漢堡","category":"fast_food","nameEn":"MOS Burger","cuisine":"burger","brand":"摩斯漢堡","opening_hours":"Mo-Su 06:00-23:00","address":"11263臺北市北投區中央北路一段42-1號","phone":"+886-2-2896-0937","website":"https://www.mos.com.tw/"},"geometry":{"type":"Point","coordinates":[121.500688,25.13411]}},{"type":"Feature","properties":{"id":"osm:node:4810840724","name":"吉野家","category":"fast_food","nameEn":"Yoshinoya","cuisine":"beef_bowl","brand":"吉野家","address":"11263臺北市北投區中央北路一段50號"},"geometry":{"type":"Point","coordinates":[121.500524,25.134234]}},{"type":"Feature","properties":{"id":"osm:node:4834761771","name":"巨林美而美","category":"fast_food","nameEn":"Jyulin Mei & Mei","cuisine":"breakfast","brand":"巨林美而美","wheelchair":"limited"},"geometry":{"type":"Point","coordinates":[121.540667,25.003503]}},{"type":"Feature","properties":{"id":"osm:node:4834803703","name":"摩斯漢堡","category":"fast_food","nameEn":"MOS Burger","cuisine":"burger","brand":"摩斯漢堡","opening_hours":"Mo-Su 07:00-20:00","address":"106臺北市大安區基隆路三段85號一樓","phone":"+886 2 2732 5792","website":"https://www.mos.com.tw/"},"geometry":{"type":"Point","coordinates":[121.544998,25.017361]}},{"type":"Feature","properties":{"id":"osm:node:4837986345","name":"瑞麟美而美","category":"fast_food","nameEn":"Rueilin Mei & Mei","cuisine":"breakfast","brand":"瑞麟美而美","address":"和平東路三段"},"geometry":{"type":"Point","coordinates":[121.5478,25.024405]}},{"type":"Feature","properties":{"id":"osm:node:4837986347","name":"Subway","category":"fast_food","cuisine":"sandwich","brand":"Subway","address":"106臺北市大安區和平東路二段203號"},"geometry":{"type":"Point","coordinates":[121.542371,25.025219]}},{"type":"Feature","properties":{"id":"osm:node:4837986513","name":"八方雲集","category":"fast_food","nameEn":"Bafang Dumpling","cuisine":"dumplings","brand":"八方雲集","opening_hours":"Mo-Su 10:30-22:00","address":"104台北市中山區長安東路二段76號","phone":"+886 2 2507-7152","website":"https://www.8way.com.tw/"},"geometry":{"type":"Point","coordinates":[121.533806,25.048302]}},{"type":"Feature","properties":{"id":"osm:node:4838086674","name":"吉野家","category":"fast_food","nameEn":"Yoshinoya","cuisine":"beef_bowl","brand":"吉野家"},"geometry":{"type":"Point","coordinates":[121.517629,25.046611]}},{"type":"Feature","properties":{"id":"osm:node:4838087673","name":"肯德基","category":"fast_food","nameEn":"KFC","cuisine":"chicken","brand":"肯德基"},"geometry":{"type":"Point","coordinates":[121.517685,25.046679]}},{"type":"Feature","properties":{"id":"osm:node:4838087678","name":"Mister Donut","category":"fast_food","nameEn":"Mister Donut","cuisine":"donut","brand":"Mister Donut"},"geometry":{"type":"Point","coordinates":[121.517563,25.046442]}},{"type":"Feature","properties":{"id":"osm:node:4846801498","name":"八方雲集","category":"fast_food","nameEn":"Bafang Dumpling","cuisine":"dumplings","brand":"八方雲集","address":"220新北市板橋區重慶路308巷18號","phone":"+886 2 2951 1318","website":"https://www.8way.com.tw/"},"geometry":{"type":"Point","coordinates":[121.463638,24.997569]}},{"type":"Feature","properties":{"id":"osm:node:4848590222","name":"麥當勞","category":"fast_food","nameEn":"McDonald's","cuisine":"burger","brand":"麥當勞","opening_hours":"24/7","address":"241新北市三重區重陽路一段5號"},"geometry":{"type":"Point","coordinates":[121.486814,25.057635]}},{"type":"Feature","properties":{"id":"osm:node:485688385","name":"茉莉漢堡","category":"fast_food","nameEn":"Mary's Hamburger","cuisine":"burger","wheelchair":"limited"},"geometry":{"type":"Point","coordinates":[121.528224,25.115572]}},{"type":"Feature","properties":{"id":"osm:node:4861154621","name":"Subway","category":"fast_food","nameEn":"Subway","cuisine":"sandwich","brand":"Subway","address":"11492台北市內湖區瑞光路517號一樓"},"geometry":{"type":"Point","coordinates":[121.569162,25.079256]}},{"type":"Feature","properties":{"id":"osm:node:4887921029","name":"福洲元祖 胡椒餅","category":"fast_food","opening_hours":"Mo-Su 09:30-19:00","address":"108台北市萬華區和平西路三段89號"},"geometry":{"type":"Point","coordinates":[121.50068,25.035518]}},{"type":"Feature","properties":{"id":"osm:node:4928425267","name":"すき家","category":"fast_food","nameEn":"Sukiya","cuisine":"beef_bowl","brand":"すき家","address":"臺北市南京東路二段178號"},"geometry":{"type":"Point","coordinates":[121.535166,25.051742]}},{"type":"Feature","properties":{"id":"osm:node:4937873728","name":"吉豚屋","category":"fast_food","nameEn":"Katsuya","cuisine":"japanese;katsudon","opening_hours":"11:00-21:30","address":"241017新北市三重區重新路五段654號三樓302","phone":"+886 2 8512-1112"},"geometry":{"type":"Point","coordinates":[121.467638,25.04286]}},{"type":"Feature","properties":{"id":"osm:node:4937891814","name":"吉豚屋","category":"fast_food","nameEn":"Katsuya","cuisine":"japanese;katsudon","opening_hours":"11:00-21:30","address":"110台北市信義區松高路11號B2樓302","phone":"+886 2 2720-5166"},"geometry":{"type":"Point","coordinates":[121.565842,25.039615]}},{"type":"Feature","properties":{"id":"osm:node:4946808921","name":"八方雲集","category":"fast_food","nameEn":"Bafang Dumpling","cuisine":"dumplings","brand":"八方雲集","address":"114台北市內湖區江南街103號","phone":"+886 2 2659 9790","website":"https://www.8way.com.tw/"},"geometry":{"type":"Point","coordinates":[121.576704,25.076658]}},{"type":"Feature","properties":{"id":"osm:node:4978451935","name":"摩斯漢堡","category":"fast_food","nameEn":"MOS Burger","cuisine":"burger","brand":"摩斯漢堡","opening_hours":"Mo-Su 06:00-24:00","address":"106臺北市大安區仁愛路四段37-11號"},"geometry":{"type":"Point","coordinates":[121.546405,25.038198]}},{"type":"Feature","properties":{"id":"osm:node:4999623454","name":"SPUKIE","category":"fast_food","nameEn":"SPUKIE","cuisine":"sandwich"},"geometry":{"type":"Point","coordinates":[121.576607,24.988616]}},{"type":"Feature","properties":{"id":"osm:node:5048161954","name":"八方雲集","category":"fast_food","nameEn":"Bafang Dumpling","cuisine":"dumplings","brand":"八方雲集","address":"11252臺北市北投區中和街318號","phone":"+886-2-2898-5253","website":"https://www.8way.com.tw/"},"geometry":{"type":"Point","coordinates":[121.499842,25.141036]}},{"type":"Feature","properties":{"id":"osm:node:5049921329","name":"Subway","category":"fast_food","cuisine":"sandwich","brand":"Subway","address":"10048臺北市中正區信義路一段1號B1","phone":"+886 2 2343 2021","website":"http://www.twsubway.com/"},"geometry":{"type":"Point","coordinates":[121.519313,25.038555]}},{"type":"Feature","properties":{"id":"osm:node:5088772967","name":"吉野家","category":"fast_food","nameEn":"Yoshinoya","cuisine":"beef_bowl","brand":"吉野家","opening_hours":"Mo-Su 10:00-23:00","address":"108016臺北市萬華區西園路一段214之2號","phone":"+886 2 2306 6293","website":"https://yoshinoya.com.tw/","wheelchair":"no"},"geometry":{"type":"Point","coordinates":[121.49917,25.035661]}},{"type":"Feature","properties":{"id":"osm:node:5101412127","name":"Domino's","category":"fast_food","cuisine":"pizza","brand":"Domino's","address":"241新北市三重區中正北路77號"},"geometry":{"type":"Point","coordinates":[121.489992,25.063159]}},{"type":"Feature","properties":{"id":"osm:node:5108706545","name":"呷尚寶","category":"fast_food","nameEn":"JSP","cuisine":"burger","brand":"呷尚寶","address":"231新北市新店區寶橋路31號"},"geometry":{"type":"Point","coordinates":[121.544393,24.974491]}},{"type":"Feature","properties":{"id":"osm:node:5108706558","name":"瑞麟美而美","category":"fast_food","nameEn":"Rueilin Mei & Mei","cuisine":"breakfast","brand":"瑞麟美而美","address":"新北市新店區北新路二段100號"},"geometry":{"type":"Point","coordinates":[121.543087,24.973254]}},{"type":"Feature","properties":{"id":"osm:node:5108709468","name":"小木偶Brunch","category":"fast_food","cuisine":"breakfast","address":"116台北市文山區景興路49號"},"geometry":{"type":"Point","coordinates":[121.544844,24.996927]}},{"type":"Feature","properties":{"id":"osm:node:5109347795","name":"すき家","category":"fast_food","nameEn":"Sukiya","cuisine":"beef_bowl","brand":"すき家","opening_hours":"24/7","address":"臺北市大安區羅斯福路三段309號1樓","phone":"+886 2 2552 8700","website":"https://www.sukiya-jp.com.tw/","wheelchair":"limited"},"geometry":{"type":"Point","coordinates":[121.531958,25.017381]}},{"type":"Feature","properties":{"id":"osm:node:5110245074","name":"Subway","category":"fast_food","cuisine":"sandwich","brand":"Subway","opening_hours":"Mo-Fr 08:00-22:00; Sa-Su 09:00-22:00","address":"106090臺北市大安區信義路三段27號1樓及地下1樓","phone":"+886 2 2704 9318","website":"https://subway.com.tw/","wheelchair":"no"},"geometry":{"type":"Point","coordinates":[121.534366,25.033785]}},{"type":"Feature","properties":{"id":"osm:node:5110348745","name":"八方雲集","category":"fast_food","nameEn":"Bafang Dumpling","cuisine":"dumplings","brand":"八方雲集","address":"105台北市松山區南京東路五段252號","phone":"+886 2 2749 5002","website":"https://www.8way.com.tw/"},"geometry":{"type":"Point","coordinates":[121.566211,25.051145]}},{"type":"Feature","properties":{"id":"osm:node:5110348760","name":"Subway","category":"fast_food","cuisine":"sandwich","brand":"Subway"},"geometry":{"type":"Point","coordinates":[121.555256,25.021165]}},{"type":"Feature","properties":{"id":"osm:node:5110349935","name":"Subway","category":"fast_food","cuisine":"sandwich","brand":"Subway","address":"台北市內湖區成功路四段155號"},"geometry":{"type":"Point","coordinates":[121.594197,25.08326]}},{"type":"Feature","properties":{"id":"osm:node:5110489019","name":"八方雲集","category":"fast_food","nameEn":"Bafang Dumpling","cuisine":"dumplings","brand":"八方雲集","address":"104台北市中山區雙城街16號","phone":"+886 2 2593 6466","website":"https://www.8way.com.tw/"},"geometry":{"type":"Point","coordinates":[121.524194,25.065158]}},{"type":"Feature","properties":{"id":"osm:node:5110489257","name":"摩斯漢堡","category":"fast_food","nameEn":"MOS Burger","cuisine":"burger","brand":"摩斯漢堡","wheelchair":"limited"},"geometry":{"type":"Point","coordinates":[121.514018,25.072154]}},{"type":"Feature","properties":{"id":"osm:node:5110490234","name":"呷尚寶","category":"fast_food","nameEn":"JSP","cuisine":"burger","brand":"呷尚寶","wheelchair":"limited"},"geometry":{"type":"Point","coordinates":[121.507891,25.046249]}},{"type":"Feature","properties":{"id":"osm:node:5110490318","name":"呷尚寶","category":"fast_food","nameEn":"JSP","cuisine":"breakfast;brunch;burger;sandwich","brand":"呷尚寶","wheelchair":"yes"},"geometry":{"type":"Point","coordinates":[121.506629,25.041384]}},{"type":"Feature","properties":{"id":"osm:node:5110501339","name":"摩斯漢堡","category":"fast_food","nameEn":"MOS Burger","cuisine":"burger","brand":"摩斯漢堡"},"geometry":{"type":"Point","coordinates":[121.503781,25.135942]}},{"type":"Feature","properties":{"id":"osm:node:5119528621","name":"八方雲集","category":"fast_food","nameEn":"Bafang Dumpling","cuisine":"dumplings","brand":"八方雲集","address":"新北市","website":"https://www.8way.com.tw/"},"geometry":{"type":"Point","coordinates":[121.524183,24.991166]}},{"type":"Feature","properties":{"id":"osm:node:5132423623","name":"八方雲集","category":"fast_food","nameEn":"Bafang Dumpling","cuisine":"dumplings","brand":"八方雲集","address":"106臺北市大安區金山南路二段8號","website":"https://www.8way.com.tw/"},"geometry":{"type":"Point","coordinates":[121.527015,25.033651]}},{"type":"Feature","properties":{"id":"osm:node:5141078344","name":"八方雲集","category":"fast_food","nameEn":"Bafang Dumpling","cuisine":"dumplings","brand":"八方雲集","opening_hours":"Mo-Su 11:00-20:30","address":"103005臺北市大同區南京西路316號","phone":"+886 2 2559 2017","website":"https://www.8way.com.tw/"},"geometry":{"type":"Point","coordinates":[121.51296,25.053826]}},{"type":"Feature","properties":{"id":"osm:node:5174133524","name":"肯德基","category":"fast_food","nameEn":"KFC","cuisine":"chicken","brand":"肯德基","address":"111台北市士林區中正路351號","wheelchair":"yes"},"geometry":{"type":"Point","coordinates":[121.522353,25.094367]}},{"type":"Feature","properties":{"id":"osm:node:5174354421","name":"爆料雞排","category":"fast_food","nameEn":"Baoliao Chicken","address":"臺北市士林區臨溪路","wheelchair":"no"},"geometry":{"type":"Point","coordinates":[121.543974,25.095664]}},{"type":"Feature","properties":{"id":"osm:node:5182136401","name":"儂特利 Lotteria","category":"fast_food","cuisine":"burger","address":"111台北市士林區中正路370號"},"geometry":{"type":"Point","coordinates":[121.521168,25.09435]}},{"type":"Feature","properties":{"id":"osm:node:5187795821","name":"皇家披薩","category":"fast_food","cuisine":"pizza","address":"111台北市士林區德行東路192-1號","wheelchair":"no"},"geometry":{"type":"Point","coordinates":[121.531235,25.108604]}},{"type":"Feature","properties":{"id":"osm:node:5189696122","name":"京京健康早餐店","category":"fast_food","cuisine":"breakfast","address":"111台北市士林區天母北路5號","wheelchair":"no"},"geometry":{"type":"Point","coordinates":[121.526376,25.119013]}},{"type":"Feature","properties":{"id":"osm:node:5189707088","name":"肯德基","category":"fast_food","nameEn":"KFC","cuisine":"chicken","brand":"肯德基","opening_hours":"Mo-Su 08:00-22:00"},"geometry":{"type":"Point","coordinates":[121.57382,25.04112]}},{"type":"Feature","properties":{"id":"osm:node:5189799223","name":"早餐優選","category":"fast_food","cuisine":"breakfast","address":"111台北市士林區天母西路41巷7號","wheelchair":"no"},"geometry":{"type":"Point","coordinates":[121.527349,25.11931]}},{"type":"Feature","properties":{"id":"osm:node:5189829121","name":"麥香美早餐店","category":"fast_food","cuisine":"breakfast","address":"111台北市士林區天母西路41巷8號","wheelchair":"yes"},"geometry":{"type":"Point","coordinates":[121.527504,25.119138]}},{"type":"Feature","properties":{"id":"osm:node:5205439025","name":"廣香園蔬食自助餐","category":"fast_food","address":"111台北市士林區中山北路六段229號","wheelchair":"limited"},"geometry":{"type":"Point","coordinates":[121.525123,25.108935]}},{"type":"Feature","properties":{"id":"osm:node:5205493121","name":"達美樂披薩","category":"fast_food","nameEn":"Domino's","cuisine":"pizza","brand":"達美樂披薩","address":"111台北市士林區中山北路六段270號","wheelchair":"yes"},"geometry":{"type":"Point","coordinates":[121.525589,25.109825]}},{"type":"Feature","properties":{"id":"osm:node:5205539421","name":"八方雲集","category":"fast_food","nameEn":"Bafang Dumpling","cuisine":"dumplings","brand":"八方雲集","address":"111台北市士林區天母西路44號","website":"https://www.8way.com.tw/"},"geometry":{"type":"Point","coordinates":[121.525646,25.118359]}},{"type":"Feature","properties":{"id":"osm:node:5219050824","name":"Subway","category":"fast_food","cuisine":"sandwich","brand":"Subway","address":"111台北市士林區中山北路六段442號","wheelchair":"yes"},"geometry":{"type":"Point","coordinates":[121.527426,25.11409]}},{"type":"Feature","properties":{"id":"osm:node:5222741234","name":"胖老爹美式炸雞","category":"fast_food","nameEn":"Fat Daddy American Fried Chicken","cuisine":"chicken","brand":"胖老爹美式炸雞","wheelchair":"no"},"geometry":{"type":"Point","coordinates":[121.521138,25.104227]}},{"type":"Feature","properties":{"id":"osm:node:5222746427","name":"Qburger","category":"fast_food","cuisine":"american;breakfast","brand":"Qburger","wheelchair":"no"},"geometry":{"type":"Point","coordinates":[121.521472,25.104172]}},{"type":"Feature","properties":{"id":"osm:node:5236353924","name":"真好吃串烤","category":"fast_food","address":"111臺北市士林區德行東路109巷25號","wheelchair":"no"},"geometry":{"type":"Point","coordinates":[121.528247,25.108416]}},{"type":"Feature","properties":{"id":"osm:node:5236371624","name":"八方雲集","category":"fast_food","nameEn":"Bafang Dumpling","cuisine":"dumplings","brand":"八方雲集","address":"111台北市士林區德行東路109巷65號","phone":"+886 2 2837 6198","website":"https://www.8way.com.tw/","wheelchair":"no"},"geometry":{"type":"Point","coordinates":[121.528408,25.109626]}},{"type":"Feature","properties":{"id":"osm:node:5242177826","name":"弘爺漢堡","category":"fast_food","nameEn":"Hong Ya Hambuger","cuisine":"american;breakfast","brand":"弘爺漢堡","address":"111台北市士林區大東路120號","wheelchair":"yes"},"geometry":{"type":"Point","coordinates":[121.525609,25.091576]}},{"type":"Feature","properties":{"id":"osm:node:5248714736","name":"向日葵食堂","category":"fast_food","nameEn":"Sunflower store","cuisine":"chinese;regional;curry;asian","opening_hours":"Mo-Sa 07:30-19:30","address":"220新北市板橋區中山路一段158巷10號","phone":"+886 2 2959 0818"},"geometry":{"type":"Point","coordinates":[121.466152,25.011632]}},{"type":"Feature","properties":{"id":"osm:node:5249515028","name":"すき家","category":"fast_food","nameEn":"Sukiya","cuisine":"beef_bowl","brand":"すき家","opening_hours":"24/7"},"geometry":{"type":"Point","coordinates":[121.557424,25.04244]}},{"type":"Feature","properties":{"id":"osm:node:5255065322","name":"酷克漢堡","category":"fast_food","cuisine":"burger","address":"111台北市士林區德行東路19號","wheelchair":"limited"},"geometry":{"type":"Point","coordinates":[121.525802,25.106881]}},{"type":"Feature","properties":{"id":"osm:node:5256904122","name":"阿全師脆皮香雞排","category":"fast_food","address":"111台北市士林區德行東路109巷102弄18-1號","wheelchair":"no"},"geometry":{"type":"Point","coordinates":[121.529351,25.110737]}},{"type":"Feature","properties":{"id":"osm:node:5256908021","name":"蒜什麼咚咚 蒜味鹽酥雞","category":"fast_food","address":"111台北市士林區忠誠路二段40巷14弄11-5號","wheelchair":"no"},"geometry":{"type":"Point","coordinates":[121.529542,25.110748]}},{"type":"Feature","properties":{"id":"osm:node:5263221421","name":"八方雲集","category":"fast_food","nameEn":"Bafang Dumpling","cuisine":"dumplings","brand":"八方雲集","address":"111台北市士林區中山北路七段175號","phone":"+886 2 2873 2230","website":"https://www.8way.com.tw/"},"geometry":{"type":"Point","coordinates":[121.532553,25.124674]}},{"type":"Feature","properties":{"id":"osm:node:5263764450","name":"瑞麟美而美","category":"fast_food","nameEn":"Rueilin Mei & Mei","cuisine":"breakfast","brand":"瑞麟美而美"},"geometry":{"type":"Point","coordinates":[121.514545,25.027936]}},{"type":"Feature","properties":{"id":"osm:node:5274513723","name":"員林商店","category":"fast_food","opening_hours":"Mo-Sa 06:10-19:00"},"geometry":{"type":"Point","coordinates":[121.526609,25.029468]}},{"type":"Feature","properties":{"id":"osm:node:5276462227","name":"摩斯漢堡","category":"fast_food","nameEn":"MOS Burger","cuisine":"burger","brand":"摩斯漢堡"},"geometry":{"type":"Point","coordinates":[121.645718,25.008944]}},{"type":"Feature","properties":{"id":"osm:node:5281018821","name":"麥當勞","category":"fast_food","nameEn":"McDonald's","cuisine":"burger","brand":"麥當勞"},"geometry":{"type":"Point","coordinates":[121.471362,25.087224]}},{"type":"Feature","properties":{"id":"osm:node:5285474836","name":"肯德基","category":"fast_food","nameEn":"KFC","cuisine":"chicken","brand":"肯德基","address":"台北市文山區興隆路三段9號"},"geometry":{"type":"Point","coordinates":[121.554997,25.000865]}},{"type":"Feature","properties":{"id":"osm:node:5286821496","name":"21風味館","category":"fast_food","nameEn":"21Plus","cuisine":"chicken","brand":"21風味館","address":"臺北市文山區興隆路三段48號"},"geometry":{"type":"Point","coordinates":[121.555688,25.000228]}},{"type":"Feature","properties":{"id":"osm:node:5286850713","name":"胖老爹美式炸雞","category":"fast_food","nameEn":"Fat Daddy American Fried Chicken","cuisine":"chicken","brand":"胖老爹美式炸雞"},"geometry":{"type":"Point","coordinates":[121.557998,24.998768]}},{"type":"Feature","properties":{"id":"osm:node:5286876064","name":"頂呱呱","category":"fast_food","nameEn":"TKK Fried Chicken","cuisine":"chicken","brand":"頂呱呱","address":"116臺北市文山區興隆路三段67號"},"geometry":{"type":"Point","coordinates":[121.556313,25.000187]}},{"type":"Feature","properties":{"id":"osm:node:5286876072","name":"Subway","category":"fast_food","cuisine":"sandwich","brand":"Subway","opening_hours":"08:00-22:00","address":"116077臺北市文山區興隆路三段49號","phone":"+886 2 2932 8743","website":"https://subway.com.tw"},"geometry":{"type":"Point","coordinates":[121.555793,25.000495]}},{"type":"Feature","properties":{"id":"osm:node:5294023601","name":"妙膳","category":"fast_food","cuisine":"sandwich;chinese;burger;breakfast;早餐店","opening_hours":"Mo-Fr 07:00-13:00","address":"臺北市士林區華岡路"},"geometry":{"type":"Point","coordinates":[121.541924,25.137608]}},{"type":"Feature","properties":{"id":"osm:node:5296916559","name":"Mister Donut","category":"fast_food","nameEn":"Mister Donut","cuisine":"donut","brand":"Mister Donut","wheelchair":"yes"},"geometry":{"type":"Point","coordinates":[121.565284,25.040873]}},{"type":"Feature","properties":{"id":"osm:node:5344586026","name":"八方雲集","category":"fast_food","nameEn":"Bafang Dumpling","cuisine":"dumplings","brand":"八方雲集","address":"220新北市板橋區貴興路35號","phone":"+886 2 2952 1105","website":"https://www.8way.com.tw/"},"geometry":{"type":"Point","coordinates":[121.457636,25.003841]}},{"type":"Feature","properties":{"id":"osm:node:5349483384","name":"胖老爹美式炸雞","category":"fast_food","nameEn":"Fat Daddy American Fried Chicken","cuisine":"chicken","brand":"胖老爹美式炸雞","opening_hours":"15:00-23:00","address":"100台北市中正區辛亥路一段21號","phone":"+886-2-2369-1869","wheelchair":"no"},"geometry":{"type":"Point","coordinates":[121.528107,25.019242]}},{"type":"Feature","properties":{"id":"osm:node:5407132636","name":"鑫得壽司","category":"fast_food","cuisine":"sushi","wheelchair":"no"},"geometry":{"type":"Point","coordinates":[121.501502,25.036147]}},{"type":"Feature","properties":{"id":"osm:node:5458657199","name":"八方雲集","category":"fast_food","nameEn":"Bafang Dumpling","cuisine":"dumplings","brand":"八方雲集","address":"104台北市中山區林森北路271號","phone":"+886 2 2543 5607","website":"https://www.8way.com.tw/"},"geometry":{"type":"Point","coordinates":[121.525613,25.055048]}},{"type":"Feature","properties":{"id":"osm:node:5483729837","name":"Subway","category":"fast_food","cuisine":"sandwich","brand":"Subway","address":"106臺北市大安區信義路四段30巷5號"},"geometry":{"type":"Point","coordinates":[121.544725,25.032844]}},{"type":"Feature","properties":{"id":"osm:node:5512802386","name":"弘爺漢堡","category":"fast_food","nameEn":"Hong Ya Hambuger","cuisine":"american;breakfast","brand":"弘爺漢堡","opening_hours":"Mo-Su 06:00-13:30"},"geometry":{"type":"Point","coordinates":[121.4708,25.012156]}},{"type":"Feature","properties":{"id":"osm:node:5536013421","name":"Cube de bœuf","category":"fast_food","cuisine":"barbecue","wheelchair":"no"},"geometry":{"type":"Point","coordinates":[121.506906,25.044119]}},{"type":"Feature","properties":{"id":"osm:node:5551902823","name":"Lotteria","category":"fast_food","cuisine":"burger","brand":"Lotteria","address":"106臺北市大安區信義路三段109號","wheelchair":"limited"},"geometry":{"type":"Point","coordinates":[121.538286,25.034582]}},{"type":"Feature","properties":{"id":"osm:node:5556141255","name":"拉亞漢堡","category":"fast_food","nameEn":"Laya Burger","cuisine":"burger;breakfast","brand":"拉亞漢堡","address":"100臺北市中正區杭州南路一段97號"},"geometry":{"type":"Point","coordinates":[121.525247,25.039166]}},{"type":"Feature","properties":{"id":"osm:node:5563819318","name":"すき家","category":"fast_food","nameEn":"Sukiya","cuisine":"beef_bowl","brand":"すき家","opening_hours":"24/7","address":"24143新北市三重區重新路三段92號"},"geometry":{"type":"Point","coordinates":[121.492997,25.060636]}},{"type":"Feature","properties":{"id":"osm:node:5564549024","name":"早安美芝城","category":"fast_food","nameEn":"Good Morning MACC","cuisine":"breakfast","brand":"早安美芝城"},"geometry":{"type":"Point","coordinates":[121.615384,25.053219]}},{"type":"Feature","properties":{"id":"osm:node:5564549029","name":"呷尚寶","category":"fast_food","nameEn":"JSP","cuisine":"burger","brand":"呷尚寶"},"geometry":{"type":"Point","coordinates":[121.616348,25.054643]}},{"type":"Feature","properties":{"id":"osm:node:5564549035","name":"八方雲集","category":"fast_food","nameEn":"Bafang Dumpling","cuisine":"dumplings","brand":"八方雲集","address":"115台北市南港區南港路一段169號","phone":"+886 2 2783 7794","website":"https://www.8way.com.tw/"},"geometry":{"type":"Point","coordinates":[121.613264,25.055161]}},{"type":"Feature","properties":{"id":"osm:node:5569304655","name":"料理王素食自助餐","category":"fast_food"},"geometry":{"type":"Point","coordinates":[121.578544,25.045246]}},{"type":"Feature","properties":{"id":"osm:node:5585775148","name":"摩斯漢堡","category":"fast_food","nameEn":"MOS Burger","cuisine":"burger","brand":"摩斯漢堡"},"geometry":{"type":"Point","coordinates":[121.579306,25.041854]}},{"type":"Feature","properties":{"id":"osm:node:5585775197","name":"夯の專業桶子雞","category":"fast_food","cuisine":"chicken"},"geometry":{"type":"Point","coordinates":[121.578026,25.042373]}},{"type":"Feature","properties":{"id":"osm:node:5585946787","name":"蒜翻王鹹酥雞","category":"fast_food","cuisine":"chicken"},"geometry":{"type":"Point","coordinates":[121.578,25.044935]}},{"type":"Feature","properties":{"id":"osm:node:5585946807","name":"弘爺漢堡","category":"fast_food","nameEn":"Hong Ya Hambuger","cuisine":"american;breakfast","brand":"弘爺漢堡"},"geometry":{"type":"Point","coordinates":[121.578506,25.04282]}},{"type":"Feature","properties":{"id":"osm:node:5589700022","name":"秦家餅店","category":"fast_food","opening_hours":"Mo-Sa 11:00-19:00","address":"106臺北市大安區四維路6巷12號","website":"https://www.27057255.com.tw/"},"geometry":{"type":"Point","coordinates":[121.547749,25.037136]}},{"type":"Feature","properties":{"id":"osm:node:5593519923","name":"摩斯漢堡","category":"fast_food","nameEn":"MOS Burger","cuisine":"burger","brand":"摩斯漢堡","address":"111台北市士林區中正路225號","wheelchair":"no"},"geometry":{"type":"Point","coordinates":[121.526237,25.095221]}},{"type":"Feature","properties":{"id":"osm:node:5602810122","name":"豆花王","category":"fast_food","opening_hours":"Mo-Fr 12:00-18:00; Sa 10:00-19:00","address":"新北市萬里區萬里加投1號"},"geometry":{"type":"Point","coordinates":[121.654805,25.209171]}},{"type":"Feature","properties":{"id":"osm:node:5680820504","name":"摩斯漢堡","category":"fast_food","nameEn":"MOS Burger","cuisine":"burger","brand":"摩斯漢堡","address":"115011臺北市南港區忠孝東路七段369號一樓"},"geometry":{"type":"Point","coordinates":[121.606103,25.052793]}},{"type":"Feature","properties":{"id":"osm:node:5687866421","name":"はま寿司","category":"fast_food","nameEn":"Hamasushi","cuisine":"sushi","brand":"はま寿司","wheelchair":"yes"},"geometry":{"type":"Point","coordinates":[121.522667,25.063791]}},{"type":"Feature","properties":{"id":"osm:node:5699180230","name":"すき家","category":"fast_food","nameEn":"Sukiya","cuisine":"beef_bowl","brand":"すき家","wheelchair":"limited"},"geometry":{"type":"Point","coordinates":[121.54382,25.031932]}},{"type":"Feature","properties":{"id":"osm:node:569950079","name":"麥當勞","category":"fast_food","nameEn":"McDonald's","cuisine":"burger","brand":"麥當勞"},"geometry":{"type":"Point","coordinates":[121.568211,25.026894]}},{"type":"Feature","properties":{"id":"osm:node:5712940241","name":"八方雲集","category":"fast_food","nameEn":"Bafang Dumpling","cuisine":"dumplings","brand":"八方雲集","address":"110台北市信義區松隆路341號","phone":"+886 2 2753 2998","website":"https://www.8way.com.tw/"},"geometry":{"type":"Point","coordinates":[121.579877,25.04852]}},{"type":"Feature","properties":{"id":"osm:node:5714151517","name":"藏壽司","category":"fast_food","nameEn":"Kura Sushi","cuisine":"sushi","brand":"藏壽司","opening_hours":"Mo-Fr 11:00-22:00; Sa-Su 10:30-22:00","address":"100臺北市中正區館前路12號五樓","phone":"+886 2 2361-2638"},"geometry":{"type":"Point","coordinates":[121.514739,25.045632]}},{"type":"Feature","properties":{"id":"osm:node:5715660552","name":"Qburger","category":"fast_food","cuisine":"american;breakfast","brand":"Qburger","address":"220071新北市板橋區漢生東路193巷7號","phone":"+886 2 2954 6666","website":"https://www.qburger.com.tw/"},"geometry":{"type":"Point","coordinates":[121.470278,25.011897]}},{"type":"Feature","properties":{"id":"osm:node:5739420402","name":"麥當勞","category":"fast_food","nameEn":"McDonald's","cuisine":"burger","brand":"麥當勞","wheelchair":"yes"},"geometry":{"type":"Point","coordinates":[121.515515,25.013174]}},{"type":"Feature","properties":{"id":"osm:node:5757937621","name":"好朋友涼麵","category":"fast_food","nameEn":"Good Friend Cold Noodles","address":"111臺北市士林區仁勇里6鄰大南路31號","wheelchair":"no"},"geometry":{"type":"Point","coordinates":[121.525557,25.089124]}},{"type":"Feature","properties":{"id":"osm:node:5839980067","name":"Subway","category":"fast_food","cuisine":"sandwich","brand":"Subway"},"geometry":{"type":"Point","coordinates":[121.548372,25.025299]}},{"type":"Feature","properties":{"id":"osm:node:5860379499","name":"福得早餐坊","category":"fast_food"},"geometry":{"type":"Point","coordinates":[121.550633,25.018711]}},{"type":"Feature","properties":{"id":"osm:node:5860390405","name":"雅米早午餐","category":"fast_food"},"geometry":{"type":"Point","coordinates":[121.550737,25.018604]}},{"type":"Feature","properties":{"id":"osm:node:5864552977","name":"呷尚寶早餐店","category":"fast_food"},"geometry":{"type":"Point","coordinates":[121.546042,25.027153]}},{"type":"Feature","properties":{"id":"osm:node:5871618052","name":"肯德基","category":"fast_food","nameEn":"KFC","cuisine":"chicken","brand":"肯德基"},"geometry":{"type":"Point","coordinates":[121.482365,25.079307]}},{"type":"Feature","properties":{"id":"osm:node:5871618053","name":"麥當勞","category":"fast_food","nameEn":"McDonald's","cuisine":"burger","brand":"麥當勞"},"geometry":{"type":"Point","coordinates":[121.481758,25.079117]}},{"type":"Feature","properties":{"id":"osm:node:5883211185","name":"青蛙下","category":"fast_food"},"geometry":{"type":"Point","coordinates":[121.515333,25.056662]}},{"type":"Feature","properties":{"id":"osm:node:5884543609","name":"摩斯漢堡","category":"fast_food","nameEn":"MOS Burger","cuisine":"burger","brand":"摩斯漢堡"},"geometry":{"type":"Point","coordinates":[121.546077,25.034067]}},{"type":"Feature","properties":{"id":"osm:node:5891925903","name":"麥當勞","category":"fast_food","nameEn":"McDonald's","cuisine":"burger","brand":"麥當勞","wheelchair":"no"},"geometry":{"type":"Point","coordinates":[121.491988,25.083435]}},{"type":"Feature","properties":{"id":"osm:node:5908259420","name":"達美樂","category":"fast_food","address":"116台北市文山區興隆路一段233號"},"geometry":{"type":"Point","coordinates":[121.543946,24.999909]}},{"type":"Feature","properties":{"id":"osm:node:5938459996","name":"麥當勞","category":"fast_food","nameEn":"McDonald's","cuisine":"burger","brand":"麥當勞","address":"111台北市士林區臨溪路70號","wheelchair":"yes"},"geometry":{"type":"Point","coordinates":[121.546586,25.093866]}},{"type":"Feature","properties":{"id":"osm:node:5938836789","name":"達美樂披薩","category":"fast_food","nameEn":"Domino's","cuisine":"pizza","brand":"達美樂披薩","address":"106臺北市大安區辛亥路一段56號","wheelchair":"yes"},"geometry":{"type":"Point","coordinates":[121.530606,25.020365]}},{"type":"Feature","properties":{"id":"osm:node:5951206324","name":"摩斯漢堡","category":"fast_food","nameEn":"MOS Burger","cuisine":"burger","brand":"摩斯漢堡"},"geometry":{"type":"Point","coordinates":[121.504292,25.025525]}},{"type":"Feature","properties":{"id":"osm:node:6013055985","name":"摩斯漢堡","category":"fast_food","nameEn":"MOS Burger","cuisine":"burger","brand":"摩斯漢堡","opening_hours":"Mo-Su 06:00-23:00","address":"241新北市三重區三和路四段408號","phone":"+886282873250","website":"https://www.mos.com.tw/"},"geometry":{"type":"Point","coordinates":[121.480929,25.079691]}},{"type":"Feature","properties":{"id":"osm:node:6015827389","name":"中華鹽酥雞","category":"fast_food","nameEn":"Salty Crispy Chicken","cuisine":"fried_food","opening_hours":"Tu-Su 17:00-01:00","address":"247新北市蘆洲區信義路277號"},"geometry":{"type":"Point","coordinates":[121.478877,25.085179]}},{"type":"Feature","properties":{"id":"osm:node:6024211759","name":"瑞麟美而美","category":"fast_food","nameEn":"Rueilin Mei & Mei","cuisine":"breakfast","brand":"瑞麟美而美","address":"23143新北市新店區中興路三段311號"},"geometry":{"type":"Point","coordinates":[121.541866,24.985981]}},{"type":"Feature","properties":{"id":"osm:node:6024229163","name":"八方雲集","category":"fast_food","nameEn":"Bafang Dumpling","cuisine":"dumplings","brand":"八方雲集","address":"234新北市永和區得和路408號","phone":"+886 2 8668 9869","website":"https://www.8way.com.tw/"},"geometry":{"type":"Point","coordinates":[121.526018,24.999102]}},{"type":"Feature","properties":{"id":"osm:node:6024253683","name":"呷尚寶","category":"fast_food","nameEn":"JSP","cuisine":"burger","brand":"呷尚寶"},"geometry":{"type":"Point","coordinates":[121.502375,25.03312]}},{"type":"Feature","properties":{"id":"osm:node:6024282260","name":"すき家","category":"fast_food","nameEn":"Sukiya","cuisine":"beef_bowl","brand":"すき家"},"geometry":{"type":"Point","coordinates":[121.465187,25.019391]}},{"type":"Feature","properties":{"id":"osm:node:6024288447","name":"胖老爹美式炸雞","category":"fast_food","nameEn":"Fat Daddy American Fried Chicken","cuisine":"chicken","brand":"胖老爹美式炸雞"},"geometry":{"type":"Point","coordinates":[121.465386,25.022133]}},{"type":"Feature","properties":{"id":"osm:node:6029515630","name":"麥當勞","category":"fast_food","nameEn":"McDonald's","cuisine":"burger","brand":"麥當勞","opening_hours":"24/7","address":"220067新北市板橋區重慶路23號","phone":"+886 2 2961 2624","website":"https://www.mcdonalds.com/tw/zh-tw.html"},"geometry":{"type":"Point","coordinates":[121.461075,25.007891]}},{"type":"Feature","properties":{"id":"osm:node:6029650167","name":"すき家","category":"fast_food","nameEn":"Sukiya","cuisine":"beef_bowl","brand":"すき家","opening_hours":"24/7","address":"220073新北市板橋區中山路一段118之1號1樓","website":"https://www.sukiya-jp.com.tw/"},"geometry":{"type":"Point","coordinates":[121.463157,25.010432]}},{"type":"Feature","properties":{"id":"osm:node:6033393086","name":"吉野家","category":"fast_food","nameEn":"Yoshinoya","cuisine":"beef_bowl","brand":"吉野家","wheelchair":"limited"},"geometry":{"type":"Point","coordinates":[121.514055,25.071849]}},{"type":"Feature","properties":{"id":"osm:node:6033407600","name":"八方雲集","category":"fast_food","nameEn":"Bafang Dumpling","cuisine":"dumplings","brand":"八方雲集","address":"103台北市大同區大龍街271號","phone":"+886 2 2595 1781","website":"https://www.8way.com.tw/","wheelchair":"limited"},"geometry":{"type":"Point","coordinates":[121.515978,25.071805]}},{"type":"Feature","properties":{"id":"osm:node:6037158529","name":"漢堡王","category":"fast_food","nameEn":"Burger King","cuisine":"burger","brand":"漢堡王","opening_hours":"Mo-Su 07:00-23:00","address":"台北市大安區師大路86巷1號1樓及B1","phone":"+886 2 2362 2986","wheelchair":"no"},"geometry":{"type":"Point","coordinates":[121.528105,25.023028]}},{"type":"Feature","properties":{"id":"osm:node:6066275856","name":"すき家","category":"fast_food","nameEn":"Sukiya","cuisine":"beef_bowl","brand":"すき家","opening_hours":"24/7","address":"24243新北市新莊區中正路112-5號"},"geometry":{"type":"Point","coordinates":[121.453069,25.036389]}},{"type":"Feature","properties":{"id":"osm:node:6068295694","name":"八方雲集","category":"fast_food","nameEn":"Bafang Dumpling","cuisine":"dumplings","brand":"八方雲集","address":"100055臺北市中正區南海路50之1號","phone":"+886 2 3322 2109","website":"https://www.8way.com.tw/"},"geometry":{"type":"Point","coordinates":[121.515257,25.031992]}},{"type":"Feature","properties":{"id":"osm:node:6068468865","name":"吉野家","category":"fast_food","nameEn":"Yoshinoya","cuisine":"beef_bowl","brand":"吉野家","opening_hours":"Mo-Su 10:00-22:00","address":"100臺北市中正區忠孝東路一段174號"},"geometry":{"type":"Point","coordinates":[121.526366,25.043822]}},{"type":"Feature","properties":{"id":"osm:node:6099308598","name":"梅花香腸","category":"fast_food"},"geometry":{"type":"Point","coordinates":[121.556833,25.02947]}},{"type":"Feature","properties":{"id":"osm:node:6103707151","name":"すき家","category":"fast_food","nameEn":"Sukiya","cuisine":"beef_bowl","brand":"すき家","opening_hours":"24/7","address":"11158臺北市士林區福國路50號","phone":"080 003 1131","website":"http://sukiya-jp.com.tw","wheelchair":"limited"},"geometry":{"type":"Point","coordinates":[121.523664,25.102211]}},{"type":"Feature","properties":{"id":"osm:node:6116228263","name":"八方雲集","category":"fast_food","nameEn":"Bafang Dumpling","cuisine":"dumplings","brand":"八方雲集","address":"111台北市士林區福華路122號","website":"https://www.8way.com.tw/"},"geometry":{"type":"Point","coordinates":[121.522927,25.102602]}},{"type":"Feature","properties":{"id":"osm:node:6117523303","name":"拉亞漢堡","category":"fast_food","nameEn":"Laya Burger","cuisine":"burger;breakfast","brand":"拉亞漢堡","address":"11163臺北市士林區前港街74號"},"geometry":{"type":"Point","coordinates":[121.520067,25.084883]}},{"type":"Feature","properties":{"id":"osm:node:6120910446","name":"拉亞漢堡","category":"fast_food","nameEn":"Laya Burger","cuisine":"burger;breakfast","brand":"拉亞漢堡","address":"台北市士林區","wheelchair":"limited"},"geometry":{"type":"Point","coordinates":[121.518749,25.092083]}},{"type":"Feature","properties":{"id":"osm:node:6135336689","name":"摩斯漢堡","category":"fast_food","nameEn":"MOS Burger","cuisine":"burger","brand":"摩斯漢堡","address":"10041臺北市中正區忠孝西路一段50號一樓"},"geometry":{"type":"Point","coordinates":[121.515956,25.045675]}},{"type":"Feature","properties":{"id":"osm:node:6154644886","name":"麥當勞","category":"fast_food","nameEn":"McDonald's","cuisine":"burger","brand":"麥當勞","opening_hours":"24/7","address":"108412臺北市萬華區桂林路1號","phone":"+886 2 2311 9176","website":"https://www.mcdonalds.com/"},"geometry":{"type":"Point","coordinates":[121.505681,25.037842]}},{"type":"Feature","properties":{"id":"osm:node:6155600434","name":"Qburger","category":"fast_food","cuisine":"american;breakfast","brand":"Qburger","opening_hours":"Mo-Tu 06:00-13:30; We off; Th-Fr 06:00-13:30; Sa-Su 06:00-14:00","address":"231新北市新店區大豐路16巷2號","phone":"+886 2 89146488","website":"https://www.qburger.com.tw/"},"geometry":{"type":"Point","coordinates":[121.541,24.98037]}},{"type":"Feature","properties":{"id":"osm:node:6155600449","name":"派克雞排","category":"fast_food","opening_hours":"11:00-21:15","address":"231新北市新店區寶橋路1巷2號","phone":"+886 2 29175575","website":"https://twopac.com.tw/"},"geometry":{"type":"Point","coordinates":[121.543388,24.974107]}},{"type":"Feature","properties":{"id":"osm:node:6156190862","name":"八方雲集","category":"fast_food","nameEn":"Bafang Dumpling","cuisine":"dumplings","brand":"八方雲集","address":"110台北市信義區忠孝東路五段49號","phone":"+886 2 2765 8386","website":"https://www.8way.com.tw/"},"geometry":{"type":"Point","coordinates":[121.566417,25.041287]}},{"type":"Feature","properties":{"id":"osm:node:6156191722","name":"瑞麟美而美","category":"fast_food","nameEn":"Rueilin Mei & Mei","cuisine":"breakfast","brand":"瑞麟美而美","address":"110台北市信義區信義路三段395巷6弄15號"},"geometry":{"type":"Point","coordinates":[121.559131,25.033683]}},{"type":"Feature","properties":{"id":"osm:node:6173261647","name":"胖老爹美式炸雞","category":"fast_food","nameEn":"Fat Daddy American Fried Chicken","cuisine":"chicken","brand":"胖老爹美式炸雞"},"geometry":{"type":"Point","coordinates":[121.532202,25.015235]}},{"type":"Feature","properties":{"id":"osm:node:6176413345","name":"弘爺漢堡","category":"fast_food","nameEn":"Hong Ya Hambuger","cuisine":"american;breakfast","brand":"弘爺漢堡"},"geometry":{"type":"Point","coordinates":[121.501912,24.997932]}},{"type":"Feature","properties":{"id":"osm:node:6176413346","name":"暗藏鹹雞","category":"fast_food","cuisine":"chicken"},"geometry":{"type":"Point","coordinates":[121.496888,24.999726]}},{"type":"Feature","properties":{"id":"osm:node:6176758339","name":"拿坡里","category":"fast_food"},"geometry":{"type":"Point","coordinates":[121.536262,24.975054]}},{"type":"Feature","properties":{"id":"osm:node:6180749169","name":"巨林美而美","category":"fast_food","nameEn":"Jyulin Mei & Mei","cuisine":"breakfast","brand":"巨林美而美"},"geometry":{"type":"Point","coordinates":[121.555863,25.000061]}},{"type":"Feature","properties":{"id":"osm:node:6182991543","name":"八方雲集","category":"fast_food","nameEn":"Bafang Dumpling","cuisine":"dumplings","brand":"八方雲集","address":"242新北市新莊區昌平街73號","phone":"+886 2 2996 1606","website":"https://www.8way.com.tw/"},"geometry":{"type":"Point","coordinates":[121.454512,25.053775]}},{"type":"Feature","properties":{"id":"osm:node:6183794944","name":"八方雲集","category":"fast_food","nameEn":"Bafang Dumpling","cuisine":"dumplings","brand":"八方雲集","address":"110台北市信義區吳興街231號","phone":"+886 2 2758 4920","website":"https://www.8way.com.tw/"},"geometry":{"type":"Point","coordinates":[121.563354,25.027621]}},{"type":"Feature","properties":{"id":"osm:node:6185406660","name":"拉亞漢堡","category":"fast_food","nameEn":"Laya Burger","cuisine":"burger;breakfast","brand":"拉亞漢堡","address":"臺北市中山區農安街170號","phone":"+886 2 2518 3255","wheelchair":"no"},"geometry":{"type":"Point","coordinates":[121.534499,25.06457]}},{"type":"Feature","properties":{"id":"osm:node:6188986706","name":"八方雲集","category":"fast_food","nameEn":"Bafang Dumpling","cuisine":"dumplings","brand":"八方雲集","address":"241新北市三重區三和路二段63號","phone":"+886 2 2976 4468","website":"https://www.8way.com.tw/"},"geometry":{"type":"Point","coordinates":[121.50026,25.067874]}},{"type":"Feature","properties":{"id":"osm:node:6188996224","name":"弘爺漢堡","category":"fast_food","nameEn":"Hong Ya Hambuger","cuisine":"american;breakfast","brand":"弘爺漢堡"},"geometry":{"type":"Point","coordinates":[121.502182,25.064683]}},{"type":"Feature","properties":{"id":"osm:node:6188996225","name":"Subway","category":"fast_food","cuisine":"sandwich","brand":"Subway"},"geometry":{"type":"Point","coordinates":[121.502236,25.065231]}},{"type":"Feature","properties":{"id":"osm:node:6189317568","name":"八方雲集","category":"fast_food","nameEn":"Bafang Dumpling","cuisine":"dumplings","brand":"八方雲集","address":"241新北市三重區大智街240號","phone":"+886 2 8988 3567","website":"https://www.8way.com.tw/"},"geometry":{"type":"Point","coordinates":[121.489369,25.07301]}},{"type":"Feature","properties":{"id":"osm:node:6197805071","name":"すき家","category":"fast_food","nameEn":"Sukiya","cuisine":"beef_bowl","brand":"すき家","address":"104台北市中山區北安路623號"},"geometry":{"type":"Point","coordinates":[121.548818,25.083019]}},{"type":"Feature","properties":{"id":"osm:node:6199080667","name":"晁日早餐","category":"fast_food","cuisine":"breakfast","address":"111台北市士林區福國路95-20號","wheelchair":"no"},"geometry":{"type":"Point","coordinates":[121.52192,25.101599]}},{"type":"Feature","properties":{"id":"osm:node:6202943437","name":"八方雲集","category":"fast_food","nameEn":"Bafang Dumpling","cuisine":"dumplings","brand":"八方雲集","address":"241新北市三重區三和路四段113之1號","phone":"+886 2 2280 2058","website":"https://www.8way.com.tw/"},"geometry":{"type":"Point","coordinates":[121.485488,25.077518]}},{"type":"Feature","properties":{"id":"osm:node:6205099164","name":"頂呱呱","category":"fast_food","nameEn":"TKK Fried Chicken","cuisine":"chicken","brand":"頂呱呱","address":"106台北市大安區忠孝東路四段175-1號"},"geometry":{"type":"Point","coordinates":[121.550683,25.041726]}},{"type":"Feature","properties":{"id":"osm:node:6269043217","name":"八方雲集","category":"fast_food","nameEn":"Bafang Dumpling","cuisine":"dumplings","brand":"八方雲集","address":"116台北市文山區興隆路二段80號","phone":"+886 2 2935 6665","website":"https://www.8way.com.tw/"},"geometry":{"type":"Point","coordinates":[121.548186,24.999907]}},{"type":"Feature","properties":{"id":"osm:node:6269280523","name":"呷尚寶","category":"fast_food","nameEn":"JSP","cuisine":"burger","brand":"呷尚寶","address":"116臺北市文山區興隆路二段48號"},"geometry":{"type":"Point","coordinates":[121.547485,24.999321]}},{"type":"Feature","properties":{"id":"osm:node:6284503799","name":"呷尚寶","category":"fast_food","nameEn":"JSP","cuisine":"burger","brand":"呷尚寶"},"geometry":{"type":"Point","coordinates":[121.561048,25.030704]}},{"type":"Feature","properties":{"id":"osm:node:6323106734","name":"八方雲集","category":"fast_food","nameEn":"Bafang Dumpling","cuisine":"dumplings","brand":"八方雲集","address":"100台北市中正區忠孝西路一段47號B1第45號櫃","phone":"+886 2 6632 8168轉645","website":"https://www.8way.com.tw/"},"geometry":{"type":"Point","coordinates":[121.516699,25.047006]}},{"type":"Feature","properties":{"id":"osm:node:6353691306","name":"麥當勞","category":"fast_food","nameEn":"McDonald's","cuisine":"burger","brand":"麥當勞"},"geometry":{"type":"Point","coordinates":[121.594263,25.084488]}},{"type":"Feature","properties":{"id":"osm:node:6373399411","name":"肯德基","category":"fast_food","nameEn":"KFC","cuisine":"chicken","brand":"肯德基"},"geometry":{"type":"Point","coordinates":[121.528281,25.115668]}},{"type":"Feature","properties":{"id":"osm:node:6375243481","name":"八方雲集","category":"fast_food","nameEn":"Bafang Dumpling","cuisine":"dumplings","brand":"八方雲集","address":"114台北市內湖區內湖路一段323巷4弄4號","phone":"+886 2 2797 1619","website":"https://www.8way.com.tw/"},"geometry":{"type":"Point","coordinates":[121.567698,25.082701]}},{"type":"Feature","properties":{"id":"osm:node:6376062389","name":"真芳","category":"fast_food","nameEn":"Zhen Fang","address":"臺北市大安區和平東路二段209號"},"geometry":{"type":"Point","coordinates":[121.542553,25.025194]}},{"type":"Feature","properties":{"id":"osm:node:6385692664","name":"摩斯漢堡","category":"fast_food","nameEn":"MOS Burger","cuisine":"burger","brand":"摩斯漢堡","wheelchair":"no"},"geometry":{"type":"Point","coordinates":[121.584023,25.078364]}},{"type":"Feature","properties":{"id":"osm:node:6389073478","name":"摩斯漢堡","category":"fast_food","nameEn":"MOS Burger","cuisine":"burger","brand":"摩斯漢堡","address":"235新北市中和區建一路150號一樓","wheelchair":"limited"},"geometry":{"type":"Point","coordinates":[121.487657,24.998488]}},{"type":"Feature","properties":{"id":"osm:node:6389111650","name":"八方雲集","category":"fast_food","nameEn":"Bafang Dumpling","cuisine":"dumplings","brand":"八方雲集","address":"111台北市士林區延平北路六段128號","phone":"+886 2 2816 8535","website":"https://www.8way.com.tw/"},"geometry":{"type":"Point","coordinates":[121.507726,25.089304]}},{"type":"Feature","properties":{"id":"osm:node:6403449999","name":"八方雲集","category":"fast_food","nameEn":"Bafang Dumpling","cuisine":"dumplings","brand":"八方雲集","address":"103台北市大同區歸綏街233號","phone":"+886 2 2557 5289","website":"https://www.8way.com.tw/"},"geometry":{"type":"Point","coordinates":[121.511017,25.058378]}},{"type":"Feature","properties":{"id":"osm:node:6438451356","name":"Subway","category":"fast_food","cuisine":"sandwich","brand":"Subway","address":"115台北市南港區忠孝東路七段369號一樓B0201","wheelchair":"yes"},"geometry":{"type":"Point","coordinates":[121.60578,25.052735]}},{"type":"Feature","properties":{"id":"osm:node:6438554469","name":"八方雲集","category":"fast_food","nameEn":"Bafang Dumpling","cuisine":"dumplings","brand":"八方雲集","address":"242新北市新莊區五工路96號","phone":"+886 2 2299 5353","website":"https://www.8way.com.tw/"},"geometry":{"type":"Point","coordinates":[121.456829,25.064445]}},{"type":"Feature","properties":{"id":"osm:node:6457436835","name":"漢堡王","category":"fast_food","nameEn":"Burger King","cuisine":"burger","brand":"漢堡王","opening_hours":"Mo-Su 07:00-22:00","address":"234新北市永和區中正路197號一樓","phone":"+886 2 29412808"},"geometry":{"type":"Point","coordinates":[121.517287,24.999536]}},{"type":"Feature","properties":{"id":"osm:node:6457436836","name":"漢堡王","category":"fast_food","nameEn":"Burger King","cuisine":"burger","brand":"漢堡王","opening_hours":"Mo-Su 11:00-22:00","address":"234新北市永和區永和路二段239-1號二樓","wheelchair":"limited"},"geometry":{"type":"Point","coordinates":[121.515586,25.014516]}},{"type":"Feature","properties":{"id":"osm:node:6499848167","name":"DaMa kitchen","category":"fast_food"},"geometry":{"type":"Point","coordinates":[121.510654,25.057422]}},{"type":"Feature","properties":{"id":"osm:node:6499848183","name":"鮮堡漢堡","category":"fast_food"},"geometry":{"type":"Point","coordinates":[121.511896,25.058106]}},{"type":"Feature","properties":{"id":"osm:node:6504032486","name":"茉莉漢堡","category":"fast_food","nameEn":"Mary's Hamburger","cuisine":"burger","address":"台北市內湖區西湖里13鄰瑞光路588號","phone":"+886 2 2659 4665"},"geometry":{"type":"Point","coordinates":[121.56621,25.080133]}},{"type":"Feature","properties":{"id":"osm:node:6514349844","name":"麥當勞","category":"fast_food","nameEn":"McDonald's","cuisine":"burger","brand":"麥當勞","opening_hours":"Mo-Su 06:00-24:00","address":"105臺北市松山區南京東路四段57號","phone":"+886 2 27170738","website":"https://www.mcdonalds.com/tw/zh-tw.html"},"geometry":{"type":"Point","coordinates":[121.552742,25.051872]}},{"type":"Feature","properties":{"id":"osm:node:6522601565","name":"胖老爹美式炸雞","category":"fast_food","nameEn":"Fat Daddy American Fried Chicken","cuisine":"chicken","brand":"胖老爹美式炸雞","wheelchair":"limited"},"geometry":{"type":"Point","coordinates":[121.509935,25.11295]}},{"type":"Feature","properties":{"id":"osm:node:6527884294","name":"肯德基","category":"fast_food","nameEn":"KFC","cuisine":"chicken","brand":"肯德基"},"geometry":{"type":"Point","coordinates":[121.463946,24.986007]}},{"type":"Feature","properties":{"id":"osm:node:6527884295","name":"八方雲集","category":"fast_food","nameEn":"Bafang Dumpling","cuisine":"dumplings","brand":"八方雲集","address":"236新北市土城區學府路一段166號","phone":"+886 2 8261 5198","website":"https://www.8way.com.tw/"},"geometry":{"type":"Point","coordinates":[121.45399,24.986681]}},{"type":"Feature","properties":{"id":"osm:node:6530589885","name":"中西式早餐","category":"fast_food"},"geometry":{"type":"Point","coordinates":[121.454179,24.986845]}},{"type":"Feature","properties":{"id":"osm:node:6559456885","name":"拉亞漢堡","category":"fast_food","nameEn":"Laya Burger","cuisine":"burger;breakfast","brand":"拉亞漢堡"},"geometry":{"type":"Point","coordinates":[121.516624,25.065811]}},{"type":"Feature","properties":{"id":"osm:node:6572841395","name":"周家豆腐捲","category":"fast_food","cuisine":"chinese","opening_hours":"Mo-Su 06:30-15:00","address":"110台北市信義區光復南路419巷106號","phone":"+886 2 27222729"},"geometry":{"type":"Point","coordinates":[121.560157,25.036406]}},{"type":"Feature","properties":{"id":"osm:node:6576996199","name":"漢堡王","category":"fast_food","nameEn":"Burger King","cuisine":"burger","brand":"漢堡王","opening_hours":"Mo-Su 07:00-22:00","address":"臺北市松山區市民大道六段133號一樓","wheelchair":"yes"},"geometry":{"type":"Point","coordinates":[121.578992,25.049623]}},{"type":"Feature","properties":{"id":"osm:node:6579380103","name":"Vegluu","category":"fast_food","opening_hours":"Mo-Sa 11:30-20:00","wheelchair":"no"},"geometry":{"type":"Point","coordinates":[121.52391,25.023669]}},{"type":"Feature","properties":{"id":"osm:node:6605400981","name":"八方雲集","category":"fast_food","nameEn":"Bafang Dumpling","cuisine":"dumplings","brand":"八方雲集","address":"221新北市汐止區連興街130號","phone":"+886 2 2642 2360","website":"https://www.8way.com.tw/"},"geometry":{"type":"Point","coordinates":[121.653869,25.061721]}},{"type":"Feature","properties":{"id":"osm:node:6682102622","name":"摩斯漢堡","category":"fast_food","nameEn":"MOS Burger","cuisine":"burger","brand":"摩斯漢堡","opening_hours":"Mo-Su 07:00-22:00","address":"104台北市中山區長安東路二段66號"},"geometry":{"type":"Point","coordinates":[121.533545,25.048304]}},{"type":"Feature","properties":{"id":"osm:node:6720844005","name":"Just for U","category":"fast_food","opening_hours":"Tu-Su 05:00-13:00, Mo closed","wheelchair":"no"},"geometry":{"type":"Point","coordinates":[121.511352,25.062355]}},{"type":"Feature","properties":{"id":"osm:node:6720844019","name":"Chi Burger","category":"fast_food"},"geometry":{"type":"Point","coordinates":[121.494679,25.025181]}},{"type":"Feature","properties":{"id":"osm:node:6720844022","name":"QBurger","category":"fast_food"},"geometry":{"type":"Point","coordinates":[121.49512,25.024464]}},{"type":"Feature","properties":{"id":"osm:node:6720844026","name":"Qburger","category":"fast_food","cuisine":"american;breakfast","brand":"Qburger","wheelchair":"no"},"geometry":{"type":"Point","coordinates":[121.51329,25.06279]}},{"type":"Feature","properties":{"id":"osm:node:6720844042","name":"八方雲集","category":"fast_food","nameEn":"Bafang Dumpling","cuisine":"dumplings","brand":"八方雲集","address":"108台北市萬華區寶興街133號","phone":"+886 2 2303 4109","website":"https://www.8way.com.tw/","wheelchair":"no"},"geometry":{"type":"Point","coordinates":[121.494899,25.024954]}},{"type":"Feature","properties":{"id":"osm:node:6728711385","name":"八方雲集","category":"fast_food","nameEn":"Bafang Dumpling","cuisine":"dumplings","brand":"八方雲集","address":"220076新北市板橋區板新路11號","phone":"+886 2 2955 0788","website":"https://www.8way.com.tw/"},"geometry":{"type":"Point","coordinates":[121.475092,25.012642]}},{"type":"Feature","properties":{"id":"osm:node:6749527347","name":"漢堡俱樂部","category":"fast_food","nameEn":"Everywhere Burger Club","cuisine":"burger","address":"106台北市大安區光復南路420巷21號","phone":"+886 2 2704 6825"},"geometry":{"type":"Point","coordinates":[121.556139,25.036352]}},{"type":"Feature","properties":{"id":"osm:node:6855627861","name":"八方雲集","category":"fast_food","nameEn":"Bafang Dumpling","cuisine":"dumplings","brand":"八方雲集","address":"112台北市北投區致遠二路129號","phone":"+886 2 2821 2828","website":"https://www.8way.com.tw/"},"geometry":{"type":"Point","coordinates":[121.512484,25.117061]}},{"type":"Feature","properties":{"id":"osm:node:6861032328","name":"摩斯漢堡","category":"fast_food","nameEn":"MOS Burger","cuisine":"burger","brand":"摩斯漢堡","wheelchair":"yes"},"geometry":{"type":"Point","coordinates":[121.513722,25.114416]}},{"type":"Feature","properties":{"id":"osm:node:689489025","name":"麥當勞","category":"fast_food","nameEn":"McDonald's","cuisine":"burger","brand":"麥當勞","opening_hours":"PH,Mo-Su 00:00-24:00","address":"台北市大安區復興南路二段273號","wheelchair":"yes"},"geometry":{"type":"Point","coordinates":[121.543687,25.025683]}},{"type":"Feature","properties":{"id":"osm:node:6917501585","name":"巨林美而美","category":"fast_food","nameEn":"Jyulin Mei & Mei","cuisine":"breakfast","brand":"巨林美而美"},"geometry":{"type":"Point","coordinates":[121.529866,25.105488]}},{"type":"Feature","properties":{"id":"osm:node:6924514566","name":"胖老爹美式炸雞","category":"fast_food","nameEn":"Fat Daddy American Fried Chicken","cuisine":"chicken","brand":"胖老爹美式炸雞"},"geometry":{"type":"Point","coordinates":[121.527944,25.036373]}},{"type":"Feature","properties":{"id":"osm:node:6924533508","name":"首爾炸雞","category":"fast_food","nameEn":"Seoul fried chicken","cuisine":"chicken;korean"},"geometry":{"type":"Point","coordinates":[121.527899,25.036235]}},{"type":"Feature","properties":{"id":"osm:node:6995661045","name":"21風味館","category":"fast_food","nameEn":"21 Plus Chicken","cuisine":"fried_chicken;roast_chicken;chicken;burger","brand":"21風味館","opening_hours":"Mo-Su 11:30-21:30","address":"臺北市中正區黎明里忠孝西路1段49號B1F","phone":"+886 2 2331-6621","website":"https://www.pec21c.com.tw/"},"geometry":{"type":"Point","coordinates":[121.517028,25.046753]}},{"type":"Feature","properties":{"id":"osm:node:7002886739","name":"丸亀製麺","category":"fast_food","nameEn":"Marugame Seimen","cuisine":"noodle","brand":"丸亀製麺","address":"台北市中正區忠孝西路一段66號"},"geometry":{"type":"Point","coordinates":[121.515293,25.046062]}},{"type":"Feature","properties":{"id":"osm:node:7004220031","name":"瑞麟美而美","category":"fast_food","nameEn":"Rueilin Mei & Mei","cuisine":"breakfast","brand":"瑞麟美而美"},"geometry":{"type":"Point","coordinates":[121.544739,25.081002]}},{"type":"Feature","properties":{"id":"osm:node:7004220042","name":"胖老爹美式炸雞","category":"fast_food","nameEn":"Fat Daddy American Fried Chicken","cuisine":"chicken","brand":"胖老爹美式炸雞"},"geometry":{"type":"Point","coordinates":[121.547349,25.08004]}},{"type":"Feature","properties":{"id":"osm:node:7004305907","name":"丸亀製麺","category":"fast_food","nameEn":"Marugame Seimen","cuisine":"noodle","brand":"丸亀製麺","address":"115011臺北市南港區忠孝東路七段369號B1樓"},"geometry":{"type":"Point","coordinates":[121.607262,25.053112]}},{"type":"Feature","properties":{"id":"osm:node:7014000787","name":"陳董藥燉排骨攤位","category":"fast_food","opening_hours":"Mo-Su 16:30-00:30"},"geometry":{"type":"Point","coordinates":[121.575691,25.050679]}},{"type":"Feature","properties":{"id":"osm:node:7014022773","name":"林家鯊魚煙","category":"fast_food","opening_hours":"Mo-Su 18:00-21:00"},"geometry":{"type":"Point","coordinates":[121.511072,25.063509]}},{"type":"Feature","properties":{"id":"osm:node:7022030580","name":"呷尚寶","category":"fast_food","nameEn":"JSP","cuisine":"burger","brand":"呷尚寶"},"geometry":{"type":"Point","coordinates":[121.531451,25.053979]}},{"type":"Feature","properties":{"id":"osm:node:7022030584","name":"瑞麟美而美","category":"fast_food","nameEn":"Rueilin Mei & Mei","cuisine":"breakfast","brand":"瑞麟美而美"},"geometry":{"type":"Point","coordinates":[121.53145,25.053706]}},{"type":"Feature","properties":{"id":"osm:node:7027256885","name":"吉野家","category":"fast_food","nameEn":"Yoshinoya","cuisine":"beef_bowl","brand":"吉野家"},"geometry":{"type":"Point","coordinates":[121.452516,24.985732]}},{"type":"Feature","properties":{"id":"osm:node:7082816330","name":"達美樂","category":"fast_food"},"geometry":{"type":"Point","coordinates":[121.505836,24.993633]}},{"type":"Feature","properties":{"id":"osm:node:708991600","name":"麥當勞","category":"fast_food","nameEn":"McDonald's","cuisine":"burger","brand":"麥當勞","wheelchair":"limited"},"geometry":{"type":"Point","coordinates":[121.566174,25.035037]}},{"type":"Feature","properties":{"id":"osm:node:7093507989","name":"八方雲集","category":"fast_food","nameEn":"Bafang Dumpling","cuisine":"dumplings","brand":"八方雲集","address":"231新北市新店區北新路二段98號","phone":"+886 2 2918 5675","website":"https://www.8way.com.tw/"},"geometry":{"type":"Point","coordinates":[121.543087,24.973209]}},{"type":"Feature","properties":{"id":"osm:node:7095334650","name":"繼光香香雞","category":"fast_food","nameEn":"J&G Fried Chicken","cuisine":"fried_food","brand":"繼光香香雞"},"geometry":{"type":"Point","coordinates":[121.545456,25.042177]}},{"type":"Feature","properties":{"id":"osm:node:7125458201","name":"Subway","category":"fast_food","cuisine":"sandwich","brand":"Subway","address":"台北市中正區信陽街14號"},"geometry":{"type":"Point","coordinates":[121.515784,25.044559]}},{"type":"Feature","properties":{"id":"osm:node:7129638620","name":"紅拾玖","category":"fast_food"},"geometry":{"type":"Point","coordinates":[121.519559,25.056243]}},{"type":"Feature","properties":{"id":"osm:node:7138715770","name":"瑞麟美而美","category":"fast_food","nameEn":"Rueilin Mei & Mei","cuisine":"breakfast","brand":"瑞麟美而美"},"geometry":{"type":"Point","coordinates":[121.500919,25.137678]}},{"type":"Feature","properties":{"id":"osm:node:7138715811","name":"早安美芝城","category":"fast_food","nameEn":"Good Morning MACC","cuisine":"breakfast","brand":"早安美芝城"},"geometry":{"type":"Point","coordinates":[121.504977,25.135239]}},{"type":"Feature","properties":{"id":"osm:node:7138715828","name":"蒜翻天鹽酥雞","category":"fast_food"},"geometry":{"type":"Point","coordinates":[121.535347,25.109832]}},{"type":"Feature","properties":{"id":"osm:node:7147771516","name":"八方雲集","category":"fast_food","nameEn":"Bafang Dumpling","cuisine":"dumplings","brand":"八方雲集","address":"221新北市汐止區建成路74號","phone":"+886 2 8692 3700","website":"https://www.8way.com.tw/"},"geometry":{"type":"Point","coordinates":[121.663006,25.073253]}},{"type":"Feature","properties":{"id":"osm:node:7151865710","name":"Mister Donut","category":"fast_food","nameEn":"Mister Donut","cuisine":"donut","brand":"Mister Donut","address":"台北市中正區北平西路3號2樓"},"geometry":{"type":"Point","coordinates":[121.516768,25.047541]}},{"type":"Feature","properties":{"id":"osm:node:7169581040","name":"胖老爹美式炸雞","category":"fast_food","nameEn":"Fat Daddy American Fried Chicken","cuisine":"chicken","brand":"胖老爹美式炸雞"},"geometry":{"type":"Point","coordinates":[121.553564,25.053313]}},{"type":"Feature","properties":{"id":"osm:node:7170215703","name":"呷尚寶","category":"fast_food","nameEn":"JSP","cuisine":"burger","brand":"呷尚寶"},"geometry":{"type":"Point","coordinates":[121.502893,25.063196]}},{"type":"Feature","properties":{"id":"osm:node:7170215722","name":"胖老爹美式炸雞","category":"fast_food","nameEn":"Fat Daddy American Fried Chicken","cuisine":"chicken","brand":"胖老爹美式炸雞"},"geometry":{"type":"Point","coordinates":[121.511201,25.065449]}},{"type":"Feature","properties":{"id":"osm:node:7170215738","name":"八方雲集","category":"fast_food","nameEn":"Bafang Dumpling","cuisine":"dumplings","brand":"八方雲集","address":"115台北市南港區昆陽街97號","phone":"+886 2 2653 2513","website":"https://www.8way.com.tw/"},"geometry":{"type":"Point","coordinates":[121.593784,25.051542]}},{"type":"Feature","properties":{"id":"osm:node:7170215744","name":"胖老爹美式炸雞","category":"fast_food","nameEn":"Fat Daddy American Fried Chicken","cuisine":"chicken","brand":"胖老爹美式炸雞"},"geometry":{"type":"Point","coordinates":[121.592674,25.053293]}},{"type":"Feature","properties":{"id":"osm:node:7170215778","name":"派克脆皮雞排","category":"fast_food","cuisine":"chicken"},"geometry":{"type":"Point","coordinates":[121.579402,25.04832]}},{"type":"Feature","properties":{"id":"osm:node:7170234740","name":"巨林美而美","category":"fast_food","nameEn":"Jyulin Mei & Mei","cuisine":"breakfast","brand":"巨林美而美","address":"臺北市"},"geometry":{"type":"Point","coordinates":[121.561103,25.037015]}},{"type":"Feature","properties":{"id":"osm:node:7175334734","name":"弘爺漢堡","category":"fast_food","nameEn":"Hong Ya Hambuger","cuisine":"american;breakfast","brand":"弘爺漢堡"},"geometry":{"type":"Point","coordinates":[121.578015,25.046778]}},{"type":"Feature","properties":{"id":"osm:node:7175334768","name":"武大郎胡椒餅","category":"fast_food"},"geometry":{"type":"Point","coordinates":[121.57765,25.050876]}},{"type":"Feature","properties":{"id":"osm:node:7175334782","name":"八方雲集","category":"fast_food","nameEn":"Bafang Dumpling","cuisine":"dumplings","brand":"八方雲集","address":"108台北市萬華區青年路50號","phone":"+886 2 2337 5486","website":"https://www.8way.com.tw/"},"geometry":{"type":"Point","coordinates":[121.503905,25.025424]}},{"type":"Feature","properties":{"id":"osm:node:7175334784","name":"巨林美而美","category":"fast_food","nameEn":"Jyulin Mei & Mei","cuisine":"breakfast","brand":"巨林美而美"},"geometry":{"type":"Point","coordinates":[121.498021,25.022281]}},{"type":"Feature","properties":{"id":"osm:node:7175344494","name":"吉野家","category":"fast_food","nameEn":"Yoshinoya","cuisine":"beef_bowl","brand":"吉野家"},"geometry":{"type":"Point","coordinates":[121.593944,25.072304]}},{"type":"Feature","properties":{"id":"osm:node:7175344503","name":"大眾鹽酥雞","category":"fast_food","cuisine":"chicken"},"geometry":{"type":"Point","coordinates":[121.577997,25.046741]}},{"type":"Feature","properties":{"id":"osm:node:7175344527","name":"小勇士德州炸雞","category":"fast_food"},"geometry":{"type":"Point","coordinates":[121.539092,25.033659]}},{"type":"Feature","properties":{"id":"osm:node:7175344534","name":"小師傅大雞排","category":"fast_food","cuisine":"chicken"},"geometry":{"type":"Point","coordinates":[121.576682,25.050821]}},{"type":"Feature","properties":{"id":"osm:node:7175344541","name":"基隆廟口天婦羅","category":"fast_food"},"geometry":{"type":"Point","coordinates":[121.576984,25.050898]}},{"type":"Feature","properties":{"id":"osm:node:7175344572","name":"拿坡里披薩","category":"fast_food","nameEn":"Napoli Pizza","cuisine":"pizza;fried_chicken","brand":"拿坡里披薩"},"geometry":{"type":"Point","coordinates":[121.523539,25.118909]}},{"type":"Feature","properties":{"id":"osm:node:7175344592","name":"八方雲集","category":"fast_food","nameEn":"Bafang Dumpling","cuisine":"dumplings","brand":"八方雲集","address":"108台北市萬華區萬大路460號","phone":"+886 2 2309 2992","website":"https://www.8way.com.tw/"},"geometry":{"type":"Point","coordinates":[121.497676,25.020235]}},{"type":"Feature","properties":{"id":"osm:node:7175344617","name":"福州世祖胡椒餅","category":"fast_food","nameEn":"Fuzhou Pepper Buns","wheelchair":"yes"},"geometry":{"type":"Point","coordinates":[121.57747,25.050997]}},{"type":"Feature","properties":{"id":"osm:node:7175344626","name":"呷尚寶","category":"fast_food","nameEn":"JSP","cuisine":"burger","brand":"呷尚寶"},"geometry":{"type":"Point","coordinates":[121.54601,25.027206]}},{"type":"Feature","properties":{"id":"osm:node:7175344648","name":"信興自助餐","category":"fast_food"},"geometry":{"type":"Point","coordinates":[121.578,25.046173]}},{"type":"Feature","properties":{"id":"osm:node:7175344662","name":"瑞麟美而美","category":"fast_food","nameEn":"Rueilin Mei & Mei","cuisine":"breakfast","brand":"瑞麟美而美"},"geometry":{"type":"Point","coordinates":[121.54609,25.028732]}},{"type":"Feature","properties":{"id":"osm:node:7175344678","name":"拿坡里披薩","category":"fast_food","nameEn":"Napoli Pizza","cuisine":"pizza;fried_chicken","brand":"拿坡里披薩"},"geometry":{"type":"Point","coordinates":[121.576166,25.045646]}},{"type":"Feature","properties":{"id":"osm:node:7175344708","name":"呷尚寶","category":"fast_food","nameEn":"JSP","cuisine":"burger","brand":"呷尚寶"},"geometry":{"type":"Point","coordinates":[121.58518,25.076573]}},{"type":"Feature","properties":{"id":"osm:node:7175344716","name":"早安美芝城","category":"fast_food","nameEn":"Good Morning MACC","cuisine":"breakfast","brand":"早安美芝城"},"geometry":{"type":"Point","coordinates":[121.497824,25.022794]}},{"type":"Feature","properties":{"id":"osm:node:7175344741","name":"饒河炸彈蔥油餅","category":"fast_food"},"geometry":{"type":"Point","coordinates":[121.572686,25.050154]}},{"type":"Feature","properties":{"id":"osm:node:7175344753","name":"拉亞漢堡","category":"fast_food","nameEn":"Laya Burger","cuisine":"burger;breakfast","brand":"拉亞漢堡"},"geometry":{"type":"Point","coordinates":[121.583716,25.078637]}},{"type":"Feature","properties":{"id":"osm:node:7175344756","name":"艋舺雞排饒河店","category":"fast_food","cuisine":"chicken"},"geometry":{"type":"Point","coordinates":[121.575699,25.050551]}},{"type":"Feature","properties":{"id":"osm:node:7175344757","name":"八方雲集","category":"fast_food","nameEn":"Bafang Dumpling","cuisine":"dumplings","brand":"八方雲集","address":"112台北市北投區中央北路四段523號","phone":"+886 2 2898 8382","website":"https://www.8way.com.tw/"},"geometry":{"type":"Point","coordinates":[121.468177,25.127976]}},{"type":"Feature","properties":{"id":"osm:node:7175344763","name":"心心港式腸粉","category":"fast_food"},"geometry":{"type":"Point","coordinates":[121.577011,25.050823]}},{"type":"Feature","properties":{"id":"osm:node:7175344767","name":"弘爺漢堡","category":"fast_food","nameEn":"Hong Ya Hambuger","cuisine":"american;breakfast","brand":"弘爺漢堡"},"geometry":{"type":"Point","coordinates":[121.524582,25.122934]}},{"type":"Feature","properties":{"id":"osm:node:7175344786","name":"圓圓燒","category":"fast_food"},"geometry":{"type":"Point","coordinates":[121.574967,25.050474]}},{"type":"Feature","properties":{"id":"osm:node:7175344794","name":"巨林美而美","category":"fast_food","nameEn":"Jyulin Mei & Mei","cuisine":"breakfast","brand":"巨林美而美"},"geometry":{"type":"Point","coordinates":[121.618454,25.073283]}},{"type":"Feature","properties":{"id":"osm:node:7191634531","name":"八方雲集","category":"fast_food","nameEn":"Bafang Dumpling","cuisine":"dumplings","brand":"八方雲集","address":"247新北市蘆洲區信義路321號","phone":"+886 2 2289 9545","website":"https://www.8way.com.tw/"},"geometry":{"type":"Point","coordinates":[121.478257,25.086498]}},{"type":"Feature","properties":{"id":"osm:node:7192621280","name":"巨林美而美","category":"fast_food","nameEn":"Jyulin Mei & Mei","cuisine":"breakfast","brand":"巨林美而美"},"geometry":{"type":"Point","coordinates":[121.47844,25.085444]}},{"type":"Feature","properties":{"id":"osm:node:7192846582","name":"すき家","category":"fast_food","nameEn":"Sukiya","cuisine":"beef_bowl","brand":"すき家"},"geometry":{"type":"Point","coordinates":[121.471169,25.086859]}},{"type":"Feature","properties":{"id":"osm:node:7193346184","name":"八方雲集","category":"fast_food","nameEn":"Bafang Dumpling","cuisine":"dumplings","brand":"八方雲集","address":"247新北市蘆洲區復興路88號","phone":"+886 2 2281 3688","website":"https://www.8way.com.tw/"},"geometry":{"type":"Point","coordinates":[121.475427,25.086745]}},{"type":"Feature","properties":{"id":"osm:node:7194693225","name":"呷尚寶","category":"fast_food","nameEn":"JSP","cuisine":"burger","brand":"呷尚寶"},"geometry":{"type":"Point","coordinates":[121.614237,25.034719]}},{"type":"Feature","properties":{"id":"osm:node:7194693246","name":"八方雲集","category":"fast_food","nameEn":"Bafang Dumpling","cuisine":"dumplings","brand":"八方雲集","address":"103台北市大同區酒泉街37號","phone":"+886 2 2597 8318","website":"https://www.8way.com.tw/"},"geometry":{"type":"Point","coordinates":[121.518945,25.070678]}},{"type":"Feature","properties":{"id":"osm:node:7194693258","name":"拉亞漢堡","category":"fast_food","nameEn":"Laya Burger","cuisine":"burger;breakfast","brand":"拉亞漢堡"},"geometry":{"type":"Point","coordinates":[121.519455,25.075239]}},{"type":"Feature","properties":{"id":"osm:node:7194693270","name":"早安美芝城","category":"fast_food","nameEn":"Good Morning MACC","cuisine":"breakfast","brand":"早安美芝城"},"geometry":{"type":"Point","coordinates":[121.519579,25.070558]}},{"type":"Feature","properties":{"id":"osm:node:7194706766","name":"胖老爹美式炸雞","category":"fast_food","nameEn":"Fat Daddy American Fried Chicken","cuisine":"chicken","brand":"胖老爹美式炸雞"},"geometry":{"type":"Point","coordinates":[121.621182,25.039492]}},{"type":"Feature","properties":{"id":"osm:node:7194706798","name":"吉野家","category":"fast_food","nameEn":"Yoshinoya","cuisine":"beef_bowl","brand":"吉野家"},"geometry":{"type":"Point","coordinates":[121.514004,25.071712]}},{"type":"Feature","properties":{"id":"osm:node:7194706811","name":"八方雲集","category":"fast_food","nameEn":"Bafang Dumpling","cuisine":"dumplings","brand":"八方雲集","address":"115台北市南港區研究院路二段19號","phone":"+886 2 2783 6079","website":"https://www.8way.com.tw/"},"geometry":{"type":"Point","coordinates":[121.615384,25.046404]}},{"type":"Feature","properties":{"id":"osm:node:7194706874","name":"摩斯漢堡","category":"fast_food","nameEn":"MOS Burger","cuisine":"burger","brand":"摩斯漢堡"},"geometry":{"type":"Point","coordinates":[121.532569,25.096936]}},{"type":"Feature","properties":{"id":"osm:node:7194706908","name":"拉亞漢堡","category":"fast_food","nameEn":"Laya Burger","cuisine":"burger;breakfast","brand":"拉亞漢堡"},"geometry":{"type":"Point","coordinates":[121.618343,25.041977]}},{"type":"Feature","properties":{"id":"osm:node:7211425489","name":"瑞麟美而美","category":"fast_food","nameEn":"Rueilin Mei & Mei","cuisine":"breakfast","brand":"瑞麟美而美"},"geometry":{"type":"Point","coordinates":[121.586284,25.045169]}},{"type":"Feature","properties":{"id":"osm:node:7211425491","name":"瑞麟美而美","category":"fast_food","nameEn":"Rueilin Mei & Mei","cuisine":"breakfast","brand":"瑞麟美而美"},"geometry":{"type":"Point","coordinates":[121.60564,25.0563]}},{"type":"Feature","properties":{"id":"osm:node:7211425575","name":"拿坡里披薩","category":"fast_food","nameEn":"Napoli Pizza","cuisine":"pizza;fried_chicken","brand":"拿坡里披薩"},"geometry":{"type":"Point","coordinates":[121.613774,25.055771]}},{"type":"Feature","properties":{"id":"osm:node:7211425586","name":"胖老爹美式炸雞","category":"fast_food","nameEn":"Fat Daddy American Fried Chicken","cuisine":"chicken","brand":"胖老爹美式炸雞"},"geometry":{"type":"Point","coordinates":[121.578145,25.03871]}},{"type":"Feature","properties":{"id":"osm:node:7211425622","name":"拉亞漢堡","category":"fast_food","nameEn":"Laya Burger","cuisine":"burger;breakfast","brand":"拉亞漢堡"},"geometry":{"type":"Point","coordinates":[121.574716,25.034819]}},{"type":"Feature","properties":{"id":"osm:node:7211425653","name":"呷尚寶","category":"fast_food","nameEn":"JSP","cuisine":"burger","brand":"呷尚寶"},"geometry":{"type":"Point","coordinates":[121.575356,25.034321]}},{"type":"Feature","properties":{"id":"osm:node:7211425754","name":"巨林美而美","category":"fast_food","nameEn":"Jyulin Mei & Mei","cuisine":"breakfast","brand":"巨林美而美"},"geometry":{"type":"Point","coordinates":[121.578357,25.036108]}},{"type":"Feature","properties":{"id":"osm:node:7211425795","name":"八方雲集","category":"fast_food","nameEn":"Bafang Dumpling","cuisine":"dumplings","brand":"八方雲集","address":"110台北市信義區福德街254號","phone":"+886 2 2726 6852","website":"https://www.8way.com.tw/"},"geometry":{"type":"Point","coordinates":[121.585534,25.038786]}},{"type":"Feature","properties":{"id":"osm:node:7211425796","name":"八方雲集","category":"fast_food","nameEn":"Bafang Dumpling","cuisine":"dumplings","brand":"八方雲集","address":"115台北市南港區興華路122號","phone":"+886 2 2789 2479","website":"https://www.8way.com.tw/"},"geometry":{"type":"Point","coordinates":[121.605492,25.05701]}},{"type":"Feature","properties":{"id":"osm:node:7211425797","name":"八方雲集","category":"fast_food","nameEn":"Bafang Dumpling","cuisine":"dumplings","brand":"八方雲集","address":"110台北市信義區信義路六段97號","phone":"+886 2 2726 5886","website":"https://www.8way.com.tw/"},"geometry":{"type":"Point","coordinates":[121.577681,25.036057]}},{"type":"Feature","properties":{"id":"osm:node:7211425798","name":"八方雲集","category":"fast_food","nameEn":"Bafang Dumpling","cuisine":"dumplings","brand":"八方雲集","address":"114台北市內湖區民權東路六段76號","phone":"+886 2 8792 6171","website":"https://www.8way.com.tw/"},"geometry":{"type":"Point","coordinates":[121.585409,25.068738]}},{"type":"Feature","properties":{"id":"osm:node:7211425807","name":"Subway","category":"fast_food","cuisine":"sandwich","brand":"Subway"},"geometry":{"type":"Point","coordinates":[121.585309,25.045986]}},{"type":"Feature","properties":{"id":"osm:node:7211439848","name":"呷尚寶","category":"fast_food","nameEn":"JSP","cuisine":"burger","brand":"呷尚寶"},"geometry":{"type":"Point","coordinates":[121.557988,25.045631]}},{"type":"Feature","properties":{"id":"osm:node:7227409587","name":"弘爺漢堡","category":"fast_food","nameEn":"Hong Ya Hambuger","cuisine":"american;breakfast","brand":"弘爺漢堡"},"geometry":{"type":"Point","coordinates":[121.455247,24.987667]}},{"type":"Feature","properties":{"id":"osm:node:7235632183","name":"漢堡王","category":"fast_food","nameEn":"Burger King","cuisine":"burger","brand":"漢堡王","address":"台北市中正區北平西路3號2樓"},"geometry":{"type":"Point","coordinates":[121.516638,25.047558]}},{"type":"Feature","properties":{"id":"osm:node:7282069386","name":"梁山泊小籠湯包","category":"fast_food","address":"漢口街二段"},"geometry":{"type":"Point","coordinates":[121.505699,25.045554]}},{"type":"Feature","properties":{"id":"osm:node:7282069387","name":"全球炸雞排骨飯","category":"fast_food","address":"新生北路二段58巷"},"geometry":{"type":"Point","coordinates":[121.526659,25.05532]}},{"type":"Feature","properties":{"id":"osm:node:7282081089","name":"金大鼎香豆腐","category":"fast_food","address":"深坑街"},"geometry":{"type":"Point","coordinates":[121.613682,25.001651]}},{"type":"Feature","properties":{"id":"osm:node:7282086086","name":"胖老爹美式炸雞","category":"fast_food","nameEn":"Fat Daddy American Fried Chicken","cuisine":"chicken","brand":"胖老爹美式炸雞","address":"103016臺北市大同區重慶北路一段101號","phone":"+886 2 2559 5959","website":"https://www.fatdfc.com/"},"geometry":{"type":"Point","coordinates":[121.514478,25.053514]}},{"type":"Feature","properties":{"id":"osm:node:7282086688","name":"阿珠小吃","category":"fast_food","cuisine":"chinese","address":"延平北路一段"},"geometry":{"type":"Point","coordinates":[121.511945,25.051335]}},{"type":"Feature","properties":{"id":"osm:node:7282086690","name":"芭樂嬌烤雞屁股","category":"fast_food"},"geometry":{"type":"Point","coordinates":[121.613496,25.001231]}},{"type":"Feature","properties":{"id":"osm:node:7282086785","name":"東京大阪燒","category":"fast_food"},"geometry":{"type":"Point","coordinates":[121.56616,25.053276]}},{"type":"Feature","properties":{"id":"osm:node:7284077764","name":"Qburger","category":"fast_food","cuisine":"american;breakfast","brand":"Qburger","address":"116臺北市文山區景福街2號"},"geometry":{"type":"Point","coordinates":[121.539478,24.999624]}},{"type":"Feature","properties":{"id":"osm:node:7296140686","name":"美加炸雞","category":"fast_food","nameEn":"Robo Chick","cuisine":"chicken","address":"承德路三段"},"geometry":{"type":"Point","coordinates":[121.518517,25.063471]}},{"type":"Feature","properties":{"id":"osm:node:7296140785","name":"開小伙","category":"fast_food","address":"天水路"},"geometry":{"type":"Point","coordinates":[121.513945,25.05337]}},{"type":"Feature","properties":{"id":"osm:node:7365963988","name":"吉野家","category":"fast_food","nameEn":"Yoshinoya","cuisine":"beef_bowl","brand":"吉野家","opening_hours":"Mo-Su 05:00-04:00","address":"241新北市三重區正義北路105號","phone":"+886-2-89819381","website":"https://www.yoshinoya.com.tw/","wheelchair":"limited"},"geometry":{"type":"Point","coordinates":[121.497025,25.065575]}},{"type":"Feature","properties":{"id":"osm:node:7365964017","name":"漢堡王","category":"fast_food","nameEn":"Burger King","cuisine":"burger","brand":"漢堡王","opening_hours":"Mo-Su 09:00-23:00","address":"新北市三重區正義北路62號"},"geometry":{"type":"Point","coordinates":[121.497205,25.064027]}},{"type":"Feature","properties":{"id":"osm:node:7368631837","name":"巨林美而美","category":"fast_food","nameEn":"Jyulin Mei & Mei","cuisine":"breakfast","brand":"巨林美而美","address":"新北市三重區文化里001鄰文化北路16號"},"geometry":{"type":"Point","coordinates":[121.499454,25.063779]}},{"type":"Feature","properties":{"id":"osm:node:7368631854","name":"胖老爹美式炸雞","category":"fast_food","nameEn":"Fat Daddy American Fried Chicken","cuisine":"chicken","brand":"胖老爹美式炸雞"},"geometry":{"type":"Point","coordinates":[121.500816,25.063411]}},{"type":"Feature","properties":{"id":"osm:node:738837566","name":"Subway","category":"fast_food","cuisine":"sandwich","brand":"Subway","address":"10673臺北市大安區羅斯福路四段85號","phone":"+886-2-3365-2629","website":"http://www.twsubway.com/","wheelchair":"no"},"geometry":{"type":"Point","coordinates":[121.536443,25.013178]}},{"type":"Feature","properties":{"id":"osm:node:738838652","name":"Subway","category":"fast_food","cuisine":"sandwich","brand":"Subway","address":"106臺北市大安區羅斯福路三段241號","wheelchair":"limited"},"geometry":{"type":"Point","coordinates":[121.529887,25.019352]}},{"type":"Feature","properties":{"id":"osm:node:7631275089","name":"吉野家","category":"fast_food","nameEn":"Yoshinoya","cuisine":"beef_bowl","brand":"吉野家"},"geometry":{"type":"Point","coordinates":[121.569336,25.079232]}},{"type":"Feature","properties":{"id":"osm:node:7647240955","name":"吉米樂狗 Jimmy's Hotdog Club","category":"fast_food","cuisine":"hot_dog","address":"臺北市大安區信義路四段30巷52號"},"geometry":{"type":"Point","coordinates":[121.544545,25.031687]}},{"type":"Feature","properties":{"id":"osm:node:7673780893","name":"漢堡王","category":"fast_food","nameEn":"Burger King","cuisine":"burger","brand":"漢堡王"},"geometry":{"type":"Point","coordinates":[121.504681,25.136254]}},{"type":"Feature","properties":{"id":"osm:node:7695463328","name":"八方雲集","category":"fast_food","nameEn":"Bafang Dumpling","cuisine":"dumplings","brand":"八方雲集","address":"106台北市大安區建國南路二段151巷18號","phone":"+886 2 2707 1495","website":"https://www.8way.com.tw/"},"geometry":{"type":"Point","coordinates":[121.538656,25.02869]}},{"type":"Feature","properties":{"id":"osm:node:7695543007","name":"呷尚寶","category":"fast_food","nameEn":"JSP","cuisine":"burger","brand":"呷尚寶"},"geometry":{"type":"Point","coordinates":[121.534,25.065654]}},{"type":"Feature","properties":{"id":"osm:node:7695644812","name":"胖老爹","category":"fast_food","brand":"胖老爹美式炸雞"},"geometry":{"type":"Point","coordinates":[121.515539,25.029556]}},{"type":"Feature","properties":{"id":"osm:node:7695801662","name":"胖老爹美式炸雞","category":"fast_food","nameEn":"Fat Daddy American Fried Chicken","cuisine":"chicken","brand":"胖老爹美式炸雞"},"geometry":{"type":"Point","coordinates":[121.545862,25.03217]}},{"type":"Feature","properties":{"id":"osm:node:7699355937","name":"胖老爹美式炸雞","category":"fast_food","nameEn":"Fat Daddy American Fried Chicken","cuisine":"chicken","brand":"胖老爹美式炸雞"},"geometry":{"type":"Point","coordinates":[121.56158,24.988929]}},{"type":"Feature","properties":{"id":"osm:node:7699355954","name":"早安美芝城","category":"fast_food","nameEn":"Good Morning MACC","cuisine":"breakfast","brand":"早安美芝城"},"geometry":{"type":"Point","coordinates":[121.560186,24.989028]}},{"type":"Feature","properties":{"id":"osm:node:7699488151","name":"八方雲集","category":"fast_food","nameEn":"Bafang Dumpling","cuisine":"dumplings","brand":"八方雲集","address":"105台北市松山區敦化北路222巷35號","phone":"+886 2 2717 2070","website":"https://www.8way.com.tw/"},"geometry":{"type":"Point","coordinates":[121.547305,25.060017]}},{"type":"Feature","properties":{"id":"osm:node:7699488162","name":"八方雲集","category":"fast_food","nameEn":"Bafang Dumpling","cuisine":"dumplings","brand":"八方雲集","address":"104台北市中山區吉林路391號","phone":"+886 2 2599 6651","website":"https://www.8way.com.tw/"},"geometry":{"type":"Point","coordinates":[121.530502,25.065601]}},{"type":"Feature","properties":{"id":"osm:node:7699488177","name":"弘爺漢堡","category":"fast_food","nameEn":"Hong Ya Hambuger","cuisine":"american;breakfast","brand":"弘爺漢堡"},"geometry":{"type":"Point","coordinates":[121.531875,25.066503]}},{"type":"Feature","properties":{"id":"osm:node:7699679837","name":"拉亞漢堡","category":"fast_food","nameEn":"Laya Burger","cuisine":"burger;breakfast","brand":"拉亞漢堡","address":"100057臺北市中正區延平南路157巷3號","phone":"+886 2 2371 0500","website":"https://www.laya.com.tw/"},"geometry":{"type":"Point","coordinates":[121.507988,25.03537]}},{"type":"Feature","properties":{"id":"osm:node:7699679871","name":"胖老爹美式炸雞","category":"fast_food","nameEn":"Fat Daddy American Fried Chicken","cuisine":"chicken","brand":"胖老爹美式炸雞"},"geometry":{"type":"Point","coordinates":[121.505525,25.046143]}},{"type":"Feature","properties":{"id":"osm:node:7699687691","name":"巨林美而美","category":"fast_food","nameEn":"Jyulin Mei & Mei","cuisine":"breakfast","brand":"巨林美而美"},"geometry":{"type":"Point","coordinates":[121.522306,25.040087]}},{"type":"Feature","properties":{"id":"osm:node:7700137028","name":"漢堡王","category":"fast_food","nameEn":"Burger King","cuisine":"burger","brand":"漢堡王"},"geometry":{"type":"Point","coordinates":[121.565805,25.034246]}},{"type":"Feature","properties":{"id":"osm:node:7700216614","name":"21風味館","category":"fast_food","nameEn":"21Plus","cuisine":"chicken","brand":"21風味館","wheelchair":"limited"},"geometry":{"type":"Point","coordinates":[121.565239,25.040642]}},{"type":"Feature","properties":{"id":"osm:node:7700421140","name":"八方雲集","category":"fast_food","nameEn":"Bafang Dumpling","cuisine":"dumplings","brand":"八方雲集","address":"112台北市北投區知行路294號","phone":"+886 2 2858 8758","website":"https://www.8way.com.tw/"},"geometry":{"type":"Point","coordinates":[121.467634,25.121862]}},{"type":"Feature","properties":{"id":"osm:node:7731649039","name":"八方雲集","category":"fast_food","nameEn":"Bafang Dumpling","cuisine":"dumplings","brand":"八方雲集","address":"104台北市中山區長春路293號","phone":"+886 2 2500 6795","website":"https://www.8way.com.tw/"},"geometry":{"type":"Point","coordinates":[121.542013,25.054732]}},{"type":"Feature","properties":{"id":"osm:node:7747652928","name":"瑞麟美而美","category":"fast_food","nameEn":"Rueilin Mei & Mei","cuisine":"breakfast","brand":"瑞麟美而美"},"geometry":{"type":"Point","coordinates":[121.583875,25.056867]}},{"type":"Feature","properties":{"id":"osm:node:7747652933","name":"瑞麟美而美","category":"fast_food","nameEn":"Rueilin Mei & Mei","cuisine":"breakfast","brand":"瑞麟美而美"},"geometry":{"type":"Point","coordinates":[121.501323,25.139794]}},{"type":"Feature","properties":{"id":"osm:node:7747683245","name":"八方雲集","category":"fast_food","nameEn":"Bafang Dumpling","cuisine":"dumplings","brand":"八方雲集","address":"106台北市大安區基隆路四段43號第三餐廳","website":"https://www.8way.com.tw/"},"geometry":{"type":"Point","coordinates":[121.540937,25.011872]}},{"type":"Feature","properties":{"id":"osm:node:7749782385","name":"胖老爹美式炸雞","category":"fast_food","nameEn":"Fat Daddy American Fried Chicken","cuisine":"chicken","brand":"胖老爹美式炸雞","address":"106台北市大安區光復南路456巷25號"},"geometry":{"type":"Point","coordinates":[121.556372,25.035191]}},{"type":"Feature","properties":{"id":"osm:node:7749782389","name":"吉野家","category":"fast_food","nameEn":"Yoshinoya","cuisine":"beef_bowl","brand":"吉野家"},"geometry":{"type":"Point","coordinates":[121.544132,25.014503]}},{"type":"Feature","properties":{"id":"osm:node:7749782392","name":"瑞麟美而美","category":"fast_food","nameEn":"Rueilin Mei & Mei","cuisine":"breakfast","brand":"瑞麟美而美"},"geometry":{"type":"Point","coordinates":[121.520909,25.061648]}},{"type":"Feature","properties":{"id":"osm:node:7749782413","name":"麥當勞","category":"fast_food","nameEn":"McDonald's","cuisine":"burger","brand":"麥當勞"},"geometry":{"type":"Point","coordinates":[121.519968,25.062631]}},{"type":"Feature","properties":{"id":"osm:node:7749782416","name":"頂呱呱","category":"fast_food","nameEn":"TKK Fried Chicken","cuisine":"chicken","brand":"頂呱呱"},"geometry":{"type":"Point","coordinates":[121.520446,25.062635]}},{"type":"Feature","properties":{"id":"osm:node:7749806933","name":"拉亞漢堡","category":"fast_food","nameEn":"Laya Burger","cuisine":"burger;breakfast","brand":"拉亞漢堡"},"geometry":{"type":"Point","coordinates":[121.514424,25.037018]}},{"type":"Feature","properties":{"id":"osm:node:7749806954","name":"呷尚寶","category":"fast_food","nameEn":"JSP","cuisine":"burger","brand":"呷尚寶"},"geometry":{"type":"Point","coordinates":[121.515974,25.062143]}},{"type":"Feature","properties":{"id":"osm:node:7749806971","name":"拉亞漢堡","category":"fast_food","nameEn":"Laya Burger","cuisine":"burger;breakfast","brand":"拉亞漢堡"},"geometry":{"type":"Point","coordinates":[121.515847,25.070807]}},{"type":"Feature","properties":{"id":"osm:node:7749821088","name":"八方雲集","category":"fast_food","nameEn":"Bafang Dumpling","cuisine":"dumplings","brand":"八方雲集","address":"106台北市大安區仁愛路四段300巷20弄1號","phone":"+886 2 2705 9140","website":"https://www.8way.com.tw/"},"geometry":{"type":"Point","coordinates":[121.554329,25.036331]}},{"type":"Feature","properties":{"id":"osm:node:7749822733","name":"瑞麟美而美","category":"fast_food","nameEn":"Rueilin Mei & Mei","cuisine":"breakfast","brand":"瑞麟美而美"},"geometry":{"type":"Point","coordinates":[121.498434,25.143034]}},{"type":"Feature","properties":{"id":"osm:node:7749832507","name":"弘爺漢堡","category":"fast_food","nameEn":"Hong Ya Hambuger","cuisine":"american;breakfast","brand":"弘爺漢堡"},"geometry":{"type":"Point","coordinates":[121.516079,25.06377]}},{"type":"Feature","properties":{"id":"osm:node:7749832513","name":"瑞麟美而美","category":"fast_food","nameEn":"Rueilin Mei & Mei","cuisine":"breakfast","brand":"瑞麟美而美"},"geometry":{"type":"Point","coordinates":[121.519488,25.06347]}},{"type":"Feature","properties":{"id":"osm:node:7749832519","name":"すき家","category":"fast_food","nameEn":"Sukiya","cuisine":"beef_bowl","brand":"すき家"},"geometry":{"type":"Point","coordinates":[121.519804,25.063058]}},{"type":"Feature","properties":{"id":"osm:node:7749832520","name":"八方雲集","category":"fast_food","nameEn":"Bafang Dumpling","cuisine":"dumplings","brand":"八方雲集","address":"104台北市中山區天祥路59號","phone":"+886 2 2585 7853","website":"https://www.8way.com.tw/"},"geometry":{"type":"Point","coordinates":[121.520903,25.063307]}},{"type":"Feature","properties":{"id":"osm:node:7749832525","name":"福麟自助餐","category":"fast_food"},"geometry":{"type":"Point","coordinates":[121.582017,25.055361]}},{"type":"Feature","properties":{"id":"osm:node:7749841921","name":"瑞麟美而美","category":"fast_food","nameEn":"Rueilin Mei & Mei","cuisine":"breakfast","brand":"瑞麟美而美"},"geometry":{"type":"Point","coordinates":[121.544382,25.037478]}},{"type":"Feature","properties":{"id":"osm:node:7755817119","name":"瑞麟美而美","category":"fast_food","nameEn":"Rueilin Mei & Mei","cuisine":"breakfast","brand":"瑞麟美而美"},"geometry":{"type":"Point","coordinates":[121.504787,25.042137]}},{"type":"Feature","properties":{"id":"osm:node:7765178684","name":"拉亞漢堡","category":"fast_food","nameEn":"Laya Burger","cuisine":"burger;breakfast","brand":"拉亞漢堡"},"geometry":{"type":"Point","coordinates":[121.577078,25.071547]}},{"type":"Feature","properties":{"id":"osm:node:7765187612","name":"巨林美而美","category":"fast_food","nameEn":"Jyulin Mei & Mei","cuisine":"breakfast","brand":"巨林美而美"},"geometry":{"type":"Point","coordinates":[121.560315,25.028227]}},{"type":"Feature","properties":{"id":"osm:node:7765187616","name":"呷尚寶","category":"fast_food","nameEn":"JSP","cuisine":"burger","brand":"呷尚寶","address":"108035臺北市萬華區寶興街41號"},"geometry":{"type":"Point","coordinates":[121.493369,25.02746]}},{"type":"Feature","properties":{"id":"osm:node:7765187700","name":"瑞麟美而美","category":"fast_food","nameEn":"Rueilin Mei & Mei","cuisine":"breakfast","brand":"瑞麟美而美"},"geometry":{"type":"Point","coordinates":[121.4997,25.025319]}},{"type":"Feature","properties":{"id":"osm:node:7765187723","name":"瑞麟美而美","category":"fast_food","nameEn":"Rueilin Mei & Mei","cuisine":"breakfast","brand":"瑞麟美而美"},"geometry":{"type":"Point","coordinates":[121.494181,25.03489]}},{"type":"Feature","properties":{"id":"osm:node:7765187729","name":"弘爺漢堡","category":"fast_food","nameEn":"Hong Ya Hambuger","cuisine":"american;breakfast","brand":"弘爺漢堡"},"geometry":{"type":"Point","coordinates":[121.557535,25.018117]}},{"type":"Feature","properties":{"id":"osm:node:7765187783","name":"胖老爹美式炸雞","category":"fast_food","cuisine":"chicken;friture","brand":"胖老爹美式炸雞","address":"108014臺北市萬華區桂林路85號","phone":"+886 2 2331 0168","website":"https://www.fatdfc.com/"},"geometry":{"type":"Point","coordinates":[121.501639,25.038498]}},{"type":"Feature","properties":{"id":"osm:node:7765187929","name":"巨林美而美","category":"fast_food","nameEn":"Jyulin Mei & Mei","cuisine":"breakfast","brand":"巨林美而美"},"geometry":{"type":"Point","coordinates":[121.500171,25.026402]}},{"type":"Feature","properties":{"id":"osm:node:7765187931","name":"拉亞漢堡","category":"fast_food","nameEn":"Laya Burger","cuisine":"burger;breakfast","brand":"拉亞漢堡"},"geometry":{"type":"Point","coordinates":[121.509816,25.024824]}},{"type":"Feature","properties":{"id":"osm:node:7765187981","name":"瑞麟美而美","category":"fast_food","nameEn":"Rueilin Mei & Mei","cuisine":"breakfast","brand":"瑞麟美而美"},"geometry":{"type":"Point","coordinates":[121.574461,25.080505]}},{"type":"Feature","properties":{"id":"osm:node:7765188015","name":"瑞麟美而美","category":"fast_food","nameEn":"Rueilin Mei & Mei","cuisine":"breakfast","brand":"瑞麟美而美"},"geometry":{"type":"Point","coordinates":[121.556394,25.023339]}},{"type":"Feature","properties":{"id":"osm:node:7765188399","name":"胖老爹美式炸雞","category":"fast_food","nameEn":"Fat Daddy American Fried Chicken","cuisine":"chicken","brand":"胖老爹美式炸雞"},"geometry":{"type":"Point","coordinates":[121.566203,25.026225]}},{"type":"Feature","properties":{"id":"osm:node:7772675420","name":"胖老爹美式炸雞","category":"fast_food","nameEn":"Fat Daddy American Fried Chicken","cuisine":"chicken","brand":"胖老爹美式炸雞"},"geometry":{"type":"Point","coordinates":[121.509129,25.025135]}},{"type":"Feature","properties":{"id":"osm:node:7772741769","name":"八方雲集","category":"fast_food","nameEn":"Bafang Dumpling","cuisine":"dumplings","brand":"八方雲集","address":"108台北市萬華區環河南路二段202號","phone":"+886 2 2308 5335","website":"https://www.8way.com.tw/"},"geometry":{"type":"Point","coordinates":[121.492982,25.034087]}},{"type":"Feature","properties":{"id":"osm:node:7772741782","name":"呷尚寶","category":"fast_food","nameEn":"JSP","cuisine":"burger","brand":"呷尚寶"},"geometry":{"type":"Point","coordinates":[121.560257,25.017148]}},{"type":"Feature","properties":{"id":"osm:node:7772741784","name":"Qburger","category":"fast_food","cuisine":"american;breakfast","brand":"Qburger"},"geometry":{"type":"Point","coordinates":[121.505365,25.027093]}},{"type":"Feature","properties":{"id":"osm:node:7775195758","name":"漢堡王","category":"fast_food","nameEn":"Burger King","cuisine":"burger","brand":"漢堡王","opening_hours":"Mo-Su 09:00-20:00","address":"臺北市士林區承德路五段55號"},"geometry":{"type":"Point","coordinates":[121.514804,25.097969]}},{"type":"Feature","properties":{"id":"osm:node:7777546492","name":"肯德基","category":"fast_food","nameEn":"KFC","cuisine":"chicken","brand":"肯德基"},"geometry":{"type":"Point","coordinates":[121.46117,25.009774]}},{"type":"Feature","properties":{"id":"osm:node:7778776366","name":"八方雲集","category":"fast_food","nameEn":"Bafang Dumpling","cuisine":"dumplings","brand":"八方雲集","address":"114台北市內湖區麗山街348巷15號","phone":"+886 2 2627 1636","website":"https://www.8way.com.tw/"},"geometry":{"type":"Point","coordinates":[121.573659,25.08192]}},{"type":"Feature","properties":{"id":"osm:node:7778780614","name":"呷尚寶","category":"fast_food","nameEn":"JSP","cuisine":"burger","brand":"呷尚寶"},"geometry":{"type":"Point","coordinates":[121.529098,25.058502]}},{"type":"Feature","properties":{"id":"osm:node:7778780625","name":"巨林美而美","category":"fast_food","nameEn":"Jyulin Mei & Mei","cuisine":"breakfast","brand":"巨林美而美"},"geometry":{"type":"Point","coordinates":[121.563854,25.025052]}},{"type":"Feature","properties":{"id":"osm:node:7778780640","name":"早安美芝城","category":"fast_food","nameEn":"Good Morning MACC","cuisine":"breakfast","brand":"早安美芝城","opening_hours":"06:30-14:00","address":"110台北市信義區吳興街284巷13弄8號1F樓","phone":"+886 2 2738 0988"},"geometry":{"type":"Point","coordinates":[121.563756,25.024588]}},{"type":"Feature","properties":{"id":"osm:node:7778780649","name":"拉亞漢堡","category":"fast_food","nameEn":"Laya Burger","cuisine":"burger;breakfast","brand":"拉亞漢堡"},"geometry":{"type":"Point","coordinates":[121.563954,25.025552]}},{"type":"Feature","properties":{"id":"osm:node:7783474586","name":"瑞麟美而美","category":"fast_food","nameEn":"Rueilin Mei & Mei","cuisine":"breakfast","brand":"瑞麟美而美"},"geometry":{"type":"Point","coordinates":[121.568013,25.082446]}},{"type":"Feature","properties":{"id":"osm:node:7787034037","name":"姐妹漢堡店","category":"fast_food"},"geometry":{"type":"Point","coordinates":[121.52302,25.080122]}},{"type":"Feature","properties":{"id":"osm:node:7794420427","name":"瑞麟美而美","category":"fast_food","nameEn":"Rueilin Mei & Mei","cuisine":"breakfast","brand":"瑞麟美而美"},"geometry":{"type":"Point","coordinates":[121.505222,25.092143]}},{"type":"Feature","properties":{"id":"osm:node:7794420435","name":"呷尚寶","category":"fast_food","nameEn":"JSP","cuisine":"burger","brand":"呷尚寶"},"geometry":{"type":"Point","coordinates":[121.502639,25.091961]}},{"type":"Feature","properties":{"id":"osm:node:7795175792","name":"八方雲集","category":"fast_food","nameEn":"Bafang Dumpling","cuisine":"dumplings","brand":"八方雲集","address":"111台北市士林區前港街31號","phone":"+886 2 2880 5511","website":"https://www.8way.com.tw/"},"geometry":{"type":"Point","coordinates":[121.521993,25.084838]}},{"type":"Feature","properties":{"id":"osm:node:7795175796","name":"瑞麟美而美","category":"fast_food","nameEn":"Rueilin Mei & Mei","cuisine":"breakfast","brand":"瑞麟美而美"},"geometry":{"type":"Point","coordinates":[121.522575,25.084567]}},{"type":"Feature","properties":{"id":"osm:node:7795175822","name":"八方雲集","category":"fast_food","nameEn":"Bafang Dumpling","cuisine":"dumplings","brand":"八方雲集","address":"111台北市士林區華齡街31號","phone":"+886 2 2881 5510","website":"https://www.8way.com.tw/"},"geometry":{"type":"Point","coordinates":[121.519346,25.083586]}},{"type":"Feature","properties":{"id":"osm:node:7795175829","name":"呷尚寶","category":"fast_food","nameEn":"JSP","cuisine":"breakfast;brunch;burger;sandwich","brand":"呷尚寶"},"geometry":{"type":"Point","coordinates":[121.51745,25.084453]}},{"type":"Feature","properties":{"id":"osm:node:7795197885","name":"Qburger","category":"fast_food","cuisine":"american;breakfast","brand":"Qburger","address":"台北市"},"geometry":{"type":"Point","coordinates":[121.52124,25.080742]}},{"type":"Feature","properties":{"id":"osm:node:7795452412","name":"瑞麟美而美","category":"fast_food","nameEn":"Rueilin Mei & Mei","cuisine":"breakfast","brand":"瑞麟美而美"},"geometry":{"type":"Point","coordinates":[121.541535,25.004135]}},{"type":"Feature","properties":{"id":"osm:node:7797659756","name":"拉亞漢堡","category":"fast_food","nameEn":"Laya Burger","cuisine":"burger;breakfast","brand":"拉亞漢堡"},"geometry":{"type":"Point","coordinates":[121.539538,25.06034]}},{"type":"Feature","properties":{"id":"osm:node:7797720602","name":"弘爺漢堡","category":"fast_food","nameEn":"Hong Ya Hambuger","cuisine":"american;breakfast","brand":"弘爺漢堡"},"geometry":{"type":"Point","coordinates":[121.568181,25.086493]}},{"type":"Feature","properties":{"id":"osm:node:7797733188","name":"Qburger","category":"fast_food","cuisine":"american;breakfast","brand":"Qburger"},"geometry":{"type":"Point","coordinates":[121.540104,25.064442]}},{"type":"Feature","properties":{"id":"osm:node:7798097835","name":"早安美芝城","category":"fast_food","nameEn":"Good Morning MACC","cuisine":"breakfast","brand":"早安美芝城"},"geometry":{"type":"Point","coordinates":[121.521635,25.102873]}},{"type":"Feature","properties":{"id":"osm:node:7798097879","name":"弘爺漢堡","category":"fast_food","nameEn":"Hong Ya Hambuger","cuisine":"american;breakfast","brand":"弘爺漢堡"},"geometry":{"type":"Point","coordinates":[121.518767,25.109276]}},{"type":"Feature","properties":{"id":"osm:node:7798131022","name":"蔥抓餅","category":"fast_food"},"geometry":{"type":"Point","coordinates":[121.522684,25.105065]}},{"type":"Feature","properties":{"id":"osm:node:7798131023","name":"SUBBER","category":"fast_food"},"geometry":{"type":"Point","coordinates":[121.52278,25.105136]}},{"type":"Feature","properties":{"id":"osm:node:7798137186","name":"瑞麟美而美","category":"fast_food","nameEn":"Rueilin Mei & Mei","cuisine":"breakfast","brand":"瑞麟美而美"},"geometry":{"type":"Point","coordinates":[121.517626,25.107535]}},{"type":"Feature","properties":{"id":"osm:node:7798137219","name":"早安美芝城","category":"fast_food","nameEn":"Good Morning MACC","cuisine":"breakfast","brand":"早安美芝城"},"geometry":{"type":"Point","coordinates":[121.513199,25.118444]}},{"type":"Feature","properties":{"id":"osm:node:7798161866","name":"Qburger","category":"fast_food","cuisine":"american;breakfast","brand":"Qburger"},"geometry":{"type":"Point","coordinates":[121.53266,25.107094]}},{"type":"Feature","properties":{"id":"osm:node:7798161882","name":"拉亞漢堡","category":"fast_food","nameEn":"Laya Burger","cuisine":"burger;breakfast","brand":"拉亞漢堡"},"geometry":{"type":"Point","coordinates":[121.530363,25.105543]}},{"type":"Feature","properties":{"id":"osm:node:7798165932","name":"摩斯漢堡","category":"fast_food","nameEn":"MOS Burger","cuisine":"burger","brand":"摩斯漢堡"},"geometry":{"type":"Point","coordinates":[121.530013,25.107959]}},{"type":"Feature","properties":{"id":"osm:node:7798185770","name":"八方雲集","category":"fast_food","nameEn":"Bafang Dumpling","cuisine":"dumplings","brand":"八方雲集","address":"111台北市士林區德行東路235號","phone":"+886 2 2833 2588","website":"https://www.8way.com.tw/"},"geometry":{"type":"Point","coordinates":[121.533665,25.109664]}},{"type":"Feature","properties":{"id":"osm:node:7798185772","name":"統美自助餐","category":"fast_food"},"geometry":{"type":"Point","coordinates":[121.53352,25.1096]}},{"type":"Feature","properties":{"id":"osm:node:7798209988","name":"屋瑪早午餐","category":"fast_food"},"geometry":{"type":"Point","coordinates":[121.530809,25.108466]}},{"type":"Feature","properties":{"id":"osm:node:7798376345","name":"傑克漢堡","category":"fast_food"},"geometry":{"type":"Point","coordinates":[121.580956,25.041239]}},{"type":"Feature","properties":{"id":"osm:node:7798376351","name":"呷尚寶","category":"fast_food","nameEn":"JSP","cuisine":"burger","brand":"呷尚寶"},"geometry":{"type":"Point","coordinates":[121.582554,25.040927]}},{"type":"Feature","properties":{"id":"osm:node:7800405346","name":"拉亞漢堡","category":"fast_food","nameEn":"Laya Burger","cuisine":"burger;breakfast","brand":"拉亞漢堡"},"geometry":{"type":"Point","coordinates":[121.56067,25.049256]}},{"type":"Feature","properties":{"id":"osm:node:7800450796","name":"八方雲集","category":"fast_food","nameEn":"Bafang Dumpling","cuisine":"dumplings","brand":"八方雲集","address":"105台北市松山區民生東路四段56巷3弄1號","phone":"+886 2 2713 6596","website":"https://www.8way.com.tw/"},"geometry":{"type":"Point","coordinates":[121.551755,25.057182]}},{"type":"Feature","properties":{"id":"osm:node:7800467603","name":"八方雲集","category":"fast_food","nameEn":"Bafang Dumpling","cuisine":"dumplings","brand":"八方雲集","address":"103台北市大同區延平北路三段156號","phone":"+886 2 2592 8997","website":"https://www.8way.com.tw/"},"geometry":{"type":"Point","coordinates":[121.510799,25.068183]}},{"type":"Feature","properties":{"id":"osm:node:7800498035","name":"Awesome Burger","category":"fast_food","cuisine":"burger"},"geometry":{"type":"Point","coordinates":[121.564167,25.042024]}},{"type":"Feature","properties":{"id":"osm:node:7800536131","name":"呷尚寶","category":"fast_food","nameEn":"JSP","cuisine":"breakfast;brunch;burger;sandwich","brand":"呷尚寶","wheelchair":"yes"},"geometry":{"type":"Point","coordinates":[121.567073,25.059299]}},{"type":"Feature","properties":{"id":"osm:node:7800536148","name":"八方雲集","category":"fast_food","nameEn":"Bafang Dumpling","cuisine":"dumplings","brand":"八方雲集","address":"105台北市松山區三民路113巷27號","phone":"+886 2 2763 3516","website":"https://www.8way.com.tw/"},"geometry":{"type":"Point","coordinates":[121.562022,25.05785]}},{"type":"Feature","properties":{"id":"osm:node:7800576491","name":"呷尚寶","category":"fast_food","nameEn":"JSP","cuisine":"burger","brand":"呷尚寶"},"geometry":{"type":"Point","coordinates":[121.552608,25.046057]}},{"type":"Feature","properties":{"id":"osm:node:7801780689","name":"早安美芝城","category":"fast_food","nameEn":"Good Morning MACC","cuisine":"breakfast","brand":"早安美芝城","wheelchair":"limited"},"geometry":{"type":"Point","coordinates":[121.562673,25.050221]}},{"type":"Feature","properties":{"id":"osm:node:7801913817","name":"拿坡里披薩","category":"fast_food","nameEn":"Napoli Pizza","cuisine":"pizza;fried_chicken","brand":"拿坡里披薩","opening_hours":"Mo-Su 11:00-21:30","address":"108034臺北市萬華區西園路二段244號","phone":"+886 2 2333 1678","website":"https://www.0800076666.com.tw/"},"geometry":{"type":"Point","coordinates":[121.494864,25.02812]}},{"type":"Feature","properties":{"id":"osm:node:7801913829","name":"巨林美而美","category":"fast_food","nameEn":"Jyulin Mei & Mei","cuisine":"breakfast","brand":"巨林美而美"},"geometry":{"type":"Point","coordinates":[121.494317,25.029664]}},{"type":"Feature","properties":{"id":"osm:node:7801917458","name":"弘爺漢堡","category":"fast_food","nameEn":"Hong Ya Hambuger","cuisine":"american;breakfast","brand":"弘爺漢堡"},"geometry":{"type":"Point","coordinates":[121.506966,25.034925]}},{"type":"Feature","properties":{"id":"osm:node:7801945894","name":"弘爺漢堡","category":"fast_food","nameEn":"Hong Ya Hambuger","cuisine":"american;breakfast","brand":"弘爺漢堡"},"geometry":{"type":"Point","coordinates":[121.503057,25.041507]}},{"type":"Feature","properties":{"id":"osm:node:7801945902","name":"巨林美而美","category":"fast_food","nameEn":"Jyulin Mei & Mei","cuisine":"breakfast","brand":"巨林美而美"},"geometry":{"type":"Point","coordinates":[121.506085,25.03973]}},{"type":"Feature","properties":{"id":"osm:node:7803203116","name":"瑞麟美而美","category":"fast_food","nameEn":"Rueilin Mei & Mei","cuisine":"breakfast","brand":"瑞麟美而美"},"geometry":{"type":"Point","coordinates":[121.579756,25.078925]}},{"type":"Feature","properties":{"id":"osm:node:7803203139","name":"八方雲集","category":"fast_food","nameEn":"Bafang Dumpling","cuisine":"dumplings","brand":"八方雲集","address":"114台北市內湖區內湖路一段737巷73號","phone":"+886 2 2627 5060","website":"https://www.8way.com.tw/"},"geometry":{"type":"Point","coordinates":[121.579284,25.081452]}},{"type":"Feature","properties":{"id":"osm:node:7815464125","name":"嚐鱻","category":"fast_food","cuisine":"sushi"},"geometry":{"type":"Point","coordinates":[121.518777,25.047809]}},{"type":"Feature","properties":{"id":"osm:node:7820702201","name":"八方雲集","category":"fast_food","nameEn":"Bafang Dumpling","cuisine":"dumplings","brand":"八方雲集","address":"241新北市三重區永福街159號","phone":"+886 2 2280 2688","website":"https://www.8way.com.tw/"},"geometry":{"type":"Point","coordinates":[121.478698,25.075997]}},{"type":"Feature","properties":{"id":"osm:node:7820702202","name":"早安美芝城","category":"fast_food","nameEn":"Good Morning MACC","cuisine":"breakfast","brand":"早安美芝城"},"geometry":{"type":"Point","coordinates":[121.501111,25.064953]}},{"type":"Feature","properties":{"id":"osm:node:7820702243","name":"早安美芝城","category":"fast_food","nameEn":"Good Morning MACC","cuisine":"breakfast","brand":"早安美芝城"},"geometry":{"type":"Point","coordinates":[121.460367,25.089185]}},{"type":"Feature","properties":{"id":"osm:node:7820702271","name":"八方雲集","category":"fast_food","nameEn":"Bafang Dumpling","cuisine":"dumplings","brand":"八方雲集","address":"247新北市蘆洲區三民路589號","phone":"+886 2 8286 3955","website":"https://www.8way.com.tw/"},"geometry":{"type":"Point","coordinates":[121.461139,25.093214]}},{"type":"Feature","properties":{"id":"osm:node:7820702369","name":"八方雲集","category":"fast_food","nameEn":"Bafang Dumpling","cuisine":"dumplings","brand":"八方雲集","address":"247新北市蘆洲區民義街112號","phone":"+886 2 2289 5778","website":"https://www.8way.com.tw/"},"geometry":{"type":"Point","coordinates":[121.474115,25.09099]}},{"type":"Feature","properties":{"id":"osm:node:7820702372","name":"巨林美而美","category":"fast_food","nameEn":"Jyulin Mei & Mei","cuisine":"breakfast","brand":"巨林美而美"},"geometry":{"type":"Point","coordinates":[121.496595,25.059736]}},{"type":"Feature","properties":{"id":"osm:node:7820702399","name":"八方雲集","category":"fast_food","nameEn":"Bafang Dumpling","cuisine":"dumplings","brand":"八方雲集","address":"247新北市蘆洲區永樂街50號","phone":"+886 2 8283 2688","website":"https://www.8way.com.tw/"},"geometry":{"type":"Point","coordinates":[121.457493,25.088531]}},{"type":"Feature","properties":{"id":"osm:node:7820702424","name":"弘爺漢堡","category":"fast_food","nameEn":"Hong Ya Hambuger","cuisine":"american;breakfast","brand":"弘爺漢堡"},"geometry":{"type":"Point","coordinates":[121.471986,25.093322]}},{"type":"Feature","properties":{"id":"osm:node:7820702479","name":"弘爺漢堡","category":"fast_food","nameEn":"Hong Ya Hambuger","cuisine":"american;breakfast","brand":"弘爺漢堡"},"geometry":{"type":"Point","coordinates":[121.47896,25.075938]}},{"type":"Feature","properties":{"id":"osm:node:7820702518","name":"八方雲集","category":"fast_food","nameEn":"Bafang Dumpling","cuisine":"dumplings","brand":"八方雲集","address":"247新北市蘆洲區長安街1號","phone":"+886 2 2288 3846","website":"https://www.8way.com.tw/"},"geometry":{"type":"Point","coordinates":[121.464548,25.078728]}},{"type":"Feature","properties":{"id":"osm:node:7820725911","name":"瑞麟美而美","category":"fast_food","nameEn":"Rueilin Mei & Mei","cuisine":"breakfast","brand":"瑞麟美而美"},"geometry":{"type":"Point","coordinates":[121.498515,25.064615]}},{"type":"Feature","properties":{"id":"osm:node:7820748093","name":"八方雲集","category":"fast_food","nameEn":"Bafang Dumpling","cuisine":"dumplings","brand":"八方雲集","address":"103台北市大同區昌吉街43號","phone":"+886 2 2598 6097","website":"https://www.8way.com.tw/"},"geometry":{"type":"Point","coordinates":[121.51651,25.066008]}},{"type":"Feature","properties":{"id":"osm:node:7849377520","name":"繼光香香雞","category":"fast_food","nameEn":"J&G Fried Chicken","cuisine":"fried_food","brand":"繼光香香雞","opening_hours":"Mo-Fr 08:00-19:00","address":"115011臺北市南港區忠孝東路七段369號一樓","phone":"+886 2 2652 9000","wheelchair":"yes"},"geometry":{"type":"Point","coordinates":[121.605705,25.052725]}},{"type":"Feature","properties":{"id":"osm:node:7935963863","name":"堡堡 早餐店","category":"fast_food","cuisine":"taiwanese","phone":"+886 2 26467077"},"geometry":{"type":"Point","coordinates":[121.650038,25.076562]}},{"type":"Feature","properties":{"id":"osm:node:7967930471","name":"呷尚寶","category":"fast_food","nameEn":"JSP","cuisine":"burger","brand":"呷尚寶","address":"241新北市三重區重安街54號"},"geometry":{"type":"Point","coordinates":[121.490891,25.057524]}},{"type":"Feature","properties":{"id":"osm:node:7987894312","name":"呷尚寶","category":"fast_food","nameEn":"JSP","cuisine":"burger","brand":"呷尚寶","address":"235新北市中和區景安路209-1號"},"geometry":{"type":"Point","coordinates":[121.504643,24.991847]}},{"type":"Feature","properties":{"id":"osm:node:8004834270","name":"札西德樂 早餐店","category":"fast_food","cuisine":"taiwanese","address":"新北市中和區景平路124號"},"geometry":{"type":"Point","coordinates":[121.519177,24.991812]}},{"type":"Feature","properties":{"id":"osm:node:8007268464","name":"麥當勞","category":"fast_food","nameEn":"McDonald's","cuisine":"burger","brand":"麥當勞","address":"新北市板橋區"},"geometry":{"type":"Point","coordinates":[121.456435,25.001837]}},{"type":"Feature","properties":{"id":"osm:node:8007268482","name":"麥當勞","category":"fast_food","nameEn":"McDonald's","cuisine":"burger","brand":"麥當勞","address":"台北市南港區研究院路一段99號","wheelchair":"yes"},"geometry":{"type":"Point","coordinates":[121.616336,25.052271]}},{"type":"Feature","properties":{"id":"osm:node:8014080440","name":"拉亞漢堡","category":"fast_food","nameEn":"Laya Burger","cuisine":"burger;breakfast","brand":"拉亞漢堡"},"geometry":{"type":"Point","coordinates":[121.60686,25.056614]}},{"type":"Feature","properties":{"id":"osm:node:8018193986","name":"漢堡王","category":"fast_food","nameEn":"Burger King","cuisine":"burger","brand":"漢堡王","opening_hours":"Mo-Su 09:00-23:00","address":"220078新北市板橋區中山路二段168號","phone":"+886 2 2958 1008","website":"https://www.burgerking.com.tw/"},"geometry":{"type":"Point","coordinates":[121.477085,25.017131]}},{"type":"Feature","properties":{"id":"osm:node:8030184223","name":"肯德基","category":"fast_food","nameEn":"KFC","cuisine":"chicken","brand":"肯德基"},"geometry":{"type":"Point","coordinates":[121.514858,24.963809]}},{"type":"Feature","properties":{"id":"osm:node:8083569603","name":"八方雲集","category":"fast_food","nameEn":"Bafang Dumpling","cuisine":"dumplings","brand":"八方雲集","address":"104台北市中山區天津街62號","phone":"+886 2 25717753","website":"https://www.8way.com.tw/"},"geometry":{"type":"Point","coordinates":[121.523212,25.051088]}},{"type":"Feature","properties":{"id":"osm:node:8108913219","name":"摩斯漢堡","category":"fast_food","nameEn":"MOS Burger","cuisine":"burger","brand":"摩斯漢堡"},"geometry":{"type":"Point","coordinates":[121.544615,25.053062]}},{"type":"Feature","properties":{"id":"osm:node:8128244497","name":"摩斯漢堡","category":"fast_food","nameEn":"MOS Burger","cuisine":"burger","brand":"摩斯漢堡","opening_hours":"Mo-Su 06:00-22:00","address":"242新北市新莊區五權一路42號一樓"},"geometry":{"type":"Point","coordinates":[121.457646,25.065497]}},{"type":"Feature","properties":{"id":"osm:node:8129122961","name":"阿娥涼麵","category":"fast_food","cuisine":"noodle","phone":"+886 920 054 576"},"geometry":{"type":"Point","coordinates":[121.45757,25.049337]}},{"type":"Feature","properties":{"id":"osm:node:8132903118","name":"吉利豆干","category":"fast_food","address":"臺北市中正區臨沂街81號"},"geometry":{"type":"Point","coordinates":[121.52789,25.034445]}},{"type":"Feature","properties":{"id":"osm:node:8133005222","name":"拉亞漢堡","category":"fast_food","nameEn":"Laya Burger","cuisine":"burger;breakfast","brand":"拉亞漢堡","address":"臺北市松山區敦化北路120巷7弄13號"},"geometry":{"type":"Point","coordinates":[121.54806,25.053414]}},{"type":"Feature","properties":{"id":"osm:node:8267397437","name":"早安美芝城","category":"fast_food","nameEn":"Good Morning MACC","cuisine":"breakfast","brand":"早安美芝城"},"geometry":{"type":"Point","coordinates":[121.47322,25.088594]}},{"type":"Feature","properties":{"id":"osm:node:8267397439","name":"早安美芝城","category":"fast_food","nameEn":"Good Morning MACC","cuisine":"breakfast","brand":"早安美芝城"},"geometry":{"type":"Point","coordinates":[121.477084,25.087686]}},{"type":"Feature","properties":{"id":"osm:node:8267397450","name":"巨林美而美","category":"fast_food","nameEn":"Jyulin Mei & Mei","cuisine":"breakfast","brand":"巨林美而美"},"geometry":{"type":"Point","coordinates":[121.472257,25.089204]}},{"type":"Feature","properties":{"id":"osm:node:8267416975","name":"拉亞漢堡","category":"fast_food","nameEn":"Laya Burger","cuisine":"burger;breakfast","brand":"拉亞漢堡"},"geometry":{"type":"Point","coordinates":[121.63579,25.071146]}},{"type":"Feature","properties":{"id":"osm:node:8301473894","name":"巨林美而美","category":"fast_food","nameEn":"Jyulin Mei & Mei","cuisine":"breakfast","brand":"巨林美而美","address":"220078新北市板橋區中山路二段154號"},"geometry":{"type":"Point","coordinates":[121.476785,25.016988]}},{"type":"Feature","properties":{"id":"osm:node:8301473899","name":"Subway","category":"fast_food","cuisine":"sandwich","brand":"Subway","opening_hours":"Mo-Su 08:00-22:00","address":"220078新北市板橋區中山路二段162號","phone":"+886 2 2951 2162","website":"https://subway.com.tw/"},"geometry":{"type":"Point","coordinates":[121.476926,25.017058]}},{"type":"Feature","properties":{"id":"osm:node:8317458607","name":"早吧","category":"fast_food","nameEn":"Morning Bar","cuisine":"taiwanese","opening_hours":"Mo-Su 06:00-13:00","address":"111臺北市士林區美崙街32號"},"geometry":{"type":"Point","coordinates":[121.522924,25.097202]}},{"type":"Feature","properties":{"id":"osm:node:8338711290","name":"肯德基","category":"fast_food","nameEn":"KFC","cuisine":"chicken","brand":"肯德基","opening_hours":"10:00-23:00","address":"104008台北市中山區南京東路一段88號","phone":"+886 2 25635055","website":"https://www.kfcclub.com.tw/"},"geometry":{"type":"Point","coordinates":[121.525768,25.051906]}},{"type":"Feature","properties":{"id":"osm:node:8376335905","name":"松屋","category":"fast_food","nameEn":"Matsuya","cuisine":"beef_bowl","brand":"松屋","opening_hours":"Mo-Su 10:00-02:00","address":"108台北市萬華區漢中街157號一樓","phone":"+886 2 2381 8118"},"geometry":{"type":"Point","coordinates":[121.507102,25.041538]}},{"type":"Feature","properties":{"id":"osm:node:8381353692","name":"拉亞漢堡","category":"fast_food","nameEn":"Laya Burger","cuisine":"burger;breakfast","brand":"拉亞漢堡"},"geometry":{"type":"Point","coordinates":[121.510421,25.044683]}},{"type":"Feature","properties":{"id":"osm:node:8383391860","name":"八方雲集","category":"fast_food","nameEn":"Bafang Dumpling","cuisine":"dumplings","brand":"八方雲集","address":"112台北市北投區崇仁路一段71號","phone":"+886 2 2891 0301","website":"https://www.8way.com.tw/"},"geometry":{"type":"Point","coordinates":[121.501506,25.126604]}},{"type":"Feature","properties":{"id":"osm:node:8383391867","name":"拉亞漢堡","category":"fast_food","nameEn":"Laya Burger","cuisine":"burger;breakfast","brand":"拉亞漢堡"},"geometry":{"type":"Point","coordinates":[121.50197,25.126403]}},{"type":"Feature","properties":{"id":"osm:node:8383391887","name":"巨林美而美","category":"fast_food","nameEn":"Jyulin Mei & Mei","cuisine":"breakfast","brand":"巨林美而美"},"geometry":{"type":"Point","coordinates":[121.501301,25.130604]}},{"type":"Feature","properties":{"id":"osm:node:8383391921","name":"Qburger","category":"fast_food","cuisine":"american;breakfast","brand":"Qburger"},"geometry":{"type":"Point","coordinates":[121.506867,25.091719]}},{"type":"Feature","properties":{"id":"osm:node:8385304878","name":"八方雲集","category":"fast_food","nameEn":"Bafang Dumpling","cuisine":"dumplings","brand":"八方雲集","address":"231新北市新店區寶興路49之1號","phone":"+886 2 2912 3400","website":"https://www.8way.com.tw/"},"geometry":{"type":"Point","coordinates":[121.549424,24.973151]}},{"type":"Feature","properties":{"id":"osm:node:8385304882","name":"八方雲集","category":"fast_food","nameEn":"Bafang Dumpling","cuisine":"dumplings","brand":"八方雲集","address":"235新北市中和區圓通路277號","phone":"+886 2 2242 0498","website":"https://www.8way.com.tw/"},"geometry":{"type":"Point","coordinates":[121.495612,24.992995]}},{"type":"Feature","properties":{"id":"osm:node:8385304890","name":"八方雲集","category":"fast_food","nameEn":"Bafang Dumpling","cuisine":"dumplings","brand":"八方雲集","address":"234新北市永和區得和路80號","phone":"+886 2 8941 6980","website":"https://www.8way.com.tw/"},"geometry":{"type":"Point","coordinates":[121.516626,24.999991]}},{"type":"Feature","properties":{"id":"osm:node:8385304905","name":"八方雲集","category":"fast_food","nameEn":"Bafang Dumpling","cuisine":"dumplings","brand":"八方雲集","address":"104台北市中山區錦州街242號","phone":"+886 2 2517 7539","website":"https://www.8way.com.tw/"},"geometry":{"type":"Point","coordinates":[121.533826,25.060262]}},{"type":"Feature","properties":{"id":"osm:node:8385304914","name":"八方雲集","category":"fast_food","nameEn":"Bafang Dumpling","cuisine":"dumplings","brand":"八方雲集","address":"221新北市汐止區忠孝東路259號","phone":"+886 2 2642 3327","website":"https://www.8way.com.tw/"},"geometry":{"type":"Point","coordinates":[121.663039,25.06778]}},{"type":"Feature","properties":{"id":"osm:node:8385313217","name":"八方雲集","category":"fast_food","nameEn":"Bafang Dumpling","cuisine":"dumplings","brand":"八方雲集","address":"111台北市士林區承德路四段62號","phone":"+886 2 2886 7066","website":"https://www.8way.com.tw/"},"geometry":{"type":"Point","coordinates":[121.522696,25.081724]}},{"type":"Feature","properties":{"id":"osm:node:8385313223","name":"八方雲集","category":"fast_food","nameEn":"Bafang Dumpling","cuisine":"dumplings","brand":"八方雲集","address":"221新北市汐止區福德一路253號","phone":"+886 2 2694 4634","website":"https://www.8way.com.tw/"},"geometry":{"type":"Point","coordinates":[121.633508,25.064502]}},{"type":"Feature","properties":{"id":"osm:node:8385313228","name":"八方雲集","category":"fast_food","nameEn":"Bafang Dumpling","cuisine":"dumplings","brand":"八方雲集","address":"235新北市中和區民德路332號","phone":"+886 2 2951 3325","website":"https://www.8way.com.tw/"},"geometry":{"type":"Point","coordinates":[121.466382,24.994271]}},{"type":"Feature","properties":{"id":"osm:node:8385313239","name":"八方雲集","category":"fast_food","nameEn":"Bafang Dumpling","cuisine":"dumplings","brand":"八方雲集","address":"235新北市中和區新生街52號","phone":"+886 2 8228 6336","website":"https://www.8way.com.tw/"},"geometry":{"type":"Point","coordinates":[121.483181,25.003035]}},{"type":"Feature","properties":{"id":"osm:node:8385313240","name":"八方雲集","category":"fast_food","nameEn":"Bafang Dumpling","cuisine":"dumplings","brand":"八方雲集","address":"110台北市信義區吳興街1號1樓","phone":"+886 2 2758 4989","website":"https://www.8way.com.tw/"},"geometry":{"type":"Point","coordinates":[121.559289,25.031866]}},{"type":"Feature","properties":{"id":"osm:node:8385313252","name":"八方雲集","category":"fast_food","nameEn":"Bafang Dumpling","cuisine":"dumplings","brand":"八方雲集","address":"220新北市板橋區中正里中正路425號","phone":"+886 2 2968 0619","website":"https://www.8way.com.tw/"},"geometry":{"type":"Point","coordinates":[121.454171,25.022839]}},{"type":"Feature","properties":{"id":"osm:node:8385313258","name":"八方雲集","category":"fast_food","nameEn":"Bafang Dumpling","cuisine":"dumplings","brand":"八方雲集","address":"220新北市板橋區文化路一段311之14號","phone":"+886 2 2256 8118","website":"https://www.8way.com.tw/"},"geometry":{"type":"Point","coordinates":[121.465529,25.020783]}},{"type":"Feature","properties":{"id":"osm:node:8385313265","name":"八方雲集","category":"fast_food","nameEn":"Bafang Dumpling","cuisine":"dumplings","brand":"八方雲集","address":"112台北市北投區吉利街123巷16號","phone":"+886 2 2827 4992","website":"https://www.8way.com.tw/"},"geometry":{"type":"Point","coordinates":[121.506423,25.11909]}},{"type":"Feature","properties":{"id":"osm:node:8385313270","name":"八方雲集","category":"fast_food","nameEn":"Bafang Dumpling","cuisine":"dumplings","brand":"八方雲集","address":"222新北市深坑區埔新街66號","phone":"+886 2 2664 4461","website":"https://www.8way.com.tw/"},"geometry":{"type":"Point","coordinates":[121.619985,25.002497]}},{"type":"Feature","properties":{"id":"osm:node:8385313275","name":"八方雲集","category":"fast_food","nameEn":"Bafang Dumpling","cuisine":"dumplings","brand":"八方雲集","address":"104台北市中山區龍江路288-1及288-2號","phone":"+886 2 2516 9685","website":"https://www.8way.com.tw/"},"geometry":{"type":"Point","coordinates":[121.540674,25.061204]}},{"type":"Feature","properties":{"id":"osm:node:8385313283","name":"八方雲集","category":"fast_food","nameEn":"Bafang Dumpling","cuisine":"dumplings","brand":"八方雲集","address":"247新北市蘆洲區中山二路153號","phone":"+886 2 2288 1665","website":"https://www.8way.com.tw/"},"geometry":{"type":"Point","coordinates":[121.471512,25.081374]}},{"type":"Feature","properties":{"id":"osm:node:8385313288","name":"八方雲集","category":"fast_food","nameEn":"Bafang Dumpling","cuisine":"dumplings","brand":"八方雲集","opening_hours":"Mo-Sa 11:00-20:00","address":"235新北市中和區大勇街32號","phone":"+886 2 2949 0247","website":"https://www.8way.com.tw/"},"geometry":{"type":"Point","coordinates":[121.517321,24.993162]}},{"type":"Feature","properties":{"id":"osm:node:8385313293","name":"八方雲集","category":"fast_food","nameEn":"Bafang Dumpling","cuisine":"dumplings","brand":"八方雲集","address":"241新北市三重區正義南路77號","phone":"+886 2 2974 6267","website":"https://www.8way.com.tw/"},"geometry":{"type":"Point","coordinates":[121.498289,25.059942]}},{"type":"Feature","properties":{"id":"osm:node:8385313294","name":"八方雲集","category":"fast_food","nameEn":"Bafang Dumpling","cuisine":"dumplings","brand":"八方雲集","address":"241新北市三重區重陽路一段59號","phone":"+886 2 8981 1275","website":"https://www.8way.com.tw/"},"geometry":{"type":"Point","coordinates":[121.48681,25.058612]}},{"type":"Feature","properties":{"id":"osm:node:8385313296","name":"八方雲集","category":"fast_food","nameEn":"Bafang Dumpling","cuisine":"dumplings","brand":"八方雲集","address":"231新北市新店區安民街14號","phone":"+886 2 2211 6836","website":"https://www.8way.com.tw/"},"geometry":{"type":"Point","coordinates":[121.515434,24.964482]}},{"type":"Feature","properties":{"id":"osm:node:8385313300","name":"八方雲集","category":"fast_food","nameEn":"Bafang Dumpling","cuisine":"dumplings","brand":"八方雲集","address":"235新北市中和區永貞路250號","phone":"+886 2 8660 9424","website":"https://www.8way.com.tw/"},"geometry":{"type":"Point","coordinates":[121.514169,25.003799]}},{"type":"Feature","properties":{"id":"osm:node:8385313306","name":"八方雲集","category":"fast_food","nameEn":"Bafang Dumpling","cuisine":"dumplings","brand":"八方雲集","address":"110台北市信義區忠孝東路四段559巷7號","phone":"+886 2 2768 3990","website":"https://www.8way.com.tw/"},"geometry":{"type":"Point","coordinates":[121.563586,25.042413]}},{"type":"Feature","properties":{"id":"osm:node:8385313316","name":"八方雲集","category":"fast_food","nameEn":"Bafang Dumpling","cuisine":"dumplings","brand":"八方雲集","address":"116台北市文山區木新路二段163號","phone":"+886 2 2937 1638","website":"https://www.8way.com.tw/"},"geometry":{"type":"Point","coordinates":[121.568742,24.983893]}},{"type":"Feature","properties":{"id":"osm:node:8385313319","name":"八方雲集","category":"fast_food","nameEn":"Bafang Dumpling","cuisine":"dumplings","brand":"八方雲集","address":"231新北市新店區中正路505號","phone":"+886 2 8667 6093","website":"https://www.8way.com.tw/"},"geometry":{"type":"Point","coordinates":[121.533525,24.984556]}},{"type":"Feature","properties":{"id":"osm:node:8385313337","name":"八方雲集","category":"fast_food","nameEn":"Bafang Dumpling","cuisine":"dumplings","brand":"八方雲集","address":"235新北市中和區仁愛街19號","phone":"+886 2 29476062","website":"https://www.8way.com.tw/"},"geometry":{"type":"Point","coordinates":[121.51083,24.989021]}},{"type":"Feature","properties":{"id":"osm:node:8385313345","name":"八方雲集","category":"fast_food","nameEn":"Bafang Dumpling","cuisine":"dumplings","brand":"八方雲集","address":"221新北市汐止區仁愛路150號","phone":"+886 2 2647 3966","website":"https://www.8way.com.tw/"},"geometry":{"type":"Point","coordinates":[121.663861,25.064558]}},{"type":"Feature","properties":{"id":"osm:node:8385313349","name":"八方雲集","category":"fast_food","nameEn":"Bafang Dumpling","cuisine":"dumplings","brand":"八方雲集","address":"234新北市永和區福和路128號","phone":"+886 2 8925 3733","website":"https://www.8way.com.tw/"},"geometry":{"type":"Point","coordinates":[121.521866,25.007978]}},{"type":"Feature","properties":{"id":"osm:node:8385313357","name":"八方雲集","category":"fast_food","nameEn":"Bafang Dumpling","cuisine":"dumplings","brand":"八方雲集","address":"220新北市板橋區宏國路101號","phone":"+886 2 8258 6101","website":"https://www.8way.com.tw/"},"geometry":{"type":"Point","coordinates":[121.469981,25.032322]}},{"type":"Feature","properties":{"id":"osm:node:8385313362","name":"八方雲集","category":"fast_food","nameEn":"Bafang Dumpling","cuisine":"dumplings","brand":"八方雲集","address":"242新北市新莊區復興路二段62號","phone":"+886 2 2996 9144","website":"https://www.8way.com.tw/"},"geometry":{"type":"Point","coordinates":[121.455078,25.044269]}},{"type":"Feature","properties":{"id":"osm:node:8385313367","name":"八方雲集","category":"fast_food","nameEn":"Bafang Dumpling","cuisine":"dumplings","brand":"八方雲集","address":"106台北市大安區敦化南路二段63巷49號","phone":"+886 2 2703 8017","website":"https://www.8way.com.tw/"},"geometry":{"type":"Point","coordinates":[121.551199,25.031027]}},{"type":"Feature","properties":{"id":"osm:node:8385313374","name":"八方雲集","category":"fast_food","nameEn":"Bafang Dumpling","cuisine":"dumplings","brand":"八方雲集","opening_hours":"Mo-Su 11:00-23:30","address":"241新北市三重區龍門路37號","phone":"+886 2 2970 1860","website":"https://www.8way.com.tw/"},"geometry":{"type":"Point","coordinates":[121.495953,25.072195]}},{"type":"Feature","properties":{"id":"osm:node:8385313380","name":"八方雲集","category":"fast_food","nameEn":"Bafang Dumpling","cuisine":"dumplings","brand":"八方雲集","address":"116台北市文山區忠順街二段21號","phone":"+886 2 2937 2250","website":"https://www.8way.com.tw/"},"geometry":{"type":"Point","coordinates":[121.56272,24.984753]}},{"type":"Feature","properties":{"id":"osm:node:8385313384","name":"八方雲集","category":"fast_food","nameEn":"Bafang Dumpling","cuisine":"dumplings","brand":"八方雲集","address":"241新北市三重區正義北路227號","phone":"+886 2 2988 0054","website":"https://www.8way.com.tw/"},"geometry":{"type":"Point","coordinates":[121.49601,25.069018]}},{"type":"Feature","properties":{"id":"osm:node:8385313387","name":"八方雲集","category":"fast_food","nameEn":"Bafang Dumpling","cuisine":"dumplings","brand":"八方雲集","address":"235新北市中和區福祥路71號","phone":"+886 2 2243 9969","website":"https://www.8way.com.tw/"},"geometry":{"type":"Point","coordinates":[121.499121,25.005016]}},{"type":"Feature","properties":{"id":"osm:node:8385313394","name":"八方雲集","category":"fast_food","nameEn":"Bafang Dumpling","cuisine":"dumplings","brand":"八方雲集","address":"236新北市土城區青雲路265號","phone":"+886 2 2266 2626","website":"https://www.8way.com.tw/"},"geometry":{"type":"Point","coordinates":[121.459149,24.980599]}},{"type":"Feature","properties":{"id":"osm:node:8385313403","name":"八方雲集","category":"fast_food","nameEn":"Bafang Dumpling","cuisine":"dumplings","brand":"八方雲集","address":"221新北市汐止區宜興街1號","phone":"+886 2 2660 6769","website":"https://www.8way.com.tw/"},"geometry":{"type":"Point","coordinates":[121.620953,25.041352]}},{"type":"Feature","properties":{"id":"osm:node:8385313414","name":"八方雲集","category":"fast_food","nameEn":"Bafang Dumpling","cuisine":"dumplings","brand":"八方雲集","address":"241新北市三重區集美街210號","phone":"+886 2 2972 9019","website":"https://www.8way.com.tw/"},"geometry":{"type":"Point","coordinates":[121.491217,25.054231]}},{"type":"Feature","properties":{"id":"osm:node:8385313418","name":"八方雲集","category":"fast_food","nameEn":"Bafang Dumpling","cuisine":"dumplings","brand":"八方雲集","address":"114台北市內湖區康樂街119號","phone":"+886 2 2633 0006","website":"https://www.8way.com.tw/"},"geometry":{"type":"Point","coordinates":[121.61922,25.070906]}},{"type":"Feature","properties":{"id":"osm:node:8385313423","name":"八方雲集","category":"fast_food","nameEn":"Bafang Dumpling","cuisine":"dumplings","brand":"八方雲集","address":"112台北市北投區公館路39號","phone":"+886 2 2894 8977","website":"https://www.8way.com.tw/"},"geometry":{"type":"Point","coordinates":[121.50329,25.132971]}},{"type":"Feature","properties":{"id":"osm:node:8385313431","name":"八方雲集","category":"fast_food","nameEn":"Bafang Dumpling","cuisine":"dumplings","brand":"八方雲集","address":"220新北市板橋區仁化街32號","phone":"+886 2 8259 5007","website":"https://www.8way.com.tw/","wheelchair":"no"},"geometry":{"type":"Point","coordinates":[121.474859,25.031588]}},{"type":"Feature","properties":{"id":"osm:node:8385313435","name":"八方雲集","category":"fast_food","nameEn":"Bafang Dumpling","cuisine":"dumplings","brand":"八方雲集","address":"100台北市中正區南昌路一段131號","phone":"+886 2 2357 0429","website":"https://www.8way.com.tw/"},"geometry":{"type":"Point","coordinates":[121.518445,25.029724]}},{"type":"Feature","properties":{"id":"osm:node:8385313442","name":"八方雲集","category":"fast_food","nameEn":"Bafang Dumpling","cuisine":"dumplings","brand":"八方雲集","address":"220新北市板橋區民治街92號","phone":"+886 2 8252 6603","website":"https://www.8way.com.tw/"},"geometry":{"type":"Point","coordinates":[121.479126,25.031844]}},{"type":"Feature","properties":{"id":"osm:node:8385313445","name":"八方雲集","category":"fast_food","nameEn":"Bafang Dumpling","cuisine":"dumplings","brand":"八方雲集","address":"106台北市大安區忠孝東路四段223巷43號","phone":"+886 2 8772 0969","website":"https://www.8way.com.tw/"},"geometry":{"type":"Point","coordinates":[121.552871,25.042711]}},{"type":"Feature","properties":{"id":"osm:node:8385313447","name":"八方雲集","category":"fast_food","nameEn":"Bafang Dumpling","cuisine":"dumplings","brand":"八方雲集","address":"235新北市中和區宜安路169號","phone":"+886 2 8668 5069","website":"https://www.8way.com.tw/"},"geometry":{"type":"Point","coordinates":[121.508559,24.999112]}},{"type":"Feature","properties":{"id":"osm:node:8385313453","name":"八方雲集","category":"fast_food","nameEn":"Bafang Dumpling","cuisine":"dumplings","brand":"八方雲集","address":"235新北市中和區民安街8號","phone":"+886 2 2225 2233","website":"https://www.8way.com.tw/"},"geometry":{"type":"Point","coordinates":[121.480653,25.000934]}},{"type":"Feature","properties":{"id":"osm:node:8385313456","name":"八方雲集","category":"fast_food","nameEn":"Bafang Dumpling","cuisine":"dumplings","brand":"八方雲集","address":"112台北市北投區致遠一路二段43號","phone":"+886 2 2821 4962","website":"https://www.8way.com.tw/"},"geometry":{"type":"Point","coordinates":[121.513701,25.111772]}},{"type":"Feature","properties":{"id":"osm:node:8385313457","name":"八方雲集","category":"fast_food","nameEn":"Bafang Dumpling","cuisine":"dumplings","brand":"八方雲集","opening_hours":"Mo-Su 10:30-21:30","address":"220087新北市板橋區永豐街21號","phone":"+886 2 8954 1680","website":"https://www.8way.com.tw/"},"geometry":{"type":"Point","coordinates":[121.474633,25.016983]}},{"type":"Feature","properties":{"id":"osm:node:8385313459","name":"八方雲集","category":"fast_food","nameEn":"Bafang Dumpling","cuisine":"dumplings","brand":"八方雲集","address":"241新北市三重區五華街81號","phone":"+886 2 2982 5528","website":"https://www.8way.com.tw/"},"geometry":{"type":"Point","coordinates":[121.4922,25.083217]}},{"type":"Feature","properties":{"id":"osm:node:8385313463","name":"八方雲集","category":"fast_food","nameEn":"Bafang Dumpling","cuisine":"dumplings","brand":"八方雲集","address":"242新北市新莊區中港路613號","phone":"+886 2 2992 2200","website":"https://www.8way.com.tw/"},"geometry":{"type":"Point","coordinates":[121.451289,25.05337]}},{"type":"Feature","properties":{"id":"osm:node:8385313466","name":"八方雲集","category":"fast_food","nameEn":"Bafang Dumpling","cuisine":"dumplings","brand":"八方雲集","address":"235新北市中和區自立路99巷1號","phone":"+886 2 2947 2443","website":"https://www.8way.com.tw/"},"geometry":{"type":"Point","coordinates":[121.522201,24.994896]}},{"type":"Feature","properties":{"id":"osm:node:8385313482","name":"八方雲集","category":"fast_food","nameEn":"Bafang Dumpling","cuisine":"dumplings","brand":"八方雲集","address":"242新北市新莊區化成路171號","phone":"+886 2 8992 6898","website":"https://www.8way.com.tw/"},"geometry":{"type":"Point","coordinates":[121.465726,25.049724]}},{"type":"Feature","properties":{"id":"osm:node:8385313489","name":"八方雲集","category":"fast_food","nameEn":"Bafang Dumpling","cuisine":"dumplings","brand":"八方雲集","address":"236新北市土城區裕民路257-1號","phone":"+886 2 2265 5551","website":"https://www.8way.com.tw/"},"geometry":{"type":"Point","coordinates":[121.454893,24.982794]}},{"type":"Feature","properties":{"id":"osm:node:8385313493","name":"八方雲集","category":"fast_food","nameEn":"Bafang Dumpling","cuisine":"dumplings","brand":"八方雲集","address":"248新北市五股區凌雲路一段64號","phone":"+886 2 2293 0202","website":"https://www.8way.com.tw/"},"geometry":{"type":"Point","coordinates":[121.451218,25.101151]}},{"type":"Feature","properties":{"id":"osm:node:8385313498","name":"八方雲集","category":"fast_food","nameEn":"Bafang Dumpling","cuisine":"dumplings","brand":"八方雲集","address":"104台北市中山區錦州街30巷3號","phone":"+886 2 2567 2885","website":"https://www.8way.com.tw/"},"geometry":{"type":"Point","coordinates":[121.524874,25.059695]}},{"type":"Feature","properties":{"id":"osm:node:8385313499","name":"八方雲集","category":"fast_food","nameEn":"Bafang Dumpling","cuisine":"dumplings","brand":"八方雲集","address":"241新北市三重區重新路二段81號","phone":"+886 2 2987 5656","website":"https://www.8way.com.tw/"},"geometry":{"type":"Point","coordinates":[121.496287,25.061824]}},{"type":"Feature","properties":{"id":"osm:node:8385313503","name":"八方雲集","category":"fast_food","nameEn":"Bafang Dumpling","cuisine":"dumplings","brand":"八方雲集","address":"106台北市大安區忠孝東路三段212號","phone":"+886 2 2731 5212","website":"https://www.8way.com.tw/"},"geometry":{"type":"Point","coordinates":[121.539877,25.04145]}},{"type":"Feature","properties":{"id":"osm:node:8385313507","name":"八方雲集","category":"fast_food","nameEn":"Bafang Dumpling","cuisine":"dumplings","brand":"八方雲集","address":"220新北市板橋區莊敬路132號","phone":"+886 2 2256 5797","website":"https://www.8way.com.tw/"},"geometry":{"type":"Point","coordinates":[121.470922,25.023582]}},{"type":"Feature","properties":{"id":"osm:node:8385313508","name":"八方雲集","category":"fast_food","nameEn":"Bafang Dumpling","cuisine":"dumplings","brand":"八方雲集","address":"231新北市新店區中央路208號","phone":"+886 2 2219 7613","website":"https://www.8way.com.tw/"},"geometry":{"type":"Point","coordinates":[121.530193,24.973896]}},{"type":"Feature","properties":{"id":"osm:node:8385313514","name":"八方雲集","category":"fast_food","nameEn":"Bafang Dumpling","cuisine":"dumplings","brand":"八方雲集","address":"111台北市士林區文昌路110號","phone":"+886 2 2837 5860","website":"https://www.8way.com.tw/"},"geometry":{"type":"Point","coordinates":[121.521085,25.096747]}},{"type":"Feature","properties":{"id":"osm:node:8385313519","name":"八方雲集","category":"fast_food","nameEn":"Bafang Dumpling","cuisine":"dumplings","brand":"八方雲集","address":"235新北市中和區光華街5號","phone":"+886 2 2245 3001","website":"https://www.8way.com.tw/"},"geometry":{"type":"Point","coordinates":[121.504374,25.004448]}},{"type":"Feature","properties":{"id":"osm:node:8385313523","name":"八方雲集","category":"fast_food","nameEn":"Bafang Dumpling","cuisine":"dumplings","brand":"八方雲集","address":"235新北市中和區立德街113號","phone":"+886 2 2228 1927","website":"https://www.8way.com.tw/"},"geometry":{"type":"Point","coordinates":[121.485345,25.008873]}},{"type":"Feature","properties":{"id":"osm:node:8385313527","name":"八方雲集","category":"fast_food","nameEn":"Bafang Dumpling","cuisine":"dumplings","brand":"八方雲集","address":"105台北市松山區南京東路四段133巷4弄2號","phone":"+886 2 2712 3169","website":"https://www.8way.com.tw/"},"geometry":{"type":"Point","coordinates":[121.555001,25.052313]}},{"type":"Feature","properties":{"id":"osm:node:8385313530","name":"八方雲集","category":"fast_food","nameEn":"Bafang Dumpling","cuisine":"dumplings","brand":"八方雲集","address":"236新北市土城區明德路一段107號","phone":"+886 2 2270 4777","website":"https://www.8way.com.tw/"},"geometry":{"type":"Point","coordinates":[121.465676,24.982433]}},{"type":"Feature","properties":{"id":"osm:node:8385313535","name":"八方雲集","category":"fast_food","nameEn":"Bafang Dumpling","cuisine":"dumplings","brand":"八方雲集","address":"234新北市永和區信義路36號","phone":"+886 2 2736 3820","website":"https://www.8way.com.tw/"},"geometry":{"type":"Point","coordinates":[121.51357,25.012398]}},{"type":"Feature","properties":{"id":"osm:node:8385313538","name":"八方雲集","category":"fast_food","nameEn":"Bafang Dumpling","cuisine":"dumplings","brand":"八方雲集","opening_hours":"Su-Fr 09:00-20:00","address":"235新北市中和區景德街128號","phone":"+886 2 29426128","website":"https://www.8way.com.tw/","wheelchair":"yes"},"geometry":{"type":"Point","coordinates":[121.514494,24.991111]}},{"type":"Feature","properties":{"id":"osm:node:8385313541","name":"八方雲集","category":"fast_food","nameEn":"Bafang Dumpling","cuisine":"dumplings","brand":"八方雲集","address":"106台北市大安區和平東路二段12號","phone":"+886 2 3365 2268","website":"https://www.8way.com.tw/"},"geometry":{"type":"Point","coordinates":[121.535711,25.025728]}},{"type":"Feature","properties":{"id":"osm:node:8385313547","name":"八方雲集","category":"fast_food","nameEn":"Bafang Dumpling","cuisine":"dumplings","brand":"八方雲集","address":"241新北市三重區光復路一段68巷26號","phone":"+886 2 2999 5310","website":"https://www.8way.com.tw/"},"geometry":{"type":"Point","coordinates":[121.470844,25.049178]}},{"type":"Feature","properties":{"id":"osm:node:8385313558","name":"八方雲集","category":"fast_food","nameEn":"Bafang Dumpling","cuisine":"dumplings","brand":"八方雲集","address":"241新北市三重區中正北路558號","phone":"+886 2 2988 1152","website":"https://www.8way.com.tw/"},"geometry":{"type":"Point","coordinates":[121.470991,25.071964]}},{"type":"Feature","properties":{"id":"osm:node:8385313561","name":"八方雲集","category":"fast_food","nameEn":"Bafang Dumpling","cuisine":"dumplings","brand":"八方雲集","address":"105台北市松山區民生東路五段242號","phone":"+886 2 2762 5717","website":"https://www.8way.com.tw/","wheelchair":"no"},"geometry":{"type":"Point","coordinates":[121.566406,25.058964]}},{"type":"Feature","properties":{"id":"osm:node:8385313567","name":"八方雲集","category":"fast_food","nameEn":"Bafang Dumpling","cuisine":"dumplings","brand":"八方雲集","address":"115台北市南港區同德路62號","phone":"+886 2 2651 5062","website":"https://www.8way.com.tw/"},"geometry":{"type":"Point","coordinates":[121.584982,25.045545]}},{"type":"Feature","properties":{"id":"osm:node:8385313582","name":"八方雲集","category":"fast_food","nameEn":"Bafang Dumpling","cuisine":"dumplings","brand":"八方雲集","address":"247新北市蘆洲區中興街38號","phone":"+886 2 8282 2001","website":"https://www.8way.com.tw/"},"geometry":{"type":"Point","coordinates":[121.481276,25.087115]}},{"type":"Feature","properties":{"id":"osm:node:8385313585","name":"八方雲集","category":"fast_food","nameEn":"Bafang Dumpling","cuisine":"dumplings","brand":"八方雲集","address":"220新北市板橋區三民路一段31巷87弄9號","phone":"+886 2 8952 0108","website":"https://www.8way.com.tw/"},"geometry":{"type":"Point","coordinates":[121.481309,25.023467]}},{"type":"Feature","properties":{"id":"osm:node:8385313588","name":"八方雲集","category":"fast_food","nameEn":"Bafang Dumpling","cuisine":"dumplings","brand":"八方雲集","address":"114台北市內湖區東湖路130號","phone":"+886 2 2630 9976","website":"https://www.8way.com.tw/","wheelchair":"yes"},"geometry":{"type":"Point","coordinates":[121.616626,25.068026]}},{"type":"Feature","properties":{"id":"osm:node:8385313590","name":"八方雲集","category":"fast_food","nameEn":"Bafang Dumpling","cuisine":"dumplings","brand":"八方雲集","address":"235新北市中和區復興路259號","phone":"+886 2 8243 1938","website":"https://www.8way.com.tw/"},"geometry":{"type":"Point","coordinates":[121.50302,24.990147]}},{"type":"Feature","properties":{"id":"osm:node:8385313602","name":"八方雲集","category":"fast_food","nameEn":"Bafang Dumpling","cuisine":"dumplings","brand":"八方雲集","address":"247新北市蘆洲區民族路401號","phone":"+886 2 2282 2555","website":"https://www.8way.com.tw/"},"geometry":{"type":"Point","coordinates":[121.469199,25.089896]}},{"type":"Feature","properties":{"id":"osm:node:8385313610","name":"八方雲集","category":"fast_food","nameEn":"Bafang Dumpling","cuisine":"dumplings","brand":"八方雲集","opening_hours":"Mo-Su 09:00-20:30","address":"220071新北市板橋區漢生東路318號","phone":"+886 2 2956 3880","website":"https://www.8way.com.tw/"},"geometry":{"type":"Point","coordinates":[121.471511,25.008272]}},{"type":"Feature","properties":{"id":"osm:node:8385313612","name":"八方雲集","category":"fast_food","nameEn":"Bafang Dumpling","cuisine":"dumplings","brand":"八方雲集","address":"249新北市八里區龍米路一段219號","phone":"+886 2 2618 8985","website":"https://www.8way.com.tw/"},"geometry":{"type":"Point","coordinates":[121.451347,25.131754]}},{"type":"Feature","properties":{"id":"osm:node:8385313614","name":"八方雲集","category":"fast_food","nameEn":"Bafang Dumpling","cuisine":"dumplings","brand":"八方雲集","address":"100台北市中正區中華路二段303巷15號","phone":"+886 2 2305 5827","website":"https://www.8way.com.tw/"},"geometry":{"type":"Point","coordinates":[121.50524,25.029644]}},{"type":"Feature","properties":{"id":"osm:node:8385313621","name":"八方雲集","category":"fast_food","nameEn":"Bafang Dumpling","cuisine":"dumplings","brand":"八方雲集","address":"221新北市汐止區忠孝東路457號","phone":"+886 2 8648 9011","website":"https://www.8way.com.tw/"},"geometry":{"type":"Point","coordinates":[121.665858,25.072576]}},{"type":"Feature","properties":{"id":"osm:node:8385313622","name":"八方雲集","category":"fast_food","nameEn":"Bafang Dumpling","cuisine":"dumplings","brand":"八方雲集","address":"220新北市板橋區莊敬路38號","phone":"+886 2 2255 3220","website":"https://www.8way.com.tw/"},"geometry":{"type":"Point","coordinates":[121.472801,25.027099]}},{"type":"Feature","properties":{"id":"osm:node:8385313624","name":"八方雲集","category":"fast_food","nameEn":"Bafang Dumpling","cuisine":"dumplings","brand":"八方雲集","address":"112台北市北投區中央北路二段68之1號","phone":"+886 2 2896 7056","website":"https://www.8way.com.tw/"},"geometry":{"type":"Point","coordinates":[121.494511,25.13744]}},{"type":"Feature","properties":{"id":"osm:node:8385313630","name":"八方雲集","category":"fast_food","nameEn":"Bafang Dumpling","cuisine":"dumplings","brand":"八方雲集","address":"106台北市大安區大安路二段23號","phone":"+886 2 2754 9848","website":"https://www.8way.com.tw/"},"geometry":{"type":"Point","coordinates":[121.546103,25.032171]}},{"type":"Feature","properties":{"id":"osm:node:8385313653","name":"八方雲集","category":"fast_food","nameEn":"Bafang Dumpling","cuisine":"dumplings","brand":"八方雲集","address":"241新北市三重區重新路五段609巷16之8號","phone":"+886 2 2999 7558","website":"https://www.8way.com.tw/"},"geometry":{"type":"Point","coordinates":[121.467421,25.046781]}},{"type":"Feature","properties":{"id":"osm:node:8385313657","name":"八方雲集","category":"fast_food","nameEn":"Bafang Dumpling","cuisine":"dumplings","brand":"八方雲集","address":"104台北市中山區北安路670巷7號","phone":"+886 2 2533 4342","website":"https://www.8way.com.tw/"},"geometry":{"type":"Point","coordinates":[121.549685,25.083911]}},{"type":"Feature","properties":{"id":"osm:node:8385313662","name":"八方雲集","category":"fast_food","nameEn":"Bafang Dumpling","cuisine":"dumplings","brand":"八方雲集","address":"220新北市板橋區四川路二段40號","phone":"+886 2 8966 8880","website":"https://www.8way.com.tw/"},"geometry":{"type":"Point","coordinates":[121.45372,24.995446]}},{"type":"Feature","properties":{"id":"osm:node:8385313666","name":"八方雲集","category":"fast_food","nameEn":"Bafang Dumpling","cuisine":"dumplings","brand":"八方雲集","address":"234新北市永和區竹林路59號","phone":"+886 2 8926 9693","website":"https://www.8way.com.tw/"},"geometry":{"type":"Point","coordinates":[121.518297,25.01385]}},{"type":"Feature","properties":{"id":"osm:node:8385313677","name":"八方雲集","category":"fast_food","nameEn":"Bafang Dumpling","cuisine":"dumplings","brand":"八方雲集","address":"236新北市土城區立德路64號","phone":"+886 2 2262 7990","website":"https://www.8way.com.tw/"},"geometry":{"type":"Point","coordinates":[121.463962,24.986874]}},{"type":"Feature","properties":{"id":"osm:node:8385313681","name":"八方雲集","category":"fast_food","nameEn":"Bafang Dumpling","cuisine":"dumplings","brand":"八方雲集","address":"110台北市信義區永吉路278巷21號","phone":"+886 2 8787 0541","website":"https://www.8way.com.tw/"},"geometry":{"type":"Point","coordinates":[121.57424,25.044736]}},{"type":"Feature","properties":{"id":"osm:node:8385313683","name":"八方雲集","category":"fast_food","nameEn":"Bafang Dumpling","cuisine":"dumplings","brand":"八方雲集","address":"241新北市三重區溪尾街257號","phone":"+886 2 2989 6369","website":"https://www.8way.com.tw/"},"geometry":{"type":"Point","coordinates":[121.487869,25.08183]}},{"type":"Feature","properties":{"id":"osm:node:8385313689","name":"八方雲集","category":"fast_food","nameEn":"Bafang Dumpling","cuisine":"dumplings","brand":"八方雲集","address":"241新北市三重區中華路103號","phone":"+886 2 2986 2588","website":"https://www.8way.com.tw/"},"geometry":{"type":"Point","coordinates":[121.483628,25.063316]}},{"type":"Feature","properties":{"id":"osm:node:8385313693","name":"八方雲集","category":"fast_food","nameEn":"Bafang Dumpling","cuisine":"dumplings","brand":"八方雲集","address":"231新北市新店區中正路686號","phone":"+886 2 8667 3985","website":"https://www.8way.com.tw/"},"geometry":{"type":"Point","coordinates":[121.534156,24.990144]}},{"type":"Feature","properties":{"id":"osm:node:8385313696","name":"八方雲集","category":"fast_food","nameEn":"Bafang Dumpling","cuisine":"dumplings","brand":"八方雲集","address":"220新北市板橋區四維路341號","phone":"+886 2 2254 2426","website":"https://www.8way.com.tw/"},"geometry":{"type":"Point","coordinates":[121.462409,25.029727]}},{"type":"Feature","properties":{"id":"osm:node:8385313698","name":"八方雲集","category":"fast_food","nameEn":"Bafang Dumpling","cuisine":"dumplings","brand":"八方雲集","address":"220新北市板橋區新海路118號","phone":"+886 2 8259 6298","website":"https://www.8way.com.tw/"},"geometry":{"type":"Point","coordinates":[121.461249,25.022836]}},{"type":"Feature","properties":{"id":"osm:node:8385313702","name":"八方雲集","category":"fast_food","nameEn":"Bafang Dumpling","cuisine":"dumplings","brand":"八方雲集","address":"231新北市新店區中正路7號","phone":"+886 2 2914 6679","website":"https://www.8way.com.tw/"},"geometry":{"type":"Point","coordinates":[121.545616,24.969268]}},{"type":"Feature","properties":{"id":"osm:node:8385313703","name":"八方雲集","category":"fast_food","nameEn":"Bafang Dumpling","cuisine":"dumplings","brand":"八方雲集","address":"241新北市三重區文化南路6號","phone":"+886 2 2972 0899","website":"https://www.8way.com.tw/"},"geometry":{"type":"Point","coordinates":[121.500057,25.062653]}},{"type":"Feature","properties":{"id":"osm:node:8385313706","name":"八方雲集","category":"fast_food","nameEn":"Bafang Dumpling","cuisine":"dumplings","brand":"八方雲集","address":"235新北市中和區興南路二段88號","phone":"+886 2 2942 9380","website":"https://www.8way.com.tw/"},"geometry":{"type":"Point","coordinates":[121.505527,24.984542]}},{"type":"Feature","properties":{"id":"osm:node:8385313717","name":"八方雲集","category":"fast_food","nameEn":"Bafang Dumpling","cuisine":"dumplings","brand":"八方雲集","address":"247新北市蘆洲區集賢路344號","phone":"+886 2 2285 5698","website":"https://www.8way.com.tw/"},"geometry":{"type":"Point","coordinates":[121.480982,25.084273]}},{"type":"Feature","properties":{"id":"osm:node:8385313720","name":"八方雲集","category":"fast_food","nameEn":"Bafang Dumpling","cuisine":"dumplings","brand":"八方雲集","address":"242新北市新莊區中港路379號","phone":"+886 2 2279 8146","website":"https://www.8way.com.tw/"},"geometry":{"type":"Point","coordinates":[121.451533,25.04671]}},{"type":"Feature","properties":{"id":"osm:node:8385313723","name":"八方雲集","category":"fast_food","nameEn":"Bafang Dumpling","cuisine":"dumplings","brand":"八方雲集","address":"114台北市內湖區康寧路一段81號","phone":"+886 2 8791 9593","website":"https://www.8way.com.tw/"},"geometry":{"type":"Point","coordinates":[121.592951,25.079868]}},{"type":"Feature","properties":{"id":"osm:node:8385313728","name":"八方雲集","category":"fast_food","nameEn":"Bafang Dumpling","cuisine":"dumplings","brand":"八方雲集","address":"220新北市板橋區大同街6號","phone":"+886 2 2254 0655","website":"https://www.8way.com.tw/","wheelchair":"no"},"geometry":{"type":"Point","coordinates":[121.476945,25.026701]}},{"type":"Feature","properties":{"id":"osm:node:8385313739","name":"八方雲集","category":"fast_food","nameEn":"Bafang Dumpling","cuisine":"dumplings","brand":"八方雲集","opening_hours":"11:00-20:30","address":"231新北市新店區北新路三段4號","phone":"+886 2 89112690","website":"https://www.8way.com.tw/"},"geometry":{"type":"Point","coordinates":[121.542484,24.979215]}},{"type":"Feature","properties":{"id":"osm:node:8385313741","name":"八方雲集","category":"fast_food","nameEn":"Bafang Dumpling","cuisine":"dumplings","brand":"八方雲集","address":"111台北市士林區至誠路二段45號1樓","phone":"+886 2 2831 5190","website":"https://www.8way.com.tw/"},"geometry":{"type":"Point","coordinates":[121.52851,25.101455]}},{"type":"Feature","properties":{"id":"osm:node:8385313743","name":"八方雲集","category":"fast_food","nameEn":"Bafang Dumpling","cuisine":"dumplings","brand":"八方雲集","address":"241新北市三重區三民街285號","phone":"+886 2 2988 7158","website":"https://www.8way.com.tw/"},"geometry":{"type":"Point","coordinates":[121.478877,25.068416]}},{"type":"Feature","properties":{"id":"osm:node:8385313751","name":"八方雲集","category":"fast_food","nameEn":"Bafang Dumpling","cuisine":"dumplings","brand":"八方雲集","address":"235新北市中和區德光路70號","phone":"+886 2 8953 8206","website":"https://www.8way.com.tw/"},"geometry":{"type":"Point","coordinates":[121.469385,25.003874]}},{"type":"Feature","properties":{"id":"osm:node:8385313755","name":"八方雲集","category":"fast_food","nameEn":"Bafang Dumpling","cuisine":"dumplings","brand":"八方雲集","address":"112台北市北投區北投路二段5號","phone":"+886 2 2897 0785","website":"https://www.8way.com.tw/"},"geometry":{"type":"Point","coordinates":[121.499308,25.130427]}},{"type":"Feature","properties":{"id":"osm:node:8385313757","name":"八方雲集","category":"fast_food","nameEn":"Bafang Dumpling","cuisine":"dumplings","brand":"八方雲集","address":"220新北市板橋區光武街34號","phone":"+886 2 8252 2711","website":"https://www.8way.com.tw/"},"geometry":{"type":"Point","coordinates":[121.467529,25.025922]}},{"type":"Feature","properties":{"id":"osm:node:8385313762","name":"八方雲集","category":"fast_food","nameEn":"Bafang Dumpling","cuisine":"dumplings","brand":"八方雲集","address":"116台北市文山區木新路三段324號","phone":"+886 2 2938 8637","website":"https://www.8way.com.tw/"},"geometry":{"type":"Point","coordinates":[121.555477,24.980474]}},{"type":"Feature","properties":{"id":"osm:node:8385313766","name":"八方雲集","category":"fast_food","nameEn":"Bafang Dumpling","cuisine":"dumplings","brand":"八方雲集","address":"235新北市中和區連勝街55號","phone":"+886 2 8245 8830","website":"https://www.8way.com.tw/"},"geometry":{"type":"Point","coordinates":[121.497782,24.997201]}},{"type":"Feature","properties":{"id":"osm:node:8385313768","name":"八方雲集","category":"fast_food","nameEn":"Bafang Dumpling","cuisine":"dumplings","brand":"八方雲集","address":"104台北市中山區龍江路356巷9號","phone":"+886 2 2501 7289","website":"https://www.8way.com.tw/"},"geometry":{"type":"Point","coordinates":[121.540524,25.066096]}},{"type":"Feature","properties":{"id":"osm:node:8385313770","name":"八方雲集","category":"fast_food","nameEn":"Bafang Dumpling","cuisine":"dumplings","brand":"八方雲集","address":"251新北市淡水區中正東路二段43號","phone":"+886 2 8809 3855","website":"https://www.8way.com.tw/"},"geometry":{"type":"Point","coordinates":[121.459447,25.156129]}},{"type":"Feature","properties":{"id":"osm:node:8385313777","name":"八方雲集","category":"fast_food","nameEn":"Bafang Dumpling","cuisine":"dumplings","brand":"八方雲集","address":"106台北市大安區光復南路404號","phone":"+886 2 2703 8990","website":"https://www.8way.com.tw/"},"geometry":{"type":"Point","coordinates":[121.557391,25.036843]}},{"type":"Feature","properties":{"id":"osm:node:8385313780","name":"八方雲集","category":"fast_food","nameEn":"Bafang Dumpling","cuisine":"dumplings","brand":"八方雲集","address":"236新北市土城區延和路129號","phone":"+886 2 2260 3202","website":"https://www.8way.com.tw/"},"geometry":{"type":"Point","coordinates":[121.46888,24.990555]}},{"type":"Feature","properties":{"id":"osm:node:8385313781","name":"八方雲集","category":"fast_food","nameEn":"Bafang Dumpling","cuisine":"dumplings","brand":"八方雲集","address":"242新北市新莊區中華路一段47號","phone":"+886 2 2996 8788","website":"https://www.8way.com.tw/"},"geometry":{"type":"Point","coordinates":[121.451881,25.03846]}},{"type":"Feature","properties":{"id":"osm:node:8385313787","name":"八方雲集","category":"fast_food","nameEn":"Bafang Dumpling","cuisine":"dumplings","brand":"八方雲集","address":"241新北市三重區仁愛街299號","phone":"+886 2 2989 3370","website":"https://www.8way.com.tw/"},"geometry":{"type":"Point","coordinates":[121.492558,25.079211]}},{"type":"Feature","properties":{"id":"osm:node:8385313788","name":"八方雲集","category":"fast_food","nameEn":"Bafang Dumpling","cuisine":"dumplings","brand":"八方雲集","address":"220新北市板橋區國光路163號","phone":"+886 2 8965 0246","website":"https://www.8way.com.tw/"},"geometry":{"type":"Point","coordinates":[121.460107,25.018367]}},{"type":"Feature","properties":{"id":"osm:node:8385313797","name":"八方雲集","category":"fast_food","nameEn":"Bafang Dumpling","cuisine":"dumplings","brand":"八方雲集","address":"110台北市信義區林口街116號","phone":"+886 2 2759 1096","website":"https://www.8way.com.tw/","wheelchair":"no"},"geometry":{"type":"Point","coordinates":[121.580331,25.039906]}},{"type":"Feature","properties":{"id":"osm:node:8385313799","name":"八方雲集","category":"fast_food","nameEn":"Bafang Dumpling","cuisine":"dumplings","brand":"八方雲集","address":"220新北市板橋區後菜園街1之1號","phone":"+886 2 2272 7678","website":"https://www.8way.com.tw/"},"geometry":{"type":"Point","coordinates":[121.457634,25.010159]}},{"type":"Feature","properties":{"id":"osm:node:8385313807","name":"八方雲集","category":"fast_food","nameEn":"Bafang Dumpling","cuisine":"dumplings","brand":"八方雲集","address":"231新北市新店區安民街321號","phone":"+886 2 2211 9397","website":"https://www.8way.com.tw/"},"geometry":{"type":"Point","coordinates":[121.517405,24.974433]}},{"type":"Feature","properties":{"id":"osm:node:8385313814","name":"八方雲集","category":"fast_food","nameEn":"Bafang Dumpling","cuisine":"dumplings","brand":"八方雲集","address":"108016臺北市萬華區西園路二段178號","phone":"+886 2 2338 0176","website":"https://www.8way.com.tw/"},"geometry":{"type":"Point","coordinates":[121.495831,25.029591]}},{"type":"Feature","properties":{"id":"osm:node:8385313817","name":"八方雲集","category":"fast_food","nameEn":"Bafang Dumpling","cuisine":"dumplings","brand":"八方雲集","address":"235新北市中和區民享街20號","phone":"+886 2 2228 1465","website":"https://www.8way.com.tw/"},"geometry":{"type":"Point","coordinates":[121.47391,25.003789]}},{"type":"Feature","properties":{"id":"osm:node:8385313824","name":"八方雲集","category":"fast_food","nameEn":"Bafang Dumpling","cuisine":"dumplings","brand":"八方雲集","address":"220新北市板橋區實踐路119號","phone":"+886 2 2961 9777","website":"https://www.8way.com.tw/","wheelchair":"yes"},"geometry":{"type":"Point","coordinates":[121.464164,25.00503]}},{"type":"Feature","properties":{"id":"osm:node:8419076891","name":"すき家","category":"fast_food","nameEn":"Sukiya","cuisine":"beef_bowl","brand":"すき家","opening_hours":"24/7","address":"臺北市中正區南陽街12號","phone":"+886 2 2552 8700","website":"https://www.sukiya-jp.com.tw/","wheelchair":"limited"},"geometry":{"type":"Point","coordinates":[121.516031,25.04505]}},{"type":"Feature","properties":{"id":"osm:node:8432928438","name":"はま寿司","category":"fast_food","nameEn":"Hamasushi","cuisine":"sushi","brand":"はま寿司","opening_hours":"Mo-Su 11:00-23:00","address":"105403台北市松山區南京東路三段270號一樓","website":"https://tw.hamazushi.com/","wheelchair":"yes"},"geometry":{"type":"Point","coordinates":[121.545283,25.051597]}},{"type":"Feature","properties":{"id":"osm:node:8438740355","name":"Mister Donut","category":"fast_food","nameEn":"Mister Donut","cuisine":"donut","brand":"Mister Donut","opening_hours":"Mo-Th 08:30-21:30; Fr 08:30-22:00; Sa 10:00-22:00; Su 10:00-21:30","address":"臺北市南港區","phone":"+886 2 2651-4680","website":"https://www.misterdonut.com.tw/"},"geometry":{"type":"Point","coordinates":[121.607468,25.052947]}},{"type":"Feature","properties":{"id":"osm:node:8438740356","name":"すき家","category":"fast_food","nameEn":"Sukiya","cuisine":"beef_bowl","brand":"すき家","address":"115011臺北市南港區忠孝東路七段369號一樓","wheelchair":"yes"},"geometry":{"type":"Point","coordinates":[121.607387,25.052938]}},{"type":"Feature","properties":{"id":"osm:node:8441425921","name":"豆漿哥早點宵夜","category":"fast_food","cuisine":"regional;chinese","opening_hours":"Mo-Su 04:00-14:00, 16:00-26:00","address":"115029臺北市南港區興華路89號一樓","phone":"+886 2 2783-0788","wheelchair":"yes"},"geometry":{"type":"Point","coordinates":[121.605903,25.05573]}},{"type":"Feature","properties":{"id":"osm:node:8491874393","name":"すき家","category":"fast_food","nameEn":"Sukiya","cuisine":"beef_bowl","brand":"すき家","opening_hours":"Mo-Su 10:00-23:00","address":"103臺北市大同區庫倫街51-2號","phone":"+886 2 2552 8700","website":"https://www.sukiya-jp.com.tw/","wheelchair":"limited"},"geometry":{"type":"Point","coordinates":[121.519182,25.072057]}},{"type":"Feature","properties":{"id":"osm:node:8503141296","name":"八方雲集","category":"fast_food","nameEn":"Bafang Dumpling","cuisine":"dumplings","brand":"八方雲集","opening_hours":"Mo-Su 10:00-20:30","address":"台北市","website":"https://www.8way.com.tw/"},"geometry":{"type":"Point","coordinates":[121.513518,25.04527]}},{"type":"Feature","properties":{"id":"osm:node:8504475975","name":"呷尚寶","category":"fast_food","nameEn":"JSP","cuisine":"burger","brand":"呷尚寶"},"geometry":{"type":"Point","coordinates":[121.514141,25.029457]}},{"type":"Feature","properties":{"id":"osm:node:8520583152","name":"松屋","category":"fast_food","nameEn":"Matsuya","cuisine":"beef_bowl","brand":"松屋"},"geometry":{"type":"Point","coordinates":[121.52294,25.102486]}},{"type":"Feature","properties":{"id":"osm:node:8520585708","name":"摩斯漢堡","category":"fast_food","nameEn":"MOS Burger","cuisine":"burger","brand":"摩斯漢堡"},"geometry":{"type":"Point","coordinates":[121.522703,25.103801]}},{"type":"Feature","properties":{"id":"osm:node:8614834670","name":"炸鷄大獅","category":"fast_food","opening_hours":"Mo-Th 10:30-21:30; Fr-Sa 10:30-22:00; Su off","address":"231新北市新店區民權路6號","phone":"+886 2 89145153","website":"https://www.chickenmaster.com.tw/"},"geometry":{"type":"Point","coordinates":[121.542734,24.983047]}},{"type":"Feature","properties":{"id":"osm:node:868325308","name":"Miss Croissant","category":"fast_food","nameEn":"Miss Croissant","wheelchair":"limited"},"geometry":{"type":"Point","coordinates":[121.616491,25.057107]}},{"type":"Feature","properties":{"id":"osm:node:8693215924","name":"德州美墨炸雞","category":"fast_food","address":"臺北市大同區承德路一段1號B2樓","phone":"+886 2 2876 7532"},"geometry":{"type":"Point","coordinates":[121.517843,25.048913]}},{"type":"Feature","properties":{"id":"osm:node:873134180","name":"麥當勞","category":"fast_food","nameEn":"McDonald's","cuisine":"burger","brand":"麥當勞","address":"115003臺北市南港區南港路二段16號","wheelchair":"no"},"geometry":{"type":"Point","coordinates":[121.60567,25.054321]}},{"type":"Feature","properties":{"id":"osm:node:8735801345","name":"Qburger","category":"fast_food","cuisine":"american;breakfast","brand":"Qburger","phone":"+886 225910182","website":"https://www.qburger.com.tw/"},"geometry":{"type":"Point","coordinates":[121.53052,25.065804]}},{"type":"Feature","properties":{"id":"osm:node:8738031030","name":"永和豆漿大王","category":"fast_food","phone":"+886 229391344"},"geometry":{"type":"Point","coordinates":[121.565646,24.982744]}},{"type":"Feature","properties":{"id":"osm:node:8767269710","name":"摩斯漢堡","category":"fast_food","nameEn":"MOS Burger","cuisine":"burger","brand":"摩斯漢堡","wheelchair":"yes"},"geometry":{"type":"Point","coordinates":[121.473746,25.028666]}},{"type":"Feature","properties":{"id":"osm:node:8784649271","name":"達美樂披薩","category":"fast_food","nameEn":"Domino's","cuisine":"pizza","brand":"達美樂披薩","opening_hours":"Mo-Su 11:00-22:00; Fr,Sa 11:00-23:00","address":"220090新北市板橋區中山路二段11號","phone":"+886 2 8952 1234","website":"https://www.dominos.com.tw/"},"geometry":{"type":"Point","coordinates":[121.472086,25.015058]}},{"type":"Feature","properties":{"id":"osm:node:8789190024","name":"頂呱呱","category":"fast_food","nameEn":"TKK Fried Chicken","cuisine":"chicken","brand":"頂呱呱"},"geometry":{"type":"Point","coordinates":[121.525683,25.055486]}},{"type":"Feature","properties":{"id":"osm:node:8808654480","name":"漢林大漢堡","category":"fast_food","cuisine":"breakfast","address":"104008臺北市中山區南京東路一段132巷3號一樓","phone":"+886 2 2537 1092"},"geometry":{"type":"Point","coordinates":[121.527291,25.051658]}},{"type":"Feature","properties":{"id":"osm:node:8834918821","name":"Qburger","category":"fast_food","cuisine":"american;breakfast","brand":"Qburger","address":"220077新北市板橋區中山路二段90巷12號","phone":"+886 2 2955 2958","website":"https://www.qburger.com.tw/"},"geometry":{"type":"Point","coordinates":[121.475399,25.015873]}},{"type":"Feature","properties":{"id":"osm:node:8872456821","name":"Subway","category":"fast_food","cuisine":"sandwich","brand":"Subway","opening_hours":"07:30-22:00","address":"231新北市新店區北新路二段156號","phone":"+886 2 29188004","website":"https://subway.com.tw/"},"geometry":{"type":"Point","coordinates":[121.54307,24.975497]}},{"type":"Feature","properties":{"id":"osm:node:8898456471","name":"達美樂披薩","category":"fast_food","nameEn":"Domino's","cuisine":"pizza","brand":"達美樂披薩","opening_hours":"Mo-Su 09:00-22:00","address":"110台北市信義區莊敬路230號","phone":"+886 2 23455252","website":"https://www.dominos.com.tw/"},"geometry":{"type":"Point","coordinates":[121.562067,25.029693]}},{"type":"Feature","properties":{"id":"osm:node:8935314342","name":"Subway","category":"fast_food","cuisine":"sandwich","brand":"Subway"},"geometry":{"type":"Point","coordinates":[121.519014,25.072267]}},{"type":"Feature","properties":{"id":"osm:node:9016226777","name":"呷尚寶","category":"fast_food","nameEn":"JSP","cuisine":"burger","brand":"呷尚寶"},"geometry":{"type":"Point","coordinates":[121.466186,25.019639]}},{"type":"Feature","properties":{"id":"osm:node:9063577974","name":"藏壽司","category":"fast_food","nameEn":"Kura Sushi","cuisine":"sushi","brand":"藏壽司","opening_hours":"Su-Th 11:00-21:30; Fr-Sa 11:00-22:00","address":"115011臺北市南港區忠孝東路七段369號三樓","website":"https://www.kurasushi.tw/"},"geometry":{"type":"Point","coordinates":[121.607378,25.053007]}},{"type":"Feature","properties":{"id":"osm:node:9229352495","name":"肯德基","category":"fast_food","nameEn":"KFC","cuisine":"chicken","brand":"肯德基"},"geometry":{"type":"Point","coordinates":[121.460452,25.002024]}},{"type":"Feature","properties":{"id":"osm:node:9249920782","name":"Subway","category":"fast_food","cuisine":"sandwich","brand":"Subway","website":"https://www.subway.com"},"geometry":{"type":"Point","coordinates":[121.531825,25.040162]}},{"type":"Feature","properties":{"id":"osm:node:9249920793","name":"拉亞漢堡","category":"fast_food","nameEn":"Laya Burger","cuisine":"burger;breakfast","brand":"拉亞漢堡"},"geometry":{"type":"Point","coordinates":[121.530492,25.040626]}},{"type":"Feature","properties":{"id":"osm:node:9331235389","name":"麥當勞","category":"fast_food","nameEn":"McDonald's","cuisine":"burger","brand":"麥當勞","address":"220新北市板橋區雨農路60號","phone":"+886 2-2250 4605"},"geometry":{"type":"Point","coordinates":[121.460594,25.024039]}},{"type":"Feature","properties":{"id":"osm:node:9352175672","name":"麥當勞","category":"fast_food","nameEn":"McDonald's","cuisine":"burger","brand":"麥當勞","address":"104002臺北市中山區南京西路14號一樓"},"geometry":{"type":"Point","coordinates":[121.520507,25.052181]}},{"type":"Feature","properties":{"id":"osm:node:9367391655","name":"摩斯漢堡","category":"fast_food","nameEn":"MOS Burger","cuisine":"burger","brand":"摩斯漢堡","wheelchair":"yes"},"geometry":{"type":"Point","coordinates":[121.464081,25.061203]}},{"type":"Feature","properties":{"id":"osm:node:9419622872","name":"すき家","category":"fast_food","nameEn":"Sukiya","cuisine":"beef_bowl","brand":"すき家"},"geometry":{"type":"Point","coordinates":[121.567696,25.041244]}},{"type":"Feature","properties":{"id":"osm:node:9427849337","name":"Mister Donut","category":"fast_food","nameEn":"Mister Donut","cuisine":"donut","brand":"Mister Donut"},"geometry":{"type":"Point","coordinates":[121.5196,25.062541]}},{"type":"Feature","properties":{"id":"osm:node:9429893509","name":"肯德基","category":"fast_food","nameEn":"KFC","cuisine":"chicken","brand":"肯德基"},"geometry":{"type":"Point","coordinates":[121.496748,25.066741]}},{"type":"Feature","properties":{"id":"osm:node:9429930632","name":"早安美芝城","category":"fast_food","nameEn":"Good Morning MACC","cuisine":"breakfast","brand":"早安美芝城"},"geometry":{"type":"Point","coordinates":[121.498146,25.061721]}},{"type":"Feature","properties":{"id":"osm:node:9432601404","name":"Qburger","category":"fast_food","cuisine":"american;breakfast","brand":"Qburger"},"geometry":{"type":"Point","coordinates":[121.503059,25.062483]}},{"type":"Feature","properties":{"id":"osm:node:9434060578","name":"拉亞漢堡","category":"fast_food","nameEn":"Laya Burger","cuisine":"burger;breakfast","brand":"拉亞漢堡"},"geometry":{"type":"Point","coordinates":[121.498203,25.061304]}},{"type":"Feature","properties":{"id":"osm:node:9441384618","name":"藏壽司","category":"fast_food","nameEn":"Kura Sushi","cuisine":"sushi","brand":"藏壽司","address":"新北市中和區橋和路5號"},"geometry":{"type":"Point","coordinates":[121.488149,25.005241]}},{"type":"Feature","properties":{"id":"osm:node:9497475695","name":"早安美芝城","category":"fast_food","nameEn":"Good Morning MACC","cuisine":"breakfast","brand":"早安美芝城"},"geometry":{"type":"Point","coordinates":[121.51558,25.071908]}},{"type":"Feature","properties":{"id":"osm:node:9512920482","name":"Subway","category":"fast_food","cuisine":"sandwich","brand":"Subway"},"geometry":{"type":"Point","coordinates":[121.535613,25.052398]}},{"type":"Feature","properties":{"id":"osm:node:9524456391","name":"藏壽司","category":"fast_food","nameEn":"Kura Sushi","cuisine":"sushi","brand":"藏壽司","opening_hours":"Mo-Fr 11:00-22:00; Sa-Su, PH 10:30-22:00","address":"103022臺北市大同區南京西路57號二樓","phone":"+886 2 2556 5289","website":"https://www.kurasushi.tw/shops/50","wheelchair":"yes"},"geometry":{"type":"Point","coordinates":[121.519275,25.053064]}},{"type":"Feature","properties":{"id":"osm:node:9529031971","name":"頂呱呱","category":"fast_food","nameEn":"TKK Fried Chicken","cuisine":"chicken","brand":"頂呱呱"},"geometry":{"type":"Point","coordinates":[121.537572,25.052205]}},{"type":"Feature","properties":{"id":"osm:node:9657925673","name":"すき家","category":"fast_food","nameEn":"Sukiya","cuisine":"beef_bowl","brand":"すき家","opening_hours":"Mo-Su 10:00-23:00","address":"臺北市中山區復興北路400號一樓","phone":"+886 0800031131","website":"https://www.sukiya-jp.com.tw/"},"geometry":{"type":"Point","coordinates":[121.543955,25.061698]}},{"type":"Feature","properties":{"id":"osm:node:9657936089","name":"麥當勞","category":"fast_food","nameEn":"McDonald's","cuisine":"burger","brand":"麥當勞"},"geometry":{"type":"Point","coordinates":[121.545947,25.061872]}},{"type":"Feature","properties":{"id":"osm:node:9674433092","name":"呷尚寶","category":"fast_food","nameEn":"JSP","cuisine":"burger","brand":"呷尚寶"},"geometry":{"type":"Point","coordinates":[121.480587,25.08694]}},{"type":"Feature","properties":{"id":"osm:node:9676896682","name":"呷上飽早餐店","category":"fast_food","opening_hours":"Mo-Sa 06:00-12:00","wheelchair":"no"},"geometry":{"type":"Point","coordinates":[121.521754,25.05993]}},{"type":"Feature","properties":{"id":"osm:node:9682743651","name":"巨林美而美","category":"fast_food","nameEn":"Jyulin Mei & Mei","cuisine":"breakfast","brand":"巨林美而美"},"geometry":{"type":"Point","coordinates":[121.479441,25.087996]}},{"type":"Feature","properties":{"id":"osm:node:9684273684","name":"Top 10 Cafe","category":"fast_food","cuisine":"coffee_shop;burger;sandwich","address":"110台北市信義區信義路四段450巷5號一樓"},"geometry":{"type":"Point","coordinates":[121.55858,25.032306]}},{"type":"Feature","properties":{"id":"osm:node:9691386061","name":"拉亞漢堡","category":"fast_food","nameEn":"Laya Burger","cuisine":"burger;breakfast","brand":"拉亞漢堡"},"geometry":{"type":"Point","coordinates":[121.479041,25.027893]}},{"type":"Feature","properties":{"id":"osm:node:9708720944","name":"Subway","category":"fast_food","cuisine":"sandwich","brand":"Subway","address":"234新北市永和區永和路二段139號"},"geometry":{"type":"Point","coordinates":[121.51504,25.012506]}},{"type":"Feature","properties":{"id":"osm:node:9710546769","name":"丸亀製麺","category":"fast_food","nameEn":"Marugame Seimen","cuisine":"noodle","brand":"丸亀製麺","address":"108412臺北市萬華區桂林路1號4樓","website":"https://www.marukametw.com/"},"geometry":{"type":"Point","coordinates":[121.505988,25.037886]}},{"type":"Feature","properties":{"id":"osm:node:9725205290","name":"呷尚寶","category":"fast_food","nameEn":"JSP","cuisine":"burger","brand":"呷尚寶","address":"100057臺北市中正區延平南路240號","website":"http://twjsp.com.tw/"},"geometry":{"type":"Point","coordinates":[121.507301,25.033694]}},{"type":"Feature","properties":{"id":"osm:node:9727454491","name":"拉亞漢堡","category":"fast_food","nameEn":"Laya Burger","cuisine":"burger;breakfast","brand":"拉亞漢堡","address":"220082新北市板橋區三民路二段147號","phone":"+886 2 2955 2238","website":"https://www.laya.com.tw/"},"geometry":{"type":"Point","coordinates":[121.479322,25.01507]}},{"type":"Feature","properties":{"id":"osm:node:9734464967","name":"拿坡里披薩","category":"fast_food","nameEn":"Napoli Pizza","cuisine":"pizza;fried_chicken","brand":"拿坡里披薩","address":"104臺北市中山區江寧里16鄰龍江路303號"},"geometry":{"type":"Point","coordinates":[121.540894,25.060966]}},{"type":"Feature","properties":{"id":"osm:node:9742934535","name":"漢堡王","category":"fast_food","nameEn":"Burger King","cuisine":"burger","brand":"漢堡王","opening_hours":"Mo-Su 07:00-22:30","address":"臺北市內湖區成功路四段178號"},"geometry":{"type":"Point","coordinates":[121.593506,25.083217]}},{"type":"Feature","properties":{"id":"osm:node:9742934539","name":"すき家","category":"fast_food","nameEn":"Sukiya","cuisine":"beef_bowl","brand":"すき家"},"geometry":{"type":"Point","coordinates":[121.593922,25.083531]}},{"type":"Feature","properties":{"id":"osm:node:9781069242","name":"呷尚寶","category":"fast_food","nameEn":"JSP","cuisine":"burger","brand":"呷尚寶"},"geometry":{"type":"Point","coordinates":[121.532772,24.977194]}},{"type":"Feature","properties":{"id":"osm:node:9843786897","name":"拿坡里","category":"fast_food","cuisine":"pizza;italian;chicken;thai","opening_hours":"Mo-Su 11:00-21:30","address":"221新北市汐止區大同路二段411號1F樓","phone":"+886 2 8691 5253","website":"https://www.0800076666.com.tw/"},"geometry":{"type":"Point","coordinates":[121.658435,25.067353]}},{"type":"Feature","properties":{"id":"osm:node:9845685583","name":"肯德基","category":"fast_food","nameEn":"KFC","cuisine":"chicken","brand":"肯德基","opening_hours":"Mo-Su 10:00-22:00","address":"新北市汐止區大同路二段383號"},"geometry":{"type":"Point","coordinates":[121.657623,25.067378]}},{"type":"Feature","properties":{"id":"osm:node:9867275826","name":"Qburger","category":"fast_food","cuisine":"american;breakfast","brand":"Qburger"},"geometry":{"type":"Point","coordinates":[121.458927,24.980556]}},{"type":"Feature","properties":{"id":"osm:node:995691464","name":"摩斯漢堡","category":"fast_food","nameEn":"MOS Burger","cuisine":"burger","brand":"摩斯漢堡"},"geometry":{"type":"Point","coordinates":[121.55117,25.03002]}},{"type":"Feature","properties":{"id":"osm:node:9972779589","name":"拉亞漢堡","category":"fast_food","nameEn":"Laya Burger","cuisine":"burger;breakfast","brand":"拉亞漢堡"},"geometry":{"type":"Point","coordinates":[121.474661,25.032875]}},{"type":"Feature","properties":{"id":"osm:node:9976424498","name":"すき家","category":"fast_food","nameEn":"Sukiya","cuisine":"beef_bowl","brand":"すき家"},"geometry":{"type":"Point","coordinates":[121.502023,25.029341]}},{"type":"Feature","properties":{"id":"osm:way:1023830435","name":"藏壽司","category":"fast_food","nameEn":"Kura Sushi","cuisine":"sushi","brand":"藏壽司","address":"新北市土城區金城路二段80號"},"geometry":{"type":"Point","coordinates":[121.453527,24.980212]}},{"type":"Feature","properties":{"id":"osm:way:1023830439","name":"藏壽司","category":"fast_food","nameEn":"Kura Sushi","cuisine":"sushi","brand":"藏壽司","address":"新北市新莊區思源路168號"},"geometry":{"type":"Point","coordinates":[121.460434,25.048167]}},{"type":"Feature","properties":{"id":"osm:way:1036430352","name":"摩斯漢堡","category":"fast_food","nameEn":"MOS Burger","cuisine":"burger","brand":"摩斯漢堡"},"geometry":{"type":"Point","coordinates":[121.54026,25.051652]}},{"type":"Feature","properties":{"id":"osm:way:1038718485","name":"八方雲集","category":"fast_food","nameEn":"Eight Way","cuisine":"dumplings","brand":"八方雲集"},"geometry":{"type":"Point","coordinates":[121.547304,25.08004]}},{"type":"Feature","properties":{"id":"osm:way:1047211215","name":"藏壽司","category":"fast_food","nameEn":"Kura Sushi","cuisine":"sushi","brand":"藏壽司","opening_hours":"Mo-Fr 11:00-21:30; PH,Sa,Su 10:30-21:30","phone":"+886 2 2568 1519","wheelchair":"no"},"geometry":{"type":"Point","coordinates":[121.532475,25.052272]}},{"type":"Feature","properties":{"id":"osm:way:1347715233","name":"麥當勞","category":"fast_food","nameEn":"McDonald's","cuisine":"burger","brand":"麥當勞","opening_hours":"Mo-Su 06:00-24:00","address":"臺北市內湖區舊宗路一段275號"},"geometry":{"type":"Point","coordinates":[121.577622,25.063077]}},{"type":"Feature","properties":{"id":"osm:way:1423487090","name":"八方雲集","category":"fast_food","nameEn":"Eight Way","cuisine":"dumplings","brand":"八方雲集","opening_hours":"Mo-Su 11:00-21:00","address":"114臺北市內湖區民權東路六段180巷15號一樓","phone":"+886 2-8792-0075","website":"https://www.8way.com.tw/store"},"geometry":{"type":"Point","coordinates":[121.592909,25.068362]}},{"type":"Feature","properties":{"id":"osm:way:1495609847","name":"麥當勞","category":"fast_food","nameEn":"McDonald's","cuisine":"burger","brand":"麥當勞"},"geometry":{"type":"Point","coordinates":[121.540252,25.018256]}},{"type":"Feature","properties":{"id":"osm:way:1540212466","name":"Mister Donut","category":"fast_food","nameEn":"Mister Donut","cuisine":"donut","brand":"Mister Donut"},"geometry":{"type":"Point","coordinates":[121.523152,25.026022]}},{"type":"Feature","properties":{"id":"osm:way:256810928","name":"麥當勞","category":"fast_food","nameEn":"McDonald's","cuisine":"burger","brand":"麥當勞"},"geometry":{"type":"Point","coordinates":[121.505794,25.116114]}},{"type":"Feature","properties":{"id":"osm:way:287035715","name":"麥當勞","category":"fast_food","nameEn":"McDonald's","cuisine":"burger","brand":"麥當勞","address":"108台北市萬華區萬大路215號"},"geometry":{"type":"Point","coordinates":[121.500702,25.0268]}},{"type":"Feature","properties":{"id":"osm:way:347314156","name":"麥當勞","category":"fast_food","nameEn":"McDonald's","cuisine":"burger","brand":"麥當勞","opening_hours":"Mo-Su 06:00-23:00","address":"100臺北市中正區濟南路二段66號"},"geometry":{"type":"Point","coordinates":[121.532489,25.040072]}},{"type":"Feature","properties":{"id":"osm:way:372150102","name":"頂呱呱","category":"fast_food","nameEn":"TKK Fried Chicken","cuisine":"chicken","brand":"頂呱呱","address":"11558臺北市南港區忠孝東路六段392號"},"geometry":{"type":"Point","coordinates":[121.59239,25.049806]}},{"type":"Feature","properties":{"id":"osm:way:430959519","name":"麥當勞","category":"fast_food","nameEn":"McDonald's","cuisine":"burger","brand":"麥當勞","address":"新北市汐止區新台五路一段162號"},"geometry":{"type":"Point","coordinates":[121.654489,25.062342]}},{"type":"Feature","properties":{"id":"osm:way:438736938","name":"石尚河馬店","category":"fast_food"},"geometry":{"type":"Point","coordinates":[121.5871,24.995348]}},{"type":"Feature","properties":{"id":"osm:way:501700695","name":"麥當勞","category":"fast_food","nameEn":"McDonald's","cuisine":"burger","brand":"麥當勞","opening_hours":"24/7","address":"114臺北市內湖區湖元里18鄰舊宗路一段135號"},"geometry":{"type":"Point","coordinates":[121.579354,25.060731]}},{"type":"Feature","properties":{"id":"osm:way:538034008","name":"摩斯漢堡","category":"fast_food","nameEn":"MOS Burger","cuisine":"burger","brand":"摩斯漢堡","address":"110臺北市信義區吳興街243號"},"geometry":{"type":"Point","coordinates":[121.56355,25.027443]}},{"type":"Feature","properties":{"id":"osm:way:549100392","name":"麥當勞","category":"fast_food","nameEn":"McDonald's","cuisine":"burger","brand":"麥當勞","address":"241新北市新莊區正義北路176號一樓"},"geometry":{"type":"Point","coordinates":[121.496395,25.066561]}},{"type":"Feature","properties":{"id":"osm:way:730667595","name":"Subway","category":"fast_food","cuisine":"sandwich","brand":"Subway","wheelchair":"yes"},"geometry":{"type":"Point","coordinates":[121.502538,25.138128]}},{"type":"Feature","properties":{"id":"osm:way:736728430","name":"藏壽司","category":"fast_food","nameEn":"Kura Sushi","cuisine":"sushi","brand":"藏壽司","address":"新北市三重區集賢路99號"},"geometry":{"type":"Point","coordinates":[121.490885,25.088949]}},{"type":"Feature","properties":{"id":"osm:way:764610943","name":"藏壽司","category":"fast_food","nameEn":"Kura Sushi","cuisine":"sushi","brand":"藏壽司","opening_hours":"Mo-Fr 11:00-22:00; Sa-Su 10:30-22:00","address":"24162新北市三重區捷運路1號","website":"https://kurasushi.tw/"},"geometry":{"type":"Point","coordinates":[121.486293,25.056773]}},{"type":"Feature","properties":{"id":"osm:way:824526984","name":"石尚駱駝店","category":"fast_food"},"geometry":{"type":"Point","coordinates":[121.58567,24.995419]}},{"type":"Feature","properties":{"id":"osm:way:835858992","name":"蛋餅、水煎包","category":"fast_food"},"geometry":{"type":"Point","coordinates":[121.582274,25.070949]}},{"type":"Feature","properties":{"id":"osm:way:858995153","name":"麥當勞","category":"fast_food","nameEn":"McDonald's","cuisine":"burger","brand":"麥當勞","address":"新北市板橋區府中路"},"geometry":{"type":"Point","coordinates":[121.457723,25.009337]}}]}