{"type":"FeatureCollection","features":[{"type":"Feature","properties":{"id":"osm:node:10009325637","name":"寒居酒店","category":"hotel","nameEn":"Humble Boutique Hotel","address":"10409臺北市中山區松江路116號","phone":"+886 2 6600 8000","website":"https://www.humbleboutique.com.tw/"},"geometry":{"type":"Point","coordinates":[121.532767,25.051642]}},{"type":"Feature","properties":{"id":"osm:node:10738442807","name":"雀客藏居新北三重水漾","category":"hotel","address":"新北市三重區捷運路77號"},"geometry":{"type":"Point","coordinates":[121.482799,25.055673]}},{"type":"Feature","properties":{"id":"osm:node:10752516033","name":"陸號行旅","category":"hotel"},"geometry":{"type":"Point","coordinates":[121.50843,25.044737]}},{"type":"Feature","properties":{"id":"osm:node:10755280662","name":"索拉利亞西鐵飯店台北西門","category":"hotel","nameEn":"Solaria Nishitetsu Hotel Taipei Ximen","brand":"索拉利亞西鐵飯店","address":"108002臺北市萬華區中華路一段88號六樓","phone":"+886 2 2314 3939","website":"https://nnr-h.com/solaria/taipei"},"geometry":{"type":"Point","coordinates":[121.508375,25.045172]}},{"type":"Feature","properties":{"id":"osm:node:11061673377","name":"清翼居旅店","category":"hotel","address":"220066新北市板橋區館前東路26號6樓、6樓之1","phone":"+886 2 2954 1808"},"geometry":{"type":"Point","coordinates":[121.460404,25.007036]}},{"type":"Feature","properties":{"id":"osm:node:11061673378","name":"台北輕旅複合式旅店","category":"hotel","address":"220067新北市板橋區館前東路13號4樓之2","phone":"+886 2 2951 5121"},"geometry":{"type":"Point","coordinates":[121.460028,25.007279]}},{"type":"Feature","properties":{"id":"osm:node:11240105217","name":"路徒PLUS行旅 主題館","category":"hotel","nameEn":"Roaders PLUS Hotel Theme","opening_hours":"24/7","address":"台北市中正區忠孝西路一段80號四樓","website":"https://www.roadersplushotel.com"},"geometry":{"type":"Point","coordinates":[121.513822,25.046765]}},{"type":"Feature","properties":{"id":"osm:node:11257042190","name":"大湖璞旅","category":"hotel","address":"臺北市內湖區成功路五段462號"},"geometry":{"type":"Point","coordinates":[121.606551,25.073325]}},{"type":"Feature","properties":{"id":"osm:node:11293962130","name":"CityInn","category":"hotel","address":"臺北市大同區長安西路77號","phone":"+886-2-7732-7777","website":"https://c3.cityinn.com.tw/"},"geometry":{"type":"Point","coordinates":[121.516756,25.051073]}},{"type":"Feature","properties":{"id":"osm:node:11294039120","name":"Bchic","category":"hotel","address":"臺北市中山區新生北路二段25號"},"geometry":{"type":"Point","coordinates":[121.527859,25.05362]}},{"type":"Feature","properties":{"id":"osm:node:11294039989","name":"RF Hotel Linsen","category":"hotel","address":"臺北市中山區林森北路85巷23號"},"geometry":{"type":"Point","coordinates":[121.525791,25.049715]}},{"type":"Feature","properties":{"id":"osm:node:11355878091","name":"金弘旅社","category":"hotel","nameEn":"Jin Horng Hotel","address":"103005臺北市大同區南京西路316號4樓","phone":"+886 2 2555 4038"},"geometry":{"type":"Point","coordinates":[121.512982,25.053809]}},{"type":"Feature","properties":{"id":"osm:node:11355878095","name":"福來旅社","category":"hotel","nameEn":"Fwu Lai Hotel","address":"103005臺北市大同區南京西路344巷13號1-4樓","phone":"+886 2 2555 0857"},"geometry":{"type":"Point","coordinates":[121.512268,25.053424]}},{"type":"Feature","properties":{"id":"osm:node:11355878096","name":"瑾旅南西館","category":"hotel","nameEn":"Gininn NanXi","address":"臺北市大同區南京西路151號6至12樓","website":"https://gininnnanxi.tw-taiwan.com/in/"},"geometry":{"type":"Point","coordinates":[121.513623,25.054142]}},{"type":"Feature","properties":{"id":"osm:node:11360281028","name":"台北桃禧大飯店","category":"hotel","address":"103016臺北市大同區重慶北路一段73號1樓至7樓","phone":"+886 2 2550 5799","website":"https://www.hotelorchardpark-taipei.com/"},"geometry":{"type":"Point","coordinates":[121.514276,25.052286]}},{"type":"Feature","properties":{"id":"osm:node:11360281033","name":"悅心旅","category":"hotel","nameEn":"Yesing Hotel","address":"103015臺北市大同區重慶北路一段61號1樓至3樓","phone":"+886 2 2559 1525"},"geometry":{"type":"Point","coordinates":[121.514062,25.051261]}},{"type":"Feature","properties":{"id":"osm:node:11406853381","name":"老爺會館台北南西","category":"hotel","address":"104台北市中山區南京西路1號8樓","phone":"+886 2 2531 6171"},"geometry":{"type":"Point","coordinates":[121.521927,25.052535]}},{"type":"Feature","properties":{"id":"osm:node:11559675939","name":"儷萊飯店(普亨萊大飯店)","category":"hotel","address":"100005臺北市中正區中華路一段21號12樓","phone":"+886 2 2311 1440"},"geometry":{"type":"Point","coordinates":[121.509946,25.046399]}},{"type":"Feature","properties":{"id":"osm:node:11559675940","name":"悅來精品旅館","category":"hotel","address":"100005臺北市中正區中華路一段21號6-7樓","phone":"+886 2 2311 0066"},"geometry":{"type":"Point","coordinates":[121.509939,25.046366]}},{"type":"Feature","properties":{"id":"osm:node:11559675941","name":"金財神旅館","category":"hotel","address":"100005臺北市中正區中華路一段21號3樓","phone":"+886 2 2311 0066"},"geometry":{"type":"Point","coordinates":[121.50995,25.046418]}},{"type":"Feature","properties":{"id":"osm:node:11945587491","name":"囍閱文旅","category":"hotel","nameEn":"Hotel attic","address":"108臺北市萬華區新起里19鄰長沙街二段11號十一樓之16"},"geometry":{"type":"Point","coordinates":[121.506918,25.040705]}},{"type":"Feature","properties":{"id":"osm:node:12083322350","name":"瑞桑德","category":"hotel","address":"100006臺北市中正區重慶南路一段1號5樓","phone":"+886 2 2371 0811"},"geometry":{"type":"Point","coordinates":[121.513535,25.046776]}},{"type":"Feature","properties":{"id":"osm:node:12092531786","name":"漫映旅舍","category":"hotel","nameEn":"Slow Town Hotel"},"geometry":{"type":"Point","coordinates":[121.52985,25.051622]}},{"type":"Feature","properties":{"id":"osm:node:12128335383","name":"T.O. Hotel 台北車站館","category":"hotel","nameEn":"T.O. Hotel Main Station","brand":"T.O. Hotel","address":"10047台北市中正區開封街一段2號二樓","phone":"+886 2 2314 0202","website":"https://www.tohoteltaipei.com/"},"geometry":{"type":"Point","coordinates":[121.514406,25.045869]}},{"type":"Feature","properties":{"id":"osm:node:12218730259","name":"台北漢來皇家鬱金香酒店","category":"hotel","nameEn":"Grand Hilai Hotel Taipei","website":"https://www.grand-hilai.com.tw/taipei/"},"geometry":{"type":"Point","coordinates":[121.619913,25.057851]}},{"type":"Feature","properties":{"id":"osm:node:12228744833","name":"旅居文旅西門驛站昆明館","category":"hotel","nameEn":"Hub Hotel Ximen-Inn Kunming","address":"臺北市萬華區Kunming Street108號","website":"https://ximen-inn2.hubhotel.com.tw"},"geometry":{"type":"Point","coordinates":[121.504637,25.042546]}},{"type":"Feature","properties":{"id":"osm:node:12297186987","name":"珂曼旅館","category":"hotel"},"geometry":{"type":"Point","coordinates":[121.507009,25.045951]}},{"type":"Feature","properties":{"id":"osm:node:12438632284","name":"台北中山意舍酒店","category":"hotel","nameEn":"amba Taipei Zhongshan","address":"10412臺北市中山區中山北路二段57-1號","phone":"+886 2 2565 2828","website":"https://www.amba-hotels.com/zhongshan/"},"geometry":{"type":"Point","coordinates":[121.523048,25.055743]}},{"type":"Feature","properties":{"id":"osm:node:12458715211","name":"路徒PLUS行旅 站前館","category":"hotel","nameEn":"Roaders PLUS Hotel Taipei Station","opening_hours":"24/7","address":"台北市中正區忠孝西路一段80號四樓","website":"https://www.roadersplushotel.com"},"geometry":{"type":"Point","coordinates":[121.513828,25.046765]}},{"type":"Feature","properties":{"id":"osm:node:12466891352","name":"希爾商旅台北館","category":"hotel","nameEn":"Hotels Here Taipei","address":"台北市中山區南京東路二段11號4樓","website":"https://www.hotelshere.com.tw/tw/index.html"},"geometry":{"type":"Point","coordinates":[121.528475,25.052367]}},{"type":"Feature","properties":{"id":"osm:node:12570502800","name":"Yen Inn","category":"hotel","address":"新北市板橋區景星里009鄰四川路一段37巷13號四樓"},"geometry":{"type":"Point","coordinates":[121.459871,25.006772]}},{"type":"Feature","properties":{"id":"osm:node:12790902301","name":"富玉莊旅館","category":"hotel","nameEn":"Rich Zone Hotel","address":"臺北市士林區福港街149巷10號"},"geometry":{"type":"Point","coordinates":[121.51913,25.087616]}},{"type":"Feature","properties":{"id":"osm:node:12802618201","name":"町記憶旅店","category":"hotel","nameEn":"Cho Hotel","address":"臺北市萬華區昆明街117號","phone":"+886 2 2370 9830","website":"http://chohotel.com"},"geometry":{"type":"Point","coordinates":[121.504685,25.041886]}},{"type":"Feature","properties":{"id":"osm:node:1282483919","name":"台北美侖大飯店","category":"hotel","nameEn":"Park Taipei Hotel","address":"10665臺北市大安區復興南路一段317號","phone":"+886 2 5579 3888","website":"https://www.parktaipei.com/","wheelchair":"yes"},"geometry":{"type":"Point","coordinates":[121.543896,25.03421]}},{"type":"Feature","properties":{"id":"osm:node:13325475952","name":"Capella","category":"hotel","address":"105臺北市松山區中華里16鄰敦化北路139號","wheelchair":"yes","stars":"5"},"geometry":{"type":"Point","coordinates":[121.549977,25.053206]}},{"type":"Feature","properties":{"id":"osm:node:13334327611","name":"能量旅店","category":"hotel","nameEn":"Energy Inn","address":"108臺北市萬華區西門里4鄰康定路25巷38號","phone":"+886 2 2312 1211","website":"http://www.energyinn.com.tw/"},"geometry":{"type":"Point","coordinates":[121.504526,25.043542]}},{"type":"Feature","properties":{"id":"osm:node:13337714413","name":"AKA Hotel","category":"hotel","nameEn":"AKA Hotel","address":"106臺北市大安區永康里8鄰金華街187號","phone":"+886-2-23418828","website":"https://www.akataipei.com/","stars":"4"},"geometry":{"type":"Point","coordinates":[121.527547,25.030496]}},{"type":"Feature","properties":{"id":"osm:node:13373796960","name":"高絲旅時尚旅館漢口館","category":"hotel","nameEn":"LIHO Hotel Hankou","address":"108台北市萬華區漢口街二段54號十樓"},"geometry":{"type":"Point","coordinates":[121.505813,25.045751]}},{"type":"Feature","properties":{"id":"osm:node:13377617340","name":"馥俐旅店","category":"hotel","nameEn":"Forward Suit II","address":"新北市板橋區挹秀里002鄰東門街10號","phone":"+886 2 2272 2625","website":"https://www.forward-suites2.com.tw/"},"geometry":{"type":"Point","coordinates":[121.45789,25.009011]}},{"type":"Feature","properties":{"id":"osm:node:13476132301","name":"方舟旅店長安復興館","category":"hotel","nameEn":"ARK Hotel Chang'an Fuxing"},"geometry":{"type":"Point","coordinates":[121.543044,25.048132]}},{"type":"Feature","properties":{"id":"osm:node:13481520001","name":"日光拾玖","category":"hotel","nameEn":"Sky19 Hotel","address":"臺北市中正區忠孝西路一段50號十八樓"},"geometry":{"type":"Point","coordinates":[121.515795,25.046205]}},{"type":"Feature","properties":{"id":"osm:node:13481893428","name":"黎明旅館","category":"hotel","address":"231新北市新店區北新路三段63號五樓","phone":"+886 2 29119188"},"geometry":{"type":"Point","coordinates":[121.541557,24.980985]}},{"type":"Feature","properties":{"id":"osm:node:13591916136","name":"Chengdian Hotel","category":"hotel","nameEn":"Chengdian Hotel","wheelchair":"yes","stars":"3"},"geometry":{"type":"Point","coordinates":[121.4607,25.013627]}},{"type":"Feature","properties":{"id":"osm:node:13733754124","name":"瀚寓酒店","category":"hotel","nameEn":"Hanns House","address":"110臺北市信義區基隆路一段206號","website":"https://www.hannshouse.com/"},"geometry":{"type":"Point","coordinates":[121.563227,25.039841]}},{"type":"Feature","properties":{"id":"osm:node:13967895801","name":"歐法行旅","category":"hotel","nameEn":"O Fun Hotel","address":"臺北市大同區中華路一段90號","phone":"+886 2-23711333","website":"https://ofunhotel.mydirectstay.com/tw/index.html"},"geometry":{"type":"Point","coordinates":[121.508582,25.044734]}},{"type":"Feature","properties":{"id":"osm:node:14012103701","name":"RF旅店 富裕自由旅店","category":"hotel","nameEn":"RF Hotel - Sanchong","address":"241新北市三重區重新路二段68號九樓"},"geometry":{"type":"Point","coordinates":[121.497694,25.061993]}},{"type":"Feature","properties":{"id":"osm:node:14019084374","name":"台北板橋馥華艾美酒店","category":"hotel"},"geometry":{"type":"Point","coordinates":[121.47056,25.013783]}},{"type":"Feature","properties":{"id":"osm:node:14023480448","name":"凡登東棧商務旅店","category":"hotel","nameEn":"Vendome East Inn","address":"臺北市大安區忠孝東路四段209號八樓","phone":"+886 2 2711 7721","website":"https://www.vdthotel.com.tw/eastinn/news?lg=TW"},"geometry":{"type":"Point","coordinates":[121.552095,25.041689]}},{"type":"Feature","properties":{"id":"osm:node:1672151059","name":"晶璽旅館","category":"hotel","nameEn":"AT Boutique Hotel","phone":"+886 2 2345 9777","website":"https://www.at-boutique-hotel.com/"},"geometry":{"type":"Point","coordinates":[121.559153,25.032821]}},{"type":"Feature","properties":{"id":"osm:node:1678965162","name":"台北W飯店","category":"hotel","nameEn":"W Taipei","address":"110臺北市信義區忠孝東路五段10號","phone":"+886 2 7703 8888","website":"http://www.wtaipei.com/","wheelchair":"yes","stars":"5"},"geometry":{"type":"Point","coordinates":[121.565746,25.040492]}},{"type":"Feature","properties":{"id":"osm:node:2094662039","name":"雀客快捷台北永康","category":"hotel","nameEn":"CHECK inn Express Taipei Yongkang","address":"10057臺北市中正區信義路二段73號","phone":"+886 2 23212721","website":"http://www.checkinn.com.tw/","wheelchair":"yes"},"geometry":{"type":"Point","coordinates":[121.526513,25.034662]}},{"type":"Feature","properties":{"id":"osm:node:2099553264","name":"旅·晨行旅","category":"hotel","nameEn":"Re-Change Hotel","address":"100006臺北市中正區重慶南路一段1號2樓","phone":"+886 2 2311 6388"},"geometry":{"type":"Point","coordinates":[121.51346,25.046775]}},{"type":"Feature","properties":{"id":"osm:node:2124843037","name":"百利旅館","category":"hotel","wheelchair":"yes"},"geometry":{"type":"Point","coordinates":[121.521934,25.060226]}},{"type":"Feature","properties":{"id":"osm:node:2139984834","name":"古山園旅社","category":"hotel"},"geometry":{"type":"Point","coordinates":[121.498091,25.037407]}},{"type":"Feature","properties":{"id":"osm:node:2146918178","name":"君品酒店","category":"hotel","nameEn":"Palais de Chine","address":"10351臺北市大同區承德路一段1號","phone":"+886-2-2181-9999","website":"https://www.palaisdechinehotel.com/","wheelchair":"yes"},"geometry":{"type":"Point","coordinates":[121.516923,25.04914]}},{"type":"Feature","properties":{"id":"osm:node:2310547856","name":"西門町意舍飯店","category":"hotel","nameEn":"amba hotels","website":"https://www.amba-hotels.com/tc/ximending/","wheelchair":"yes"},"geometry":{"type":"Point","coordinates":[121.505891,25.045114]}},{"type":"Feature","properties":{"id":"osm:node:2310547864","name":"萬事達旅店西門店","category":"hotel","wheelchair":"yes"},"geometry":{"type":"Point","coordinates":[121.508754,25.045342]}},{"type":"Feature","properties":{"id":"osm:node:2318354644","name":"新驛旅店 西門捷運店","category":"hotel","nameEn":"CityInn Hotel Plus Ximending","address":"臺北市中正區衡陽路124號1-7樓;寶慶路63號","phone":"+886-2 - 77252288","website":"https://www.cityinn.com.tw/","wheelchair":"yes"},"geometry":{"type":"Point","coordinates":[121.5092,25.041879]}},{"type":"Feature","properties":{"id":"osm:node:2418093419","name":"台北城美大飯店","category":"hotel","nameEn":"Chair Man Hotel","address":"100臺北市中正區漢口街一段88號","website":"http://www.chairman-hotel.com.tw/"},"geometry":{"type":"Point","coordinates":[121.511962,25.045068]}},{"type":"Feature","properties":{"id":"osm:node:2421842400","name":"華國大飯店","category":"hotel","nameEn":"Imperial Hotel"},"geometry":{"type":"Point","coordinates":[121.525526,25.065911]}},{"type":"Feature","properties":{"id":"osm:node:2441378320","name":"台北樂客商旅","category":"hotel","address":"100台北市中正區襄陽路8號","phone":"+886 2 23709988","website":"http://www.lookhotel.com.tw/","wheelchair":"yes"},"geometry":{"type":"Point","coordinates":[121.513537,25.043316]}},{"type":"Feature","properties":{"id":"osm:node:2445909879","name":"SIMPLE+ HOTEL","category":"hotel","address":"台北市松山區敦化北路4巷52號","phone":"+886 2-6613-1300","website":"https://www.simplehotel.com.tw/","wheelchair":"yes","stars":"3"},"geometry":{"type":"Point","coordinates":[121.545043,25.050268]}},{"type":"Feature","properties":{"id":"osm:node:2446002132","name":"凱微精品hotel","category":"hotel","address":"台北市中山區林森北路381號9樓","phone":"+886-2-25426879","website":"http://kaiwei.mmmtravel.com.tw/"},"geometry":{"type":"Point","coordinates":[121.525709,25.058468]}},{"type":"Feature","properties":{"id":"osm:node:2450783872","name":"喬合大飯店","category":"hotel","nameEn":"Deja Vu Hotel","address":"台北市大安區復興南路一段136號","phone":"+886-2-27765877","website":"http://www.city-hotel.com.tw/bussiness/dejavu-hotel/b4-tw.htm"},"geometry":{"type":"Point","coordinates":[121.543544,25.042736]}},{"type":"Feature","properties":{"id":"osm:node:2462876033","name":"瑪奇文旅","category":"hotel","nameEn":"Macchi Hotel","address":"台北市文山區景中街30巷6號3-4樓","phone":"+886-2-29333906"},"geometry":{"type":"Point","coordinates":[121.541976,24.992537]}},{"type":"Feature","properties":{"id":"osm:node:2470166474","name":"璽愛旅店","category":"hotel","nameEn":"Say Love Hotel","address":"10041臺北市中正區忠孝西路一段72號3樓","phone":"+886 2 2388 0808","website":"http://www.slovehotel.com.tw/"},"geometry":{"type":"Point","coordinates":[121.514021,25.046783]}},{"type":"Feature","properties":{"id":"osm:node:2470166565","name":"全家歡旅店","category":"hotel","nameEn":"HOPE Hotel","address":"10041臺北市中正區忠孝西路一段72號4樓","phone":"+886 2 2381 4755","stars":"1"},"geometry":{"type":"Point","coordinates":[121.514156,25.046751]}},{"type":"Feature","properties":{"id":"osm:node:2470166676","name":"新站旅店","category":"hotel","nameEn":"New Stay Inn","address":"10041臺北市中正區忠孝西路一段72號5樓","phone":"+886 2 2370 2888","website":"http://taipei.newstayinn.com/index.aspx"},"geometry":{"type":"Point","coordinates":[121.514087,25.046766]}},{"type":"Feature","properties":{"id":"osm:node:2470166851","name":"華達大飯店","category":"hotel","nameEn":"Huada Hotel","address":"100006臺北市中正區重慶南路一段1號6樓","phone":"+886 2 2311 0212","wheelchair":"yes"},"geometry":{"type":"Point","coordinates":[121.513407,25.046776]}},{"type":"Feature","properties":{"id":"osm:node:2486816961","name":"欣和旅店","category":"hotel","nameEn":"Shin Her Hotel","address":"臺北市羅斯福路二段75-1號2樓","phone":"+886-2-2366-0105","wheelchair":"no"},"geometry":{"type":"Point","coordinates":[121.523172,25.026464]}},{"type":"Feature","properties":{"id":"osm:node:2500045714","name":"丰居旅店","category":"hotel","nameEn":"Via Hotel","address":"108臺北市萬華區中華路一段114巷17號2樓","wheelchair":"limited"},"geometry":{"type":"Point","coordinates":[121.507751,25.043994]}},{"type":"Feature","properties":{"id":"osm:node:2524398259","name":"小雅HOTEL","category":"hotel"},"geometry":{"type":"Point","coordinates":[121.573493,25.049757]}},{"type":"Feature","properties":{"id":"osm:node:2527527723","name":"長虹大飯店","category":"hotel","nameEn":"Rainbow Hotel","wheelchair":"no"},"geometry":{"type":"Point","coordinates":[121.507399,25.044512]}},{"type":"Feature","properties":{"id":"osm:node:2527527834","name":"香榭巴洛克","category":"hotel","nameEn":"Shannon Baroque","wheelchair":"no"},"geometry":{"type":"Point","coordinates":[121.507325,25.044265]}},{"type":"Feature","properties":{"id":"osm:node:2533594476","name":"群來商旅","category":"hotel"},"geometry":{"type":"Point","coordinates":[121.52617,25.045107]}},{"type":"Feature","properties":{"id":"osm:node:2557319171","name":"春天夢幻旅館","category":"hotel","address":"台北市中山區長春路40號4F"},"geometry":{"type":"Point","coordinates":[121.524713,25.054759]}},{"type":"Feature","properties":{"id":"osm:node:2557466403","name":"鴨川旅館","category":"hotel","address":"臺北市中山區中山北路二段65巷2弄60號"},"geometry":{"type":"Point","coordinates":[121.524941,25.056956]}},{"type":"Feature","properties":{"id":"osm:node:2572568046","name":"西門航棧商旅","category":"hotel","wheelchair":"yes"},"geometry":{"type":"Point","coordinates":[121.508096,25.043142]}},{"type":"Feature","properties":{"id":"osm:node:2572568048","name":"璞麗hotel","category":"hotel","wheelchair":"no"},"geometry":{"type":"Point","coordinates":[121.506731,25.043089]}},{"type":"Feature","properties":{"id":"osm:node:2572568051","name":"金夜賓館","category":"hotel"},"geometry":{"type":"Point","coordinates":[121.569985,25.049452]}},{"type":"Feature","properties":{"id":"osm:node:2572568062","name":"喬美Hotel","category":"hotel"},"geometry":{"type":"Point","coordinates":[121.558645,25.048007]}},{"type":"Feature","properties":{"id":"osm:node:2590490928","name":"帥客旅店","category":"hotel","address":"100 臺北市中正區羅斯福路一段90巷2號1-5樓","phone":"+886-2 - 23223885","website":"http://www.saualkeh.com.tw/zh-tw/","wheelchair":"yes"},"geometry":{"type":"Point","coordinates":[121.51956,25.030072]}},{"type":"Feature","properties":{"id":"osm:node:2590490940","name":"愛家旅館","category":"hotel","address":"新北市新店區北新路二段108號7樓","phone":"+886-2 - 29129111"},"geometry":{"type":"Point","coordinates":[121.54315,24.974089]}},{"type":"Feature","properties":{"id":"osm:node:2604136871","name":"Solo Singer Inn","category":"hotel","address":"台北市北投區溫泉路21巷7號","phone":"+886 2 2891 8312","website":"https://thesolosinger.com/"},"geometry":{"type":"Point","coordinates":[121.502858,25.134102]}},{"type":"Feature","properties":{"id":"osm:node:2850319482","name":"HOTEL B6","category":"hotel","wheelchair":"limited"},"geometry":{"type":"Point","coordinates":[121.505226,25.045018]}},{"type":"Feature","properties":{"id":"osm:node:2850322965","name":"紅菱閣旅店","category":"hotel","nameEn":"Red Cabin Inn","address":"台北市萬華區峨嵋街80號","phone":"+886 2 2361 9696","website":"https://www.redcabininn.com.tw/","wheelchair":"limited"},"geometry":{"type":"Point","coordinates":[121.50413,25.044071]}},{"type":"Feature","properties":{"id":"osm:node:2850324304","name":"富粧旅店","category":"hotel"},"geometry":{"type":"Point","coordinates":[121.503169,25.045911]}},{"type":"Feature","properties":{"id":"osm:node:2913662317","name":"大地清旅","category":"hotel","nameEn":"Horizon Inn"},"geometry":{"type":"Point","coordinates":[121.54299,25.04804]}},{"type":"Feature","properties":{"id":"osm:node:2924917846","name":"全家Hotel","category":"hotel"},"geometry":{"type":"Point","coordinates":[121.500553,25.001345]}},{"type":"Feature","properties":{"id":"osm:node:2926240046","name":"東驛商旅","category":"hotel","wheelchair":"yes"},"geometry":{"type":"Point","coordinates":[121.505437,25.045719]}},{"type":"Feature","properties":{"id":"osm:node:2926240501","name":"黛芬旅店","category":"hotel","wheelchair":"yes"},"geometry":{"type":"Point","coordinates":[121.505346,25.045728]}},{"type":"Feature","properties":{"id":"osm:node:2931491188","name":"九閣商旅","category":"hotel"},"geometry":{"type":"Point","coordinates":[121.528749,24.972591]}},{"type":"Feature","properties":{"id":"osm:node:2935705794","name":"綠蒂HOTEL","category":"hotel"},"geometry":{"type":"Point","coordinates":[121.526846,25.065275]}},{"type":"Feature","properties":{"id":"osm:node:2935705795","name":"采舍精品旅館","category":"hotel"},"geometry":{"type":"Point","coordinates":[121.526769,25.064679]}},{"type":"Feature","properties":{"id":"osm:node:2959896112","name":"愛客發時尚旅館萬年館","category":"hotel","wheelchair":"yes"},"geometry":{"type":"Point","coordinates":[121.505736,25.04366]}},{"type":"Feature","properties":{"id":"osm:node:3006036114","name":"儷萊商旅","category":"hotel","nameEn":"Relite Hotel","address":"100005臺北市中正區中華路一段21號4-5樓,8-11樓","phone":"+886 2 2311 1440","website":"https://www.relite-hotels.com.tw/","wheelchair":"yes"},"geometry":{"type":"Point","coordinates":[121.509942,25.046382]}},{"type":"Feature","properties":{"id":"osm:node:3007181106","name":"百悅商務旅館","category":"hotel","wheelchair":"limited"},"geometry":{"type":"Point","coordinates":[121.507525,25.046356]}},{"type":"Feature","properties":{"id":"osm:node:3007195206","name":"西門星辰飯店","category":"hotel","wheelchair":"yes"},"geometry":{"type":"Point","coordinates":[121.503645,25.044167]}},{"type":"Feature","properties":{"id":"osm:node:3007195591","name":"東龍大飯店","category":"hotel","nameEn":"East Dragon Hotel","address":"108台北市萬華區漢口街二段23號","wheelchair":"yes"},"geometry":{"type":"Point","coordinates":[121.50789,25.045534]}},{"type":"Feature","properties":{"id":"osm:node:3028086867","name":"台北富驛時尚酒店","category":"hotel","nameEn":"FX HOTEL TAIPEI","address":"台北市中山區南京東路三段131號","phone":"+886 2 5572-0777","website":"https://www.fxhotels.com.tw/","wheelchair":"yes"},"geometry":{"type":"Point","coordinates":[121.540798,25.052208]}},{"type":"Feature","properties":{"id":"osm:node:3035134108","name":"水都飯店","category":"hotel"},"geometry":{"type":"Point","coordinates":[121.510835,25.136951]}},{"type":"Feature","properties":{"id":"osm:node:3035134109","name":"東皇","category":"hotel"},"geometry":{"type":"Point","coordinates":[121.510683,25.136159]}},{"type":"Feature","properties":{"id":"osm:node:3035134991","name":"金都精緻溫泉飯店","category":"hotel","address":"臺北市北投區光明路240號1-6樓","phone":"+886-2-2891-1228","website":"https://www.springhotel.tw/about_ch.php"},"geometry":{"type":"Point","coordinates":[121.507626,25.136279]}},{"type":"Feature","properties":{"id":"osm:node:3035134992","name":"美代湯宴","category":"hotel"},"geometry":{"type":"Point","coordinates":[121.510597,25.137082]}},{"type":"Feature","properties":{"id":"osm:node:3035135041","name":"鳳凰閣溫泉會館","category":"hotel"},"geometry":{"type":"Point","coordinates":[121.510289,25.136133]}},{"type":"Feature","properties":{"id":"osm:node:3036990031","name":"京都溫泉行館","category":"hotel"},"geometry":{"type":"Point","coordinates":[121.511951,25.136498]}},{"type":"Feature","properties":{"id":"osm:node:3036995458","name":"荷豐館","category":"hotel"},"geometry":{"type":"Point","coordinates":[121.512902,25.136743]}},{"type":"Feature","properties":{"id":"osm:node:3037008406","name":"華心飯店","category":"hotel"},"geometry":{"type":"Point","coordinates":[121.513765,25.136186]}},{"type":"Feature","properties":{"id":"osm:node:3037008739","name":"倆人旅店","category":"hotel"},"geometry":{"type":"Point","coordinates":[121.513625,25.136974]}},{"type":"Feature","properties":{"id":"osm:node:3065313369","name":"衣蝶旅店","category":"hotel"},"geometry":{"type":"Point","coordinates":[121.527377,25.063225]}},{"type":"Feature","properties":{"id":"osm:node:3133631552","name":"佳佳 ‧ 士林珮柏","category":"hotel","nameEn":"Papersun Apartment","address":"111臺北市士林區福德路48巷8號","wheelchair":"yes"},"geometry":{"type":"Point","coordinates":[121.523077,25.092636]}},{"type":"Feature","properties":{"id":"osm:node:3191524051","name":"帝苑時尚旅店","category":"hotel","address":"22041新北市板橋區文化路一段218號","phone":"+886-2-22572525","website":"http://www.royalgardenhotel.com.tw/"},"geometry":{"type":"Point","coordinates":[121.466648,25.020348]}},{"type":"Feature","properties":{"id":"osm:node:3221770001","name":"微風Hotel","category":"hotel"},"geometry":{"type":"Point","coordinates":[121.523696,25.057535]}},{"type":"Feature","properties":{"id":"osm:node:3231669810","name":"客來思樂賓館","category":"hotel","address":"臺北市大安區羅斯福路3段241號4-6樓,4-6樓之1","phone":"+886 2 2362 6555","wheelchair":"no"},"geometry":{"type":"Point","coordinates":[121.529913,25.019377]}},{"type":"Feature","properties":{"id":"osm:node:3270306166","name":"謙商旅Chain Hotel","category":"hotel","address":"100臺北市中正區信義路二段63號"},"geometry":{"type":"Point","coordinates":[121.528946,25.034173]}},{"type":"Feature","properties":{"id":"osm:node:3316912674","name":"家賓大旅社","category":"hotel","address":"臺北市文山區景文街42號6樓","phone":"+886-2-29325915"},"geometry":{"type":"Point","coordinates":[121.541046,24.991748]}},{"type":"Feature","properties":{"id":"osm:node:3316912675","name":"景美大旅社","category":"hotel","address":"台北市文山區景文街104號2-4樓","phone":"+886-2-2931-3788","wheelchair":"no"},"geometry":{"type":"Point","coordinates":[121.540796,24.990114]}},{"type":"Feature","properties":{"id":"osm:node:332497665","name":"皇后旅社","category":"hotel","nameEn":"Hotel Queen","address":"臺北市大同區長安西路226號1-4樓","phone":"+886 2 2559 0489","website":"http://mei-shiuan.myweb.hinet.net/"},"geometry":{"type":"Point","coordinates":[121.514648,25.051314]}},{"type":"Feature","properties":{"id":"osm:node:3353482762","name":"寒舍艾麗酒店","category":"hotel","nameEn":"Humble House Taipei","address":"台北市信義區松高路18號","phone":"+886 2 6631 8000","website":"http://www.humblehousehotels.com/","wheelchair":"yes"},"geometry":{"type":"Point","coordinates":[121.567378,25.038606]}},{"type":"Feature","properties":{"id":"osm:node:3444671420","name":"金色年代旅店","category":"hotel"},"geometry":{"type":"Point","coordinates":[121.46158,25.006417]}},{"type":"Feature","properties":{"id":"osm:node:3444713872","name":"首府大旅社","category":"hotel","address":"220066新北市板橋區館前東路96號7樓","phone":"+886 2 2959 8911"},"geometry":{"type":"Point","coordinates":[121.462274,25.007375]}},{"type":"Feature","properties":{"id":"osm:node:3451466250","name":"愛芝園旅館","category":"hotel","address":"臺北市信義區基隆路二段22號5樓","phone":"+886-2-27295828","wheelchair":"limited"},"geometry":{"type":"Point","coordinates":[121.558615,25.031878]}},{"type":"Feature","properties":{"id":"osm:node:3472559544","name":"富康精采旅店","category":"hotel"},"geometry":{"type":"Point","coordinates":[121.470325,25.027478]}},{"type":"Feature","properties":{"id":"osm:node:3476696155","name":"景安精品旅館","category":"hotel","address":"新北市中和區明禮街32號"},"geometry":{"type":"Point","coordinates":[121.504367,24.996383]}},{"type":"Feature","properties":{"id":"osm:node:3502694423","name":"誠品行旅","category":"hotel","nameEn":"eslite hotel","brand":"誠品行旅","address":"11072臺北市信義區菸廠路98號","phone":"+886-2-6626-2888","website":"https://www.eslitehotel.com/"},"geometry":{"type":"Point","coordinates":[121.561879,25.044643]}},{"type":"Feature","properties":{"id":"osm:node:3533978593","name":"洛碁大飯店 舞衣南京館","category":"hotel","address":"台北市中山區南京東路二段163號1-8樓","phone":"+886-2-2503-5511","wheelchair":"yes","stars":"3"},"geometry":{"type":"Point","coordinates":[121.535866,25.052231]}},{"type":"Feature","properties":{"id":"osm:node:3540983507","name":"祥興樓水漾會館","category":"hotel"},"geometry":{"type":"Point","coordinates":[121.488263,25.004426]}},{"type":"Feature","properties":{"id":"osm:node:3542309426","name":"Single INN單人房-台北館","category":"hotel","address":"220新北市板橋區明德街1巷12號"},"geometry":{"type":"Point","coordinates":[121.459054,25.010509]}},{"type":"Feature","properties":{"id":"osm:node:3544646394","name":"二十輪旅店","category":"hotel","wheelchair":"yes"},"geometry":{"type":"Point","coordinates":[121.5062,25.044762]}},{"type":"Feature","properties":{"id":"osm:node:3544661594","name":"薆悅酒店","category":"hotel","address":"108台北市萬華區西寧南路107號","wheelchair":"yes"},"geometry":{"type":"Point","coordinates":[121.506702,25.04501]}},{"type":"Feature","properties":{"id":"osm:node:3544661595","name":"和旅瓏旅館","category":"hotel","address":"108台北市萬華區西寧南路105號"},"geometry":{"type":"Point","coordinates":[121.506794,25.045091]}},{"type":"Feature","properties":{"id":"osm:node:3544693794","name":"西門旅館","category":"hotel","wheelchair":"no"},"geometry":{"type":"Point","coordinates":[121.508838,25.04556]}},{"type":"Feature","properties":{"id":"osm:node:3544694193","name":"儷夏精品旅店","category":"hotel","wheelchair":"yes"},"geometry":{"type":"Point","coordinates":[121.506659,25.04592]}},{"type":"Feature","properties":{"id":"osm:node:3550932809","name":"思泊客","category":"hotel","nameEn":"SPARKLE Hotel","address":"11049臺北市信義區信義路五段16號","phone":"+886-2-27588881","website":"http://sparklehotle.com.tw"},"geometry":{"type":"Point","coordinates":[121.563314,25.032544]}},{"type":"Feature","properties":{"id":"osm:node:3550932810","name":"豪麗旺商務旅館","category":"hotel","nameEn":"HolyPro Boutique Hotel","address":"台北市信義區基隆路二段15之2號","phone":"+886-2-2345-3511","website":"http://www.holypro-hotel.com/"},"geometry":{"type":"Point","coordinates":[121.559507,25.032181]}},{"type":"Feature","properties":{"id":"osm:node:3561044205","name":"品格子旅店","category":"hotel","nameEn":"Inn Cube","address":"10041臺北市中正區公園路13號10樓","phone":"+886 2 2311 4511","website":"https://www.inncube.com.tw/"},"geometry":{"type":"Point","coordinates":[121.517422,25.045609]}},{"type":"Feature","properties":{"id":"osm:node:3561052999","name":"窩旅館","category":"hotel","nameEn":"Work Inn","address":"10041臺北市中正區公園路13號9樓","phone":"+886 2 8978 2345","website":"https://www.workinn.com.tw/"},"geometry":{"type":"Point","coordinates":[121.517413,25.045574]}},{"type":"Feature","properties":{"id":"osm:node:3581160293","name":"和逸-忠孝館","category":"hotel","nameEn":"Hotel Cozzi Zhongxiao Taipei","address":"100台北市忠孝東路一段31號","phone":"+886-2-7725-3399","website":"https://hotelcozzi.com/zh-tw/about/traffic/zhongxiao"},"geometry":{"type":"Point","coordinates":[121.525295,25.04462]}},{"type":"Feature","properties":{"id":"osm:node:3626353993","name":"德立莊","category":"hotel","nameEn":"Hotel Papa Whale","wheelchair":"yes"},"geometry":{"type":"Point","coordinates":[121.505684,25.046683]}},{"type":"Feature","properties":{"id":"osm:node:3633921320","name":"香城商旅","category":"hotel"},"geometry":{"type":"Point","coordinates":[121.555249,25.033357]}},{"type":"Feature","properties":{"id":"osm:node:3707479470","name":"台北青年國際旅館","category":"hotel","nameEn":"Y Hotel Taipei","address":"10047臺北市中正區許昌街19號","phone":"+886 2 2311 3201","website":"http://www.yhotel.com.tw/"},"geometry":{"type":"Point","coordinates":[121.516509,25.045647]}},{"type":"Feature","properties":{"id":"osm:node:3710078778","name":"日暉商務旅館","category":"hotel","address":"新北市中和區景平路381號1樓"},"geometry":{"type":"Point","coordinates":[121.503898,24.993367]}},{"type":"Feature","properties":{"id":"osm:node:3752985284","name":"新榮大旅社","category":"hotel","wheelchair":"no"},"geometry":{"type":"Point","coordinates":[121.526313,25.088223]}},{"type":"Feature","properties":{"id":"osm:node:3823837090","name":"立瀚會館","category":"hotel","address":"台北市萬華區大埔街9號","phone":"+886 2 2302 1222","website":"https://www.lihanhotel.com.tw/"},"geometry":{"type":"Point","coordinates":[121.504272,25.03259]}},{"type":"Feature","properties":{"id":"osm:node:3863568265","name":"寶格利時尚旅館","category":"hotel","nameEn":"Burgary Hotel","address":"108台北市萬華區中華路一段168號","wheelchair":"limited"},"geometry":{"type":"Point","coordinates":[121.507609,25.041165]}},{"type":"Feature","properties":{"id":"osm:node:3863568266","name":"桔子商旅-台北西門店","category":"hotel","nameEn":"Orange Hotel Ximen","address":"108台北市萬華區中華路一段166號","website":"https://orangehotels.com.tw","wheelchair":"limited"},"geometry":{"type":"Point","coordinates":[121.507637,25.041285]}},{"type":"Feature","properties":{"id":"osm:node:3867437820","name":"黎明Hotel","category":"hotel","address":"新北市新店區北新路三段51之1號4樓","phone":"+886-2 - 29119188"},"geometry":{"type":"Point","coordinates":[121.541451,24.980939]}},{"type":"Feature","properties":{"id":"osm:node:3881407475","name":"南陽街壹號旅店","category":"hotel","nameEn":"NYS Loft Hotel","address":"100臺北市中正區南陽街1號四樓"},"geometry":{"type":"Point","coordinates":[121.516325,25.045803]}},{"type":"Feature","properties":{"id":"osm:node:3881851463","name":"洛碁大飯店中華館","category":"hotel","nameEn":"Green World Zhonghua","brand":"洛碁大飯店","address":"100005臺北市中正區中華路一段41號2樓、3樓、10樓至14樓","phone":"+886 2 2370 5158","website":"https://zhonghua.greenworldhotels.com/","wheelchair":"yes"},"geometry":{"type":"Point","coordinates":[121.509488,25.044765]}},{"type":"Feature","properties":{"id":"osm:node:3881851950","name":"捷絲旅台北西門館","category":"hotel","nameEn":"Just Sleep Taipei Ximending","opening_hours":"24/7","address":"100005臺北市中正區中華路一段41號5-9樓","phone":"+886 2 2370 9000","website":"https://www.justsleephotels.com/ximending/"},"geometry":{"type":"Point","coordinates":[121.509627,25.045042]}},{"type":"Feature","properties":{"id":"osm:node:3938949101","name":"修齊會館","category":"hotel","wheelchair":"yes"},"geometry":{"type":"Point","coordinates":[121.530069,25.013992]}},{"type":"Feature","properties":{"id":"osm:node:3939158032","name":"新仕旗店","category":"hotel","address":"104台北市中山區民生西路8號"},"geometry":{"type":"Point","coordinates":[121.522286,25.057702]}},{"type":"Feature","properties":{"id":"osm:node:3939158492","name":"萬事達旅店","category":"hotel","nameEn":"Wonstar Hotel","address":"台北市信義區松山路153號2F","phone":"+886 2 2763 6660","website":"https://songshan.wonstar.com.tw/"},"geometry":{"type":"Point","coordinates":[121.577992,25.046423]}},{"type":"Feature","properties":{"id":"osm:node:4018208920","name":"承攜行旅台北重慶館","category":"hotel","address":"103007臺北市大同區重慶北路一段62號1、4至10樓","phone":"+886 2 2555 1122","website":"https://guidehotel.com.tw/"},"geometry":{"type":"Point","coordinates":[121.513813,25.052119]}},{"type":"Feature","properties":{"id":"osm:node:4018210028","name":"新逸旅店","category":"hotel"},"geometry":{"type":"Point","coordinates":[121.516646,25.051119]}},{"type":"Feature","properties":{"id":"osm:node:4032500061","name":"台北日記旅店","category":"hotel","nameEn":"Diary of Taipei Hotel","address":"10044臺北市中正區開封街一段33號","phone":"+886 2 2388 5828","website":"http://www.diaryoftaipei-mainstation.com/","wheelchair":"limited"},"geometry":{"type":"Point","coordinates":[121.512997,25.046085]}},{"type":"Feature","properties":{"id":"osm:node:4033374015","name":"君迪商旅","category":"hotel"},"geometry":{"type":"Point","coordinates":[121.485012,24.994087]}},{"type":"Feature","properties":{"id":"osm:node:4085141436","name":"甜蜜蜜旅館","category":"hotel","address":"220新北市板橋區南雅南路二段28號"},"geometry":{"type":"Point","coordinates":[121.454173,25.003133]}},{"type":"Feature","properties":{"id":"osm:node:4109416991","name":"香榭峇里Hotel","category":"hotel","address":"台北市忠孝東路三段305號7樓"},"geometry":{"type":"Point","coordinates":[121.543454,25.041921]}},{"type":"Feature","properties":{"id":"osm:node:4118442368","name":"享住旅店","category":"hotel","nameEn":"Just Live Inn","address":"10046臺北市中正區漢口街一段4號","phone":"+886 2 2371 3151","website":"http://www.miyihotel.com.tw/","wheelchair":"no"},"geometry":{"type":"Point","coordinates":[121.514733,25.045072]}},{"type":"Feature","properties":{"id":"osm:node:4123034910","name":"旅樂序旅館 站前一館","category":"hotel","nameEn":"Hotel Relax 1","address":"10047台北市中正區館前路8號十一樓","phone":"+886-2-23832727","website":"https://www.hotelrelaxclub.com/"},"geometry":{"type":"Point","coordinates":[121.514624,25.04584]}},{"type":"Feature","properties":{"id":"osm:node:4127807976","name":"台北六福萬怡","category":"hotel","nameEn":"Courtyard Taipei","brand":"Courtyard","address":"115011台北市南港區忠孝東路七段359號","phone":"+886-2-2171-6565","website":"https://www.marriott.com/hotels/travel/tpecy-courtyard-taipei/","wheelchair":"yes","stars":"5"},"geometry":{"type":"Point","coordinates":[121.605829,25.052754]}},{"type":"Feature","properties":{"id":"osm:node:4149477983","name":"宮賓旅舍","category":"hotel"},"geometry":{"type":"Point","coordinates":[121.457229,25.006748]}},{"type":"Feature","properties":{"id":"osm:node:4149477984","name":"悅喜商務飯店","category":"hotel"},"geometry":{"type":"Point","coordinates":[121.45798,25.0085]}},{"type":"Feature","properties":{"id":"osm:node:4149477985","name":"新都旅店","category":"hotel","address":"220新北市板橋區南雅南路一段103號"},"geometry":{"type":"Point","coordinates":[121.455472,25.005086]}},{"type":"Feature","properties":{"id":"osm:node:4149477987","name":"欣芳旅店","category":"hotel"},"geometry":{"type":"Point","coordinates":[121.456679,25.007043]}},{"type":"Feature","properties":{"id":"osm:node:4149477988","name":"百麗旅店","category":"hotel"},"geometry":{"type":"Point","coordinates":[121.457583,25.008535]}},{"type":"Feature","properties":{"id":"osm:node:4149484090","name":"藝宿商旅","category":"hotel"},"geometry":{"type":"Point","coordinates":[121.458057,25.009275]}},{"type":"Feature","properties":{"id":"osm:node:4149484093","name":"馥麗商旅","category":"hotel"},"geometry":{"type":"Point","coordinates":[121.458063,25.007827]}},{"type":"Feature","properties":{"id":"osm:node:4149484094","name":"馥麗商旅二館","category":"hotel","nameEn":"Forward Suites II"},"geometry":{"type":"Point","coordinates":[121.457825,25.009187]}},{"type":"Feature","properties":{"id":"osm:node:4150685013","name":"InPage Hotel","category":"hotel","address":"100臺北市中正區重慶南路一段37號","phone":"+886-2-23825565","wheelchair":"yes"},"geometry":{"type":"Point","coordinates":[121.513381,25.045294]}},{"type":"Feature","properties":{"id":"osm:node:4152383789","name":"四四小公寓","category":"hotel"},"geometry":{"type":"Point","coordinates":[121.549534,25.03346]}},{"type":"Feature","properties":{"id":"osm:node:4154656590","name":"蜂巢 Bee House","category":"hotel","address":"臺北市大同區太原路55, 57號","phone":"+886 2 2559 9000","website":"https://www.b-house.com.tw/"},"geometry":{"type":"Point","coordinates":[121.515514,25.051047]}},{"type":"Feature","properties":{"id":"osm:node:4205230083","name":"首都大飯店大直館","category":"hotel","address":"104台北市中山區植福路288號"},"geometry":{"type":"Point","coordinates":[121.560938,25.081323]}},{"type":"Feature","properties":{"id":"osm:node:4235272603","name":"天使商旅","category":"hotel","address":"105台北市松山區基隆路一段8號十七樓","phone":"+886 2 6617 6660","website":"http://www.angelhotel.com.tw"},"geometry":{"type":"Point","coordinates":[121.569904,25.050753]}},{"type":"Feature","properties":{"id":"osm:node:4235796401","name":"永安棧","category":"hotel","nameEn":"WESTGATE Hotel","address":"108臺北市萬華區中華路一段150號","website":"https://www.westgatehotel.com.tw/","wheelchair":"yes"},"geometry":{"type":"Point","coordinates":[121.508063,25.042887]}},{"type":"Feature","properties":{"id":"osm:node:4236764836","name":"191寧夏旅店","category":"hotel","address":"10356臺北市大同區寧夏路11號"},"geometry":{"type":"Point","coordinates":[121.515032,25.054658]}},{"type":"Feature","properties":{"id":"osm:node:4241731433","name":"迪樂商旅","category":"hotel","nameEn":"The Dealer Hotel","address":"103臺北市大同區延平北路一段121號","phone":"+886 2 2555 1130","website":"http://dealerhotel.com.tw/","wheelchair":"no"},"geometry":{"type":"Point","coordinates":[121.511924,25.05284]}},{"type":"Feature","properties":{"id":"osm:node:4242363292","name":"高絲旅時尚旅館漢口館","category":"hotel","nameEn":"Go Sleep HanKou","address":"台北市萬華區漢口街二段54號1樓","phone":"+886 2 2361 3350","website":"http://www.gosleep-hotel.com/hankou.php","wheelchair":"no"},"geometry":{"type":"Point","coordinates":[121.506045,25.045689]}},{"type":"Feature","properties":{"id":"osm:node:4245894189","name":"CLICK Hotel","category":"hotel","wheelchair":"no"},"geometry":{"type":"Point","coordinates":[121.506038,25.044052]}},{"type":"Feature","properties":{"id":"osm:node:4246829937","name":"CLICK Hotel","category":"hotel","wheelchair":"yes"},"geometry":{"type":"Point","coordinates":[121.506351,25.045587]}},{"type":"Feature","properties":{"id":"osm:node:4257932091","name":"柯達大飯店永和店","category":"hotel","nameEn":"K Hotel YungHo","address":"23445新北市永和區永和路一段103號","phone":"+886 2 2923 9999","website":"http://yungho.khotel.com.tw/index.aspx"},"geometry":{"type":"Point","coordinates":[121.513692,25.007766]}},{"type":"Feature","properties":{"id":"osm:node:4258167531","name":"焿子坪溫泉會館 (休業)","category":"hotel"},"geometry":{"type":"Point","coordinates":[121.617096,25.187842]}},{"type":"Feature","properties":{"id":"osm:node:4259936190","name":"長富時尚旅店","category":"hotel","nameEn":"Homey House","address":"104臺北市中山區長春路56號","phone":"+886 2 2542 0101","website":"http://www.homeyhouse.com.tw/"},"geometry":{"type":"Point","coordinates":[121.52602,25.054773]}},{"type":"Feature","properties":{"id":"osm:node:4260027890","name":"黑熊好眠站膠囊旅館","category":"hotel","nameEn":"Hey Bear Capsule Hotel","opening_hours":"24/7","address":"24147新北市三重區重新路二段1號八樓","phone":"+886 2 8988 0000","website":"http://heybear-hotel.com/"},"geometry":{"type":"Point","coordinates":[121.499688,25.063126]}},{"type":"Feature","properties":{"id":"osm:node:4298897593","name":"路境行旅","category":"hotel","nameEn":"Finders Hotel","brand":"Finders Hotel","address":"10045臺北市中正區重慶南路一段86號","website":"https://www.findershotel.com/index_E.php","wheelchair":"yes"},"geometry":{"type":"Point","coordinates":[121.513047,25.043155]}},{"type":"Feature","properties":{"id":"osm:node:4298897596","name":"培美Hotel","category":"hotel","nameEn":"HOTEL B7","address":"100臺北市中正區重慶南路一段94號","wheelchair":"yes"},"geometry":{"type":"Point","coordinates":[121.51296,25.042872]}},{"type":"Feature","properties":{"id":"osm:node:4298897601","name":"Via Hotel Station 丰居旅店北車館","category":"hotel","nameEn":"Via Hotel Taipei Station","address":"100003台北市中正區重慶南路一段60號","phone":"+886 2 2314-2121","website":"http://www.via-hotel.com.tw/taipei-station","wheelchair":"yes","stars":"3"},"geometry":{"type":"Point","coordinates":[121.513113,25.043814]}},{"type":"Feature","properties":{"id":"osm:node:4298897603","name":"享樂文旅","category":"hotel","nameEn":"Hedo Hotel","wheelchair":"yes"},"geometry":{"type":"Point","coordinates":[121.512809,25.046109]}},{"type":"Feature","properties":{"id":"osm:node:4298897646","name":"101艾美琪hotel","category":"hotel"},"geometry":{"type":"Point","coordinates":[121.542879,25.043386]}},{"type":"Feature","properties":{"id":"osm:node:4307626647","name":"趣旅館","category":"hotel","nameEn":"Hotel Fun","brand":"趣旅館","address":"104013臺北市中山區林森北路487號一樓","phone":"+886 2 2511 5511","website":"https://www.hotelfuntw.com","wheelchair":"yes"},"geometry":{"type":"Point","coordinates":[121.527002,25.061331]}},{"type":"Feature","properties":{"id":"osm:node:4316596021","name":"台北日記旅館 中華二館","category":"hotel","nameEn":"Diary of Taipei Hotel, China 2","address":"108臺北市萬華區中華路一段90號三樓","phone":"+886 2 2311 2996","website":"http://www.taipeidiary-hotel.com/taipei2.php","wheelchair":"yes"},"geometry":{"type":"Point","coordinates":[121.508415,25.044686]}},{"type":"Feature","properties":{"id":"osm:node:4316596069","name":"儷夏商旅 中華館","category":"hotel","nameEn":"Muzik Hotel Ximen Station Branch","opening_hours":"24/7","address":"108臺北市萬華區中華路一段90號六樓","wheelchair":"yes"},"geometry":{"type":"Point","coordinates":[121.508434,25.044768]}},{"type":"Feature","properties":{"id":"osm:node:4325606042","name":"虹都快捷Hotel","category":"hotel","address":"新北市三重區龍門路1號10至12樓及10樓之1至12樓之1","phone":"+886 2 2987 0660","website":"http://www.hondow.com/"},"geometry":{"type":"Point","coordinates":[121.494755,25.070964]}},{"type":"Feature","properties":{"id":"osm:node:4329768669","name":"六福居","category":"hotel","nameEn":"Leofoo Residences","address":"臺北市中山區南京東路一段38號","phone":"+886 2 7701 0165","website":"https://www.leofooresidences.com.tw/"},"geometry":{"type":"Point","coordinates":[121.524168,25.051959]}},{"type":"Feature","properties":{"id":"osm:node:4335016699","name":"天晴HOTEL","category":"hotel","address":"100臺北市中正區懷寧街92-2號","wheelchair":"yes"},"geometry":{"type":"Point","coordinates":[121.513965,25.042616]}},{"type":"Feature","properties":{"id":"osm:node:4344542412","name":"天閣酒店","category":"hotel","nameEn":"The Tango Taipei ChangAn","brand":"The Tango","address":"104004臺北市中山區林森北路80號"},"geometry":{"type":"Point","coordinates":[121.52457,25.049733]}},{"type":"Feature","properties":{"id":"osm:node:4344543596","name":"芝加哥Hotel","category":"hotel"},"geometry":{"type":"Point","coordinates":[121.526428,25.05054]}},{"type":"Feature","properties":{"id":"osm:node:4344543611","name":"4 Plus斯格加旅店","category":"hotel"},"geometry":{"type":"Point","coordinates":[121.524498,25.049479]}},{"type":"Feature","properties":{"id":"osm:node:4358892192","name":"馬槽花藝村","category":"hotel"},"geometry":{"type":"Point","coordinates":[121.569203,25.188944]}},{"type":"Feature","properties":{"id":"osm:node:4380057593","name":"明日大飯店","category":"hotel","nameEn":"Tomorrow Hotel","address":"108台北市萬華區成都路21;23號七樓","phone":"+886-22375-5229","wheelchair":"limited"},"geometry":{"type":"Point","coordinates":[121.507014,25.04264]}},{"type":"Feature","properties":{"id":"osm:node:4384259013","name":"東鑫商務旅館","category":"hotel","nameEn":"Eastern Star Hotel","address":"臺北市大安區忠孝東路四段209號11樓,11樓-1,-2,211號11樓,11樓-1","phone":"+886 2 8773 6638"},"geometry":{"type":"Point","coordinates":[121.552063,25.041659]}},{"type":"Feature","properties":{"id":"osm:node:4405771749","name":"伸適商旅","category":"hotel","nameEn":"Hotel Sense","address":"10451台北市中山區林森北路477號","phone":"+886-2-7743-1000","wheelchair":"yes"},"geometry":{"type":"Point","coordinates":[121.525753,25.061038]}},{"type":"Feature","properties":{"id":"osm:node:4411493480","name":"日暉酒店","category":"hotel","nameEn":"Mezi Hotel","address":"10046台北市中正區襄陽路4號","phone":"+886-2-66176666","website":"https://www.mezi.com.tw/","wheelchair":"no"},"geometry":{"type":"Point","coordinates":[121.513905,25.043297]}},{"type":"Feature","properties":{"id":"osm:node:4421420354","name":"富裕自由商旅忠孝館","category":"hotel","nameEn":"RF Hotel","address":"106臺北市大安區忠孝東路四段235號三樓","phone":"+886-2-2741-3147","website":"https://www.hotelrf.com/"},"geometry":{"type":"Point","coordinates":[121.5538,25.04184]}},{"type":"Feature","properties":{"id":"osm:node:4432818424","name":"蘋果Hotel","category":"hotel"},"geometry":{"type":"Point","coordinates":[121.506186,25.006337]}},{"type":"Feature","properties":{"id":"osm:node:4436151958","name":"三重大旅社","category":"hotel","address":"新北市三重區正義北路291號2至4樓","phone":"+886 2 2983 2588"},"geometry":{"type":"Point","coordinates":[121.495075,25.070701]}},{"type":"Feature","properties":{"id":"osm:node:4436175212","name":"沃客商旅-正義館","category":"hotel","address":"新北市三重區正義南路55號5樓,5樓-1,5樓-2,6樓,6樓-1至-8","phone":"+886 2 2970 6005"},"geometry":{"type":"Point","coordinates":[121.498094,25.060401]}},{"type":"Feature","properties":{"id":"osm:node:4452031690","name":"丰居旅店","category":"hotel","nameEn":"Via Hotel","address":"台北市大安區復興南路一段126巷1號3樓"},"geometry":{"type":"Point","coordinates":[121.542902,25.043475]}},{"type":"Feature","properties":{"id":"osm:node:4483303089","name":"天倫大旅社","category":"hotel"},"geometry":{"type":"Point","coordinates":[121.52524,25.089008]}},{"type":"Feature","properties":{"id":"osm:node:4524863755","name":"享樂文旅","category":"hotel","nameEn":"hedo","wheelchair":"yes"},"geometry":{"type":"Point","coordinates":[121.502589,25.043991]}},{"type":"Feature","properties":{"id":"osm:node:4524863831","name":"天闊酒店","category":"hotel","nameEn":"Tango Taipei FuHsing","address":"105台北市松山區復興北路147號"},"geometry":{"type":"Point","coordinates":[121.544315,25.0537]}},{"type":"Feature","properties":{"id":"osm:node:4524864046","name":"谷墨商旅","category":"hotel"},"geometry":{"type":"Point","coordinates":[121.530913,25.026616]}},{"type":"Feature","properties":{"id":"osm:node:4524864129","name":"千慧旅館","category":"hotel","nameEn":"Chian Huei Business Hotel","address":"臺北市大同區南京西路22號7樓","phone":"+886 2 2555 2451"},"geometry":{"type":"Point","coordinates":[121.519931,25.052472]}},{"type":"Feature","properties":{"id":"osm:node:4524864143","name":"啟文飯店","category":"hotel","nameEn":"Hotel Kevin","wheelchair":"no"},"geometry":{"type":"Point","coordinates":[121.510388,25.057119]}},{"type":"Feature","properties":{"id":"osm:node:4524864490","name":"Tango INN","category":"hotel","nameEn":"Tango Inn Taipei Ximen","website":"http://xm.tangoinn.com.tw/","wheelchair":"limited"},"geometry":{"type":"Point","coordinates":[121.504506,25.044645]}},{"type":"Feature","properties":{"id":"osm:node:4538275040","name":"中信旅店","category":"hotel","address":"新北市永和區竹林路41號7至9樓"},"geometry":{"type":"Point","coordinates":[121.518,25.014151]}},{"type":"Feature","properties":{"id":"osm:node:4596733575","name":"C U Hotel","category":"hotel","address":"104台北市大同區民生西路198號"},"geometry":{"type":"Point","coordinates":[121.516448,25.05698]}},{"type":"Feature","properties":{"id":"osm:node:4756017486","name":"康寧生活會館","category":"hotel","address":"114台北市內湖區成功路五段420巷28號"},"geometry":{"type":"Point","coordinates":[121.608794,25.075595]}},{"type":"Feature","properties":{"id":"osm:node:4819304922","name":"慶爾喜旅館","category":"hotel","nameEn":"Cheers Hotel","phone":"+886 2 2371 2980","website":"http://www.cheers-hotel.com/","wheelchair":"no"},"geometry":{"type":"Point","coordinates":[121.504884,25.045699]}},{"type":"Feature","properties":{"id":"osm:node:4837986364","name":"豪麗飯店","category":"hotel","address":"106臺北市大安區大安路一段81之1號"},"geometry":{"type":"Point","coordinates":[121.546301,25.041089]}},{"type":"Feature","properties":{"id":"osm:node:4837986383","name":"百花商務飯店","category":"hotel"},"geometry":{"type":"Point","coordinates":[121.524811,25.038579]}},{"type":"Feature","properties":{"id":"osm:node:4837986522","name":"福華旅邸","category":"hotel"},"geometry":{"type":"Point","coordinates":[121.545176,25.054724]}},{"type":"Feature","properties":{"id":"osm:node:4838086696","name":"昌吉一號記憶旅店","category":"hotel","address":"104台北市大同區昌吉街1號"},"geometry":{"type":"Point","coordinates":[121.517903,25.066033]}},{"type":"Feature","properties":{"id":"osm:node:4838087629","name":"ART' OTEL","category":"hotel","wheelchair":"limited"},"geometry":{"type":"Point","coordinates":[121.503497,25.045331]}},{"type":"Feature","properties":{"id":"osm:node:4838087636","name":"Millia Hotel","category":"hotel","wheelchair":"limited"},"geometry":{"type":"Point","coordinates":[121.505836,25.043134]}},{"type":"Feature","properties":{"id":"osm:node:4838087694","name":"玩味旅舍","category":"hotel"},"geometry":{"type":"Point","coordinates":[121.516347,25.054941]}},{"type":"Feature","properties":{"id":"osm:node:4838087726","name":"大稻埕花園旅店","category":"hotel","nameEn":"D.G. Hotel","address":"103臺北市大同區南芳里12鄰迪化街一段334號","website":"https://www.dghotel.com.tw/"},"geometry":{"type":"Point","coordinates":[121.509096,25.062169]}},{"type":"Feature","properties":{"id":"osm:node:4838087761","name":"橋泰商務旅館","category":"hotel","nameEn":"Chotai hotel"},"geometry":{"type":"Point","coordinates":[121.510957,25.063432]}},{"type":"Feature","properties":{"id":"osm:node:4983984604","name":"丰居旅店","category":"hotel","nameEn":"Via Hotel Loft","address":"104臺北市中山區民生東路一段42號二樓","phone":"+886 2 2537-3111","stars":"3"},"geometry":{"type":"Point","coordinates":[121.52455,25.057824]}},{"type":"Feature","properties":{"id":"osm:node:4995882686","name":"凱達大飯店","category":"hotel","nameEn":"Caesar Metro Taipei","address":"106臺北市萬華區艋舺大道167號","wheelchair":"yes"},"geometry":{"type":"Point","coordinates":[121.499631,25.033306]}},{"type":"Feature","properties":{"id":"osm:node:5038755617","name":"MAIN INN","category":"hotel"},"geometry":{"type":"Point","coordinates":[121.514486,25.049598]}},{"type":"Feature","properties":{"id":"osm:node:5095512241","name":"文舺行旅","category":"hotel","nameEn":"Monka Hotel","address":"108015臺北市萬華區西園路一段139號1-4樓"},"geometry":{"type":"Point","coordinates":[121.499692,25.037571]}},{"type":"Feature","properties":{"id":"osm:node:5110245064","name":"方舟旅店","category":"hotel","nameEn":"Ark Hotel","address":"台北市中正區信義路二段255號","phone":"+886 2 2391 2600","website":"https://www.arkhotel.com.tw/"},"geometry":{"type":"Point","coordinates":[121.531476,25.033836]}},{"type":"Feature","properties":{"id":"osm:node:5110269773","name":"HOUZE HOSTEL","category":"hotel","wheelchair":"yes"},"geometry":{"type":"Point","coordinates":[121.534318,25.052381]}},{"type":"Feature","properties":{"id":"osm:node:5110348541","name":"松山意舍酒店","category":"hotel","nameEn":"amba Taipei Songshan","address":"115臺北市南港區市民大道七段8號","phone":"+886 2 2653 2828","website":"https://www.amba-hotels.com/tc/songshan/","wheelchair":"yes"},"geometry":{"type":"Point","coordinates":[121.58051,25.049302]}},{"type":"Feature","properties":{"id":"osm:node:5110348558","name":"東旅","category":"hotel","nameEn":"Hotel East"},"geometry":{"type":"Point","coordinates":[121.56031,25.051723]}},{"type":"Feature","properties":{"id":"osm:node:5110348575","name":"一等好旅店","category":"hotel"},"geometry":{"type":"Point","coordinates":[121.574015,25.049575]}},{"type":"Feature","properties":{"id":"osm:node:5110349517","name":"仲信大湖商旅","category":"hotel","address":"臺北市內湖區成功路四段351、353號1至4樓","phone":"+886 2 2793 2122","website":"http://dahu.hotel123.com.tw","wheelchair":"yes"},"geometry":{"type":"Point","coordinates":[121.599846,25.084463]}},{"type":"Feature","properties":{"id":"osm:node:5110489273","name":"新世界飯店","category":"hotel","wheelchair":"yes"},"geometry":{"type":"Point","coordinates":[121.504542,25.040985]}},{"type":"Feature","properties":{"id":"osm:node:5110489276","name":"玫瑰精品會館","category":"hotel"},"geometry":{"type":"Point","coordinates":[121.520726,25.049055]}},{"type":"Feature","properties":{"id":"osm:node:5110489281","name":"迎賓旅社","category":"hotel","address":"臺北市大同區太原路23巷11號2-3樓","phone":"+886 2 2559 9170"},"geometry":{"type":"Point","coordinates":[121.5156,25.050513]}},{"type":"Feature","properties":{"id":"osm:node:5110489284","name":"獅城大飯店","category":"hotel","address":"臺北市大同區華陰街179號3-5樓","phone":"+886 2 2555 1229"},"geometry":{"type":"Point","coordinates":[121.515582,25.050325]}},{"type":"Feature","properties":{"id":"osm:node:5110489286","name":"Dog Hole Hotel","category":"hotel","address":"104台北市大同區華陰街73號"},"geometry":{"type":"Point","coordinates":[121.517913,25.04974]}},{"type":"Feature","properties":{"id":"osm:node:5110489299","name":"千彩格精品旅店","category":"hotel","address":"104臺北市中山區中山里2鄰林森北路286號2至3樓​"},"geometry":{"type":"Point","coordinates":[121.525216,25.055661]}},{"type":"Feature","properties":{"id":"osm:node:5110489315","name":"LV精緻旅店","category":"hotel"},"geometry":{"type":"Point","coordinates":[121.526161,25.059784]}},{"type":"Feature","properties":{"id":"osm:node:5110489317","name":"錦棧旅","category":"hotel","nameEn":"Gold Inn","address":"104臺北市中山區林森北路413號二樓","phone":"+886 2 7701 2121","website":"http://www.gold-inn.com.tw/"},"geometry":{"type":"Point","coordinates":[121.525761,25.059867]}},{"type":"Feature","properties":{"id":"osm:node:5110489745","name":"緒遠旅館","category":"hotel"},"geometry":{"type":"Point","coordinates":[121.524164,25.06019]}},{"type":"Feature","properties":{"id":"osm:node:5110489747","name":"珍美Hotel","category":"hotel","address":"104台北市中山區錦州街10號"},"geometry":{"type":"Point","coordinates":[121.523883,25.060202]}},{"type":"Feature","properties":{"id":"osm:node:5110489768","name":"君臨Hotel","category":"hotel","address":"111台北市士林區文林路488號","wheelchair":"no"},"geometry":{"type":"Point","coordinates":[121.524436,25.096423]}},{"type":"Feature","properties":{"id":"osm:node:5110489809","name":"米尼青年旅店","category":"hotel"},"geometry":{"type":"Point","coordinates":[121.518941,25.046161]}},{"type":"Feature","properties":{"id":"osm:node:5110490221","name":"藝宿文旅","category":"hotel","nameEn":"ArtInn","address":"108台北市萬華區漢口街二段83巷10號","wheelchair":"yes"},"geometry":{"type":"Point","coordinates":[121.505243,25.04708]}},{"type":"Feature","properties":{"id":"osm:node:5110490225","name":"欣欣時尚旅館","category":"hotel"},"geometry":{"type":"Point","coordinates":[121.505838,25.047028]}},{"type":"Feature","properties":{"id":"osm:node:5110490226","name":"一加一旅館","category":"hotel"},"geometry":{"type":"Point","coordinates":[121.505784,25.047064]}},{"type":"Feature","properties":{"id":"osm:node:5110490227","name":"宓琪旅館","category":"hotel"},"geometry":{"type":"Point","coordinates":[121.505806,25.046966]}},{"type":"Feature","properties":{"id":"osm:node:5110490244","name":"皇家玫瑰旅館","category":"hotel","address":"108台北市萬華區西寧南路63之3號","phone":"+886 2 2381 9333","wheelchair":"yes"},"geometry":{"type":"Point","coordinates":[121.507108,25.046384]}},{"type":"Feature","properties":{"id":"osm:node:5110490247","name":"U HOTEL","category":"hotel"},"geometry":{"type":"Point","coordinates":[121.50711,25.04628]}},{"type":"Feature","properties":{"id":"osm:node:5110490248","name":"西門邑居","category":"hotel"},"geometry":{"type":"Point","coordinates":[121.506994,25.045918]}},{"type":"Feature","properties":{"id":"osm:node:5110490249","name":"旅居文旅","category":"hotel","wheelchair":"no"},"geometry":{"type":"Point","coordinates":[121.507078,25.046216]}},{"type":"Feature","properties":{"id":"osm:node:5110490270","name":"麗雅精品旅館","category":"hotel","nameEn":"Dear Hotel","address":"104臺北市中山區長春路62號八樓"},"geometry":{"type":"Point","coordinates":[121.526209,25.054781]}},{"type":"Feature","properties":{"id":"osm:node:5110491025","name":"柯達大飯店","category":"hotel","address":"臺北市中山區中山北路二段11巷1號","phone":"+886 2 25422222","website":"http://taipei1.khotels.com.tw/zh-TW/"},"geometry":{"type":"Point","coordinates":[121.523184,25.052814]}},{"type":"Feature","properties":{"id":"osm:node:5302777542","name":"北門窩泊旅","category":"hotel","nameEn":"Beimen WOW Poshtel","address":"103台北市大同區太原路92巷2-1號","phone":"+886 2 2552 5068","website":"http://wowposhtel.com"},"geometry":{"type":"Point","coordinates":[121.515504,25.052248]}},{"type":"Feature","properties":{"id":"osm:node:5310769993","name":"台糖台北會館","category":"hotel","nameEn":"Taisugar Hotel Taipei","address":"100413臺北市中正區中華路一段39號3至5樓","phone":"+886 2 2388 5522","website":"https://www.taisugar.com.tw/resting/taipeihotel/","wheelchair":"yes"},"geometry":{"type":"Point","coordinates":[121.509794,25.045471]}},{"type":"Feature","properties":{"id":"osm:node:5313864468","name":"城市商旅","category":"hotel"},"geometry":{"type":"Point","coordinates":[121.570108,25.051521]}},{"type":"Feature","properties":{"id":"osm:node:5314324318","name":"富景商旅","category":"hotel"},"geometry":{"type":"Point","coordinates":[121.569812,25.050613]}},{"type":"Feature","properties":{"id":"osm:node:5346792179","name":"阿樹國際旅店","category":"hotel","nameEn":"arTree hotel","address":"10559臺北市松山區八德路三段76號4~14樓","phone":"+886 2 2578-7728","website":"https://artreehotel.com.tw/","stars":"3"},"geometry":{"type":"Point","coordinates":[121.552761,25.047914]}},{"type":"Feature","properties":{"id":"osm:node:5351899071","name":"maple'Smile","category":"hotel","address":"111臺北市士林區菁山路131巷18-1號","phone":"+886 2 8622145","website":"https://www.2ftv.com.tw/","wheelchair":"yes"},"geometry":{"type":"Point","coordinates":[121.568389,25.144719]}},{"type":"Feature","properties":{"id":"osm:node:5468442322","name":"S&J 氧氣台北台大公館國際酒店式公寓","category":"hotel","nameEn":"S&J Oxygen Taipei NTU Gongguan Service Apartment","opening_hours":"24/7","address":"10090臺北市中正區羅斯福路三段316巷3號","phone":"+886 968 780 501"},"geometry":{"type":"Point","coordinates":[121.532246,25.015812]}},{"type":"Feature","properties":{"id":"osm:node:5495149522","name":"吉泰旅店","category":"hotel","nameEn":"Greatt","address":"111臺北市士林區大東路85號","wheelchair":"no"},"geometry":{"type":"Point","coordinates":[121.52562,25.090954]}},{"type":"Feature","properties":{"id":"osm:node:5551907224","name":"你好咖啡旅館","category":"hotel","nameEn":"NIHAO CAFE & HOTEL","address":"106臺北市大安區信義路三段147巷5弄4號","wheelchair":"no"},"geometry":{"type":"Point","coordinates":[121.542299,25.033851]}},{"type":"Feature","properties":{"id":"osm:node:5568220048","name":"尚印旅店","category":"hotel","nameEn":"Stay Inn Hotel","address":"10446臺北市中山區中山北路二段71號八樓","phone":"+886 2 2568 2270"},"geometry":{"type":"Point","coordinates":[121.523213,25.057395]}},{"type":"Feature","properties":{"id":"osm:node:5568220049","name":"中山莉豪商務旅店","category":"hotel","nameEn":"Li Hao Hotel","address":"10446臺北市中山區中山北路二段71號十樓","phone":"+886 2 937 421 908"},"geometry":{"type":"Point","coordinates":[121.523208,25.05727]}},{"type":"Feature","properties":{"id":"osm:node:5599663425","name":"峻美精品旅店","category":"hotel","nameEn":"Taipei Hotel Bnight","address":"104臺北市中山區長春路62號六樓","phone":"+886 2 2531 2338"},"geometry":{"type":"Point","coordinates":[121.526336,25.054781]}},{"type":"Feature","properties":{"id":"osm:node:5661164135","name":"Grace Hotel 葛瑞絲商旅","category":"hotel","nameEn":"Grace Hotel","brand":"Grace Hotel 葛瑞絲商旅","address":"23557新北市中和區中山路二段238號五樓","phone":"+886 2 2248-3666","website":"https://www.gracehotel.com.tw"},"geometry":{"type":"Point","coordinates":[121.49886,25.002878]}},{"type":"Feature","properties":{"id":"osm:node:5833685992","name":"臺北大亞帝國","category":"hotel","nameEn":"Taipei H Imperial","address":"臺北市中正區忠孝西路一段50號11樓","phone":"+886 2 2361 5168"},"geometry":{"type":"Point","coordinates":[121.515827,25.046088]}},{"type":"Feature","properties":{"id":"osm:node:5839258670","name":"EFCA愛客発商務旅館西門2館","category":"hotel","wheelchair":"yes"},"geometry":{"type":"Point","coordinates":[121.50411,25.043315]}},{"type":"Feature","properties":{"id":"osm:node:5839491742","name":"台北商旅","category":"hotel"},"geometry":{"type":"Point","coordinates":[121.546242,25.038708]}},{"type":"Feature","properties":{"id":"osm:node:6050500241","name":"天倫旅社","category":"hotel","address":"111臺北市士林區小南街27號","wheelchair":"no"},"geometry":{"type":"Point","coordinates":[121.525353,25.088719]}},{"type":"Feature","properties":{"id":"osm:node:6111946997","name":"天雲旅棧台北基河","category":"hotel","address":"臺北市士林區基河路18號","phone":"+886 2 2885 6666","wheelchair":"yes"},"geometry":{"type":"Point","coordinates":[121.524239,25.082995]}},{"type":"Feature","properties":{"id":"osm:node:6137457604","name":"hotel QUOTE Taipei","category":"hotel"},"geometry":{"type":"Point","coordinates":[121.547412,25.051991]}},{"type":"Feature","properties":{"id":"osm:node:6158754865","name":"基泰酒店式公寓","category":"hotel","address":"110台北市信義區基隆路二段177號"},"geometry":{"type":"Point","coordinates":[121.553725,25.025093]}},{"type":"Feature","properties":{"id":"osm:node:6224730656","name":"詩漫精品旅館","category":"hotel","nameEn":"Smile Inn","address":"臺北市中正區館前路8號6樓","phone":"+886 2 2382 0111","website":"https://www.smileinn.com.tw/"},"geometry":{"type":"Point","coordinates":[121.514625,25.04576]}},{"type":"Feature","properties":{"id":"osm:node:6224730657","name":"雅璞文旅","category":"hotel","nameEn":"Apause Inn","address":"10047臺北市中正區館前路6號五樓"},"geometry":{"type":"Point","coordinates":[121.514724,25.045763]}},{"type":"Feature","properties":{"id":"osm:node:6344401707","name":"南港老爺行旅","category":"hotel","nameEn":"The Place Taipei","brand":"Hotel Royal Group","address":"115臺北市南港區經貿二路196號","wheelchair":"yes"},"geometry":{"type":"Point","coordinates":[121.614735,25.059881]}},{"type":"Feature","properties":{"id":"osm:node:6416162017","name":"The Loft - 沐舍時尚酒店","category":"hotel"},"geometry":{"type":"Point","coordinates":[121.48536,25.000284]}},{"type":"Feature","properties":{"id":"osm:node:6418121431","name":"久居棧旅店","category":"hotel","nameEn":"9ine hotel","wheelchair":"no","stars":"3"},"geometry":{"type":"Point","coordinates":[121.511607,25.062566]}},{"type":"Feature","properties":{"id":"osm:node:6433456337","name":"皇后旅店二館","category":"hotel","nameEn":"Queen Hotel II","address":"103008臺北市大同區南京西路163號4樓之2","phone":"+886 2 2555 5877","wheelchair":"no"},"geometry":{"type":"Point","coordinates":[121.513158,25.054116]}},{"type":"Feature","properties":{"id":"osm:node:6499715243","name":"Hoyumi Hotel","category":"hotel"},"geometry":{"type":"Point","coordinates":[121.523156,25.053117]}},{"type":"Feature","properties":{"id":"osm:node:6499848170","name":"Jian Shan","category":"hotel","wheelchair":"no"},"geometry":{"type":"Point","coordinates":[121.512227,25.05813]}},{"type":"Feature","properties":{"id":"osm:node:6579380116","name":"牡丹居","category":"hotel","nameEn":"MudanHouse","address":"104台北市大同區昌吉街196號"},"geometry":{"type":"Point","coordinates":[121.511693,25.065878]}},{"type":"Feature","properties":{"id":"osm:node:6682287324","name":"賓王大飯店","category":"hotel","nameEn":"King Plaze Hotel","address":"103008臺北市大同區南京西路163號3至4樓","phone":"+886 2 2555 5182","wheelchair":"no"},"geometry":{"type":"Point","coordinates":[121.513158,25.054105]}},{"type":"Feature","properties":{"id":"osm:node:6789300807","name":"台北碧瑤飯店","category":"hotel","nameEn":"Hotel B"},"geometry":{"type":"Point","coordinates":[121.544781,25.047903]}},{"type":"Feature","properties":{"id":"osm:node:6939523039","name":"夜光商旅","category":"hotel","address":"台北市萬華區內江街55巷11號"},"geometry":{"type":"Point","coordinates":[121.505345,25.042223]}},{"type":"Feature","properties":{"id":"osm:node:6939523040","name":"西門居易","category":"hotel","address":"台北市萬華區內江街55巷19-1號"},"geometry":{"type":"Point","coordinates":[121.505415,25.042531]}},{"type":"Feature","properties":{"id":"osm:node:6939523043","name":"長樂町旅店","category":"hotel","nameEn":"ColorMix Hotel & Hostel","address":"台北市萬華區內江街55巷22-1號"},"geometry":{"type":"Point","coordinates":[121.505219,25.042517]}},{"type":"Feature","properties":{"id":"osm:node:6939523044","name":"達福旅店","category":"hotel","address":"台北市萬華區內江街55巷26號"},"geometry":{"type":"Point","coordinates":[121.505262,25.042624]}},{"type":"Feature","properties":{"id":"osm:node:7211952421","name":"凡登台北商務旅店","category":"hotel","address":"台北市大安區忠孝東路四段197號12樓","phone":"+886 2 8771 0852","website":"https://www.vdthotel.com"},"geometry":{"type":"Point","coordinates":[121.551643,25.041741]}},{"type":"Feature","properties":{"id":"osm:node:7211952422","name":"有統Hotel","category":"hotel","address":"106臺北市大安區建安里18鄰忠孝東路四段197號十三樓"},"geometry":{"type":"Point","coordinates":[121.551667,25.041847]}},{"type":"Feature","properties":{"id":"osm:node:7212236783","name":"York 約克設計旅店","category":"hotel","address":"100臺北市中正區南陽街13號"},"geometry":{"type":"Point","coordinates":[121.516244,25.044969]}},{"type":"Feature","properties":{"id":"osm:node:7320973052","name":"清心翼居設計旅社","category":"hotel"},"geometry":{"type":"Point","coordinates":[121.516006,25.045298]}},{"type":"Feature","properties":{"id":"osm:node:760264848","name":"伊樂園大飯店","category":"hotel","nameEn":"Paradise Hotel","address":"臺北市萬華區西寧南路24號1-11樓","phone":"+886-2-23141181","website":"https://www.paradisetaipei.com/"},"geometry":{"type":"Point","coordinates":[121.506741,25.046131]}},{"type":"Feature","properties":{"id":"osm:node:7652736150","name":"葳皇時尚飯店","category":"hotel","nameEn":"Vone Hotel","address":"103010臺北市大同區延平北路二段197號","phone":"+886 2 2557 5379","website":"http://www.vonehotel.com/"},"geometry":{"type":"Point","coordinates":[121.511647,25.059145]}},{"type":"Feature","properties":{"id":"osm:node:7652736151","name":"意芙旅店","category":"hotel","nameEn":"IF inn","address":"103010臺北市大同區延平北路二段197號2樓","phone":"+886 2 2553 2133","website":"https://www.taipeiifinn.com/"},"geometry":{"type":"Point","coordinates":[121.511607,25.059316]}},{"type":"Feature","properties":{"id":"osm:node:8059094180","name":"薇風馥麗飯店","category":"hotel","address":"新北市三重區三和路四段282號3至12樓","phone":"+886 2 2286 2288","website":"http://www.breezy.com.tw/","stars":"3"},"geometry":{"type":"Point","coordinates":[121.484843,25.077396]}},{"type":"Feature","properties":{"id":"osm:node:8059094182","name":"花蝶晶漾商旅（HOTEL）","category":"hotel","address":"新北市新莊區中港路572號1樓","phone":"+886 2 2277 9601","website":"http://www.wonderfulhall.com.tw"},"geometry":{"type":"Point","coordinates":[121.451488,25.053349]}},{"type":"Feature","properties":{"id":"osm:node:8059100986","name":"台北集賢商旅","category":"hotel","address":"新北市蘆洲區集賢路372號","phone":"+886 2 8281 3888","website":"https://hotelg7.com.tw/"},"geometry":{"type":"Point","coordinates":[121.48049,25.083183]}},{"type":"Feature","properties":{"id":"osm:node:8059100988","name":"美麗海精品汽車旅館","category":"hotel","address":"新北市新莊區新北大道二段231號","phone":"+886 2 8522 5050","wheelchair":"yes"},"geometry":{"type":"Point","coordinates":[121.462125,25.060412]}},{"type":"Feature","properties":{"id":"osm:node:8059100993","name":"捷絲旅台北三重館","category":"hotel","address":"新北市三重區三和路四段107-1號","phone":"+886 2 2280 6111","website":"https://www.justsleep.com.tw"},"geometry":{"type":"Point","coordinates":[121.487489,25.077349]}},{"type":"Feature","properties":{"id":"osm:node:8059100995","name":"幸福讚精品飯店","category":"hotel","address":"新北市新莊區思源路332巷9號1至8樓及11號2至5樓","phone":"+886 2 2997 5186","website":"http://www.happinessinn-taipei.com/"},"geometry":{"type":"Point","coordinates":[121.461143,25.050988]}},{"type":"Feature","properties":{"id":"osm:node:8059101001","name":"成旅晶贊飯店台北蘆洲","category":"hotel","address":"新北市蘆洲區中山一路8號6,8-15樓","phone":"+886 2 2285 5799","stars":"3"},"geometry":{"type":"Point","coordinates":[121.480455,25.080429]}},{"type":"Feature","properties":{"id":"osm:node:8059101002","name":"慶城商旅","category":"hotel","nameEn":"Urbanone Hotel","address":"新北市三重區正義南路55號4樓、4樓之1、4樓之2","phone":"+886 2 2970 1229"},"geometry":{"type":"Point","coordinates":[121.497994,25.06043]}},{"type":"Feature","properties":{"id":"osm:node:8059101003","name":"上品閣精品旅館","category":"hotel","address":"新北市三重區三和路三段115號","phone":"+886 2 2981 0111"},"geometry":{"type":"Point","coordinates":[121.493181,25.073198]}},{"type":"Feature","properties":{"id":"osm:node:8059101006","name":"名華大旅社","category":"hotel","address":"新北市三重區福德北路53巷1號","phone":"+886 2 2975 4816"},"geometry":{"type":"Point","coordinates":[121.502479,25.065202]}},{"type":"Feature","properties":{"id":"osm:node:8059101008","name":"薇薇精品旅館","category":"hotel","address":"新北市蘆洲區永安北路二段42之1號","phone":"+886 2 8285 6633","website":"http://www.wellarticle.com.tw/"},"geometry":{"type":"Point","coordinates":[121.482333,25.082416]}},{"type":"Feature","properties":{"id":"osm:node:8059101014","name":"樂頤飯店","category":"hotel","nameEn":"LaClé Hotel Taipei","address":"新北市蘆洲區集賢路402號3樓","phone":"+886 2 8281 1234","website":"http://www.laclehotel.com.tw"},"geometry":{"type":"Point","coordinates":[121.480062,25.082056]}},{"type":"Feature","properties":{"id":"osm:node:8059101015","name":"名爵汽車旅館","category":"hotel","address":"新北市三重區正義北路73號1,4至7樓","phone":"+886 2 2982 6145","website":"https://sirmotel.aeweb.com.tw/"},"geometry":{"type":"Point","coordinates":[121.49728,25.064789]}},{"type":"Feature","properties":{"id":"osm:node:8059101017","name":"嘉年華汽車旅館","category":"hotel","address":"新北市蘆洲區集賢路385號","phone":"+886 2 2847 5211","stars":"2"},"geometry":{"type":"Point","coordinates":[121.480634,25.082571]}},{"type":"Feature","properties":{"id":"osm:node:8059101021","name":"三和旅舍","category":"hotel","address":"新北市三重區三和路二段49號","phone":"+886 2 2973 5264"},"geometry":{"type":"Point","coordinates":[121.500698,25.067675]}},{"type":"Feature","properties":{"id":"osm:node:8085453132","name":"信星旅館","category":"hotel","nameEn":"Star Hostel","address":"103015臺北市大同區華陰街48號至48之11號4樓、50號至50之11號5樓","phone":"+886 2 2556 2015","website":"https://www.starhostel.com.tw/"},"geometry":{"type":"Point","coordinates":[121.515401,25.050186]}},{"type":"Feature","properties":{"id":"osm:node:8085453133","name":"嘉榮青年旅店","category":"hotel","nameEn":"Chia Rong Hostel","address":"103015臺北市大同區太原路28巷11號2-4樓","phone":"+886 2 2558 5887"},"geometry":{"type":"Point","coordinates":[121.514756,25.050135]}},{"type":"Feature","properties":{"id":"osm:node:8085453134","name":"璞漣商務旅館臺北車站店","category":"hotel","address":"臺北市大同區華陰街46號3樓","phone":"+886 2 2559 2662"},"geometry":{"type":"Point","coordinates":[121.515733,25.050057]}},{"type":"Feature","properties":{"id":"osm:node:8085453135","name":"門埕青旅","category":"hotel","address":"臺北市大同區鄭州路21巷10號(1至3樓)","phone":"+886 2 2558 5676"},"geometry":{"type":"Point","coordinates":[121.514478,25.049736]}},{"type":"Feature","properties":{"id":"osm:node:8085453136","name":"漫步1948","category":"hotel","nameEn":"MEANDER 1948","address":"臺北市大同區太原路40、42、44號(1至4樓)","phone":"+886 2 2558 8812","website":"https://staymeander.com/"},"geometry":{"type":"Point","coordinates":[121.515122,25.050467]}},{"type":"Feature","properties":{"id":"osm:node:8085453141","name":"梅樓商務驛站","category":"hotel","address":"臺北市大同區鄭州路29巷1-1號2-4樓","phone":"+886 2 2556 5950"},"geometry":{"type":"Point","coordinates":[121.514315,25.049744]}},{"type":"Feature","properties":{"id":"osm:node:8085453143","name":"配普特行旅","category":"hotel","address":"臺北市大同區鄭州路21巷4號(1樓至3樓)","phone":"+886 2 2558 3669"},"geometry":{"type":"Point","coordinates":[121.514481,25.049511]}},{"type":"Feature","properties":{"id":"osm:node:8262001377","name":"嵨開安旅","category":"hotel","nameEn":"Hotel Uketamo","address":"106臺北市大安區仁愛里2鄰復興南路一段191號","website":"https://www.hoteluketamo.com/"},"geometry":{"type":"Point","coordinates":[121.54426,25.040204]}},{"type":"Feature","properties":{"id":"osm:node:8280854486","name":"台北奧斯金旅店","category":"hotel","nameEn":"Oxygen O Bar","address":"台北市中正區重慶南路一段100號1樓","phone":"+886 2 2311 4567"},"geometry":{"type":"Point","coordinates":[121.512984,25.042547]}},{"type":"Feature","properties":{"id":"osm:node:8397520228","name":"寧夏2號旅店","category":"hotel","nameEn":"V-one Hotel - Ningxia No. 2 Inn","address":"103019臺北市大同區寧夏路2號","phone":"+886 2 2550 7619","website":"http://www.ningxiano2inn.com/"},"geometry":{"type":"Point","coordinates":[121.514684,25.054395]}},{"type":"Feature","properties":{"id":"osm:node:871331295","name":"金龍湖商務旅館","category":"hotel","nameEn":"Chin Long Motel","address":"新北市汐止區湖前街103號1樓","phone":"+886-2-2695-9339","website":"http://ginlonlake.com.tw/"},"geometry":{"type":"Point","coordinates":[121.630892,25.071546]}},{"type":"Feature","properties":{"id":"osm:node:8789190025","name":"銀座飯店","category":"hotel"},"geometry":{"type":"Point","coordinates":[121.525729,25.055554]}},{"type":"Feature","properties":{"id":"osm:node:8811351164","name":"天閣酒店","category":"hotel","nameEn":"The Tango Taipei LinSen","brand":"The Tango","address":"104004臺北市中山區中山北路一段83巷15號"},"geometry":{"type":"Point","coordinates":[121.524386,25.050053]}},{"type":"Feature","properties":{"id":"osm:node:8821427484","name":"大地酒店","category":"hotel"},"geometry":{"type":"Point","coordinates":[121.507317,25.134639]}},{"type":"Feature","properties":{"id":"osm:node:8823518469","name":"喬太商務旅館","category":"hotel","address":"220085新北市板橋區中山路二段359及361號10至12樓","phone":"+886 2 2964 5353"},"geometry":{"type":"Point","coordinates":[121.479585,25.019106]}},{"type":"Feature","properties":{"id":"osm:node:9310169089","name":"台北新板希爾頓酒店","category":"hotel","nameEn":"Hilton Taipei Sinban Hotel","brand":"Hilton","address":"新北市板橋區民權路88號"},"geometry":{"type":"Point","coordinates":[121.462536,25.011387]}},{"type":"Feature","properties":{"id":"osm:node:9429930622","name":"薇米商旅","category":"hotel"},"geometry":{"type":"Point","coordinates":[121.497433,25.061615]}},{"type":"Feature","properties":{"id":"osm:relation:18579909","name":"皇家季節酒店","category":"hotel","nameEn":"Royal Seasons Hotel","address":"103005臺北市大同區南京西路326;330號","phone":"+886 2 25556488","website":"http://www.royalseasons.com/","wheelchair":"yes"},"geometry":{"type":"Point","coordinates":[121.512706,25.053747]}},{"type":"Feature","properties":{"id":"osm:relation:6210816","name":"伊倫商務旅館","category":"hotel","nameEn":"Erin Hotel","address":"臺北市中山區松江路123巷10號1-4樓","phone":"+886 2 2507 6666","website":"https://www.city-hotel.com.tw/"},"geometry":{"type":"Point","coordinates":[121.534204,25.052901]}},{"type":"Feature","properties":{"id":"osm:relation:8932624","name":"柯旅天閣飯店","category":"hotel"},"geometry":{"type":"Point","coordinates":[121.572892,25.041255]}},{"type":"Feature","properties":{"id":"osm:relation:9306891","name":"文華東方酒店","category":"hotel","nameEn":"Mandarin Oriental Taipei","address":"10548台北市松山區敦化北路158號","phone":"+886 2 2715 6888","website":"https://www.mandarinoriental.com.hk/taipei/","wheelchair":"yes"},"geometry":{"type":"Point","coordinates":[121.547984,25.055668]}},{"type":"Feature","properties":{"id":"osm:way:1033763541","name":"上格大飯店","category":"hotel"},"geometry":{"type":"Point","coordinates":[121.488813,25.05196]}},{"type":"Feature","properties":{"id":"osm:way:1066079247","name":"臺北大直英迪格酒店","category":"hotel","nameEn":"Hotel Indigo Taipei North","brand":"IHG洲際酒店集團","address":"臺北市中山區植福路200號","phone":"+886 2 3518 7777","website":"http://www.indigo-taipei.com/"},"geometry":{"type":"Point","coordinates":[121.560064,25.083083]}},{"type":"Feature","properties":{"id":"osm:way:1086755231","name":"禾順商旅","category":"hotel"},"geometry":{"type":"Point","coordinates":[121.497302,25.03693]}},{"type":"Feature","properties":{"id":"osm:way:1088381060","name":"和昌商旅","category":"hotel"},"geometry":{"type":"Point","coordinates":[121.505513,25.037542]}},{"type":"Feature","properties":{"id":"osm:way:1115861557","name":"陽明山天籟渡假酒店","category":"hotel","nameEn":"Yangmingshan Tien Lai Resort & Spa","address":"208新北市金山區重和里003鄰名流路1之7號","phone":"+886-2-2408-0000;+886-2-2370-2888;+886-2-2392-2777","website":"https://www.tienlai.com.tw/"},"geometry":{"type":"Point","coordinates":[121.595278,25.20205]}},{"type":"Feature","properties":{"id":"osm:way:1115861567","name":"出霧溫泉","category":"hotel"},"geometry":{"type":"Point","coordinates":[121.599323,25.200882]}},{"type":"Feature","properties":{"id":"osm:way:1147283527","name":"紅典酒店式公寓","category":"hotel"},"geometry":{"type":"Point","coordinates":[121.564455,25.041828]}},{"type":"Feature","properties":{"id":"osm:way:1156704547","name":"銀河 Mini Hotel","category":"hotel"},"geometry":{"type":"Point","coordinates":[121.507521,25.041457]}},{"type":"Feature","properties":{"id":"osm:way:1191413851","name":"品川商旅","category":"hotel","address":"220067新北市板橋區重慶路37之1號","phone":"+886 2 2954 8166"},"geometry":{"type":"Point","coordinates":[121.461434,25.007732]}},{"type":"Feature","properties":{"id":"osm:way:1216424933","name":"正旅館 信義館","category":"hotel","nameEn":"Just Inn Xin Yi (City Hall)","brand":"正旅館","address":"11070臺北市信義區基隆路一段182號","phone":"+886 2 27681929","website":"https://www.justinn.com.hk/xinyi"},"geometry":{"type":"Point","coordinates":[121.564779,25.04226]}},{"type":"Feature","properties":{"id":"osm:way:1243377233","name":"承攜行旅台北大稻埕","category":"hotel","address":"103001臺北市大同區西寧北路49號1-5樓,43-47號2-5樓","phone":"+886 2 2555 2268","website":"https://guidehotel.com.tw/"},"geometry":{"type":"Point","coordinates":[121.508899,25.053972]}},{"type":"Feature","properties":{"id":"osm:way:1291004581","name":"瀚寓夏天","category":"hotel","nameEn":"Hanns Summer Hotel","address":"100臺北市中正區富水里1鄰汀州路三段62號三樓"},"geometry":{"type":"Point","coordinates":[121.531494,25.015455]}},{"type":"Feature","properties":{"id":"osm:way:1303530695","name":"北投晶泉丰旅","category":"hotel","nameEn":"Wellspring by Silks Beitou"},"geometry":{"type":"Point","coordinates":[121.504326,25.138034]}},{"type":"Feature","properties":{"id":"osm:way:131648691","name":"北投會館捷之旅","category":"hotel","website":"https://btresort.metro.taipei/Content_List.aspx?n=78E4AB56909B47EA"},"geometry":{"type":"Point","coordinates":[121.483548,25.13461]}},{"type":"Feature","properties":{"id":"osm:way:137077760","name":"君悅酒店","category":"hotel","nameEn":"Grand Hyatt Taipei","address":"11051臺北市信義區松壽路2號","website":"https://taipei.grand.hyatt.com/","wheelchair":"yes","stars":"5"},"geometry":{"type":"Point","coordinates":[121.562635,25.035302]}},{"type":"Feature","properties":{"id":"osm:way:1451304633","name":"承攜行旅台北八德館","category":"hotel","nameEn":"Guide Hotel Taipei Bade","address":"臺北市松山區八德路四段213號"},"geometry":{"type":"Point","coordinates":[121.564094,25.04903]}},{"type":"Feature","properties":{"id":"osm:way:146870024","name":"JR東日本大飯店 台北","category":"hotel","nameEn":"Hotel Metropolitan Premier Taipei","brand":"Metropolitan Premier","address":"臺北市中山區南京東路三段133號","website":"https://taipei.metropolitan.tw/","wheelchair":"yes","stars":"5"},"geometry":{"type":"Point","coordinates":[121.541509,25.052367]}},{"type":"Feature","properties":{"id":"osm:way:155814556","name":"茹曦酒店","category":"hotel","nameEn":"ILLUME TAIPEI","address":"10547台北市松山區敦化北路100號","phone":"+886 2 2719 8399","website":"https://www.theillumehotel.com/"},"geometry":{"type":"Point","coordinates":[121.548123,25.052699]}},{"type":"Feature","properties":{"id":"osm:way:160703408","name":"台北凱撒大飯店","category":"hotel","nameEn":"Caesar Park Taipei","brand":"凱撒飯店","address":"10041臺北市中正區忠孝西路一段38號","phone":"+886 2 2311 5151","website":"https://taipei.caesarpark.com.tw/","wheelchair":"limited"},"geometry":{"type":"Point","coordinates":[121.516408,25.046106]}},{"type":"Feature","properties":{"id":"osm:way:173165154","name":"維多麗亞酒店","category":"hotel","nameEn":"Grand Victoria Hotel","address":"臺北市中山區敬業四路168號","phone":"+886 2 8502 0007","website":"https://www.grandvictoria.com.tw/","stars":"5"},"geometry":{"type":"Point","coordinates":[121.559072,25.084288]}},{"type":"Feature","properties":{"id":"osm:way:187920919","name":"台北星美休閒飯店","category":"hotel","nameEn":"Star Beauty Hotel","address":"11163臺北市士林區前港街38-1號","wheelchair":"yes"},"geometry":{"type":"Point","coordinates":[121.521279,25.084553]}},{"type":"Feature","properties":{"id":"osm:way:191757841","name":"捷絲旅","category":"hotel","nameEn":"Just Sleep","address":"10673臺北市大安區羅斯福路四段83號","phone":"+886 2 7735 5088","website":"https://www.justsleep.com.tw/"},"geometry":{"type":"Point","coordinates":[121.536363,25.013466]}},{"type":"Feature","properties":{"id":"osm:way:198162010","name":"天成文旅華山町","category":"hotel","nameEn":"Hua Shan Din","address":"台北市中正區忠孝東路二段79號","phone":"+886 2 2351 5188","website":"https://www.huashandin.com.tw/"},"geometry":{"type":"Point","coordinates":[121.530392,25.043482]}},{"type":"Feature","properties":{"id":"osm:way:199077926","name":"八煙溫泉會館","category":"hotel"},"geometry":{"type":"Point","coordinates":[121.592345,25.202806]}},{"type":"Feature","properties":{"id":"osm:way:203723646","name":"台北晶華酒店","category":"hotel","nameEn":"Regent Taipei","address":"臺北市中山區中山北路二段39巷3號","phone":"+886 2 2523 8000","website":"https://www.regenttaiwan.com/","stars":"5"},"geometry":{"type":"Point","coordinates":[121.524312,25.054184]}},{"type":"Feature","properties":{"id":"osm:way:223069048","name":"別府旅館 (水紗蓮汽車旅館)","category":"hotel","address":"11243臺北市北投區中山路1-2號","phone":"+886-2-2891-5121","website":"http://pinklotus.com.tw/"},"geometry":{"type":"Point","coordinates":[121.504634,25.137083]}},{"type":"Feature","properties":{"id":"osm:way:223069050","name":"天月旅館","category":"hotel","nameEn":"Beitou Hot Springs Resort","address":"臺北市北投區中山路3號"},"geometry":{"type":"Point","coordinates":[121.50536,25.137234]}},{"type":"Feature","properties":{"id":"osm:way:223253470","name":"麗敦精緻旅店","category":"hotel","nameEn":"Reedon Boutique Hotel","address":"111台北市士林區福國路106號","phone":"+886 2 2836 8833","website":"https://www.reedon-hotel.com/"},"geometry":{"type":"Point","coordinates":[121.521474,25.102475]}},{"type":"Feature","properties":{"id":"osm:way:228885786","name":"陽明山水","category":"hotel"},"geometry":{"type":"Point","coordinates":[121.594016,25.206497]}},{"type":"Feature","properties":{"id":"osm:way:232562862","name":"相鐵Grand Fresa台北西門","category":"hotel","nameEn":"Sotetsu Grand Fresa Taipei Ximen","brand":"相鐵Grand Fresa","address":"100006臺北市中正區中華路一段57號","phone":"+886 2 2331 6203","website":"https://sotetsu-hotels.com/grand-fresa/taipeiximen/"},"geometry":{"type":"Point","coordinates":[121.508647,25.041592]}},{"type":"Feature","properties":{"id":"osm:way:232674052","name":"福華飯店","category":"hotel","nameEn":"The Howard Plaza Hotel Taipei","address":"106臺北市大安區仁愛路三段160號","phone":"+886-2-2700-2323","website":"https://www.howard-hotels.com/"},"geometry":{"type":"Point","coordinates":[121.543068,25.037475]}},{"type":"Feature","properties":{"id":"osm:way:236271553","name":"長春商務旅館","category":"hotel","nameEn":"Ever Spring Hotel","address":"105台北市松山區長春路458號","website":"http://es.evergreenhotel.com.tw"},"geometry":{"type":"Point","coordinates":[121.545544,25.054053]}},{"type":"Feature","properties":{"id":"osm:way:238513441","name":"美麗信花園酒店","category":"hotel","nameEn":"Miramar Garden Taipei","address":"10491臺北市中山區市民大道三段83號","website":"http://www.miramargarden.com.tw/"},"geometry":{"type":"Point","coordinates":[121.5373,25.0451]}},{"type":"Feature","properties":{"id":"osm:way:238556765","name":"老爺會館台北林森","category":"hotel","nameEn":"Royal Inn Taipei Linsen","address":"臺北市中山區林森北路83號","phone":"+886 2 2567 6086","website":"https://www.hotelroyal.com.tw/zh-tw/linsen"},"geometry":{"type":"Point","coordinates":[121.524944,25.04968]}},{"type":"Feature","properties":{"id":"osm:way:238572687","name":"福華文教會館","category":"hotel","nameEn":"Howard International House","address":"106臺北市大安區新生南路三段30號","phone":"+886 2 77122323","wheelchair":"yes"},"geometry":{"type":"Point","coordinates":[121.533878,25.02372]}},{"type":"Feature","properties":{"id":"osm:way:238842259","name":"百樂匯溫泉飯店","category":"hotel","nameEn":"Broadway Hot-spring Hotel","website":"http://www.broadway-hotspring-hotel.com.tw/index.php"},"geometry":{"type":"Point","coordinates":[121.508906,25.136337]}},{"type":"Feature","properties":{"id":"osm:way:244386582","name":"天成大飯店","category":"hotel","nameEn":"Cosmos Hotel","address":"10041臺北市中正區忠孝西路一段43號","phone":"+886 2 2361 7856","website":"https://www.cosmos-hotel.com.tw/","wheelchair":"yes","stars":"4"},"geometry":{"type":"Point","coordinates":[121.518338,25.046352]}},{"type":"Feature","properties":{"id":"osm:way:244636889","name":"台北大倉久和大飯店","category":"hotel","nameEn":"The Okura Prestige Taipei","address":"臺北市中山區南京東路1段9號","phone":"+886 2 25231111","website":"https://www.okurataipei.com.tw/","stars":"5"},"geometry":{"type":"Point","coordinates":[121.523383,25.052519]}},{"type":"Feature","properties":{"id":"osm:way:247678969","name":"兄弟飯店","category":"hotel","nameEn":"Brother Hotel","address":"10550臺北市松山區中正里南京東路三段255號","phone":"+886-2-27123456","website":"https://www.brotherhotel.com.tw/","wheelchair":"yes"},"geometry":{"type":"Point","coordinates":[121.544586,25.052201]}},{"type":"Feature","properties":{"id":"osm:way:251212759","name":"長榮桂冠酒店","category":"hotel","nameEn":"Evergreen Laurel Taipei","brand":"長榮酒店","address":"104臺北市中山區松江路63號","phone":"+886-2-25019988","website":"http://www.evergreen-hotels.com/branch/taipei","stars":"5"},"geometry":{"type":"Point","coordinates":[121.533315,25.048859]}},{"type":"Feature","properties":{"id":"osm:way:256186589","name":"台北花園大酒店","category":"hotel","nameEn":"Taipei Garden Hotel","address":"10065臺北市中正區中華路二段1號","phone":"+886-2-2314-6611","website":"https://www.taipeigarden.com.tw/"},"geometry":{"type":"Point","coordinates":[121.506977,25.036402]}},{"type":"Feature","properties":{"id":"osm:way:257236721","name":"薇閣精品旅館林森館","category":"hotel","nameEn":"Wego Boutique Hotel-Linsheng","address":"台北市中山區林森北路419號","phone":"+886 2 2531 8000"},"geometry":{"type":"Point","coordinates":[121.526647,25.060513]}},{"type":"Feature","properties":{"id":"osm:way:260401154","name":"雀客旅館","category":"hotel"},"geometry":{"type":"Point","coordinates":[121.592847,25.070598]}},{"type":"Feature","properties":{"id":"osm:way:260881640","name":"華山文旅","category":"hotel","nameEn":"Wallsun Hotel","address":"台北市中正區金山北路1號","phone":"+886 2 2396 3388","website":"https://www.wallsun.com.tw/"},"geometry":{"type":"Point","coordinates":[121.530464,25.044266]}},{"type":"Feature","properties":{"id":"osm:way:267163040","name":"台北喜來登大飯店","category":"hotel","nameEn":"Sheraton Grand Taipei Hotel","address":"臺北市忠孝東路一段12號","phone":"+886 2 2321 5511","website":"https://www.sheratongrandtaipei.com/","wheelchair":"yes","stars":"5"},"geometry":{"type":"Point","coordinates":[121.522239,25.044686]}},{"type":"Feature","properties":{"id":"osm:way:268531082","name":"家美瑞品台北","category":"hotel","nameEn":"JiaMei Hotel Taipei","address":"100臺北市中正區梅花里4鄰北平東路12號","website":"https://jiameihotel.com/","wheelchair":"yes"},"geometry":{"type":"Point","coordinates":[121.524242,25.04601]}},{"type":"Feature","properties":{"id":"osm:way:270135417","name":"台北國軍英雄館","category":"hotel","nameEn":"Taipei Hero House","address":"100臺北市中正區長沙街一段20號"},"geometry":{"type":"Point","coordinates":[121.508518,25.040143]}},{"type":"Feature","properties":{"id":"osm:way:270600125","name":"德立莊酒店","category":"hotel","nameEn":"Hotel Midtown Richardson","address":"10042臺北市中正區秀山街4號","phone":"+886 2 2375 7777","website":"https://www.midtownrichardson.com/zh-tw/%E5%BE%B7%E7%AB%8B%E8%8E%8A+Midtown","stars":"4"},"geometry":{"type":"Point","coordinates":[121.509342,25.042517]}},{"type":"Feature","properties":{"id":"osm:way:270600137","name":"叙美精品旅店","category":"hotel","nameEn":"Hotel B7","address":"10045臺北市中正區重慶南路一段111號","phone":"+886 2 2383 2088","website":"http://hotelb7.beautyhotels.com.tw/","wheelchair":"yes"},"geometry":{"type":"Point","coordinates":[121.513442,25.042741]}},{"type":"Feature","properties":{"id":"osm:way:270921050","name":"洛碁驛大飯店","category":"hotel","nameEn":"Green World Station Hotel","address":"10046臺北市中正區重慶南路一段21號","phone":"+886 2 2381 9199","website":"https://station.greenworldhotels.com/","wheelchair":"limited"},"geometry":{"type":"Point","coordinates":[121.513454,25.045818]}},{"type":"Feature","properties":{"id":"osm:way:271425142","name":"旅樂序精品旅館-2館","category":"hotel","nameEn":"Hotel Relax 2","address":"10046臺北市中正區漢口街一段15號","phone":"+886-2-23757555","website":"https://www.hotelrelaxclub.com/"},"geometry":{"type":"Point","coordinates":[121.5144,25.045306]}},{"type":"Feature","properties":{"id":"osm:way:271754075","name":"日野苑","category":"hotel","nameEn":"Hinoen Hotel","address":"100001臺北市中正區重慶南路一段18號2樓至7樓","phone":"+886 2 2388 9998","website":"https://hinoenhotel.com/"},"geometry":{"type":"Point","coordinates":[121.513111,25.046311]}},{"type":"Feature","properties":{"id":"osm:way:271754076","name":"璞邸城市膠囊旅店","category":"hotel","nameEn":"Bouti City Capsule Inn","address":"100006臺北市中正區重慶南路一段7號1至4樓","phone":"+886 2 2381 5566","website":"http://bouti.com.tw/"},"geometry":{"type":"Point","coordinates":[121.513466,25.046382]}},{"type":"Feature","properties":{"id":"osm:way:272553854","name":"亞都麗緻飯店","category":"hotel","nameEn":"The Landis","address":"104台北市中山區民權東路41號"},"geometry":{"type":"Point","coordinates":[121.530003,25.0629]}},{"type":"Feature","properties":{"id":"osm:way:273944883","name":"神旺大飯店(已歇業)","category":"hotel","nameEn":"San Want Hotel","brand":"神旺大飯店","address":"臺北市大安區忠孝東路四段172號","phone":"+886 2 2772 2121","website":"https://www.sanwant.com/","wheelchair":"yes"},"geometry":{"type":"Point","coordinates":[121.550994,25.041124]}},{"type":"Feature","properties":{"id":"osm:way:291504126","name":"洛碁大飯店林森館","category":"hotel","address":"104臺北市中山區圓山里1鄰林森北路617號"},"geometry":{"type":"Point","coordinates":[121.525929,25.066818]}},{"type":"Feature","properties":{"id":"osm:way:291550968","name":"淶滬文旅","category":"hotel","nameEn":"Life Hotel","address":"251新北市淡水區中正東路一段3巷1號","website":"https://www.lifehotel.com.tw"},"geometry":{"type":"Point","coordinates":[121.451128,25.165281]}},{"type":"Feature","properties":{"id":"osm:way:292201560","name":"馥都飯店","category":"hotel"},"geometry":{"type":"Point","coordinates":[121.458139,25.007499]}},{"type":"Feature","properties":{"id":"osm:way:296784617","name":"福容溫泉會館","category":"hotel"},"geometry":{"type":"Point","coordinates":[121.457962,25.159592]}},{"type":"Feature","properties":{"id":"osm:way:296786576","name":"台北城大飯店","category":"hotel","nameEn":"Taipei City Hotel","address":"103010臺北市大同區重慶北路二段172號","phone":"+886 2 2553 3919","website":"http://www.taipei-hotel.tw/"},"geometry":{"type":"Point","coordinates":[121.513323,25.059406]}},{"type":"Feature","properties":{"id":"osm:way:297125507","name":"觀海樓旅店","category":"hotel","nameEn":"See's Revert Hotel","address":"251新北市淡水區中正東路一段129號","wheelchair":"limited"},"geometry":{"type":"Point","coordinates":[121.455817,25.159342]}},{"type":"Feature","properties":{"id":"osm:way:302130063","name":"汐止福泰大飯店","category":"hotel","address":"新北市汐止區樟樹里011鄰大同路一段128號","wheelchair":"yes","stars":"5"},"geometry":{"type":"Point","coordinates":[121.631481,25.054841]}},{"type":"Feature","properties":{"id":"osm:way:303826490","name":"香城商旅","category":"hotel"},"geometry":{"type":"Point","coordinates":[121.531974,25.051288]}},{"type":"Feature","properties":{"id":"osm:way:304566640","name":"台北大安伊普索酒店","category":"hotel","nameEn":"Episode Daan Taipei","address":"臺北市大安區復興南路一段219之2號"},"geometry":{"type":"Point","coordinates":[121.544115,25.03887]}},{"type":"Feature","properties":{"id":"osm:way:305376934","name":"九昱晴美","category":"hotel","nameEn":"Jolley Hotel"},"geometry":{"type":"Point","coordinates":[121.5255,25.06467]}},{"type":"Feature","properties":{"id":"osm:way:305412544","name":"燦路都飯店","category":"hotel","nameEn":"Sunroute Hotel Taipei","address":"104台北市中山區民權東路一段9號","website":"https://zht.sunroute.jp/our-hotels/overseas/hotel-sunroute-taipei.html","wheelchair":"yes"},"geometry":{"type":"Point","coordinates":[121.523355,25.063065]}},{"type":"Feature","properties":{"id":"osm:way:306235115","name":"松哖酒店","category":"hotel","address":"106臺北市大安區仁愛路三段8號"},"geometry":{"type":"Point","coordinates":[121.533524,25.03778]}},{"type":"Feature","properties":{"id":"osm:way:307182100","name":"柯達大飯店","category":"hotel","nameEn":"K Hotel","address":"10669臺北市大安區敦化南路二段238號","phone":"+886-2-2732-3333","website":"http://dunnan.khotel.com.tw","stars":"4"},"geometry":{"type":"Point","coordinates":[121.548228,25.021038]}},{"type":"Feature","properties":{"id":"osm:way:307986134","name":"Lofe","category":"hotel","address":"台北市中山區雙城街1號","wheelchair":"yes"},"geometry":{"type":"Point","coordinates":[121.524515,25.063]}},{"type":"Feature","properties":{"id":"osm:way:307986142","name":"上樺旅棧","category":"hotel","website":"http://www.goodlife-hotel.com.tw/"},"geometry":{"type":"Point","coordinates":[121.524512,25.063611]}},{"type":"Feature","properties":{"id":"osm:way:308417777","name":"官邸旅館","category":"hotel","address":"111臺北市士林區文林路102號","wheelchair":"yes"},"geometry":{"type":"Point","coordinates":[121.526409,25.08779]}},{"type":"Feature","properties":{"id":"osm:way:309155294","name":"臺北寒舍艾美酒店","category":"hotel","nameEn":"Le Méridien Taipei","address":"台北市信義區松仁路38號","wheelchair":"yes"},"geometry":{"type":"Point","coordinates":[121.567929,25.038052]}},{"type":"Feature","properties":{"id":"osm:way:310080651","name":"國聯大飯店","category":"hotel","nameEn":"United Hotel","address":"106臺北市大安區華聲里8鄰光復南路200號"},"geometry":{"type":"Point","coordinates":[121.557332,25.042176]}},{"type":"Feature","properties":{"id":"osm:way:310399643","name":"洛碁大飯店建北商旅","category":"hotel","nameEn":"Green World Hotel","address":"104台北市中山區建國北路一段140號","phone":"+886 2 2509 5151","website":"https://jianpei.greenworldhotels.com/"},"geometry":{"type":"Point","coordinates":[121.53627,25.051059]}},{"type":"Feature","properties":{"id":"osm:way:310399669","name":"柯達大飯店","category":"hotel","nameEn":"K Hotels Chang-An","address":"104臺北市中山區松江路61-1號","phone":"+886 2 2516 9999","website":"http://changan.khotels.com.tw"},"geometry":{"type":"Point","coordinates":[121.533278,25.048662]}},{"type":"Feature","properties":{"id":"osm:way:310706500","name":"新莊客旅","category":"hotel","nameEn":"Landmark Hotel","address":"新北市新莊區中華路一段103號","phone":"+886 2 2277 6599","website":"https://landmarkhotel.com.tw"},"geometry":{"type":"Point","coordinates":[121.452537,25.043852]}},{"type":"Feature","properties":{"id":"osm:way:311693539","name":"citizenM","category":"hotel","nameEn":"citizenM Taipei North Gate","brand":"citizenM","address":"100005臺北市中正區中華路一段3號","website":"https://www.citizenm.com/destinations/taipei/taipei-hotel","stars":"5"},"geometry":{"type":"Point","coordinates":[121.510557,25.047322]}},{"type":"Feature","properties":{"id":"osm:way:312399356","name":"第一大飯店","category":"hotel","nameEn":"First Hotel","address":"臺北市中山區南京東路2段63號","phone":"+886 2 2541 8234","website":"https://www.firsthoteltaipei.com/","stars":"3"},"geometry":{"type":"Point","coordinates":[121.530299,25.052384]}},{"type":"Feature","properties":{"id":"osm:way:312820723","name":"臺北柔美商旅","category":"hotel","nameEn":"Taipei Roumei Boutique Hotel","address":"104臺北市中山區中央里12鄰建國北路二段64巷9號","website":"https://www.roumeihotel.com.tw/"},"geometry":{"type":"Point","coordinates":[121.535907,25.054433]}},{"type":"Feature","properties":{"id":"osm:way:313129091","name":"寶璞大飯店","category":"hotel","nameEn":"Hamp Court Palace","brand":"寶璞國際股份有限公司","address":"臺北市中山區建國北路二段7號","website":"https://www.hcpt.com.tw/","wheelchair":"yes"},"geometry":{"type":"Point","coordinates":[121.537327,25.052709]}},{"type":"Feature","properties":{"id":"osm:way:313247974","name":"洛碁松江大飯店","category":"hotel","nameEn":"Green World Hotel Song Jiang","address":"104台北市中山區松江路485號"},"geometry":{"type":"Point","coordinates":[121.533658,25.067218]}},{"type":"Feature","properties":{"id":"osm:way:313584145","name":"香城大飯店","category":"hotel","nameEn":"Charming City Songshan Hotel","address":"105臺北市松山區慈祐里16鄰市民大道六段67號","phone":"+886 2 2769 3969","website":"https://www.city-hotel.com.tw/bussiness/b3/b3-tw.htm"},"geometry":{"type":"Point","coordinates":[121.574246,25.049641]}},{"type":"Feature","properties":{"id":"osm:way:313584147","name":"首都大飯店","category":"hotel","nameEn":"Capital Hotel Songshan","address":"105臺北市松山區慈祐里22鄰八德路四段658號十樓","wheelchair":"yes"},"geometry":{"type":"Point","coordinates":[121.575641,25.049706]}},{"type":"Feature","properties":{"id":"osm:way:313704795","name":"悠趣旅店","category":"hotel","nameEn":"Urtrip Hotel","address":"10552台北市松山區長安東路二段219號","phone":"+886 2 2775 2277"},"geometry":{"type":"Point","coordinates":[121.544819,25.048488]}},{"type":"Feature","properties":{"id":"osm:way:323306918","name":"丹迪旅社天津店","category":"hotel","nameEn":"Dandy Hotel Tianjin Branch","address":"臺北市中山區中山北路一段135巷13號","phone":"+886-2-25415788","stars":"3"},"geometry":{"type":"Point","coordinates":[121.523339,25.051665]}},{"type":"Feature","properties":{"id":"osm:way:323306919","name":"天津大飯店","category":"hotel","nameEn":"Tien Chin Hotel","address":"臺北市中山區天津街57號","phone":"+886-2-25365678","website":"https://www.tienchin.com.tw/"},"geometry":{"type":"Point","coordinates":[121.523409,25.051034]}},{"type":"Feature","properties":{"id":"osm:way:324041282","name":"東門旅店","category":"hotel","nameEn":"Dongmen Hotel","address":"台北市中正區臨沂街76號2樓","phone":"+886 2 2356 0210","website":"http://dongmenhotel.meworks.co"},"geometry":{"type":"Point","coordinates":[121.527751,25.034467]}},{"type":"Feature","properties":{"id":"osm:way:328692191","name":"皇家飯店","category":"hotel","nameEn":"Royal Hotel","address":"10047臺北市中正區懷寧街5-1號","phone":"+886 2 2311 1668","website":"https://www.taipeiroyalhotel.com/","wheelchair":"yes","stars":"2"},"geometry":{"type":"Point","coordinates":[121.514386,25.046303]}},{"type":"Feature","properties":{"id":"osm:way:332396730","name":"北城大飯店","category":"hotel","nameEn":"City Hotel Taipei","address":"104臺北市中山區朱馥里22鄰長春路279號","phone":"+886 2 2501 5178","website":"https://www.cityhotel.com.tw"},"geometry":{"type":"Point","coordinates":[121.541313,25.054788]}},{"type":"Feature","properties":{"id":"osm:way:332396745","name":"唯客樂飯店","category":"hotel","nameEn":"Waikoloa Hotel","address":"104臺北市中山區長春路187號","website":"http://www.waikoloa.com.tw"},"geometry":{"type":"Point","coordinates":[121.537767,25.05495]}},{"type":"Feature","properties":{"id":"osm:way:337375565","name":"冠君大飯店","category":"hotel","address":"20063新北市板橋區重慶路91-1號"},"geometry":{"type":"Point","coordinates":[121.462082,25.005906]}},{"type":"Feature","properties":{"id":"osm:way:337379758","name":"府中棧精品旅館","category":"hotel","nameEn":"MRT Hotel","address":"22055新北市板橋區府中路9號"},"geometry":{"type":"Point","coordinates":[121.459768,25.009529]}},{"type":"Feature","properties":{"id":"osm:way:340047830","name":"馥華旅店","category":"hotel","wheelchair":"yes"},"geometry":{"type":"Point","coordinates":[121.468094,25.022041]}},{"type":"Feature","properties":{"id":"osm:way:340047831","name":"君利商務旅館","category":"hotel","address":"新北市板橋區公園街16號"},"geometry":{"type":"Point","coordinates":[121.462823,25.009113]}},{"type":"Feature","properties":{"id":"osm:way:343509695","name":"Home Hotel","category":"hotel","brand":"@HOME","address":"110049臺北市信義區松仁路90號","phone":"+886 2 8789 0111","website":"https://homehotel.com.tw"},"geometry":{"type":"Point","coordinates":[121.567887,25.035066]}},{"type":"Feature","properties":{"id":"osm:way:344102371","name":"紫園旅社","category":"hotel","address":"臺北市大同區南京西路18巷30號","phone":"+886 2 2555 7178","website":"http://www.purplegarden.com.tw","wheelchair":"limited"},"geometry":{"type":"Point","coordinates":[121.520023,25.050587]}},{"type":"Feature","properties":{"id":"osm:way:346886455","name":"東姿商務旅館","category":"hotel","address":"臺北市中山區一江街33號1-4樓","phone":"+886 2 2563 8866","website":"http://www.easternbeauty.tw"},"geometry":{"type":"Point","coordinates":[121.53168,25.053523]}},{"type":"Feature","properties":{"id":"osm:way:346956041","name":"洛碁南京大飯店","category":"hotel","nameEn":"Green World Hotel Grand Nanjing","address":"10489臺北市中山區南京東路三段8號"},"geometry":{"type":"Point","coordinates":[121.537259,25.051685]}},{"type":"Feature","properties":{"id":"osm:way:347314128","name":"凱統大飯店","category":"hotel","nameEn":"KDM HOTEL","address":"台北市大安區忠孝東路三段8號","phone":"+886-2-27211162","website":"https://www.kdmhotel.com.tw/"},"geometry":{"type":"Point","coordinates":[121.533514,25.041951]}},{"type":"Feature","properties":{"id":"osm:way:347314130","name":"喜瑞飯店","category":"hotel","nameEn":"Ambience Hotel","address":"104台北市中山區長安東路一段64號","phone":"+886 2 2541 0077","website":"https://ww.ambiencehotel.com.tw/tw/"},"geometry":{"type":"Point","coordinates":[121.529368,25.047861]}},{"type":"Feature","properties":{"id":"osm:way:347314148","name":"Wow Hotel","category":"hotel"},"geometry":{"type":"Point","coordinates":[121.529342,25.042282]}},{"type":"Feature","properties":{"id":"osm:way:347411627","name":"福容大飯店台北","category":"hotel","nameEn":"The Fullon Hotel Taipei","address":"106臺北市大安區建國南路一段266號","phone":"+886-2-2701-9266","website":"http://taipei.fullon-hotels.com/"},"geometry":{"type":"Point","coordinates":[121.537039,25.03665]}},{"type":"Feature","properties":{"id":"osm:way:353388965","name":"泉都溫泉會館","category":"hotel","nameEn":"Chyuan Du Spring Resort","address":"11246臺北市北投區光明路220號","phone":"+886-2-2896-0077","website":"https://www.cdhotel.com.tw/"},"geometry":{"type":"Point","coordinates":[121.504404,25.136082]}},{"type":"Feature","properties":{"id":"osm:way:353678875","name":"攜攜行旅台北台大館","category":"hotel","nameEn":"Guide Hotel Taipei ChongQing","brand":"攜攜行旅","opening_hours":"24/7","address":"臺北市中正區羅斯福路三段98號1-8樓","phone":"+886 2 2365 7367","website":"http://www.liyuan.tw","wheelchair":"yes"},"geometry":{"type":"Point","coordinates":[121.526914,25.021478]}},{"type":"Feature","properties":{"id":"osm:way:355514668","name":"安盛商旅","category":"hotel","address":"231新北市新店區二十張路31號"},"geometry":{"type":"Point","coordinates":[121.538595,24.981551]}},{"type":"Feature","properties":{"id":"osm:way:358340642","name":"慶泰大飯店","category":"hotel","address":"104台北市中山區松江路186號"},"geometry":{"type":"Point","coordinates":[121.532788,25.05658]}},{"type":"Feature","properties":{"id":"osm:way:359743631","name":"柯旅天閣飯店","category":"hotel","address":"台北市信義區忠孝東路五段297號"},"geometry":{"type":"Point","coordinates":[121.572892,25.041255]}},{"type":"Feature","properties":{"id":"osm:way:360834287","name":"星辰大飯店","category":"hotel","nameEn":"Citizen Hotel","address":"台北市中正區金山南路一段80號","phone":"+886-2-2397-1377","website":"https://citizen.hotel.com.tw/"},"geometry":{"type":"Point","coordinates":[121.527542,25.036452]}},{"type":"Feature","properties":{"id":"osm:way:364511119","name":"和逸台北民生館","category":"hotel","nameEn":"Hotel Cozzi Minsheng Taipei","address":"台北市中山區民生東路二段178號","website":"https://hotelcozzi.com/"},"geometry":{"type":"Point","coordinates":[121.536292,25.057635]}},{"type":"Feature","properties":{"id":"osm:way:366004483","name":"蒲園飯店","category":"hotel","nameEn":"Golden Garden Hotel","address":"台北市八德路四段176號","phone":"+886 2 2753 0772","website":"http://www.garden-hotel.com.tw/"},"geometry":{"type":"Point","coordinates":[121.563472,25.048511]}},{"type":"Feature","properties":{"id":"osm:way:366797536","name":"密都飯店","category":"hotel","nameEn":"Meadow Hotel Taipei","address":"104台北市中山區長春路246號","website":"https://meadow-hotel-taipei.stayhotel.com.tw"},"geometry":{"type":"Point","coordinates":[121.538398,25.054536]}},{"type":"Feature","properties":{"id":"osm:way:368741387","name":"密原宿","category":"hotel"},"geometry":{"type":"Point","coordinates":[121.506251,25.040905]}},{"type":"Feature","properties":{"id":"osm:way:370694235","name":"台北馥華商旅","category":"hotel","nameEn":"Forward Hotel Nangang","address":"115臺北市南港區三重里9鄰三重路23號","phone":"+886 2 2785 2655","website":"https://fwhotelng.tw/","wheelchair":"yes"},"geometry":{"type":"Point","coordinates":[121.613953,25.059263]}},{"type":"Feature","properties":{"id":"osm:way:378143703","name":"金來商旅","category":"hotel","nameEn":"Royal Biz Taipei","address":"10056臺北市中正區金山南路一段71號","phone":"+886 2 2397 9399","website":"https://www.royalbiz.com.tw/"},"geometry":{"type":"Point","coordinates":[121.528287,25.037256]}},{"type":"Feature","properties":{"id":"osm:way:384128260","name":"台北美福大飯店","category":"hotel","nameEn":"Grand Mayfull Taipei","address":"臺北市中山區樂群二路55號","phone":"+886 2 7722 3399","website":"https://www.grandmayfull.com/","stars":"5"},"geometry":{"type":"Point","coordinates":[121.553793,25.080587]}},{"type":"Feature","properties":{"id":"osm:way:386016506","name":"正旅館 藍","category":"hotel","nameEn":"The Blue by Just Inn","brand":"正旅館 Just Inn","address":"10047臺北市中正區館前路22號","phone":"02237008008","website":"https://thebluebyjustinn.mydirectstay.com/"},"geometry":{"type":"Point","coordinates":[121.514876,25.045051]}},{"type":"Feature","properties":{"id":"osm:way:390780638","name":"柯達大飯店","category":"hotel","nameEn":"K Hotels Songjiang","address":"104臺北市中山區松江路251號","website":"http://songjiang.khotels.com.tw","wheelchair":"yes"},"geometry":{"type":"Point","coordinates":[121.53351,25.059391]}},{"type":"Feature","properties":{"id":"osm:way:390780639","name":"柯達大飯店台北二店","category":"hotel","nameEn":"K Hotel ll","address":"104台北市中山北路二段139號","phone":"+886 2 2525 5555","website":"http://taipei2.khotels.com.tw/zh-TW/","wheelchair":"no"},"geometry":{"type":"Point","coordinates":[121.523173,25.061849]}},{"type":"Feature","properties":{"id":"osm:way:390780643","name":"雀客旅館","category":"hotel","nameEn":"CHECK inn SongJiang","address":"104臺北市中山區松江路253號","website":"https://www.checkinn.com.tw"},"geometry":{"type":"Point","coordinates":[121.533509,25.059506]}},{"type":"Feature","properties":{"id":"osm:way:396400311","name":"藝宿商旅","category":"hotel","nameEn":"YI SU HOTEL","address":"103007臺北市大同區重慶北路一段116號2樓至11樓及11樓夾層","phone":"+886 2 2550 6655","website":"https://taipei.yisuhotel.com/"},"geometry":{"type":"Point","coordinates":[121.513973,25.053251]}},{"type":"Feature","properties":{"id":"osm:way:400582349","name":"三德大飯店","category":"hotel","nameEn":"Santos Hotel","address":"103臺北市大同區蓬萊里2鄰承德路三段49號","phone":"+886 2 2596 3111","website":"https://www.santoshotel.com/"},"geometry":{"type":"Point","coordinates":[121.518687,25.064862]}},{"type":"Feature","properties":{"id":"osm:way:400582356","name":"台北商旅","category":"hotel","address":"105臺北市松山區慶城街12號"},"geometry":{"type":"Point","coordinates":[121.545142,25.052845]}},{"type":"Feature","properties":{"id":"osm:way:400582357","name":"雀客旅館台北南京","category":"hotel","brand":"雀客旅館","address":"104103台北市中山區南京東路三段16號","phone":"+886-2-2516-1610","wheelchair":"yes"},"geometry":{"type":"Point","coordinates":[121.537628,25.05169]}},{"type":"Feature","properties":{"id":"osm:way:400582359","name":"國王大飯店","category":"hotel","nameEn":"Emperor Hotel Taipei","address":"臺北市中山區南京東路1段118號","phone":"+886 2 2581 1111","website":"https://www.emperorhotel.com.tw/"},"geometry":{"type":"Point","coordinates":[121.526662,25.051786]}},{"type":"Feature","properties":{"id":"osm:way:400582380","name":"神旺商務酒店","category":"hotel","nameEn":"Sun Want Taipei Residences","brand":"神旺酒店集團","address":"臺北市中山區南京東路一段128號2至13樓","phone":"+886 2 2511 5185","website":"https://www.swresidences.com/"},"geometry":{"type":"Point","coordinates":[121.527035,25.05182]}},{"type":"Feature","properties":{"id":"osm:way:400582386","name":"馥華商旅","category":"hotel"},"geometry":{"type":"Point","coordinates":[121.532148,25.049139]}},{"type":"Feature","properties":{"id":"osm:way:409975934","name":"洛基大飯店","category":"hotel","address":"10046臺北市中正區漢口街一段36號","phone":"+886 2 2312 3811","website":"http://www.hotel-flowers.com.tw/","wheelchair":"yes"},"geometry":{"type":"Point","coordinates":[121.513816,25.045013]}},{"type":"Feature","properties":{"id":"osm:way:410479146","name":"旅樂序旅館-3館","category":"hotel","nameEn":"Hotel Relax 3","address":"100台北市中正區懷寧街34號","phone":"+886-2-23758333","website":"https://www.hotelrelaxclub.com/","wheelchair":"yes"},"geometry":{"type":"Point","coordinates":[121.514027,25.045053]}},{"type":"Feature","properties":{"id":"osm:way:413827287","name":"鉑泊客","category":"hotel","nameEn":"Poshpacker Hotel","address":"100臺北市中正區重慶南路一段39號","phone":"+886-2-23755555","website":"https://www.poshpackerhotel.com/","wheelchair":"yes"},"geometry":{"type":"Point","coordinates":[121.513397,25.045092]}},{"type":"Feature","properties":{"id":"osm:way:415405675","name":"福泰桔子商務旅館","category":"hotel","nameEn":"Forte Orange Hotel","address":"104台北市中山區林森北路139號"},"geometry":{"type":"Point","coordinates":[121.525363,25.051237]}},{"type":"Feature","properties":{"id":"osm:way:419823266","name":"台北世聯商旅","category":"hotel","nameEn":"Linkworld Hotel Taipei","address":"104臺北市中山區興亞里15鄰松江路90巷5號","phone":"+886 2 2562 6161","website":"http://www.linkworldhotel.com.tw"},"geometry":{"type":"Point","coordinates":[121.531864,25.050716]}},{"type":"Feature","properties":{"id":"osm:way:419823268","name":"台北馥華商旅","category":"hotel","nameEn":"Forward Hotel Taipei","brand":"Forward Hotel","address":"10456台北市中山區一江街3號","phone":"+886 2 2511 8896","website":"https://sj.tfhg.com.tw/"},"geometry":{"type":"Point","coordinates":[121.531625,25.050695]}},{"type":"Feature","properties":{"id":"osm:way:420492856","name":"台北萬豪酒店","category":"hotel","nameEn":"Taipei Marriott Hotel","address":"10462臺北市中山區樂群二路199號","website":"https://www.taipeimarriott.com.tw/"},"geometry":{"type":"Point","coordinates":[121.559283,25.080533]}},{"type":"Feature","properties":{"id":"osm:way:427778337","name":"天閣酒店","category":"hotel","nameEn":"The Tango","brand":"The Tango","address":"臺北市士林區基河路16之6號1樓至12樓","phone":"+886 2 2886 2999","website":"http://www.tango-hotels.com"},"geometry":{"type":"Point","coordinates":[121.524124,25.082608]}},{"type":"Feature","properties":{"id":"osm:way:427778339","name":"天雲旅店","category":"hotel","nameEn":"Tango Inn","wheelchair":"yes"},"geometry":{"type":"Point","coordinates":[121.52426,25.082987]}},{"type":"Feature","properties":{"id":"osm:way:430830508","name":"賦樂旅居","category":"hotel","nameEn":"HOTEL PROVERBS TAIPEI","address":"台北市大安區大安路一段56號","phone":"+886 2 2711 1118","website":"https://www.hotel-proverbs.com/"},"geometry":{"type":"Point","coordinates":[121.545988,25.042918]}},{"type":"Feature","properties":{"id":"osm:way:432713673","name":"路徒行旅","category":"hotel","nameEn":"Roster Hotel","wheelchair":"yes"},"geometry":{"type":"Point","coordinates":[121.510265,25.045021]}},{"type":"Feature","properties":{"id":"osm:way:435162027","name":"太平洋商旅","category":"hotel","address":"臺北市信義區文昌街136號"},"geometry":{"type":"Point","coordinates":[121.558106,25.032426]}},{"type":"Feature","properties":{"id":"osm:way:435677317","name":"新月商旅","category":"hotel","nameEn":"Moon Hotel","address":"台北市新生北路一段122號"},"geometry":{"type":"Point","coordinates":[121.527752,25.050742]}},{"type":"Feature","properties":{"id":"osm:way:442195155","name":"台北洲際酒店","category":"hotel","nameEn":"InterContinental Taipei","brand":"InterContinental","address":"臺北市信義區忠孝東路四段535號","phone":"+886 2 7702 5858","website":"https://www.ihg.com/intercontinental/hotels/gb/en/new-taipei-city/tpehs/hoteldetail"},"geometry":{"type":"Point","coordinates":[121.561452,25.042723]}},{"type":"Feature","properties":{"id":"osm:way:443814826","name":"海灣假日酒店","category":"hotel","nameEn":"HiONE Holiday Hotel","address":"222新北市深坑區北深路三段265號"},"geometry":{"type":"Point","coordinates":[121.598643,25.004159]}},{"type":"Feature","properties":{"id":"osm:way:443814832","name":"福容大飯店","category":"hotel"},"geometry":{"type":"Point","coordinates":[121.600463,25.004332]}},{"type":"Feature","properties":{"id":"osm:way:445322631","name":"北投老爺酒店","category":"hotel","nameEn":"Hotel Royal Beitou","opening_hours":"24/7","address":"11252臺北市北投區中和街2號","phone":"+886-2-2896-9777","website":"http://www.hotelroyal.com.tw/beitou/"},"geometry":{"type":"Point","coordinates":[121.503719,25.137632]}},{"type":"Feature","properties":{"id":"osm:way:445337024","name":"熱海飯店","category":"hotel","nameEn":"Atami Hotel"},"geometry":{"type":"Point","coordinates":[121.509347,25.136417]}},{"type":"Feature","properties":{"id":"osm:way:447197594","name":"新店仲信會館","category":"hotel","nameEn":"The Koos Suite","address":"231新北市新店區中興路三段219-2號","phone":"+886 2 29106600#2","website":"http://hsintien.hotel123.com.tw/"},"geometry":{"type":"Point","coordinates":[121.542844,24.982289]}},{"type":"Feature","properties":{"id":"osm:way:447508286","name":"洛基山水閣大飯店","category":"hotel","address":"104台北市中山區中山北路二段181號","wheelchair":"yes"},"geometry":{"type":"Point","coordinates":[121.522859,25.0633]}},{"type":"Feature","properties":{"id":"osm:way:448603606","name":"旅樂序精品旅館站前五館","category":"hotel","nameEn":"Hotel Relax V","address":"100001臺北市中正區重慶南路一段20號B1樓至10樓","phone":"+886 2 2375 6777","website":"https://www.hotelrelaxclub.com/"},"geometry":{"type":"Point","coordinates":[121.513096,25.046117]}},{"type":"Feature","properties":{"id":"osm:way:451928553","name":"太豪大飯店","category":"hotel","nameEn":"Tai Hope Hotel","address":"台北市松山區興安街137號"},"geometry":{"type":"Point","coordinates":[121.544704,25.056221]}},{"type":"Feature","properties":{"id":"osm:way:451934172","name":"多郎明哥旅館","category":"hotel","nameEn":"Dolamanco Hotel","address":"106090台北市大安區信義路三段73號","phone":"+886 2 2700 1200","website":"https://www.dolamanco.com.tw/"},"geometry":{"type":"Point","coordinates":[121.536966,25.033749]}},{"type":"Feature","properties":{"id":"osm:way:456394945","name":"丹迪旅店","category":"hotel","nameEn":"Dandy Hotel - Daan Park","address":"106090臺北市大安區信義路三段33號3-10樓","phone":"+886 2 2707 6899","website":"https://www.dandyhotel.com.tw/"},"geometry":{"type":"Point","coordinates":[121.534658,25.033895]}},{"type":"Feature","properties":{"id":"osm:way:457483395","name":"高雅旅館","category":"hotel"},"geometry":{"type":"Point","coordinates":[121.552613,25.024889]}},{"type":"Feature","properties":{"id":"osm:way:464942765","name":"台北慕軒","category":"hotel","nameEn":"Madison Taipei","phone":"+886 2 7726 6699","website":"https://www.madisontaipei.com/"},"geometry":{"type":"Point","coordinates":[121.549383,25.034013]}},{"type":"Feature","properties":{"id":"osm:way:473823333","name":"遠東國際大飯店","category":"hotel","nameEn":"Shangri-la Eastern Plaza Hotel","address":"10675臺北市大安區敦化南路二段201號","phone":"+886 2 2378 8888","website":"http://www.shangri-la.com/taipei","wheelchair":"yes"},"geometry":{"type":"Point","coordinates":[121.549475,25.026265]}},{"type":"Feature","properties":{"id":"osm:way:491364690","name":"肯特商務飯店","category":"hotel"},"geometry":{"type":"Point","coordinates":[121.48891,25.051282]}},{"type":"Feature","properties":{"id":"osm:way:493022181","name":"皇家玫瑰旅館","category":"hotel","nameEn":"Royal Rose Hotel","address":"104台北市中山區正義里12鄰林森北路133巷8號","phone":"+886 2 2531 7333","website":"https://www.rosehotel.com.tw/"},"geometry":{"type":"Point","coordinates":[121.525563,25.050918]}},{"type":"Feature","properties":{"id":"osm:way:494737309","name":"台北老爺大酒店","category":"hotel","nameEn":"Hotel Royal-Nikko Taipei","address":"104台北市中山區中山北路二段37-1號","phone":"+886-2-25423266","website":"https://www.royal-taipei.com.tw/","wheelchair":"yes"},"geometry":{"type":"Point","coordinates":[121.522961,25.053744]}},{"type":"Feature","properties":{"id":"osm:way:494737324","name":"京都商務旅館","category":"hotel","address":"臺北市中山區長春路38號3-10樓","phone":"+886 2 2567 3366","website":"http://www.kyotohotel.com.tw"},"geometry":{"type":"Point","coordinates":[121.52498,25.05472]}},{"type":"Feature","properties":{"id":"osm:way:494737326","name":"優美旅館","category":"hotel","nameEn":"YOMI Hotel","address":"10446臺北市中山區民生東路一段28號","website":"http://www.yomihotel.com.tw"},"geometry":{"type":"Point","coordinates":[121.524017,25.057838]}},{"type":"Feature","properties":{"id":"osm:way:494742439","name":"友友大飯店","category":"hotel","nameEn":"Friends Hotel","address":"臺北市中山區長春路24號","phone":"+886 2 2531 6767;+886 0800058188","website":"http://yoyo.ffh.com.tw/"},"geometry":{"type":"Point","coordinates":[121.52422,25.054767]}},{"type":"Feature","properties":{"id":"osm:way:494806129","name":"麗都飯店","category":"hotel","nameEn":"Rido Hotel","address":"106090臺北市大安區信義路三段11號1-11樓","phone":"+886 2 2706 5600","website":"http://www.rido.com.tw"},"geometry":{"type":"Point","coordinates":[121.533757,25.033864]}},{"type":"Feature","properties":{"id":"osm:way:495585319","name":"101-S HOTEL 精品旅店","category":"hotel","address":"10844臺北市萬華區成都路101號","phone":"+886 2 2361 1010","website":"http://www.ecfa-hotel.com/","wheelchair":"limited"},"geometry":{"type":"Point","coordinates":[121.504342,25.043292]}},{"type":"Feature","properties":{"id":"osm:way:503782260","name":"法皇商務飯店","category":"hotel"},"geometry":{"type":"Point","coordinates":[121.600054,25.056714]}},{"type":"Feature","properties":{"id":"osm:way:505340535","name":"東吳大飯店","category":"hotel"},"geometry":{"type":"Point","coordinates":[121.511098,25.060378]}},{"type":"Feature","properties":{"id":"osm:way:508934465","name":"歐遊國際連鎖精品旅館","category":"hotel","address":"新北市新莊區思源路746號","phone":"+886 2 8522 1100","website":"https://www.allurmotel.com/","stars":"3"},"geometry":{"type":"Point","coordinates":[121.460403,25.059445]}},{"type":"Feature","properties":{"id":"osm:way:509108637","name":"華泰瑞舍","category":"hotel","nameEn":"Gloria Residence","address":"104臺北市中山區林森北路359號","phone":"+886 2 2531 0699","website":"https://www.gloriaresidence.com/"},"geometry":{"type":"Point","coordinates":[121.525882,25.05722]}},{"type":"Feature","properties":{"id":"osm:way:519055054","name":"雀客藏居","category":"hotel","nameEn":"CHECK inn SELECT","address":"111台北市士林區格致路237號","phone":"+886 2 28616661","website":"https://www.checkinn.com.tw/?page_id=7527"},"geometry":{"type":"Point","coordinates":[121.548668,25.143376]}},{"type":"Feature","properties":{"id":"osm:way:528751765","name":"同一大飯店","category":"hotel","nameEn":"Doitsu Hotel","address":"104臺北市中山區恆安里13鄰農安街36號","website":"https://doitsu.hexa.tw/"},"geometry":{"type":"Point","coordinates":[121.527017,25.064645]}},{"type":"Feature","properties":{"id":"osm:way:529491045","name":"豪爵大飯店台北館","category":"hotel","nameEn":"the Metro Hotel Taipei","address":"104臺北市中山區新喜里20鄰德惠街170巷24號","phone":"+886 2 2594 2977","website":"http://www.metro-hotel.tw/","wheelchair":"yes"},"geometry":{"type":"Point","coordinates":[121.531581,25.065113]}},{"type":"Feature","properties":{"id":"osm:way:539762650","name":"台北富信大飯店二館","category":"hotel"},"geometry":{"type":"Point","coordinates":[121.63238,25.054895]}},{"type":"Feature","properties":{"id":"osm:way:547189959","name":"加賀屋","category":"hotel","nameEn":"Kagaya Beitou","address":"112台北市北投區光明路236號","website":"https://www.kagaya.com.tw/"},"geometry":{"type":"Point","coordinates":[121.506873,25.135984]}},{"type":"Feature","properties":{"id":"osm:way:549464951","name":"華大旅店","category":"hotel"},"geometry":{"type":"Point","coordinates":[121.568636,25.042604]}},{"type":"Feature","properties":{"id":"osm:way:550468208","name":"臺北國際大飯店","category":"hotel","nameEn":"Taipei International Hotel","address":"臺北市中山區南京東路一段66號B1-10樓","phone":"+886 2 6608 5999","website":"https://htl.hotel.com.tw/"},"geometry":{"type":"Point","coordinates":[121.525095,25.051781]}},{"type":"Feature","properties":{"id":"osm:way:551373871","name":"希爾頓逸林酒店","category":"hotel","nameEn":"DoubleTree by Hilton","brand":"DoubleTree"},"geometry":{"type":"Point","coordinates":[121.522765,25.05138]}},{"type":"Feature","properties":{"id":"osm:way:551374196","name":"盤古捷旅","category":"hotel","nameEn":"Panco Inn","address":"104004臺北市中山區中山北路一段135巷39號","phone":"+886 2 2567-1001"},"geometry":{"type":"Point","coordinates":[121.524809,25.051305]}},{"type":"Feature","properties":{"id":"osm:way:551448963","name":"東京國際飯店","category":"hotel","nameEn":"Tokyo International Hotel","address":"104臺北市中山區長春路39號","phone":"+886 2 2564-3733","website":"http://www.tokyohotel.com.tw/"},"geometry":{"type":"Point","coordinates":[121.525875,25.055078]}},{"type":"Feature","properties":{"id":"osm:way:556511658","name":"洛碁大飯店南港館","category":"hotel","nameEn":"Green World Hotels Nan Gang","brand":"Green World Hotels","address":"115011臺北市南港區忠孝東路七段528號","phone":"+886-2-2789-3009","website":"https://nangang.greenworldhotels.com/"},"geometry":{"type":"Point","coordinates":[121.61154,25.05231]}},{"type":"Feature","properties":{"id":"osm:way:557039975","name":"圓山大飯店","category":"hotel","nameEn":"Grand Hotel Taipei","address":"臺北市中山區中山北路四段1巷1號","phone":"+886 2 2886 8888","website":"https://www.grand-hotel.org/","stars":"5"},"geometry":{"type":"Point","coordinates":[121.526388,25.078725]}},{"type":"Feature","properties":{"id":"osm:way:587073871","name":"台北豪城大飯店復興店","category":"hotel","nameEn":"Hope City Fushing Hotel","address":"臺北市大安區復興南路一段275號","phone":"+886 2 2703 9990","website":"http://hope-city-fushing.city-hotel.com.tw/","wheelchair":"no"},"geometry":{"type":"Point","coordinates":[121.543936,25.035688]}},{"type":"Feature","properties":{"id":"osm:way:587075467","name":"大來旅館","category":"hotel","nameEn":"Del I Ght Hotel","address":"105台北市松山區長春路432號"},"geometry":{"type":"Point","coordinates":[121.54491,25.05437]}},{"type":"Feature","properties":{"id":"osm:way:608562614","name":"有誠商旅","category":"hotel","nameEn":"Yusense Hotel","address":"111臺北市士林區臨溪里2鄰至善路二段55號"},"geometry":{"type":"Point","coordinates":[121.544987,25.097817]}},{"type":"Feature","properties":{"id":"osm:way:616556921","name":"新驛旅店","category":"hotel","nameEn":"CityInn Hotel","address":"10047臺北市中正區懷寧街7號","phone":"+886 2 2314 8008","website":"https://c1.cityinn.com.tw/","wheelchair":"limited","stars":"3"},"geometry":{"type":"Point","coordinates":[121.514386,25.046229]}},{"type":"Feature","properties":{"id":"osm:way:621951047","name":"內江商旅","category":"hotel"},"geometry":{"type":"Point","coordinates":[121.50588,25.041556]}},{"type":"Feature","properties":{"id":"osm:way:621951049","name":"大榮Hotel","category":"hotel"},"geometry":{"type":"Point","coordinates":[121.506116,25.041543]}},{"type":"Feature","properties":{"id":"osm:way:628783526","name":"瓏山林台北中和飯店","category":"hotel","nameEn":"RSL Hotel Taipei Zhonghe","address":"23552新北市中和區中正路631號","phone":"+886 2 2222 9999","website":"https://www.rslhotel.com/taipei/"},"geometry":{"type":"Point","coordinates":[121.485236,24.994864]}},{"type":"Feature","properties":{"id":"osm:way:642477593","name":"夾腳拖的家 長安 122","category":"hotel","address":"臺北市大同區長安西路 122 號 (1至4樓)","phone":"+886 2 2558 5050","website":"https://www.flipflophostel.com/"},"geometry":{"type":"Point","coordinates":[121.518078,25.050459]}},{"type":"Feature","properties":{"id":"osm:way:654313802","name":"怡亨酒店","category":"hotel","nameEn":"Hotel Éclat","brand":"éclat","address":"10684臺北市大安區敦化南路一段370號","phone":"+886 2 2784 8888"},"geometry":{"type":"Point","coordinates":[121.548352,25.033758]}},{"type":"Feature","properties":{"id":"osm:way:655068170","name":"春天酒店","category":"hotel","nameEn":"Spring City Resort","address":"112台北市北投區幽雅路18號","phone":"+886 2 28975555","website":"https://www.springresort.com.tw/"},"geometry":{"type":"Point","coordinates":[121.513645,25.137785]}},{"type":"Feature","properties":{"id":"osm:way:655068180","name":"北投馥悅溫泉酒店","category":"hotel","nameEn":"Grand Pleasure Spring Hotel"},"geometry":{"type":"Point","coordinates":[121.510284,25.137595]}},{"type":"Feature","properties":{"id":"osm:way:655068193","name":"北投亞太飯店","category":"hotel","address":"112臺北市北投區林泉里16鄰幽雅路31號","phone":"+886 2 2898 3088","website":"https://www.apresort.com.tw"},"geometry":{"type":"Point","coordinates":[121.514701,25.136941]}},{"type":"Feature","properties":{"id":"osm:way:655068194","name":"北投麗禧溫泉酒店","category":"hotel","nameEn":"Grand View Resort Beitou","address":"台北市北投區幽雅路30號","phone":"+886 2 2898 8888","website":"https://www.gvrb.com.tw","stars":"5"},"geometry":{"type":"Point","coordinates":[121.515012,25.137748]}},{"type":"Feature","properties":{"id":"osm:way:657035012","name":"台北馥敦飯店","category":"hotel","nameEn":"Taipei Fullerton Hotel Fuxing South","address":"106臺北市大安區住安里2鄰復興南路二段41號","phone":"+886 2 2703 1234","website":"https://www.taipeifullerton.com.tw/south"},"geometry":{"type":"Point","coordinates":[121.543884,25.03146]}},{"type":"Feature","properties":{"id":"osm:way:658689502","name":"見潭璞旅","category":"hotel","nameEn":"Boutech Jiantan Hotel"},"geometry":{"type":"Point","coordinates":[121.520352,25.089195]}},{"type":"Feature","properties":{"id":"osm:way:659462696","name":"瑞格商旅","category":"hotel","nameEn":"Regal Hotel","address":"臺北市松山區復興北路307號"},"geometry":{"type":"Point","coordinates":[121.544473,25.058521]}},{"type":"Feature","properties":{"id":"osm:way:659462698","name":"台北馥敦飯店","category":"hotel","nameEn":"Taipei Fullerton Hotel (Fuxing North)","address":"10544台北市松山區復興北路315號"},"geometry":{"type":"Point","coordinates":[121.544522,25.059084]}},{"type":"Feature","properties":{"id":"osm:way:660237863","name":"沃田旅店","category":"hotel","nameEn":"Mellow Fields Hotel","address":"11156台北市士林區中山北路七段127號","website":"https://mellowfields.com.tw/"},"geometry":{"type":"Point","coordinates":[121.531655,25.122815]}},{"type":"Feature","properties":{"id":"osm:way:660423279","name":"國際大旅館","category":"hotel","nameEn":"International Hotel","address":"112臺北市北投區湖山里7鄰湖山路一段7號","phone":"+886 2 2861 7100","website":"https://www.0228617100.ok99.tw"},"geometry":{"type":"Point","coordinates":[121.547955,25.152012]}},{"type":"Feature","properties":{"id":"osm:way:666930852","name":"清翼居旅店童話館","category":"hotel"},"geometry":{"type":"Point","coordinates":[121.512388,25.045809]}},{"type":"Feature","properties":{"id":"osm:way:669261830","name":"富濠飯店","category":"hotel"},"geometry":{"type":"Point","coordinates":[121.543827,25.032727]}},{"type":"Feature","properties":{"id":"osm:way:676958765","name":"CHECKinn","category":"hotel","address":"104臺北市中山區江山里7鄰建國北路二段93號"},"geometry":{"type":"Point","coordinates":[121.537436,25.058712]}},{"type":"Feature","properties":{"id":"osm:way:677361901","name":"上賓大飯店","category":"hotel","address":"臺北市中山區錦州街23巷4號"},"geometry":{"type":"Point","coordinates":[121.525023,25.060645]}},{"type":"Feature","properties":{"id":"osm:way:692419657","name":"大欣Hotel","category":"hotel"},"geometry":{"type":"Point","coordinates":[121.523365,25.053086]}},{"type":"Feature","properties":{"id":"osm:way:698462994","name":"士林萬麗酒店","category":"hotel","nameEn":"Renaissance Taipei Shihlin Hotel","address":"111臺北市士林區中山北路五段8號"},"geometry":{"type":"Point","coordinates":[121.529161,25.093107]}},{"type":"Feature","properties":{"id":"osm:way:699577967","name":"華麗大飯店","category":"hotel","nameEn":"Ferrary hotel","address":"10851台北市萬華區康定路41號","phone":"+886 2 2381 8111","website":"https://ferrary.greenworldhotels.com/"},"geometry":{"type":"Point","coordinates":[121.502469,25.041523]}},{"type":"Feature","properties":{"id":"osm:way:712325716","name":"城市商旅","category":"hotel","nameEn":"CitySuites","address":"103008臺北市大同區南京西路169號","phone":"+886 2 2550 7722","website":"https://www.citysuites.com.tw/zh-tw"},"geometry":{"type":"Point","coordinates":[121.512762,25.054139]}},{"type":"Feature","properties":{"id":"osm:way:712325717","name":"富順大飯店","category":"hotel","nameEn":"Fortune Hotel","address":"103008臺北市大同區南京西路177號","phone":"+886 2 2555 1016"},"geometry":{"type":"Point","coordinates":[121.512635,25.054186]}},{"type":"Feature","properties":{"id":"osm:way:739470536","name":"豪景大酒店","category":"hotel","nameEn":"Hotel Riverview Taipei","address":"臺北市萬華區環河南路一段77號","phone":"+886 2 2311 3131","website":"https://www.riverview.com.tw/"},"geometry":{"type":"Point","coordinates":[121.501483,25.044534]}},{"type":"Feature","properties":{"id":"osm:way:739470537","name":"新豪景大酒店","category":"hotel","nameEn":"Riverview Suites Taipei"},"geometry":{"type":"Point","coordinates":[121.501652,25.044318]}},{"type":"Feature","properties":{"id":"osm:way:74144695","name":"麒麟商務會館","category":"hotel","nameEn":"Gallery Hotel","address":"115臺北市南港區重陽路59號"},"geometry":{"type":"Point","coordinates":[121.596757,25.055915]}},{"type":"Feature","properties":{"id":"osm:way:751099999","name":"台北美侖商旅","category":"hotel","nameEn":"PARKVIEW TAIPEI","address":"104092台北市中山區吉林路49號","phone":"+886 2 2531 3535","website":"https://www.parkviewtaipei.com"},"geometry":{"type":"Point","coordinates":[121.530358,25.053123]}},{"type":"Feature","properties":{"id":"osm:way:751100005","name":"臺北時代寓所新酒店","category":"hotel","nameEn":"Tapestry Collection","brand":"Tapestry Collection","address":"臺北市中正區幸福里林森南路7號","phone":"+886 2 7752 1888","website":"https://tapestry.hilton.com.cn/zh-hk/hotel/taibei/hotel-resonance-taipei-tsaupup/index.html"},"geometry":{"type":"Point","coordinates":[121.523678,25.043813]}},{"type":"Feature","properties":{"id":"osm:way:760240151","name":"城市商旅","category":"hotel","nameEn":"City Suites","address":"台北市大同區延平北路一段51號"},"geometry":{"type":"Point","coordinates":[121.512236,25.051025]}},{"type":"Feature","properties":{"id":"osm:way:764011462","name":"歐華酒店","category":"hotel","nameEn":"The Riviera Hotel","address":"台北市中山區林森北路646號","phone":"+886 2 25853258","website":"https://www.rivierataipei.com"},"geometry":{"type":"Point","coordinates":[121.525483,25.068118]}},{"type":"Feature","properties":{"id":"osm:way:764242700","name":"Swiio Hotel Daan","category":"hotel","nameEn":"Swiio Hotel Daan","address":"臺北市大安區大安路一段185號","phone":"+886-2-2703-2220","website":"https://www.swiio.com/"},"geometry":{"type":"Point","coordinates":[121.546179,25.036157]}},{"type":"Feature","properties":{"id":"osm:way:764255601","name":"艾捷天麗大飯店","category":"hotel","nameEn":"Hej Taipei Arena Hotel","address":"臺北市松山區南京東路四段156號"},"geometry":{"type":"Point","coordinates":[121.556274,25.051296]}},{"type":"Feature","properties":{"id":"osm:way:766384213","name":"hotelpoispois","category":"hotel","address":"台北市大安區市民大道四段168號","phone":"+886 2 2771 1188"},"geometry":{"type":"Point","coordinates":[121.553262,25.044027]}},{"type":"Feature","properties":{"id":"osm:way:772964637","name":"城市商旅","category":"hotel"},"geometry":{"type":"Point","coordinates":[121.510636,25.052166]}},{"type":"Feature","properties":{"id":"osm:way:776207457","name":"凱旋酒店","category":"hotel","nameEn":"Just Palace","address":"114臺北市內湖區港墘里19鄰江南街55號","phone":"+886 2 8752 7888","website":"https://www.justpalacehotel.com.tw/"},"geometry":{"type":"Point","coordinates":[121.578083,25.077538]}},{"type":"Feature","properties":{"id":"osm:way:780136290","name":"尤里西斯旅店","category":"hotel","nameEn":"Ulysses Hotel","address":"104臺北市中山區華陰街28號"},"geometry":{"type":"Point","coordinates":[121.519617,25.049143]}},{"type":"Feature","properties":{"id":"osm:way:815912863","name":"和苑三井花園飯店","category":"hotel","nameEn":"MGH Mitsui Garden Hotel","address":"10652台北市大安區忠孝東路三段30號","phone":"+886 2 2781 1131","website":"https://www.gardenhotels.co.jp/taipei-zhongxiao/tw/"},"geometry":{"type":"Point","coordinates":[121.534153,25.041795]}},{"type":"Feature","properties":{"id":"osm:way:819389186","name":"chez nous Hotel","category":"hotel"},"geometry":{"type":"Point","coordinates":[121.541814,25.036123]}},{"type":"Feature","properties":{"id":"osm:way:824745533","name":"板橋凱撒大飯店","category":"hotel","nameEn":"Caesar Park Hotel Banqiao","address":"新北市板橋區縣民大道二段8號"},"geometry":{"type":"Point","coordinates":[121.462675,25.011552]}},{"type":"Feature","properties":{"id":"osm:way:824879823","name":"香都大飯店","category":"hotel","nameEn":"Charming Castle Hotel","address":"台北市中山區長安東路一段52號","phone":"+886-2-2531-2121","website":"http://blog.udn.com/homesweep/4272189"},"geometry":{"type":"Point","coordinates":[121.52793,25.048207]}},{"type":"Feature","properties":{"id":"osm:way:827759594","name":"葫蘆商旅","category":"hotel"},"geometry":{"type":"Point","coordinates":[121.511747,25.085287]}},{"type":"Feature","properties":{"id":"osm:way:866166011","name":"宏都金殿商務飯店","category":"hotel"},"geometry":{"type":"Point","coordinates":[121.5498,25.028472]}},{"type":"Feature","properties":{"id":"osm:way:890967640","name":"雀客旅館台北杭州","category":"hotel","nameEn":"OOD by CHECK inn","brand":"雀客旅館","address":"100臺北市中正區東門里2鄰杭州南路一段12號","phone":"+886 2 2393 3598"},"geometry":{"type":"Point","coordinates":[121.52544,25.039999]}},{"type":"Feature","properties":{"id":"osm:way:904716781","name":"新莊凱悅嘉軒酒店","category":"hotel","nameEn":"Hyatt Place New Taipei City Xinzhuang","brand":"Hyatt Place","address":"新北市新莊區昌平里001鄰新北大道三段79號","phone":"+886 2 8522 9980","website":"https://www.hyatt.com/en-US/hotel/taiwan/hyatt-place-new-taipei-city-xinzhuang/tpezn","wheelchair":"yes"},"geometry":{"type":"Point","coordinates":[121.454093,25.060006]}},{"type":"Feature","properties":{"id":"osm:way:916913289","name":"格拉斯麗飯店台北","category":"hotel","nameEn":"Hotel Gracery Taipei","brand":"Hotel Gracery","address":"100013臺北市中正區忠孝東路二段89號","phone":"+886 2 2322 0111","website":"https://taipei.gracery.com","wheelchair":"yes"},"geometry":{"type":"Point","coordinates":[121.530641,25.043214]}},{"type":"Feature","properties":{"id":"osm:way:927030070","name":"陽明山美國渡假村","category":"hotel","address":"台北市士林區凱旅路61巷2弄2號"},"geometry":{"type":"Point","coordinates":[121.541536,25.13588]}},{"type":"Feature","properties":{"id":"osm:way:940449168","name":"天雲旅棧 台北中山","category":"hotel","nameEn":"TangoINN Taipei ZhongShan"},"geometry":{"type":"Point","coordinates":[121.523304,25.050347]}},{"type":"Feature","properties":{"id":"osm:way:947774701","name":"悅客商務飯店","category":"hotel"},"geometry":{"type":"Point","coordinates":[121.479597,25.02132]}},{"type":"Feature","properties":{"id":"osm:way:948948336","name":"力歐時尚旅館","category":"hotel","nameEn":"Leo Hotel","address":"100 臺北市中正區延平南路9號1-9樓","phone":"+886-2-23145296","website":"http://www.liohotel.com.tw/","wheelchair":"limited"},"geometry":{"type":"Point","coordinates":[121.510961,25.046284]}},{"type":"Feature","properties":{"id":"osm:way:961112126","name":"宜家商旅","category":"hotel","nameEn":"La Maison Hotel","address":"臺北市內湖區成功路二段512、514號1至10樓","phone":"+886 2 2795 6777"},"geometry":{"type":"Point","coordinates":[121.589713,25.074263]}},{"type":"Feature","properties":{"id":"osm:way:974194296","name":"傑仕堡商旅板橋館","category":"hotel","nameEn":"Jasper Hotel Banqiao Taipei","address":"新北市板橋區縣民大道二段275號"},"geometry":{"type":"Point","coordinates":[121.469353,25.01769]}},{"type":"Feature","properties":{"id":"osm:way:975263622","name":"皇家季節酒店1館","category":"hotel","nameEn":"Royal Seasons Hotel Building 1","address":"103005臺北市大同區南京西路326號1樓、2樓、3樓、4樓、5樓，及8樓、9樓","phone":"+886 2 2555 4288"},"geometry":{"type":"Point","coordinates":[121.512798,25.053747]}},{"type":"Feature","properties":{"id":"osm:way:975263623","name":"皇家季節酒店2館","category":"hotel","nameEn":"Royal Seasons Hotel Building 2","address":"103005臺北市大同區南京西路330號1至11樓","phone":"+886 2 2555 6488"},"geometry":{"type":"Point","coordinates":[121.512611,25.05374]}},{"type":"Feature","properties":{"id":"osm:way:991034514","name":"趣淘漫旅-台北","category":"hotel","nameEn":"Hotel Cham Cham Taipei","address":"新北市板橋區中山路一段139號"},"geometry":{"type":"Point","coordinates":[121.463374,25.011204]}},{"type":"Feature","properties":{"id":"osm:way:997127241","name":"天閣酒店","category":"hotel","nameEn":"The Tango Taipei Nanshi","brand":"The Tango","address":"104002台北市南京西路3號","phone":"+886 2 2567 9999"},"geometry":{"type":"Point","coordinates":[121.521566,25.052655]}}]}