{"type":"FeatureCollection","features":[{"type":"Feature","properties":{"id":"osm:node:10035706038","name":"北科先鋒停車場","category":"parking"},"geometry":{"type":"Point","coordinates":[121.534769,25.04158]}},{"type":"Feature","properties":{"id":"osm:node:10129713103","name":"忠厚市場地下停車場","category":"parking","phone":"02-26437872","capacity":"73"},"geometry":{"type":"Point","coordinates":[121.640609,25.065847]}},{"type":"Feature","properties":{"id":"osm:node:10736477007","name":"ViVi PARK吉利超市停車場","category":"parking","fee":"yes"},"geometry":{"type":"Point","coordinates":[121.50661,25.118955]}},{"type":"Feature","properties":{"id":"osm:node:10736611342","name":"中央保險大樓停車場","category":"parking","wheelchair":"yes"},"geometry":{"type":"Point","coordinates":[121.517961,25.045596]}},{"type":"Feature","properties":{"id":"osm:node:10736611377","name":"崇聖大樓地下停車場","category":"parking"},"geometry":{"type":"Point","coordinates":[121.518404,25.045282]}},{"type":"Feature","properties":{"id":"osm:node:10736611401","name":"中正第一分局停車場","category":"parking","fee":"no"},"geometry":{"type":"Point","coordinates":[121.517577,25.045167]}},{"type":"Feature","properties":{"id":"osm:node:10736611673","name":"台大醫院景通停車場","category":"parking","opening_hours":"Mo-Fr 07:00-18:30","capacity":"19"},"geometry":{"type":"Point","coordinates":[121.518094,25.041995]}},{"type":"Feature","properties":{"id":"osm:node:10769041743","name":"嘟嘟房","category":"parking","nameEn":"Dodohome","brand":"嘟嘟房","fee":"yes"},"geometry":{"type":"Point","coordinates":[121.508265,25.045067]}},{"type":"Feature","properties":{"id":"osm:node:10790516021","name":"士林運動中心停車場","category":"parking"},"geometry":{"type":"Point","coordinates":[121.521358,25.089654]}},{"type":"Feature","properties":{"id":"osm:node:11116505914","name":"俥亭永和秀朗福利站","category":"parking","opening_hours":"24/7","fee":"yes","capacity":"135"},"geometry":{"type":"Point","coordinates":[121.524633,25.002594]}},{"type":"Feature","properties":{"id":"osm:node:11116993896","name":"吉明秀社區停車場","category":"parking"},"geometry":{"type":"Point","coordinates":[121.524628,25.001879]}},{"type":"Feature","properties":{"id":"osm:node:11118984854","name":"秀朗國小停車場","category":"parking","opening_hours":"24/7","fee":"yes","capacity":"750"},"geometry":{"type":"Point","coordinates":[121.521377,24.998704]}},{"type":"Feature","properties":{"id":"osm:node:1115754358","name":"碧山露營場停車場","category":"parking"},"geometry":{"type":"Point","coordinates":[121.580549,25.103608]}},{"type":"Feature","properties":{"id":"osm:node:11244181457","name":"Times","category":"parking","nameEn":"Times","brand":"Times","fee":"yes"},"geometry":{"type":"Point","coordinates":[121.518228,25.032075]}},{"type":"Feature","properties":{"id":"osm:node:11252882076","name":"萬華區行政中心地下停車場","category":"parking","capacity":"205"},"geometry":{"type":"Point","coordinates":[121.499777,25.034588]}},{"type":"Feature","properties":{"id":"osm:node:11263971962","name":"同安停車場","category":"parking","opening_hours":"24/7","fee":"yes","capacity":"124"},"geometry":{"type":"Point","coordinates":[121.521582,25.023356]}},{"type":"Feature","properties":{"id":"osm:node:11335872732","name":"國家圖書館讀者停車場","category":"parking","fee":"yes"},"geometry":{"type":"Point","coordinates":[121.516528,25.036909]}},{"type":"Feature","properties":{"id":"osm:node:11364309498","name":"宏達永利停車場","category":"parking","fee":"yes"},"geometry":{"type":"Point","coordinates":[121.519885,25.00554]}},{"type":"Feature","properties":{"id":"osm:node:11493855851","name":"宏盛國際停車場","category":"parking","fee":"yes"},"geometry":{"type":"Point","coordinates":[121.541363,25.051545]}},{"type":"Feature","properties":{"id":"osm:node:11586155447","name":"富綠第","category":"parking"},"geometry":{"type":"Point","coordinates":[121.513321,25.004426]}},{"type":"Feature","properties":{"id":"osm:node:11586190846","name":"豪傑天下","category":"parking"},"geometry":{"type":"Point","coordinates":[121.513304,25.004192]}},{"type":"Feature","properties":{"id":"osm:node:11889059684","name":"鬆山高中地下停車場","category":"parking"},"geometry":{"type":"Point","coordinates":[121.565754,25.044089]}},{"type":"Feature","properties":{"id":"osm:node:11889064441","name":"松山高中地下停車場","category":"parking"},"geometry":{"type":"Point","coordinates":[121.564942,25.043332]}},{"type":"Feature","properties":{"id":"osm:node:12076385682","name":"城市車旅華山站","category":"parking","nameEn":"City Parking","brand":"城市車旅","fee":"yes"},"geometry":{"type":"Point","coordinates":[121.526373,25.045248]}},{"type":"Feature","properties":{"id":"osm:node:12248026712","name":"凝態館地下停車場","category":"parking","fee":"yes","capacity":"32"},"geometry":{"type":"Point","coordinates":[121.536518,25.021908]}},{"type":"Feature","properties":{"id":"osm:node:12248026713","name":"綜合體育館地下停車場","category":"parking","fee":"yes","capacity":"208"},"geometry":{"type":"Point","coordinates":[121.535431,25.021748]}},{"type":"Feature","properties":{"id":"osm:node:12250687927","name":"萬才館地下機車停車場","category":"parking","capacity":"667"},"geometry":{"type":"Point","coordinates":[121.545001,25.019926]}},{"type":"Feature","properties":{"id":"osm:node:12250779839","name":"霖澤館地下停車場","category":"parking","capacity":"53"},"geometry":{"type":"Point","coordinates":[121.543642,25.020373]}},{"type":"Feature","properties":{"id":"osm:node:12252667502","name":"明達館地下停車場","category":"parking","fee":"yes","capacity":"64"},"geometry":{"type":"Point","coordinates":[121.544438,25.017899]}},{"type":"Feature","properties":{"id":"osm:node:12255465357","name":"卓越大樓地下停車場","category":"parking","capacity":"55"},"geometry":{"type":"Point","coordinates":[121.5282,25.014442]}},{"type":"Feature","properties":{"id":"osm:node:12355400243","name":"府前廣場地下停車場","category":"parking","wheelchair":"yes","fee":"yes"},"geometry":{"type":"Point","coordinates":[121.562794,25.037756]}},{"type":"Feature","properties":{"id":"osm:node:12388351796","name":"信義廣場地下停車場","category":"parking","fee":"yes","capacity":"372"},"geometry":{"type":"Point","coordinates":[121.566553,25.033529]}},{"type":"Feature","properties":{"id":"osm:node:12395348778","name":"忠信廣場停車場","category":"parking","nameEn":"Zhongxin Plaza Parking Lot","fee":"yes"},"geometry":{"type":"Point","coordinates":[121.567877,25.040649]}},{"type":"Feature","properties":{"id":"osm:node:12401888806","name":"嘟嘟房 大安僑安站","category":"parking","opening_hours":"24/7","website":"https://www.utaggo.com.tw/parking-lot-info/AB0500011-%E5%98%9F%E5%98%9F%E6%88%BF%E5%A4%A7%E5%AE%89%E5%83%91%E5%AE%89%E7%AB%99","fee":"yes","capacity":"422"},"geometry":{"type":"Point","coordinates":[121.556589,25.040389]}},{"type":"Feature","properties":{"id":"osm:node:12404372264","name":"國際會議中心停車場","category":"parking","opening_hours":"07:00-23:00","website":"https://www.utaggo.com.tw/parking-lot-info/AB0700077-%E5%98%9F%E5%98%9F%E6%88%BF%E4%B8%96%E8%B2%BF%E4%B8%80%E9%A4%A8%E7%AB%99%E5%81%9C%E8%BB%8A%E5%A0%B4","fee":"yes","capacity":"386"},"geometry":{"type":"Point","coordinates":[121.560805,25.033574]}},{"type":"Feature","properties":{"id":"osm:node:12404372265","name":"嘟嘟房 世貿一館站","category":"parking","nameEn":"Dodohome","brand":"嘟嘟房","opening_hours":"24/7","website":"https://www.utaggo.com.tw/parking-lot-info/AB0700077-%E5%98%9F%E5%98%9F%E6%88%BF%E4%B8%96%E8%B2%BF%E4%B8%80%E9%A4%A8%E7%AB%99%E5%81%9C%E8%BB%8A%E5%A0%B4","fee":"yes","capacity":"342"},"geometry":{"type":"Point","coordinates":[121.562406,25.033939]}},{"type":"Feature","properties":{"id":"osm:node:12405021999","name":"台北君悅酒店停車場","category":"parking","opening_hours":"24/7","fee":"yes","capacity":"504"},"geometry":{"type":"Point","coordinates":[121.562625,25.035645]}},{"type":"Feature","properties":{"id":"osm:node:12424853901","name":"日月亭松山富邦場","category":"parking","address":"110臺北市信義區新仁里19鄰基隆路一段98號地下一層","fee":"yes","capacity":"144"},"geometry":{"type":"Point","coordinates":[121.567061,25.046179]}},{"type":"Feature","properties":{"id":"osm:node:12840184505","name":"台灣聯通","category":"parking","nameEn":"Taiwan Parking","brand":"台灣聯通","fee":"yes"},"geometry":{"type":"Point","coordinates":[121.544598,25.051111]}},{"type":"Feature","properties":{"id":"osm:node:12869842690","name":"Yaxiang Park Car Park","category":"parking","fee":"yes"},"geometry":{"type":"Point","coordinates":[121.571725,25.047504]}},{"type":"Feature","properties":{"id":"osm:node:12901762487","name":"台灣聯通","category":"parking","nameEn":"Taiwan Parking","brand":"台灣聯通","fee":"yes"},"geometry":{"type":"Point","coordinates":[121.526656,25.038491]}},{"type":"Feature","properties":{"id":"osm:node:13142726829","name":"俥亭停車","category":"parking","nameEn":"youparking","brand":"俥亭停車","opening_hours":"00:00-23:59","address":"116台北市文山區恆光街36號","fee":"yes","capacity":"17"},"geometry":{"type":"Point","coordinates":[121.566965,24.981962]}},{"type":"Feature","properties":{"id":"osm:node:13274291271","name":"嘟嘟房台北西門站","category":"parking","nameEn":"Dodohome","brand":"嘟嘟房","fee":"yes"},"geometry":{"type":"Point","coordinates":[121.508568,25.041496]}},{"type":"Feature","properties":{"id":"osm:node:13416561453","name":"興隆路三段308號臨時平面停車場","category":"parking","fee":"yes","capacity":"50"},"geometry":{"type":"Point","coordinates":[121.558511,24.99157]}},{"type":"Feature","properties":{"id":"osm:node:13514372102","name":"捷運新北產業園區站轉乘停車場","category":"parking","fee":"yes","capacity":"68"},"geometry":{"type":"Point","coordinates":[121.460283,25.061699]}},{"type":"Feature","properties":{"id":"osm:node:13628845393","name":"忠孝公園地下停車場","category":"parking"},"geometry":{"type":"Point","coordinates":[121.459913,24.996823]}},{"type":"Feature","properties":{"id":"osm:node:13912360479","name":"正好停 科技大樓地下場","category":"parking","nameEn":"Technology Building Parking Lot","opening_hours":"24/7","website":"https://atis.taipei.gov.tw/aspx/park/parkF.aspx?lang=zh-Hant-TW&region=%E5%A4%A7%E5%AE%89%E5%8D%80&sn=TPE1888","fee":"yes","capacity":"113"},"geometry":{"type":"Point","coordinates":[121.54293,25.026014]}},{"type":"Feature","properties":{"id":"osm:node:1720014708","name":"濱江國中地下停車場","category":"parking"},"geometry":{"type":"Point","coordinates":[121.5613,25.079185]}},{"type":"Feature","properties":{"id":"osm:node:1720289811","name":"嘟嘟房","category":"parking","nameEn":"Dodohome","brand":"嘟嘟房","fee":"yes"},"geometry":{"type":"Point","coordinates":[121.613568,25.059172]}},{"type":"Feature","properties":{"id":"osm:node:1720289827","name":"南港軟體園區地下停車場","category":"parking"},"geometry":{"type":"Point","coordinates":[121.613451,25.056362]}},{"type":"Feature","properties":{"id":"osm:node:1720302265","name":"遠東電信園區 T-PARK 地下停車場","category":"parking","fee":"yes"},"geometry":{"type":"Point","coordinates":[121.456517,24.998762]}},{"type":"Feature","properties":{"id":"osm:node:1720309752","name":"亞東醫院停車場 (地下)","category":"parking","fee":"yes"},"geometry":{"type":"Point","coordinates":[121.453476,24.997967]}},{"type":"Feature","properties":{"id":"osm:node:1832675697","name":"地下停車場","category":"parking"},"geometry":{"type":"Point","coordinates":[121.572602,25.086071]}},{"type":"Feature","properties":{"id":"osm:node:1839319943","name":"西湖捷運地下停場","category":"parking"},"geometry":{"type":"Point","coordinates":[121.566509,25.082907]}},{"type":"Feature","properties":{"id":"osm:node:1926398696","name":"松山工農停車場","category":"parking","fee":"NT$30/H","capacity":"160"},"geometry":{"type":"Point","coordinates":[121.572416,25.039056]}},{"type":"Feature","properties":{"id":"osm:node:1943865066","name":"實踐大學停車場","category":"parking"},"geometry":{"type":"Point","coordinates":[121.545181,25.083094]}},{"type":"Feature","properties":{"id":"osm:node:2179271709","name":"地下停車場","category":"parking"},"geometry":{"type":"Point","coordinates":[121.552723,25.10224]}},{"type":"Feature","properties":{"id":"osm:node:2264127540","name":"馬公友誼公園地下停車場","category":"parking","fee":"yes"},"geometry":{"type":"Point","coordinates":[121.542718,24.968457]}},{"type":"Feature","properties":{"id":"osm:node:2307156566","name":"停車場","category":"parking"},"geometry":{"type":"Point","coordinates":[121.592307,25.082854]}},{"type":"Feature","properties":{"id":"osm:node:2308208990","name":"停車場","category":"parking"},"geometry":{"type":"Point","coordinates":[121.59255,25.083629]}},{"type":"Feature","properties":{"id":"osm:node:2308209004","name":"停車場","category":"parking"},"geometry":{"type":"Point","coordinates":[121.592124,25.083325]}},{"type":"Feature","properties":{"id":"osm:node:2308209014","name":"停車場","category":"parking"},"geometry":{"type":"Point","coordinates":[121.592954,25.083954]}},{"type":"Feature","properties":{"id":"osm:node:2624433741","name":"停車場","category":"parking"},"geometry":{"type":"Point","coordinates":[121.50321,25.118651]}},{"type":"Feature","properties":{"id":"osm:node:2744612493","name":"臺大醫院員工停車場","category":"parking"},"geometry":{"type":"Point","coordinates":[121.520117,25.03994]}},{"type":"Feature","properties":{"id":"osm:node:2847707207","name":"松壽廣場地下停車場","category":"parking","address":"110台北市信義區松智路15號","wheelchair":"yes","fee":"yes","capacity":"446"},"geometry":{"type":"Point","coordinates":[121.566096,25.037462]}},{"type":"Feature","properties":{"id":"osm:node:3033922309","name":"海光公園地下停車場","category":"parking","fee":"yes","capacity":"105"},"geometry":{"type":"Point","coordinates":[121.508446,25.081025]}},{"type":"Feature","properties":{"id":"osm:node:3054761527","name":"大都市科學園區停車場","category":"parking","address":"新北市五股區中興路一段","fee":"yes"},"geometry":{"type":"Point","coordinates":[121.469517,25.072437]}},{"type":"Feature","properties":{"id":"osm:node:3097139275","name":"市民大道停車場延吉段","category":"parking","fee":"yes"},"geometry":{"type":"Point","coordinates":[121.552432,25.044428]}},{"type":"Feature","properties":{"id":"osm:node:3097339788","name":"市民大道停車場 (復興 - 敦化)","category":"parking","fee":"yes","capacity":"215"},"geometry":{"type":"Point","coordinates":[121.547096,25.045019]}},{"type":"Feature","properties":{"id":"osm:node:3148707746","name":"萬萬停車場","category":"parking","fee":"yes"},"geometry":{"type":"Point","coordinates":[121.522746,25.065387]}},{"type":"Feature","properties":{"id":"osm:node:3157660616","name":"南港區行政中心地下停車場","category":"parking","address":"115台北市南港區南港路一段360號","fee":"yes","capacity":"8"},"geometry":{"type":"Point","coordinates":[121.606879,25.054702]}},{"type":"Feature","properties":{"id":"osm:node:3172604471","name":"中和國小地下停車場","category":"parking","fee":"yes"},"geometry":{"type":"Point","coordinates":[121.500138,24.998601]}},{"type":"Feature","properties":{"id":"osm:node:3191034139","name":"萬華國中地下停車場","category":"parking"},"geometry":{"type":"Point","coordinates":[121.499723,25.028921]}},{"type":"Feature","properties":{"id":"osm:node:3191035893","name":"艋舺公園地下停車場","category":"parking","fee":"yes","capacity":"786"},"geometry":{"type":"Point","coordinates":[121.499535,25.036156]}},{"type":"Feature","properties":{"id":"osm:node:3192426185","name":"青年公園棒球場地下停車場","category":"parking","address":"108台北市萬華區青年路69號","phone":"+886 2 2309 2133","fee":"yes","capacity":"276"},"geometry":{"type":"Point","coordinates":[121.503156,25.023837]}},{"type":"Feature","properties":{"id":"osm:node:3192426190","name":"青年公園高爾夫球場地下停車場","category":"parking","address":"108台北市萬華區國興路5號","fee":"yes","capacity":"335"},"geometry":{"type":"Point","coordinates":[121.50741,25.02473]}},{"type":"Feature","properties":{"id":"osm:node:3196533866","name":"臺北地下街地下停車場","category":"parking","fee":"yes"},"geometry":{"type":"Point","coordinates":[121.516711,25.048754]}},{"type":"Feature","properties":{"id":"osm:node:3196909524","name":"臺灣聯通","category":"parking"},"geometry":{"type":"Point","coordinates":[121.55911,25.048216]}},{"type":"Feature","properties":{"id":"osm:node:3196998919","name":"市民大道停車場 (林森 - 金山)","category":"parking","fee":"yes"},"geometry":{"type":"Point","coordinates":[121.527528,25.046993]}},{"type":"Feature","properties":{"id":"osm:node:3208558495","name":"永和國小地下停車場","category":"parking","fee":"yes"},"geometry":{"type":"Point","coordinates":[121.517469,25.001772]}},{"type":"Feature","properties":{"id":"osm:node:3232592861","name":"東湖國小地下停車場","category":"parking","address":"114臺北市內湖區東湖路115-1號","fee":"yes"},"geometry":{"type":"Point","coordinates":[121.616186,25.068339]}},{"type":"Feature","properties":{"id":"osm:node:3249098935","name":"Civic Boulevard Car Park (Fuxing-Dunhua)","category":"parking","opening_hours":"24/7"},"geometry":{"type":"Point","coordinates":[121.547684,25.044875]}},{"type":"Feature","properties":{"id":"osm:node:3311207885","name":"仁愛公園地下停車場(仁愛路出入口)","category":"parking","fee":"yes","capacity":"645"},"geometry":{"type":"Point","coordinates":[121.506128,25.010145]}},{"type":"Feature","properties":{"id":"osm:node:3452066663","name":"海角專用停車場","category":"parking"},"geometry":{"type":"Point","coordinates":[121.486368,25.004566]}},{"type":"Feature","properties":{"id":"osm:node:3519592781","name":"臺灣科學教育館停車場","category":"parking","wheelchair":"yes"},"geometry":{"type":"Point","coordinates":[121.515956,25.096422]}},{"type":"Feature","properties":{"id":"osm:node:3519652833","name":"博客停車場","category":"parking","wheelchair":"yes"},"geometry":{"type":"Point","coordinates":[121.527439,25.095199]}},{"type":"Feature","properties":{"id":"osm:node:3525967064","name":"城市車旅三創生活園區場","category":"parking","nameEn":"City Parking","brand":"城市車旅","address":"100臺北市中正區市民大道三段2號","fee":"yes","capacity":"454"},"geometry":{"type":"Point","coordinates":[121.53079,25.045129]}},{"type":"Feature","properties":{"id":"osm:node:3606296009","name":"長揚停車場","category":"parking","fee":"yes"},"geometry":{"type":"Point","coordinates":[121.576251,25.073847]}},{"type":"Feature","properties":{"id":"osm:node:3631514163","name":"Times 永和中和路","category":"parking","nameEn":"Times","brand":"Times","fee":"yes"},"geometry":{"type":"Point","coordinates":[121.512424,25.004374]}},{"type":"Feature","properties":{"id":"osm:node:3635673679","name":"景新分館地下停車場","category":"parking","brand":"俥亭停車","fee":"yes","capacity":"47"},"geometry":{"type":"Point","coordinates":[121.542186,24.989952]}},{"type":"Feature","properties":{"id":"osm:node:3645402231","name":"詮營耕莘醫院停車場","category":"parking","nameEn":"Parkinsys Parking","brand":"詮營停車","fee":"yes"},"geometry":{"type":"Point","coordinates":[121.535981,24.97605]}},{"type":"Feature","properties":{"id":"osm:node:3685275307","name":"安婷停車場","category":"parking","fee":"yes"},"geometry":{"type":"Point","coordinates":[121.532425,25.054646]}},{"type":"Feature","properties":{"id":"osm:node:3705848848","name":"遠東大廈停車場","category":"parking","fee":"yes"},"geometry":{"type":"Point","coordinates":[121.556659,25.03185]}},{"type":"Feature","properties":{"id":"osm:node:3727152545","name":"華視光復停車場","category":"parking","fee":"yes"},"geometry":{"type":"Point","coordinates":[121.557237,25.043146]}},{"type":"Feature","properties":{"id":"osm:node:3763974840","name":"承德公園地下停車場","category":"parking","wheelchair":"limited","fee":"yes"},"geometry":{"type":"Point","coordinates":[121.522319,25.089782]}},{"type":"Feature","properties":{"id":"osm:node:3835339696","name":"忠順超市停車場","category":"parking","fee":"yes"},"geometry":{"type":"Point","coordinates":[121.562978,24.984266]}},{"type":"Feature","properties":{"id":"osm:node:3939158033","name":"新生國小地下停車場","category":"parking","fee":"yes"},"geometry":{"type":"Point","coordinates":[121.533392,25.029487]}},{"type":"Feature","properties":{"id":"osm:node:4031296814","name":"億光地下停車場","category":"parking"},"geometry":{"type":"Point","coordinates":[121.538155,25.042207]}},{"type":"Feature","properties":{"id":"osm:node:4031297492","name":"臺灣聯通","category":"parking","brand":"臺灣聯通","fee":"yes"},"geometry":{"type":"Point","coordinates":[121.5355,25.052403]}},{"type":"Feature","properties":{"id":"osm:node:4108947178","name":"Smile 速邁樂 台大長興停車場","category":"parking","capacity":"154"},"geometry":{"type":"Point","coordinates":[121.545749,25.017379]}},{"type":"Feature","properties":{"id":"osm:node:4149587186","name":"師大運動場區地下停車場","category":"parking"},"geometry":{"type":"Point","coordinates":[121.525371,25.026359]}},{"type":"Feature","properties":{"id":"osm:node:4298876983","name":"永固便利停車場","category":"parking","fee":"yes"},"geometry":{"type":"Point","coordinates":[121.543809,24.992323]}},{"type":"Feature","properties":{"id":"osm:node:4298897643","name":"重慶南路室內停車場","category":"parking","fee":"yes"},"geometry":{"type":"Point","coordinates":[121.512983,25.044694]}},{"type":"Feature","properties":{"id":"osm:node:4325694179","name":"良友八德停車場","category":"parking","fee":"yes"},"geometry":{"type":"Point","coordinates":[121.531058,25.043173]}},{"type":"Feature","properties":{"id":"osm:node:4338628221","name":"台灣聯通衡陽場","category":"parking","address":"100臺北市中正區衡陽路51號","website":"http://taiwan-parking.com.tw/","fee":"yes"},"geometry":{"type":"Point","coordinates":[121.511889,25.042357]}},{"type":"Feature","properties":{"id":"osm:node:4338628222","name":"台灣聯通重慶場","category":"parking","address":"100臺北市中正區重慶南路一段5˙號","phone":"+886-2-25235000","website":"http://taiwan-parking.com.tw/","wheelchair":"yes","fee":"yes"},"geometry":{"type":"Point","coordinates":[121.51406,25.044637]}},{"type":"Feature","properties":{"id":"osm:node:4338628223","name":"台灣聯通阿曼TIT場","category":"parking","address":"108臺北市萬華區西寧南路123號","website":"http://taiwan-parking.com.tw/","wheelchair":"yes"},"geometry":{"type":"Point","coordinates":[121.506465,25.044331]}},{"type":"Feature","properties":{"id":"osm:node:4338628224","name":"台灣聯通誠品場","category":"parking","address":"108臺北市萬華區武昌街二段77號","website":"http://taiwan-parking.com.tw/","wheelchair":"yes"},"geometry":{"type":"Point","coordinates":[121.505558,25.045143]}},{"type":"Feature","properties":{"id":"osm:node:4338628225","name":"台灣聯通停車場","category":"parking","nameEn":"Taiwan Parking","brand":"台灣聯通","address":"10844臺北市萬華區成都路81號","phone":"+886 2 2523 5000","website":"http://www.taiwan-parking.com.tw/","wheelchair":"yes","fee":"yes"},"geometry":{"type":"Point","coordinates":[121.505174,25.043051]}},{"type":"Feature","properties":{"id":"osm:node:4340649184","name":"厚德國民小學地下停車場","category":"parking"},"geometry":{"type":"Point","coordinates":[121.490043,25.071731]}},{"type":"Feature","properties":{"id":"osm:node:4340649186","name":"台灣聯通停車場","category":"parking"},"geometry":{"type":"Point","coordinates":[121.494048,25.07135]}},{"type":"Feature","properties":{"id":"osm:node:4340649392","name":"正義國小地下停車場","category":"parking"},"geometry":{"type":"Point","coordinates":[121.495276,25.064631]}},{"type":"Feature","properties":{"id":"osm:node:4344542435","name":"建國高架南京-長安(B)","category":"parking","fee":"yes"},"geometry":{"type":"Point","coordinates":[121.536812,25.053208]}},{"type":"Feature","properties":{"id":"osm:node:4410233101","name":"台灣聯通太原場","category":"parking","nameEn":"Taiwan Parking","brand":"台灣聯通","fee":"yes"},"geometry":{"type":"Point","coordinates":[121.515429,25.051961]}},{"type":"Feature","properties":{"id":"osm:node:4436373687","name":"二重國中地下停車場","category":"parking"},"geometry":{"type":"Point","coordinates":[121.479696,25.064855]}},{"type":"Feature","properties":{"id":"osm:node:4437575415","name":"二重國小地下停車場","category":"parking"},"geometry":{"type":"Point","coordinates":[121.478082,25.065148]}},{"type":"Feature","properties":{"id":"osm:node:4448603115","name":"永福國小地下停車場","category":"parking","wheelchair":"yes"},"geometry":{"type":"Point","coordinates":[121.47969,25.077445]}},{"type":"Feature","properties":{"id":"osm:node:4448632954","name":"碧華國小地下停車場","category":"parking"},"geometry":{"type":"Point","coordinates":[121.489287,25.084444]}},{"type":"Feature","properties":{"id":"osm:node:4524318973","name":"花卉市場地下停車場","category":"parking","fee":"yes"},"geometry":{"type":"Point","coordinates":[121.540404,25.00485]}},{"type":"Feature","properties":{"id":"osm:node:4524863661","name":"吳興街平面停車場","category":"parking"},"geometry":{"type":"Point","coordinates":[121.5611,25.02802]}},{"type":"Feature","properties":{"id":"osm:node:4524863976","name":"福華大飯店附設停車場","category":"parking"},"geometry":{"type":"Point","coordinates":[121.542291,25.036979]}},{"type":"Feature","properties":{"id":"osm:node:4524864157","name":"市民大道停車場塔城段","category":"parking","nameEn":"Civic Boulevard Car Park (Tacheng)","fee":"yes"},"geometry":{"type":"Point","coordinates":[121.509553,25.050312]}},{"type":"Feature","properties":{"id":"osm:node:4524864547","name":"應安168停車場","category":"parking"},"geometry":{"type":"Point","coordinates":[121.557236,24.998575]}},{"type":"Feature","properties":{"id":"osm:node:4574296465","name":"游泳館地下停車場","category":"parking"},"geometry":{"type":"Point","coordinates":[121.511933,25.067138]}},{"type":"Feature","properties":{"id":"osm:node:4577164112","name":"地下停車場","category":"parking","wheelchair":"yes"},"geometry":{"type":"Point","coordinates":[121.458155,25.054881]}},{"type":"Feature","properties":{"id":"osm:node:4590390875","name":"民享公園停車場","category":"parking"},"geometry":{"type":"Point","coordinates":[121.475841,25.003453]}},{"type":"Feature","properties":{"id":"osm:node:4688621839","name":"自由廣場停車場","category":"parking"},"geometry":{"type":"Point","coordinates":[121.572985,25.078726]}},{"type":"Feature","properties":{"id":"osm:node:4716078881","name":"文山運動中心停車場","category":"parking","address":"116臺北市文山區興隆路三段222號B1,B2樓","capacity":"79"},"geometry":{"type":"Point","coordinates":[121.559202,24.996985]}},{"type":"Feature","properties":{"id":"osm:node:4717630765","name":"福和國中地下停車場","category":"parking","address":"234新北市永和區永亨路96號","website":"https://www.parkinginfo.ntpc.gov.tw/parkingrealInfo/","fee":"yes","capacity":"554"},"geometry":{"type":"Point","coordinates":[121.522823,25.004706]}},{"type":"Feature","properties":{"id":"osm:node:4721803326","name":"玉成公園停車場","category":"parking","address":"115台北市南港區成福路118號","phone":"+886 2 2651 7459","fee":"yes","capacity":"412"},"geometry":{"type":"Point","coordinates":[121.587027,25.04203]}},{"type":"Feature","properties":{"id":"osm:node:4721810390","name":"玉成國小地下停車場","category":"parking","address":"115臺北市南港區昆陽街23號","website":"https://tpis.pma.gov.tw/ParkInfo/realinfo","fee":"yes","capacity":"297"},"geometry":{"type":"Point","coordinates":[121.592945,25.053275]}},{"type":"Feature","properties":{"id":"osm:node:4730177930","name":"大湖公園地下停車場","category":"parking"},"geometry":{"type":"Point","coordinates":[121.602077,25.083238]}},{"type":"Feature","properties":{"id":"osm:node:4761932378","name":"汽車停車場","category":"parking","opening_hours":"Tu-Su 05:00-22:00","address":"116臺北市文山區木柵路四段159巷16號B2樓","phone":"+886 2 2239 5494","website":"https://www.mcrip.gov.taipei/cp.aspx?n=1C142956F2E5E830&s=D743E18BB758C509","fee":"yes","capacity":"36"},"geometry":{"type":"Point","coordinates":[121.575277,25.000644]}},{"type":"Feature","properties":{"id":"osm:node:4784491162","name":"地下停車場","category":"parking"},"geometry":{"type":"Point","coordinates":[121.609748,25.075193]}},{"type":"Feature","properties":{"id":"osm:node:4836631402","name":"永康停車場","category":"parking","wheelchair":"no","fee":"yes"},"geometry":{"type":"Point","coordinates":[121.531437,25.033369]}},{"type":"Feature","properties":{"id":"osm:node:4836651142","name":"大豐公園地下停車場","category":"parking"},"geometry":{"type":"Point","coordinates":[121.504127,25.131264]}},{"type":"Feature","properties":{"id":"osm:node:4837986352","name":"臺北市府公務停車場","category":"parking"},"geometry":{"type":"Point","coordinates":[121.564577,25.038465]}},{"type":"Feature","properties":{"id":"osm:node:4837986376","name":"宏達停車南京場","category":"parking"},"geometry":{"type":"Point","coordinates":[121.564311,25.050937]}},{"type":"Feature","properties":{"id":"osm:node:4837986379","name":"臺灣聯通八德場","category":"parking"},"geometry":{"type":"Point","coordinates":[121.56411,25.049841]}},{"type":"Feature","properties":{"id":"osm:node:4837986433","name":"樂業停車場","category":"parking","fee":"yes"},"geometry":{"type":"Point","coordinates":[121.550209,25.023816]}},{"type":"Feature","properties":{"id":"osm:node:4837986503","name":"U-Park","category":"parking"},"geometry":{"type":"Point","coordinates":[121.549677,25.062159]}},{"type":"Feature","properties":{"id":"osm:node:4837986557","name":"愛馬屋通化場","category":"parking"},"geometry":{"type":"Point","coordinates":[121.556349,25.030457]}},{"type":"Feature","properties":{"id":"osm:node:4838087756","name":"應安停車場","category":"parking"},"geometry":{"type":"Point","coordinates":[121.510704,25.06852]}},{"type":"Feature","properties":{"id":"osm:node:4853097954","name":"新北市三重區三張地下停車場","category":"parking"},"geometry":{"type":"Point","coordinates":[121.489344,25.070358]}},{"type":"Feature","properties":{"id":"osm:node:4884189152","name":"哈拉影城停車場","category":"parking"},"geometry":{"type":"Point","coordinates":[121.611785,25.069573]}},{"type":"Feature","properties":{"id":"osm:node:4905269484","name":"地下停車場","category":"parking","wheelchair":"limited"},"geometry":{"type":"Point","coordinates":[121.544443,25.095532]}},{"type":"Feature","properties":{"id":"osm:node:4908907758","name":"屋頂停車場","category":"parking"},"geometry":{"type":"Point","coordinates":[121.470647,25.095831]}},{"type":"Feature","properties":{"id":"osm:node:4996818955","name":"地下停車場","category":"parking"},"geometry":{"type":"Point","coordinates":[121.574955,24.97942]}},{"type":"Feature","properties":{"id":"osm:node:5009507722","name":"地下停車場","category":"parking"},"geometry":{"type":"Point","coordinates":[121.572058,24.979687]}},{"type":"Feature","properties":{"id":"osm:node:5052921352","name":"台灣聯通 華泰王子場","category":"parking","nameEn":"Taiwan Parking","brand":"台灣聯通","opening_hours":"Mo-Su 08:00-22:00","address":"104臺北市中山區林森北路359號","fee":"yes"},"geometry":{"type":"Point","coordinates":[121.525733,25.057116]}},{"type":"Feature","properties":{"id":"osm:node:5097128281","name":"永建國小地下停車場","category":"parking","address":"11645臺北市文山區木柵路一段311巷1號","phone":"+886 2 2234 7883","fee":"yes"},"geometry":{"type":"Point","coordinates":[121.555916,24.989335]}},{"type":"Feature","properties":{"id":"osm:node:5103303041","name":"地下停車場","category":"parking"},"geometry":{"type":"Point","coordinates":[121.546903,25.138592]}},{"type":"Feature","properties":{"id":"osm:node:5108706590","name":"俥停停車場","category":"parking","fee":"yes"},"geometry":{"type":"Point","coordinates":[121.537719,24.98343]}},{"type":"Feature","properties":{"id":"osm:node:5108706594","name":"台北矽谷國際會議中心停車場","category":"parking","fee":"yes"},"geometry":{"type":"Point","coordinates":[121.539899,24.98562]}},{"type":"Feature","properties":{"id":"osm:node:5108706595","name":"台北矽谷停車場","category":"parking","fee":"yes"},"geometry":{"type":"Point","coordinates":[121.539981,24.98464]}},{"type":"Feature","properties":{"id":"osm:node:5110245046","name":"吉拾台大尊賢場","category":"parking","opening_hours":"24/7","website":"https://atis.taipei.gov.tw/aspx/park/parkF.aspx?lang=zh-Hant-TW&region=%E5%A4%A7%E5%AE%89%E5%8D%80&sn=TPE0764","fee":"yes","capacity":"27"},"geometry":{"type":"Point","coordinates":[121.536239,25.013553]}},{"type":"Feature","properties":{"id":"osm:node:5110348205","name":"松山車站地下停車場","category":"parking","fee":"yes"},"geometry":{"type":"Point","coordinates":[121.578208,25.048474]}},{"type":"Feature","properties":{"id":"osm:node:5110348543","name":"八德停車場","category":"parking"},"geometry":{"type":"Point","coordinates":[121.581095,25.050654]}},{"type":"Feature","properties":{"id":"osm:node:5110348813","name":"五分埔公園地下停車場","category":"parking","fee":"yes"},"geometry":{"type":"Point","coordinates":[121.58026,25.046874]}},{"type":"Feature","properties":{"id":"osm:node:5110489314","name":"台灣聯通","category":"parking","nameEn":"Taiwan Parking","brand":"台灣聯通","fee":"yes"},"geometry":{"type":"Point","coordinates":[121.526311,25.060003]}},{"type":"Feature","properties":{"id":"osm:node:5110489759","name":"台灣聯通停車場","category":"parking","fee":"yes"},"geometry":{"type":"Point","coordinates":[121.525464,25.062385]}},{"type":"Feature","properties":{"id":"osm:node:5110489795","name":"六福停車場","category":"parking","wheelchair":"yes"},"geometry":{"type":"Point","coordinates":[121.50593,25.045648]}},{"type":"Feature","properties":{"id":"osm:node:5110490288","name":"富偉停車場","category":"parking"},"geometry":{"type":"Point","coordinates":[121.532667,25.057189]}},{"type":"Feature","properties":{"id":"osm:node:5203315621","name":"地下停車場","category":"parking","fee":"yes"},"geometry":{"type":"Point","coordinates":[121.519214,25.102973]}},{"type":"Feature","properties":{"id":"osm:node:5219051422","name":"嘟嘟房","category":"parking","nameEn":"Dodohome","brand":"嘟嘟房","address":"111台北市士林區中山北路六段422號","wheelchair":"limited","fee":"yes"},"geometry":{"type":"Point","coordinates":[121.527255,25.113716]}},{"type":"Feature","properties":{"id":"osm:node:5242581622","name":"地下停車場","category":"parking","address":"111台北市士林區士東路91巷4號","wheelchair":"yes"},"geometry":{"type":"Point","coordinates":[121.528711,25.112589]}},{"type":"Feature","properties":{"id":"osm:node:5249515030","name":"松山高中地下停車場","category":"parking","fee":"yes"},"geometry":{"type":"Point","coordinates":[121.564046,25.044032]}},{"type":"Feature","properties":{"id":"osm:node:5271075499","name":"深坑兒童遊戲場地下停車場","category":"parking","opening_hours":"24/7","phone":"+886 0800 02 1111","fee":"yes","capacity":"168"},"geometry":{"type":"Point","coordinates":[121.615747,25.001419]}},{"type":"Feature","properties":{"id":"osm:node:5293666984","name":"歐華酒店附設停車場","category":"parking","fee":"yes"},"geometry":{"type":"Point","coordinates":[121.525445,25.067987]}},{"type":"Feature","properties":{"id":"osm:node:5295049482","name":"光興國小地下停車場","category":"parking"},"geometry":{"type":"Point","coordinates":[121.49929,25.06013]}},{"type":"Feature","properties":{"id":"osm:node:5302745070","name":"聯合醫院三重院區第三地下停車場","category":"parking","fee":"yes"},"geometry":{"type":"Point","coordinates":[121.490477,25.060875]}},{"type":"Feature","properties":{"id":"osm:node:5377255527","name":"仁愛公園地下停車場(保安路出入口)","category":"parking","fee":"yes","capacity":"645"},"geometry":{"type":"Point","coordinates":[121.506222,25.012425]}},{"type":"Feature","properties":{"id":"osm:node:5382846204","name":"地下停車場＿","category":"parking"},"geometry":{"type":"Point","coordinates":[121.520815,25.096485]}},{"type":"Feature","properties":{"id":"osm:node:5716821721","name":"停車場行人出入口","category":"parking","fee":"yes"},"geometry":{"type":"Point","coordinates":[121.506343,25.01173]}},{"type":"Feature","properties":{"id":"osm:node:5716821722","name":"停車場行人出入口","category":"parking","fee":"yes"},"geometry":{"type":"Point","coordinates":[121.505776,25.011922]}},{"type":"Feature","properties":{"id":"osm:node:5716821723","name":"停車場行人出入口","category":"parking","fee":"yes"},"geometry":{"type":"Point","coordinates":[121.506302,25.010544]}},{"type":"Feature","properties":{"id":"osm:node:5872918757","name":"捷運紅樹林站轉乘停車場","category":"parking"},"geometry":{"type":"Point","coordinates":[121.459008,25.153377]}},{"type":"Feature","properties":{"id":"osm:node:6038422487","name":"保安宮-無障礙停車格","category":"parking","wheelchair":"yes"},"geometry":{"type":"Point","coordinates":[121.515318,25.073071]}},{"type":"Feature","properties":{"id":"osm:node:6151326418","name":"福林公園地下停車場","category":"parking","fee":"yes"},"geometry":{"type":"Point","coordinates":[121.53067,25.095993]}},{"type":"Feature","properties":{"id":"osm:node:6315265189","name":"安康公有停車場","category":"parking"},"geometry":{"type":"Point","coordinates":[121.512558,24.96284]}},{"type":"Feature","properties":{"id":"osm:node:6513767050","name":"員工停車場","category":"parking"},"geometry":{"type":"Point","coordinates":[121.520673,25.120093]}},{"type":"Feature","properties":{"id":"osm:node:6681607202","name":"CITYLINK停車場","category":"parking"},"geometry":{"type":"Point","coordinates":[121.578818,25.049142]}},{"type":"Feature","properties":{"id":"osm:node:6725632028","name":"臺北醫學大學大安校區停車場","category":"parking","fee":"yes"},"geometry":{"type":"Point","coordinates":[121.554096,25.026302]}},{"type":"Feature","properties":{"id":"osm:node:6741640233","name":"國泰置地廣場停車場","category":"parking","fee":"yes"},"geometry":{"type":"Point","coordinates":[121.56639,25.040229]}},{"type":"Feature","properties":{"id":"osm:node:6780010550","name":"明德敦品停車場","category":"parking","fee":"yes"},"geometry":{"type":"Point","coordinates":[121.519437,25.104499]}},{"type":"Feature","properties":{"id":"osm:node:7166330086","name":"新北市三重區五常地下停車場(出口)","category":"parking"},"geometry":{"type":"Point","coordinates":[121.495887,25.080704]}},{"type":"Feature","properties":{"id":"osm:node:7273543191","name":"臺灣聯通東興場","category":"parking"},"geometry":{"type":"Point","coordinates":[121.567439,25.049045]}},{"type":"Feature","properties":{"id":"osm:node:7890666803","name":"景美愛買地下停車場","category":"parking","phone":"+886 800 201 527","fee":"yes","capacity":"127"},"geometry":{"type":"Point","coordinates":[121.542547,24.991989]}},{"type":"Feature","properties":{"id":"osm:node:8104143567","name":"臺大醫院地下停車場","category":"parking","opening_hours":"06:00-24:00","fee":"yes","capacity":"207"},"geometry":{"type":"Point","coordinates":[121.518517,25.040793]}},{"type":"Feature","properties":{"id":"osm:node:8104143568","name":"臺大醫院國際會議中心停車場","category":"parking","fee":"yes"},"geometry":{"type":"Point","coordinates":[121.520518,25.040272]}},{"type":"Feature","properties":{"id":"osm:node:8190008317","name":"第一運動場地下停車場","category":"parking","fee":"yes"},"geometry":{"type":"Point","coordinates":[121.469015,25.011525]}},{"type":"Feature","properties":{"id":"osm:node:8190008817","name":"第一運動場西門停車場","category":"parking","fee":"yes","capacity":"25"},"geometry":{"type":"Point","coordinates":[121.46701,25.01047]}},{"type":"Feature","properties":{"id":"osm:node:8395704616","name":"新埔立體停車場","category":"parking"},"geometry":{"type":"Point","coordinates":[121.458019,25.024029]}},{"type":"Feature","properties":{"id":"osm:node:8494661625","name":"基泰台大地下停車場","category":"parking","fee":"yes"},"geometry":{"type":"Point","coordinates":[121.532169,25.017382]}},{"type":"Feature","properties":{"id":"osm:node:873134188","name":"carrefour car park entrance","category":"parking"},"geometry":{"type":"Point","coordinates":[121.605039,25.054479]}},{"type":"Feature","properties":{"id":"osm:node:8949509422","name":"停車場出入口","category":"parking"},"geometry":{"type":"Point","coordinates":[121.640229,25.064071]}},{"type":"Feature","properties":{"id":"osm:node:9007445308","name":"百揚大樓停車場","category":"parking"},"geometry":{"type":"Point","coordinates":[121.467547,25.013084]}},{"type":"Feature","properties":{"id":"osm:node:9230254166","name":"汐止火車站停車場","category":"parking","nameEn":"Xizhi Railway Station Parking Lot","brand":"YouBike 2.0","opening_hours":"24/7","fee":"yes","capacity":"99"},"geometry":{"type":"Point","coordinates":[121.661102,25.067685]}},{"type":"Feature","properties":{"id":"osm:node:924215099","name":"國立台灣科技大學研揚大樓停車場","category":"parking"},"geometry":{"type":"Point","coordinates":[121.542772,25.015023]}},{"type":"Feature","properties":{"id":"osm:node:9274739290","name":"大港墘公園地下停車場","category":"parking"},"geometry":{"type":"Point","coordinates":[121.574525,25.078594]}},{"type":"Feature","properties":{"id":"osm:node:9307980656","name":"新北市政府公務停車場","category":"parking"},"geometry":{"type":"Point","coordinates":[121.464485,25.012445]}},{"type":"Feature","properties":{"id":"osm:node:9317442058","name":"板橋大遠百停車場","category":"parking"},"geometry":{"type":"Point","coordinates":[121.467295,25.014369]}},{"type":"Feature","properties":{"id":"osm:node:9345808063","name":"亞東停車場","category":"parking"},"geometry":{"type":"Point","coordinates":[121.452342,24.996437]}},{"type":"Feature","properties":{"id":"osm:node:9572155210","name":"停車場","category":"parking","fee":"no","capacity":"23"},"geometry":{"type":"Point","coordinates":[121.586586,24.988115]}},{"type":"Feature","properties":{"id":"osm:node:9652391299","name":"健康大樓機車停車場","category":"parking","opening_hours":"24/7","fee":"yes","capacity":"250"},"geometry":{"type":"Point","coordinates":[121.518456,25.043716]}},{"type":"Feature","properties":{"id":"osm:node:9652391301","name":"健康大樓汽車停車場","category":"parking","opening_hours":"24/7","fee":"yes","capacity":"383"},"geometry":{"type":"Point","coordinates":[121.518426,25.043622]}},{"type":"Feature","properties":{"id":"osm:node:9653474759","name":"臺大醫院急診前停車場","category":"parking","opening_hours":"24/7","capacity":"23"},"geometry":{"type":"Point","coordinates":[121.520033,25.04135]}},{"type":"Feature","properties":{"id":"osm:node:9654339361","name":"臺大醫院景福停車場","category":"parking","opening_hours":"06:30-23:00","capacity":"38"},"geometry":{"type":"Point","coordinates":[121.517174,25.04376]}},{"type":"Feature","properties":{"id":"osm:node:9654394171","name":"臺大兒醫停車場","category":"parking","opening_hours":"06:00-24:00","capacity":"317"},"geometry":{"type":"Point","coordinates":[121.518476,25.044063]}},{"type":"Feature","properties":{"id":"osm:node:9660475224","name":"水森館地下停車場","category":"parking"},"geometry":{"type":"Point","coordinates":[121.522706,25.04187]}},{"type":"Feature","properties":{"id":"osm:node:9928724094","name":"重安段停車場","category":"parking","nameEn":"Chong'an Section Parking Lot","fee":"yes"},"geometry":{"type":"Point","coordinates":[121.490118,25.057933]}},{"type":"Feature","properties":{"id":"osm:node:9928724097","name":"重安段停車場","category":"parking","nameEn":"Chong'an Section Parking Lot","fee":"yes"},"geometry":{"type":"Point","coordinates":[121.490617,25.057601]}},{"type":"Feature","properties":{"id":"osm:node:9928724102","name":"重安段停車場","category":"parking","nameEn":"Chong'an Section Parking Lot","fee":"yes"},"geometry":{"type":"Point","coordinates":[121.492791,25.055869]}},{"type":"Feature","properties":{"id":"osm:node:9928724106","name":"重安段停車場","category":"parking","nameEn":"Chong'an Section Parking Lot","fee":"yes"},"geometry":{"type":"Point","coordinates":[121.493538,25.055536]}},{"type":"Feature","properties":{"id":"osm:node:9928788158","name":"重安段停車場","category":"parking","nameEn":"Chong'an Section Parking Lot","fee":"yes"},"geometry":{"type":"Point","coordinates":[121.490076,25.057956]}},{"type":"Feature","properties":{"id":"osm:node:9928927273","name":"重安段停車場","category":"parking","nameEn":"Chong'an Section Parking Lot","fee":"yes"},"geometry":{"type":"Point","coordinates":[121.49183,25.056541]}},{"type":"Feature","properties":{"id":"osm:node:9928927288","name":"重安段停車場","category":"parking","nameEn":"Chong'an Section Parking Lot","fee":"yes"},"geometry":{"type":"Point","coordinates":[121.494589,25.05515]}},{"type":"Feature","properties":{"id":"osm:node:9928927292","name":"重安段停車場","category":"parking","nameEn":"Chong'an Section Parking Lot","fee":"yes"},"geometry":{"type":"Point","coordinates":[121.494905,25.055021]}},{"type":"Feature","properties":{"id":"osm:node:9928927293","name":"重安段停車場","category":"parking","nameEn":"Chong'an Section Parking Lot","fee":"yes"},"geometry":{"type":"Point","coordinates":[121.494999,25.054983]}},{"type":"Feature","properties":{"id":"osm:node:9928927301","name":"重安段停車場","category":"parking","nameEn":"Chong'an Section Parking Lot","fee":"yes"},"geometry":{"type":"Point","coordinates":[121.495315,25.054854]}},{"type":"Feature","properties":{"id":"osm:node:9928927304","name":"重安段停車場","category":"parking","nameEn":"Chong'an Section Parking Lot","fee":"yes"},"geometry":{"type":"Point","coordinates":[121.495644,25.05472]}},{"type":"Feature","properties":{"id":"osm:node:9931956607","name":"光榮國小地下停車場","category":"parking"},"geometry":{"type":"Point","coordinates":[121.500372,25.072218]}},{"type":"Feature","properties":{"id":"osm:node:9948657543","name":"捷運新北產業園區站轉乘停車場","category":"parking","fee":"yes","capacity":"25"},"geometry":{"type":"Point","coordinates":[121.459532,25.060612]}},{"type":"Feature","properties":{"id":"osm:node:9957482200","name":"Times","category":"parking","nameEn":"Times","brand":"Times","fee":"yes"},"geometry":{"type":"Point","coordinates":[121.497764,25.035813]}},{"type":"Feature","properties":{"id":"osm:relation:11078589","name":"市民大道停車場塔城段","category":"parking","nameEn":"Civic Boulevard Car Park (Tacheng)","fee":"yes"},"geometry":{"type":"Point","coordinates":[121.509657,25.050295]}},{"type":"Feature","properties":{"id":"osm:relation:16051375","name":"嘟嘟房玉成三站","category":"parking"},"geometry":{"type":"Point","coordinates":[121.583907,25.048569]}},{"type":"Feature","properties":{"id":"osm:relation:16051376","name":"嘟嘟房玉成五站","category":"parking","nameEn":"Dodohome","brand":"嘟嘟房","fee":"yes"},"geometry":{"type":"Point","coordinates":[121.583614,25.047414]}},{"type":"Feature","properties":{"id":"osm:relation:16051377","name":"Zipcar停車場","category":"parking"},"geometry":{"type":"Point","coordinates":[121.583078,25.046934]}},{"type":"Feature","properties":{"id":"osm:relation:16270077","name":"百里亭","category":"parking","fee":"yes"},"geometry":{"type":"Point","coordinates":[121.534059,25.049935]}},{"type":"Feature","properties":{"id":"osm:relation:16771157","name":"大安森林公園地下停車場","category":"parking","opening_hours":"24/7","wheelchair":"yes","fee":"yes","capacity":"1352"},"geometry":{"type":"Point","coordinates":[121.53648,25.032459]}},{"type":"Feature","properties":{"id":"osm:relation:16805830","name":"應安168新光三越場","category":"parking","fee":"yes"},"geometry":{"type":"Point","coordinates":[121.520718,25.051468]}},{"type":"Feature","properties":{"id":"osm:relation:17879186","name":"Hongxin Parking","category":"parking","fee":"yes"},"geometry":{"type":"Point","coordinates":[121.526903,25.045036]}},{"type":"Feature","properties":{"id":"osm:relation:18155466","name":"寶中停車場","category":"parking","fee":"yes"},"geometry":{"type":"Point","coordinates":[121.547388,24.979955]}},{"type":"Feature","properties":{"id":"osm:relation:18305162","name":"府前廣場地下停車場","category":"parking"},"geometry":{"type":"Point","coordinates":[121.562658,25.037558]}},{"type":"Feature","properties":{"id":"osm:relation:18374719","name":"延吉廢鐵道停車場","category":"parking","fee":"yes"},"geometry":{"type":"Point","coordinates":[121.555347,25.042943]}},{"type":"Feature","properties":{"id":"osm:relation:18463393","name":"監察院停車場","category":"parking"},"geometry":{"type":"Point","coordinates":[121.520376,25.044924]}},{"type":"Feature","properties":{"id":"osm:relation:18469576","name":"信陽街平面停車場","category":"parking","fee":"yes"},"geometry":{"type":"Point","coordinates":[121.515806,25.044799]}},{"type":"Feature","properties":{"id":"osm:relation:19978094","name":"頂溪國小地下停車場","category":"parking","nameEn":"Dingxi Elementary School Underground Parking Lot","opening_hours":"24/7","address":"23442新北市永和區文化路133號B1樓","phone":"+886 2 2312505","wheelchair":"yes","fee":"yes"},"geometry":{"type":"Point","coordinates":[121.510701,25.015084]}},{"type":"Feature","properties":{"id":"osm:relation:20817687","name":"USPACE 成功國宅場 (和平東路三段)","category":"parking","opening_hours":"24/7","website":"https://pass.uspace.city/b/hourly/014e457e-be46-4daf-a445-36b3929cac3f","fee":"yes"},"geometry":{"type":"Point","coordinates":[121.546821,25.027665]}},{"type":"Feature","properties":{"id":"osm:relation:20819287","name":"USPACE 成功郵局鄰近車位","category":"parking","opening_hours":"24/7","fee":"yes"},"geometry":{"type":"Point","coordinates":[121.545542,25.025953]}},{"type":"Feature","properties":{"id":"osm:relation:4601745","name":"福州街平面停車場","category":"parking","fee":"yes"},"geometry":{"type":"Point","coordinates":[121.514929,25.026821]}},{"type":"Feature","properties":{"id":"osm:relation:5376015","name":"根基168停車場","category":"parking","fee":"yes"},"geometry":{"type":"Point","coordinates":[121.523983,25.030454]}},{"type":"Feature","properties":{"id":"osm:relation:5664115","name":"來安停車場","category":"parking"},"geometry":{"type":"Point","coordinates":[121.536676,24.974545]}},{"type":"Feature","properties":{"id":"osm:relation:6056513","name":"城市車旅","category":"parking","nameEn":"City Parking","brand":"城市車旅","fee":"yes"},"geometry":{"type":"Point","coordinates":[121.556174,24.998274]}},{"type":"Feature","properties":{"id":"osm:relation:6084138","name":"車亭停車場","category":"parking"},"geometry":{"type":"Point","coordinates":[121.504436,24.982178]}},{"type":"Feature","properties":{"id":"osm:relation:6559936","name":"公有建國平面停車場","category":"parking","address":"新北市新店區建國路356-1號","fee":"yes"},"geometry":{"type":"Point","coordinates":[121.537534,24.986247]}},{"type":"Feature","properties":{"id":"osm:relation:6745023","name":"City Park吳興三角窗站","category":"parking","fee":"yes"},"geometry":{"type":"Point","coordinates":[121.560233,25.025559]}},{"type":"Feature","properties":{"id":"osm:relation:6889839","name":"嘟嘟房瑞安站","category":"parking","fee":"yes"},"geometry":{"type":"Point","coordinates":[121.539302,25.025697]}},{"type":"Feature","properties":{"id":"osm:relation:7569455","name":"三福街平面停車場","category":"parking","fee":"yes","capacity":"39"},"geometry":{"type":"Point","coordinates":[121.542864,24.998321]}},{"type":"Feature","properties":{"id":"osm:relation:8444070","name":"仰德立體停車場","category":"parking","address":"100臺北市中正區南昌路一段5號","phone":"+886 2 2341-7285","fee":"yes","capacity":"115"},"geometry":{"type":"Point","coordinates":[121.516616,25.033197]}},{"type":"Feature","properties":{"id":"osm:relation:8708471","name":"義芳第一停車場","category":"parking","address":"116台北市文山區興隆路一段137巷10號","fee":"yes","capacity":"17"},"geometry":{"type":"Point","coordinates":[121.542667,25.002202]}},{"type":"Feature","properties":{"id":"osm:relation:8708472","name":"義芳第二停車場","category":"parking","address":"116台北市文山區興隆路一段137巷10-1號","fee":"yes","capacity":"148"},"geometry":{"type":"Point","coordinates":[121.54303,25.001972]}},{"type":"Feature","properties":{"id":"osm:relation:8911127","name":"義芳第五停車場","category":"parking","fee":"yes"},"geometry":{"type":"Point","coordinates":[121.543932,25.00061]}},{"type":"Feature","properties":{"id":"osm:relation:9279961","name":"吳興街220巷59弄平面停車場","category":"parking","fee":"yes"},"geometry":{"type":"Point","coordinates":[121.560422,25.026746]}},{"type":"Feature","properties":{"id":"osm:relation:9643419","name":"南京東路停車場","category":"parking","fee":"yes"},"geometry":{"type":"Point","coordinates":[121.551495,25.052624]}},{"type":"Feature","properties":{"id":"osm:relation:9904526","name":"芳蘭第二平面停車場","category":"parking","fee":"yes"},"geometry":{"type":"Point","coordinates":[121.548026,25.013621]}},{"type":"Feature","properties":{"id":"osm:way:1002200813","name":"Times 迪化街","category":"parking","nameEn":"Times","brand":"Times","fee":"yes","capacity":"5"},"geometry":{"type":"Point","coordinates":[121.51056,25.052971]}},{"type":"Feature","properties":{"id":"osm:way:1002545260","name":"Times","category":"parking","nameEn":"Times","brand":"Times","fee":"yes"},"geometry":{"type":"Point","coordinates":[121.615349,25.061058]}},{"type":"Feature","properties":{"id":"osm:way:1002930390","name":"嘟嘟房","category":"parking","nameEn":"Dodohome","brand":"嘟嘟房","fee":"yes"},"geometry":{"type":"Point","coordinates":[121.505301,25.027827]}},{"type":"Feature","properties":{"id":"osm:way:1003993236","name":"停車場","category":"parking","fee":"yes"},"geometry":{"type":"Point","coordinates":[121.541634,25.136644]}},{"type":"Feature","properties":{"id":"osm:way:1005182680","name":"寶高停車場","category":"parking","fee":"yes"},"geometry":{"type":"Point","coordinates":[121.553701,24.97464]}},{"type":"Feature","properties":{"id":"osm:way:1011480083","name":"英士路停車場","category":"parking","fee":"yes"},"geometry":{"type":"Point","coordinates":[121.460494,25.023508]}},{"type":"Feature","properties":{"id":"osm:way:1012095443","name":"華江橋下停車場","category":"parking","fee":"yes"},"geometry":{"type":"Point","coordinates":[121.492371,25.035497]}},{"type":"Feature","properties":{"id":"osm:way:1014883309","name":"華翠橋下B區停車場","category":"parking","fee":"yes"},"geometry":{"type":"Point","coordinates":[121.482548,25.026297]}},{"type":"Feature","properties":{"id":"osm:way:1015443505","name":"中山高架橋下停車場","category":"parking"},"geometry":{"type":"Point","coordinates":[121.484772,25.06146]}},{"type":"Feature","properties":{"id":"osm:way:1015443506","name":"中山高架橋下停車場","category":"parking"},"geometry":{"type":"Point","coordinates":[121.486374,25.061439]}},{"type":"Feature","properties":{"id":"osm:way:1015443507","name":"中山高架橋下停車場","category":"parking"},"geometry":{"type":"Point","coordinates":[121.481574,25.061511]}},{"type":"Feature","properties":{"id":"osm:way:1015443508","name":"中山高架橋下停車場","category":"parking"},"geometry":{"type":"Point","coordinates":[121.479681,25.061544]}},{"type":"Feature","properties":{"id":"osm:way:1015476019","name":"車堡寶停車場","category":"parking"},"geometry":{"type":"Point","coordinates":[121.467422,25.061775]}},{"type":"Feature","properties":{"id":"osm:way:1016218082","name":"777","category":"parking"},"geometry":{"type":"Point","coordinates":[121.46108,25.049828]}},{"type":"Feature","properties":{"id":"osm:way:1017534100","name":"D區停車場","category":"parking"},"geometry":{"type":"Point","coordinates":[121.451279,25.174838]}},{"type":"Feature","properties":{"id":"osm:way:1017534101","name":"D區停車場","category":"parking"},"geometry":{"type":"Point","coordinates":[121.451022,25.175079]}},{"type":"Feature","properties":{"id":"osm:way:1017534102","name":"D區停車場","category":"parking"},"geometry":{"type":"Point","coordinates":[121.450663,25.174935]}},{"type":"Feature","properties":{"id":"osm:way:1017534103","name":"E區停車場","category":"parking"},"geometry":{"type":"Point","coordinates":[121.45245,25.175034]}},{"type":"Feature","properties":{"id":"osm:way:1017534104","name":"E區停車場","category":"parking"},"geometry":{"type":"Point","coordinates":[121.452709,25.175395]}},{"type":"Feature","properties":{"id":"osm:way:1019730338","name":"城市車旅","category":"parking","nameEn":"City Parking","brand":"城市車旅","fee":"yes"},"geometry":{"type":"Point","coordinates":[121.498158,25.079611]}},{"type":"Feature","properties":{"id":"osm:way:1019780887","name":"來來亭","category":"parking"},"geometry":{"type":"Point","coordinates":[121.498519,25.077825]}},{"type":"Feature","properties":{"id":"osm:way:1019780901","name":"元信二街停車場","category":"parking"},"geometry":{"type":"Point","coordinates":[121.495356,25.0794]}},{"type":"Feature","properties":{"id":"osm:way:1019780908","name":"來來停車場 (月租專用)","category":"parking"},"geometry":{"type":"Point","coordinates":[121.495849,25.079556]}},{"type":"Feature","properties":{"id":"osm:way:1019780909","name":"元信停車場 (月租專用)","category":"parking"},"geometry":{"type":"Point","coordinates":[121.496879,25.080156]}},{"type":"Feature","properties":{"id":"osm:way:1019781523","name":"城市車旅","category":"parking","nameEn":"City Parking","brand":"城市車旅","fee":"yes"},"geometry":{"type":"Point","coordinates":[121.497289,25.080027]}},{"type":"Feature","properties":{"id":"osm:way:1019904481","name":"嘟嘟房","category":"parking","nameEn":"Dodohome","brand":"嘟嘟房","fee":"yes"},"geometry":{"type":"Point","coordinates":[121.521618,25.049046]}},{"type":"Feature","properties":{"id":"osm:way:1019909255","name":"嘟嘟房","category":"parking","nameEn":"Dodohome","brand":"嘟嘟房","fee":"yes"},"geometry":{"type":"Point","coordinates":[121.52327,25.061065]}},{"type":"Feature","properties":{"id":"osm:way:1022231534","name":"禾典停車場","category":"parking","fee":"yes"},"geometry":{"type":"Point","coordinates":[121.519099,25.062469]}},{"type":"Feature","properties":{"id":"osm:way:1022938095","name":"城市車旅","category":"parking","nameEn":"City Parking","brand":"城市車旅","opening_hours":"24/7","fee":"yes"},"geometry":{"type":"Point","coordinates":[121.522397,25.059716]}},{"type":"Feature","properties":{"id":"osm:way:1024115441","name":"Times","category":"parking","nameEn":"Times","brand":"Times","fee":"yes"},"geometry":{"type":"Point","coordinates":[121.490184,25.089908]}},{"type":"Feature","properties":{"id":"osm:way:1024122345","name":"來來亭","category":"parking","fee":"yes"},"geometry":{"type":"Point","coordinates":[121.479586,25.082216]}},{"type":"Feature","properties":{"id":"osm:way:1029283907","name":"文山興隆臨時平面停車場","category":"parking","opening_hours":"24/7","phone":"+886 2 2308 4476","fee":"yes","capacity":"49"},"geometry":{"type":"Point","coordinates":[121.556932,24.995122]}},{"type":"Feature","properties":{"id":"osm:way:1033322337","name":"328停車場","category":"parking","fee":"yes"},"geometry":{"type":"Point","coordinates":[121.518618,25.094167]}},{"type":"Feature","properties":{"id":"osm:way:1033322787","name":"Times","category":"parking","nameEn":"Times","brand":"Times","fee":"yes"},"geometry":{"type":"Point","coordinates":[121.518107,25.094802]}},{"type":"Feature","properties":{"id":"osm:way:1042128037","name":"嘟嘟房中南站","category":"parking","nameEn":"Dodohome","brand":"嘟嘟房","fee":"yes"},"geometry":{"type":"Point","coordinates":[121.61266,25.053566]}},{"type":"Feature","properties":{"id":"osm:way:1042128043","name":"Times","category":"parking","nameEn":"Times","brand":"Times","fee":"yes"},"geometry":{"type":"Point","coordinates":[121.613796,25.059667]}},{"type":"Feature","properties":{"id":"osm:way:1054228718","name":"大同停車場","category":"parking"},"geometry":{"type":"Point","coordinates":[121.478652,25.027384]}},{"type":"Feature","properties":{"id":"osm:way:1054228720","name":"大同停車場","category":"parking"},"geometry":{"type":"Point","coordinates":[121.478046,25.027438]}},{"type":"Feature","properties":{"id":"osm:way:1056656057","name":"和平廈門停車場","category":"parking"},"geometry":{"type":"Point","coordinates":[121.518187,25.026861]}},{"type":"Feature","properties":{"id":"osm:way:1059167870","name":"Times 南港車站前停車場","category":"parking"},"geometry":{"type":"Point","coordinates":[121.60461,25.053148]}},{"type":"Feature","properties":{"id":"osm:way:1060247645","name":"枋寮平面停車場","category":"parking","fee":"yes"},"geometry":{"type":"Point","coordinates":[121.500188,25.000877]}},{"type":"Feature","properties":{"id":"osm:way:1064082813","name":"日月亭中和秀峰場","category":"parking","fee":"yes","capacity":"16"},"geometry":{"type":"Point","coordinates":[121.52338,24.990042]}},{"type":"Feature","properties":{"id":"osm:way:1066428896","name":"保儀路平面停車場","category":"parking","opening_hours":"24/7","fee":"yes","capacity":"48"},"geometry":{"type":"Point","coordinates":[121.565988,24.98436]}},{"type":"Feature","properties":{"id":"osm:way:1069281616","name":"濱江橋下平面停車場","category":"parking","nameEn":"Binjang Car Park"},"geometry":{"type":"Point","coordinates":[121.541556,25.072337]}},{"type":"Feature","properties":{"id":"osm:way:1075934524","name":"宜舍停車","category":"parking"},"geometry":{"type":"Point","coordinates":[121.453121,24.980045]}},{"type":"Feature","properties":{"id":"osm:way:1075939213","name":"俥亭停車","category":"parking","nameEn":"youparking","brand":"俥亭停車","fee":"yes"},"geometry":{"type":"Point","coordinates":[121.456019,24.980336]}},{"type":"Feature","properties":{"id":"osm:way:1075940381","name":"土城拖吊保管場","category":"parking"},"geometry":{"type":"Point","coordinates":[121.459334,24.984951]}},{"type":"Feature","properties":{"id":"osm:way:1085257071","name":"萬安停車場","category":"parking"},"geometry":{"type":"Point","coordinates":[121.48359,25.023926]}},{"type":"Feature","properties":{"id":"osm:way:1085760877","name":"應安168","category":"parking","fee":"yes"},"geometry":{"type":"Point","coordinates":[121.457329,25.060836]}},{"type":"Feature","properties":{"id":"osm:way:1085760878","name":"城市車旅","category":"parking","nameEn":"City Parking","brand":"城市車旅","fee":"yes"},"geometry":{"type":"Point","coordinates":[121.457237,25.059953]}},{"type":"Feature","properties":{"id":"osm:way:1086749742","name":"Times","category":"parking","nameEn":"Times","brand":"Times","fee":"yes"},"geometry":{"type":"Point","coordinates":[121.497439,25.035989]}},{"type":"Feature","properties":{"id":"osm:way:1087124649","name":"遠東高爾夫練習場停車場","category":"parking"},"geometry":{"type":"Point","coordinates":[121.451002,24.9976]}},{"type":"Feature","properties":{"id":"osm:way:1088765696","name":"華翠橋下G區停車場","category":"parking","fee":"yes"},"geometry":{"type":"Point","coordinates":[121.477636,25.023165]}},{"type":"Feature","properties":{"id":"osm:way:1088766931","name":"華翠橋下H區停車場","category":"parking","fee":"yes"},"geometry":{"type":"Point","coordinates":[121.476568,25.022381]}},{"type":"Feature","properties":{"id":"osm:way:1089813559","name":"月租停車場","category":"parking"},"geometry":{"type":"Point","coordinates":[121.620646,25.05071]}},{"type":"Feature","properties":{"id":"osm:way:1089813560","name":"月租停車場","category":"parking"},"geometry":{"type":"Point","coordinates":[121.620769,25.050172]}},{"type":"Feature","properties":{"id":"osm:way:1090916269","name":"藏壽司停車場","category":"parking"},"geometry":{"type":"Point","coordinates":[121.460666,25.048061]}},{"type":"Feature","properties":{"id":"osm:way:1095449208","name":"自強停車場","category":"parking"},"geometry":{"type":"Point","coordinates":[121.486573,25.071638]}},{"type":"Feature","properties":{"id":"osm:way:1097514923","name":"寶星停車場","category":"parking","fee":"yes"},"geometry":{"type":"Point","coordinates":[121.543175,25.042032]}},{"type":"Feature","properties":{"id":"osm:way:1100746035","name":"停車場","category":"parking"},"geometry":{"type":"Point","coordinates":[121.454638,24.990649]}},{"type":"Feature","properties":{"id":"osm:way:1100987529","name":"忠孝國中地下停車場","category":"parking","fee":"yes"},"geometry":{"type":"Point","coordinates":[121.46191,25.003867]}},{"type":"Feature","properties":{"id":"osm:way:1101044423","name":"板橋停車區","category":"parking"},"geometry":{"type":"Point","coordinates":[121.469076,25.014156]}},{"type":"Feature","properties":{"id":"osm:way:1103150570","name":"禾典停車場溫州站","category":"parking","brand":"禾典停車場","fee":"yes"},"geometry":{"type":"Point","coordinates":[121.533129,25.022876]}},{"type":"Feature","properties":{"id":"osm:way:1106022726","name":"文強汐止工建停車場","category":"parking","capacity":"90"},"geometry":{"type":"Point","coordinates":[121.640389,25.062717]}},{"type":"Feature","properties":{"id":"osm:way:1106802701","name":"辛亥生態公園平面停車場","category":"parking","fee":"yes"},"geometry":{"type":"Point","coordinates":[121.55728,25.00393]}},{"type":"Feature","properties":{"id":"osm:way:1111228485","name":"樟樹灣停車場","category":"parking","fee":"yes"},"geometry":{"type":"Point","coordinates":[121.642186,25.062839]}},{"type":"Feature","properties":{"id":"osm:way:1113643990","name":"同興路停車場","category":"parking"},"geometry":{"type":"Point","coordinates":[121.638452,25.059912]}},{"type":"Feature","properties":{"id":"osm:way:1113669135","name":"正記樟樹停車場","category":"parking","fee":"yes"},"geometry":{"type":"Point","coordinates":[121.641638,25.068555]}},{"type":"Feature","properties":{"id":"osm:way:1115909064","name":"CITY PARKING 城市車旅停車場 汐止樟樹站","category":"parking","nameEn":"Shiodome Camphor Station","brand":"城市車旅","fee":"yes"},"geometry":{"type":"Point","coordinates":[121.642475,25.069567]}},{"type":"Feature","properties":{"id":"osm:way:112003051","name":"汽車停車場","category":"parking"},"geometry":{"type":"Point","coordinates":[121.501091,25.017143]}},{"type":"Feature","properties":{"id":"osm:way:1124074723","name":"興隆公園地下停車場","category":"parking","fee":"yes"},"geometry":{"type":"Point","coordinates":[121.551328,25.000214]}},{"type":"Feature","properties":{"id":"osm:way:1126953798","name":"嘟嘟房","category":"parking","nameEn":"Dodohome","brand":"嘟嘟房","fee":"yes"},"geometry":{"type":"Point","coordinates":[121.564139,25.053143]}},{"type":"Feature","properties":{"id":"osm:way:1148101299","name":"安安停車場","category":"parking"},"geometry":{"type":"Point","coordinates":[121.473345,25.047458]}},{"type":"Feature","properties":{"id":"osm:way:115493256","name":"臺北市災害應變中心地下停車場","category":"parking","opening_hours":"24/7","website":"https://atis.taipei.gov.tw/aspx/park/parkF.aspx?lang=zh-Hant-TW&region=%E4%BF%A1%E7%BE%A9%E5%8D%80&sn=TPE0567","fee":"yes","capacity":"169"},"geometry":{"type":"Point","coordinates":[121.566272,25.029057]}},{"type":"Feature","properties":{"id":"osm:way:1155279598","name":"華南銀行行員活動中心停車場","category":"parking","fee":"yes"},"geometry":{"type":"Point","coordinates":[121.506596,25.140712]}},{"type":"Feature","properties":{"id":"osm:way:1158985485","name":"新生北停車場","category":"parking","fee":"yes"},"geometry":{"type":"Point","coordinates":[121.527951,25.057568]}},{"type":"Feature","properties":{"id":"osm:way:1160131029","name":"福星停車場","category":"parking","fee":"yes"},"geometry":{"type":"Point","coordinates":[121.508363,25.045796]}},{"type":"Feature","properties":{"id":"osm:way:1172672192","name":"Times板橋忠孝路停車場","category":"parking","fee":"yes"},"geometry":{"type":"Point","coordinates":[121.467201,25.00263]}},{"type":"Feature","properties":{"id":"osm:way:1177914307","name":"城市車旅木柵郵局站停車場","category":"parking","nameEn":"City Parking","brand":"城市車旅","opening_hours":"24/7","phone":"+886 800 208 333","fee":"yes","capacity":"48"},"geometry":{"type":"Point","coordinates":[121.565716,24.988193]}},{"type":"Feature","properties":{"id":"osm:way:1178720729","name":"大港墘公園地下停車場出口","category":"parking"},"geometry":{"type":"Point","coordinates":[121.573509,25.078525]}},{"type":"Feature","properties":{"id":"osm:way:1188806254","name":"大型車停車區","category":"parking"},"geometry":{"type":"Point","coordinates":[121.570629,24.975938]}},{"type":"Feature","properties":{"id":"osm:way:1188806255","name":"B區停車場","category":"parking","fee":"no","capacity":"33"},"geometry":{"type":"Point","coordinates":[121.646349,25.009015]}},{"type":"Feature","properties":{"id":"osm:way:1189998926","name":"八卦夜未眠停車場","category":"parking"},"geometry":{"type":"Point","coordinates":[121.536005,25.133747]}},{"type":"Feature","properties":{"id":"osm:way:1194730662","name":"玉清宮停車場","category":"parking","opening_hours":"24/7","fee":"yes","capacity":"93"},"geometry":{"type":"Point","coordinates":[121.530372,25.001873]}},{"type":"Feature","properties":{"id":"osm:way:1194730663","name":"三瀨停車場","category":"parking","opening_hours":"24/7","fee":"yes","capacity":"141"},"geometry":{"type":"Point","coordinates":[121.529477,25.001535]}},{"type":"Feature","properties":{"id":"osm:way:1194730666","name":"永和長堤停車場","category":"parking","opening_hours":"24/7","fee":"yes","capacity":"97"},"geometry":{"type":"Point","coordinates":[121.529707,25.002445]}},{"type":"Feature","properties":{"id":"osm:way:1194730667","name":"鴻霖停車場","category":"parking","opening_hours":"24/7","fee":"yes","capacity":"10"},"geometry":{"type":"Point","coordinates":[121.529512,25.002224]}},{"type":"Feature","properties":{"id":"osm:way:1194730668","name":"永龍停車場","category":"parking","opening_hours":"24/7","fee":"yes","capacity":"55"},"geometry":{"type":"Point","coordinates":[121.529797,25.002094]}},{"type":"Feature","properties":{"id":"osm:way:1194730674","name":"天琴停車場","category":"parking","opening_hours":"24/7","fee":"yes","capacity":"192"},"geometry":{"type":"Point","coordinates":[121.529611,24.99863]}},{"type":"Feature","properties":{"id":"osm:way:1194730675","name":"致和停車場","category":"parking","opening_hours":"24/7","fee":"yes","capacity":"321"},"geometry":{"type":"Point","coordinates":[121.529771,24.999264]}},{"type":"Feature","properties":{"id":"osm:way:1194730686","name":"安全停車場","category":"parking","opening_hours":"24/7","fee":"yes","capacity":"372"},"geometry":{"type":"Point","coordinates":[121.529961,25.000262]}},{"type":"Feature","properties":{"id":"osm:way:1194767212","name":"福和停車場","category":"parking","opening_hours":"24/7","fee":"yes","capacity":"102"},"geometry":{"type":"Point","coordinates":[121.528683,25.007493]}},{"type":"Feature","properties":{"id":"osm:way:1194767213","name":"大家停車二場","category":"parking","opening_hours":"24/7","fee":"yes","capacity":"480"},"geometry":{"type":"Point","coordinates":[121.529543,25.004709]}},{"type":"Feature","properties":{"id":"osm:way:1194887124","name":"中正堤外停車場","category":"parking","opening_hours":"24/7","fee":"yes","capacity":"122"},"geometry":{"type":"Point","coordinates":[121.513748,25.018784]}},{"type":"Feature","properties":{"id":"osm:way:1194887133","name":"河堤停車場","category":"parking","opening_hours":"24/7","fee":"yes","capacity":"200"},"geometry":{"type":"Point","coordinates":[121.514384,25.018832]}},{"type":"Feature","properties":{"id":"osm:way:1194887134","name":"振順停車場","category":"parking","opening_hours":"24/7","fee":"yes","capacity":"75"},"geometry":{"type":"Point","coordinates":[121.514981,25.018941]}},{"type":"Feature","properties":{"id":"osm:way:1194888161","name":"綠光河岸停車場","category":"parking","opening_hours":"24/7","fee":"yes","capacity":"442"},"geometry":{"type":"Point","coordinates":[121.518325,25.017562]}},{"type":"Feature","properties":{"id":"osm:way:1194891173","name":"秀朗追風停車場","category":"parking","opening_hours":"24/7","fee":"yes","capacity":"428"},"geometry":{"type":"Point","coordinates":[121.528673,24.993121]}},{"type":"Feature","properties":{"id":"osm:way:1194891182","name":"永和花園停車場","category":"parking","opening_hours":"24/7","fee":"yes","capacity":"87"},"geometry":{"type":"Point","coordinates":[121.529961,25.000911]}},{"type":"Feature","properties":{"id":"osm:way:1194910053","name":"帥帥停車場","category":"parking","opening_hours":"24/7","fee":"yes","capacity":"70"},"geometry":{"type":"Point","coordinates":[121.52491,25.009898]}},{"type":"Feature","properties":{"id":"osm:way:1194910064","name":"永合停車場","category":"parking","opening_hours":"24/7","fee":"yes"},"geometry":{"type":"Point","coordinates":[121.524223,25.011106]}},{"type":"Feature","properties":{"id":"osm:way:1194910065","name":"元順停車場","category":"parking","opening_hours":"24/7","fee":"yes","capacity":"123"},"geometry":{"type":"Point","coordinates":[121.523982,25.011277]}},{"type":"Feature","properties":{"id":"osm:way:1194914924","name":"綠寶石大客車停車場","category":"parking","opening_hours":"24/7","fee":"no"},"geometry":{"type":"Point","coordinates":[121.504564,25.013905]}},{"type":"Feature","properties":{"id":"osm:way:1194914948","name":"新店溪綠寶石停車場","category":"parking","opening_hours":"24/7","fee":"yes","capacity":"787"},"geometry":{"type":"Point","coordinates":[121.507135,25.016036]}},{"type":"Feature","properties":{"id":"osm:way:1198603205","name":"台灣聯通秀山場","category":"parking","opening_hours":"24/7","fee":"yes"},"geometry":{"type":"Point","coordinates":[121.518497,24.995288]}},{"type":"Feature","properties":{"id":"osm:way:1207947510","name":"嘟嘟房 華視文教二加盟場","category":"parking","nameEn":"Dodohome","brand":"嘟嘟房","fee":"yes"},"geometry":{"type":"Point","coordinates":[121.555786,25.043826]}},{"type":"Feature","properties":{"id":"osm:way:1208979628","name":"ViVi PARK","category":"parking"},"geometry":{"type":"Point","coordinates":[121.506333,25.036404]}},{"type":"Feature","properties":{"id":"osm:way:1221006477","name":"林森停車場","category":"parking","opening_hours":"24/7","fee":"yes"},"geometry":{"type":"Point","coordinates":[121.624267,25.040869]}},{"type":"Feature","properties":{"id":"osm:way:1225451369","name":"永權實業永和警光場","category":"parking","opening_hours":"24/7","fee":"yes"},"geometry":{"type":"Point","coordinates":[121.518051,25.009174]}},{"type":"Feature","properties":{"id":"osm:way:1225828350","name":"水源停車場","category":"parking","nameEn":"Shuiyuan Parking Lot","opening_hours":"24/7","fee":"yes","capacity":"44"},"geometry":{"type":"Point","coordinates":[121.534647,25.012564]}},{"type":"Feature","properties":{"id":"osm:way:1225831335","name":"台電再生能源處臺北辦公室停車場","category":"parking","nameEn":"Taipei Office Parking, TPC DRE","wheelchair":"limited","fee":"yes"},"geometry":{"type":"Point","coordinates":[121.535477,25.011749]}},{"type":"Feature","properties":{"id":"osm:way:1225833393","name":"公館停車場","category":"parking","nameEn":"Gongguan Parking","opening_hours":"24/7","fee":"yes","capacity":"133"},"geometry":{"type":"Point","coordinates":[121.535029,25.010813]}},{"type":"Feature","properties":{"id":"osm:way:1226116238","name":"水岸停車場","category":"parking","opening_hours":"24/7","fee":"yes","capacity":"71"},"geometry":{"type":"Point","coordinates":[121.529172,25.012164]}},{"type":"Feature","properties":{"id":"osm:way:1226378386","name":"龍形停車場","category":"parking","fee":"yes"},"geometry":{"type":"Point","coordinates":[121.451086,25.130323]}},{"type":"Feature","properties":{"id":"osm:way:1226576400","name":"藝術市集","category":"parking","fee":"no"},"geometry":{"type":"Point","coordinates":[121.533151,25.010197]}},{"type":"Feature","properties":{"id":"osm:way:1227079258","name":"寶藏巖停車場","category":"parking","fee":"no"},"geometry":{"type":"Point","coordinates":[121.533524,25.010446]}},{"type":"Feature","properties":{"id":"osm:way:1227950102","name":"自行車停車場","category":"parking","fee":"no"},"geometry":{"type":"Point","coordinates":[121.53653,25.033181]}},{"type":"Feature","properties":{"id":"osm:way:1227953430","name":"公務專用","category":"parking"},"geometry":{"type":"Point","coordinates":[121.537301,25.032103]}},{"type":"Feature","properties":{"id":"osm:way:1228997699","name":"公務停車場","category":"parking"},"geometry":{"type":"Point","coordinates":[121.507195,25.022162]}},{"type":"Feature","properties":{"id":"osm:way:1228997700","name":"公務停車場","category":"parking"},"geometry":{"type":"Point","coordinates":[121.506584,25.021759]}},{"type":"Feature","properties":{"id":"osm:way:1229087352","name":"公務停車場","category":"parking"},"geometry":{"type":"Point","coordinates":[121.507908,25.0226]}},{"type":"Feature","properties":{"id":"osm:way:1229127073","name":"青年公園高爾夫球場殘障停車場","category":"parking","fee":"yes","capacity":"7"},"geometry":{"type":"Point","coordinates":[121.507496,25.024573]}},{"type":"Feature","properties":{"id":"osm:way:1231636174","name":"Times木柵路四段平面停車場","category":"parking","fee":"yes"},"geometry":{"type":"Point","coordinates":[121.575306,24.998569]}},{"type":"Feature","properties":{"id":"osm:way:1233847503","name":"長安東路臨時平面停車場","category":"parking","nameEn":"ChangAn E. Road Car Park","fee":"yes"},"geometry":{"type":"Point","coordinates":[121.529486,25.047225]}},{"type":"Feature","properties":{"id":"osm:way:1233847504","name":"長安東停車場","category":"parking","fee":"yes"},"geometry":{"type":"Point","coordinates":[121.529301,25.047664]}},{"type":"Feature","properties":{"id":"osm:way:1236243582","name":"辛亥水安停車場","category":"parking","opening_hours":"24/7","address":"106222臺北市大安區長興街131號","phone":"+886 2 8369 5098","fee":"yes","capacity":"62"},"geometry":{"type":"Point","coordinates":[121.548641,25.016137]}},{"type":"Feature","properties":{"id":"osm:way:1238314660","name":"Times","category":"parking"},"geometry":{"type":"Point","coordinates":[121.47307,25.02803]}},{"type":"Feature","properties":{"id":"osm:way:1240394880","name":"思賢立體停車場","category":"parking"},"geometry":{"type":"Point","coordinates":[121.456759,25.047684]}},{"type":"Feature","properties":{"id":"osm:way:1245180029","name":"台灣聯通內湖行善場","category":"parking","nameEn":"Taiwan Parking","brand":"台灣聯通","fee":"yes"},"geometry":{"type":"Point","coordinates":[121.574774,25.057369]}},{"type":"Feature","properties":{"id":"osm:way:1245416122","name":"月租停車場","category":"parking","fee":"yes"},"geometry":{"type":"Point","coordinates":[121.516628,25.113881]}},{"type":"Feature","properties":{"id":"osm:way:1245756941","name":"永和區違規拖吊保管廠","category":"parking"},"geometry":{"type":"Point","coordinates":[121.504205,25.010971]}},{"type":"Feature","properties":{"id":"osm:way:1245795481","name":"Times 永和仁愛路場","category":"parking","nameEn":"Times","brand":"Times","opening_hours":"24/7","fee":"yes","capacity":"23"},"geometry":{"type":"Point","coordinates":[121.502417,25.007444]}},{"type":"Feature","properties":{"id":"osm:way:1245839115","name":"永權保順場","category":"parking","fee":"yes"},"geometry":{"type":"Point","coordinates":[121.501958,25.008949]}},{"type":"Feature","properties":{"id":"osm:way:1245896515","name":"中油永利路站私人停車場","category":"parking"},"geometry":{"type":"Point","coordinates":[121.504447,25.009747]}},{"type":"Feature","properties":{"id":"osm:way:1246039397","name":"World Gym 停車場","category":"parking"},"geometry":{"type":"Point","coordinates":[121.502918,25.007365]}},{"type":"Feature","properties":{"id":"osm:way:1263163792","name":"和興路53巷臨時平面停車場","category":"parking","nameEn":"Hexing Rd. Lane 53 Car Park","fee":"yes"},"geometry":{"type":"Point","coordinates":[121.547624,24.985272]}},{"type":"Feature","properties":{"id":"osm:way:1264436598","name":"萬寧街臨時平面停車場","category":"parking"},"geometry":{"type":"Point","coordinates":[121.569602,25.003667]}},{"type":"Feature","properties":{"id":"osm:way:1267928827","name":"城市車旅","category":"parking","nameEn":"City Parking","brand":"城市車旅","fee":"yes"},"geometry":{"type":"Point","coordinates":[121.48038,25.020551]}},{"type":"Feature","properties":{"id":"osm:way:1276780951","name":"雄獅通運","category":"parking"},"geometry":{"type":"Point","coordinates":[121.588642,25.064547]}},{"type":"Feature","properties":{"id":"osm:way:1276780952","name":"禾典停車場","category":"parking"},"geometry":{"type":"Point","coordinates":[121.588634,25.063957]}},{"type":"Feature","properties":{"id":"osm:way:1281242366","name":"南方桃花源第二停車場","category":"parking","capacity":"8"},"geometry":{"type":"Point","coordinates":[121.563815,24.990269]}},{"type":"Feature","properties":{"id":"osm:way:128246930","name":"國慶停車場","category":"parking","fee":"yes"},"geometry":{"type":"Point","coordinates":[121.463331,24.999646]}},{"type":"Feature","properties":{"id":"osm:way:1282950491","name":"興德路62巷平面停車場","category":"parking","nameEn":"Lane 62, Xingde Road Parking Lot","fee":"yes"},"geometry":{"type":"Point","coordinates":[121.556752,25.001843]}},{"type":"Feature","properties":{"id":"osm:way:1292262561","name":"文山和平","category":"parking","fee":"yes","capacity":"18"},"geometry":{"type":"Point","coordinates":[121.566842,25.005953]}},{"type":"Feature","properties":{"id":"osm:way:1293787486","name":"綠湖公園地下停車場","category":"parking","nameEn":"Liuhu Park Underground Parking Lot"},"geometry":{"type":"Point","coordinates":[121.547042,24.979256]}},{"type":"Feature","properties":{"id":"osm:way:1297874881","name":"地下停車場","category":"parking","fee":"yes"},"geometry":{"type":"Point","coordinates":[121.576165,24.989876]}},{"type":"Feature","properties":{"id":"osm:way:1299666945","name":"永和分局公務車停車場","category":"parking"},"geometry":{"type":"Point","coordinates":[121.51998,25.008928]}},{"type":"Feature","properties":{"id":"osm:way:1299666951","name":"好庭車停車場","category":"parking","address":"234新北市永和區警光街5號","fee":"yes","capacity":"26"},"geometry":{"type":"Point","coordinates":[121.519782,25.009378]}},{"type":"Feature","properties":{"id":"osm:way:1299930238","name":"中華電信員工停車場","category":"parking"},"geometry":{"type":"Point","coordinates":[121.51969,25.0092]}},{"type":"Feature","properties":{"id":"osm:way:1299931215","name":"竹林停車場","category":"parking","opening_hours":"24/7","address":"234新北市永和區豫溪街120號","fee":"yes"},"geometry":{"type":"Point","coordinates":[121.519623,25.010007]}},{"type":"Feature","properties":{"id":"osm:way:1301080811","name":"新莊幸福立體停車場","category":"parking","capacity":"522"},"geometry":{"type":"Point","coordinates":[121.460581,25.049821]}},{"type":"Feature","properties":{"id":"osm:way:1301418680","name":"永和耕莘平面停車場","category":"parking","fee":"yes","capacity":"7"},"geometry":{"type":"Point","coordinates":[121.51708,25.010972]}},{"type":"Feature","properties":{"id":"osm:way:1302659067","name":"永福橋下清潔隊車庫","category":"parking"},"geometry":{"type":"Point","coordinates":[121.526287,25.009749]}},{"type":"Feature","properties":{"id":"osm:way:1305870981","name":"私人停車場","category":"parking"},"geometry":{"type":"Point","coordinates":[121.64253,25.06353]}},{"type":"Feature","properties":{"id":"osm:way:1305890600","name":"儷督臻邸停車場","category":"parking"},"geometry":{"type":"Point","coordinates":[121.639964,25.064331]}},{"type":"Feature","properties":{"id":"osm:way:1306626019","name":"保福場停車場","category":"parking","brand":"Easy Parking","opening_hours":"24/7","fee":"yes"},"geometry":{"type":"Point","coordinates":[121.510514,25.01155]}},{"type":"Feature","properties":{"id":"osm:way:1306737019","name":"俥停景平場","category":"parking","fee":"yes","capacity":"56"},"geometry":{"type":"Point","coordinates":[121.513757,24.992955]}},{"type":"Feature","properties":{"id":"osm:way:1306835993","name":"秀峰停車場","category":"parking","fee":"yes"},"geometry":{"type":"Point","coordinates":[121.523055,24.990025]}},{"type":"Feature","properties":{"id":"osm:way:1306835994","name":"私人停車場","category":"parking","fee":"yes"},"geometry":{"type":"Point","coordinates":[121.522569,24.990034]}},{"type":"Feature","properties":{"id":"osm:way:1306836007","name":"中和鄉親停車場","category":"parking","address":"新北市中和區秀峰街85巷27-1號","fee":"yes"},"geometry":{"type":"Point","coordinates":[121.521176,24.989269]}},{"type":"Feature","properties":{"id":"osm:way:1306836008","name":"永富停車場","category":"parking","fee":"yes"},"geometry":{"type":"Point","coordinates":[121.522019,24.989809]}},{"type":"Feature","properties":{"id":"osm:way:1306836009","name":"台灣聯通秀峰場","category":"parking","nameEn":"Taiwan Parking","brand":"台灣聯通","address":"新北市中和區秀峰街81巷10號","fee":"yes"},"geometry":{"type":"Point","coordinates":[121.521474,24.989303]}},{"type":"Feature","properties":{"id":"osm:way:1307070679","name":"城市車旅三總汀州場","category":"parking","nameEn":"City Parking","brand":"城市車旅","opening_hours":"24/7","wheelchair":"yes","fee":"yes","capacity":"75"},"geometry":{"type":"Point","coordinates":[121.52996,25.016508]}},{"type":"Feature","properties":{"id":"osm:way:1307070683","name":"員工停車場","category":"parking"},"geometry":{"type":"Point","coordinates":[121.528128,25.016745]}},{"type":"Feature","properties":{"id":"osm:way:1307163697","name":"遊覽車停車場","category":"parking"},"geometry":{"type":"Point","coordinates":[121.643272,25.06203]}},{"type":"Feature","properties":{"id":"osm:way:1307426827","name":"嘉禾新村停車場","category":"parking"},"geometry":{"type":"Point","coordinates":[121.527038,25.016139]}},{"type":"Feature","properties":{"id":"osm:way:1307923687","name":"台塑新店中興路站停車場","category":"parking","fee":"yes"},"geometry":{"type":"Point","coordinates":[121.544466,24.979068]}},{"type":"Feature","properties":{"id":"osm:way:1309458275","name":"三總卸貨區","category":"parking"},"geometry":{"type":"Point","coordinates":[121.594657,25.069999]}},{"type":"Feature","properties":{"id":"osm:way:1312931508","name":"文境通運停車場","category":"parking"},"geometry":{"type":"Point","coordinates":[121.507789,25.099684]}},{"type":"Feature","properties":{"id":"osm:way:1312931509","name":"士林北投保管場","category":"parking"},"geometry":{"type":"Point","coordinates":[121.506965,25.099659]}},{"type":"Feature","properties":{"id":"osm:way:1314374495","name":"停車場","category":"parking"},"geometry":{"type":"Point","coordinates":[121.582972,25.047575]}},{"type":"Feature","properties":{"id":"osm:way:1324064048","name":"教職員宿舍停車場","category":"parking"},"geometry":{"type":"Point","coordinates":[121.544191,25.019243]}},{"type":"Feature","properties":{"id":"osm:way:1326235997","name":"Times 永和大新街場","category":"parking","nameEn":"Times","brand":"Times","opening_hours":"24/7","website":"https://www.park24.com.tw/service_locations/BUK0059269/","fee":"yes"},"geometry":{"type":"Point","coordinates":[121.515977,25.008299]}},{"type":"Feature","properties":{"id":"osm:way:1332628483","name":"建國停車場","category":"parking","nameEn":"City Parking","brand":"城市車旅","fee":"yes"},"geometry":{"type":"Point","coordinates":[121.539483,25.047531]}},{"type":"Feature","properties":{"id":"osm:way:1335082301","name":"土城延吉立體停車場","category":"parking","fee":"yes","capacity":"435"},"geometry":{"type":"Point","coordinates":[121.469697,24.987245]}},{"type":"Feature","properties":{"id":"osm:way:1339770918","name":"承信停車場","category":"parking"},"geometry":{"type":"Point","coordinates":[121.513185,25.103805]}},{"type":"Feature","properties":{"id":"osm:way:1340310149","name":"應安168 華視五場","category":"parking","fee":"yes"},"geometry":{"type":"Point","coordinates":[121.554968,25.044255]}},{"type":"Feature","properties":{"id":"osm:way:1340310151","name":"應安168 華視三場","category":"parking","fee":"yes"},"geometry":{"type":"Point","coordinates":[121.55553,25.044121]}},{"type":"Feature","properties":{"id":"osm:way:1341286510","name":"台北大學台北校區師生停車場","category":"parking","address":"松山市塔悠區","fee":"yes"},"geometry":{"type":"Point","coordinates":[121.542681,25.058946]}},{"type":"Feature","properties":{"id":"osm:way:1341315600","name":"昶泰松仁停車場","category":"parking","fee":"yes"},"geometry":{"type":"Point","coordinates":[121.56882,25.033458]}},{"type":"Feature","properties":{"id":"osm:way:1341472295","name":"寧波同鄉會墓園停車場","category":"parking"},"geometry":{"type":"Point","coordinates":[121.573745,25.031304]}},{"type":"Feature","properties":{"id":"osm:way:1342856699","name":"日月亭台泥基隆路場 (俥亭台泥松山場)","category":"parking","address":"臺北市信義區基隆路一段52號","capacity":"365"},"geometry":{"type":"Point","coordinates":[121.567699,25.047754]}},{"type":"Feature","properties":{"id":"osm:way:1344469785","name":"Times","category":"parking","nameEn":"Times","brand":"Times","fee":"yes"},"geometry":{"type":"Point","coordinates":[121.465129,25.062708]}},{"type":"Feature","properties":{"id":"osm:way:1344537643","name":"新長越中山大樓停車場 (平面)","category":"parking"},"geometry":{"type":"Point","coordinates":[121.523419,25.056208]}},{"type":"Feature","properties":{"id":"osm:way:1344537650","name":"彰化商銀總部平面停車場","category":"parking"},"geometry":{"type":"Point","coordinates":[121.523072,25.055534]}},{"type":"Feature","properties":{"id":"osm:way:1346122144","name":"濟南大樓平面停車場","category":"parking"},"geometry":{"type":"Point","coordinates":[121.522487,25.042991]}},{"type":"Feature","properties":{"id":"osm:way:1350697420","name":"捷運木柵站轉乘停車場","category":"parking","fee":"yes"},"geometry":{"type":"Point","coordinates":[121.573393,24.998262]}},{"type":"Feature","properties":{"id":"osm:way:1358179331","name":"指南宮第三停車場","category":"parking"},"geometry":{"type":"Point","coordinates":[121.588749,24.97904]}},{"type":"Feature","properties":{"id":"osm:way:136053052","name":"臺北市第一停車場","category":"parking","address":"10482臺北市中山區民權東路二段145號","capacity":"600坪"},"geometry":{"type":"Point","coordinates":[121.535952,25.063171]}},{"type":"Feature","properties":{"id":"osm:way:1361392152","name":"詮營停車","category":"parking","nameEn":"Parkinsys Parking","brand":"詮營停車","fee":"yes"},"geometry":{"type":"Point","coordinates":[121.594324,25.084951]}},{"type":"Feature","properties":{"id":"osm:way:136183944","name":"大屯山鞍部停車場","category":"parking","fee":"no"},"geometry":{"type":"Point","coordinates":[121.529225,25.183399]}},{"type":"Feature","properties":{"id":"osm:way:136183945","name":"二子坪2號停車場","category":"parking","fee":"yes"},"geometry":{"type":"Point","coordinates":[121.525648,25.186474]}},{"type":"Feature","properties":{"id":"osm:way:136183946","name":"二子坪1號停車場","category":"parking","fee":"yes"},"geometry":{"type":"Point","coordinates":[121.52575,25.186021]}},{"type":"Feature","properties":{"id":"osm:way:1387519634","name":"海宴停車場","category":"parking","fee":"yes"},"geometry":{"type":"Point","coordinates":[121.495463,25.000339]}},{"type":"Feature","properties":{"id":"osm:way:141076538","name":"上磺溪停車場","category":"parking","nameEn":"Shanghuangxi Parking Lot"},"geometry":{"type":"Point","coordinates":[121.583454,25.178102]}},{"type":"Feature","properties":{"id":"osm:way:1424769736","name":"Times","category":"parking","fee":"yes"},"geometry":{"type":"Point","coordinates":[121.577283,25.075506]}},{"type":"Feature","properties":{"id":"osm:way:1429740899","name":"俥亭停車","category":"parking","nameEn":"youparking","brand":"俥亭停車","address":"116台北市文山區恆光街36號","fee":"yes","capacity":"17"},"geometry":{"type":"Point","coordinates":[121.566946,24.98187]}},{"type":"Feature","properties":{"id":"osm:way:1430521781","name":"嘟嘟房","category":"parking","nameEn":"Dodohome","brand":"嘟嘟房","fee":"yes"},"geometry":{"type":"Point","coordinates":[121.540943,25.032651]}},{"type":"Feature","properties":{"id":"osm:way:1433219263","name":"長安國小地下停車場","category":"parking","nameEn":"Changan School Car Park","address":"104臺北市中山區吉林路15號","fee":"yes","capacity":"243"},"geometry":{"type":"Point","coordinates":[121.531228,25.049861]}},{"type":"Feature","properties":{"id":"osm:way:1434424719","name":"新店力行月租場","category":"parking"},"geometry":{"type":"Point","coordinates":[121.538366,24.966903]}},{"type":"Feature","properties":{"id":"osm:way:1435137370","name":"沃瑪玉成站","category":"parking","fee":"yes","capacity":"26"},"geometry":{"type":"Point","coordinates":[121.581867,25.052009]}},{"type":"Feature","properties":{"id":"osm:way:1435164267","name":"天成舊宗場","category":"parking","phone":"+886 937 837 957","website":"https://atis.taipei.gov.tw/aspx/park/parkF.aspx?lang=zh-Hant-TW&region=%E5%85%A7%E6%B9%96%E5%8D%80&sn=TPE1625","fee":"yes","capacity":"32"},"geometry":{"type":"Point","coordinates":[121.579876,25.061201]}},{"type":"Feature","properties":{"id":"osm:way:1435164269","name":"Times 新湖二路第二停車場","category":"parking","fee":"yes"},"geometry":{"type":"Point","coordinates":[121.579608,25.06154]}},{"type":"Feature","properties":{"id":"osm:way:1435368598","name":"內湖區行政中心便民停車場 (汽車)","category":"parking","nameEn":"Neihu District Administration Bldg Parking (Motorcycle)","opening_hours":"08:30-17:30; PH off","website":"https://nhdo.gov.taipei/cp.aspx?n=5579EC16B5AD11ED","fee":"yes","capacity":"18"},"geometry":{"type":"Point","coordinates":[121.589062,25.069376]}},{"type":"Feature","properties":{"id":"osm:way:1442270505","name":"168Parking 重慶南場","category":"parking","opening_hours":"24/7","website":"https://atis.taipei.gov.tw/aspx/park/parkF.aspx?lang=zh-Hant-TW&region=%E4%B8%AD%E6%AD%A3%E5%8D%80&sn=TPE0541","fee":"yes","capacity":"19"},"geometry":{"type":"Point","coordinates":[121.516416,25.023715]}},{"type":"Feature","properties":{"id":"osm:way:1444448342","name":"嘟嘟房貴陽站","category":"parking","fee":"yes"},"geometry":{"type":"Point","coordinates":[121.507905,25.039034]}},{"type":"Feature","properties":{"id":"osm:way:1453872816","name":"Times","category":"parking","fee":"yes"},"geometry":{"type":"Point","coordinates":[121.474469,25.035605]}},{"type":"Feature","properties":{"id":"osm:way:1454111093","name":"Times","category":"parking","nameEn":"Times","brand":"Times","fee":"yes"},"geometry":{"type":"Point","coordinates":[121.461808,24.977431]}},{"type":"Feature","properties":{"id":"osm:way:1455969256","name":"二重公園停車場","category":"parking"},"geometry":{"type":"Point","coordinates":[121.474761,25.06662]}},{"type":"Feature","properties":{"id":"osm:way:1459718485","name":"永和保福路二段","category":"parking","nameEn":"Times","brand":"Times","opening_hours":"24/7","fee":"yes"},"geometry":{"type":"Point","coordinates":[121.509563,25.014962]}},{"type":"Feature","properties":{"id":"osm:way:1464153864","name":"民權東路三段197巷口西側平面停車場","category":"parking","nameEn":"MinQuan E. Rd. Sec. 3 Lane 197 W. Car Park","fee":"yes"},"geometry":{"type":"Point","coordinates":[121.549055,25.06211]}},{"type":"Feature","properties":{"id":"osm:way:1464153865","name":"民權東路三段197巷口東側平面停車場","category":"parking","nameEn":"MinQuan E. Rd. Sec. 3 Lane 197 E. Car Park","fee":"yes"},"geometry":{"type":"Point","coordinates":[121.549416,25.062007]}},{"type":"Feature","properties":{"id":"osm:way:1466666858","name":"Hi PARKING 台北浦城街停車場","category":"parking","nameEn":"Hi parking","brand":"和雲行動","fee":"yes"},"geometry":{"type":"Point","coordinates":[121.5271,25.022854]}},{"type":"Feature","properties":{"id":"osm:way:1466666859","name":"Hi PARKING 台北承德二站停車場","category":"parking","nameEn":"Hi parking","brand":"和雲行動","fee":"yes"},"geometry":{"type":"Point","coordinates":[121.517348,25.061883]}},{"type":"Feature","properties":{"id":"osm:way:1466666860","name":"Hi PARKING 台北臨沂街停車場","category":"parking","nameEn":"Hi parking","brand":"和雲行動","fee":"yes"},"geometry":{"type":"Point","coordinates":[121.528517,25.035616]}},{"type":"Feature","properties":{"id":"osm:way:1466666861","name":"Hi PARKING 南松饒河一站停車場","category":"parking","brand":"Hi PARKING","fee":"yes"},"geometry":{"type":"Point","coordinates":[121.570583,25.050619]}},{"type":"Feature","properties":{"id":"osm:way:1466666862","name":"Hi PARKING 南松饒河二站停車場","category":"parking","brand":"Hi PARKING","fee":"yes"},"geometry":{"type":"Point","coordinates":[121.570947,25.050614]}},{"type":"Feature","properties":{"id":"osm:way:1466666863","name":"Hi PARKING 和平東路四段 381 巷平面停車場","category":"parking","brand":"Hi PARKING","fee":"yes"},"geometry":{"type":"Point","coordinates":[121.574366,24.99964]}},{"type":"Feature","properties":{"id":"osm:way:1466666864","name":"台北長安林森停車場","category":"parking","nameEn":"Hi Parking","fee":"yes"},"geometry":{"type":"Point","coordinates":[121.526309,25.047939]}},{"type":"Feature","properties":{"id":"osm:way:1466666865","name":"Hi PARKING 台北東門連雲停車場","category":"parking","nameEn":"Hi parking","brand":"和雲行動","fee":"yes"},"geometry":{"type":"Point","coordinates":[121.529679,25.034729]}},{"type":"Feature","properties":{"id":"osm:way:1466666867","name":"Hi PARKING 新北新莊頭前停車場","category":"parking","brand":"Hi PARKING","fee":"yes"},"geometry":{"type":"Point","coordinates":[121.463408,25.056945]}},{"type":"Feature","properties":{"id":"osm:way:1466666869","name":"Hi PARKING 新北三重神農光復停車場","category":"parking","brand":"Hi PARKING","fee":"yes"},"geometry":{"type":"Point","coordinates":[121.474333,25.048793]}},{"type":"Feature","properties":{"id":"osm:way:1466666870","name":"Hi PARKING 新店民權中正停車場","category":"parking","brand":"Hi PARKING","fee":"yes"},"geometry":{"type":"Point","coordinates":[121.53441,24.983142]}},{"type":"Feature","properties":{"id":"osm:way:1467974174","name":"歐特儀 親情公園一場 (西)","category":"parking","opening_hours":"24/7","website":"https://www.utaggo.com.tw/parking-lot-info/P6006151","fee":"yes"},"geometry":{"type":"Point","coordinates":[121.534933,24.966612]}},{"type":"Feature","properties":{"id":"osm:way:1472943153","name":"捷運新北產業園區站轉乘停車場","category":"parking","capacity":"68"},"geometry":{"type":"Point","coordinates":[121.46085,25.061862]}},{"type":"Feature","properties":{"id":"osm:way:1474846123","name":"嘟嘟房","category":"parking","nameEn":"Dodohome","brand":"嘟嘟房","fee":"yes"},"geometry":{"type":"Point","coordinates":[121.499185,25.078216]}},{"type":"Feature","properties":{"id":"osm:way:1480102467","name":"金龍湖畔停車場","category":"parking"},"geometry":{"type":"Point","coordinates":[121.632901,25.072007]}},{"type":"Feature","properties":{"id":"osm:way:1480102468","name":"多多停收費停車場","category":"parking"},"geometry":{"type":"Point","coordinates":[121.63271,25.071588]}},{"type":"Feature","properties":{"id":"osm:way:1480102469","name":"俥停停車汐止明𡶶二場","category":"parking"},"geometry":{"type":"Point","coordinates":[121.633058,25.071705]}},{"type":"Feature","properties":{"id":"osm:way:1480460219","name":"興穀國小操場地下停車場","category":"parking"},"geometry":{"type":"Point","coordinates":[121.474964,25.049654]}},{"type":"Feature","properties":{"id":"osm:way:1494404756","name":"萬芳路平面停車場","category":"parking","nameEn":"Wanfang Rd. Car Park"},"geometry":{"type":"Point","coordinates":[121.570277,24.998566]}},{"type":"Feature","properties":{"id":"osm:way:1519270687","name":"八德路二段臨時平面停車場","category":"parking","fee":"yes"},"geometry":{"type":"Point","coordinates":[121.533886,25.04487]}},{"type":"Feature","properties":{"id":"osm:way:1534443894","name":"嘟嘟房","category":"parking","nameEn":"Dodohome","brand":"嘟嘟房","fee":"yes"},"geometry":{"type":"Point","coordinates":[121.539733,25.033058]}},{"type":"Feature","properties":{"id":"osm:way:1538991967","name":"桂林停車場","category":"parking","fee":"yes","capacity":"7"},"geometry":{"type":"Point","coordinates":[121.520547,25.0117]}},{"type":"Feature","properties":{"id":"osm:way:1541279673","name":"俥亭板橋大庭2號","category":"parking"},"geometry":{"type":"Point","coordinates":[121.45928,25.017926]}},{"type":"Feature","properties":{"id":"osm:way:1541279674","name":"俥亭板橋大庭1號","category":"parking"},"geometry":{"type":"Point","coordinates":[121.458103,25.01764]}},{"type":"Feature","properties":{"id":"osm:way:1551200991","name":"台灣聯通停車場-潭美場","category":"parking"},"geometry":{"type":"Point","coordinates":[121.58734,25.065069]}},{"type":"Feature","properties":{"id":"osm:way:1551200992","name":"金莊停車場","category":"parking"},"geometry":{"type":"Point","coordinates":[121.587373,25.062395]}},{"type":"Feature","properties":{"id":"osm:way:156432992","name":"力揚停車場福山站","category":"parking","fee":"yes"},"geometry":{"type":"Point","coordinates":[121.616001,25.045371]}},{"type":"Feature","properties":{"id":"osm:way:170994690","name":"亞東科技大學第二停車場","category":"parking","fee":"yes"},"geometry":{"type":"Point","coordinates":[121.453899,24.996938]}},{"type":"Feature","properties":{"id":"osm:way:174931562","name":"小油坑停車場","category":"parking","nameEn":"Xiaoyoukeng Parking Lot","fee":"yes"},"geometry":{"type":"Point","coordinates":[121.547335,25.177243]}},{"type":"Feature","properties":{"id":"osm:way:192575856","name":"寶橋立體公有停車場","category":"parking","fee":"yes"},"geometry":{"type":"Point","coordinates":[121.545782,24.97451]}},{"type":"Feature","properties":{"id":"osm:way:192616781","name":"碧潭西岸停車場","category":"parking","opening_hours":"24/7","phone":"+886-2-2212-8973","fee":"yes","capacity":"86"},"geometry":{"type":"Point","coordinates":[121.534311,24.960021]}},{"type":"Feature","properties":{"id":"osm:way:192616917","name":"碧潭東岸停車場","category":"parking","opening_hours":"24/7","phone":"+886 2 2542 0001","website":"https://www.utaggo.com.tw/parking-lot-info/AC1100066","fee":"yes","capacity":"86"},"geometry":{"type":"Point","coordinates":[121.53699,24.960175]}},{"type":"Feature","properties":{"id":"osm:way:193424496","name":"臺大公館平面停車場","category":"parking","fee":"yes"},"geometry":{"type":"Point","coordinates":[121.537664,25.012638]}},{"type":"Feature","properties":{"id":"osm:way:193424497","name":"臺大附幼前停車場","category":"parking","fee":"yes","capacity":"68"},"geometry":{"type":"Point","coordinates":[121.536897,25.013823]}},{"type":"Feature","properties":{"id":"osm:way:197557019","name":"康寧平面停車場","category":"parking","address":"臺北市內湖區民權東路六段286號","fee":"yes"},"geometry":{"type":"Point","coordinates":[121.605527,25.072508]}},{"type":"Feature","properties":{"id":"osm:way:197755410","name":"華山園區停車場","category":"parking","opening_hours":"24/7","wheelchair":"limited","fee":"yes","capacity":"70"},"geometry":{"type":"Point","coordinates":[121.528498,25.044402]}},{"type":"Feature","properties":{"id":"osm:way:198408708","name":"五股濕地區停車場","category":"parking","fee":"yes","capacity":"85"},"geometry":{"type":"Point","coordinates":[121.457092,25.098118]}},{"type":"Feature","properties":{"id":"osm:way:198408711","name":"微風5區停車場","category":"parking","fee":"yes","capacity":"93"},"geometry":{"type":"Point","coordinates":[121.456675,25.097121]}},{"type":"Feature","properties":{"id":"osm:way:202909226","name":"停車場","category":"parking"},"geometry":{"type":"Point","coordinates":[121.513791,25.114892]}},{"type":"Feature","properties":{"id":"osm:way:204616541","name":"臺北車站西側地上停車場","category":"parking","nameEn":"Taipei Station West Ground Parking Lot","wheelchair":"yes","fee":"yes"},"geometry":{"type":"Point","coordinates":[121.515723,25.047985]}},{"type":"Feature","properties":{"id":"osm:way:204711163","name":"K區地下街停車場","category":"parking","wheelchair":"yes"},"geometry":{"type":"Point","coordinates":[121.51686,25.046835]}},{"type":"Feature","properties":{"id":"osm:way:204711209","name":"臺北車站東地下停車場","category":"parking"},"geometry":{"type":"Point","coordinates":[121.51864,25.04739]}},{"type":"Feature","properties":{"id":"osm:way:206134517","name":"碧山巖停車場","category":"parking"},"geometry":{"type":"Point","coordinates":[121.587684,25.098928]}},{"type":"Feature","properties":{"id":"osm:way:206983525","name":"港富立體停車場","category":"parking","fee":"yes"},"geometry":{"type":"Point","coordinates":[121.57802,25.080483]}},{"type":"Feature","properties":{"id":"osm:way:208022098","name":"私有停車場","category":"parking","fee":"yes"},"geometry":{"type":"Point","coordinates":[121.531968,25.033028]}},{"type":"Feature","properties":{"id":"osm:way:216592589","name":"府中立體停車場","category":"parking","address":"22056新北市板橋區西門街59號","fee":"yes","capacity":"160"},"geometry":{"type":"Point","coordinates":[121.454435,25.009467]}},{"type":"Feature","properties":{"id":"osm:way:219461123","name":"立功停車場","category":"parking"},"geometry":{"type":"Point","coordinates":[121.471064,25.12587]}},{"type":"Feature","properties":{"id":"osm:way:220903965","name":"小油坑橋停車場","category":"parking"},"geometry":{"type":"Point","coordinates":[121.544449,25.179141]}},{"type":"Feature","properties":{"id":"osm:way:220903967","name":"小觀音停車場","category":"parking"},"geometry":{"type":"Point","coordinates":[121.54635,25.179881]}},{"type":"Feature","properties":{"id":"osm:way:222080306","name":"峨眉停車場","category":"parking","wheelchair":"no","fee":"yes"},"geometry":{"type":"Point","coordinates":[121.505569,25.044082]}},{"type":"Feature","properties":{"id":"osm:way:222081024","name":"興隆市場旁平面停車場","category":"parking","fee":"yes"},"geometry":{"type":"Point","coordinates":[121.547123,24.999673]}},{"type":"Feature","properties":{"id":"osm:way:225047556","name":"校內停車棚","category":"parking"},"geometry":{"type":"Point","coordinates":[121.507823,25.126596]}},{"type":"Feature","properties":{"id":"osm:way:230723905","name":"三腳渡平面停車場","category":"parking","fee":"yes"},"geometry":{"type":"Point","coordinates":[121.519084,25.079669]}},{"type":"Feature","properties":{"id":"osm:way:230730613","name":"大屯公園2號停車場","category":"parking"},"geometry":{"type":"Point","coordinates":[121.520445,25.185303]}},{"type":"Feature","properties":{"id":"osm:way:230730616","name":"中正山停車場","category":"parking","nameEn":"Mt. Zhong-zheng Parking Lot"},"geometry":{"type":"Point","coordinates":[121.511548,25.156162]}},{"type":"Feature","properties":{"id":"osm:way:230730617","name":"中正山停車場","category":"parking","nameEn":"Mt. Zhong-zheng Parking Lot"},"geometry":{"type":"Point","coordinates":[121.511297,25.156347]}},{"type":"Feature","properties":{"id":"osm:way:232201651","name":"新北市板橋區特專三臨時平面停車場","category":"parking","phone":"+886 2 2255 5419","fee":"yes","capacity":"271"},"geometry":{"type":"Point","coordinates":[121.464925,25.016234]}},{"type":"Feature","properties":{"id":"osm:way:237014528","name":"小碧潭中安橋下停車場","category":"parking","fee":"yes"},"geometry":{"type":"Point","coordinates":[121.522282,24.981401]}},{"type":"Feature","properties":{"id":"osm:way:237344159","name":"夢幻湖停車場","category":"parking","fee":"yes"},"geometry":{"type":"Point","coordinates":[121.562001,25.168732]}},{"type":"Feature","properties":{"id":"osm:way:245408281","name":"永建市場旁平面停車場","category":"parking","nameEn":"YongJian Market Car Park","opening_hours":"24/7","fee":"yes","capacity":"18"},"geometry":{"type":"Point","coordinates":[121.551525,24.988214]}},{"type":"Feature","properties":{"id":"osm:way:249409390","name":"虎山停車場","category":"parking","fee":"yes"},"geometry":{"type":"Point","coordinates":[121.586969,25.03647]}},{"type":"Feature","properties":{"id":"osm:way:249943425","name":"昇榮信義停車場","category":"parking","fee":"yes"},"geometry":{"type":"Point","coordinates":[121.568814,25.033191]}},{"type":"Feature","properties":{"id":"osm:way:252994056","name":"仰德立體停車場","category":"parking","address":"100035臺北市中正區龍福里4鄰南昌路一段5號","phone":"+886 2 2341-7285","fee":"yes","capacity":"115"},"geometry":{"type":"Point","coordinates":[121.516616,25.033197]}},{"type":"Feature","properties":{"id":"osm:way:253570035","name":"微風3區停車場","category":"parking","fee":"yes","capacity":"91"},"geometry":{"type":"Point","coordinates":[121.452714,25.084542]}},{"type":"Feature","properties":{"id":"osm:way:253570183","name":"微風4區停車場","category":"parking","fee":"yes","capacity":"88"},"geometry":{"type":"Point","coordinates":[121.454106,25.091891]}},{"type":"Feature","properties":{"id":"osm:way:255751650","name":"金城立體停車場","category":"parking","fee":"yes"},"geometry":{"type":"Point","coordinates":[121.458385,24.983747]}},{"type":"Feature","properties":{"id":"osm:way:255752577","name":"民樂立體停車場","category":"parking"},"geometry":{"type":"Point","coordinates":[121.483795,25.001483]}},{"type":"Feature","properties":{"id":"osm:way:256190303","name":"行天宮北投分宮停車場","category":"parking"},"geometry":{"type":"Point","coordinates":[121.477997,25.136065]}},{"type":"Feature","properties":{"id":"osm:way:258410619","name":"台北德行東路停車場","category":"parking","brand":"Hi Parking","fee":"yes"},"geometry":{"type":"Point","coordinates":[121.527087,25.107026]}},{"type":"Feature","properties":{"id":"osm:way:258432686","name":"公有收費停車場","category":"parking","fee":"yes"},"geometry":{"type":"Point","coordinates":[121.521233,25.05456]}},{"type":"Feature","properties":{"id":"osm:way:258816696","name":"力揚信義松德停車場","category":"parking","opening_hours":"24/7","website":"https://www.utaggo.com.tw/parking-lot-info/AB0700004-%E6%9D%BE%E5%BE%B7%E7%AB%99","fee":"yes","capacity":"101"},"geometry":{"type":"Point","coordinates":[121.57321,25.031589]}},{"type":"Feature","properties":{"id":"osm:way:259714748","name":"天母公園平面停車場","category":"parking","website":"http://www.cloud.taipei.gov.tw/web_trf_pri_getContent?CategoryCode=0115&rowId=311","fee":"yes","capacity":"14"},"geometry":{"type":"Point","coordinates":[121.530874,25.125516]}},{"type":"Feature","properties":{"id":"osm:way:259897277","name":"致誠停車場","category":"parking"},"geometry":{"type":"Point","coordinates":[121.531106,25.102088]}},{"type":"Feature","properties":{"id":"osm:way:25989976","name":"中山北路3段55巷停車場","category":"parking","fee":"yes"},"geometry":{"type":"Point","coordinates":[121.523764,25.068147]}},{"type":"Feature","properties":{"id":"osm:way:261031428","name":"台北市湖興立體停車場","category":"parking","fee":"yes"},"geometry":{"type":"Point","coordinates":[121.590455,25.067796]}},{"type":"Feature","properties":{"id":"osm:way:261044861","name":"臺北市殯葬管理處黎元停車場","category":"parking","opening_hours":"24/7","address":"106037臺北市大安區辛亥路三段223號","phone":"+886 2 2738 2674;+886 3 332 3986","fee":"yes","capacity":"97"},"geometry":{"type":"Point","coordinates":[121.550954,25.016091]}},{"type":"Feature","properties":{"id":"osm:way:261084906","name":"動物園河川高灘地堤外停車場","category":"parking","nameEn":"Zoo Embankment Parking Lot","opening_hours":"24/7","fee":"yes","capacity":"1276"},"geometry":{"type":"Point","coordinates":[121.577809,24.997984]}},{"type":"Feature","properties":{"id":"osm:way:261655736","name":"木柵路三段48巷臨時平面停車場","category":"parking","fee":"yes","capacity":"120"},"geometry":{"type":"Point","coordinates":[121.566125,24.987439]}},{"type":"Feature","properties":{"id":"osm:way:262078806","name":"三張里地下停車場","category":"parking","opening_hours":"24/7","fee":"yes","capacity":"354"},"geometry":{"type":"Point","coordinates":[121.566817,25.03098]}},{"type":"Feature","properties":{"id":"osm:way:262078807","name":"嘟嘟房信義松智站","category":"parking","fee":"yes"},"geometry":{"type":"Point","coordinates":[121.565489,25.029128]}},{"type":"Feature","properties":{"id":"osm:way:262090916","name":"吳興街284巷臨時平面停車場","category":"parking","fee":"yes"},"geometry":{"type":"Point","coordinates":[121.563472,25.025086]}},{"type":"Feature","properties":{"id":"osm:way:262260696","name":"東側停車場","category":"parking"},"geometry":{"type":"Point","coordinates":[121.549394,25.102271]}},{"type":"Feature","properties":{"id":"osm:way:262373858","name":"東側停車場","category":"parking"},"geometry":{"type":"Point","coordinates":[121.549522,25.103379]}},{"type":"Feature","properties":{"id":"osm:way:262650676","name":"嘟嘟房士林國小站","category":"parking","wheelchair":"limited","fee":"yes"},"geometry":{"type":"Point","coordinates":[121.524513,25.094515]}},{"type":"Feature","properties":{"id":"osm:way:262945679","name":"臺北市立大學天母校區停車場","category":"parking","nameEn":"University of Taipei Car Park"},"geometry":{"type":"Point","coordinates":[121.53578,25.116036]}},{"type":"Feature","properties":{"id":"osm:way:267256438","name":"臺大醫院急診部停車場","category":"parking"},"geometry":{"type":"Point","coordinates":[121.520028,25.041349]}},{"type":"Feature","properties":{"id":"osm:way:268396870","name":"交通警察大隊停車場","category":"parking"},"geometry":{"type":"Point","coordinates":[121.521384,25.047202]}},{"type":"Feature","properties":{"id":"osm:way:268396888","name":"行一大客車平面停車場","category":"parking","opening_hours":"24/7","fee":"yes"},"geometry":{"type":"Point","coordinates":[121.52171,25.047438]}},{"type":"Feature","properties":{"id":"osm:way:269170874","name":"臺大醫院卸貨區","category":"parking"},"geometry":{"type":"Point","coordinates":[121.520324,25.040134]}},{"type":"Feature","properties":{"id":"osm:way:269211390","name":"內政部公務車停車場","category":"parking"},"geometry":{"type":"Point","coordinates":[121.520703,25.041754]}},{"type":"Feature","properties":{"id":"osm:way:272979903","name":"智興立體停車場","category":"parking","opening_hours":"24/7","address":"221新北市汐止區忠孝東路1號","phone":"+886-2-26411111","website":"http://www.parking.tpc.gov.tw/mobile/a41.asp?city=11","fee":"yes","capacity":"379"},"geometry":{"type":"Point","coordinates":[121.656917,25.064328]}},{"type":"Feature","properties":{"id":"osm:way:274644274","name":"華倫停車場","category":"parking","fee":"yes"},"geometry":{"type":"Point","coordinates":[121.519135,25.032512]}},{"type":"Feature","properties":{"id":"osm:way:275507126","name":"皇帝殿西峰登山口第三停車場","category":"parking"},"geometry":{"type":"Point","coordinates":[121.66377,24.992698]}},{"type":"Feature","properties":{"id":"osm:way:275507127","name":"皇帝殿西峰登山口第二停車場","category":"parking"},"geometry":{"type":"Point","coordinates":[121.663625,24.992575]}},{"type":"Feature","properties":{"id":"osm:way:278135985","name":"停車場","category":"parking"},"geometry":{"type":"Point","coordinates":[121.586178,25.078266]}},{"type":"Feature","properties":{"id":"osm:way:279926386","name":"停車場","category":"parking"},"geometry":{"type":"Point","coordinates":[121.541654,25.03496]}},{"type":"Feature","properties":{"id":"osm:way:281748353","name":"停車場","category":"parking"},"geometry":{"type":"Point","coordinates":[121.476182,25.017489]}},{"type":"Feature","properties":{"id":"osm:way:281748855","name":"停車場","category":"parking"},"geometry":{"type":"Point","coordinates":[121.476107,25.019013]}},{"type":"Feature","properties":{"id":"osm:way:281749493","name":"停車場","category":"parking"},"geometry":{"type":"Point","coordinates":[121.533897,25.056941]}},{"type":"Feature","properties":{"id":"osm:way:281750874","name":"停車場","category":"parking"},"geometry":{"type":"Point","coordinates":[121.509222,24.98363]}},{"type":"Feature","properties":{"id":"osm:way:286206459","name":"民生立體停車場","category":"parking","nameEn":"Minsheng Parking Lot","opening_hours":"24/7","fee":"yes"},"geometry":{"type":"Point","coordinates":[121.559565,25.058221]}},{"type":"Feature","properties":{"id":"osm:way:287208259","name":"莒光路立體停車場","category":"parking","address":"108臺北市萬華區莒光路137號","fee":"yes","capacity":"123"},"geometry":{"type":"Point","coordinates":[121.503424,25.030963]}},{"type":"Feature","properties":{"id":"osm:way:291504144","name":"雙城街停車場","category":"parking","fee":"yes"},"geometry":{"type":"Point","coordinates":[121.523829,25.065598]}},{"type":"Feature","properties":{"id":"osm:way:292550197","name":"竿蓁大客車停車場","category":"parking","fee":"yes"},"geometry":{"type":"Point","coordinates":[121.450437,25.165425]}},{"type":"Feature","properties":{"id":"osm:way:293152200","name":"大屯公園1號停車場","category":"parking","fee":"yes"},"geometry":{"type":"Point","coordinates":[121.521974,25.185994]}},{"type":"Feature","properties":{"id":"osm:way:298332755","name":"南港59號公園停車場","category":"parking"},"geometry":{"type":"Point","coordinates":[121.613538,25.047584]}},{"type":"Feature","properties":{"id":"osm:way:299963806","name":"第一停車場","category":"parking"},"geometry":{"type":"Point","coordinates":[121.498716,24.972465]}},{"type":"Feature","properties":{"id":"osm:way:299963968","name":"第二停車場","category":"parking"},"geometry":{"type":"Point","coordinates":[121.498319,24.971629]}},{"type":"Feature","properties":{"id":"osm:way:302084384","name":"台大水源停車場","category":"parking","fee":"yes","capacity":"143"},"geometry":{"type":"Point","coordinates":[121.528294,25.013714]}},{"type":"Feature","properties":{"id":"osm:way:302089877","name":"華中橋堤外（一）停車場","category":"parking","nameEn":"Huazhong Car Park 1 (Flood Zone)","fee":"yes"},"geometry":{"type":"Point","coordinates":[121.492391,25.017032]}},{"type":"Feature","properties":{"id":"osm:way:304215496","name":"Hi PARKING 台北承德二站停車場","category":"parking","brand":"Hi PARKING","fee":"yes"},"geometry":{"type":"Point","coordinates":[121.556808,24.979722]}},{"type":"Feature","properties":{"id":"osm:way:305441943","name":"教育部停車場","category":"parking"},"geometry":{"type":"Point","coordinates":[121.519109,25.042585]}},{"type":"Feature","properties":{"id":"osm:way:308921714","name":"好庭車停車場","category":"parking","address":"106臺北市大安區杭州南路一段61之1號","fee":"yes"},"geometry":{"type":"Point","coordinates":[121.522746,25.030654]}},{"type":"Feature","properties":{"id":"osm:way:309115173","name":"中誠立體停車場","category":"parking","fee":"yes"},"geometry":{"type":"Point","coordinates":[121.451467,25.047802]}},{"type":"Feature","properties":{"id":"osm:way:309347754","name":"中港平面停車場","category":"parking","fee":"yes"},"geometry":{"type":"Point","coordinates":[121.452857,25.044689]}},{"type":"Feature","properties":{"id":"osm:way:310706957","name":"IKEA室外停車場","category":"parking"},"geometry":{"type":"Point","coordinates":[121.465399,25.040995]}},{"type":"Feature","properties":{"id":"osm:way:311693540","name":"應安168北門加盟站","category":"parking","fee":"yes"},"geometry":{"type":"Point","coordinates":[121.510184,25.046675]}},{"type":"Feature","properties":{"id":"osm:way:311768100","name":"南山路停車場","category":"parking"},"geometry":{"type":"Point","coordinates":[121.502915,24.99857]}},{"type":"Feature","properties":{"id":"osm:way:311913873","name":"中崙第二停車場","category":"parking","fee":"yes"},"geometry":{"type":"Point","coordinates":[121.539669,25.045608]}},{"type":"Feature","properties":{"id":"osm:way:311913874","name":"中崙第一停車場","category":"parking","fee":"yes"},"geometry":{"type":"Point","coordinates":[121.540217,25.04563]}},{"type":"Feature","properties":{"id":"osm:way:311914656","name":"台灣聯通安東停車場","category":"parking","nameEn":"Taiwan Parking","brand":"台灣聯通","fee":"yes"},"geometry":{"type":"Point","coordinates":[121.541847,25.046049]}},{"type":"Feature","properties":{"id":"osm:way:312138781","name":"叭叭房復興停車場","category":"parking","fee":"yes"},"geometry":{"type":"Point","coordinates":[121.542865,25.039993]}},{"type":"Feature","properties":{"id":"osm:way:312138782","name":"復興月租場","category":"parking","fee":"yes"},"geometry":{"type":"Point","coordinates":[121.542875,25.039717]}},{"type":"Feature","properties":{"id":"osm:way:312174936","name":"日月亭國父紀念館站","category":"parking","fee":"yes"},"geometry":{"type":"Point","coordinates":[121.55845,25.039131]}},{"type":"Feature","properties":{"id":"osm:way:312300350","name":"嘟嘟房永康五站","category":"parking","nameEn":"Dodohome","brand":"嘟嘟房","fee":"yes"},"geometry":{"type":"Point","coordinates":[121.530822,25.031733]}},{"type":"Feature","properties":{"id":"osm:way:312302611","name":"嘟嘟房","category":"parking","nameEn":"Dodohome","brand":"嘟嘟房","fee":"yes"},"geometry":{"type":"Point","coordinates":[121.530241,25.032566]}},{"type":"Feature","properties":{"id":"osm:way:313195266","name":"大客車停車位","category":"parking","wheelchair":"limited","fee":"no","capacity":"4"},"geometry":{"type":"Point","coordinates":[121.499433,25.035851]}},{"type":"Feature","properties":{"id":"osm:way:313584141","name":"八德立體停車場","category":"parking","nameEn":"Dodohome","brand":"嘟嘟房","fee":"yes"},"geometry":{"type":"Point","coordinates":[121.571675,25.049701]}},{"type":"Feature","properties":{"id":"osm:way:314799456","name":"嘟嘟房寧波站","category":"parking","nameEn":"Dodohome","brand":"嘟嘟房","fee":"yes"},"geometry":{"type":"Point","coordinates":[121.516535,25.031196]}},{"type":"Feature","properties":{"id":"osm:way:315857592","name":"中興低碳立體停車場","category":"parking","address":"23144新北市新店區中興路三段6號","wheelchair":"yes","fee":"yes","capacity":"500"},"geometry":{"type":"Point","coordinates":[121.547238,24.977171]}},{"type":"Feature","properties":{"id":"osm:way:317032727","name":"南雅停車場","category":"parking","address":"22055新北市板橋區南雅西路一段61號","fee":"yes"},"geometry":{"type":"Point","coordinates":[121.453179,25.005637]}},{"type":"Feature","properties":{"id":"osm:way:317123808","name":"觀光市集南側停車場","category":"parking","fee":"yes","capacity":"426"},"geometry":{"type":"Point","coordinates":[121.480735,25.049099]}},{"type":"Feature","properties":{"id":"osm:way:317245512","name":"府後立體停車場","category":"parking","address":"22005新北市板橋區府中路32-1號","phone":"+886 2 29697281","fee":"yes"},"geometry":{"type":"Point","coordinates":[121.458452,25.010341]}},{"type":"Feature","properties":{"id":"osm:way:317253532","name":"民權立體停車場","category":"parking","address":"22050新北市板橋區民權路89號","phone":"+886 2 8969 8326","fee":"yes"},"geometry":{"type":"Point","coordinates":[121.460452,25.011974]}},{"type":"Feature","properties":{"id":"osm:way:317384674","name":"後備指揮部停車場","category":"parking","nameEn":"Reserve Command Parking Lot"},"geometry":{"type":"Point","coordinates":[121.508706,25.038035]}},{"type":"Feature","properties":{"id":"osm:way:317459956","name":"文化圖書館停車場","category":"parking","address":"22044新北市板橋區莊敬路62號","phone":"+886 978 998140","capacity":"62"},"geometry":{"type":"Point","coordinates":[121.472044,25.026395]}},{"type":"Feature","properties":{"id":"osm:way:317463438","name":"民德立體停車場","category":"parking","fee":"yes"},"geometry":{"type":"Point","coordinates":[121.467988,24.999153]}},{"type":"Feature","properties":{"id":"osm:way:317594677","name":"華翠橋下A區停車場","category":"parking","fee":"yes"},"geometry":{"type":"Point","coordinates":[121.483464,25.026623]}},{"type":"Feature","properties":{"id":"osm:way:317606714","name":"莊敬停車場","category":"parking","address":"22042新北市板橋區莊敬路2號","phone":"+886 800 021111","fee":"yes","capacity":"280"},"geometry":{"type":"Point","coordinates":[121.473878,25.028462]}},{"type":"Feature","properties":{"id":"osm:way:317607080","name":"永琦停車場","category":"parking","phone":"+886 2 89698923","fee":"yes","capacity":"48"},"geometry":{"type":"Point","coordinates":[121.456253,25.01114]}},{"type":"Feature","properties":{"id":"osm:way:322454661","name":"停車場","category":"parking","opening_hours":"24/7","address":"104臺北市中山區朱馥里21鄰龍江路臨160號","fee":"yes"},"geometry":{"type":"Point","coordinates":[121.540106,25.054854]}},{"type":"Feature","properties":{"id":"osm:way:324246583","name":"硫磺谷停車場","category":"parking","fee":"no"},"geometry":{"type":"Point","coordinates":[121.521701,25.143305]}},{"type":"Feature","properties":{"id":"osm:way:324901043","name":"國北教大 藝術館前停車場","category":"parking","address":"台北市大安區和平東路二段134號","phone":"+886-2-2732-1104","website":"https://www.ntue.edu.tw/","wheelchair":"yes","fee":"yes"},"geometry":{"type":"Point","coordinates":[121.54547,25.022725]}},{"type":"Feature","properties":{"id":"osm:way:326497596","name":"松高路大客車停車場","category":"parking","fee":"yes"},"geometry":{"type":"Point","coordinates":[121.570176,25.03978]}},{"type":"Feature","properties":{"id":"osm:way:327762013","name":"教職員停車場","category":"parking"},"geometry":{"type":"Point","coordinates":[121.487837,25.071321]}},{"type":"Feature","properties":{"id":"osm:way:328810136","name":"城中停車場","category":"parking","fee":"yes"},"geometry":{"type":"Point","coordinates":[121.662621,25.072802]}},{"type":"Feature","properties":{"id":"osm:way:330762474","name":"八家停車場","category":"parking","opening_hours":"24/7","fee":"yes","capacity":"60"},"geometry":{"type":"Point","coordinates":[121.610195,25.000589]}},{"type":"Feature","properties":{"id":"osm:way:331650859","name":"俥停 大安光復場","category":"parking","fee":"yes"},"geometry":{"type":"Point","coordinates":[121.55596,25.044164]}},{"type":"Feature","properties":{"id":"osm:way:335191814","name":"中央北路四段平面停車場","category":"parking","fee":"yes"},"geometry":{"type":"Point","coordinates":[121.467692,25.128103]}},{"type":"Feature","properties":{"id":"osm:way:337591647","name":"USPACE","category":"parking","address":"220新北市板橋區中山路一段279號","fee":"yes"},"geometry":{"type":"Point","coordinates":[121.469795,25.014208]}},{"type":"Feature","properties":{"id":"osm:way:337591649","name":"車麗屋汽車百貨停車場","category":"parking","wheelchair":"yes"},"geometry":{"type":"Point","coordinates":[121.469255,25.013791]}},{"type":"Feature","properties":{"id":"osm:way:338130304","name":"俥亭停車場","category":"parking","fee":"yes"},"geometry":{"type":"Point","coordinates":[121.48918,25.001697]}},{"type":"Feature","properties":{"id":"osm:way:338626421","name":"長安國小地下停車場","category":"parking","nameEn":"Changan School Car Park","address":"104臺北市中山區吉林路15號","fee":"yes","capacity":"243"},"geometry":{"type":"Point","coordinates":[121.531255,25.049822]}},{"type":"Feature","properties":{"id":"osm:way:345186878","name":"好市多內湖店停車場","category":"parking"},"geometry":{"type":"Point","coordinates":[121.575367,25.064563]}},{"type":"Feature","properties":{"id":"osm:way:345186879","name":"大潤發內湖二店停車場","category":"parking"},"geometry":{"type":"Point","coordinates":[121.576493,25.062886]}},{"type":"Feature","properties":{"id":"osm:way:345949032","name":"深坑公有立體停車場","category":"parking","opening_hours":"24/7","address":"222新北市深坑區北深路二段192號","phone":"+886 2 2662 4110","fee":"yes","capacity":"280"},"geometry":{"type":"Point","coordinates":[121.613461,25.002188]}},{"type":"Feature","properties":{"id":"osm:way:345967867","name":"板橋地政側門停車場","category":"parking","fee":"no"},"geometry":{"type":"Point","coordinates":[121.463621,25.008363]}},{"type":"Feature","properties":{"id":"osm:way:34921725","name":"陽明山第二停車場","category":"parking","fee":"yes"},"geometry":{"type":"Point","coordinates":[121.545174,25.154549]}},{"type":"Feature","properties":{"id":"osm:way:349570060","name":"環南平面停車場","category":"parking","nameEn":"HuanNan Car Park (Flood Zone)","fee":"yes"},"geometry":{"type":"Point","coordinates":[121.488062,25.028899]}},{"type":"Feature","properties":{"id":"osm:way:355110880","name":"大佳段河濱公園停車場","category":"parking","fee":"yes"},"geometry":{"type":"Point","coordinates":[121.542705,25.073844]}},{"type":"Feature","properties":{"id":"osm:way:356598084","name":"溪洲街平面停車場","category":"parking","fee":"yes"},"geometry":{"type":"Point","coordinates":[121.535371,25.004143]}},{"type":"Feature","properties":{"id":"osm:way:357034633","name":"冷水坑一號停車場","category":"parking","fee":"yes"},"geometry":{"type":"Point","coordinates":[121.563855,25.166093]}},{"type":"Feature","properties":{"id":"osm:way:357047301","name":"冷水坑2號停車場","category":"parking"},"geometry":{"type":"Point","coordinates":[121.563334,25.167944]}},{"type":"Feature","properties":{"id":"osm:way:357338891","name":"陽明山第一停車場","category":"parking","fee":"yes"},"geometry":{"type":"Point","coordinates":[121.538951,25.154916]}},{"type":"Feature","properties":{"id":"osm:way:361124413","name":"潮州月租場","category":"parking","address":"106臺北市大安區潮州街82巷12號"},"geometry":{"type":"Point","coordinates":[121.525091,25.028366]}},{"type":"Feature","properties":{"id":"osm:way:361262663","name":"愛買南雅店路外停車場","category":"parking","fee":"yes"},"geometry":{"type":"Point","coordinates":[121.455704,25.001767]}},{"type":"Feature","properties":{"id":"osm:way:361491770","name":"振興公園地下停車場","category":"parking","nameEn":"Zhanxing Car Park","address":"112台北市北投區天母西路112號","phone":"+886 2 28230804","website":"https://pma.gov.taipei/lp.asp?ctNode=13493&CtUnit=7413&BaseDSD=89&mp=117021&cache=NQ&htx_stitle=%E6%8C%AF%E8%88%88%E5%85%AC%E5%9C%92%E5%9C%B0%E4%B8%8B%E5%81%9C%E8%BB%8A%E5%A0%B4","wheelchair":"yes","fee":"yes","capacity":"212"},"geometry":{"type":"Point","coordinates":[121.523433,25.118387]}},{"type":"Feature","properties":{"id":"osm:way:361492922","name":"明德平面停車場","category":"parking","address":"台北市北投區明德路","fee":"yes","capacity":"29"},"geometry":{"type":"Point","coordinates":[121.520647,25.11559]}},{"type":"Feature","properties":{"id":"osm:way:363344383","name":"臺大校友會館停車場","category":"parking","fee":"yes"},"geometry":{"type":"Point","coordinates":[121.519623,25.042806]}},{"type":"Feature","properties":{"id":"osm:way:363983115","name":"台灣大學新生南路地下停車場","category":"parking","capacity":"353"},"geometry":{"type":"Point","coordinates":[121.534953,25.018635]}},{"type":"Feature","properties":{"id":"osm:way:364666678","name":"木柵路三段平面停車場","category":"parking","nameEn":"MuZha Rd. Sec. 3 Car Park","address":"臺北市文山區木柵路三段80號","fee":"yes","capacity":"53"},"geometry":{"type":"Point","coordinates":[121.56636,24.988404]}},{"type":"Feature","properties":{"id":"osm:way:365556917","name":"Times","category":"parking","nameEn":"Times","brand":"Times","fee":"yes"},"geometry":{"type":"Point","coordinates":[121.541439,24.966574]}},{"type":"Feature","properties":{"id":"osm:way:366316021","name":"台灣聯通停車場","category":"parking","phone":"+886 2 2523 5000","website":"http://www.taiwan-parking.com.tw/","fee":"yes"},"geometry":{"type":"Point","coordinates":[121.458517,25.001443]}},{"type":"Feature","properties":{"id":"osm:way:368877182","name":"嘟嘟房 華視文教加盟場","category":"parking","nameEn":"Dodohome","brand":"嘟嘟房","fee":"yes"},"geometry":{"type":"Point","coordinates":[121.555288,25.043856]}},{"type":"Feature","properties":{"id":"osm:way:368877190","name":"叭叭房八德一停車場","category":"parking","fee":"yes","capacity":"24"},"geometry":{"type":"Point","coordinates":[121.553895,25.047516]}},{"type":"Feature","properties":{"id":"osm:way:368877196","name":"新長越市民大道停車場","category":"parking","fee":"yes","capacity":"16"},"geometry":{"type":"Point","coordinates":[121.554692,25.044775]}},{"type":"Feature","properties":{"id":"osm:way:368877200","name":"華視二場","category":"parking","fee":"yes"},"geometry":{"type":"Point","coordinates":[121.556948,25.043736]}},{"type":"Feature","properties":{"id":"osm:way:370145092","name":"松德停車場","category":"parking","nameEn":"Songde Car Park","fee":"yes"},"geometry":{"type":"Point","coordinates":[121.573273,25.034423]}},{"type":"Feature","properties":{"id":"osm:way:371456962","name":"央北新村停車場","category":"parking","fee":"yes"},"geometry":{"type":"Point","coordinates":[121.528128,24.977628]}},{"type":"Feature","properties":{"id":"osm:way:372582373","name":"台灣聯通停車場","category":"parking","address":"114臺北市內湖區文德路279號旁號","fee":"yes"},"geometry":{"type":"Point","coordinates":[121.589175,25.079765]}},{"type":"Feature","properties":{"id":"osm:way:373245310","name":"景美國小地下停車場","category":"parking","fee":"yes"},"geometry":{"type":"Point","coordinates":[121.540298,24.98867]}},{"type":"Feature","properties":{"id":"osm:way:374460727","name":"民生吉林停車場","category":"parking","fee":"yes"},"geometry":{"type":"Point","coordinates":[121.531157,25.058598]}},{"type":"Feature","properties":{"id":"osm:way:374876250","name":"雙園平面停車場","category":"parking","nameEn":"Shuangyuan Car Park (Flood Zone)","fee":"yes"},"geometry":{"type":"Point","coordinates":[121.488479,25.033339]}},{"type":"Feature","properties":{"id":"osm:way:375033744","name":"社園立體停車場","category":"parking","fee":"yes","capacity":"280"},"geometry":{"type":"Point","coordinates":[121.505895,25.089642]}},{"type":"Feature","properties":{"id":"osm:way:375102594","name":"龍門路口北側區停車場","category":"parking","fee":"no","capacity":"535"},"geometry":{"type":"Point","coordinates":[121.502326,25.07873]}},{"type":"Feature","properties":{"id":"osm:way:375212575","name":"大客車停車場","category":"parking","wheelchair":"yes","fee":"yes"},"geometry":{"type":"Point","coordinates":[121.518902,25.096642]}},{"type":"Feature","properties":{"id":"osm:way:375213742","name":"停車場","category":"parking"},"geometry":{"type":"Point","coordinates":[121.511367,25.02978]}},{"type":"Feature","properties":{"id":"osm:way:375248573","name":"台大羅斯福路平面停車場","category":"parking","wheelchair":"yes","fee":"yes"},"geometry":{"type":"Point","coordinates":[121.532684,25.017023]}},{"type":"Feature","properties":{"id":"osm:way:375472705","name":"基河停車場","category":"parking","fee":"yes"},"geometry":{"type":"Point","coordinates":[121.520419,25.094515]}},{"type":"Feature","properties":{"id":"osm:way:376484231","name":"誼光747停車場","category":"parking","fee":"yes"},"geometry":{"type":"Point","coordinates":[121.518545,25.094305]}},{"type":"Feature","properties":{"id":"osm:way:377457829","name":"福港街平面停車站","category":"parking"},"geometry":{"type":"Point","coordinates":[121.518651,25.087193]}},{"type":"Feature","properties":{"id":"osm:way:377896431","name":"開勝平面停車場","category":"parking","fee":"yes"},"geometry":{"type":"Point","coordinates":[121.504963,25.140705]}},{"type":"Feature","properties":{"id":"osm:way:377896433","name":"復興路平面停車場","category":"parking","fee":"yes"},"geometry":{"type":"Point","coordinates":[121.504537,25.140748]}},{"type":"Feature","properties":{"id":"osm:way:378025652","name":"萬業機具停車場","category":"parking"},"geometry":{"type":"Point","coordinates":[121.486332,25.118435]}},{"type":"Feature","properties":{"id":"osm:way:378025663","name":"機具停車場","category":"parking"},"geometry":{"type":"Point","coordinates":[121.486804,25.117052]}},{"type":"Feature","properties":{"id":"osm:way:379437081","name":"陽明山花鐘停車場","category":"parking","fee":"yes"},"geometry":{"type":"Point","coordinates":[121.539609,25.157468]}},{"type":"Feature","properties":{"id":"osm:way:380017351","name":"安和停車場","category":"parking","fee":"yes","capacity":"67"},"geometry":{"type":"Point","coordinates":[121.518678,24.973806]}},{"type":"Feature","properties":{"id":"osm:way:380194351","name":"嘟嘟房文山光輝站","category":"parking"},"geometry":{"type":"Point","coordinates":[121.556062,24.984682]}},{"type":"Feature","properties":{"id":"osm:way:381708675","name":"大客車停車場","category":"parking"},"geometry":{"type":"Point","coordinates":[121.486525,25.134699]}},{"type":"Feature","properties":{"id":"osm:way:383637293","name":"台灣聯通 新店中央場","category":"parking","nameEn":"Taiwan Parking","brand":"台灣聯通","fee":"yes","capacity":"17"},"geometry":{"type":"Point","coordinates":[121.527324,24.975445]}},{"type":"Feature","properties":{"id":"osm:way:385585715","name":"代客停車","category":"parking"},"geometry":{"type":"Point","coordinates":[121.523713,25.068592]}},{"type":"Feature","properties":{"id":"osm:way:387505813","name":"希望廣場停車場","category":"parking","fee":"yes","capacity":"42"},"geometry":{"type":"Point","coordinates":[121.526543,25.046096]}},{"type":"Feature","properties":{"id":"osm:way:387524453","name":"中正中隊停車場","category":"parking"},"geometry":{"type":"Point","coordinates":[121.521819,25.047097]}},{"type":"Feature","properties":{"id":"osm:way:389489976","name":"東和停車場","category":"parking","fee":"yes"},"geometry":{"type":"Point","coordinates":[121.533442,25.120386]}},{"type":"Feature","properties":{"id":"osm:way:390780634","name":"吉祥平面停車場","category":"parking","fee":"yes","capacity":"30"},"geometry":{"type":"Point","coordinates":[121.561179,25.050362]}},{"type":"Feature","properties":{"id":"osm:way:391063766","name":"City Parking停車場","category":"parking","fee":"yes"},"geometry":{"type":"Point","coordinates":[121.530935,25.033938]}},{"type":"Feature","properties":{"id":"osm:way:393312582","name":"萬華雙子星停車場","category":"parking","wheelchair":"yes","fee":"yes"},"geometry":{"type":"Point","coordinates":[121.498334,25.032873]}},{"type":"Feature","properties":{"id":"osm:way:39367840","name":"總統府前廣場（南廣場）","category":"parking"},"geometry":{"type":"Point","coordinates":[121.513356,25.039256]}},{"type":"Feature","properties":{"id":"osm:way:39367841","name":"總統府前廣場（北廣場）","category":"parking"},"geometry":{"type":"Point","coordinates":[121.513468,25.040475]}},{"type":"Feature","properties":{"id":"osm:way:400582384","name":"長揚停車場松江2站","category":"parking","fee":"yes"},"geometry":{"type":"Point","coordinates":[121.533442,25.050692]}},{"type":"Feature","properties":{"id":"osm:way:403685588","name":"臺北市農會停車場","category":"parking","fee":"yes"},"geometry":{"type":"Point","coordinates":[121.542717,25.036627]}},{"type":"Feature","properties":{"id":"osm:way:404727346","name":"宏和停車場","category":"parking","fee":"yes"},"geometry":{"type":"Point","coordinates":[121.556689,24.998485]}},{"type":"Feature","properties":{"id":"osm:way:406441798","name":"南華高中停車場","category":"parking","wheelchair":"yes"},"geometry":{"type":"Point","coordinates":[121.531087,25.01574]}},{"type":"Feature","properties":{"id":"osm:way:409975922","name":"長揚停車塔-館前站","category":"parking","fee":"yes","capacity":"100"},"geometry":{"type":"Point","coordinates":[121.514471,25.045464]}},{"type":"Feature","properties":{"id":"osm:way:410452468","name":"萬芳8號公園平面停車場","category":"parking","fee":"yes"},"geometry":{"type":"Point","coordinates":[121.560473,25.002943]}},{"type":"Feature","properties":{"id":"osm:way:410479186","name":"易停網停車場","category":"parking","fee":"yes"},"geometry":{"type":"Point","coordinates":[121.513886,25.045324]}},{"type":"Feature","properties":{"id":"osm:way:413680667","name":"普驛收費停車場","category":"parking","wheelchair":"yes","fee":"yes"},"geometry":{"type":"Point","coordinates":[121.532995,25.014262]}},{"type":"Feature","properties":{"id":"osm:way:419824447","name":"Times長安新生停車場","category":"parking","fee":"yes"},"geometry":{"type":"Point","coordinates":[121.531239,25.04744]}},{"type":"Feature","properties":{"id":"osm:way:420084972","name":"景豐停車場","category":"parking","fee":"yes","capacity":"44"},"geometry":{"type":"Point","coordinates":[121.544674,25.0025]}},{"type":"Feature","properties":{"id":"osm:way:420084987","name":"福興停車場","category":"parking","address":"116台北市文山區福興路97-1號","fee":"yes"},"geometry":{"type":"Point","coordinates":[121.548882,25.006416]}},{"type":"Feature","properties":{"id":"osm:way:420085007","name":"義芳第三停車場","category":"parking","fee":"yes"},"geometry":{"type":"Point","coordinates":[121.546492,24.999932]}},{"type":"Feature","properties":{"id":"osm:way:420571783","name":"停車場","category":"parking","fee":"yes"},"geometry":{"type":"Point","coordinates":[121.557999,25.081622]}},{"type":"Feature","properties":{"id":"osm:way:420571836","name":"龍江路停車場","category":"parking","fee":"yes"},"geometry":{"type":"Point","coordinates":[121.541845,25.054052]}},{"type":"Feature","properties":{"id":"osm:way:420861787","name":"濟南路二段平面停車場","category":"parking","fee":"yes"},"geometry":{"type":"Point","coordinates":[121.527132,25.041101]}},{"type":"Feature","properties":{"id":"osm:way:420862009","name":"金山停車場","category":"parking","fee":"yes"},"geometry":{"type":"Point","coordinates":[121.527435,25.032843]}},{"type":"Feature","properties":{"id":"osm:way:421635777","name":"臺科大月租停車場","category":"parking","fee":"yes"},"geometry":{"type":"Point","coordinates":[121.540093,25.010092]}},{"type":"Feature","properties":{"id":"osm:way:421735082","name":"金龍湖停車場","category":"parking"},"geometry":{"type":"Point","coordinates":[121.635374,25.074665]}},{"type":"Feature","properties":{"id":"osm:way:423053807","name":"台北自來水處陽明辦事處洽公停車場","category":"parking","wheelchair":"yes"},"geometry":{"type":"Point","coordinates":[121.526235,25.08396]}},{"type":"Feature","properties":{"id":"osm:way:423551418","name":"台灣聯通停車塔","category":"parking"},"geometry":{"type":"Point","coordinates":[121.532453,25.052757]}},{"type":"Feature","properties":{"id":"osm:way:427467838","name":"西側停車場","category":"parking"},"geometry":{"type":"Point","coordinates":[121.547438,25.101798]}},{"type":"Feature","properties":{"id":"osm:way:429419983","name":"萬慶平面停車場","category":"parking","fee":"yes"},"geometry":{"type":"Point","coordinates":[121.538189,24.993487]}},{"type":"Feature","properties":{"id":"osm:way:430624865","name":"維合停車場","category":"parking","fee":"yes"},"geometry":{"type":"Point","coordinates":[121.532418,25.054179]}},{"type":"Feature","properties":{"id":"osm:way:430627396","name":"辛亥停車場","category":"parking","fee":"yes"},"geometry":{"type":"Point","coordinates":[121.552076,25.014885]}},{"type":"Feature","properties":{"id":"osm:way:430627600","name":"千里亭","category":"parking","fee":"yes"},"geometry":{"type":"Point","coordinates":[121.543904,25.029862]}},{"type":"Feature","properties":{"id":"osm:way:430830501","name":"八德二月租場","category":"parking","fee":"yes"},"geometry":{"type":"Point","coordinates":[121.53882,25.0455]}},{"type":"Feature","properties":{"id":"osm:way:431549439","name":"美德平面停車場","category":"parking","nameEn":"Meide Carpark"},"geometry":{"type":"Point","coordinates":[121.524739,25.097222]}},{"type":"Feature","properties":{"id":"osm:way:431551575","name":"嘟嘟房","category":"parking","nameEn":"Dodohome","brand":"嘟嘟房","wheelchair":"yes","fee":"yes"},"geometry":{"type":"Point","coordinates":[121.524252,25.027224]}},{"type":"Feature","properties":{"id":"osm:way:431622195","name":"凝態館平面停車場","category":"parking","capacity":"63"},"geometry":{"type":"Point","coordinates":[121.5367,25.02197]}},{"type":"Feature","properties":{"id":"osm:way:434487826","name":"老街計次停車場","category":"parking","opening_hours":"Mo-Su 09:00-18:00","phone":"+886 2 2662 4806","fee":"yes","capacity":"94"},"geometry":{"type":"Point","coordinates":[121.611112,25.000793]}},{"type":"Feature","properties":{"id":"osm:way:434548441","name":"Times松勤松仁停車場","category":"parking"},"geometry":{"type":"Point","coordinates":[121.56791,25.031546]}},{"type":"Feature","properties":{"id":"osm:way:435181719","name":"大客車停車場","category":"parking"},"geometry":{"type":"Point","coordinates":[121.529493,25.095691]}},{"type":"Feature","properties":{"id":"osm:way:435499530","name":"歐特儀 親情公園二場","category":"parking","opening_hours":"24/7","website":"https://www.utaggo.com.tw/parking-lot-info/P6005659","fee":"yes"},"geometry":{"type":"Point","coordinates":[121.535908,24.965361]}},{"type":"Feature","properties":{"id":"osm:way:435499545","name":"新環停車場","category":"parking","opening_hours":"24/7","phone":"+886 2 2240 8767","website":"https://www.parkinginfo.ntpc.gov.tw/parkinginfo/public/?parkinglotid=060078","capacity":"143"},"geometry":{"type":"Point","coordinates":[121.536191,24.966796]}},{"type":"Feature","properties":{"id":"osm:way:435499552","name":"金碧潭停車場","category":"parking"},"geometry":{"type":"Point","coordinates":[121.537852,24.960767]}},{"type":"Feature","properties":{"id":"osm:way:435499553","name":"歐特儀 親情公園一場 (東)","category":"parking","opening_hours":"24/7","website":"https://www.utaggo.com.tw/parking-lot-info/P6006151","fee":"yes"},"geometry":{"type":"Point","coordinates":[121.536686,24.965681]}},{"type":"Feature","properties":{"id":"osm:way:436187822","name":"中山立體停車場","category":"parking","address":"241新北市三重區新北大道一段7號","fee":"yes","capacity":"456"},"geometry":{"type":"Point","coordinates":[121.489624,25.060927]}},{"type":"Feature","properties":{"id":"osm:way:436187823","name":"介壽市場停車場","category":"parking"},"geometry":{"type":"Point","coordinates":[121.493783,25.071918]}},{"type":"Feature","properties":{"id":"osm:way:436568797","name":"嘟嘟房","category":"parking","nameEn":"Dodohome","brand":"嘟嘟房","opening_hours":"24/7","address":"104台北市中山區長安東路一段26號","phone":"+886 2 26550818","fee":"yes","capacity":"16"},"geometry":{"type":"Point","coordinates":[121.525806,25.048671]}},{"type":"Feature","properties":{"id":"osm:way:436568799","name":"林森五條通平面停車場","category":"parking","fee":"yes"},"geometry":{"type":"Point","coordinates":[121.525525,25.049523]}},{"type":"Feature","properties":{"id":"osm:way:436568800","name":"林森八條通平面停車場","category":"parking","fee":"yes"},"geometry":{"type":"Point","coordinates":[121.527196,25.050527]}},{"type":"Feature","properties":{"id":"osm:way:436568801","name":"長安東三站停車場","category":"parking","phone":"+886 2 27785756","fee":"yes","capacity":"16"},"geometry":{"type":"Point","coordinates":[121.526764,25.048832]}},{"type":"Feature","properties":{"id":"osm:way:438301751","name":"博客停車","category":"parking","fee":"yes"},"geometry":{"type":"Point","coordinates":[121.542779,25.024334]}},{"type":"Feature","properties":{"id":"osm:way:440646815","name":"台北景福停車場","category":"parking","wheelchair":"yes","fee":"yes","capacity":"49"},"geometry":{"type":"Point","coordinates":[121.537345,24.994524]}},{"type":"Feature","properties":{"id":"osm:way:440646821","name":"Times蒲城街平面停車場","category":"parking","nameEn":"Times","brand":"Times","fee":"yes"},"geometry":{"type":"Point","coordinates":[121.527905,25.024665]}},{"type":"Feature","properties":{"id":"osm:way:440729755","name":"疏洪籃球區停車場","category":"parking","fee":"yes","capacity":"59"},"geometry":{"type":"Point","coordinates":[121.471064,25.063697]}},{"type":"Feature","properties":{"id":"osm:way:440729763","name":"中山棒球區停車場","category":"parking","fee":"no","capacity":"109"},"geometry":{"type":"Point","coordinates":[121.472367,25.06347]}},{"type":"Feature","properties":{"id":"osm:way:440729765","name":"親水公園區停車場","category":"parking","fee":"no","capacity":"268"},"geometry":{"type":"Point","coordinates":[121.471021,25.066628]}},{"type":"Feature","properties":{"id":"osm:way:440896857","name":"汽5","category":"parking"},"geometry":{"type":"Point","coordinates":[121.514484,25.121261]}},{"type":"Feature","properties":{"id":"osm:way:441506317","name":"Hi PARKING 台北愛國西路停車場","category":"parking","brand":"Hi PARKING","fee":"yes"},"geometry":{"type":"Point","coordinates":[121.509069,25.035742]}},{"type":"Feature","properties":{"id":"osm:way:441506318","name":"勝倫停車場","category":"parking","fee":"yes"},"geometry":{"type":"Point","coordinates":[121.509725,25.035503]}},{"type":"Feature","properties":{"id":"osm:way:441731087","name":"遙控賽車區停車場","category":"parking","capacity":"63"},"geometry":{"type":"Point","coordinates":[121.465233,25.069653]}},{"type":"Feature","properties":{"id":"osm:way:444996977","name":"迪化汚水處理廠停車場","category":"parking"},"geometry":{"type":"Point","coordinates":[121.510383,25.073698]}},{"type":"Feature","properties":{"id":"osm:way:445286588","name":"收費停車場","category":"parking","address":"106臺北市大安區臥龍街23巷26之1號","fee":"30/hr"},"geometry":{"type":"Point","coordinates":[121.547324,25.023818]}},{"type":"Feature","properties":{"id":"osm:way:445405188","name":"新生北路高架橋下停車場","category":"parking","nameEn":"Xingsheng Car Park 2","fee":"yes"},"geometry":{"type":"Point","coordinates":[121.527565,25.053421]}},{"type":"Feature","properties":{"id":"osm:way:446436568","name":"新北市重新立體停車場","category":"parking"},"geometry":{"type":"Point","coordinates":[121.489921,25.058247]}},{"type":"Feature","properties":{"id":"osm:way:448583589","name":"鷺江停車場","category":"parking"},"geometry":{"type":"Point","coordinates":[121.476988,25.086018]}},{"type":"Feature","properties":{"id":"osm:way:448751885","name":"地下停車場入口 (J棟)","category":"parking","nameEn":"Parking Lot Entrance (Block J)"},"geometry":{"type":"Point","coordinates":[121.46288,25.020851]}},{"type":"Feature","properties":{"id":"osm:way:454309093","name":"中山立體停車場","category":"parking"},"geometry":{"type":"Point","coordinates":[121.473015,25.083393]}},{"type":"Feature","properties":{"id":"osm:way:456206416","name":"叭叭房興三停車場","category":"parking","fee":"yes"},"geometry":{"type":"Point","coordinates":[121.54316,25.039738]}},{"type":"Feature","properties":{"id":"osm:way:457599238","name":"龍門路口南側區停車場","category":"parking","fee":"yes","capacity":"139"},"geometry":{"type":"Point","coordinates":[121.503739,25.074951]}},{"type":"Feature","properties":{"id":"osm:way:457988543","name":"忠孝碼頭停車場","category":"parking","fee":"yes","capacity":"76"},"geometry":{"type":"Point","coordinates":[121.498435,25.055094]}},{"type":"Feature","properties":{"id":"osm:way:457991746","name":"觀光市集北側區停車場","category":"parking","fee":"yes","capacity":"263"},"geometry":{"type":"Point","coordinates":[121.48059,25.05041]}},{"type":"Feature","properties":{"id":"osm:way:457991748","name":"幸福水漾區停車場","category":"parking","capacity":"175"},"geometry":{"type":"Point","coordinates":[121.482817,25.05152]}},{"type":"Feature","properties":{"id":"osm:way:457992996","name":"荷花公園區停車場","category":"parking","fee":"yes","capacity":"541"},"geometry":{"type":"Point","coordinates":[121.473953,25.065071]}},{"type":"Feature","properties":{"id":"osm:way:457994681","name":"疏洪三路區大型車停車場","category":"parking","fee":"yes","capacity":"86"},"geometry":{"type":"Point","coordinates":[121.457494,25.070911]}},{"type":"Feature","properties":{"id":"osm:way:457994682","name":"疏洪壘球區停車場","category":"parking","fee":"yes","capacity":"56"},"geometry":{"type":"Point","coordinates":[121.459167,25.07114]}},{"type":"Feature","properties":{"id":"osm:way:457994684","name":"陽光運河區停車場","category":"parking","fee":"yes","capacity":"190"},"geometry":{"type":"Point","coordinates":[121.4599,25.071637]}},{"type":"Feature","properties":{"id":"osm:way:457996375","name":"微風2區停車場","category":"parking","fee":"yes","capacity":"9"},"geometry":{"type":"Point","coordinates":[121.453421,25.082598]}},{"type":"Feature","properties":{"id":"osm:way:457996377","name":"追風廣場區停車場","category":"parking","fee":"yes","capacity":"87"},"geometry":{"type":"Point","coordinates":[121.456012,25.079777]}},{"type":"Feature","properties":{"id":"osm:way:461655940","name":"被叫車","category":"parking","fee":"yes"},"geometry":{"type":"Point","coordinates":[121.514114,25.1134]}},{"type":"Feature","properties":{"id":"osm:way:462816759","name":"Times","category":"parking","nameEn":"Times","brand":"Times","fee":"yes"},"geometry":{"type":"Point","coordinates":[121.510653,25.046717]}},{"type":"Feature","properties":{"id":"osm:way:464580658","name":"好停大安場","category":"parking","opening_hours":"24/7","phone":"+886 2 2240 8767","fee":"yes"},"geometry":{"type":"Point","coordinates":[121.547084,25.033874]}},{"type":"Feature","properties":{"id":"osm:way:474177279","name":"附設動物醫院臨時停車場","category":"parking"},"geometry":{"type":"Point","coordinates":[121.542978,25.015586]}},{"type":"Feature","properties":{"id":"osm:way:477132764","name":"和典市民站","category":"parking","fee":"yes"},"geometry":{"type":"Point","coordinates":[121.542911,25.044252]}},{"type":"Feature","properties":{"id":"osm:way:478532550","name":"木柵公園平面停車場","category":"parking","nameEn":"MuZha Car Park","fee":"yes","capacity":"10"},"geometry":{"type":"Point","coordinates":[121.560546,24.986993]}},{"type":"Feature","properties":{"id":"osm:way:479330084","name":"大忠停車場","category":"parking","fee":"yes"},"geometry":{"type":"Point","coordinates":[121.535067,24.979431]}},{"type":"Feature","properties":{"id":"osm:way:480152312","name":"東湖立體停車場","category":"parking","address":"114台北市內湖區東湖路1號"},"geometry":{"type":"Point","coordinates":[121.612234,25.06943]}},{"type":"Feature","properties":{"id":"osm:way:483429173","name":"連興停車場","category":"parking","fee":"yes"},"geometry":{"type":"Point","coordinates":[121.480303,24.994446]}},{"type":"Feature","properties":{"id":"osm:way:483457809","name":"和平東路四段381巷平面停車場","category":"parking","fee":"yes","capacity":"25"},"geometry":{"type":"Point","coordinates":[121.57483,24.99948]}},{"type":"Feature","properties":{"id":"osm:way:483469185","name":"吉祥停車場","category":"parking"},"geometry":{"type":"Point","coordinates":[121.484925,24.996573]}},{"type":"Feature","properties":{"id":"osm:way:483469186","name":"連城停車場","category":"parking"},"geometry":{"type":"Point","coordinates":[121.484524,24.996539]}},{"type":"Feature","properties":{"id":"osm:way:483469187","name":"廣來停車場","category":"parking"},"geometry":{"type":"Point","coordinates":[121.484005,24.996626]}},{"type":"Feature","properties":{"id":"osm:way:483573767","name":"民安社區停車場","category":"parking"},"geometry":{"type":"Point","coordinates":[121.479216,25.004543]}},{"type":"Feature","properties":{"id":"osm:way:483577201","name":"合立停車場","category":"parking","fee":"yes"},"geometry":{"type":"Point","coordinates":[121.481892,25.006645]}},{"type":"Feature","properties":{"id":"osm:way:483577203","name":"三立停車場","category":"parking","fee":"yes"},"geometry":{"type":"Point","coordinates":[121.481415,25.007537]}},{"type":"Feature","properties":{"id":"osm:way:483577223","name":"古驛停車場","category":"parking","fee":"yes"},"geometry":{"type":"Point","coordinates":[121.481699,25.008472]}},{"type":"Feature","properties":{"id":"osm:way:483577230","name":"湯海悅停車場","category":"parking","fee":"yes"},"geometry":{"type":"Point","coordinates":[121.480862,25.006152]}},{"type":"Feature","properties":{"id":"osm:way:484642040","name":"機車/小型車停車場","category":"parking","address":"臺北市松山區","fee":"yes"},"geometry":{"type":"Point","coordinates":[121.540809,25.073815]}},{"type":"Feature","properties":{"id":"osm:way:487361947","name":"立體停車場","category":"parking","nameEn":"Three-D Car Park"},"geometry":{"type":"Point","coordinates":[121.60397,25.005578]}},{"type":"Feature","properties":{"id":"osm:way:491369580","name":"福德場","category":"parking","address":"新北市三重重新路四段244巷7弄","fee":"yes","capacity":"10"},"geometry":{"type":"Point","coordinates":[121.486245,25.053017]}},{"type":"Feature","properties":{"id":"osm:way:491580551","name":"Times永康街平面停車場","category":"parking","fee":"yes"},"geometry":{"type":"Point","coordinates":[121.529765,25.030071]}},{"type":"Feature","properties":{"id":"osm:way:491583050","name":"大客車停車場","category":"parking","fee":"yes"},"geometry":{"type":"Point","coordinates":[121.533305,25.096875]}},{"type":"Feature","properties":{"id":"osm:way:491719316","name":"普驛收費停車場","category":"parking","address":"106臺北市大安區樂業街25號","fee":"yes"},"geometry":{"type":"Point","coordinates":[121.550081,25.023523]}},{"type":"Feature","properties":{"id":"osm:way:491719317","name":"京原停車場","category":"parking","fee":"yes"},"geometry":{"type":"Point","coordinates":[121.550867,25.023486]}},{"type":"Feature","properties":{"id":"osm:way:495044990","name":"玄海停車場","category":"parking","fee":"yes"},"geometry":{"type":"Point","coordinates":[121.538755,24.984292]}},{"type":"Feature","properties":{"id":"osm:way:496273855","name":"大客車停車場","category":"parking","fee":"no"},"geometry":{"type":"Point","coordinates":[121.645515,25.009408]}},{"type":"Feature","properties":{"id":"osm:way:496273856","name":"小型車停車場","category":"parking","fee":"no"},"geometry":{"type":"Point","coordinates":[121.645423,25.009241]}},{"type":"Feature","properties":{"id":"osm:way:496273857","name":"A區停車場","category":"parking","fee":"no","capacity":"66"},"geometry":{"type":"Point","coordinates":[121.645367,25.008718]}},{"type":"Feature","properties":{"id":"osm:way:498435010","name":"松山機場第二停車場","category":"parking","nameEn":"Taipei Songshan Airport Car Park 2","fee":"yes"},"geometry":{"type":"Point","coordinates":[121.552634,25.062813]}},{"type":"Feature","properties":{"id":"osm:way:498435011","name":"第三立體停車場","category":"parking"},"geometry":{"type":"Point","coordinates":[121.55358,25.063052]}},{"type":"Feature","properties":{"id":"osm:way:498435013","name":"松山機場第一停車場","category":"parking","nameEn":"Taipei Songshan Airport Car Park 1","fee":"yes"},"geometry":{"type":"Point","coordinates":[121.551301,25.06262]}},{"type":"Feature","properties":{"id":"osm:way:498435015","name":"民航局停車場","category":"parking","fee":"yes"},"geometry":{"type":"Point","coordinates":[121.552849,25.062088]}},{"type":"Feature","properties":{"id":"osm:way:498435021","name":"大客車停車場","category":"parking","nameEn":"Bus Parking Lot","fee":"yes"},"geometry":{"type":"Point","coordinates":[121.550495,25.063183]}},{"type":"Feature","properties":{"id":"osm:way:498435029","name":"員工停車場","category":"parking"},"geometry":{"type":"Point","coordinates":[121.553465,25.063594]}},{"type":"Feature","properties":{"id":"osm:way:499484336","name":"大客車停車場","category":"parking"},"geometry":{"type":"Point","coordinates":[121.523529,25.078553]}},{"type":"Feature","properties":{"id":"osm:way:501533475","name":"欣欣停車場","category":"parking","opening_hours":"24/7","fee":"yes","capacity":"152"},"geometry":{"type":"Point","coordinates":[121.529386,24.998028]}},{"type":"Feature","properties":{"id":"osm:way:502345715","name":"長春路平面停車場","category":"parking","fee":"yes"},"geometry":{"type":"Point","coordinates":[121.532164,25.055447]}},{"type":"Feature","properties":{"id":"osm:way:502355215","name":"小客車停車場","category":"parking"},"geometry":{"type":"Point","coordinates":[121.549504,25.098789]}},{"type":"Feature","properties":{"id":"osm:way:502357422","name":"小型車停車場","category":"parking","fee":"yes"},"geometry":{"type":"Point","coordinates":[121.53159,25.095652]}},{"type":"Feature","properties":{"id":"osm:way:502359097","name":"小型車停車場","category":"parking"},"geometry":{"type":"Point","coordinates":[121.532719,25.096312]}},{"type":"Feature","properties":{"id":"osm:way:505340533","name":"停車場","category":"parking","fee":"yes"},"geometry":{"type":"Point","coordinates":[121.51305,25.060459]}},{"type":"Feature","properties":{"id":"osm:way:506708127","name":"利濟場","category":"parking","fee":"yes"},"geometry":{"type":"Point","coordinates":[121.451824,25.032796]}},{"type":"Feature","properties":{"id":"osm:way:507996671","name":"嘉興公園地下停車場","category":"parking","fee":"yes"},"geometry":{"type":"Point","coordinates":[121.552089,25.021357]}},{"type":"Feature","properties":{"id":"osm:way:508469916","name":"嘟嘟房四平站","category":"parking","nameEn":"Dodohome","brand":"嘟嘟房","fee":"yes","capacity":"22"},"geometry":{"type":"Point","coordinates":[121.536114,25.052787]}},{"type":"Feature","properties":{"id":"osm:way:515380865","name":"台北看守所員工停車場","category":"parking"},"geometry":{"type":"Point","coordinates":[121.460368,24.986945]}},{"type":"Feature","properties":{"id":"osm:way:515420850","name":"木柵分隊移置車輛保管場","category":"parking"},"geometry":{"type":"Point","coordinates":[121.596437,24.999336]}},{"type":"Feature","properties":{"id":"osm:way:51919197","name":"洛陽停車場","category":"parking","fee":"yes"},"geometry":{"type":"Point","coordinates":[121.505744,25.047925]}},{"type":"Feature","properties":{"id":"osm:way:525156759","name":"34473Times泰順街2平面停車場","category":"parking","wheelchair":"yes","fee":"yes"},"geometry":{"type":"Point","coordinates":[121.531217,25.024987]}},{"type":"Feature","properties":{"id":"osm:way:526037406","name":"雲林鵝肉城專用停車場","category":"parking"},"geometry":{"type":"Point","coordinates":[121.473146,24.98928]}},{"type":"Feature","properties":{"id":"osm:way:526037407","name":"聖日停車場","category":"parking","address":"236新北市土城區延吉街23巷17號"},"geometry":{"type":"Point","coordinates":[121.47311,24.988669]}},{"type":"Feature","properties":{"id":"osm:way:526037438","name":"永豐.永榮停車場","category":"parking","address":"236新北市土城區永豐路159號"},"geometry":{"type":"Point","coordinates":[121.467995,24.981289]}},{"type":"Feature","properties":{"id":"osm:way:526037451","name":"好鄰居停車場","category":"parking"},"geometry":{"type":"Point","coordinates":[121.468555,24.982565]}},{"type":"Feature","properties":{"id":"osm:way:526037454","name":"聚寶停車場","category":"parking"},"geometry":{"type":"Point","coordinates":[121.468108,24.982173]}},{"type":"Feature","properties":{"id":"osm:way:526080546","name":"清水停車場","category":"parking","fee":"yes"},"geometry":{"type":"Point","coordinates":[121.461074,24.981275]}},{"type":"Feature","properties":{"id":"osm:way:526404505","name":"幸福花園停車場","category":"parking"},"geometry":{"type":"Point","coordinates":[121.450809,24.981203]}},{"type":"Feature","properties":{"id":"osm:way:526645313","name":"Times","category":"parking","nameEn":"Times","brand":"Times","fee":"yes"},"geometry":{"type":"Point","coordinates":[121.462278,24.977477]}},{"type":"Feature","properties":{"id":"osm:way:526989615","name":"仁和停車場","category":"parking"},"geometry":{"type":"Point","coordinates":[121.485132,24.993251]}},{"type":"Feature","properties":{"id":"osm:way:526989618","name":"任陽停車場","category":"parking"},"geometry":{"type":"Point","coordinates":[121.480991,24.992864]}},{"type":"Feature","properties":{"id":"osm:way:526989619","name":"聯松停車場","category":"parking","fee":"yes"},"geometry":{"type":"Point","coordinates":[121.481509,24.991938]}},{"type":"Feature","properties":{"id":"osm:way:526989630","name":"錦和停車場","category":"parking","fee":"yes"},"geometry":{"type":"Point","coordinates":[121.488115,24.991313]}},{"type":"Feature","properties":{"id":"osm:way:527536980","name":"貨運站停車場","category":"parking"},"geometry":{"type":"Point","coordinates":[121.554021,25.063649]}},{"type":"Feature","properties":{"id":"osm:way:527687892","name":"停車棚","category":"parking"},"geometry":{"type":"Point","coordinates":[121.554178,25.062102]}},{"type":"Feature","properties":{"id":"osm:way:528943185","name":"汽車停車場","category":"parking"},"geometry":{"type":"Point","coordinates":[121.498147,25.015921]}},{"type":"Feature","properties":{"id":"osm:way:531660303","name":"禾典新生站","category":"parking","fee":"yes"},"geometry":{"type":"Point","coordinates":[121.536123,25.025184]}},{"type":"Feature","properties":{"id":"osm:way:531974859","name":"第一停車場","category":"parking"},"geometry":{"type":"Point","coordinates":[121.517947,24.977328]}},{"type":"Feature","properties":{"id":"osm:way:531974860","name":"第二停車場","category":"parking"},"geometry":{"type":"Point","coordinates":[121.51911,24.976224]}},{"type":"Feature","properties":{"id":"osm:way:532701954","name":"大客車停車場","category":"parking"},"geometry":{"type":"Point","coordinates":[121.526039,25.077298]}},{"type":"Feature","properties":{"id":"osm:way:535304012","name":"帝國停車場","category":"parking","fee":"yes"},"geometry":{"type":"Point","coordinates":[121.50721,25.036074]}},{"type":"Feature","properties":{"id":"osm:way:537322690","name":"C區停車場","category":"parking"},"geometry":{"type":"Point","coordinates":[121.450309,25.17638]}},{"type":"Feature","properties":{"id":"osm:way:537322691","name":"D區停車場","category":"parking"},"geometry":{"type":"Point","coordinates":[121.450739,25.175168]}},{"type":"Feature","properties":{"id":"osm:way:537322692","name":"D區停車場","category":"parking","wheelchair":"yes"},"geometry":{"type":"Point","coordinates":[121.450238,25.174963]}},{"type":"Feature","properties":{"id":"osm:way:539509207","name":"山進電子停車場","category":"parking"},"geometry":{"type":"Point","coordinates":[121.48982,25.006535]}},{"type":"Feature","properties":{"id":"osm:way:541472441","name":"Times松江路平面停車場","category":"parking","fee":"yes"},"geometry":{"type":"Point","coordinates":[121.53097,25.056637]}},{"type":"Feature","properties":{"id":"osm:way:543583855","name":"立體停車場","category":"parking"},"geometry":{"type":"Point","coordinates":[121.539014,25.155051]}},{"type":"Feature","properties":{"id":"osm:way:545470332","name":"深坑老街停車場","category":"parking","opening_hours":"24/7","phone":"+886 2 2662 1639","fee":"yes","capacity":"81"},"geometry":{"type":"Point","coordinates":[121.615164,25.00071]}},{"type":"Feature","properties":{"id":"osm:way:545470333","name":"深坑平埔街全聯停車場","category":"parking","opening_hours":"24/7","phone":"+886 2 2722 9208","fee":"yes","capacity":"45"},"geometry":{"type":"Point","coordinates":[121.615195,25.001138]}},{"type":"Feature","properties":{"id":"osm:way:545472302","name":"埔新段平面停車場","category":"parking","fee":"yes"},"geometry":{"type":"Point","coordinates":[121.620441,25.000659]}},{"type":"Feature","properties":{"id":"osm:way:546822733","name":"中華賓士停車場","category":"parking"},"geometry":{"type":"Point","coordinates":[121.468427,25.125265]}},{"type":"Feature","properties":{"id":"osm:way:546983675","name":"俥亭停車場(海山)","category":"parking"},"geometry":{"type":"Point","coordinates":[121.454066,24.991897]}},{"type":"Feature","properties":{"id":"osm:way:547103168","name":"Hi PARKING 新北淡水關渡停車場","category":"parking","fee":"yes"},"geometry":{"type":"Point","coordinates":[121.46217,25.13009]}},{"type":"Feature","properties":{"id":"osm:way:547136613","name":"大客車停車場","category":"parking"},"geometry":{"type":"Point","coordinates":[121.462755,25.118302]}},{"type":"Feature","properties":{"id":"osm:way:547143627","name":"星光橋停車場","category":"parking","fee":"yes"},"geometry":{"type":"Point","coordinates":[121.661577,25.076833]}},{"type":"Feature","properties":{"id":"osm:way:548111261","name":"錦和運動公園停車場","category":"parking"},"geometry":{"type":"Point","coordinates":[121.488181,24.993336]}},{"type":"Feature","properties":{"id":"osm:way:548497323","name":"指南宮第二停車場","category":"parking","capacity":"23"},"geometry":{"type":"Point","coordinates":[121.589401,24.978824]}},{"type":"Feature","properties":{"id":"osm:way:548887424","name":"德惠街停車場","category":"parking","fee":"yes"},"geometry":{"type":"Point","coordinates":[121.523314,25.066879]}},{"type":"Feature","properties":{"id":"osm:way:550535672","name":"永侑停車場","category":"parking"},"geometry":{"type":"Point","coordinates":[121.495678,25.078636]}},{"type":"Feature","properties":{"id":"osm:way:550535673","name":"城市車旅","category":"parking","nameEn":"City Parking","brand":"城市車旅","fee":"yes"},"geometry":{"type":"Point","coordinates":[121.495724,25.078324]}},{"type":"Feature","properties":{"id":"osm:way:550535674","name":"俥亭","category":"parking","fee":"yes"},"geometry":{"type":"Point","coordinates":[121.496498,25.078594]}},{"type":"Feature","properties":{"id":"osm:way:552689161","name":"車芳停車場第20場","category":"parking","fee":"yes"},"geometry":{"type":"Point","coordinates":[121.660679,25.061867]}},{"type":"Feature","properties":{"id":"osm:way:557579130","name":"福和橋停車場","category":"parking","opening_hours":"24/7","fee":"yes","capacity":"277"},"geometry":{"type":"Point","coordinates":[121.52821,25.005272]}},{"type":"Feature","properties":{"id":"osm:way:558243045","name":"新光員工停車場","category":"parking"},"geometry":{"type":"Point","coordinates":[121.5203,25.097043]}},{"type":"Feature","properties":{"id":"osm:way:560632965","name":"仁愛立體停車場","category":"parking"},"geometry":{"type":"Point","coordinates":[121.471141,25.090945]}},{"type":"Feature","properties":{"id":"osm:way:570995432","name":"淡水民生停車場","category":"parking"},"geometry":{"type":"Point","coordinates":[121.461697,25.138056]}},{"type":"Feature","properties":{"id":"osm:way:581162900","name":"高爾富立體停車場","category":"parking","fee":"yes"},"geometry":{"type":"Point","coordinates":[121.454571,24.997776]}},{"type":"Feature","properties":{"id":"osm:way:581604895","name":"洲子立體停車場","category":"parking","address":"11492台北市內湖區瑞光路513巷22弄2號","phone":"+886 2 8751-1380","wheelchair":"yes","fee":"yes","capacity":"392"},"geometry":{"type":"Point","coordinates":[121.56934,25.079341]}},{"type":"Feature","properties":{"id":"osm:way:582500914","name":"Hi PARKING 政大三街臨時平面停車場","category":"parking","brand":"Hi PARKING","fee":"yes","capacity":"50"},"geometry":{"type":"Point","coordinates":[121.582939,24.986308]}},{"type":"Feature","properties":{"id":"osm:way:584368137","name":"富璟建設建築用地","category":"parking"},"geometry":{"type":"Point","coordinates":[121.57827,25.044152]}},{"type":"Feature","properties":{"id":"osm:way:587411711","name":"435藝文特區停車場","category":"parking"},"geometry":{"type":"Point","coordinates":[121.450311,25.024071]}},{"type":"Feature","properties":{"id":"osm:way:587411727","name":"江翠水岸特區停四停車場","category":"parking"},"geometry":{"type":"Point","coordinates":[121.450571,25.022965]}},{"type":"Feature","properties":{"id":"osm:way:591202410","name":"嘟嘟房","category":"parking","nameEn":"Dodohome","brand":"嘟嘟房","fee":"yes"},"geometry":{"type":"Point","coordinates":[121.525778,25.027415]}},{"type":"Feature","properties":{"id":"osm:way:601524131","name":"智驛保生公有停車場","category":"parking","fee":"yes","capacity":"38"},"geometry":{"type":"Point","coordinates":[121.505066,25.012261]}},{"type":"Feature","properties":{"id":"osm:way:604086343","name":"應安168停車場(鄉長二場)","category":"parking","fee":"yes"},"geometry":{"type":"Point","coordinates":[121.664383,25.076179]}},{"type":"Feature","properties":{"id":"osm:way:605487730","name":"秀峰分隊停車場","category":"parking"},"geometry":{"type":"Point","coordinates":[121.656956,25.064037]}},{"type":"Feature","properties":{"id":"osm:way:607874314","name":"故宮廣場停車場","category":"parking","fee":"yes"},"geometry":{"type":"Point","coordinates":[121.549013,25.098678]}},{"type":"Feature","properties":{"id":"osm:way:608563335","name":"至善公園停車場","category":"parking"},"geometry":{"type":"Point","coordinates":[121.53847,25.098086]}},{"type":"Feature","properties":{"id":"osm:way:608563337","name":"有誠停車場","category":"parking","fee":"yes"},"geometry":{"type":"Point","coordinates":[121.544382,25.097589]}},{"type":"Feature","properties":{"id":"osm:way:609732943","name":"雙園堤外平面停車場","category":"parking","nameEn":"Shuangyuan Car Park","fee":"yes"},"geometry":{"type":"Point","coordinates":[121.487526,25.032466]}},{"type":"Feature","properties":{"id":"osm:way:611723197","name":"力行地下停車場","category":"parking","fee":"yes"},"geometry":{"type":"Point","coordinates":[121.482713,25.077638]}},{"type":"Feature","properties":{"id":"osm:way:612461523","name":"國防部會客室停車場","category":"parking"},"geometry":{"type":"Point","coordinates":[121.544126,25.083496]}},{"type":"Feature","properties":{"id":"osm:way:615408929","name":"揚雅立體停車場","category":"parking","fee":"yes","capacity":"204"},"geometry":{"type":"Point","coordinates":[121.515799,25.067532]}},{"type":"Feature","properties":{"id":"osm:way:618220130","name":"新北市農會停車場","category":"parking"},"geometry":{"type":"Point","coordinates":[121.488842,25.057425]}},{"type":"Feature","properties":{"id":"osm:way:623065544","name":"168Parking 停車場","category":"parking","fee":"yes"},"geometry":{"type":"Point","coordinates":[121.546173,25.033575]}},{"type":"Feature","properties":{"id":"osm:way:629020465","name":"師大路收費停車場","category":"parking","address":"台北市大安區師大路105巷11號","fee":"yes","capacity":"5"},"geometry":{"type":"Point","coordinates":[121.52898,25.022643]}},{"type":"Feature","properties":{"id":"osm:way:629020466","name":"泰順街停車場","category":"parking","fee":"yes","capacity":"5"},"geometry":{"type":"Point","coordinates":[121.529576,25.022372]}},{"type":"Feature","properties":{"id":"osm:way:630656567","name":"實踐國中停車場","category":"parking","phone":"+886 2 2236 2852","fee":"yes","capacity":"32"},"geometry":{"type":"Point","coordinates":[121.557327,24.983857]}},{"type":"Feature","properties":{"id":"osm:way:641211384","name":"168停車聯盟","category":"parking","fee":"yes"},"geometry":{"type":"Point","coordinates":[121.591213,25.051244]}},{"type":"Feature","properties":{"id":"osm:way:641216584","name":"ViVi PARK《昆陽街停車場》","category":"parking","address":"115台北市南港區昆陽街68號","fee":"yes"},"geometry":{"type":"Point","coordinates":[121.592653,25.051835]}},{"type":"Feature","properties":{"id":"osm:way:644674118","name":"香帥蛋糕附設停車場","category":"parking"},"geometry":{"type":"Point","coordinates":[121.651566,25.072122]}},{"type":"Feature","properties":{"id":"osm:way:652721792","name":"垃圾車停車場","category":"parking"},"geometry":{"type":"Point","coordinates":[121.501653,25.109243]}},{"type":"Feature","properties":{"id":"osm:way:652721793","name":"垃圾車","category":"parking"},"geometry":{"type":"Point","coordinates":[121.50146,25.107526]}},{"type":"Feature","properties":{"id":"osm:way:653925007","name":"消防車停車場","category":"parking"},"geometry":{"type":"Point","coordinates":[121.548291,25.064853]}},{"type":"Feature","properties":{"id":"osm:way:653928871","name":"公務車停車場","category":"parking"},"geometry":{"type":"Point","coordinates":[121.555005,25.062395]}},{"type":"Feature","properties":{"id":"osm:way:657035014","name":"停車塔","category":"parking","fee":"yes"},"geometry":{"type":"Point","coordinates":[121.550652,25.029171]}},{"type":"Feature","properties":{"id":"osm:way:657295428","name":"愛馬麗世貿場","category":"parking","fee":"yes"},"geometry":{"type":"Point","coordinates":[121.557718,25.030759]}},{"type":"Feature","properties":{"id":"osm:way:657396312","name":"地下停車場","category":"parking","fee":"yes"},"geometry":{"type":"Point","coordinates":[121.577984,24.99692]}},{"type":"Feature","properties":{"id":"osm:way:661829408","name":"新生高架橋下停車場","category":"parking","fee":"yes"},"geometry":{"type":"Point","coordinates":[121.527652,25.061493]}},{"type":"Feature","properties":{"id":"osm:way:663577173","name":"臨沂二停車場","category":"parking","fee":"yes"},"geometry":{"type":"Point","coordinates":[121.531715,25.040933]}},{"type":"Feature","properties":{"id":"osm:way:668629748","name":"中崙第三停車場","category":"parking","fee":"yes"},"geometry":{"type":"Point","coordinates":[121.540025,25.046345]}},{"type":"Feature","properties":{"id":"osm:way:674101024","name":"27247Times金山南路平面停車場","category":"parking","fee":"yes","capacity":"4"},"geometry":{"type":"Point","coordinates":[121.52846,25.032877]}},{"type":"Feature","properties":{"id":"osm:way:674873336","name":"景新停車場","category":"parking","nameEn":"Jingxin Parking Lot","fee":"yes"},"geometry":{"type":"Point","coordinates":[121.513252,24.989641]}},{"type":"Feature","properties":{"id":"osm:way:674931328","name":"嘟嘟房","category":"parking","nameEn":"Dodohome","brand":"嘟嘟房","fee":"yes"},"geometry":{"type":"Point","coordinates":[121.536043,25.065882]}},{"type":"Feature","properties":{"id":"osm:way:678672888","name":"復興南路平面停車場","category":"parking","fee":"yes"},"geometry":{"type":"Point","coordinates":[121.543597,25.046835]}},{"type":"Feature","properties":{"id":"osm:way:685238490","name":"桂林路堤外停車場","category":"parking","fee":"yes"},"geometry":{"type":"Point","coordinates":[121.495635,25.039073]}},{"type":"Feature","properties":{"id":"osm:way:686428843","name":"城市車旅","category":"parking","nameEn":"City Parking","brand":"城市車旅","fee":"yes"},"geometry":{"type":"Point","coordinates":[121.529786,24.976965]}},{"type":"Feature","properties":{"id":"osm:way:692389003","name":"三重環保一場","category":"parking","fee":"yes"},"geometry":{"type":"Point","coordinates":[121.473578,25.043485]}},{"type":"Feature","properties":{"id":"osm:way:692389004","name":"三重環保二場","category":"parking","fee":"yes"},"geometry":{"type":"Point","coordinates":[121.475796,25.044424]}},{"type":"Feature","properties":{"id":"osm:way:697566926","name":"景華公園停車場","category":"parking","fee":"yes","capacity":"200"},"geometry":{"type":"Point","coordinates":[121.543743,24.995591]}},{"type":"Feature","properties":{"id":"osm:way:712414033","name":"和雲","category":"parking","fee":"yes"},"geometry":{"type":"Point","coordinates":[121.517984,25.061803]}},{"type":"Feature","properties":{"id":"osm:way:712494255","name":"永齡生醫工程館地下停車場 (汽車)","category":"parking","opening_hours":"06:00-23:00","fee":"yes","capacity":"120"},"geometry":{"type":"Point","coordinates":[121.547351,25.013623]}},{"type":"Feature","properties":{"id":"osm:way:712494262","name":"芳蘭第一平面停車場","category":"parking","fee":"yes"},"geometry":{"type":"Point","coordinates":[121.544965,25.011682]}},{"type":"Feature","properties":{"id":"osm:way:715334080","name":"雷鋒停車場","category":"parking","fee":"yes"},"geometry":{"type":"Point","coordinates":[121.545572,25.035259]}},{"type":"Feature","properties":{"id":"osm:way:722639803","name":"台大辛亥地下停車場","category":"parking","fee":"yes","capacity":"517"},"geometry":{"type":"Point","coordinates":[121.542294,25.020521]}},{"type":"Feature","properties":{"id":"osm:way:723893754","name":"樺泰大型車停車場","category":"parking","phone":"+886 2 2212 8181","fee":"yes"},"geometry":{"type":"Point","coordinates":[121.524342,24.971614]}},{"type":"Feature","properties":{"id":"osm:way:727408925","name":"33046Times信安街平面停車場","category":"parking","fee":"yes"},"geometry":{"type":"Point","coordinates":[121.555503,25.02379]}},{"type":"Feature","properties":{"id":"osm:way:730430391","name":"樂活天地停車場","category":"parking"},"geometry":{"type":"Point","coordinates":[121.476611,25.058732]}},{"type":"Feature","properties":{"id":"osm:way:733943188","name":"Hi PARKING 中山運動中心旁臨時停車場","category":"parking","fee":"yes"},"geometry":{"type":"Point","coordinates":[121.521368,25.055279]}},{"type":"Feature","properties":{"id":"osm:way:734395309","name":"永年停車場","category":"parking","fee":"yes"},"geometry":{"type":"Point","coordinates":[121.466288,24.998818]}},{"type":"Feature","properties":{"id":"osm:way:735264676","name":"臺北橋下停車場","category":"parking","fee":"yes"},"geometry":{"type":"Point","coordinates":[121.510115,25.063133]}},{"type":"Feature","properties":{"id":"osm:way:736665520","name":"前港公園地下停車場","category":"parking","fee":"yes"},"geometry":{"type":"Point","coordinates":[121.520199,25.085895]}},{"type":"Feature","properties":{"id":"osm:way:73750276","name":"興中立體停車場","category":"parking","wheelchair":"yes"},"geometry":{"type":"Point","coordinates":[121.606453,25.056176]}},{"type":"Feature","properties":{"id":"osm:way:739541733","name":"Times","category":"parking","nameEn":"Times","brand":"Times","fee":"yes"},"geometry":{"type":"Point","coordinates":[121.525367,25.037351]}},{"type":"Feature","properties":{"id":"osm:way:739604916","name":"秀山停車場","category":"parking"},"geometry":{"type":"Point","coordinates":[121.523691,24.99005]}},{"type":"Feature","properties":{"id":"osm:way:74144675","name":"停車場","category":"parking","fee":"yes"},"geometry":{"type":"Point","coordinates":[121.595676,25.056461]}},{"type":"Feature","properties":{"id":"osm:way:743280265","name":"民權東路三段153巷西側平面停車場","category":"parking","nameEn":"MinQuan E. Rd. Sec. 3 Lane 153 W. Car Park","fee":"yes"},"geometry":{"type":"Point","coordinates":[121.546473,25.062298]}},{"type":"Feature","properties":{"id":"osm:way:750509595","name":"Hi PARKING 台北廣州街停車場","category":"parking","brand":"Hi PARKING","fee":"yes"},"geometry":{"type":"Point","coordinates":[121.508583,25.035913]}},{"type":"Feature","properties":{"id":"osm:way:751353369","name":"辛亥路橋下停車場","category":"parking","fee":"yes"},"geometry":{"type":"Point","coordinates":[121.533867,25.02244]}},{"type":"Feature","properties":{"id":"osm:way:753696069","name":"臺北偶戲館地下停車場","category":"parking","address":"105台北市松山區市民大道五段99號B1樓","fee":"yes"},"geometry":{"type":"Point","coordinates":[121.561507,25.047305]}},{"type":"Feature","properties":{"id":"osm:way:764466776","name":"Hi PARKING 台北永吉路停車場","category":"parking","fee":"yes"},"geometry":{"type":"Point","coordinates":[121.570516,25.042462]}},{"type":"Feature","properties":{"id":"osm:way:765955867","name":"敦和停車場","category":"parking","fee":"yes"},"geometry":{"type":"Point","coordinates":[121.549838,25.031947]}},{"type":"Feature","properties":{"id":"osm:way:769219925","name":"小型車停車區","category":"parking","fee":"no","capacity":"9"},"geometry":{"type":"Point","coordinates":[121.570189,24.975939]}},{"type":"Feature","properties":{"id":"osm:way:772708554","name":"古亭國中地下停車場","category":"parking","nameEn":"Kuting Junior High School Undergroud Parking","fee":"yes"},"geometry":{"type":"Point","coordinates":[121.510403,25.024114]}},{"type":"Feature","properties":{"id":"osm:way:772708559","name":"大稻埕公園地下停車場","category":"parking","fee":"yes"},"geometry":{"type":"Point","coordinates":[121.510398,25.058759]}},{"type":"Feature","properties":{"id":"osm:way:772861885","name":"辰淵-行善路平面停車場","category":"parking"},"geometry":{"type":"Point","coordinates":[121.5869,25.064856]}},{"type":"Feature","properties":{"id":"osm:way:773559114","name":"西湖公園地下停車場","category":"parking","fee":"yes","capacity":"175"},"geometry":{"type":"Point","coordinates":[121.570357,25.083631]}},{"type":"Feature","properties":{"id":"osm:way:773594708","name":"榮星花園公園地下停車場","category":"parking","fee":"yes"},"geometry":{"type":"Point","coordinates":[121.538575,25.06345]}},{"type":"Feature","properties":{"id":"osm:way:773820274","name":"中山堂地下停車場","category":"parking","website":"https://atis.taipei.gov.tw/aspx/park/parkF.aspx?lang=zh-Hant-TW&id=2404&sn=TPE0011","fee":"yes","capacity":"441"},"geometry":{"type":"Point","coordinates":[121.510186,25.043153]}},{"type":"Feature","properties":{"id":"osm:way:773820285","name":"新店高中地下停車場","category":"parking","fee":"yes"},"geometry":{"type":"Point","coordinates":[121.533542,24.974507]}},{"type":"Feature","properties":{"id":"osm:way:777210697","name":"Times","category":"parking","nameEn":"Times","brand":"Times","fee":"yes"},"geometry":{"type":"Point","coordinates":[121.497762,25.080293]}},{"type":"Feature","properties":{"id":"osm:way:777210705","name":"宏達仁義場","category":"parking"},"geometry":{"type":"Point","coordinates":[121.499377,25.079659]}},{"type":"Feature","properties":{"id":"osm:way:777210706","name":"宏達仁義2場","category":"parking"},"geometry":{"type":"Point","coordinates":[121.499039,25.079554]}},{"type":"Feature","properties":{"id":"osm:way:780995545","name":"捷運士林停車場","category":"parking","fee":"yes"},"geometry":{"type":"Point","coordinates":[121.526724,25.092037]}},{"type":"Feature","properties":{"id":"osm:way:783791335","name":"鼎晟停車場","category":"parking","fee":"yes"},"geometry":{"type":"Point","coordinates":[121.515831,25.045953]}},{"type":"Feature","properties":{"id":"osm:way:783791340","name":"嘟嘟房林森公園場","category":"parking","website":"https://atis.taipei.gov.tw/aspx/park/parkF.aspx?lang=zh-Hant-TW&region=%E4%B8%AD%E5%B1%B1%E5%8D%80&sn=TPE0330","fee":"yes","capacity":"850"},"geometry":{"type":"Point","coordinates":[121.526406,25.053055]}},{"type":"Feature","properties":{"id":"osm:way:787209789","name":"興雅國中地下停車場","category":"parking","nameEn":"Xingya Junior High School Underground Parking Garage","address":"110臺北市信義區松德路200巷18號B1樓","fee":"yes","capacity":"447"},"geometry":{"type":"Point","coordinates":[121.5722,25.035263]}},{"type":"Feature","properties":{"id":"osm:way:787862493","name":"平安街停車場","category":"parking"},"geometry":{"type":"Point","coordinates":[121.498469,25.064354]}},{"type":"Feature","properties":{"id":"osm:way:795041694","name":"福國路橋下平面停車場","category":"parking","nameEn":"Fuguo Road Car Park","fee":"yes"},"geometry":{"type":"Point","coordinates":[121.518732,25.101932]}},{"type":"Feature","properties":{"id":"osm:way:797083838","name":"景美集應廟文化願景館地下停車場","category":"parking","fee":"yes"},"geometry":{"type":"Point","coordinates":[121.542375,24.991543]}},{"type":"Feature","properties":{"id":"osm:way:804860159","name":"擎天崗停車場","category":"parking","nameEn":"Qingtiangang Parking Lot","wheelchair":"yes","fee":"yes"},"geometry":{"type":"Point","coordinates":[121.573943,25.166698]}},{"type":"Feature","properties":{"id":"osm:way:807584088","name":"木柵路3段77巷臨時平面停車場","category":"parking","nameEn":"MuZha Rd. Sec. 3 Lane 77 Car Park","fee":"yes"},"geometry":{"type":"Point","coordinates":[121.567099,24.989241]}},{"type":"Feature","properties":{"id":"osm:way:808480742","name":"新北市市民廣場地下停車場","category":"parking","address":"220新北市板橋區縣民大道二段22號B1;B2;B3","fee":"yes","capacity":"45000m2"},"geometry":{"type":"Point","coordinates":[121.464935,25.013193]}},{"type":"Feature","properties":{"id":"osm:way:812899985","name":"中崙高中地下停車場","category":"parking","fee":"yes"},"geometry":{"type":"Point","coordinates":[121.56189,25.049806]}},{"type":"Feature","properties":{"id":"osm:way:814045758","name":"日月亭","category":"parking","nameEn":"youparking","brand":"俥亭停車","fee":"yes"},"geometry":{"type":"Point","coordinates":[121.518427,25.01243]}},{"type":"Feature","properties":{"id":"osm:way:824255973","name":"佛原","category":"parking"},"geometry":{"type":"Point","coordinates":[121.527161,25.065058]}},{"type":"Feature","properties":{"id":"osm:way:824570175","name":"辛亥國小地下停車場","category":"parking","fee":"yes"},"geometry":{"type":"Point","coordinates":[121.55886,25.006158]}},{"type":"Feature","properties":{"id":"osm:way:824580418","name":"城市車旅","category":"parking","nameEn":"City Parking","brand":"城市車旅","fee":"yes"},"geometry":{"type":"Point","coordinates":[121.55312,25.030599]}},{"type":"Feature","properties":{"id":"osm:way:824890594","name":"Times","category":"parking","nameEn":"Times","brand":"Times","fee":"yes"},"geometry":{"type":"Point","coordinates":[121.518742,25.06974]}},{"type":"Feature","properties":{"id":"osm:way:827822816","name":"城市車旅","category":"parking","nameEn":"City Parking","brand":"城市車旅","fee":"yes"},"geometry":{"type":"Point","coordinates":[121.510572,25.089621]}},{"type":"Feature","properties":{"id":"osm:way:827859763","name":"大同長春站","category":"parking","fee":"yes"},"geometry":{"type":"Point","coordinates":[121.53837,25.05438]}},{"type":"Feature","properties":{"id":"osm:way:828307293","name":"臺北市政府青年局地下停車場","category":"parking","fee":"yes"},"geometry":{"type":"Point","coordinates":[121.522467,25.039129]}},{"type":"Feature","properties":{"id":"osm:way:830629148","name":"大安高工地下停車場","category":"parking","fee":"yes"},"geometry":{"type":"Point","coordinates":[121.541309,25.032107]}},{"type":"Feature","properties":{"id":"osm:way:834272128","name":"大安國宅地下停車場","category":"parking","fee":"yes"},"geometry":{"type":"Point","coordinates":[121.538714,25.030145]}},{"type":"Feature","properties":{"id":"osm:way:834673861","name":"木柵區農會停車場","category":"parking","opening_hours":"06:00-20:00","fee":"yes","capacity":"48"},"geometry":{"type":"Point","coordinates":[121.569865,24.98872]}},{"type":"Feature","properties":{"id":"osm:way:834673867","name":"龍門國中地下停車場","category":"parking","fee":"yes"},"geometry":{"type":"Point","coordinates":[121.538353,25.023842]}},{"type":"Feature","properties":{"id":"osm:way:837734049","name":"塔城公園地下停車場","category":"parking","address":"104台北市大同區塔城街11號","wheelchair":"yes","fee":"yes"},"geometry":{"type":"Point","coordinates":[121.510829,25.050825]}},{"type":"Feature","properties":{"id":"osm:way:846912716","name":"城市車旅","category":"parking","nameEn":"City Parking","brand":"城市車旅","address":"220085新北市板橋區三民路一129之2號","fee":"yes"},"geometry":{"type":"Point","coordinates":[121.47958,25.020743]}},{"type":"Feature","properties":{"id":"osm:way:847056041","name":"國雲停車泊車趣","category":"parking","fee":"yes"},"geometry":{"type":"Point","coordinates":[121.562253,25.03241]}},{"type":"Feature","properties":{"id":"osm:way:853612422","name":"中山計程車服務站","category":"parking"},"geometry":{"type":"Point","coordinates":[121.525785,25.071969]}},{"type":"Feature","properties":{"id":"osm:way:857744135","name":"iRent台北新生停車場","category":"parking"},"geometry":{"type":"Point","coordinates":[121.530888,25.068862]}},{"type":"Feature","properties":{"id":"osm:way:863548391","name":"ViVi Park","category":"parking"},"geometry":{"type":"Point","coordinates":[121.452168,25.180616]}},{"type":"Feature","properties":{"id":"osm:way:864676280","name":"Times","category":"parking","nameEn":"Times","brand":"Times","fee":"yes"},"geometry":{"type":"Point","coordinates":[121.557941,25.084189]}},{"type":"Feature","properties":{"id":"osm:way:875386021","name":"叭叭房停車場西湖站場","category":"parking","nameEn":"Babahome_Parking_Xihu","fee":"yes"},"geometry":{"type":"Point","coordinates":[121.567781,25.081601]}},{"type":"Feature","properties":{"id":"osm:way:877568636","name":"嘟嘟房停車場-內湖行善站","category":"parking","fee":"yes"},"geometry":{"type":"Point","coordinates":[121.586781,25.064153]}},{"type":"Feature","properties":{"id":"osm:way:890136613","name":"學生停車場","category":"parking"},"geometry":{"type":"Point","coordinates":[121.571057,24.980947]}},{"type":"Feature","properties":{"id":"osm:way:890181844","name":"環快橋下(B區)停車場","category":"parking"},"geometry":{"type":"Point","coordinates":[121.504264,25.069285]}},{"type":"Feature","properties":{"id":"osm:way:890181847","name":"環快橋下(A區)停車場","category":"parking"},"geometry":{"type":"Point","coordinates":[121.503857,25.071068]}},{"type":"Feature","properties":{"id":"osm:way:891122021","name":"過圳停車場","category":"parking"},"geometry":{"type":"Point","coordinates":[121.488368,25.059322]}},{"type":"Feature","properties":{"id":"osm:way:897571578","name":"Times中山南京平面停車場","category":"parking","nameEn":"Times","brand":"Times","fee":"yes"},"geometry":{"type":"Point","coordinates":[121.524135,25.053036]}},{"type":"Feature","properties":{"id":"osm:way:904416002","name":"台灣聯通","category":"parking","nameEn":"Taiwan Parking","brand":"台灣聯通","fee":"yes"},"geometry":{"type":"Point","coordinates":[121.478944,25.024489]}},{"type":"Feature","properties":{"id":"osm:way:916913286","name":"新光摩天大樓停車場","category":"parking","fee":"yes"},"geometry":{"type":"Point","coordinates":[121.515305,25.045968]}},{"type":"Feature","properties":{"id":"osm:way:916913287","name":"Times站前華陰平面停車場","category":"parking","fee":"yes"},"geometry":{"type":"Point","coordinates":[121.520566,25.048881]}},{"type":"Feature","properties":{"id":"osm:way:916913293","name":"永盛公園地下停車場","category":"parking","nameEn":"Yongsheng Cark Park","address":"104台北市中山區中山北路二段93巷30號B1樓","fee":"yes","capacity":"224"},"geometry":{"type":"Point","coordinates":[121.524881,25.059023]}},{"type":"Feature","properties":{"id":"osm:way:917328043","name":"私人停車場","category":"parking"},"geometry":{"type":"Point","coordinates":[121.479212,25.025493]}},{"type":"Feature","properties":{"id":"osm:way:921809838","name":"Hi PARKING 兒童育樂中心平面停車場","category":"parking","fee":"yes"},"geometry":{"type":"Point","coordinates":[121.521675,25.075408]}},{"type":"Feature","properties":{"id":"osm:way:922782363","name":"漢堡停車場","category":"parking"},"geometry":{"type":"Point","coordinates":[121.486015,24.998866]}},{"type":"Feature","properties":{"id":"osm:way:922782367","name":"Hi PARKING 新北建八路停車場","category":"parking","fee":"yes"},"geometry":{"type":"Point","coordinates":[121.486967,24.998944]}},{"type":"Feature","properties":{"id":"osm:way:924733530","name":"計程車休憩站","category":"parking"},"geometry":{"type":"Point","coordinates":[121.48344,25.051218]}},{"type":"Feature","properties":{"id":"osm:way:927030072","name":"美軍俱樂部美式餐廳停車場","category":"parking","fee":"yes"},"geometry":{"type":"Point","coordinates":[121.543355,25.135854]}},{"type":"Feature","properties":{"id":"osm:way:927030073","name":"草山停車場","category":"parking","fee":"yes"},"geometry":{"type":"Point","coordinates":[121.54317,25.136694]}},{"type":"Feature","properties":{"id":"osm:way:936161475","name":"日月亭希望園區場","category":"parking","nameEn":"youparking","brand":"俥亭停車","opening_hours":"24/7","address":"台北市中正區八德路一段55號B1-B4","phone":"+886 2 2655 0818","fee":"yes"},"geometry":{"type":"Point","coordinates":[121.532194,25.044651]}},{"type":"Feature","properties":{"id":"osm:way:940449130","name":"六條通停車場","category":"parking","fee":"yes"},"geometry":{"type":"Point","coordinates":[121.523842,25.05074]}},{"type":"Feature","properties":{"id":"osm:way:944570028","name":"長安林森停車場","category":"parking","address":"臺北市中山區林森北路29號","fee":"yes"},"geometry":{"type":"Point","coordinates":[121.524461,25.049356]}},{"type":"Feature","properties":{"id":"osm:way:947087301","name":"環遊市八達通大樓月租停車場","category":"parking","fee":"yes"},"geometry":{"type":"Point","coordinates":[121.472315,25.029343]}},{"type":"Feature","properties":{"id":"osm:way:947372738","name":"正好停","category":"parking","fee":"yes"},"geometry":{"type":"Point","coordinates":[121.477485,25.027165]}},{"type":"Feature","properties":{"id":"osm:way:947735827","name":"Vivi Park","category":"parking","fee":"yes"},"geometry":{"type":"Point","coordinates":[121.47843,25.010478]}},{"type":"Feature","properties":{"id":"osm:way:948068968","name":"萬板高架橋下停車場","category":"parking"},"geometry":{"type":"Point","coordinates":[121.4806,25.026589]}},{"type":"Feature","properties":{"id":"osm:way:948068969","name":"萬板高架橋下停車場","category":"parking"},"geometry":{"type":"Point","coordinates":[121.480274,25.026386]}},{"type":"Feature","properties":{"id":"osm:way:948881124","name":"ViVi Park","category":"parking"},"geometry":{"type":"Point","coordinates":[121.52329,25.059882]}},{"type":"Feature","properties":{"id":"osm:way:957165119","name":"嘟嘟房","category":"parking","nameEn":"Dodohome","brand":"嘟嘟房","opening_hours":"24/7","fee":"yes","capacity":"495"},"geometry":{"type":"Point","coordinates":[121.529515,25.014707]}},{"type":"Feature","properties":{"id":"osm:way:957751464","name":"進安公園地下停車場","category":"parking","fee":"yes"},"geometry":{"type":"Point","coordinates":[121.537507,25.045927]}},{"type":"Feature","properties":{"id":"osm:way:964323335","name":"Hi PARKING 台北松信路停車場","category":"parking","fee":"yes"},"geometry":{"type":"Point","coordinates":[121.571644,25.041966]}},{"type":"Feature","properties":{"id":"osm:way:970537250","name":"力揚停車新海抽水站公有停車場","category":"parking"},"geometry":{"type":"Point","coordinates":[121.455038,25.027974]}},{"type":"Feature","properties":{"id":"osm:way:970537251","name":"江翠停五停車場","category":"parking","fee":"yes","capacity":"392"},"geometry":{"type":"Point","coordinates":[121.45612,25.027686]}},{"type":"Feature","properties":{"id":"osm:way:971535304","name":"E區停車場","category":"parking"},"geometry":{"type":"Point","coordinates":[121.452453,25.175513]}},{"type":"Feature","properties":{"id":"osm:way:971535305","name":"E區停車場","category":"parking"},"geometry":{"type":"Point","coordinates":[121.451814,25.175601]}},{"type":"Feature","properties":{"id":"osm:way:971535306","name":"C區停車場","category":"parking"},"geometry":{"type":"Point","coordinates":[121.450417,25.176851]}},{"type":"Feature","properties":{"id":"osm:way:990704269","name":"臺北市文山區行政中心便民停車場","category":"parking","fee":"yes"},"geometry":{"type":"Point","coordinates":[121.569804,24.989539]}},{"type":"Feature","properties":{"id":"osm:way:991517223","name":"興隆路三段229巷平面停車場","category":"parking","nameEn":"XingLong Rd. Sec. 3 Lane 229 Car Park","phone":"+886 2 2726 9600","website":"https://pma.gov.taipei","fee":"Mo-Sa 09:00-17:00","capacity":"21"},"geometry":{"type":"Point","coordinates":[121.559738,24.993107]}},{"type":"Feature","properties":{"id":"osm:way:999820271","name":"重慶公園地下停車場","category":"parking","fee":"yes"},"geometry":{"type":"Point","coordinates":[121.464335,24.999916]}}]}