{"type":"FeatureCollection","features":[{"type":"Feature","properties":{"id":"osm:node:10016034800","name":"土地公","category":"place_of_worship"},"geometry":{"type":"Point","coordinates":[121.518034,25.128532]}},{"type":"Feature","properties":{"id":"osm:node:10033745514","name":"土地公廟","category":"place_of_worship","religion":"taoist"},"geometry":{"type":"Point","coordinates":[121.506837,25.032474]}},{"type":"Feature","properties":{"id":"osm:node:10051049817","name":"聖天宮","category":"place_of_worship"},"geometry":{"type":"Point","coordinates":[121.465313,25.119154]}},{"type":"Feature","properties":{"id":"osm:node:10060157167","name":"玄清宮","category":"place_of_worship","address":"新北市深坑區","religion":"taoist"},"geometry":{"type":"Point","coordinates":[121.602646,25.011789]}},{"type":"Feature","properties":{"id":"osm:node:10074076866","name":"土地公廟","category":"place_of_worship","address":"新北市新莊區中港路108號","religion":"taoist"},"geometry":{"type":"Point","coordinates":[121.455505,25.039795]}},{"type":"Feature","properties":{"id":"osm:node:10074098709","name":"八德公園的土地公廟","category":"place_of_worship","address":"新北市板橋區","religion":"buddhist"},"geometry":{"type":"Point","coordinates":[121.476895,25.025004]}},{"type":"Feature","properties":{"id":"osm:node:10074185051","name":"土地公廟","category":"place_of_worship","address":"新北市三重區化成路"},"geometry":{"type":"Point","coordinates":[121.465145,25.059919]}},{"type":"Feature","properties":{"id":"osm:node:10076711326","name":"大直愛樂旺四面佛","category":"place_of_worship","religion":"buddhist"},"geometry":{"type":"Point","coordinates":[121.554091,25.086139]}},{"type":"Feature","properties":{"id":"osm:node:10087232632","name":"庇祐宮","category":"place_of_worship"},"geometry":{"type":"Point","coordinates":[121.566576,25.008294]}},{"type":"Feature","properties":{"id":"osm:node:10087232675","name":"淨土宗","category":"place_of_worship","address":"110049臺北市信義區信義路五段150巷22弄41號","phone":"+886 2 8789 4818","website":"https://plb.tw/","religion":"buddhist","denomination":"pure_land"},"geometry":{"type":"Point","coordinates":[121.570681,25.027409]}},{"type":"Feature","properties":{"id":"osm:node:10553916322","name":"伯特利之家","category":"place_of_worship","address":"220083新北市板橋區三民路二段191號","religion":"christian"},"geometry":{"type":"Point","coordinates":[121.47925,25.014039]}},{"type":"Feature","properties":{"id":"osm:node:10715859614","name":"三重鎮重宮","category":"place_of_worship"},"geometry":{"type":"Point","coordinates":[121.487519,25.054132]}},{"type":"Feature","properties":{"id":"osm:node:10763594228","name":"靈應公","category":"place_of_worship","religion":"chinese_folk"},"geometry":{"type":"Point","coordinates":[121.476336,25.137167]}},{"type":"Feature","properties":{"id":"osm:node:10823284529","name":"百年土地公","category":"place_of_worship"},"geometry":{"type":"Point","coordinates":[121.482133,24.969372]}},{"type":"Feature","properties":{"id":"osm:node:10917797645","name":"普泉精舍","category":"place_of_worship"},"geometry":{"type":"Point","coordinates":[121.518593,25.067551]}},{"type":"Feature","properties":{"id":"osm:node:10961579349","name":"受福宮","category":"place_of_worship"},"geometry":{"type":"Point","coordinates":[121.507035,24.973889]}},{"type":"Feature","properties":{"id":"osm:node:11028877705","name":"地基主","category":"place_of_worship"},"geometry":{"type":"Point","coordinates":[121.471381,25.18516]}},{"type":"Feature","properties":{"id":"osm:node:11032831175","name":"福德祠","category":"place_of_worship"},"geometry":{"type":"Point","coordinates":[121.585502,24.97998]}},{"type":"Feature","properties":{"id":"osm:node:11071033892","name":"弘法大師岩","category":"place_of_worship","religion":"buddhist"},"geometry":{"type":"Point","coordinates":[121.50965,25.134079]}},{"type":"Feature","properties":{"id":"osm:node:11092657505","name":"北投里福德宮","category":"place_of_worship"},"geometry":{"type":"Point","coordinates":[121.45171,25.180132]}},{"type":"Feature","properties":{"id":"osm:node:11096920833","name":"板橋元帥府","category":"place_of_worship"},"geometry":{"type":"Point","coordinates":[121.475148,25.01238]}},{"type":"Feature","properties":{"id":"osm:node:11116993822","name":"秀朗聖安宮","category":"place_of_worship","religion":"taoist"},"geometry":{"type":"Point","coordinates":[121.523249,25.001318]}},{"type":"Feature","properties":{"id":"osm:node:11119830533","name":"秀朗秀和宮","category":"place_of_worship","address":"新北市永和區成功路二段1巷1號","phone":"+886 2 2923 9617","religion":"taoist"},"geometry":{"type":"Point","coordinates":[121.527132,25.001524]}},{"type":"Feature","properties":{"id":"osm:node:11121916607","name":"地基江府合姓康娘聖媽","category":"place_of_worship"},"geometry":{"type":"Point","coordinates":[121.469186,25.183607]}},{"type":"Feature","properties":{"id":"osm:node:11147524296","name":"東興宮","category":"place_of_worship"},"geometry":{"type":"Point","coordinates":[121.656998,25.0551]}},{"type":"Feature","properties":{"id":"osm:node:1115771791","name":"慈雲宮","category":"place_of_worship"},"geometry":{"type":"Point","coordinates":[121.586934,25.093815]}},{"type":"Feature","properties":{"id":"osm:node:11160118405","name":"楓樹湖福德宮","category":"place_of_worship"},"geometry":{"type":"Point","coordinates":[121.495244,25.189742]}},{"type":"Feature","properties":{"id":"osm:node:11202037329","name":"清海宮","category":"place_of_worship","religion":"taoist"},"geometry":{"type":"Point","coordinates":[121.473973,25.094112]}},{"type":"Feature","properties":{"id":"osm:node:11262727359","name":"新莊仁愛福德宮","category":"place_of_worship","religion":"taoist"},"geometry":{"type":"Point","coordinates":[121.45736,25.046996]}},{"type":"Feature","properties":{"id":"osm:node:11268441255","name":"基督教台灣貴格會淡水合一堂","category":"place_of_worship","address":"251新北市淡水區民權路157號二樓","religion":"christian","denomination":"quaker"},"geometry":{"type":"Point","coordinates":[121.460067,25.13609]}},{"type":"Feature","properties":{"id":"osm:node:11281754030","name":"老寮湖福德宮","category":"place_of_worship","religion":"taoist"},"geometry":{"type":"Point","coordinates":[121.620597,25.175483]}},{"type":"Feature","properties":{"id":"osm:node:11301656062","name":"清水祖師廟","category":"place_of_worship","address":"221新北市汐止區汐萬路一段312號","religion":"taoist"},"geometry":{"type":"Point","coordinates":[121.650255,25.075238]}},{"type":"Feature","properties":{"id":"osm:node:11336260488","name":"妙天宮","category":"place_of_worship"},"geometry":{"type":"Point","coordinates":[121.480272,25.089145]}},{"type":"Feature","properties":{"id":"osm:node:11515685809","name":"盟奉宮","category":"place_of_worship","address":"臺北市中山區長安東路一段56巷1弄48號"},"geometry":{"type":"Point","coordinates":[121.530363,25.046526]}},{"type":"Feature","properties":{"id":"osm:node:11586136859","name":"永和湄聖宮","category":"place_of_worship","address":"新北市永和區永樂里002鄰安樂路463巷12號","religion":"taoist"},"geometry":{"type":"Point","coordinates":[121.513962,25.005033]}},{"type":"Feature","properties":{"id":"osm:node:11601281024","name":"五峰廟","category":"place_of_worship","religion":"taoist"},"geometry":{"type":"Point","coordinates":[121.549084,24.967237]}},{"type":"Feature","properties":{"id":"osm:node:11762498421","name":"永和福和宮","category":"place_of_worship","address":"234新北市永和區保福路二段9巷2號","religion":"chinese_folk"},"geometry":{"type":"Point","coordinates":[121.510551,25.010864]}},{"type":"Feature","properties":{"id":"osm:node:11873796938","name":"臺北關帝堂","category":"place_of_worship","address":"臺北市中山區松江路132巷28號","religion":"taoist"},"geometry":{"type":"Point","coordinates":[121.530676,25.052879]}},{"type":"Feature","properties":{"id":"osm:node:11891363134","name":"霖德佛院","category":"place_of_worship","religion":"buddhist"},"geometry":{"type":"Point","coordinates":[121.636584,25.16948]}},{"type":"Feature","properties":{"id":"osm:node:11911124799","name":"佛教正覺同修會","category":"place_of_worship","address":"103臺北市大同區保安里5鄰承德路三段277號九樓","phone":"+886 2 2595 7295","religion":"buddhist"},"geometry":{"type":"Point","coordinates":[121.519299,25.072679]}},{"type":"Feature","properties":{"id":"osm:node:12037483665","name":"主顯聖母堂","category":"place_of_worship","religion":"christian"},"geometry":{"type":"Point","coordinates":[121.539672,24.971302]}},{"type":"Feature","properties":{"id":"osm:node:12109830662","name":"連天府五府千歳","category":"place_of_worship","religion":"taoist"},"geometry":{"type":"Point","coordinates":[121.641077,25.063559]}},{"type":"Feature","properties":{"id":"osm:node:12147942319","name":"不荒亭(荒廢)","category":"place_of_worship","religion":"chinese_folk"},"geometry":{"type":"Point","coordinates":[121.574566,25.148111]}},{"type":"Feature","properties":{"id":"osm:node:12239984701","name":"萬善堂","category":"place_of_worship","nameEn":"Wan Shang Tang","opening_hours":"24/7","address":"潭美街"},"geometry":{"type":"Point","coordinates":[121.581593,25.05454]}},{"type":"Feature","properties":{"id":"osm:node:12289770307","name":"台北台福基督教會","category":"place_of_worship","religion":"christian"},"geometry":{"type":"Point","coordinates":[121.54058,25.047882]}},{"type":"Feature","properties":{"id":"osm:node:12385837731","name":"新生命小組教會中和禮拜堂","category":"place_of_worship","address":"新北市中和區南山路298巷3弄4號","religion":"christian"},"geometry":{"type":"Point","coordinates":[121.507386,24.9869]}},{"type":"Feature","properties":{"id":"osm:node:12430207715","name":"清靜山福德宮","category":"place_of_worship","religion":"chinese_folk"},"geometry":{"type":"Point","coordinates":[121.575606,25.024868]}},{"type":"Feature","properties":{"id":"osm:node:12450421087","name":"真耶穌教會信義教會","category":"place_of_worship","address":"110臺北市信義區景新里11鄰松平路30巷6弄7號","religion":"christian","denomination":"true_jesus"},"geometry":{"type":"Point","coordinates":[121.563356,25.029714]}},{"type":"Feature","properties":{"id":"osm:node:12487640658","name":"紫薇宮","category":"place_of_worship","religion":"chinese_folk"},"geometry":{"type":"Point","coordinates":[121.557784,25.024519]}},{"type":"Feature","properties":{"id":"osm:node:12560885425","name":"The Hope","category":"place_of_worship","address":"臺北市大安區光復南路72巷71號一樓","website":"https://thehope.co/","religion":"christian","denomination":"baptist"},"geometry":{"type":"Point","coordinates":[121.555398,25.04434]}},{"type":"Feature","properties":{"id":"osm:node:12593552683","name":"參其堂","category":"place_of_worship","religion":"buddhist"},"geometry":{"type":"Point","coordinates":[121.548506,25.012856]}},{"type":"Feature","properties":{"id":"osm:node:12603391005","name":"艋舺五福宮","category":"place_of_worship"},"geometry":{"type":"Point","coordinates":[121.499394,25.041146]}},{"type":"Feature","properties":{"id":"osm:node:12608915812","name":"艋舺玉碧三王府","category":"place_of_worship","address":"108臺北市萬華區青山里8鄰環河南路二段57號"},"geometry":{"type":"Point","coordinates":[121.49679,25.037921]}},{"type":"Feature","properties":{"id":"osm:node:12609112124","name":"鎮泰宮","category":"place_of_worship","address":"108臺北市萬華區銘德里17鄰長泰街287號三樓"},"geometry":{"type":"Point","coordinates":[121.493411,25.02108]}},{"type":"Feature","properties":{"id":"osm:node:12609112125","name":"保安宮","category":"place_of_worship","address":"108臺北市萬華區華江里11鄰環河南路二段臨274之1號"},"geometry":{"type":"Point","coordinates":[121.491311,25.032414]}},{"type":"Feature","properties":{"id":"osm:node:12609112126","name":"盧王宮","category":"place_of_worship","address":"臺北市萬華區興義街45號3、4樓"},"geometry":{"type":"Point","coordinates":[121.491644,25.026434]}},{"type":"Feature","properties":{"id":"osm:node:12609191391","name":"臺北東安宮","category":"place_of_worship","address":"108臺北市萬華區和德里3鄰西藏路259巷42號","phone":"+886 2 2303 7813"},"geometry":{"type":"Point","coordinates":[121.493567,25.027637]}},{"type":"Feature","properties":{"id":"osm:node:12609191392","name":"台北東隆宮","category":"place_of_worship","address":"108臺北市萬華區孝德里13鄰環河南路三段163號","phone":"+886 2 2307 9372"},"geometry":{"type":"Point","coordinates":[121.491827,25.022692]}},{"type":"Feature","properties":{"id":"osm:node:12609191393","name":"台北慈安宮","category":"place_of_worship","address":"108臺北市萬華區全德里6鄰德昌街49巷2號","phone":"+886 2 2301 0717"},"geometry":{"type":"Point","coordinates":[121.498683,25.024824]}},{"type":"Feature","properties":{"id":"osm:node:12609249416","name":"連聖宮","category":"place_of_worship","address":"108臺北市萬華區柳鄉里16鄰桂林路242巷56弄4號"},"geometry":{"type":"Point","coordinates":[121.493806,25.036122]}},{"type":"Feature","properties":{"id":"osm:node:12609249417","name":"妙覺精舍","category":"place_of_worship","address":"108臺北市萬華區和平里12鄰雙園街21巷50號","phone":"+886 2 2308 9005"},"geometry":{"type":"Point","coordinates":[121.495292,25.030562]}},{"type":"Feature","properties":{"id":"osm:node:12609249418","name":"聖安宮","category":"place_of_worship","address":"108臺北市萬華區和德里25鄰西園路二段372巷16號"},"geometry":{"type":"Point","coordinates":[121.491038,25.025365]}},{"type":"Feature","properties":{"id":"osm:node:12609249419","name":"台北湄聖宮","category":"place_of_worship","address":"108臺北市萬華區榮德里15鄰武成街124號","phone":"+886 2 2307 7996","wheelchair":"no"},"geometry":{"type":"Point","coordinates":[121.493822,25.020559]}},{"type":"Feature","properties":{"id":"osm:node:12609249420","name":"聖千宮","category":"place_of_worship","address":"108臺北市萬華區雙園里2鄰萬大路122號四樓","phone":"+886 2 3025 883"},"geometry":{"type":"Point","coordinates":[121.500353,25.029616]}},{"type":"Feature","properties":{"id":"osm:node:12609249421","name":"北天宮","category":"place_of_worship","address":"108臺北市萬華區柳鄉里12鄰桂林路246巷30號","phone":"+886 2 2306 1947"},"geometry":{"type":"Point","coordinates":[121.493242,25.037115]}},{"type":"Feature","properties":{"id":"osm:node:12609249422","name":"代府殿","category":"place_of_worship","address":"108臺北市萬華區柳鄉里11鄰桂林路244巷78號"},"geometry":{"type":"Point","coordinates":[121.493629,25.036859]}},{"type":"Feature","properties":{"id":"osm:node:12609249423","name":"艋舺東德宮","category":"place_of_worship","address":"108臺北市萬華區柳鄉里3鄰桂林路230號"},"geometry":{"type":"Point","coordinates":[121.496083,25.038688]}},{"type":"Feature","properties":{"id":"osm:node:12612352316","name":"新約龍華佛教聖國山保安堂","category":"place_of_worship","address":"108臺北市萬華區富民里8鄰康定路188巷4弄6號","phone":"+886 2 2311 4785"},"geometry":{"type":"Point","coordinates":[121.501416,25.038855]}},{"type":"Feature","properties":{"id":"osm:node:12612352326","name":"艋舺金義宮","category":"place_of_worship","address":"108臺北市萬華區青山里9鄰梧州街2巷6號","phone":"+886 2 2306 3974"},"geometry":{"type":"Point","coordinates":[121.497412,25.038168]}},{"type":"Feature","properties":{"id":"osm:node:12739062736","name":"福德廟宮","category":"place_of_worship","religion":"chinese_folk"},"geometry":{"type":"Point","coordinates":[121.587533,25.124667]}},{"type":"Feature","properties":{"id":"osm:node:12791260759","name":"佛光山如來殿","category":"place_of_worship","address":"臺北市信義區松隆路327號十四樓","religion":"buddhist"},"geometry":{"type":"Point","coordinates":[121.578894,25.048693]}},{"type":"Feature","properties":{"id":"osm:node:12991864508","name":"艋舺平安寶塔","category":"place_of_worship","address":"108臺北市萬華區福音里5鄰貴陽街二段114巷27號"},"geometry":{"type":"Point","coordinates":[121.502711,25.039099]}},{"type":"Feature","properties":{"id":"osm:node:13015402452","name":"台北南港信天宮","category":"place_of_worship","address":"115臺北市南港區舊莊里15鄰南深路19巷2號","phone":"+886 2 2782 3021"},"geometry":{"type":"Point","coordinates":[121.621482,25.038241]}},{"type":"Feature","properties":{"id":"osm:node:13041333282","name":"聖南宮","category":"place_of_worship","address":"103臺北市大同區朝陽里16鄰重慶北路二段70巷31號"},"geometry":{"type":"Point","coordinates":[121.512752,25.056105]}},{"type":"Feature","properties":{"id":"osm:node:13064678136","name":"台疆樂善壇","category":"place_of_worship","religion":"taoist"},"geometry":{"type":"Point","coordinates":[121.510884,25.052119]}},{"type":"Feature","properties":{"id":"osm:node:13088936101","name":"同仁宮","category":"place_of_worship","address":"241新北市三重區大有街1之41號"},"geometry":{"type":"Point","coordinates":[121.476549,25.065371]}},{"type":"Feature","properties":{"id":"osm:node:13095895567","name":"長春路四面佛","category":"place_of_worship","address":"104台北市中山區伊通街106巷2號"},"geometry":{"type":"Point","coordinates":[121.534473,25.053907]}},{"type":"Feature","properties":{"id":"osm:node:13103760077","name":"平溪福德宮","category":"place_of_worship","religion":"chinese_folk"},"geometry":{"type":"Point","coordinates":[121.570334,25.118128]}},{"type":"Feature","properties":{"id":"osm:node:13141006317","name":"木柵天和宮","category":"place_of_worship","address":"11650台北市文山區永安街22巷17號","phone":"+886 2 2939 4536","website":"https://www.facebook.com/tianhangong"},"geometry":{"type":"Point","coordinates":[121.569096,24.986662]}},{"type":"Feature","properties":{"id":"osm:node:13142341121","name":"重生禮拜堂","category":"place_of_worship","address":"116台北市文山區保儀路109巷3弄16號","phone":"+886 2 2939 3907"},"geometry":{"type":"Point","coordinates":[121.568631,24.986212]}},{"type":"Feature","properties":{"id":"osm:node:13341575908","name":"台北基督徒七張禮拜堂","category":"place_of_worship","nameEn":"Taipei Christian Chi Chang Church","address":"231003新北市新店區中興路一段181號B1樓","phone":"+886 2 2912 4484","religion":"christian"},"geometry":{"type":"Point","coordinates":[121.542941,24.964868]}},{"type":"Feature","properties":{"id":"osm:node:13341575909","name":"Kingdom Hall of Jehovah's Witnesses","category":"place_of_worship","address":"231新北市新店區中正路24號二樓","religion":"christian","denomination":"jehovahs_witness"},"geometry":{"type":"Point","coordinates":[121.545286,24.969825]}},{"type":"Feature","properties":{"id":"osm:node:13473629287","name":"青雲宮","category":"place_of_worship","religion":"taoist"},"geometry":{"type":"Point","coordinates":[121.563779,25.012168]}},{"type":"Feature","properties":{"id":"osm:node:13508872344","name":"牛埔埤仔墘福德宮","category":"place_of_worship"},"geometry":{"type":"Point","coordinates":[121.487714,24.988787]}},{"type":"Feature","properties":{"id":"osm:node:13513786268","name":"燄網寺","category":"place_of_worship"},"geometry":{"type":"Point","coordinates":[121.572859,25.132247]}},{"type":"Feature","properties":{"id":"osm:node:13543655082","name":"大湖慈祐宮","category":"place_of_worship","religion":"taoist"},"geometry":{"type":"Point","coordinates":[121.59893,25.089488]}},{"type":"Feature","properties":{"id":"osm:node:13546378433","name":"米粉坑福德宮","category":"place_of_worship","religion":"taoist"},"geometry":{"type":"Point","coordinates":[121.599194,25.090377]}},{"type":"Feature","properties":{"id":"osm:node:13585866504","name":"山羊洞福德宮","category":"place_of_worship"},"geometry":{"type":"Point","coordinates":[121.649107,24.978105]}},{"type":"Feature","properties":{"id":"osm:node:13621795414","name":"台北市召會87、89會所","category":"place_of_worship","religion":"christian"},"geometry":{"type":"Point","coordinates":[121.548703,25.002906]}},{"type":"Feature","properties":{"id":"osm:node:13664493249","name":"法濟寺","category":"place_of_worship"},"geometry":{"type":"Point","coordinates":[121.660967,25.005501]}},{"type":"Feature","properties":{"id":"osm:node:13664539099","name":"劉聖公祠","category":"place_of_worship"},"geometry":{"type":"Point","coordinates":[121.668506,25.005506]}},{"type":"Feature","properties":{"id":"osm:node:13686153974","name":"土崙仔公祠","category":"place_of_worship","religion":"chinese_folk"},"geometry":{"type":"Point","coordinates":[121.495415,25.074366]}},{"type":"Feature","properties":{"id":"osm:node:13697528394","name":"社團法人台北市傳神關懷傳播協會","category":"place_of_worship","religion":"christian"},"geometry":{"type":"Point","coordinates":[121.527537,25.038821]}},{"type":"Feature","properties":{"id":"osm:node:13712723815","name":"湧聖宮","category":"place_of_worship","address":"新北市蘆洲區長安街131巷","religion":"taoist"},"geometry":{"type":"Point","coordinates":[121.460107,25.081062]}},{"type":"Feature","properties":{"id":"osm:node:13722744250","name":"斗姥宮","category":"place_of_worship","website":"https://crgis.rchss.sinica.edu.tw/temples/NewTaipeiCity/yunghe/0104062-DLG","religion":"taoist"},"geometry":{"type":"Point","coordinates":[121.505243,25.012711]}},{"type":"Feature","properties":{"id":"osm:node:13722744251","name":"觀音寺","category":"place_of_worship","religion":"taoist"},"geometry":{"type":"Point","coordinates":[121.505157,25.012639]}},{"type":"Feature","properties":{"id":"osm:node:13722761546","name":"蔣公感恩堂","category":"place_of_worship","address":"新北市永和區永成里009鄰環河西路二段5號","religion":"taoist"},"geometry":{"type":"Point","coordinates":[121.510026,25.017079]}},{"type":"Feature","properties":{"id":"osm:node:13747421948","name":"福德宮","category":"place_of_worship","religion":"chinese_folk"},"geometry":{"type":"Point","coordinates":[121.5639,25.015241]}},{"type":"Feature","properties":{"id":"osm:node:13833531002","name":"天台玉皇宮","category":"place_of_worship","religion":"taoist"},"geometry":{"type":"Point","coordinates":[121.516594,25.138096]}},{"type":"Feature","properties":{"id":"osm:node:13833533901","name":"永興宮","category":"place_of_worship"},"geometry":{"type":"Point","coordinates":[121.517382,25.137689]}},{"type":"Feature","properties":{"id":"osm:node:13838077591","name":"土地公鼻福德宮","category":"place_of_worship"},"geometry":{"type":"Point","coordinates":[121.459623,25.129966]}},{"type":"Feature","properties":{"id":"osm:node:13838077592","name":"五龍宮","category":"place_of_worship"},"geometry":{"type":"Point","coordinates":[121.45946,25.129918]}},{"type":"Feature","properties":{"id":"osm:node:13864126845","name":"興衡宮","category":"place_of_worship","religion":"chinese_folk"},"geometry":{"type":"Point","coordinates":[121.488887,24.965352]}},{"type":"Feature","properties":{"id":"osm:node:13864126846","name":"至善大道院","category":"place_of_worship","religion":"taoist"},"geometry":{"type":"Point","coordinates":[121.490654,24.965685]}},{"type":"Feature","properties":{"id":"osm:node:13879772113","name":"秀朗百姓宮祠","category":"place_of_worship","religion":"taoist"},"geometry":{"type":"Point","coordinates":[121.523291,25.002038]}},{"type":"Feature","properties":{"id":"osm:node:13930639025","name":"長老教會重新教會","category":"place_of_worship","religion":"christian","denomination":"protestant"},"geometry":{"type":"Point","coordinates":[121.492799,25.059839]}},{"type":"Feature","properties":{"id":"osm:node:13939024885","name":"行道宮","category":"place_of_worship","address":"116臺北市文山區順興里12鄰興隆路四段165巷26號","phone":"+886 2 2936 6215"},"geometry":{"type":"Point","coordinates":[121.56317,24.984157]}},{"type":"Feature","properties":{"id":"osm:node:13961919680","name":"慈明宮","category":"place_of_worship"},"geometry":{"type":"Point","coordinates":[121.475439,25.080766]}},{"type":"Feature","properties":{"id":"osm:node:13961919692","name":"天寶宮","category":"place_of_worship"},"geometry":{"type":"Point","coordinates":[121.473131,25.080342]}},{"type":"Feature","properties":{"id":"osm:node:14002491469","name":"茶主公","category":"place_of_worship","religion":"taoist"},"geometry":{"type":"Point","coordinates":[121.478705,25.165105]}},{"type":"Feature","properties":{"id":"osm:node:14019738990","name":"曹洞寺","category":"place_of_worship","address":"台北市北投區杏林巷2之7號","religion":"buddhist"},"geometry":{"type":"Point","coordinates":[121.517391,25.137227]}},{"type":"Feature","properties":{"id":"osm:node:14040673430","name":"基督教台灣信義會 大直真理堂","category":"place_of_worship","religion":"christian"},"geometry":{"type":"Point","coordinates":[121.559544,25.079209]}},{"type":"Feature","properties":{"id":"osm:node:14049297586","name":"竹林宮","category":"place_of_worship","religion":"buddhist"},"geometry":{"type":"Point","coordinates":[121.529965,25.145505]}},{"type":"Feature","properties":{"id":"osm:node:14079843952","name":"福德廟","category":"place_of_worship"},"geometry":{"type":"Point","coordinates":[121.595973,25.095548]}},{"type":"Feature","properties":{"id":"osm:node:14090871402","name":"百靈公廟","category":"place_of_worship"},"geometry":{"type":"Point","coordinates":[121.626856,25.028241]}},{"type":"Feature","properties":{"id":"osm:node:14090875202","name":"有應公廟","category":"place_of_worship"},"geometry":{"type":"Point","coordinates":[121.661072,25.023508]}},{"type":"Feature","properties":{"id":"osm:node:14090875301","name":"有應公廟","category":"place_of_worship"},"geometry":{"type":"Point","coordinates":[121.637335,25.032098]}},{"type":"Feature","properties":{"id":"osm:node:14093606101","name":"萬善堂","category":"place_of_worship"},"geometry":{"type":"Point","coordinates":[121.601211,25.025549]}},{"type":"Feature","properties":{"id":"osm:node:14093761001","name":"昭安宮萬善祠白雲仙姑","category":"place_of_worship"},"geometry":{"type":"Point","coordinates":[121.592161,25.036778]}},{"type":"Feature","properties":{"id":"osm:node:1437139981","name":"中研長老教會","category":"place_of_worship","address":"11564臺北市南港區研究院路二段11巷5號","religion":"christian","denomination":"presbyterian"},"geometry":{"type":"Point","coordinates":[121.61589,25.046675]}},{"type":"Feature","properties":{"id":"osm:node:1664294769","name":"家家歌珊堂","category":"place_of_worship","religion":"christian"},"geometry":{"type":"Point","coordinates":[121.560074,24.994726]}},{"type":"Feature","properties":{"id":"osm:node:1686922571","name":"富南宮","category":"place_of_worship","wheelchair":"limited","religion":"taoist"},"geometry":{"type":"Point","coordinates":[121.615758,25.051677]}},{"type":"Feature","properties":{"id":"osm:node:1715781374","name":"慈信宮","category":"place_of_worship","religion":"buddhist"},"geometry":{"type":"Point","coordinates":[121.511739,25.080022]}},{"type":"Feature","properties":{"id":"osm:node:1715782523","name":"福德宮","category":"place_of_worship","religion":"buddhist"},"geometry":{"type":"Point","coordinates":[121.512166,25.079408]}},{"type":"Feature","properties":{"id":"osm:node:1837858949","name":"鳳山殿","category":"place_of_worship"},"geometry":{"type":"Point","coordinates":[121.569088,25.0842]}},{"type":"Feature","properties":{"id":"osm:node:1917392360","name":"白馬寺","category":"place_of_worship"},"geometry":{"type":"Point","coordinates":[121.494417,24.978672]}},{"type":"Feature","properties":{"id":"osm:node:1939852985","name":"華安宮","category":"place_of_worship"},"geometry":{"type":"Point","coordinates":[121.547783,25.086103]}},{"type":"Feature","properties":{"id":"osm:node:1963001367","name":"中和基督教會","category":"place_of_worship","address":"23561新北市中和區復興路268號","phone":"+886-2-22479487","website":"https://www.zhcc.org.tw/","religion":"christian","denomination":"protestant"},"geometry":{"type":"Point","coordinates":[121.502987,24.990482]}},{"type":"Feature","properties":{"id":"osm:node:1998904473","name":"三清宮","category":"place_of_worship","religion":"buddhist"},"geometry":{"type":"Point","coordinates":[121.588904,25.03176]}},{"type":"Feature","properties":{"id":"osm:node:2008739616","name":"糶米公廟","category":"place_of_worship","religion":"buddhist"},"geometry":{"type":"Point","coordinates":[121.574468,25.013774]}},{"type":"Feature","properties":{"id":"osm:node:2008739620","name":"財神廟","category":"place_of_worship","religion":"chinese_folk"},"geometry":{"type":"Point","coordinates":[121.573184,25.014821]}},{"type":"Feature","properties":{"id":"osm:node:2034267058","name":"芳蘭地藏巖","category":"place_of_worship","religion":"taoist"},"geometry":{"type":"Point","coordinates":[121.547359,25.011167]}},{"type":"Feature","properties":{"id":"osm:node:2050893634","name":"古亭基督長老教會","category":"place_of_worship","religion":"christian","denomination":"presbyterian"},"geometry":{"type":"Point","coordinates":[121.527281,25.02174]}},{"type":"Feature","properties":{"id":"osm:node:2144167917","name":"臺灣基督長老教會","category":"place_of_worship","religion":"christian","denomination":"presbyterian"},"geometry":{"type":"Point","coordinates":[121.519025,25.049516]}},{"type":"Feature","properties":{"id":"osm:node:2146221014","name":"長春長老教會","category":"place_of_worship","address":"臺北市中山區松江路274號3樓","phone":"+886-2-25713671","religion":"christian","denomination":"presbyterian"},"geometry":{"type":"Point","coordinates":[121.532956,25.059626]}},{"type":"Feature","properties":{"id":"osm:node:2158899300","name":"松江教會","category":"place_of_worship","religion":"christian"},"geometry":{"type":"Point","coordinates":[121.537318,25.059003]}},{"type":"Feature","properties":{"id":"osm:node:2158953453","name":"福田精舍","category":"place_of_worship","religion":"buddhist"},"geometry":{"type":"Point","coordinates":[121.53734,25.055254]}},{"type":"Feature","properties":{"id":"osm:node:2177296927","name":"福德宮(公館崙)","category":"place_of_worship"},"geometry":{"type":"Point","coordinates":[121.513328,24.963535]}},{"type":"Feature","properties":{"id":"osm:node:2261642861","name":"大眾廟","category":"place_of_worship","religion":"taoist"},"geometry":{"type":"Point","coordinates":[121.454379,25.009038]}},{"type":"Feature","properties":{"id":"osm:node:2261642863","name":"福德宮","category":"place_of_worship","religion":"taoist"},"geometry":{"type":"Point","coordinates":[121.454395,25.009133]}},{"type":"Feature","properties":{"id":"osm:node:2293278764","name":"文殊院","category":"place_of_worship","address":"台北市大安區羅斯福路三段301號B1","wheelchair":"limited"},"geometry":{"type":"Point","coordinates":[121.531904,25.017482]}},{"type":"Feature","properties":{"id":"osm:node:2299908421","name":"觀音洞","category":"place_of_worship"},"geometry":{"type":"Point","coordinates":[121.585531,25.01926]}},{"type":"Feature","properties":{"id":"osm:node:2300575302","name":"波切不動明王尊","category":"place_of_worship","religion":"buddhist"},"geometry":{"type":"Point","coordinates":[121.509727,25.134101]}},{"type":"Feature","properties":{"id":"osm:node:2302550652","name":"大湖基督教會","category":"place_of_worship","religion":"christian"},"geometry":{"type":"Point","coordinates":[121.595869,25.083512]}},{"type":"Feature","properties":{"id":"osm:node:2336793458","name":"福主宮","category":"place_of_worship","address":"112台北市北投區公館路295號","religion":"taoist"},"geometry":{"type":"Point","coordinates":[121.506634,25.124496]}},{"type":"Feature","properties":{"id":"osm:node:2338392033","name":"圓山觀音洞","category":"place_of_worship","wheelchair":"no"},"geometry":{"type":"Point","coordinates":[121.526474,25.082174]}},{"type":"Feature","properties":{"id":"osm:node:2355932377","name":"應善公廟","category":"place_of_worship","religion":"chinese_folk"},"geometry":{"type":"Point","coordinates":[121.582077,25.03576]}},{"type":"Feature","properties":{"id":"osm:node:2355932381","name":"福德宮","category":"place_of_worship","religion":"taoist"},"geometry":{"type":"Point","coordinates":[121.58267,25.027609]}},{"type":"Feature","properties":{"id":"osm:node:2378064126","name":"咸亨宮","category":"place_of_worship","religion":"taoist"},"geometry":{"type":"Point","coordinates":[121.535525,24.975506]}},{"type":"Feature","properties":{"id":"osm:node:2391869779","name":"上清宮","category":"place_of_worship"},"geometry":{"type":"Point","coordinates":[121.505021,25.152577]}},{"type":"Feature","properties":{"id":"osm:node:2401758829","name":"土城玉聖宮","category":"place_of_worship"},"geometry":{"type":"Point","coordinates":[121.463902,24.966199]}},{"type":"Feature","properties":{"id":"osm:node:2401758837","name":"復興福德宮","category":"place_of_worship"},"geometry":{"type":"Point","coordinates":[121.463842,24.966251]}},{"type":"Feature","properties":{"id":"osm:node:2401758920","name":"萬古聖公","category":"place_of_worship"},"geometry":{"type":"Point","coordinates":[121.463628,24.966475]}},{"type":"Feature","properties":{"id":"osm:node:2444263563","name":"大埤岸福德宮","category":"place_of_worship"},"geometry":{"type":"Point","coordinates":[121.583707,25.080041]}},{"type":"Feature","properties":{"id":"osm:node:2444270080","name":"桂竹宮福德正神","category":"place_of_worship"},"geometry":{"type":"Point","coordinates":[121.579179,25.084209]}},{"type":"Feature","properties":{"id":"osm:node:2485906793","name":"二重疏洪道萬善同","category":"place_of_worship","address":"新北市三重區","religion":"taoist"},"geometry":{"type":"Point","coordinates":[121.477184,25.06264]}},{"type":"Feature","properties":{"id":"osm:node:2510464786","name":"福德宮","category":"place_of_worship","religion":"chinese_folk"},"geometry":{"type":"Point","coordinates":[121.60806,24.963064]}},{"type":"Feature","properties":{"id":"osm:node:2526165017","name":"錫安堂","category":"place_of_worship","address":"116003臺北市文山區木柵路一段231巷34號","phone":"+886 2 2236 8055","website":"https://www.zionchch.org","religion":"christian"},"geometry":{"type":"Point","coordinates":[121.551532,24.98861]}},{"type":"Feature","properties":{"id":"osm:node:2526179641","name":"文山內湖水尾福德宮","category":"place_of_worship","religion":"chinese_folk"},"geometry":{"type":"Point","coordinates":[121.549939,24.986388]}},{"type":"Feature","properties":{"id":"osm:node:2527538924","name":"台北象神金殿","category":"place_of_worship","address":"台北市中山區八德路二段233號1樓","phone":"+886-2 2721 1967","religion":"hindu"},"geometry":{"type":"Point","coordinates":[121.54063,25.046899]}},{"type":"Feature","properties":{"id":"osm:node:2527955444","name":"溝子口天主堂","category":"place_of_worship","religion":"christian"},"geometry":{"type":"Point","coordinates":[121.547519,24.986322]}},{"type":"Feature","properties":{"id":"osm:node:2547208979","name":"新店靈糧堂","category":"place_of_worship","address":"新北市新店區北新路一段10號B1樓","website":"https://slwsllc.org.tw/","religion":"christian"},"geometry":{"type":"Point","coordinates":[121.540895,24.965399]}},{"type":"Feature","properties":{"id":"osm:node:2563163616","name":"興隆教會","category":"place_of_worship","nameEn":"Xinglong Christian Church","address":"11687台北市文山區景華街167號1樓","phone":"+886 2 2932 2638","wheelchair":"no","religion":"christian"},"geometry":{"type":"Point","coordinates":[121.547784,24.99759]}},{"type":"Feature","properties":{"id":"osm:node:2572568052","name":"松山聚福廟","category":"place_of_worship","religion":"taoist"},"geometry":{"type":"Point","coordinates":[121.570085,25.049509]}},{"type":"Feature","properties":{"id":"osm:node:2588796015","name":"慈后宮","category":"place_of_worship"},"geometry":{"type":"Point","coordinates":[121.459879,25.029312]}},{"type":"Feature","properties":{"id":"osm:node:2594659082","name":"基督教台灣貴格會合一堂","category":"place_of_worship","nameEn":"Taiwan Harmony Friends Church","address":"116066台北市文山區景中街36號","phone":"+886 2 7709 1144;+886 2 29319436","website":"https://www.ctfhc.org/","wheelchair":"yes","religion":"christian"},"geometry":{"type":"Point","coordinates":[121.543503,24.99256]}},{"type":"Feature","properties":{"id":"osm:node:2607366970","name":"九天玄女娘娘宮","category":"place_of_worship"},"geometry":{"type":"Point","coordinates":[121.59373,25.050744]}},{"type":"Feature","properties":{"id":"osm:node:2621124138","name":"中堊基督教長老會新店教會","category":"place_of_worship","religion":"christian"},"geometry":{"type":"Point","coordinates":[121.539831,24.961146]}},{"type":"Feature","properties":{"id":"osm:node:2635371563","name":"頂公館福德宮","category":"place_of_worship","religion":"taoist"},"geometry":{"type":"Point","coordinates":[121.537687,25.005453]}},{"type":"Feature","properties":{"id":"osm:node:2635371632","name":"慈瑤宮","category":"place_of_worship","religion":"taoist"},"geometry":{"type":"Point","coordinates":[121.53815,24.993901]}},{"type":"Feature","properties":{"id":"osm:node:2641343860","name":"路地基陰公佳城","category":"place_of_worship","religion":"taoist"},"geometry":{"type":"Point","coordinates":[121.57902,25.035069]}},{"type":"Feature","properties":{"id":"osm:node:2651256488","name":"北玄宮","category":"place_of_worship","religion":"taoist"},"geometry":{"type":"Point","coordinates":[121.520088,25.056269]}},{"type":"Feature","properties":{"id":"osm:node:2651662741","name":"農村福德宮","category":"place_of_worship","nameEn":"Fude Temple"},"geometry":{"type":"Point","coordinates":[121.470936,25.029991]}},{"type":"Feature","properties":{"id":"osm:node:2655070082","name":"石棚土地公","category":"place_of_worship","religion":"taoist"},"geometry":{"type":"Point","coordinates":[121.532488,25.103068]}},{"type":"Feature","properties":{"id":"osm:node:2655155748","name":"福德祠","category":"place_of_worship","religion":"taoist"},"geometry":{"type":"Point","coordinates":[121.533355,25.101755]}},{"type":"Feature","properties":{"id":"osm:node:2667124120","name":"貴格會大坪林教會","category":"place_of_worship","religion":"christian"},"geometry":{"type":"Point","coordinates":[121.538947,24.979784]}},{"type":"Feature","properties":{"id":"osm:node:2672482479","name":"台北南天宮五府千歲","category":"place_of_worship","religion":"taoist"},"geometry":{"type":"Point","coordinates":[121.579226,25.031336]}},{"type":"Feature","properties":{"id":"osm:node:2672482485","name":"南文宮","category":"place_of_worship","religion":"taoist"},"geometry":{"type":"Point","coordinates":[121.580651,25.036687]}},{"type":"Feature","properties":{"id":"osm:node:2672539796","name":"山神土地公","category":"place_of_worship","religion":"chinese_folk"},"geometry":{"type":"Point","coordinates":[121.573031,25.026171]}},{"type":"Feature","properties":{"id":"osm:node:2672987563","name":"土地公廟","category":"place_of_worship","religion":"taoist"},"geometry":{"type":"Point","coordinates":[121.583036,25.021509]}},{"type":"Feature","properties":{"id":"osm:node:2673095233","name":"久長山恩主洞","category":"place_of_worship","religion":"taoist"},"geometry":{"type":"Point","coordinates":[121.579554,25.028454]}},{"type":"Feature","properties":{"id":"osm:node:2680607037","name":"廣安宮","category":"place_of_worship","address":"110臺北市信義區吳興街284巷30弄47號","phone":"+886-2-2737-1489","religion":"taoist"},"geometry":{"type":"Point","coordinates":[121.563288,25.023214]}},{"type":"Feature","properties":{"id":"osm:node:2685395702","name":"各各他浸信會","category":"place_of_worship","religion":"christian"},"geometry":{"type":"Point","coordinates":[121.541835,25.104277]}},{"type":"Feature","properties":{"id":"osm:node:2751198275","name":"林森南路禮拜堂","category":"place_of_worship","address":"100臺北市中正區林森南路2號","religion":"christian"},"geometry":{"type":"Point","coordinates":[121.523016,25.04432]}},{"type":"Feature","properties":{"id":"osm:node:2755468918","name":"東門福德宮","category":"place_of_worship","address":"臺北市中正區東門里林森南路61巷15弄6號"},"geometry":{"type":"Point","coordinates":[121.522729,25.040046]}},{"type":"Feature","properties":{"id":"osm:node:2758498932","name":"中正靈糧福音中心","category":"place_of_worship","address":"100臺北市中正區館前路36號六樓","religion":"christian"},"geometry":{"type":"Point","coordinates":[121.514841,25.04455]}},{"type":"Feature","properties":{"id":"osm:node:2760112868","name":"義光教會","category":"place_of_worship","address":"106臺北市大安區信義路三段31巷16號","phone":"+886 2 2700 1010","religion":"christian"},"geometry":{"type":"Point","coordinates":[121.534587,25.035115]}},{"type":"Feature","properties":{"id":"osm:node:2784759237","name":"福德宮","category":"place_of_worship","religion":"buddhist"},"geometry":{"type":"Point","coordinates":[121.454351,25.008986]}},{"type":"Feature","properties":{"id":"osm:node:2784760525","name":"北巡徐府元帥","category":"place_of_worship","religion":"taoist"},"geometry":{"type":"Point","coordinates":[121.452539,25.009443]}},{"type":"Feature","properties":{"id":"osm:node:2784773054","name":"庭天宮","category":"place_of_worship","religion":"buddhist","denomination":"道教"},"geometry":{"type":"Point","coordinates":[121.450061,25.009325]}},{"type":"Feature","properties":{"id":"osm:node:2784820884","name":"板橋天后壇","category":"place_of_worship","religion":"taoist"},"geometry":{"type":"Point","coordinates":[121.45058,25.005512]}},{"type":"Feature","properties":{"id":"osm:node:2799088213","name":"順恩宮","category":"place_of_worship","religion":"taoist"},"geometry":{"type":"Point","coordinates":[121.453203,25.049548]}},{"type":"Feature","properties":{"id":"osm:node:2799088222","name":"中港厝福德祠","category":"place_of_worship","religion":"taoist"},"geometry":{"type":"Point","coordinates":[121.455417,25.039678]}},{"type":"Feature","properties":{"id":"osm:node:2804200292","name":"台北朝天宮","category":"place_of_worship"},"geometry":{"type":"Point","coordinates":[121.502216,25.022133]}},{"type":"Feature","properties":{"id":"osm:node:2822549352","name":"普觀靜精舍","category":"place_of_worship"},"geometry":{"type":"Point","coordinates":[121.590405,25.081883]}},{"type":"Feature","properties":{"id":"osm:node:2826049501","name":"新坡尾福德廟","category":"place_of_worship","address":"臺北市內湖區內湖路三段367號","religion":"chinese_folk"},"geometry":{"type":"Point","coordinates":[121.583398,25.089588]}},{"type":"Feature","properties":{"id":"osm:node:2850324306","name":"慈雲寺","category":"place_of_worship","address":"108臺北市萬華區福星里20鄰漢口街二段119、121、123號","phone":"+886 2 2371 2442","wheelchair":"no"},"geometry":{"type":"Point","coordinates":[121.504034,25.046422]}},{"type":"Feature","properties":{"id":"osm:node:2866653853","name":"聖德宮","category":"place_of_worship","address":"116台北市文山區景隆街113號","wheelchair":"yes","religion":"taoist"},"geometry":{"type":"Point","coordinates":[121.543585,24.998981]}},{"type":"Feature","properties":{"id":"osm:node:2880982461","name":"南聖宮財神廟","category":"place_of_worship","religion":"taoist"},"geometry":{"type":"Point","coordinates":[121.543098,25.048655]}},{"type":"Feature","properties":{"id":"osm:node:2884926984","name":"聖嘉宮","category":"place_of_worship"},"geometry":{"type":"Point","coordinates":[121.584904,25.088318]}},{"type":"Feature","properties":{"id":"osm:node:2895253176","name":"石碇雙溪口浸信會","category":"place_of_worship"},"geometry":{"type":"Point","coordinates":[121.651416,25.005986]}},{"type":"Feature","properties":{"id":"osm:node:2924917843","name":"中和行道會","category":"place_of_worship","religion":"christian"},"geometry":{"type":"Point","coordinates":[121.50042,24.996774]}},{"type":"Feature","properties":{"id":"osm:node:2926241127","name":"林口永興宮","category":"place_of_worship","religion":"taoist"},"geometry":{"type":"Point","coordinates":[121.528688,25.017871]}},{"type":"Feature","properties":{"id":"osm:node:2945173542","name":"庄子內福德宮","category":"place_of_worship","nameEn":"Zhuang Zi Nei Fu De Gong","wheelchair":"limited","religion":"taoist"},"geometry":{"type":"Point","coordinates":[121.45267,25.171836]}},{"type":"Feature","properties":{"id":"osm:node:2945244532","name":"福德宮","category":"place_of_worship","nameEn":"Fu De Gong","religion":"taoist"},"geometry":{"type":"Point","coordinates":[121.478383,25.168171]}},{"type":"Feature","properties":{"id":"osm:node:2947935443","name":"新興長老教會","category":"place_of_worship","address":"台北市中山區雙城街43巷2號1樓","phone":"+886-2-25962342","religion":"christian","denomination":"presbyterian"},"geometry":{"type":"Point","coordinates":[121.524906,25.067424]}},{"type":"Feature","properties":{"id":"osm:node:2961305544","name":"樹頭公","category":"place_of_worship"},"geometry":{"type":"Point","coordinates":[121.580308,24.974323]}},{"type":"Feature","properties":{"id":"osm:node:3010541971","name":"海光宮","category":"place_of_worship","religion":"buddhist"},"geometry":{"type":"Point","coordinates":[121.508362,25.081319]}},{"type":"Feature","properties":{"id":"osm:node:3011836951","name":"圳仔公廟","category":"place_of_worship","religion":"taoist"},"geometry":{"type":"Point","coordinates":[121.461363,25.168776]}},{"type":"Feature","properties":{"id":"osm:node:3019497938","name":"茄冬公","category":"place_of_worship","address":"115台北市南港區研究院路一段126號","religion":"chinese_folk"},"geometry":{"type":"Point","coordinates":[121.615542,25.049744]}},{"type":"Feature","properties":{"id":"osm:node:3019501378","name":"旨元宮","category":"place_of_worship","address":"115台北市南港區中南街51號","religion":"taoist"},"geometry":{"type":"Point","coordinates":[121.615323,25.053766]}},{"type":"Feature","properties":{"id":"osm:node:3021672733","name":"普恩宮","category":"place_of_worship"},"geometry":{"type":"Point","coordinates":[121.561141,25.086427]}},{"type":"Feature","properties":{"id":"osm:node:3032876738","name":"樹人書院文昌祠","category":"place_of_worship","address":"103臺北市大同區迪化街二段364巷14號","religion":"taoist","denomination":"文昌帝君"},"geometry":{"type":"Point","coordinates":[121.512091,25.072869]}},{"type":"Feature","properties":{"id":"osm:node:3035134114","name":"溫泉福德宮","category":"place_of_worship"},"geometry":{"type":"Point","coordinates":[121.508548,25.13603]}},{"type":"Feature","properties":{"id":"osm:node:3037008405","name":"萬應公祠","category":"place_of_worship"},"geometry":{"type":"Point","coordinates":[121.51187,25.138347]}},{"type":"Feature","properties":{"id":"osm:node:3037008717","name":"理天宮","category":"place_of_worship"},"geometry":{"type":"Point","coordinates":[121.512563,25.138776]}},{"type":"Feature","properties":{"id":"osm:node:3037008742","name":"曼陀寺","category":"place_of_worship"},"geometry":{"type":"Point","coordinates":[121.514289,25.13854]}},{"type":"Feature","properties":{"id":"osm:node:3040732016","name":"凰玄宮","category":"place_of_worship","address":"新北市中和區興南路三段99之1號","denomination":"北極玄天上帝"},"geometry":{"type":"Point","coordinates":[121.489211,24.973413]}},{"type":"Feature","properties":{"id":"osm:node:3050255116","name":"養聖堂","category":"place_of_worship"},"geometry":{"type":"Point","coordinates":[121.535772,25.044157]}},{"type":"Feature","properties":{"id":"osm:node:3051932443","name":"三合祠","category":"place_of_worship"},"geometry":{"type":"Point","coordinates":[121.503141,25.126581]}},{"type":"Feature","properties":{"id":"osm:node:3051933352","name":"明代宮","category":"place_of_worship","address":"112台北市北投區公館路137巷6號"},"geometry":{"type":"Point","coordinates":[121.505669,25.129804]}},{"type":"Feature","properties":{"id":"osm:node:3053663634","name":"基督教信義會慈恩堂","category":"place_of_worship","address":"11671臺北市文山區育英街17巷2號","religion":"christian"},"geometry":{"type":"Point","coordinates":[121.538835,24.99068]}},{"type":"Feature","properties":{"id":"osm:node:3063479469","name":"東區四面佛","category":"place_of_worship","address":"106臺北市忠孝東路四段223巷50號","religion":"hindu"},"geometry":{"type":"Point","coordinates":[121.552917,25.043677]}},{"type":"Feature","properties":{"id":"osm:node:3065302816","name":"廣福宮三山國王爺","category":"place_of_worship"},"geometry":{"type":"Point","coordinates":[121.55358,25.031741]}},{"type":"Feature","properties":{"id":"osm:node:3065312141","name":"八路財神趙元帥","category":"place_of_worship"},"geometry":{"type":"Point","coordinates":[121.554077,25.031775]}},{"type":"Feature","properties":{"id":"osm:node:3065313955","name":"埤仔頭福德宮","category":"place_of_worship"},"geometry":{"type":"Point","coordinates":[121.506617,24.989283]}},{"type":"Feature","properties":{"id":"osm:node:3065314292","name":"觀雲寺","category":"place_of_worship"},"geometry":{"type":"Point","coordinates":[121.498097,24.984743]}},{"type":"Feature","properties":{"id":"osm:node:3103265500","name":"先知靈修山莊","category":"place_of_worship","address":"104台北市中山區南京東路二段115巷3弄9號","phone":"+886 979 933 944;+886 2 2505 0917"},"geometry":{"type":"Point","coordinates":[121.534177,25.053296]}},{"type":"Feature","properties":{"id":"osm:node:3105665729","name":"新生命小組教會","category":"place_of_worship","address":"10688臺北市大安區仁愛路四段101號B1、B2","phone":"+886-2-2711-7275","website":"https://www.newlife.org.tw/","religion":"christian"},"geometry":{"type":"Point","coordinates":[121.548387,25.03884]}},{"type":"Feature","properties":{"id":"osm:node:3139402013","name":"林森北路四面佛","category":"place_of_worship","religion":"buddhist"},"geometry":{"type":"Point","coordinates":[121.525705,25.059444]}},{"type":"Feature","properties":{"id":"osm:node:3170142080","name":"長老教會中港禮拜堂","category":"place_of_worship","religion":"christian","denomination":"catholic"},"geometry":{"type":"Point","coordinates":[121.45216,25.045452]}},{"type":"Feature","properties":{"id":"osm:node:3172604487","name":"景文福德宮","category":"place_of_worship"},"geometry":{"type":"Point","coordinates":[121.504151,24.994151]}},{"type":"Feature","properties":{"id":"osm:node:3182567465","name":"南京東路禮拜堂","category":"place_of_worship","address":"10457台北市南京東路二段110號","phone":"+886 2 2567 0840","website":"http://www.nkec.org.tw","wheelchair":"yes","religion":"christian","denomination":"catholic"},"geometry":{"type":"Point","coordinates":[121.532143,25.051797]}},{"type":"Feature","properties":{"id":"osm:node:3182949546","name":"高積善祭祠公業","category":"place_of_worship","religion":"taoist"},"geometry":{"type":"Point","coordinates":[121.539854,24.992627]}},{"type":"Feature","properties":{"id":"osm:node:3200065444","name":"進寶殿","category":"place_of_worship","religion":"taoist"},"geometry":{"type":"Point","coordinates":[121.542232,24.986364]}},{"type":"Feature","properties":{"id":"osm:node:3203334750","name":"碧興宮","category":"place_of_worship"},"geometry":{"type":"Point","coordinates":[121.588672,25.097772]}},{"type":"Feature","properties":{"id":"osm:node:3205736956","name":"土地公廟","category":"place_of_worship"},"geometry":{"type":"Point","coordinates":[121.455599,25.019057]}},{"type":"Feature","properties":{"id":"osm:node:3216077263","name":"臺灣聖公會友誼之家","category":"place_of_worship","address":"100臺北市中正區杭州南路一段105巷7號"},"geometry":{"type":"Point","coordinates":[121.5258,25.037411]}},{"type":"Feature","properties":{"id":"osm:node:3228554691","name":"葫蘆宮","category":"place_of_worship","address":"臺北市安康路328巷","religion":"taoist"},"geometry":{"type":"Point","coordinates":[121.610806,25.064628]}},{"type":"Feature","properties":{"id":"osm:node:3232509989","name":"福德宮","category":"place_of_worship"},"geometry":{"type":"Point","coordinates":[121.611153,25.073464]}},{"type":"Feature","properties":{"id":"osm:node:3232509992","name":"竹蓮寺","category":"place_of_worship"},"geometry":{"type":"Point","coordinates":[121.612707,25.073359]}},{"type":"Feature","properties":{"id":"osm:node:3232512952","name":"奉聖宮","category":"place_of_worship","religion":"taoist"},"geometry":{"type":"Point","coordinates":[121.617192,25.070467]}},{"type":"Feature","properties":{"id":"osm:node:3232525308","name":"東湖教會","category":"place_of_worship","address":"114台北市內湖區康寧路三段296巷41-2號","religion":"christian"},"geometry":{"type":"Point","coordinates":[121.606811,25.071665]}},{"type":"Feature","properties":{"id":"osm:node:3232527362","name":"基督教內湖靈糧堂","category":"place_of_worship","address":"114台北市內湖區康寧路三段296巷41-3號","religion":"christian"},"geometry":{"type":"Point","coordinates":[121.606872,25.071631]}},{"type":"Feature","properties":{"id":"osm:node:3232527374","name":"福德宮","category":"place_of_worship","address":"台北市","religion":"taoist"},"geometry":{"type":"Point","coordinates":[121.617223,25.067184]}},{"type":"Feature","properties":{"id":"osm:node:3232573080","name":"東湖禮拜堂","category":"place_of_worship","address":"臺北市內湖區","religion":"christian"},"geometry":{"type":"Point","coordinates":[121.60947,25.069569]}},{"type":"Feature","properties":{"id":"osm:node:3232614382","name":"基督教豐盛教會","category":"place_of_worship","address":"114台北市內湖區康寧路三段54號","religion":"christian"},"geometry":{"type":"Point","coordinates":[121.609607,25.071395]}},{"type":"Feature","properties":{"id":"osm:node:3232616513","name":"乾坤宮","category":"place_of_worship","address":"臺北市","religion":"taoist"},"geometry":{"type":"Point","coordinates":[121.607674,25.065206]}},{"type":"Feature","properties":{"id":"osm:node:3259507169","name":"福佑宮","category":"place_of_worship"},"geometry":{"type":"Point","coordinates":[121.569021,25.028174]}},{"type":"Feature","properties":{"id":"osm:node:3263840810","name":"北門口保正殿","category":"place_of_worship"},"geometry":{"type":"Point","coordinates":[121.512596,25.05077]}},{"type":"Feature","properties":{"id":"osm:node:3264123676","name":"基督教末世聖徒教會","category":"place_of_worship","religion":"christian"},"geometry":{"type":"Point","coordinates":[121.533818,25.098899]}},{"type":"Feature","properties":{"id":"osm:node:3307192949","name":"福德宮","category":"place_of_worship","religion":"taoist"},"geometry":{"type":"Point","coordinates":[121.53695,25.15828]}},{"type":"Feature","properties":{"id":"osm:node:3308761296","name":"景美聖安宮","category":"place_of_worship","address":"116台北市文山區興隆路一段301號","phone":"+886 2 2934 2998","religion":"taoist"},"geometry":{"type":"Point","coordinates":[121.545,24.998763]}},{"type":"Feature","properties":{"id":"osm:node:3338459786","name":"四面佛","category":"place_of_worship","religion":"hindu"},"geometry":{"type":"Point","coordinates":[121.500432,25.130348]}},{"type":"Feature","properties":{"id":"osm:node:3350431781","name":"九芎廟","category":"place_of_worship"},"geometry":{"type":"Point","coordinates":[121.46631,25.07931]}},{"type":"Feature","properties":{"id":"osm:node:3355968793","name":"汐止恩德宮","category":"place_of_worship","religion":"taoist"},"geometry":{"type":"Point","coordinates":[121.662093,25.071447]}},{"type":"Feature","properties":{"id":"osm:node:3358124913","name":"二十張土地公廟","category":"place_of_worship","religion":"taoist"},"geometry":{"type":"Point","coordinates":[121.537968,24.987212]}},{"type":"Feature","properties":{"id":"osm:node:3359550193","name":"中華循禮會安康教會","category":"place_of_worship","religion":"christian"},"geometry":{"type":"Point","coordinates":[121.517244,24.96592]}},{"type":"Feature","properties":{"id":"osm:node:3377340293","name":"山仔後教會","category":"place_of_worship","religion":"christian"},"geometry":{"type":"Point","coordinates":[121.541797,25.137741]}},{"type":"Feature","properties":{"id":"osm:node:3381002194","name":"福德宮","category":"place_of_worship"},"geometry":{"type":"Point","coordinates":[121.479105,25.004043]}},{"type":"Feature","properties":{"id":"osm:node:3381002195","name":"五聖靈濟寺","category":"place_of_worship"},"geometry":{"type":"Point","coordinates":[121.479088,25.004145]}},{"type":"Feature","properties":{"id":"osm:node:3389460397","name":"林續祖祠堂","category":"place_of_worship"},"geometry":{"type":"Point","coordinates":[121.479886,25.002788]}},{"type":"Feature","properties":{"id":"osm:node:3395273592","name":"非比教會","category":"place_of_worship","phone":"+886 2 2501-8001","religion":"christian","denomination":"protestant"},"geometry":{"type":"Point","coordinates":[121.543568,25.062975]}},{"type":"Feature","properties":{"id":"osm:node:3407250495","name":"台北集安宮","category":"place_of_worship"},"geometry":{"type":"Point","coordinates":[121.570057,25.041601]}},{"type":"Feature","properties":{"id":"osm:node:3412767643","name":"中和慈聖宮","category":"place_of_worship","religion":"taoist"},"geometry":{"type":"Point","coordinates":[121.497443,24.996138]}},{"type":"Feature","properties":{"id":"osm:node:3415880876","name":"真耶穌教會","category":"place_of_worship","address":"新北市中和區連勝街42號1樓","religion":"christian"},"geometry":{"type":"Point","coordinates":[121.49796,24.997634]}},{"type":"Feature","properties":{"id":"osm:node:3421863346","name":"力行福德宮","category":"place_of_worship","religion":"taoist"},"geometry":{"type":"Point","coordinates":[121.497422,24.995507]}},{"type":"Feature","properties":{"id":"osm:node:3423377593","name":"浸信會大村教會","category":"place_of_worship","address":"231新北市新店區寶橋路1巷18號","religion":"christian"},"geometry":{"type":"Point","coordinates":[121.543448,24.974653]}},{"type":"Feature","properties":{"id":"osm:node:3423377695","name":"新店七張福德宮","category":"place_of_worship","religion":"taoist"},"geometry":{"type":"Point","coordinates":[121.543567,24.97317]}},{"type":"Feature","properties":{"id":"osm:node:3426976794","name":"觀音禪室","category":"place_of_worship","religion":"buddhist"},"geometry":{"type":"Point","coordinates":[121.512842,25.12674]}},{"type":"Feature","properties":{"id":"osm:node:3436927844","name":"福神宮","category":"place_of_worship","religion":"taoist"},"geometry":{"type":"Point","coordinates":[121.515116,24.976661]}},{"type":"Feature","properties":{"id":"osm:node:3438496860","name":"中國基督教會信義會靈光堂","category":"place_of_worship","wheelchair":"yes","religion":"christian"},"geometry":{"type":"Point","coordinates":[121.544255,25.025007]}},{"type":"Feature","properties":{"id":"osm:node:3439427185","name":"福美慈惠堂","category":"place_of_worship","religion":"taoist"},"geometry":{"type":"Point","coordinates":[121.495422,25.00328]}},{"type":"Feature","properties":{"id":"osm:node:3440332678","name":"中和大眾爺廟","category":"place_of_worship","religion":"taoist"},"geometry":{"type":"Point","coordinates":[121.497995,25.006073]}},{"type":"Feature","properties":{"id":"osm:node:3440530248","name":"中和和美宮","category":"place_of_worship","religion":"taoist"},"geometry":{"type":"Point","coordinates":[121.498816,25.00451]}},{"type":"Feature","properties":{"id":"osm:node:3446345896","name":"湯泉基督教會","category":"place_of_worship","address":"231新北市新店區溪園路387號","phone":"+886-2-8218-0830","religion":"christian"},"geometry":{"type":"Point","coordinates":[121.523587,24.979388]}},{"type":"Feature","properties":{"id":"osm:node:3446347695","name":"台北韓國教會","category":"place_of_worship","address":"104臺北市中山區松江路22號","phone":"+886-2-2560-5342","website":"http://www.tkcc.or.kr","religion":"christian"},"geometry":{"type":"Point","coordinates":[121.532655,25.046934]}},{"type":"Feature","properties":{"id":"osm:node:3449668210","name":"新民福德宮","category":"place_of_worship"},"geometry":{"type":"Point","coordinates":[121.466187,25.01776]}},{"type":"Feature","properties":{"id":"osm:node:3450729724","name":"中和教會","category":"place_of_worship","religion":"christian"},"geometry":{"type":"Point","coordinates":[121.496511,24.997887]}},{"type":"Feature","properties":{"id":"osm:node:3450799207","name":"普濟宮","category":"place_of_worship","religion":"taoist"},"geometry":{"type":"Point","coordinates":[121.494597,24.997412]}},{"type":"Feature","properties":{"id":"osm:node:3457851828","name":"中和九玄宮","category":"place_of_worship","religion":"taoist"},"geometry":{"type":"Point","coordinates":[121.498905,24.997337]}},{"type":"Feature","properties":{"id":"osm:node:3475958693","name":"台灣基督長老教會文山教會","category":"place_of_worship","address":"116台北市文山區開元街27號","religion":"christian"},"geometry":{"type":"Point","coordinates":[121.569753,24.989252]}},{"type":"Feature","properties":{"id":"osm:node:3480683962","name":"改革宗神學院","category":"place_of_worship","religion":"christian","denomination":"reformed"},"geometry":{"type":"Point","coordinates":[121.553626,25.052865]}},{"type":"Feature","properties":{"id":"osm:node:3505403807","name":"景美長老教會","category":"place_of_worship","address":"台北市文山區景華街49巷1號","website":"https://www.jingmei.org.tw/","religion":"christian","denomination":"presbyterian"},"geometry":{"type":"Point","coordinates":[121.542781,24.995104]}},{"type":"Feature","properties":{"id":"osm:node:3505403808","name":"景美教會","category":"place_of_worship","address":"臺北市文山區羅斯福路六段274號5樓","religion":"christian"},"geometry":{"type":"Point","coordinates":[121.539957,24.991421]}},{"type":"Feature","properties":{"id":"osm:node:3521852855","name":"公館福德宮","category":"place_of_worship","address":"116台北市文山區羅斯福路五段42之1號","wheelchair":"yes","religion":"taoist"},"geometry":{"type":"Point","coordinates":[121.537593,25.008775]}},{"type":"Feature","properties":{"id":"osm:node:3525154534","name":"生命河基督教會","category":"place_of_worship","address":"104臺北市大安區光復南路100號B1樓","religion":"christian"},"geometry":{"type":"Point","coordinates":[121.55735,25.043593]}},{"type":"Feature","properties":{"id":"osm:node:3531966004","name":"土庫教會","category":"place_of_worship","religion":"christian"},"geometry":{"type":"Point","coordinates":[121.638871,25.010739]}},{"type":"Feature","properties":{"id":"osm:node:3542104232","name":"神召會","category":"place_of_worship","wheelchair":"limited","religion":"christian"},"geometry":{"type":"Point","coordinates":[121.520593,25.063124]}},{"type":"Feature","properties":{"id":"osm:node:3594350802","name":"華山天主堂","category":"place_of_worship","address":"10050臺北市中正區忠孝東路一段112號2樓","phone":"+886-2-23219232;+886-2-23968774","website":"https://taipei.catholic.org.tw/chi/deanery/4/","religion":"christian","denomination":"catholic"},"geometry":{"type":"Point","coordinates":[121.525287,25.044059]}},{"type":"Feature","properties":{"id":"osm:node:3602264786","name":"永和長老教會","category":"place_of_worship","religion":"christian"},"geometry":{"type":"Point","coordinates":[121.516634,25.012078]}},{"type":"Feature","properties":{"id":"osm:node:3646144824","name":"長春禮拜堂","category":"place_of_worship","address":"台北市中山區長春路172號4樓","phone":"+886-2-25081286","website":"http://changchun777.blogspot.com","wheelchair":"yes","religion":"christian"},"geometry":{"type":"Point","coordinates":[121.533961,25.054608]}},{"type":"Feature","properties":{"id":"osm:node:3647670134","name":"基督國度歌珊教會","category":"place_of_worship","address":"116臺北市文山區羅斯福路六段159巷19之1號","religion":"christian"},"geometry":{"type":"Point","coordinates":[121.54213,24.997393]}},{"type":"Feature","properties":{"id":"osm:node:3649178927","name":"正德宮","category":"place_of_worship","religion":"taoist"},"geometry":{"type":"Point","coordinates":[121.528773,25.034997]}},{"type":"Feature","properties":{"id":"osm:node:3649228904","name":"臺灣基督長老教會","category":"place_of_worship","address":"242新北市新莊區福樂街76號","phone":"+886-2-29918108","religion":"christian","denomination":"presbyterian"},"geometry":{"type":"Point","coordinates":[121.458026,25.046142]}},{"type":"Feature","properties":{"id":"osm:node:3656220549","name":"基督徒聚會所","category":"place_of_worship","religion":"christian"},"geometry":{"type":"Point","coordinates":[121.528892,25.031463]}},{"type":"Feature","properties":{"id":"osm:node:3657188785","name":"浸信會光復堂教會","category":"place_of_worship","address":"106臺北市大安區光復南路280巷35號","phone":"+886 2 27110185","religion":"christian","denomination":"baptist"},"geometry":{"type":"Point","coordinates":[121.555836,25.039763]}},{"type":"Feature","properties":{"id":"osm:node:3657496289","name":"清寶宮","category":"place_of_worship"},"geometry":{"type":"Point","coordinates":[121.537867,25.009967]}},{"type":"Feature","properties":{"id":"osm:node:3659033378","name":"生命樹教會","category":"place_of_worship","address":"116台北市文山區羅斯福路五段170巷21號","religion":"christian"},"geometry":{"type":"Point","coordinates":[121.537496,25.004579]}},{"type":"Feature","properties":{"id":"osm:node:3660398835","name":"無極慈玄宮","category":"place_of_worship","religion":"taoist"},"geometry":{"type":"Point","coordinates":[121.541866,24.963008]}},{"type":"Feature","properties":{"id":"osm:node:3660400392","name":"新店慈玄寺","category":"place_of_worship","address":"新北市新店區中興路一段102號","phone":"+886-2-29127223","religion":"buddhist"},"geometry":{"type":"Point","coordinates":[121.540723,24.960934]}},{"type":"Feature","properties":{"id":"osm:node:3660400393","name":"玉山寺","category":"place_of_worship","address":"新北市新店區中興路一段98之2號","phone":"+886-2-29116156","religion":"buddhist"},"geometry":{"type":"Point","coordinates":[121.5406,24.960255]}},{"type":"Feature","properties":{"id":"osm:node:3660404555","name":"新龍宮","category":"place_of_worship","address":"新北市新店區中興路一段51號","phone":"+886-2-29113241","religion":"taoist"},"geometry":{"type":"Point","coordinates":[121.539472,24.960176]}},{"type":"Feature","properties":{"id":"osm:node:3660404558","name":"廣照禪寺","category":"place_of_worship","address":"新北市新店區中興路一段98號","phone":"+886-2-29111046","religion":"buddhist"},"geometry":{"type":"Point","coordinates":[121.540822,24.960625]}},{"type":"Feature","properties":{"id":"osm:node:3670602634","name":"瑤池聖和院","category":"place_of_worship","address":"台北市文山區羅斯福路六段124號","phone":"+886-2-29301368","religion":"taoist"},"geometry":{"type":"Point","coordinates":[121.540578,24.99724]}},{"type":"Feature","properties":{"id":"osm:node:3677845827","name":"紫竹禪林","category":"place_of_worship","religion":"buddhist"},"geometry":{"type":"Point","coordinates":[121.54725,24.968019]}},{"type":"Feature","properties":{"id":"osm:node:3677845829","name":"武聖宮","category":"place_of_worship","address":"231新北市新店區五峰路61巷2之1號","religion":"taoist"},"geometry":{"type":"Point","coordinates":[121.547075,24.970114]}},{"type":"Feature","properties":{"id":"osm:node:3695574955","name":"新店奉天宮","category":"place_of_worship","address":"231新北市新店區行政街28巷2號","religion":"taoist"},"geometry":{"type":"Point","coordinates":[121.542634,24.965807]}},{"type":"Feature","properties":{"id":"osm:node:3702211122","name":"南港新福宮","category":"place_of_worship","religion":"taoist"},"geometry":{"type":"Point","coordinates":[121.597349,25.05443]}},{"type":"Feature","properties":{"id":"osm:node:3706008155","name":"配興堂","category":"place_of_worship","religion":"taoist"},"geometry":{"type":"Point","coordinates":[121.555211,25.031558]}},{"type":"Feature","properties":{"id":"osm:node:3712994691","name":"基督教改革宗長老會新莊教會","category":"place_of_worship","address":"24247新北市新莊區中港路648巷30號","phone":"+886 2 85212154","wheelchair":"no","religion":"christian","denomination":"presbyterian"},"geometry":{"type":"Point","coordinates":[121.451628,25.05498]}},{"type":"Feature","properties":{"id":"osm:node:3721291639","name":"天主教靈醫會聖嘉民之家","category":"place_of_worship","nameEn":"Camillian Family","address":"106台北市大安區和平東路二段175巷58號","religion":"christian","denomination":"catholic"},"geometry":{"type":"Point","coordinates":[121.541756,25.027598]}},{"type":"Feature","properties":{"id":"osm:node:3721291640","name":"天主教靈醫會會院","category":"place_of_worship","address":"106台北市大安區和平東路二段175巷26號","religion":"christian","denomination":"catholic"},"geometry":{"type":"Point","coordinates":[121.541684,25.027712]}},{"type":"Feature","properties":{"id":"osm:node:3731163761","name":"福德宮","category":"place_of_worship"},"geometry":{"type":"Point","coordinates":[121.57421,24.975327]}},{"type":"Feature","properties":{"id":"osm:node:3738520752","name":"醒心宮","category":"place_of_worship","wheelchair":"no","religion":"chinese_folk"},"geometry":{"type":"Point","coordinates":[121.509536,25.062104]}},{"type":"Feature","properties":{"id":"osm:node:3738520753","name":"福德宮","category":"place_of_worship"},"geometry":{"type":"Point","coordinates":[121.509692,25.062242]}},{"type":"Feature","properties":{"id":"osm:node:3740341244","name":"景美天波府","category":"place_of_worship","address":"台北市文山區羅斯福路六段244號之2","religion":"taoist"},"geometry":{"type":"Point","coordinates":[121.54021,24.992069]}},{"type":"Feature","properties":{"id":"osm:node:3752248927","name":"士林順天堂","category":"place_of_worship","address":"111台北市士林區中山北路五段733巷24號","religion":"taoist"},"geometry":{"type":"Point","coordinates":[121.526147,25.098426]}},{"type":"Feature","properties":{"id":"osm:node:3765556091","name":"三聖宮","category":"place_of_worship"},"geometry":{"type":"Point","coordinates":[121.526861,25.014197]}},{"type":"Feature","properties":{"id":"osm:node:3776735653","name":"北巡宮","category":"place_of_worship"},"geometry":{"type":"Point","coordinates":[121.517528,25.111316]}},{"type":"Feature","properties":{"id":"osm:node:3778312615","name":"保霞宮","category":"place_of_worship","address":"104台北市中山區松江路226巷21號","religion":"taoist"},"geometry":{"type":"Point","coordinates":[121.531285,25.058528]}},{"type":"Feature","properties":{"id":"osm:node:3778327921","name":"慈德講堂","category":"place_of_worship","address":"104台北市中山區民生東路二段115巷25弄12號","religion":"buddhist"},"geometry":{"type":"Point","coordinates":[121.532025,25.059311]}},{"type":"Feature","properties":{"id":"osm:node:3778328672","name":"台北福興宮","category":"place_of_worship"},"geometry":{"type":"Point","coordinates":[121.530724,25.057127]}},{"type":"Feature","properties":{"id":"osm:node:3780156500","name":"集應廟","category":"place_of_worship","religion":"buddhist"},"geometry":{"type":"Point","coordinates":[121.489721,25.142592]}},{"type":"Feature","properties":{"id":"osm:node:3786805508","name":"玄帝宮","category":"place_of_worship","religion":"buddhist"},"geometry":{"type":"Point","coordinates":[121.512472,25.111657]}},{"type":"Feature","properties":{"id":"osm:node:3795791440","name":"北投天主堂","category":"place_of_worship","address":"112臺北市北投區溫泉路108號","religion":"christian","denomination":"catholic"},"geometry":{"type":"Point","coordinates":[121.510618,25.135986]}},{"type":"Feature","properties":{"id":"osm:node:3795798501","name":"北投普濟寺","category":"place_of_worship","nameEn":"Puji Temple","religion":"buddhist"},"geometry":{"type":"Point","coordinates":[121.511186,25.135931]}},{"type":"Feature","properties":{"id":"osm:node:3795798507","name":"北投不動明王石窟","category":"place_of_worship","religion":"buddhist"},"geometry":{"type":"Point","coordinates":[121.517656,25.137888]}},{"type":"Feature","properties":{"id":"osm:node:3795798512","name":"法藏寺","category":"place_of_worship","religion":"buddhist"},"geometry":{"type":"Point","coordinates":[121.51357,25.139451]}},{"type":"Feature","properties":{"id":"osm:node:3809847559","name":"中華基督教浸信會真理堂","category":"place_of_worship","address":"112臺北市北投區復興四路24號","wheelchair":"limited","religion":"christian","denomination":"baptist"},"geometry":{"type":"Point","coordinates":[121.500664,25.142424]}},{"type":"Feature","properties":{"id":"osm:node:3811140842","name":"台北市召會第29,54聚會所","category":"place_of_worship","religion":"christian"},"geometry":{"type":"Point","coordinates":[121.540673,24.996778]}},{"type":"Feature","properties":{"id":"osm:node:3812319194","name":"北投保德宮(凱達格蘭族廟)","category":"place_of_worship"},"geometry":{"type":"Point","coordinates":[121.493355,25.133073]}},{"type":"Feature","properties":{"id":"osm:node:3812406083","name":"浸信會義美堂","category":"place_of_worship","address":"116台北市文山區景興路233號","religion":"christian","denomination":"baptist"},"geometry":{"type":"Point","coordinates":[121.543772,24.991191]}},{"type":"Feature","properties":{"id":"osm:node:3814388537","name":"地基主","category":"place_of_worship","religion":"buddhist"},"geometry":{"type":"Point","coordinates":[121.482855,25.115628]}},{"type":"Feature","properties":{"id":"osm:node:3815942362","name":"福德祠","category":"place_of_worship","religion":"chinese_folk","denomination":"taoism"},"geometry":{"type":"Point","coordinates":[121.511846,25.156167]}},{"type":"Feature","properties":{"id":"osm:node:3818999703","name":"臺北市召會十九會所","category":"place_of_worship","nameEn":"The Church in Taipei-Hall No.19","address":"106019台北市大安區羅斯福路三段333巷5號","phone":"+886 2 2369 3140","website":"https://www.churchintaipei.org","wheelchair":"limited","religion":"christian","denomination":"protestant"},"geometry":{"type":"Point","coordinates":[121.53271,25.017217]}},{"type":"Feature","properties":{"id":"osm:node:3822530542","name":"北投長老教會","category":"place_of_worship","address":"11263台北市北投區中央南路一段77號","religion":"christian","denomination":"presbyterian"},"geometry":{"type":"Point","coordinates":[121.501366,25.131362]}},{"type":"Feature","properties":{"id":"osm:node:3822530543","name":"自立長老會新北投教會（凱達格蘭族北投社教會）","category":"place_of_worship","religion":"christian"},"geometry":{"type":"Point","coordinates":[121.498557,25.14228]}},{"type":"Feature","properties":{"id":"osm:node:3822530544","name":"臺灣基督教道生長老會","category":"place_of_worship","religion":"christian"},"geometry":{"type":"Point","coordinates":[121.494674,25.144633]}},{"type":"Feature","properties":{"id":"osm:node:3823992868","name":"永福宮","category":"place_of_worship"},"geometry":{"type":"Point","coordinates":[121.55321,24.974874]}},{"type":"Feature","properties":{"id":"osm:node:3824498907","name":"中八仙玄揚堂","category":"place_of_worship","religion":"buddhist","denomination":"taoism"},"geometry":{"type":"Point","coordinates":[121.497615,25.115233]}},{"type":"Feature","properties":{"id":"osm:node:3824499006","name":"曹福宮","category":"place_of_worship","religion":"taoist"},"geometry":{"type":"Point","coordinates":[121.50036,25.118916]}},{"type":"Feature","properties":{"id":"osm:node:3831550221","name":"福德正神","category":"place_of_worship","religion":"buddhist","denomination":"taoism"},"geometry":{"type":"Point","coordinates":[121.534717,25.149078]}},{"type":"Feature","properties":{"id":"osm:node:3835320330","name":"聖明堂","category":"place_of_worship","address":"116臺北市文山區木柵路一段204號","religion":"taoist"},"geometry":{"type":"Point","coordinates":[121.552857,24.987769]}},{"type":"Feature","properties":{"id":"osm:node:3835326758","name":"木柵教會","category":"place_of_worship","religion":"christian"},"geometry":{"type":"Point","coordinates":[121.558619,24.982565]}},{"type":"Feature","properties":{"id":"osm:node:3835331119","name":"木柵聖母宮","category":"place_of_worship","religion":"buddhist"},"geometry":{"type":"Point","coordinates":[121.5545,24.981025]}},{"type":"Feature","properties":{"id":"osm:node:3835349523","name":"振聖堂","category":"place_of_worship","address":"116台北市文山區興隆路四段58巷36號","religion":"taoist"},"geometry":{"type":"Point","coordinates":[121.559838,24.985304]}},{"type":"Feature","properties":{"id":"osm:node:3835349524","name":"木柵教會","category":"place_of_worship","address":"116台北市文山區下崙路11巷20號","religion":"christian"},"geometry":{"type":"Point","coordinates":[121.559543,24.985764]}},{"type":"Feature","properties":{"id":"osm:node:3835834681","name":"威靈廟","category":"place_of_worship"},"geometry":{"type":"Point","coordinates":[121.477845,25.106034]}},{"type":"Feature","properties":{"id":"osm:node:3835834763","name":"劍潭浸信會","category":"place_of_worship","religion":"christian"},"geometry":{"type":"Point","coordinates":[121.519107,25.081231]}},{"type":"Feature","properties":{"id":"osm:node:3835834767","name":"武聖宮","category":"place_of_worship","address":"111台北市士林區後港街174號","wheelchair":"yes"},"geometry":{"type":"Point","coordinates":[121.520874,25.08779]}},{"type":"Feature","properties":{"id":"osm:node:3835835411","name":"士林街福德宮","category":"place_of_worship","wheelchair":"no","religion":"taoist"},"geometry":{"type":"Point","coordinates":[121.522749,25.090038]}},{"type":"Feature","properties":{"id":"osm:node:3836965044","name":"校園團契","category":"place_of_worship","address":"100臺北市中正區羅斯福路四段22號","religion":"christian"},"geometry":{"type":"Point","coordinates":[121.533102,25.01558]}},{"type":"Feature","properties":{"id":"osm:node:3842796424","name":"景美福音堂","category":"place_of_worship","religion":"christian"},"geometry":{"type":"Point","coordinates":[121.552868,25.001648]}},{"type":"Feature","properties":{"id":"osm:node:3842796478","name":"台北市召會第九聚會所","category":"place_of_worship","address":"104台北市中山區建國北路二段28號","religion":"christian"},"geometry":{"type":"Point","coordinates":[121.536406,25.053115]}},{"type":"Feature","properties":{"id":"osm:node:3854792657","name":"基督信徒聚集會","category":"place_of_worship","address":"臺北市文山區羅斯福路五段45號2樓之2","phone":"+886 2 2931 8648","religion":"christian"},"geometry":{"type":"Point","coordinates":[121.538965,25.007407]}},{"type":"Feature","properties":{"id":"osm:node:3859247157","name":"天主教景美聖神堂","category":"place_of_worship","address":"116台北市文山區景隆街36巷5號","religion":"christian"},"geometry":{"type":"Point","coordinates":[121.543805,24.998379]}},{"type":"Feature","properties":{"id":"osm:node:3859949820","name":"真耶穌教會景美教會","category":"place_of_worship","brand":"真耶穌教會","address":"116台北市文山區景華街13巷15號","phone":"+886 2 2931 5316","website":"https://sites.google.com/site/jingmeitjc/","religion":"christian","denomination":"true_jesus"},"geometry":{"type":"Point","coordinates":[121.542283,24.995584]}},{"type":"Feature","properties":{"id":"osm:node:3912889357","name":"臺北市召會第三十五聚會所","category":"place_of_worship","address":"104台北市中山區北安路621巷39號","religion":"christian"},"geometry":{"type":"Point","coordinates":[121.547152,25.083006]}},{"type":"Feature","properties":{"id":"osm:node:3939158002","name":"南松山天主堂","category":"place_of_worship","address":"105台北市松山區南京東路五段352號","religion":"christian","denomination":"catholic"},"geometry":{"type":"Point","coordinates":[121.568656,25.050786]}},{"type":"Feature","properties":{"id":"osm:node:3939158009","name":"台北市召會第七聚會所11區","category":"place_of_worship","address":"105台北市松山區光復北路11巷83號","religion":"christian"},"geometry":{"type":"Point","coordinates":[121.561621,25.05031]}},{"type":"Feature","properties":{"id":"osm:node:3939158014","name":"城光教會","category":"place_of_worship","address":"104台北市中山區民生西路3巷2號二樓","religion":"christian"},"geometry":{"type":"Point","coordinates":[121.521657,25.058141]}},{"type":"Feature","properties":{"id":"osm:node:3944645625","name":"華思堂","category":"place_of_worship"},"geometry":{"type":"Point","coordinates":[121.533731,25.040378]}},{"type":"Feature","properties":{"id":"osm:node:3955465467","name":"台北佛教蓮社","category":"place_of_worship"},"geometry":{"type":"Point","coordinates":[121.559636,25.052919]}},{"type":"Feature","properties":{"id":"osm:node:3980067511","name":"土地公嗣","category":"place_of_worship"},"geometry":{"type":"Point","coordinates":[121.453798,25.045348]}},{"type":"Feature","properties":{"id":"osm:node:3983560636","name":"新北市召會永和區保福會所","category":"place_of_worship","religion":"christian"},"geometry":{"type":"Point","coordinates":[121.505561,25.009284]}},{"type":"Feature","properties":{"id":"osm:node:3999392707","name":"松山正興宮","category":"place_of_worship","address":"110台北市信義區大道路137號","religion":"taoist"},"geometry":{"type":"Point","coordinates":[121.58352,25.038841]}},{"type":"Feature","properties":{"id":"osm:node:3999393558","name":"聖安宮","category":"place_of_worship","address":"110台北市信義區中坡南路235號","religion":"taoist"},"geometry":{"type":"Point","coordinates":[121.585002,25.040342]}},{"type":"Feature","properties":{"id":"osm:node:4007798834","name":"景美南聖堂","category":"place_of_worship","religion":"taoist"},"geometry":{"type":"Point","coordinates":[121.543164,24.990318]}},{"type":"Feature","properties":{"id":"osm:node:4018206190","name":"欄杆橋頭福德宮","category":"place_of_worship"},"geometry":{"type":"Point","coordinates":[121.53332,25.138033]}},{"type":"Feature","properties":{"id":"osm:node:4018210289","name":"天母禮拜堂","category":"place_of_worship"},"geometry":{"type":"Point","coordinates":[121.532995,25.125889]}},{"type":"Feature","properties":{"id":"osm:node:4018211178","name":"中山靈糧福音中心","category":"place_of_worship","religion":"christian"},"geometry":{"type":"Point","coordinates":[121.535526,25.052244]}},{"type":"Feature","properties":{"id":"osm:node:4018217601","name":"貴格會發光教會","category":"place_of_worship","address":"23147新北市新店區環河路6號1樓","phone":"+886 2 8919 3437;+886 0922 879 646","religion":"christian","denomination":"quaker"},"geometry":{"type":"Point","coordinates":[121.538126,24.961828]}},{"type":"Feature","properties":{"id":"osm:node:4018218992","name":"長老會七張教會","category":"place_of_worship","address":"231新北市新店區平等街10號","religion":"christian"},"geometry":{"type":"Point","coordinates":[121.536741,24.974051]}},{"type":"Feature","properties":{"id":"osm:node:4031296859","name":"永約教會","category":"place_of_worship","website":"http://22th.great-cpa.com/","religion":"christian"},"geometry":{"type":"Point","coordinates":[121.533276,25.051145]}},{"type":"Feature","properties":{"id":"osm:node:4031297483","name":"承德宮","category":"place_of_worship","religion":"taoist"},"geometry":{"type":"Point","coordinates":[121.518923,25.065061]}},{"type":"Feature","properties":{"id":"osm:node:4043621250","name":"三一堂","category":"place_of_worship","address":"108臺北市萬華區青年路142號","religion":"christian"},"geometry":{"type":"Point","coordinates":[121.502437,25.021718]}},{"type":"Feature","properties":{"id":"osm:node:4043621252","name":"保濟宮","category":"place_of_worship"},"geometry":{"type":"Point","coordinates":[121.506666,25.030155]}},{"type":"Feature","properties":{"id":"osm:node:4043621255","name":"優天宮","category":"place_of_worship"},"geometry":{"type":"Point","coordinates":[121.506362,25.028114]}},{"type":"Feature","properties":{"id":"osm:node:4043621261","name":"六聖宮","category":"place_of_worship"},"geometry":{"type":"Point","coordinates":[121.504164,25.029391]}},{"type":"Feature","properties":{"id":"osm:node:4043621262","name":"南天宮","category":"place_of_worship"},"geometry":{"type":"Point","coordinates":[121.50392,25.02921]}},{"type":"Feature","properties":{"id":"osm:node:4043621269","name":"天恩堂","category":"place_of_worship"},"geometry":{"type":"Point","coordinates":[121.506931,25.028536]}},{"type":"Feature","properties":{"id":"osm:node:4058075220","name":"松山天濟宮","category":"place_of_worship"},"geometry":{"type":"Point","coordinates":[121.583626,25.04057]}},{"type":"Feature","properties":{"id":"osm:node:4069962659","name":"台北振王宮","category":"place_of_worship"},"geometry":{"type":"Point","coordinates":[121.556808,24.998057]}},{"type":"Feature","properties":{"id":"osm:node:4069962670","name":"紫雲宮","category":"place_of_worship","address":"臺北市文山區興隆路三段192巷8弄7號"},"geometry":{"type":"Point","coordinates":[121.557902,24.997618]}},{"type":"Feature","properties":{"id":"osm:node:4070047135","name":"景美錫安堂","category":"place_of_worship","nameEn":"ZION CHURCH","phone":"+886-2-2933-1674","religion":"christian"},"geometry":{"type":"Point","coordinates":[121.540637,24.991626]}},{"type":"Feature","properties":{"id":"osm:node:4070047138","name":"寶安宮","category":"place_of_worship"},"geometry":{"type":"Point","coordinates":[121.543198,24.987584]}},{"type":"Feature","properties":{"id":"osm:node:4076268916","name":"聚福宮","category":"place_of_worship","religion":"taoist"},"geometry":{"type":"Point","coordinates":[121.495966,25.026618]}},{"type":"Feature","properties":{"id":"osm:node:4082319374","name":"基督教信安純福音教會","category":"place_of_worship","religion":"christian"},"geometry":{"type":"Point","coordinates":[121.534776,25.05967]}},{"type":"Feature","properties":{"id":"osm:node:4082740456","name":"聖明宮","category":"place_of_worship","religion":"taoist"},"geometry":{"type":"Point","coordinates":[121.552033,25.019997]}},{"type":"Feature","properties":{"id":"osm:node:4085141434","name":"普因精舍","category":"place_of_worship"},"geometry":{"type":"Point","coordinates":[121.453956,25.001621]}},{"type":"Feature","properties":{"id":"osm:node:4085142311","name":"聖成宮","category":"place_of_worship"},"geometry":{"type":"Point","coordinates":[121.453696,25.003483]}},{"type":"Feature","properties":{"id":"osm:node:4085142315","name":"貴格會板城教會","category":"place_of_worship","religion":"christian"},"geometry":{"type":"Point","coordinates":[121.451507,24.996446]}},{"type":"Feature","properties":{"id":"osm:node:4107743197","name":"金法林利生佛學中心","category":"place_of_worship","opening_hours":"Mo-Sa 10:00-22:00","address":"100臺北市中正區天津街5號","phone":"+886 2239 10521","religion":"buddhist"},"geometry":{"type":"Point","coordinates":[121.522399,25.047367]}},{"type":"Feature","properties":{"id":"osm:node:4107744990","name":"臺灣噶舉佛學院 民生中心","category":"place_of_worship","opening_hours":"Mo-Su 10:00-22:00","address":"104台北市中山區民生東路一段39號十樓","phone":"+886 22581 4395","religion":"buddhist"},"geometry":{"type":"Point","coordinates":[121.525792,25.058192]}},{"type":"Feature","properties":{"id":"osm:node:4107778589","name":"金山金法林","category":"place_of_worship","opening_hours":"Mo-Su 10:00-22:00","phone":"+886 2 2408 0546"},"geometry":{"type":"Point","coordinates":[121.596506,25.199164]}},{"type":"Feature","properties":{"id":"osm:node:4107785890","name":"化育","category":"place_of_worship","address":"220新北市板橋區四川路二段16巷3號六樓","phone":"+886 2 8967 1019"},"geometry":{"type":"Point","coordinates":[121.456146,24.996792]}},{"type":"Feature","properties":{"id":"osm:node:4107800489","name":"海濤悲願講堂","category":"place_of_worship","address":"220新北市板橋區中山路二段581號","phone":"+886 2 2951 0355"},"geometry":{"type":"Point","coordinates":[121.484463,25.022351]}},{"type":"Feature","properties":{"id":"osm:node:4108993514","name":"廣化天宮","category":"place_of_worship","religion":"buddhist"},"geometry":{"type":"Point","coordinates":[121.585053,25.014817]}},{"type":"Feature","properties":{"id":"osm:node:4111270398","name":"福德正神","category":"place_of_worship","wheelchair":"no"},"geometry":{"type":"Point","coordinates":[121.597275,25.101162]}},{"type":"Feature","properties":{"id":"osm:node:4147270460","name":"港仔嘴福德宮","category":"place_of_worship","religion":"taoist"},"geometry":{"type":"Point","coordinates":[121.482173,25.027093]}},{"type":"Feature","properties":{"id":"osm:node:4149458760","name":"大直聖保祿天主堂","category":"place_of_worship","religion":"christian","denomination":"catholic"},"geometry":{"type":"Point","coordinates":[121.545645,25.079594]}},{"type":"Feature","properties":{"id":"osm:node:4149477986","name":"板橋浸信會","category":"place_of_worship","religion":"christian"},"geometry":{"type":"Point","coordinates":[121.456206,25.006472]}},{"type":"Feature","properties":{"id":"osm:node:4149591690","name":"浸信會義美堂","category":"place_of_worship","religion":"christian"},"geometry":{"type":"Point","coordinates":[121.525035,25.024359]}},{"type":"Feature","properties":{"id":"osm:node:4167094385","name":"福德宮","category":"place_of_worship","religion":"taoist"},"geometry":{"type":"Point","coordinates":[121.590816,25.020905]}},{"type":"Feature","properties":{"id":"osm:node:4187560319","name":"霞海城隍廟","category":"place_of_worship","religion":"taoist"},"geometry":{"type":"Point","coordinates":[121.57022,25.049885]}},{"type":"Feature","properties":{"id":"osm:node:4200642664","name":"台北市召會31.56聚會所","category":"place_of_worship","religion":"christian"},"geometry":{"type":"Point","coordinates":[121.548398,25.001491]}},{"type":"Feature","properties":{"id":"osm:node:4200642671","name":"基督教聖潔會","category":"place_of_worship","religion":"christian"},"geometry":{"type":"Point","coordinates":[121.553244,24.999466]}},{"type":"Feature","properties":{"id":"osm:node:4200642686","name":"德芳堂","category":"place_of_worship"},"geometry":{"type":"Point","coordinates":[121.548153,25.001307]}},{"type":"Feature","properties":{"id":"osm:node:4200643089","name":"慈聖堂","category":"place_of_worship","address":"116台北市文山區景華路97巷4號"},"geometry":{"type":"Point","coordinates":[121.546345,24.99574]}},{"type":"Feature","properties":{"id":"osm:node:4200643112","name":"知音教會","category":"place_of_worship","religion":"christian"},"geometry":{"type":"Point","coordinates":[121.544537,24.997213]}},{"type":"Feature","properties":{"id":"osm:node:4200643113","name":"神愛世人","category":"place_of_worship","address":"116台北市文山區景華街85巷21號二樓","religion":"christian"},"geometry":{"type":"Point","coordinates":[121.546056,24.996323]}},{"type":"Feature","properties":{"id":"osm:node:4200643968","name":"興隆循理會","category":"place_of_worship","address":"116台北市文山區興隆路二段217巷2弄1號","religion":"christian"},"geometry":{"type":"Point","coordinates":[121.549987,25.001663]}},{"type":"Feature","properties":{"id":"osm:node:4201523122","name":"萬壽宮","category":"place_of_worship","address":"116臺北市文山區興安里6鄰興隆路二段116號"},"geometry":{"type":"Point","coordinates":[121.550087,25.000669]}},{"type":"Feature","properties":{"id":"osm:node:4205229666","name":"忠義堂","category":"place_of_worship"},"geometry":{"type":"Point","coordinates":[121.545792,25.065113]}},{"type":"Feature","properties":{"id":"osm:node:4206234568","name":"佛祖寺","category":"place_of_worship"},"geometry":{"type":"Point","coordinates":[121.526881,25.081164]}},{"type":"Feature","properties":{"id":"osm:node:4208419806","name":"無極老君岩壁雕像","category":"place_of_worship","religion":"taoist"},"geometry":{"type":"Point","coordinates":[121.578343,25.02798]}},{"type":"Feature","properties":{"id":"osm:node:4208719455","name":"18羅漢雕像","category":"place_of_worship"},"geometry":{"type":"Point","coordinates":[121.581825,25.02543]}},{"type":"Feature","properties":{"id":"osm:node:4213848511","name":"興福巖清水祖師廟","category":"place_of_worship","address":"116台北市文山區興隆路一段99巷6號","religion":"chinese_folk"},"geometry":{"type":"Point","coordinates":[121.541808,25.00289]}},{"type":"Feature","properties":{"id":"osm:node:4213857000","name":"四面佛","category":"place_of_worship","religion":"hindu"},"geometry":{"type":"Point","coordinates":[121.540751,24.961157]}},{"type":"Feature","properties":{"id":"osm:node:4213857004","name":"毫光明寺","category":"place_of_worship","address":"231新北市新店區中興路一段100號"},"geometry":{"type":"Point","coordinates":[121.540344,24.960641]}},{"type":"Feature","properties":{"id":"osm:node:4236823712","name":"台北受旨宮","category":"place_of_worship"},"geometry":{"type":"Point","coordinates":[121.536908,25.002423]}},{"type":"Feature","properties":{"id":"osm:node:4236823716","name":"萬隆基督的教會","category":"place_of_worship","address":"11676台北市文山區羅斯福路五段176巷32號","website":"https://www.wlchurch.org.tw/","religion":"christian"},"geometry":{"type":"Point","coordinates":[121.537036,25.004357]}},{"type":"Feature","properties":{"id":"osm:node:4265547191","name":"靈源寺","category":"place_of_worship","address":"臺北市虎林街26巷5號"},"geometry":{"type":"Point","coordinates":[121.575433,25.048945]}},{"type":"Feature","properties":{"id":"osm:node:4269582545","name":"基督教忠孝神召會","category":"place_of_worship","address":"106臺北市大安區忠孝東路三段217巷5弄8號","religion":"christian"},"geometry":{"type":"Point","coordinates":[121.539163,25.043415]}},{"type":"Feature","properties":{"id":"osm:node:4280130633","name":"臺北靈糧堂","category":"place_of_worship","website":"http://www.llc.org.tw/","religion":"christian"},"geometry":{"type":"Point","coordinates":[121.536448,25.025528]}},{"type":"Feature","properties":{"id":"osm:node:4282217991","name":"台北市召會第32，57聚會所","category":"place_of_worship","address":"116台北市文山區溪口街1巷3號","religion":"christian"},"geometry":{"type":"Point","coordinates":[121.54022,24.994026]}},{"type":"Feature","properties":{"id":"osm:node:4284461282","name":"南港金山寺","category":"place_of_worship","religion":"buddhist"},"geometry":{"type":"Point","coordinates":[121.61409,25.050898]}},{"type":"Feature","properties":{"id":"osm:node:4293261204","name":"南海普陀山寺","category":"place_of_worship"},"geometry":{"type":"Point","coordinates":[121.581651,24.976612]}},{"type":"Feature","properties":{"id":"osm:node:4293261217","name":"木柵協天宮","category":"place_of_worship"},"geometry":{"type":"Point","coordinates":[121.576517,24.991301]}},{"type":"Feature","properties":{"id":"osm:node:4293261225","name":"福德宮","category":"place_of_worship","religion":"chinese_folk"},"geometry":{"type":"Point","coordinates":[121.579086,24.984639]}},{"type":"Feature","properties":{"id":"osm:node:4298910923","name":"榮耀","category":"place_of_worship","religion":"christian"},"geometry":{"type":"Point","coordinates":[121.538215,25.003639]}},{"type":"Feature","properties":{"id":"osm:node:4298923843","name":"雅各堂","category":"place_of_worship","religion":"christian"},"geometry":{"type":"Point","coordinates":[121.557321,25.036113]}},{"type":"Feature","properties":{"id":"osm:node:4298942999","name":"大安車層景福宮","category":"place_of_worship","nameEn":"Jingfu Temple","address":"臺北市延吉街77號","religion":"taoist"},"geometry":{"type":"Point","coordinates":[121.553952,25.044119]}},{"type":"Feature","properties":{"id":"osm:node:4301001260","name":"台北市召會第51聚會所","category":"place_of_worship","religion":"christian"},"geometry":{"type":"Point","coordinates":[121.540248,25.043726]}},{"type":"Feature","properties":{"id":"osm:node:4307554225","name":"永福祠","category":"place_of_worship"},"geometry":{"type":"Point","coordinates":[121.516262,25.11758]}},{"type":"Feature","properties":{"id":"osm:node:4307603551","name":"台北市召會第11聚會所","category":"place_of_worship","address":"111台北市士林區美德街49號","religion":"christian"},"geometry":{"type":"Point","coordinates":[121.525032,25.095508]}},{"type":"Feature","properties":{"id":"osm:node:4307603560","name":"文林基督教會","category":"place_of_worship","religion":"christian"},"geometry":{"type":"Point","coordinates":[121.522222,25.100539]}},{"type":"Feature","properties":{"id":"osm:node:4307603564","name":"榮耀城靈糧堂","category":"place_of_worship","religion":"christian","denomination":"bread_of_soul"},"geometry":{"type":"Point","coordinates":[121.522344,25.101589]}},{"type":"Feature","properties":{"id":"osm:node:4307625985","name":"榮星長老教會","category":"place_of_worship","religion":"christian"},"geometry":{"type":"Point","coordinates":[121.529606,25.047812]}},{"type":"Feature","properties":{"id":"osm:node:4311098049","name":"思恩堂","category":"place_of_worship","address":"114臺北市內湖區星雲街90號","phone":"+886 2 2790 1497","religion":"christian"},"geometry":{"type":"Point","coordinates":[121.593296,25.079119]}},{"type":"Feature","properties":{"id":"osm:node:4311499324","name":"內湖天主堂","category":"place_of_worship","religion":"christian","denomination":"catholic"},"geometry":{"type":"Point","coordinates":[121.590119,25.07769]}},{"type":"Feature","properties":{"id":"osm:node:4312392756","name":"思恩堂","category":"place_of_worship","religion":"christian"},"geometry":{"type":"Point","coordinates":[121.592177,25.080109]}},{"type":"Feature","properties":{"id":"osm:node:4314326444","name":"內湖長老教會","category":"place_of_worship","religion":"christian"},"geometry":{"type":"Point","coordinates":[121.593746,25.079284]}},{"type":"Feature","properties":{"id":"osm:node:4314380662","name":"福德祠","category":"place_of_worship"},"geometry":{"type":"Point","coordinates":[121.596335,25.07823]}},{"type":"Feature","properties":{"id":"osm:node:4319619152","name":"信安宮","category":"place_of_worship","address":"新北市三重區重陽路四段126巷1之1號","religion":"taoist"},"geometry":{"type":"Point","coordinates":[121.492359,25.071208]}},{"type":"Feature","properties":{"id":"osm:node:4319619153","name":"姜太公石敢當","category":"place_of_worship","religion":"taoist"},"geometry":{"type":"Point","coordinates":[121.492454,25.070795]}},{"type":"Feature","properties":{"id":"osm:node:4319632690","name":"真耶穌教會大同教會","category":"place_of_worship","address":"111台北市士林區重慶北路四段64號","phone":"+886 2 2812 4033","religion":"christian"},"geometry":{"type":"Point","coordinates":[121.513486,25.080971]}},{"type":"Feature","properties":{"id":"osm:node:4325693432","name":"信義興雅宮","category":"place_of_worship","address":"110台北市信義區基隆路一段172巷臨13號"},"geometry":{"type":"Point","coordinates":[121.564571,25.042872]}},{"type":"Feature","properties":{"id":"osm:node:4325693917","name":"松德宮","category":"place_of_worship"},"geometry":{"type":"Point","coordinates":[121.577867,25.037732]}},{"type":"Feature","properties":{"id":"osm:node:4325693936","name":"深坑觀音廟","category":"place_of_worship"},"geometry":{"type":"Point","coordinates":[121.612434,25.001479]}},{"type":"Feature","properties":{"id":"osm:node:4325693943","name":"玄天宮","category":"place_of_worship","religion":"chinese_folk"},"geometry":{"type":"Point","coordinates":[121.612443,25.001018]}},{"type":"Feature","properties":{"id":"osm:node:4325694195","name":"路德會松山教會","category":"place_of_worship","religion":"christian"},"geometry":{"type":"Point","coordinates":[121.577505,25.037956]}},{"type":"Feature","properties":{"id":"osm:node:4329768672","name":"北投聖玄宮","category":"place_of_worship"},"geometry":{"type":"Point","coordinates":[121.480872,25.136548]}},{"type":"Feature","properties":{"id":"osm:node:4329768678","name":"士林報恩寺","category":"place_of_worship","wheelchair":"no"},"geometry":{"type":"Point","coordinates":[121.525968,25.085107]}},{"type":"Feature","properties":{"id":"osm:node:4329769309","name":"石牌教會","category":"place_of_worship","religion":"christian"},"geometry":{"type":"Point","coordinates":[121.519307,25.109693]}},{"type":"Feature","properties":{"id":"osm:node:4329769542","name":"順聖宮","category":"place_of_worship"},"geometry":{"type":"Point","coordinates":[121.480015,25.136068]}},{"type":"Feature","properties":{"id":"osm:node:4334116985","name":"三世宮","category":"place_of_worship","address":"100臺北市中正區汀州路三段104巷11弄3號"},"geometry":{"type":"Point","coordinates":[121.53364,25.013656]}},{"type":"Feature","properties":{"id":"osm:node:4334116988","name":"無極靈天宮","category":"place_of_worship"},"geometry":{"type":"Point","coordinates":[121.536146,24.969963]}},{"type":"Feature","properties":{"id":"osm:node:4340703278","name":"順安宮法主聖君","category":"place_of_worship","religion":"taoist"},"geometry":{"type":"Point","coordinates":[121.496265,25.070946]}},{"type":"Feature","properties":{"id":"osm:node:4360380441","name":"臺北市教會第三十九聚會所","category":"place_of_worship","address":"106臺北市大安區和平東路二段96巷17弄9號","religion":"christian","denomination":"local_church"},"geometry":{"type":"Point","coordinates":[121.541755,25.02314]}},{"type":"Feature","properties":{"id":"osm:node:4360384150","name":"更生團契","category":"place_of_worship","nameEn":"The Prison Fellowship","address":"104台北市中山區松江路132巷3號","religion":"christian"},"geometry":{"type":"Point","coordinates":[121.532353,25.052994]}},{"type":"Feature","properties":{"id":"osm:node:4379079123","name":"興龍宮","category":"place_of_worship"},"geometry":{"type":"Point","coordinates":[121.549102,25.004463]}},{"type":"Feature","properties":{"id":"osm:node:4384257966","name":"二十張靈糧福音中心","category":"place_of_worship","religion":"christian"},"geometry":{"type":"Point","coordinates":[121.538526,24.979548]}},{"type":"Feature","properties":{"id":"osm:node:4384257984","name":"大坪林靈糧福音中心","category":"place_of_worship","religion":"christian"},"geometry":{"type":"Point","coordinates":[121.536981,24.983295]}},{"type":"Feature","properties":{"id":"osm:node:4384257987","name":"天月宮","category":"place_of_worship","address":"110台北市信義區基隆路二段11號","religion":"taoist"},"geometry":{"type":"Point","coordinates":[121.5593,25.032236]}},{"type":"Feature","properties":{"id":"osm:node:4384259010","name":"景美禮拜堂","category":"place_of_worship","address":"116台北市文山區溪口街62號","religion":"christian"},"geometry":{"type":"Point","coordinates":[121.539156,24.995393]}},{"type":"Feature","properties":{"id":"osm:node:4384259215","name":"長老教會北投教會","category":"place_of_worship","religion":"christian"},"geometry":{"type":"Point","coordinates":[121.502011,25.138621]}},{"type":"Feature","properties":{"id":"osm:node:4384259222","name":"靈雲天母宮","category":"place_of_worship","address":"231新北市新店區平等街12號"},"geometry":{"type":"Point","coordinates":[121.536597,24.97371]}},{"type":"Feature","properties":{"id":"osm:node:4384717865","name":"福興宮","category":"place_of_worship"},"geometry":{"type":"Point","coordinates":[121.459413,24.971632]}},{"type":"Feature","properties":{"id":"osm:node:4385304366","name":"青聖宮","category":"place_of_worship","religion":"taoist"},"geometry":{"type":"Point","coordinates":[121.50954,24.992065]}},{"type":"Feature","properties":{"id":"osm:node:4418442343","name":"永福宮","category":"place_of_worship","religion":"taoist"},"geometry":{"type":"Point","coordinates":[121.527847,25.14312]}},{"type":"Feature","properties":{"id":"osm:node:4420097391","name":"聖明宮","category":"place_of_worship"},"geometry":{"type":"Point","coordinates":[121.613816,25.086256]}},{"type":"Feature","properties":{"id":"osm:node:4421534139","name":"三重南聖宮","category":"place_of_worship","religion":"taoist"},"geometry":{"type":"Point","coordinates":[121.492544,25.065039]}},{"type":"Feature","properties":{"id":"osm:node:4421534142","name":"有應廟","category":"place_of_worship","religion":"taoist"},"geometry":{"type":"Point","coordinates":[121.493325,25.066431]}},{"type":"Feature","properties":{"id":"osm:node:4425990312","name":"邵公廟","category":"place_of_worship","religion":"taoist"},"geometry":{"type":"Point","coordinates":[121.467583,25.08493]}},{"type":"Feature","properties":{"id":"osm:node:4426051730","name":"合福福德宮","category":"place_of_worship","religion":"taoist"},"geometry":{"type":"Point","coordinates":[121.488271,25.069477]}},{"type":"Feature","properties":{"id":"osm:node:4427375471","name":"真光福音教會","category":"place_of_worship","address":"10691臺北市大安區四維路228巷15號","phone":"+886 2 2707 0331","website":"http://www.truelightgc.org/","religion":"christian"},"geometry":{"type":"Point","coordinates":[121.547196,25.025608]}},{"type":"Feature","properties":{"id":"osm:node:4446911294","name":"三重靈糧堂","category":"place_of_worship","religion":"christian"},"geometry":{"type":"Point","coordinates":[121.489075,25.063027]}},{"type":"Feature","properties":{"id":"osm:node:4449757814","name":"北門教會","category":"place_of_worship","wheelchair":"yes","religion":"christian"},"geometry":{"type":"Point","coordinates":[121.519538,25.049808]}},{"type":"Feature","properties":{"id":"osm:node:4462180839","name":"長春路狐仙廟","category":"place_of_worship","address":"104台北市長春路57號6樓","religion":"taoist"},"geometry":{"type":"Point","coordinates":[121.526192,25.055038]}},{"type":"Feature","properties":{"id":"osm:node:4478400392","name":"土地公廟","category":"place_of_worship"},"geometry":{"type":"Point","coordinates":[121.63765,24.974295]}},{"type":"Feature","properties":{"id":"osm:node:4524318953","name":"華陀門弘道院","category":"place_of_worship","religion":"chinese_folk"},"geometry":{"type":"Point","coordinates":[121.544796,24.991442]}},{"type":"Feature","properties":{"id":"osm:node:4524318954","name":"聖方濟沙勿教會","category":"place_of_worship","religion":"christian"},"geometry":{"type":"Point","coordinates":[121.538155,25.006116]}},{"type":"Feature","properties":{"id":"osm:node:4524863556","name":"伯特利教會","category":"place_of_worship","religion":"christian"},"geometry":{"type":"Point","coordinates":[121.541416,25.048193]}},{"type":"Feature","properties":{"id":"osm:node:4524863589","name":"信義會恩光堂","category":"place_of_worship","religion":"christian"},"geometry":{"type":"Point","coordinates":[121.544135,25.036887]}},{"type":"Feature","properties":{"id":"osm:node:4524863592","name":"西新福德宮","category":"place_of_worship","religion":"taoist"},"geometry":{"type":"Point","coordinates":[121.584409,25.052621]}},{"type":"Feature","properties":{"id":"osm:node:4524863602","name":"南園教會","category":"place_of_worship","religion":"christian"},"geometry":{"type":"Point","coordinates":[121.612404,25.055769]}},{"type":"Feature","properties":{"id":"osm:node:4524863650","name":"比珥信心教會","category":"place_of_worship","religion":"christian"},"geometry":{"type":"Point","coordinates":[121.56124,25.0306]}},{"type":"Feature","properties":{"id":"osm:node:4524863656","name":"北極順天宮","category":"place_of_worship"},"geometry":{"type":"Point","coordinates":[121.562196,25.027338]}},{"type":"Feature","properties":{"id":"osm:node:4524863667","name":"東興宮","category":"place_of_worship"},"geometry":{"type":"Point","coordinates":[121.560065,25.024831]}},{"type":"Feature","properties":{"id":"osm:node:4524863668","name":"福興宮","category":"place_of_worship","address":"110台北市信義區信安街103巷22之6號"},"geometry":{"type":"Point","coordinates":[121.560173,25.024694]}},{"type":"Feature","properties":{"id":"osm:node:4524863679","name":"柴頭埤福德宮","category":"place_of_worship"},"geometry":{"type":"Point","coordinates":[121.56395,25.02407]}},{"type":"Feature","properties":{"id":"osm:node:4524863680","name":"趙氏友祠","category":"place_of_worship"},"geometry":{"type":"Point","coordinates":[121.566878,25.024582]}},{"type":"Feature","properties":{"id":"osm:node:4524863682","name":"聖三天主堂","category":"place_of_worship","religion":"christian"},"geometry":{"type":"Point","coordinates":[121.567816,25.024812]}},{"type":"Feature","properties":{"id":"osm:node:4524863698","name":"文山學生中心","category":"place_of_worship","religion":"christian"},"geometry":{"type":"Point","coordinates":[121.556107,24.999646]}},{"type":"Feature","properties":{"id":"osm:node:4524863874","name":"台北振天宮","category":"place_of_worship"},"geometry":{"type":"Point","coordinates":[121.545153,25.056863]}},{"type":"Feature","properties":{"id":"osm:node:4524863877","name":"臺北神的教會","category":"place_of_worship","religion":"christian"},"geometry":{"type":"Point","coordinates":[121.544546,25.055376]}},{"type":"Feature","properties":{"id":"osm:node:4524863879","name":"赤峰街教會","category":"place_of_worship","religion":"christian"},"geometry":{"type":"Point","coordinates":[121.519427,25.054178]}},{"type":"Feature","properties":{"id":"osm:node:4524863895","name":"三民教會","category":"place_of_worship","religion":"christian"},"geometry":{"type":"Point","coordinates":[121.563151,25.057774]}},{"type":"Feature","properties":{"id":"osm:node:4524864073","name":"五府宮","category":"place_of_worship"},"geometry":{"type":"Point","coordinates":[121.517083,25.076169]}},{"type":"Feature","properties":{"id":"osm:node:4524864120","name":"順天府","category":"place_of_worship","religion":"chinese_folk"},"geometry":{"type":"Point","coordinates":[121.656795,25.209894]}},{"type":"Feature","properties":{"id":"osm:node:4524864168","name":"覺修宮","category":"place_of_worship"},"geometry":{"type":"Point","coordinates":[121.513506,25.076268]}},{"type":"Feature","properties":{"id":"osm:node:4524864508","name":"天顯宮","category":"place_of_worship"},"geometry":{"type":"Point","coordinates":[121.604939,24.998723]}},{"type":"Feature","properties":{"id":"osm:node:4524864552","name":"台北市召會33、58聚會所","category":"place_of_worship","religion":"christian"},"geometry":{"type":"Point","coordinates":[121.558794,24.993312]}},{"type":"Feature","properties":{"id":"osm:node:4524864557","name":"浸宣大安教會","category":"place_of_worship","religion":"christian"},"geometry":{"type":"Point","coordinates":[121.544695,25.031139]}},{"type":"Feature","properties":{"id":"osm:node:4524864561","name":"循禮會台北教會","category":"place_of_worship","religion":"christian"},"geometry":{"type":"Point","coordinates":[121.545851,25.035933]}},{"type":"Feature","properties":{"id":"osm:node:4524864576","name":"信德堂","category":"place_of_worship","religion":"christian"},"geometry":{"type":"Point","coordinates":[121.548296,25.033981]}},{"type":"Feature","properties":{"id":"osm:node:4535893293","name":"廣嚴閣","category":"place_of_worship","opening_hours":"Mo-Su 10:00-22:00","address":"104台北市大同區民族西路199號"},"geometry":{"type":"Point","coordinates":[121.514499,25.068692]}},{"type":"Feature","properties":{"id":"osm:node:4538270108","name":"應善壇","category":"place_of_worship","address":"116台北市文山區景美街120號"},"geometry":{"type":"Point","coordinates":[121.541574,24.989038]}},{"type":"Feature","properties":{"id":"osm:node:4538270117","name":"三青宮道觀命相館","category":"place_of_worship","address":"231新北市新店區光明街137號"},"geometry":{"type":"Point","coordinates":[121.53943,24.962013]}},{"type":"Feature","properties":{"id":"osm:node:4538275042","name":"台北鳳聖宮","category":"place_of_worship"},"geometry":{"type":"Point","coordinates":[121.517013,25.01752]}},{"type":"Feature","properties":{"id":"osm:node:4538275043","name":"意鑾宮","category":"place_of_worship"},"geometry":{"type":"Point","coordinates":[121.517376,25.017443]}},{"type":"Feature","properties":{"id":"osm:node:4547491100","name":"靜修宮","category":"place_of_worship"},"geometry":{"type":"Point","coordinates":[121.551508,25.088974]}},{"type":"Feature","properties":{"id":"osm:node:4567144889","name":"淡水行天武聖宮","category":"place_of_worship","opening_hours":"Mo-Su 09:00-20:00","address":"251新北市淡水區八勢路一段120號"},"geometry":{"type":"Point","coordinates":[121.467225,25.156662]}},{"type":"Feature","properties":{"id":"osm:node:4590375398","name":"中和員山廣福宮","category":"place_of_worship","address":"新北市中和中山路三段63巷","religion":"taoist"},"geometry":{"type":"Point","coordinates":[121.476637,25.003112]}},{"type":"Feature","properties":{"id":"osm:node:4630227616","name":"中華基督教會公理堂","category":"place_of_worship","address":"104台北市中山區中山北路二段45巷39號","religion":"christian"},"geometry":{"type":"Point","coordinates":[121.524984,25.054472]}},{"type":"Feature","properties":{"id":"osm:node:4689753594","name":"有應公","category":"place_of_worship"},"geometry":{"type":"Point","coordinates":[121.661072,25.023498]}},{"type":"Feature","properties":{"id":"osm:node:470241905","name":"台北真理堂","category":"place_of_worship","nameEn":"Taipei Truth Lutheran Church","address":"10673臺北市大安區新生南路三段86號","phone":"+886 2 2363-2096","website":"https://www.tlc.org.tw/","wheelchair":"yes","religion":"christian","denomination":"lutheran"},"geometry":{"type":"Point","coordinates":[121.533155,25.018549]}},{"type":"Feature","properties":{"id":"osm:node:4729030143","name":"老公祠","category":"place_of_worship"},"geometry":{"type":"Point","coordinates":[121.606231,25.07844]}},{"type":"Feature","properties":{"id":"osm:node:4730159625","name":"福佑宮","category":"place_of_worship"},"geometry":{"type":"Point","coordinates":[121.606256,25.078418]}},{"type":"Feature","properties":{"id":"osm:node:4744634237","name":"聖人廟","category":"place_of_worship","religion":"chinese_folk"},"geometry":{"type":"Point","coordinates":[121.593222,25.122412]}},{"type":"Feature","properties":{"id":"osm:node:4763213895","name":"法船石","category":"place_of_worship","religion":"buddhist"},"geometry":{"type":"Point","coordinates":[121.509098,25.135091]}},{"type":"Feature","properties":{"id":"osm:node:4778015725","name":"台北朝天宮","category":"place_of_worship","nameEn":"Taipei Chao Tian Temple","address":"108臺北市萬華區和平里11鄰雙園街27號","phone":"+886 2 2306 1510"},"geometry":{"type":"Point","coordinates":[121.49469,25.029501]}},{"type":"Feature","properties":{"id":"osm:node:4809325621","name":"財團法人基督教台灣信義會","category":"place_of_worship","address":"臺北市大安區杭州南路二段15號","phone":"+886 2 2363 2096#502","religion":"christian"},"geometry":{"type":"Point","coordinates":[121.523781,25.034149]}},{"type":"Feature","properties":{"id":"osm:node:4814498966","name":"慈惠堂","category":"place_of_worship","address":"新北市三重區六合里009鄰自強路二段67巷47號","religion":"taoist"},"geometry":{"type":"Point","coordinates":[121.489978,25.069979]}},{"type":"Feature","properties":{"id":"osm:node:4834761757","name":"無極慈音宮","category":"place_of_worship","address":"116台北市文山區景華街15號"},"geometry":{"type":"Point","coordinates":[121.541948,24.995049]}},{"type":"Feature","properties":{"id":"osm:node:4834761762","name":"生命樹教會","category":"place_of_worship","religion":"christian"},"geometry":{"type":"Point","coordinates":[121.538358,25.004091]}},{"type":"Feature","properties":{"id":"osm:node:4834761767","name":"普照精舍","category":"place_of_worship","address":"台北市文山區興隆路一段53號1樓","wheelchair":"yes","religion":"buddhist"},"geometry":{"type":"Point","coordinates":[121.540986,25.004049]}},{"type":"Feature","properties":{"id":"osm:node:4834782530","name":"新店蕭府王爺廟","category":"place_of_worship"},"geometry":{"type":"Point","coordinates":[121.534473,24.977885]}},{"type":"Feature","properties":{"id":"osm:node:4834782533","name":"慈天宮","category":"place_of_worship","address":"231新北市新店區中正路302巷5弄2號"},"geometry":{"type":"Point","coordinates":[121.538318,24.975691]}},{"type":"Feature","properties":{"id":"osm:node:4834782534","name":"紫霞堂","category":"place_of_worship"},"geometry":{"type":"Point","coordinates":[121.537837,24.975219]}},{"type":"Feature","properties":{"id":"osm:node:4834782536","name":"集應廟","category":"place_of_worship"},"geometry":{"type":"Point","coordinates":[121.53932,24.974403]}},{"type":"Feature","properties":{"id":"osm:node:4834782546","name":"玄天上帝壇","category":"place_of_worship"},"geometry":{"type":"Point","coordinates":[121.542628,24.980475]}},{"type":"Feature","properties":{"id":"osm:node:4834782552","name":"三聖堂","category":"place_of_worship"},"geometry":{"type":"Point","coordinates":[121.54342,24.984618]}},{"type":"Feature","properties":{"id":"osm:node:4834782553","name":"五府宮","category":"place_of_worship","address":"231新北市新店區寶元路一段9號"},"geometry":{"type":"Point","coordinates":[121.542806,24.985715]}},{"type":"Feature","properties":{"id":"osm:node:4834782611","name":"保安宮","category":"place_of_worship"},"geometry":{"type":"Point","coordinates":[121.532579,24.976866]}},{"type":"Feature","properties":{"id":"osm:node:4834782737","name":"路德會信義堂","category":"place_of_worship","religion":"christian"},"geometry":{"type":"Point","coordinates":[121.542473,24.973121]}},{"type":"Feature","properties":{"id":"osm:node:4834803693","name":"白靈宮","category":"place_of_worship","wheelchair":"yes"},"geometry":{"type":"Point","coordinates":[121.53303,25.021834]}},{"type":"Feature","properties":{"id":"osm:node:4836631358","name":"地府陰公廟","category":"place_of_worship"},"geometry":{"type":"Point","coordinates":[121.523661,25.027833]}},{"type":"Feature","properties":{"id":"osm:node:4836631369","name":"行道會法國號教會","category":"place_of_worship"},"geometry":{"type":"Point","coordinates":[121.521417,25.02792]}},{"type":"Feature","properties":{"id":"osm:node:4836631389","name":"南清宮","category":"place_of_worship","address":"234新北市永和區忠孝街34巷10號","religion":"buddhist"},"geometry":{"type":"Point","coordinates":[121.514691,25.016423]}},{"type":"Feature","properties":{"id":"osm:node:4836631390","name":"安和宮","category":"place_of_worship","religion":"buddhist"},"geometry":{"type":"Point","coordinates":[121.513898,25.014912]}},{"type":"Feature","properties":{"id":"osm:node:4836651014","name":"三千府","category":"place_of_worship","religion":"taoist"},"geometry":{"type":"Point","coordinates":[121.5015,25.13509]}},{"type":"Feature","properties":{"id":"osm:node:4836651018","name":"萬善爺功德堂","category":"place_of_worship"},"geometry":{"type":"Point","coordinates":[121.499071,25.136208]}},{"type":"Feature","properties":{"id":"osm:node:4836651145","name":"集福宮","category":"place_of_worship"},"geometry":{"type":"Point","coordinates":[121.503358,25.131901]}},{"type":"Feature","properties":{"id":"osm:node:4836651146","name":"台北市召會第十二聚會所","category":"place_of_worship","religion":"christian"},"geometry":{"type":"Point","coordinates":[121.504015,25.132698]}},{"type":"Feature","properties":{"id":"osm:node:4836651148","name":"信望愛聖教會北投會堂","category":"place_of_worship","religion":"christian"},"geometry":{"type":"Point","coordinates":[121.498484,25.133055]}},{"type":"Feature","properties":{"id":"osm:node:4836653407","name":"明山宮","category":"place_of_worship"},"geometry":{"type":"Point","coordinates":[121.528981,25.128033]}},{"type":"Feature","properties":{"id":"osm:node:4837986370","name":"正一斗壇","category":"place_of_worship"},"geometry":{"type":"Point","coordinates":[121.556439,25.049119]}},{"type":"Feature","properties":{"id":"osm:node:4837986381","name":"福德宮","category":"place_of_worship","address":"八德路四段181巷16弄","religion":"chinese_folk"},"geometry":{"type":"Point","coordinates":[121.562946,25.049331]}},{"type":"Feature","properties":{"id":"osm:node:4837986419","name":"貴格會基督教華美堂","category":"place_of_worship","religion":"christian"},"geometry":{"type":"Point","coordinates":[121.549798,25.022553]}},{"type":"Feature","properties":{"id":"osm:node:4837986440","name":"幸安福德宮","category":"place_of_worship","religion":"taoist"},"geometry":{"type":"Point","coordinates":[121.530708,25.040226]}},{"type":"Feature","properties":{"id":"osm:node:4837986446","name":"浸信會宣恩堂","category":"place_of_worship","address":"110台北市信義區吳興街214號","religion":"christian"},"geometry":{"type":"Point","coordinates":[121.562953,25.027779]}},{"type":"Feature","properties":{"id":"osm:node:4837986454","name":"台灣基督長老教會安和教會","category":"place_of_worship","nameEn":"Taipei An Ho Presbyterian Church","address":"106臺北市大安區仁愛路四段122巷54號","religion":"christian"},"geometry":{"type":"Point","coordinates":[121.550137,25.034079]}},{"type":"Feature","properties":{"id":"osm:node:4837986478","name":"瑤山宮","category":"place_of_worship"},"geometry":{"type":"Point","coordinates":[121.538999,25.068433]}},{"type":"Feature","properties":{"id":"osm:node:4837986490","name":"松澤宮","category":"place_of_worship"},"geometry":{"type":"Point","coordinates":[121.535571,25.065186]}},{"type":"Feature","properties":{"id":"osm:node:4837986492","name":"北雲宮","category":"place_of_worship"},"geometry":{"type":"Point","coordinates":[121.535583,25.067565]}},{"type":"Feature","properties":{"id":"osm:node:4837986496","name":"福義宮","category":"place_of_worship"},"geometry":{"type":"Point","coordinates":[121.539235,25.066744]}},{"type":"Feature","properties":{"id":"osm:node:4837986498","name":"伏羲廟","category":"place_of_worship","address":"105台北市松山區復興北路433號"},"geometry":{"type":"Point","coordinates":[121.54441,25.063563]}},{"type":"Feature","properties":{"id":"osm:node:4837986517","name":"臺灣長老會台北復興教會","category":"place_of_worship","religion":"christian"},"geometry":{"type":"Point","coordinates":[121.547209,25.049176]}},{"type":"Feature","properties":{"id":"osm:node:4837986551","name":"浸信會潮恩堂","category":"place_of_worship","address":"106臺北市大安區通化街123巷32號","religion":"christian"},"geometry":{"type":"Point","coordinates":[121.55515,25.0289]}},{"type":"Feature","properties":{"id":"osm:node:4837986552","name":"紫竹堂","category":"place_of_worship","address":"106臺北市大安區通化街123巷50號","religion":"taoist"},"geometry":{"type":"Point","coordinates":[121.555539,25.028826]}},{"type":"Feature","properties":{"id":"osm:node:4837986559","name":"聖靈宮","category":"place_of_worship","address":"106臺北市大安區臨江街40巷21號","religion":"taoist"},"geometry":{"type":"Point","coordinates":[121.556113,25.029022]}},{"type":"Feature","properties":{"id":"osm:node:4837986584","name":"通化福德宮","category":"place_of_worship"},"geometry":{"type":"Point","coordinates":[121.554904,25.031061]}},{"type":"Feature","properties":{"id":"osm:node:4837986585","name":"三聖宮","category":"place_of_worship","religion":"taoist"},"geometry":{"type":"Point","coordinates":[121.555837,25.031762]}},{"type":"Feature","properties":{"id":"osm:node:4838086683","name":"玄天宮","category":"place_of_worship","address":"104台北市大同區民權西路184巷1號","religion":"taoist"},"geometry":{"type":"Point","coordinates":[121.514811,25.062441]}},{"type":"Feature","properties":{"id":"osm:node:4838086684","name":"蓬萊廟","category":"place_of_worship","religion":"taoist"},"geometry":{"type":"Point","coordinates":[121.514551,25.062382]}},{"type":"Feature","properties":{"id":"osm:node:4838086688","name":"基督教新生教團重慶教會","category":"place_of_worship","religion":"christian"},"geometry":{"type":"Point","coordinates":[121.515796,25.062604]}},{"type":"Feature","properties":{"id":"osm:node:4838086693","name":"地藏王廟","category":"place_of_worship"},"geometry":{"type":"Point","coordinates":[121.51652,25.065579]}},{"type":"Feature","properties":{"id":"osm:node:4838086697","name":"大同靈糧福音中心","category":"place_of_worship","religion":"christian"},"geometry":{"type":"Point","coordinates":[121.518601,25.066225]}},{"type":"Feature","properties":{"id":"osm:node:4838086700","name":"台灣長老教會圓山教會","category":"place_of_worship","religion":"christian"},"geometry":{"type":"Point","coordinates":[121.518089,25.065162]}},{"type":"Feature","properties":{"id":"osm:node:4838087639","name":"主滿教會","category":"place_of_worship","religion":"christian"},"geometry":{"type":"Point","coordinates":[121.513877,25.042902]}},{"type":"Feature","properties":{"id":"osm:node:4838087640","name":"榮光小組教會","category":"place_of_worship","religion":"christian"},"geometry":{"type":"Point","coordinates":[121.512532,25.042159]}},{"type":"Feature","properties":{"id":"osm:node:4838087656","name":"北安宮","category":"place_of_worship","address":"108臺北市萬華區頂碩里27鄰西藏路254號","phone":"+886 2 2302 1881"},"geometry":{"type":"Point","coordinates":[121.501612,25.029791]}},{"type":"Feature","properties":{"id":"osm:node:4838087736","name":"台北真道教會","category":"place_of_worship","address":"108臺北市萬華區中華路一段144號五樓","website":"https://www.truth.org.tw/","wheelchair":"yes","religion":"christian","denomination":"protestant"},"geometry":{"type":"Point","coordinates":[121.508115,25.043175]}},{"type":"Feature","properties":{"id":"osm:node:4838087751","name":"龍雲寺","category":"place_of_worship","address":"104台北市大同區延平北路三段18巷1號"},"geometry":{"type":"Point","coordinates":[121.510717,25.064072]}},{"type":"Feature","properties":{"id":"osm:node:4838087752","name":"靈聖宮","category":"place_of_worship"},"geometry":{"type":"Point","coordinates":[121.510324,25.064963]}},{"type":"Feature","properties":{"id":"osm:node:4838087753","name":"廣信府","category":"place_of_worship"},"geometry":{"type":"Point","coordinates":[121.510274,25.065969]}},{"type":"Feature","properties":{"id":"osm:node:4838087768","name":"華興教會","category":"place_of_worship","religion":"christian"},"geometry":{"type":"Point","coordinates":[121.501111,25.030541]}},{"type":"Feature","properties":{"id":"osm:node:4838087769","name":"聖慈宮","category":"place_of_worship"},"geometry":{"type":"Point","coordinates":[121.500322,25.028648]}},{"type":"Feature","properties":{"id":"osm:node:4838087772","name":"建龍宮","category":"place_of_worship"},"geometry":{"type":"Point","coordinates":[121.501416,25.031]}},{"type":"Feature","properties":{"id":"osm:node:4845534508","name":"大願寺","category":"place_of_worship","religion":"buddhist"},"geometry":{"type":"Point","coordinates":[121.509559,25.135467]}},{"type":"Feature","properties":{"id":"osm:node:4868081760","name":"玄理宮","category":"place_of_worship"},"geometry":{"type":"Point","coordinates":[121.538851,24.983476]}},{"type":"Feature","properties":{"id":"osm:node:4891439031","name":"財團法人臺灣省臺北縣基督教徒蘆洲","category":"place_of_worship","address":"新北市蘆洲區仁德里009鄰三民路26巷71弄2號地下一層","religion":"christian"},"geometry":{"type":"Point","coordinates":[121.478532,25.083439]}},{"type":"Feature","properties":{"id":"osm:node:4935450523","name":"元覺妙院","category":"place_of_worship"},"geometry":{"type":"Point","coordinates":[121.492308,25.186093]}},{"type":"Feature","properties":{"id":"osm:node:4935459521","name":"十方禪林","category":"place_of_worship"},"geometry":{"type":"Point","coordinates":[121.492416,25.18693]}},{"type":"Feature","properties":{"id":"osm:node:5011683033","name":"福德廟","category":"place_of_worship"},"geometry":{"type":"Point","coordinates":[121.586799,25.131982]}},{"type":"Feature","properties":{"id":"osm:node:5033705165","name":"魚衡仔福德宮","category":"place_of_worship","religion":"chinese_folk"},"geometry":{"type":"Point","coordinates":[121.597195,24.999512]}},{"type":"Feature","properties":{"id":"osm:node:5040166487","name":"福德宮","category":"place_of_worship"},"geometry":{"type":"Point","coordinates":[121.482844,25.114455]}},{"type":"Feature","properties":{"id":"osm:node:5052921360","name":"吉祥四面佛","category":"place_of_worship","religion":"buddhist"},"geometry":{"type":"Point","coordinates":[121.524326,25.058217]}},{"type":"Feature","properties":{"id":"osm:node:5088772959","name":"珠聖宮","category":"place_of_worship"},"geometry":{"type":"Point","coordinates":[121.498436,25.035774]}},{"type":"Feature","properties":{"id":"osm:node:5088772961","name":"清蓮宮","category":"place_of_worship","address":"臺北市萬華區和平西路三段154號"},"geometry":{"type":"Point","coordinates":[121.498537,25.035152]}},{"type":"Feature","properties":{"id":"osm:node:5088772984","name":"普崴宮","category":"place_of_worship","address":"108臺北市萬華區雙園里14鄰西園路二段65之1號","phone":"+886 910035646"},"geometry":{"type":"Point","coordinates":[121.496926,25.030948]}},{"type":"Feature","properties":{"id":"osm:node:5095511513","name":"耶穌救主堂","category":"place_of_worship","religion":"christian"},"geometry":{"type":"Point","coordinates":[121.505485,25.038484]}},{"type":"Feature","properties":{"id":"osm:node:5095511514","name":"艋舺協天宮","category":"place_of_worship"},"geometry":{"type":"Point","coordinates":[121.503774,25.039242]}},{"type":"Feature","properties":{"id":"osm:node:5095511515","name":"復興宮","category":"place_of_worship"},"geometry":{"type":"Point","coordinates":[121.503542,25.039742]}},{"type":"Feature","properties":{"id":"osm:node:5095512222","name":"金義宮","category":"place_of_worship"},"geometry":{"type":"Point","coordinates":[121.497567,25.038351]}},{"type":"Feature","properties":{"id":"osm:node:5095512247","name":"艋舺大眾爺廟","category":"place_of_worship"},"geometry":{"type":"Point","coordinates":[121.500834,25.036909]}},{"type":"Feature","properties":{"id":"osm:node:5095512250","name":"信心聖經教會","category":"place_of_worship","religion":"christian"},"geometry":{"type":"Point","coordinates":[121.503825,25.035114]}},{"type":"Feature","properties":{"id":"osm:node:5108706539","name":"台北真理堂新店會館","category":"place_of_worship","religion":"christian"},"geometry":{"type":"Point","coordinates":[121.539889,24.985892]}},{"type":"Feature","properties":{"id":"osm:node:5108706565","name":"新店陶匠之家基督中心","category":"place_of_worship","religion":"christian"},"geometry":{"type":"Point","coordinates":[121.543753,24.965376]}},{"type":"Feature","properties":{"id":"osm:node:5108706567","name":"新店市召會建國路會所","category":"place_of_worship","religion":"christian"},"geometry":{"type":"Point","coordinates":[121.54023,24.974435]}},{"type":"Feature","properties":{"id":"osm:node:5108709481","name":"聖安宮","category":"place_of_worship"},"geometry":{"type":"Point","coordinates":[121.548671,24.985031]}},{"type":"Feature","properties":{"id":"osm:node:5108709482","name":"永興廟","category":"place_of_worship"},"geometry":{"type":"Point","coordinates":[121.546645,24.985444]}},{"type":"Feature","properties":{"id":"osm:node:5108709502","name":"正名堂","category":"place_of_worship","religion":"chinese_folk"},"geometry":{"type":"Point","coordinates":[121.545998,24.996756]}},{"type":"Feature","properties":{"id":"osm:node:5108709516","name":"煇增日佛","category":"place_of_worship","religion":"buddhist"},"geometry":{"type":"Point","coordinates":[121.546934,24.995948]}},{"type":"Feature","properties":{"id":"osm:node:5109347814","name":"基督教靈友堂","category":"place_of_worship","religion":"christian"},"geometry":{"type":"Point","coordinates":[121.532212,25.022773]}},{"type":"Feature","properties":{"id":"osm:node:5109347815","name":"耶和華見證人王國聚會所舊址","category":"place_of_worship","address":"106臺北市大安區雲和街99巷5號","religion":"christian"},"geometry":{"type":"Point","coordinates":[121.53213,25.023421]}},{"type":"Feature","properties":{"id":"osm:node:5110242800","name":"禮賢會台北堂","category":"place_of_worship","religion":"christian"},"geometry":{"type":"Point","coordinates":[121.521383,25.027966]}},{"type":"Feature","properties":{"id":"osm:node:5110242809","name":"台北錫安堂","category":"place_of_worship","religion":"christian"},"geometry":{"type":"Point","coordinates":[121.519381,25.028625]}},{"type":"Feature","properties":{"id":"osm:node:5110245044","name":"路德會永生堂","category":"place_of_worship","wheelchair":"limited","religion":"christian"},"geometry":{"type":"Point","coordinates":[121.521372,25.029534]}},{"type":"Feature","properties":{"id":"osm:node:5110245051","name":"康華禮拜堂","category":"place_of_worship","religion":"christian"},"geometry":{"type":"Point","coordinates":[121.523073,25.026642]}},{"type":"Feature","properties":{"id":"osm:node:5110348190","name":"境靈廟","category":"place_of_worship","address":"110台北市信義區永吉路180巷25號","wheelchair":"limited","religion":"folk","denomination":"TaiwaneseFolkReligion"},"geometry":{"type":"Point","coordinates":[121.571544,25.044704]}},{"type":"Feature","properties":{"id":"osm:node:5110348192","name":"台北市召會第五聚會所","category":"place_of_worship","religion":"christian"},"geometry":{"type":"Point","coordinates":[121.572457,25.044062]}},{"type":"Feature","properties":{"id":"osm:node:5110348193","name":"台北新城市教會","category":"place_of_worship","religion":"christian"},"geometry":{"type":"Point","coordinates":[121.572337,25.042973]}},{"type":"Feature","properties":{"id":"osm:node:5110348194","name":"授天宮","category":"place_of_worship","address":"110台北市信義區虎林街120巷175號"},"geometry":{"type":"Point","coordinates":[121.573691,25.042238]}},{"type":"Feature","properties":{"id":"osm:node:5110348196","name":"慈惠堂","category":"place_of_worship","address":"110台北市信義區虎林街120巷145號"},"geometry":{"type":"Point","coordinates":[121.574636,25.042237]}},{"type":"Feature","properties":{"id":"osm:node:5110348197","name":"受天宮","category":"place_of_worship","address":"110台北市信義區虎林街120巷30號"},"geometry":{"type":"Point","coordinates":[121.5758,25.042049]}},{"type":"Feature","properties":{"id":"osm:node:5110348200","name":"松山巡安宮","category":"place_of_worship","address":"110台北市信義區松山路225巷23號"},"geometry":{"type":"Point","coordinates":[121.578543,25.044827]}},{"type":"Feature","properties":{"id":"osm:node:5110348203","name":"澤度金台灣總堂","category":"place_of_worship","address":"110台北市信義區松山路183號"},"geometry":{"type":"Point","coordinates":[121.578002,25.045752]}},{"type":"Feature","properties":{"id":"osm:node:5110348217","name":"信望愛台北教會","category":"place_of_worship","religion":"christian"},"geometry":{"type":"Point","coordinates":[121.57592,25.043982]}},{"type":"Feature","properties":{"id":"osm:node:5110348539","name":"以琳基督徒中心","category":"place_of_worship","religion":"christian"},"geometry":{"type":"Point","coordinates":[121.580628,25.047911]}},{"type":"Feature","properties":{"id":"osm:node:5110348540","name":"宗德佛堂","category":"place_of_worship","address":"115台北市南港區玉成街44巷15號","religion":"buddhist"},"geometry":{"type":"Point","coordinates":[121.580741,25.048274]}},{"type":"Feature","properties":{"id":"osm:node:5110348549","name":"真耶穌教會","category":"place_of_worship","religion":"christian"},"geometry":{"type":"Point","coordinates":[121.567448,25.0511]}},{"type":"Feature","properties":{"id":"osm:node:5110348550","name":"松山福德宮","category":"place_of_worship","address":"105台北市松山區饒河街92號"},"geometry":{"type":"Point","coordinates":[121.574199,25.050316]}},{"type":"Feature","properties":{"id":"osm:node:5110348564","name":"永安教會","category":"place_of_worship","religion":"christian"},"geometry":{"type":"Point","coordinates":[121.56959,25.045484]}},{"type":"Feature","properties":{"id":"osm:node:5110348565","name":"松山禮拜堂","category":"place_of_worship","address":"110台北市信義區基隆路一段83巷18之3號","religion":"christian"},"geometry":{"type":"Point","coordinates":[121.569454,25.046507]}},{"type":"Feature","properties":{"id":"osm:node:5110348566","name":"楊和堂","category":"place_of_worship","religion":"taoist"},"geometry":{"type":"Point","coordinates":[121.57053,25.046424]}},{"type":"Feature","properties":{"id":"osm:node:5110348567","name":"貴吾堂","category":"place_of_worship","religion":"taoist"},"geometry":{"type":"Point","coordinates":[121.571187,25.047654]}},{"type":"Feature","properties":{"id":"osm:node:5110348569","name":"雅祥宮","category":"place_of_worship","religion":"taoist"},"geometry":{"type":"Point","coordinates":[121.570383,25.048013]}},{"type":"Feature","properties":{"id":"osm:node:5110348570","name":"惠佑宮","category":"place_of_worship","address":"110台北市信義區基隆路一段35巷7之20號","religion":"taoist"},"geometry":{"type":"Point","coordinates":[121.569885,25.048027]}},{"type":"Feature","properties":{"id":"osm:node:5110348571","name":"忠義宮","category":"place_of_worship","address":"110台北市信義區基隆路一段35巷7號","religion":"taoist"},"geometry":{"type":"Point","coordinates":[121.569452,25.048456]}},{"type":"Feature","properties":{"id":"osm:node:5110348577","name":"松山靈糧福音中心","category":"place_of_worship","religion":"christian"},"geometry":{"type":"Point","coordinates":[121.557331,25.051251]}},{"type":"Feature","properties":{"id":"osm:node:5110348614","name":"佛天宮","category":"place_of_worship","address":"106臺北市大安區嘉興街370號"},"geometry":{"type":"Point","coordinates":[121.55218,25.022185]}},{"type":"Feature","properties":{"id":"osm:node:5110348615","name":"臺北市召會第十六聚會所","category":"place_of_worship","address":"106臺北市大安區嘉興街363巷9號","religion":"christian"},"geometry":{"type":"Point","coordinates":[121.552484,25.02166]}},{"type":"Feature","properties":{"id":"osm:node:5110348643","name":"安順宮","category":"place_of_worship","religion":"chinese_folk"},"geometry":{"type":"Point","coordinates":[121.554386,25.023144]}},{"type":"Feature","properties":{"id":"osm:node:5110348659","name":"救世軍台北中央堂","category":"place_of_worship","address":"106臺北市大安區四維路208巷1號","religion":"christian"},"geometry":{"type":"Point","coordinates":[121.547683,25.026351]}},{"type":"Feature","properties":{"id":"osm:node:5110348675","name":"台北神的教會","category":"place_of_worship","religion":"christian"},"geometry":{"type":"Point","coordinates":[121.551094,25.052794]}},{"type":"Feature","properties":{"id":"osm:node:5110348695","name":"門若會光復教會","category":"place_of_worship","religion":"christian"},"geometry":{"type":"Point","coordinates":[121.557165,25.046178]}},{"type":"Feature","properties":{"id":"osm:node:5110348705","name":"基督教宏恩堂","category":"place_of_worship","religion":"christian"},"geometry":{"type":"Point","coordinates":[121.553625,25.052965]}},{"type":"Feature","properties":{"id":"osm:node:5110348707","name":"台灣長老教會金陵教會","category":"place_of_worship","address":"105台北市松山區南京東路四段133巷6弄20號","religion":"christian"},"geometry":{"type":"Point","coordinates":[121.554277,25.052739]}},{"type":"Feature","properties":{"id":"osm:node:5110348708","name":"中華之後天主堂","category":"place_of_worship","address":"105台北市松山區南京東路四段133巷6弄9號","religion":"christian"},"geometry":{"type":"Point","coordinates":[121.554743,25.05255]}},{"type":"Feature","properties":{"id":"osm:node:5110348716","name":"劍童宮","category":"place_of_worship","address":"105台北市松山區八德路三段199巷1號"},"geometry":{"type":"Point","coordinates":[121.556443,25.048399]}},{"type":"Feature","properties":{"id":"osm:node:5110348782","name":"仁慈宮","category":"place_of_worship"},"geometry":{"type":"Point","coordinates":[121.545725,25.033869]}},{"type":"Feature","properties":{"id":"osm:node:5110348791","name":"松山聖龍宮","category":"place_of_worship"},"geometry":{"type":"Point","coordinates":[121.588604,25.048934]}},{"type":"Feature","properties":{"id":"osm:node:5110348801","name":"天相府","category":"place_of_worship","religion":"taiwan_folklore"},"geometry":{"type":"Point","coordinates":[121.55432,25.027983]}},{"type":"Feature","properties":{"id":"osm:node:5110349481","name":"恩友中心南港教會","category":"place_of_worship","religion":"christian"},"geometry":{"type":"Point","coordinates":[121.61324,25.053023]}},{"type":"Feature","properties":{"id":"osm:node:5110349507","name":"內湖靈糧福音中心","category":"place_of_worship","religion":"christian"},"geometry":{"type":"Point","coordinates":[121.59069,25.081181]}},{"type":"Feature","properties":{"id":"osm:node:5110488922","name":"永靜廟","category":"place_of_worship","address":"104台北市中山區錦西街9號二樓","religion":"taoist"},"geometry":{"type":"Point","coordinates":[121.521417,25.060543]}},{"type":"Feature","properties":{"id":"osm:node:5110488923","name":"九府先師普惠堂","category":"place_of_worship","wheelchair":"no","religion":"taoist"},"geometry":{"type":"Point","coordinates":[121.520607,25.060617]}},{"type":"Feature","properties":{"id":"osm:node:5110488941","name":"四平街愛神","category":"place_of_worship","address":"104台北市中山區四平街81號","religion":"hindu"},"geometry":{"type":"Point","coordinates":[121.534367,25.053686]}},{"type":"Feature","properties":{"id":"osm:node:5110489018","name":"生命河基督教會","category":"place_of_worship","religion":"christian"},"geometry":{"type":"Point","coordinates":[121.519395,25.046119]}},{"type":"Feature","properties":{"id":"osm:node:5110489228","name":"博濟宮","category":"place_of_worship","wheelchair":"no"},"geometry":{"type":"Point","coordinates":[121.494746,25.006143]}},{"type":"Feature","properties":{"id":"osm:node:5110489229","name":"中和乾元宮","category":"place_of_worship"},"geometry":{"type":"Point","coordinates":[121.495997,25.006534]}},{"type":"Feature","properties":{"id":"osm:node:5110489288","name":"萬善堂","category":"place_of_worship"},"geometry":{"type":"Point","coordinates":[121.548534,25.081654]}},{"type":"Feature","properties":{"id":"osm:node:5110489292","name":"大直長老教會","category":"place_of_worship","address":"台北市中山區北安路655號1樓","phone":"+886-2-25325907","religion":"christian","denomination":"presbyterian"},"geometry":{"type":"Point","coordinates":[121.549168,25.084368]}},{"type":"Feature","properties":{"id":"osm:node:5110489298","name":"神召會中心","category":"place_of_worship","religion":"christian"},"geometry":{"type":"Point","coordinates":[121.523931,25.055062]}},{"type":"Feature","properties":{"id":"osm:node:5110489313","name":"台北基督四方教會","category":"place_of_worship","religion":"christian"},"geometry":{"type":"Point","coordinates":[121.526575,25.057846]}},{"type":"Feature","properties":{"id":"osm:node:5110489739","name":"台北協天殿","category":"place_of_worship","address":"104台北市中山區民權東路一段58巷15號","religion":"taoist"},"geometry":{"type":"Point","coordinates":[121.52477,25.061978]}},{"type":"Feature","properties":{"id":"osm:node:5110489755","name":"創價學會","category":"place_of_worship","religion":"buddhist"},"geometry":{"type":"Point","coordinates":[121.524818,25.0613]}},{"type":"Feature","properties":{"id":"osm:node:5110489756","name":"台北神愛教會","category":"place_of_worship","address":"104台北市中山區錦州街13巷18之12號B1樓","religion":"christian"},"geometry":{"type":"Point","coordinates":[121.524474,25.061307]}},{"type":"Feature","properties":{"id":"osm:node:5110490264","name":"愛侶灣四面佛","category":"place_of_worship","religion":"hindu"},"geometry":{"type":"Point","coordinates":[121.530379,25.059355]}},{"type":"Feature","properties":{"id":"osm:node:5110490265","name":"中庒仔福德宮","category":"place_of_worship","religion":"taoist"},"geometry":{"type":"Point","coordinates":[121.529123,25.059485]}},{"type":"Feature","properties":{"id":"osm:node:5110490267","name":"四面佛佛臨舍","category":"place_of_worship","address":"104台北市中山區民生東路一段80號","religion":"hindu"},"geometry":{"type":"Point","coordinates":[121.526783,25.057883]}},{"type":"Feature","properties":{"id":"osm:node:5110490268","name":"養興堂","category":"place_of_worship","address":"104台北市中山區新生北路二段60巷26號","religion":"taoist"},"geometry":{"type":"Point","coordinates":[121.526581,25.055671]}},{"type":"Feature","properties":{"id":"osm:node:5110490272","name":"蘇姑娘廟","category":"place_of_worship"},"geometry":{"type":"Point","coordinates":[121.527076,25.05512]}},{"type":"Feature","properties":{"id":"osm:node:5110490278","name":"台灣基督長老教會民生教會","category":"place_of_worship","address":"104台北市中山區中原街42號","religion":"christian"},"geometry":{"type":"Point","coordinates":[121.528694,25.057534]}},{"type":"Feature","properties":{"id":"osm:node:5110490300","name":"士林丞漢恩堂","category":"place_of_worship","religion":"christian"},"geometry":{"type":"Point","coordinates":[121.527958,25.096844]}},{"type":"Feature","properties":{"id":"osm:node:5110490303","name":"基督教恩友中心","category":"place_of_worship","religion":"christian"},"geometry":{"type":"Point","coordinates":[121.52066,25.049079]}},{"type":"Feature","properties":{"id":"osm:node:5110490305","name":"台北市召會第四聚會所","category":"place_of_worship","address":"103台北市大同區南京西路18巷16號一樓","wheelchair":"yes","religion":"christian"},"geometry":{"type":"Point","coordinates":[121.520125,25.051346]}},{"type":"Feature","properties":{"id":"osm:node:5110491027","name":"瑤池金母","category":"place_of_worship"},"geometry":{"type":"Point","coordinates":[121.494075,25.058843]}},{"type":"Feature","properties":{"id":"osm:node:5110491036","name":"台北新福宮","category":"place_of_worship","religion":"taoist"},"geometry":{"type":"Point","coordinates":[121.52617,25.056255]}},{"type":"Feature","properties":{"id":"osm:node:5110491044","name":"順天宮","category":"place_of_worship","religion":"taoist"},"geometry":{"type":"Point","coordinates":[121.523952,25.063668]}},{"type":"Feature","properties":{"id":"osm:node:5110501336","name":"石牌信友堂","category":"place_of_worship","address":"112030臺北市北投區大業路166號八樓","phone":"+886 2 2897 7702","website":"https://spfctw.org/","religion":"christian","denomination":"presbyterian"},"geometry":{"type":"Point","coordinates":[121.499144,25.125155]}},{"type":"Feature","properties":{"id":"osm:node:5110501344","name":"士林真理堂","category":"place_of_worship","address":"111台北市士林區中山北路五段729號","wheelchair":"no","religion":"christian"},"geometry":{"type":"Point","coordinates":[121.526949,25.098054]}},{"type":"Feature","properties":{"id":"osm:node:5110501349","name":"慈聖宮","category":"place_of_worship"},"geometry":{"type":"Point","coordinates":[121.533909,25.148827]}},{"type":"Feature","properties":{"id":"osm:node:5110501363","name":"明山宮","category":"place_of_worship"},"geometry":{"type":"Point","coordinates":[121.529036,25.12803]}},{"type":"Feature","properties":{"id":"osm:node:5110501367","name":"陽明淨信會","category":"place_of_worship","religion":"christian"},"geometry":{"type":"Point","coordinates":[121.525471,25.106062]}},{"type":"Feature","properties":{"id":"osm:node:5137186858","name":"基督教台灣貴格會石牌合一堂","category":"place_of_worship","address":"112台北市北投區致遠一路2段58號","phone":"+886 2 2821 1138","religion":"christian","denomination":"christian"},"geometry":{"type":"Point","coordinates":[121.513785,25.112055]}},{"type":"Feature","properties":{"id":"osm:node:5182136405","name":"基督教拿撒勒人會士林教會","category":"place_of_worship","address":"111台北市士林區中正路367號","wheelchair":"yes","religion":"christian"},"geometry":{"type":"Point","coordinates":[121.521867,25.094178]}},{"type":"Feature","properties":{"id":"osm:node:5187775722","name":"蘭雅聖母顯靈聖牌朝聖地","category":"place_of_worship","address":"111台北市士林區德行東路202號","wheelchair":"yes"},"geometry":{"type":"Point","coordinates":[121.532004,25.107809]}},{"type":"Feature","properties":{"id":"osm:node:5189829221","name":"如觀顯密佛學中心","category":"place_of_worship","address":"111台北市士林區天母西路41巷8號","wheelchair":"limited","religion":"buddhist"},"geometry":{"type":"Point","coordinates":[121.527519,25.119207]}},{"type":"Feature","properties":{"id":"osm:node:5206055331","name":"福德正神","category":"place_of_worship"},"geometry":{"type":"Point","coordinates":[121.577058,25.152299]}},{"type":"Feature","properties":{"id":"osm:node:5239150055","name":"真武廟","category":"place_of_worship"},"geometry":{"type":"Point","coordinates":[121.485916,25.020078]}},{"type":"Feature","properties":{"id":"osm:node:5240890814","name":"福德祠","category":"place_of_worship"},"geometry":{"type":"Point","coordinates":[121.589236,25.097243]}},{"type":"Feature","properties":{"id":"osm:node:5244067961","name":"碧佑宮","category":"place_of_worship"},"geometry":{"type":"Point","coordinates":[121.589901,25.099996]}},{"type":"Feature","properties":{"id":"osm:node:5283446829","name":"福德宮","category":"place_of_worship"},"geometry":{"type":"Point","coordinates":[121.581305,25.122958]}},{"type":"Feature","properties":{"id":"osm:node:5289765566","name":"普濟寺","category":"place_of_worship"},"geometry":{"type":"Point","coordinates":[121.511186,25.135931]}},{"type":"Feature","properties":{"id":"osm:node:5301008323","name":"千光寺","category":"place_of_worship"},"geometry":{"type":"Point","coordinates":[121.502396,25.18714]}},{"type":"Feature","properties":{"id":"osm:node:5301008324","name":"慈德廟","category":"place_of_worship"},"geometry":{"type":"Point","coordinates":[121.501375,25.188523]}},{"type":"Feature","properties":{"id":"osm:node:5303995078","name":"昭安宮","category":"place_of_worship"},"geometry":{"type":"Point","coordinates":[121.492172,25.054029]}},{"type":"Feature","properties":{"id":"osm:node:5304873227","name":"硫磺谷土地公廟","category":"place_of_worship","religion":"chinese_folk"},"geometry":{"type":"Point","coordinates":[121.522742,25.144275]}},{"type":"Feature","properties":{"id":"osm:node:5305672915","name":"台北靈覺寺","category":"place_of_worship"},"geometry":{"type":"Point","coordinates":[121.570104,25.041658]}},{"type":"Feature","properties":{"id":"osm:node:5310035522","name":"行忠堂","category":"place_of_worship"},"geometry":{"type":"Point","coordinates":[121.481003,25.201864]}},{"type":"Feature","properties":{"id":"osm:node:5314334356","name":"大橋教會","category":"place_of_worship","religion":"christian","denomination":"長老會"},"geometry":{"type":"Point","coordinates":[121.509669,25.06508]}},{"type":"Feature","properties":{"id":"osm:node:5330349522","name":"雙和真理堂","category":"place_of_worship","nameEn":"Shuanghe Truth Lutheran Church","religion":"christian"},"geometry":{"type":"Point","coordinates":[121.512123,24.986195]}},{"type":"Feature","properties":{"id":"osm:node:5339373912","name":"古亭耶穌聖心堂","category":"place_of_worship","nameEn":"Guting Sacred Heart Church","address":"10089臺北市中正區辛亥路一段22號一樓","website":"https://www.jesuitsacredheart.org/","wheelchair":"yes","religion":"christian","denomination":"catholic"},"geometry":{"type":"Point","coordinates":[121.528855,25.018825]}},{"type":"Feature","properties":{"id":"osm:node:5350938026","name":"大龍神廟","category":"place_of_worship","religion":"taoist"},"geometry":{"type":"Point","coordinates":[121.528846,25.144518]}},{"type":"Feature","properties":{"id":"osm:node:5369287017","name":"聖天宮","category":"place_of_worship"},"geometry":{"type":"Point","coordinates":[121.588,25.089076]}},{"type":"Feature","properties":{"id":"osm:node:5369287020","name":"基督教浸信會榮恩堂","category":"place_of_worship","religion":"christian"},"geometry":{"type":"Point","coordinates":[121.589451,25.087045]}},{"type":"Feature","properties":{"id":"osm:node:5369295145","name":"福樹宮","category":"place_of_worship"},"geometry":{"type":"Point","coordinates":[121.596681,25.079976]}},{"type":"Feature","properties":{"id":"osm:node:5372095813","name":"神的家基督教會","category":"place_of_worship","religion":"christian"},"geometry":{"type":"Point","coordinates":[121.59199,25.085783]}},{"type":"Feature","properties":{"id":"osm:node:5372146601","name":"中和福祥宮","category":"place_of_worship","nameEn":"Zhonghe Fuxiang Temple","address":"新北市中和區福祥里028鄰中山路二段178巷20號之1","religion":"taoist"},"geometry":{"type":"Point","coordinates":[121.500977,25.003472]}},{"type":"Feature","properties":{"id":"osm:node:5372146605","name":"北安宮","category":"place_of_worship","religion":"taoist"},"geometry":{"type":"Point","coordinates":[121.508665,25.007333]}},{"type":"Feature","properties":{"id":"osm:node:5374693272","name":"懷憶停","category":"place_of_worship","religion":"buddhist"},"geometry":{"type":"Point","coordinates":[121.588015,25.086485]}},{"type":"Feature","properties":{"id":"osm:node:5379697821","name":"鎮安宮","category":"place_of_worship","wheelchair":"yes"},"geometry":{"type":"Point","coordinates":[121.505794,25.006227]}},{"type":"Feature","properties":{"id":"osm:node:5383519928","name":"五福宮","category":"place_of_worship"},"geometry":{"type":"Point","coordinates":[121.626504,25.124341]}},{"type":"Feature","properties":{"id":"osm:node:5425829752","name":"福德祠","category":"place_of_worship"},"geometry":{"type":"Point","coordinates":[121.668947,25.072484]}},{"type":"Feature","properties":{"id":"osm:node:5428091759","name":"太陽廟","category":"place_of_worship"},"geometry":{"type":"Point","coordinates":[121.590675,25.087587]}},{"type":"Feature","properties":{"id":"osm:node:5495311021","name":"順安宮","category":"place_of_worship","religion":"taoist"},"geometry":{"type":"Point","coordinates":[121.56857,25.044476]}},{"type":"Feature","properties":{"id":"osm:node:5504932571","name":"聖福道場","category":"place_of_worship","address":"116台北市文山區景福街177號"},"geometry":{"type":"Point","coordinates":[121.537404,24.994895]}},{"type":"Feature","properties":{"id":"osm:node:5506085449","name":"萬善堂公","category":"place_of_worship"},"geometry":{"type":"Point","coordinates":[121.669855,25.06794]}},{"type":"Feature","properties":{"id":"osm:node:5513096450","name":"板橋紫玉宮","category":"place_of_worship","address":"新北市板橋區永豐街55巷","religion":"taoist"},"geometry":{"type":"Point","coordinates":[121.472626,25.018308]}},{"type":"Feature","properties":{"id":"osm:node:5552728613","name":"忠孝教會","category":"place_of_worship","religion":"christian"},"geometry":{"type":"Point","coordinates":[121.58081,25.044293]}},{"type":"Feature","properties":{"id":"osm:node:5565983347","name":"玉聖宮","category":"place_of_worship"},"geometry":{"type":"Point","coordinates":[121.507934,24.99658]}},{"type":"Feature","properties":{"id":"osm:node:5566021536","name":"濟世宮","category":"place_of_worship"},"geometry":{"type":"Point","coordinates":[121.506713,24.997283]}},{"type":"Feature","properties":{"id":"osm:node:5566021537","name":"配天宮","category":"place_of_worship"},"geometry":{"type":"Point","coordinates":[121.509055,24.998242]}},{"type":"Feature","properties":{"id":"osm:node:5566021538","name":"中和錫安堂","category":"place_of_worship","religion":"christian"},"geometry":{"type":"Point","coordinates":[121.506895,24.998056]}},{"type":"Feature","properties":{"id":"osm:node:5585775125","name":"松山代天府","category":"place_of_worship"},"geometry":{"type":"Point","coordinates":[121.580642,25.043919]}},{"type":"Feature","properties":{"id":"osm:node:5585775186","name":"紫微宮","category":"place_of_worship"},"geometry":{"type":"Point","coordinates":[121.578443,25.041728]}},{"type":"Feature","properties":{"id":"osm:node:5585946800","name":"龍華慈惠堂","category":"place_of_worship"},"geometry":{"type":"Point","coordinates":[121.578336,25.044345]}},{"type":"Feature","properties":{"id":"osm:node:5586089962","name":"松山大梵天王四面佛","category":"place_of_worship"},"geometry":{"type":"Point","coordinates":[121.58143,25.043779]}},{"type":"Feature","properties":{"id":"osm:node:5600725039","name":"宜興福德宮","category":"place_of_worship","religion":"taoist"},"geometry":{"type":"Point","coordinates":[121.623098,25.040477]}},{"type":"Feature","properties":{"id":"osm:node:5600725040","name":"南天宮","category":"place_of_worship","religion":"taoist"},"geometry":{"type":"Point","coordinates":[121.624965,25.040456]}},{"type":"Feature","properties":{"id":"osm:node:5600725041","name":"聖文宮","category":"place_of_worship","religion":"taoist"},"geometry":{"type":"Point","coordinates":[121.624975,25.04077]}},{"type":"Feature","properties":{"id":"osm:node:5608538935","name":"大直福音教會","category":"place_of_worship","religion":"christian"},"geometry":{"type":"Point","coordinates":[121.545729,25.082511]}},{"type":"Feature","properties":{"id":"osm:node:5637793631","name":"頭廷魁福德宮","category":"place_of_worship","religion":"chinese_folk"},"geometry":{"type":"Point","coordinates":[121.576409,24.995789]}},{"type":"Feature","properties":{"id":"osm:node:5644867833","name":"青山映雅廟","category":"place_of_worship"},"geometry":{"type":"Point","coordinates":[121.620856,25.087118]}},{"type":"Feature","properties":{"id":"osm:node:5655304590","name":"三修宮","category":"place_of_worship"},"geometry":{"type":"Point","coordinates":[121.555376,25.099784]}},{"type":"Feature","properties":{"id":"osm:node:5661164136","name":"耶和華見證人","category":"place_of_worship","religion":"christian","denomination":"jehovahs_witness"},"geometry":{"type":"Point","coordinates":[121.498768,25.002871]}},{"type":"Feature","properties":{"id":"osm:node:5684298373","name":"楓樹福德宮","category":"place_of_worship"},"geometry":{"type":"Point","coordinates":[121.563048,25.089871]}},{"type":"Feature","properties":{"id":"osm:node:5687055383","name":"板橋玉旨代天堂","category":"place_of_worship"},"geometry":{"type":"Point","coordinates":[121.481916,25.022652]}},{"type":"Feature","properties":{"id":"osm:node:5699174872","name":"台北市召會第十七聚會所","category":"place_of_worship","religion":"christian"},"geometry":{"type":"Point","coordinates":[121.542676,25.033987]}},{"type":"Feature","properties":{"id":"osm:node:5699174878","name":"台北護靈宮","category":"place_of_worship","religion":"taoist"},"geometry":{"type":"Point","coordinates":[121.542242,25.029479]}},{"type":"Feature","properties":{"id":"osm:node:5701634863","name":"錦玄宮","category":"place_of_worship","religion":"taoist"},"geometry":{"type":"Point","coordinates":[121.508341,24.993859]}},{"type":"Feature","properties":{"id":"osm:node:5713858210","name":"廣福宮","category":"place_of_worship"},"geometry":{"type":"Point","coordinates":[121.499301,25.140565]}},{"type":"Feature","properties":{"id":"osm:node:5719116710","name":"協龍宮","category":"place_of_worship"},"geometry":{"type":"Point","coordinates":[121.450003,25.002016]}},{"type":"Feature","properties":{"id":"osm:node:5727215283","name":"土地公廟","category":"place_of_worship","religion":"chinese_folk"},"geometry":{"type":"Point","coordinates":[121.569337,25.121379]}},{"type":"Feature","properties":{"id":"osm:node:5739420392","name":"崇玄堂","category":"place_of_worship"},"geometry":{"type":"Point","coordinates":[121.516763,25.016665]}},{"type":"Feature","properties":{"id":"osm:node:5755582385","name":"土地公廟","category":"place_of_worship"},"geometry":{"type":"Point","coordinates":[121.58527,24.960398]}},{"type":"Feature","properties":{"id":"osm:node:5760469017","name":"民權福德宮","category":"place_of_worship","wheelchair":"yes"},"geometry":{"type":"Point","coordinates":[121.568672,25.063217]}},{"type":"Feature","properties":{"id":"osm:node:5760594653","name":"士林歌珊堂","category":"place_of_worship","religion":"christian"},"geometry":{"type":"Point","coordinates":[121.525837,25.090384]}},{"type":"Feature","properties":{"id":"osm:node:5810641801","name":"台灣基督長老會士林教會","category":"place_of_worship","religion":"christian"},"geometry":{"type":"Point","coordinates":[121.523311,25.094043]}},{"type":"Feature","properties":{"id":"osm:node:5851985003","name":"門諾會大同教會","category":"place_of_worship","religion":"christian"},"geometry":{"type":"Point","coordinates":[121.51558,25.070637]}},{"type":"Feature","properties":{"id":"osm:node:5851985004","name":"龍安宮","category":"place_of_worship"},"geometry":{"type":"Point","coordinates":[121.515485,25.06983]}},{"type":"Feature","properties":{"id":"osm:node:5851985016","name":"順天府","category":"place_of_worship","wheelchair":"no"},"geometry":{"type":"Point","coordinates":[121.516923,25.066495]}},{"type":"Feature","properties":{"id":"osm:node:5851985017","name":"蓮興宮","category":"place_of_worship","wheelchair":"no"},"geometry":{"type":"Point","coordinates":[121.516833,25.066497]}},{"type":"Feature","properties":{"id":"osm:node:5851985018","name":"民聖堂","category":"place_of_worship","wheelchair":"no"},"geometry":{"type":"Point","coordinates":[121.516731,25.066495]}},{"type":"Feature","properties":{"id":"osm:node:5851985019","name":"朝安宮","category":"place_of_worship","wheelchair":"no"},"geometry":{"type":"Point","coordinates":[121.516806,25.066297]}},{"type":"Feature","properties":{"id":"osm:node:5851985020","name":"澤安宮","category":"place_of_worship","wheelchair":"no"},"geometry":{"type":"Point","coordinates":[121.516712,25.066301]}},{"type":"Feature","properties":{"id":"osm:node:5851985024","name":"民族教會","category":"place_of_worship","address":"104台北市大同區民族西路205巷7號","religion":"christian"},"geometry":{"type":"Point","coordinates":[121.514475,25.069074]}},{"type":"Feature","properties":{"id":"osm:node:5851985027","name":"北安府","category":"place_of_worship"},"geometry":{"type":"Point","coordinates":[121.516708,25.066593]}},{"type":"Feature","properties":{"id":"osm:node:5851985028","name":"台北行天府","category":"place_of_worship","wheelchair":"no"},"geometry":{"type":"Point","coordinates":[121.516272,25.066258]}},{"type":"Feature","properties":{"id":"osm:node:5851985030","name":"景福宮","category":"place_of_worship","wheelchair":"limited"},"geometry":{"type":"Point","coordinates":[121.515811,25.066232]}},{"type":"Feature","properties":{"id":"osm:node:5851985033","name":"報安堂","category":"place_of_worship"},"geometry":{"type":"Point","coordinates":[121.515256,25.066829]}},{"type":"Feature","properties":{"id":"osm:node:5851985034","name":"五龍宮","category":"place_of_worship"},"geometry":{"type":"Point","coordinates":[121.515476,25.066975]}},{"type":"Feature","properties":{"id":"osm:node:5851985037","name":"太子壜","category":"place_of_worship"},"geometry":{"type":"Point","coordinates":[121.514757,25.067799]}},{"type":"Feature","properties":{"id":"osm:node:5867111499","name":"土地公廟","category":"place_of_worship"},"geometry":{"type":"Point","coordinates":[121.556009,25.097599]}},{"type":"Feature","properties":{"id":"osm:node:5867919499","name":"文殊哥薩耶佛學講堂","category":"place_of_worship","nameEn":"Manjughosha Buddhist Center","address":"100臺北市中正區杭州南路一段77巷2-1號一樓","phone":"+886 02 8809 4313","wheelchair":"limited","religion":"buddhist"},"geometry":{"type":"Point","coordinates":[121.526399,25.038964]}},{"type":"Feature","properties":{"id":"osm:node:5869760654","name":"永福慈惠堂","category":"place_of_worship","religion":"taoist"},"geometry":{"type":"Point","coordinates":[121.478168,25.07562]}},{"type":"Feature","properties":{"id":"osm:node:5891947711","name":"福德宮","category":"place_of_worship","religion":"taoist"},"geometry":{"type":"Point","coordinates":[121.475781,25.074503]}},{"type":"Feature","properties":{"id":"osm:node:5908259430","name":"玄武宮","category":"place_of_worship","address":"興隆路一段161號","religion":"chinese_folk"},"geometry":{"type":"Point","coordinates":[121.542698,25.001572]}},{"type":"Feature","properties":{"id":"osm:node:5909858868","name":"客家教會","category":"place_of_worship","religion":"christian"},"geometry":{"type":"Point","coordinates":[121.530733,25.018773]}},{"type":"Feature","properties":{"id":"osm:node:5909858869","name":"博愛手語教會","category":"place_of_worship","address":"106台北市大安區羅斯福路三段269巷3號B1樓","religion":"christian","denomination":"presbyterian"},"geometry":{"type":"Point","coordinates":[121.531048,25.019177]}},{"type":"Feature","properties":{"id":"osm:node:5922760110","name":"台北市召會十三/四十三會所","category":"place_of_worship","address":"116台北市文山區羅斯福路六段159巷17號B1","religion":"christian"},"geometry":{"type":"Point","coordinates":[121.541957,24.997426]}},{"type":"Feature","properties":{"id":"osm:node:5950901688","name":"小溪頭土地公廟","category":"place_of_worship"},"geometry":{"type":"Point","coordinates":[121.569992,25.100262]}},{"type":"Feature","properties":{"id":"osm:node:5950901692","name":"福德宮","category":"place_of_worship"},"geometry":{"type":"Point","coordinates":[121.572526,25.101959]}},{"type":"Feature","properties":{"id":"osm:node:6090305171","name":"百事可問","category":"place_of_worship","address":"111臺北市士林區大西路32號","wheelchair":"no"},"geometry":{"type":"Point","coordinates":[121.524451,25.09052]}},{"type":"Feature","properties":{"id":"osm:node:6090388850","name":"士林靈糧堂","category":"place_of_worship","address":"111臺北市士林區基河路128號","wheelchair":"yes","religion":"christian"},"geometry":{"type":"Point","coordinates":[121.523196,25.088592]}},{"type":"Feature","properties":{"id":"osm:node:6117500174","name":"光點教會","category":"place_of_worship","address":"11163臺北市士林區後港街98-3號","wheelchair":"yes","religion":"christian"},"geometry":{"type":"Point","coordinates":[121.521552,25.08586]}},{"type":"Feature","properties":{"id":"osm:node:6117523305","name":"武聚宮","category":"place_of_worship","address":"11163臺北市士林區前港街66號","wheelchair":"no"},"geometry":{"type":"Point","coordinates":[121.520404,25.084819]}},{"type":"Feature","properties":{"id":"osm:node:6117606977","name":"三玉天玄宮","category":"place_of_worship","address":"11163臺北市士林區前港街23號","wheelchair":"no"},"geometry":{"type":"Point","coordinates":[121.522491,25.084168]}},{"type":"Feature","properties":{"id":"osm:node:6152903124","name":"松江路長老教會","category":"place_of_worship","address":"台北市中山區松江路206號12樓之6","religion":"christian","denomination":"presbyterian"},"geometry":{"type":"Point","coordinates":[121.532882,25.057538]}},{"type":"Feature","properties":{"id":"osm:node:6153516259","name":"大理福德宮","category":"place_of_worship"},"geometry":{"type":"Point","coordinates":[121.502342,25.034723]}},{"type":"Feature","properties":{"id":"osm:node:6153674648","name":"台北市召會ㄧ會所","category":"place_of_worship","address":"10060台北市中正區金山南路一段72號","religion":"christian","denomination":"local_church"},"geometry":{"type":"Point","coordinates":[121.527827,25.037477]}},{"type":"Feature","properties":{"id":"osm:node:6153748464","name":"仁愛長老教會","category":"place_of_worship","address":"106臺北市大安區復興南路一段295巷32號","religion":"christian","denomination":"presbyterian"},"geometry":{"type":"Point","coordinates":[121.545602,25.035032]}},{"type":"Feature","properties":{"id":"osm:node:6155600453","name":"五旬節教會","category":"place_of_worship","religion":"christian"},"geometry":{"type":"Point","coordinates":[121.530145,24.960943]}},{"type":"Feature","properties":{"id":"osm:node:6182991536","name":"善導庵","category":"place_of_worship"},"geometry":{"type":"Point","coordinates":[121.466508,25.055817]}},{"type":"Feature","properties":{"id":"osm:node:6183746782","name":"普光精舍","category":"place_of_worship","address":"110臺北市信義區莊敬路325巷58號","religion":"buddhist"},"geometry":{"type":"Point","coordinates":[121.565101,25.028722]}},{"type":"Feature","properties":{"id":"osm:node:6242158930","name":"這家就是永生神的教會","category":"place_of_worship","religion":"christian"},"geometry":{"type":"Point","coordinates":[121.555868,25.004257]}},{"type":"Feature","properties":{"id":"osm:node:6242159081","name":"明興宮","category":"place_of_worship"},"geometry":{"type":"Point","coordinates":[121.553451,24.998425]}},{"type":"Feature","properties":{"id":"osm:node:6242159106","name":"百姓祠","category":"place_of_worship"},"geometry":{"type":"Point","coordinates":[121.553834,24.999096]}},{"type":"Feature","properties":{"id":"osm:node:6271579250","name":"陽明福德宮(紅頭崎)","category":"place_of_worship"},"geometry":{"type":"Point","coordinates":[121.545801,25.133665]}},{"type":"Feature","properties":{"id":"osm:node:6271626933","name":"天福宮","category":"place_of_worship"},"geometry":{"type":"Point","coordinates":[121.53604,25.12623]}},{"type":"Feature","properties":{"id":"osm:node:6283591936","name":"聖公媽","category":"place_of_worship"},"geometry":{"type":"Point","coordinates":[121.551592,25.119779]}},{"type":"Feature","properties":{"id":"osm:node:6283591959","name":"紫福宮","category":"place_of_worship"},"geometry":{"type":"Point","coordinates":[121.541674,25.107414]}},{"type":"Feature","properties":{"id":"osm:node:6283593404","name":"水坑福德宮","category":"place_of_worship"},"geometry":{"type":"Point","coordinates":[121.55443,25.120336]}},{"type":"Feature","properties":{"id":"osm:node:6283622020","name":"玄明宮","category":"place_of_worship"},"geometry":{"type":"Point","coordinates":[121.552612,25.106537]}},{"type":"Feature","properties":{"id":"osm:node:6284503808","name":"華嚴聖因精舍","category":"place_of_worship","religion":"buddhist"},"geometry":{"type":"Point","coordinates":[121.561195,25.029873]}},{"type":"Feature","properties":{"id":"osm:node:6285146803","name":"天玉宮","category":"place_of_worship"},"geometry":{"type":"Point","coordinates":[121.540374,25.131247]}},{"type":"Feature","properties":{"id":"osm:node:6295676258","name":"燒粳寮顯媽","category":"place_of_worship"},"geometry":{"type":"Point","coordinates":[121.556485,25.12821]}},{"type":"Feature","properties":{"id":"osm:node:6295713325","name":"俺渡歷代聖公媽","category":"place_of_worship"},"geometry":{"type":"Point","coordinates":[121.548766,25.136988]}},{"type":"Feature","properties":{"id":"osm:node:6298557570","name":"下竹林福德宮","category":"place_of_worship"},"geometry":{"type":"Point","coordinates":[121.548265,25.128255]}},{"type":"Feature","properties":{"id":"osm:node:6298671848","name":"公館里福德宮","category":"place_of_worship","religion":"buddhist"},"geometry":{"type":"Point","coordinates":[121.556737,25.124222]}},{"type":"Feature","properties":{"id":"osm:node:6314090244","name":"福德宮","category":"place_of_worship"},"geometry":{"type":"Point","coordinates":[121.546746,25.105878]}},{"type":"Feature","properties":{"id":"osm:node:6314240767","name":"兩座仳鄰的空廟(無祭拜)","category":"place_of_worship"},"geometry":{"type":"Point","coordinates":[121.553204,25.117678]}},{"type":"Feature","properties":{"id":"osm:node:6314383915","name":"福德宮(大厝地)","category":"place_of_worship"},"geometry":{"type":"Point","coordinates":[121.554181,25.139764]}},{"type":"Feature","properties":{"id":"osm:node:6357749116","name":"聖明宮","category":"place_of_worship"},"geometry":{"type":"Point","coordinates":[121.52117,25.0236]}},{"type":"Feature","properties":{"id":"osm:node:6369607447","name":"福德廟","category":"place_of_worship"},"geometry":{"type":"Point","coordinates":[121.587861,25.093759]}},{"type":"Feature","properties":{"id":"osm:node:6388734486","name":"南港聖母宮","category":"place_of_worship","religion":"taoist"},"geometry":{"type":"Point","coordinates":[121.624187,25.036085]}},{"type":"Feature","properties":{"id":"osm:node:6401807469","name":"喜樂浸信會","category":"place_of_worship","religion":"christian"},"geometry":{"type":"Point","coordinates":[121.525727,24.962369]}},{"type":"Feature","properties":{"id":"osm:node:6401807470","name":"新店無極天聖宮","category":"place_of_worship"},"geometry":{"type":"Point","coordinates":[121.524976,24.963072]}},{"type":"Feature","properties":{"id":"osm:node:6401807471","name":"咸福宮","category":"place_of_worship","address":"231新北市新店區安平路1號"},"geometry":{"type":"Point","coordinates":[121.523852,24.963981]}},{"type":"Feature","properties":{"id":"osm:node:6404790259","name":"聖安宮","category":"place_of_worship","address":"10666臺北市中正區市民大道三段8號六樓","religion":"taoist"},"geometry":{"type":"Point","coordinates":[121.532301,25.045102]}},{"type":"Feature","properties":{"id":"osm:node:6416219074","name":"天德宮","category":"place_of_worship","religion":"buddhist"},"geometry":{"type":"Point","coordinates":[121.483865,24.999049]}},{"type":"Feature","properties":{"id":"osm:node:6419235797","name":"醫公醫婆","category":"place_of_worship"},"geometry":{"type":"Point","coordinates":[121.516763,25.043162]}},{"type":"Feature","properties":{"id":"osm:node:6563310349","name":"台北旌旗教會","category":"place_of_worship","nameEn":"Taipei Banner Church","address":"11072 台北市信義區忠孝東路四段563號5樓","phone":"+886 2 2765 3031","website":"https://www.bannerch.org/taipei","religion":"christian","denomination":"banner"},"geometry":{"type":"Point","coordinates":[121.563461,25.040154]}},{"type":"Feature","properties":{"id":"osm:node:6604262834","name":"復興教會","category":"place_of_worship","religion":"christian"},"geometry":{"type":"Point","coordinates":[121.543178,25.026602]}},{"type":"Feature","properties":{"id":"osm:node:6609085369","name":"三塊厝玄真堂","category":"place_of_worship"},"geometry":{"type":"Point","coordinates":[121.542601,24.997975]}},{"type":"Feature","properties":{"id":"osm:node:6654324911","name":"行道會台北榮耀堂","category":"place_of_worship","religion":"christian"},"geometry":{"type":"Point","coordinates":[121.594116,25.050888]}},{"type":"Feature","properties":{"id":"osm:node:6682102626","name":"基督復臨安息日會松山教會","category":"place_of_worship","religion":"christian"},"geometry":{"type":"Point","coordinates":[121.547933,25.046842]}},{"type":"Feature","properties":{"id":"osm:node:6698275431","name":"真耶穌教會","category":"place_of_worship","religion":"christian"},"geometry":{"type":"Point","coordinates":[121.485926,25.061669]}},{"type":"Feature","properties":{"id":"osm:node:6700210232","name":"永唐四面佛","category":"place_of_worship","religion":"hindu"},"geometry":{"type":"Point","coordinates":[121.531286,25.033421]}},{"type":"Feature","properties":{"id":"osm:node:6737904354","name":"拱天宮","category":"place_of_worship","religion":"taoist"},"geometry":{"type":"Point","coordinates":[121.491508,25.066202]}},{"type":"Feature","properties":{"id":"osm:node:6743996942","name":"萬芳浸信會","category":"place_of_worship","address":"116台北市文山區萬美街19巷5號","religion":"christian"},"geometry":{"type":"Point","coordinates":[121.568975,25.001743]}},{"type":"Feature","properties":{"id":"osm:node:6743996943","name":"台北市召會第27會所","category":"place_of_worship","address":"116台北市文山區萬美街35號","religion":"christian"},"geometry":{"type":"Point","coordinates":[121.568854,25.001933]}},{"type":"Feature","properties":{"id":"osm:node:6743996958","name":"長老教會萬芳教會","category":"place_of_worship","address":"116台北市文山區萬利街22號","religion":"christian"},"geometry":{"type":"Point","coordinates":[121.565714,25.000552]}},{"type":"Feature","properties":{"id":"osm:node:6743996959","name":"列邦教會","category":"place_of_worship","address":"116台北市文山區萬利街30巷63號","religion":"christian"},"geometry":{"type":"Point","coordinates":[121.563249,25.00125]}},{"type":"Feature","properties":{"id":"osm:node:6763209773","name":"胜旗台北青年中心","category":"place_of_worship","religion":"christian"},"geometry":{"type":"Point","coordinates":[121.553051,25.039051]}},{"type":"Feature","properties":{"id":"osm:node:6769597890","name":"TCOC 台灣國際基督教會","category":"place_of_worship","address":"台北市復興南路二段268號5樓之3","website":"https://m.facebook.com/pages/category/Christian-Church/taiwanchurch/","religion":"christian"},"geometry":{"type":"Point","coordinates":[121.543105,25.024608]}},{"type":"Feature","properties":{"id":"osm:node:6778890206","name":"正德廟","category":"place_of_worship"},"geometry":{"type":"Point","coordinates":[121.644766,25.104001]}},{"type":"Feature","properties":{"id":"osm:node:6778919036","name":"將軍府","category":"place_of_worship"},"geometry":{"type":"Point","coordinates":[121.660471,25.067573]}},{"type":"Feature","properties":{"id":"osm:node:6780010563","name":"台北噶瑪噶舉法輪中心","category":"place_of_worship","religion":"buddhist"},"geometry":{"type":"Point","coordinates":[121.524013,25.109562]}},{"type":"Feature","properties":{"id":"osm:node:6832816569","name":"文德公","category":"place_of_worship"},"geometry":{"type":"Point","coordinates":[121.472164,25.08546]}},{"type":"Feature","properties":{"id":"osm:node:6843927524","name":"福德宮","category":"place_of_worship"},"geometry":{"type":"Point","coordinates":[121.560645,25.090102]}},{"type":"Feature","properties":{"id":"osm:node:6844106820","name":"福德祀","category":"place_of_worship","address":"新北市新店區玉山路103-6號"},"geometry":{"type":"Point","coordinates":[121.570436,24.964185]}},{"type":"Feature","properties":{"id":"osm:node:6852206837","name":"新北市召會32會所","category":"place_of_worship","religion":"christian"},"geometry":{"type":"Point","coordinates":[121.485733,24.997732]}},{"type":"Feature","properties":{"id":"osm:node:6861028884","name":"臥龍居","category":"place_of_worship"},"geometry":{"type":"Point","coordinates":[121.512509,25.11377]}},{"type":"Feature","properties":{"id":"osm:node:6861032294","name":"石牌基督長老教會","category":"place_of_worship","religion":"christian"},"geometry":{"type":"Point","coordinates":[121.514872,25.113333]}},{"type":"Feature","properties":{"id":"osm:node:6861032305","name":"樹王公","category":"place_of_worship"},"geometry":{"type":"Point","coordinates":[121.51296,25.110459]}},{"type":"Feature","properties":{"id":"osm:node:6865431306","name":"玉勒聖雲宮","category":"place_of_worship"},"geometry":{"type":"Point","coordinates":[121.514084,25.10891]}},{"type":"Feature","properties":{"id":"osm:node:6865431307","name":"保新宮","category":"place_of_worship"},"geometry":{"type":"Point","coordinates":[121.51392,25.10907]}},{"type":"Feature","properties":{"id":"osm:node:6865431308","name":"台北指北宮","category":"place_of_worship"},"geometry":{"type":"Point","coordinates":[121.514655,25.109024]}},{"type":"Feature","properties":{"id":"osm:node:6865431315","name":"錫安新城教會","category":"place_of_worship","address":"112台北市北投區致遠一路一段46巷4號"},"geometry":{"type":"Point","coordinates":[121.516559,25.108648]}},{"type":"Feature","properties":{"id":"osm:node:6865431317","name":"無極南天宮","category":"place_of_worship"},"geometry":{"type":"Point","coordinates":[121.517321,25.107489]}},{"type":"Feature","properties":{"id":"osm:node:6865443400","name":"天地教天人堂","category":"place_of_worship"},"geometry":{"type":"Point","coordinates":[121.518099,25.109818]}},{"type":"Feature","properties":{"id":"osm:node:6871573257","name":"林三勝公廳","category":"place_of_worship","religion":"taoist"},"geometry":{"type":"Point","coordinates":[121.552136,25.040485]}},{"type":"Feature","properties":{"id":"osm:node:6872350964","name":"城隍廟","category":"place_of_worship","address":"248新北市五股區成洲五路12號一樓","religion":"taoist"},"geometry":{"type":"Point","coordinates":[121.452316,25.101528]}},{"type":"Feature","properties":{"id":"osm:node:6882654482","name":"慈航聖瑶宮","category":"place_of_worship"},"geometry":{"type":"Point","coordinates":[121.660803,25.06162]}},{"type":"Feature","properties":{"id":"osm:node:6886599776","name":"臺大地藏庵","category":"place_of_worship","nameEn":"National Taiwan University Hospital Dizang Temple","religion":"taoist"},"geometry":{"type":"Point","coordinates":[121.516766,25.043174]}},{"type":"Feature","properties":{"id":"osm:node:6917501287","name":"港口宮","category":"place_of_worship"},"geometry":{"type":"Point","coordinates":[121.452249,25.033217]}},{"type":"Feature","properties":{"id":"osm:node:6924514562","name":"慈恩宮","category":"place_of_worship"},"geometry":{"type":"Point","coordinates":[121.523662,25.039933]}},{"type":"Feature","properties":{"id":"osm:node:6939523030","name":"萬華無極慈善宮","category":"place_of_worship"},"geometry":{"type":"Point","coordinates":[121.505511,25.041331]}},{"type":"Feature","properties":{"id":"osm:node:6939523047","name":"雷達壇","category":"place_of_worship","religion":"taoist"},"geometry":{"type":"Point","coordinates":[121.518896,25.05895]}},{"type":"Feature","properties":{"id":"osm:node:6939523049","name":"雙福宮","category":"place_of_worship","religion":"taoist"},"geometry":{"type":"Point","coordinates":[121.519113,25.058775]}},{"type":"Feature","properties":{"id":"osm:node:6939523056","name":"三聖堂","category":"place_of_worship","address":"台北市大同區承德路二段139巷11號","religion":"taoist"},"geometry":{"type":"Point","coordinates":[121.518688,25.05782]}},{"type":"Feature","properties":{"id":"osm:node:6952494185","name":"中嶽殿","category":"place_of_worship","religion":"buddhist"},"geometry":{"type":"Point","coordinates":[121.538194,25.068414]}},{"type":"Feature","properties":{"id":"osm:node:6969436658","name":"北邑震安宮","category":"place_of_worship"},"geometry":{"type":"Point","coordinates":[121.54085,24.967701]}},{"type":"Feature","properties":{"id":"osm:node:6984169759","name":"北巡武德宮","category":"place_of_worship","wheelchair":"yes"},"geometry":{"type":"Point","coordinates":[121.568305,25.06197]}},{"type":"Feature","properties":{"id":"osm:node:6996841743","name":"土地公廟","category":"place_of_worship","wheelchair":"no","religion":"taoist"},"geometry":{"type":"Point","coordinates":[121.527118,25.060122]}},{"type":"Feature","properties":{"id":"osm:node:6996841744","name":"姓氏聯合宗祠","category":"place_of_worship","wheelchair":"yes","religion":"taoist"},"geometry":{"type":"Point","coordinates":[121.52716,25.060087]}},{"type":"Feature","properties":{"id":"osm:node:7001356653","name":"護山宮","category":"place_of_worship"},"geometry":{"type":"Point","coordinates":[121.486159,25.058901]}},{"type":"Feature","properties":{"id":"osm:node:7001356665","name":"新莊慈悲四面佛","category":"place_of_worship","address":"新北市新莊區思源路217號","religion":"hindu"},"geometry":{"type":"Point","coordinates":[121.459651,25.046006]}},{"type":"Feature","properties":{"id":"osm:node:7056098197","name":"土地公廟","category":"place_of_worship"},"geometry":{"type":"Point","coordinates":[121.560196,25.14973]}},{"type":"Feature","properties":{"id":"osm:node:7099544554","name":"永福聖媽宮","category":"place_of_worship","religion":"christian"},"geometry":{"type":"Point","coordinates":[121.549268,25.110963]}},{"type":"Feature","properties":{"id":"osm:node:7191364601","name":"玉清宮","category":"place_of_worship","address":"247新北市蘆洲區民族路150號一樓","religion":"taoist"},"geometry":{"type":"Point","coordinates":[121.47954,25.085972]}},{"type":"Feature","properties":{"id":"osm:node:7192629090","name":"蓮聖宮","category":"place_of_worship","religion":"taoist"},"geometry":{"type":"Point","coordinates":[121.477464,25.086105]}},{"type":"Feature","properties":{"id":"osm:node:7192629091","name":"聖中宮","category":"place_of_worship","religion":"taoist"},"geometry":{"type":"Point","coordinates":[121.477858,25.086108]}},{"type":"Feature","properties":{"id":"osm:node:7192846553","name":"無極太子道聖宮","category":"place_of_worship","religion":"taoist"},"geometry":{"type":"Point","coordinates":[121.47765,25.086532]}},{"type":"Feature","properties":{"id":"osm:node:7192846570","name":"濟天宮","category":"place_of_worship","religion":"taoist"},"geometry":{"type":"Point","coordinates":[121.475422,25.084244]}},{"type":"Feature","properties":{"id":"osm:node:7193377985","name":"福安宮","category":"place_of_worship","religion":"taoist"},"geometry":{"type":"Point","coordinates":[121.474989,25.087369]}},{"type":"Feature","properties":{"id":"osm:node:7203547820","name":"佛聖宮","category":"place_of_worship","address":"台北市景華街12號"},"geometry":{"type":"Point","coordinates":[121.541838,24.994851]}},{"type":"Feature","properties":{"id":"osm:node:7217000493","name":"延平四面佛","category":"place_of_worship","religion":"hindu"},"geometry":{"type":"Point","coordinates":[121.511482,25.060442]}},{"type":"Feature","properties":{"id":"osm:node:7220609299","name":"大直衛理堂","category":"place_of_worship","religion":"christian"},"geometry":{"type":"Point","coordinates":[121.550189,25.081362]}},{"type":"Feature","properties":{"id":"osm:node:7229406386","name":"法鼓山護法總會板橋分會","category":"place_of_worship","opening_hours":"Mo-Fr 08:30-11:30,13:30-16:30,19:30-21:30; Sa 09:00-11:30; Su 19:30-21:30","address":"220756新北市板橋區三民路一段126號13樓","phone":"+886 2 8951 3341","website":"https://branch.ddm.org.tw/"},"geometry":{"type":"Point","coordinates":[121.4789,25.020674]}},{"type":"Feature","properties":{"id":"osm:node:7234417285","name":"洲子里福德廟","category":"place_of_worship"},"geometry":{"type":"Point","coordinates":[121.568552,25.078393]}},{"type":"Feature","properties":{"id":"osm:node:7237695186","name":"土地公廟","category":"place_of_worship"},"geometry":{"type":"Point","coordinates":[121.643463,25.090772]}},{"type":"Feature","properties":{"id":"osm:node:7241244385","name":"天上聖母","category":"place_of_worship"},"geometry":{"type":"Point","coordinates":[121.644149,25.093656]}},{"type":"Feature","properties":{"id":"osm:node:7282603618","name":"土地公廟","category":"place_of_worship"},"geometry":{"type":"Point","coordinates":[121.60671,24.990719]}},{"type":"Feature","properties":{"id":"osm:node:7308191327","name":"臺灣基督長老教會","category":"place_of_worship","religion":"christian"},"geometry":{"type":"Point","coordinates":[121.553626,25.01852]}},{"type":"Feature","properties":{"id":"osm:node:7365964018","name":"真耶穌教會三重教會","category":"place_of_worship","address":"241新北市三重區文化北路57號","phone":"+886 2 2972 2616","religion":"christian"},"geometry":{"type":"Point","coordinates":[121.498769,25.065997]}},{"type":"Feature","properties":{"id":"osm:node:7365964035","name":"三重埔基督長老教會","category":"place_of_worship","religion":"christian","denomination":"presbyterian"},"geometry":{"type":"Point","coordinates":[121.497641,25.067209]}},{"type":"Feature","properties":{"id":"osm:node:7368540628","name":"福安宮","category":"place_of_worship","religion":"taoist"},"geometry":{"type":"Point","coordinates":[121.501827,25.066452]}},{"type":"Feature","properties":{"id":"osm:node:7368631865","name":"慈惠宮","category":"place_of_worship","religion":"taoist"},"geometry":{"type":"Point","coordinates":[121.500226,25.063739]}},{"type":"Feature","properties":{"id":"osm:node:7489506071","name":"鳥居","category":"place_of_worship","religion":"shinto"},"geometry":{"type":"Point","coordinates":[121.659406,25.067633]}},{"type":"Feature","properties":{"id":"osm:node:7559959741","name":"清鳳宮","category":"place_of_worship"},"geometry":{"type":"Point","coordinates":[121.56591,24.989763]}},{"type":"Feature","properties":{"id":"osm:node:7559959762","name":"信義會聖道堂","category":"place_of_worship","religion":"christian"},"geometry":{"type":"Point","coordinates":[121.563546,24.989366]}},{"type":"Feature","properties":{"id":"osm:node:7559959771","name":"楠興宮","category":"place_of_worship","address":"116007臺北市文山區木柵路二段109巷14號","phone":"+886 2 2939 8213","religion":"taoist"},"geometry":{"type":"Point","coordinates":[121.562191,24.989558]}},{"type":"Feature","properties":{"id":"osm:node:7589831944","name":"朱聖宮","category":"place_of_worship"},"geometry":{"type":"Point","coordinates":[121.553885,25.072551]}},{"type":"Feature","properties":{"id":"osm:node:7667241062","name":"庇哩亞台灣聖樂教會","category":"place_of_worship","address":"116臺北市文山區興隆路一段108號","religion":"christian"},"geometry":{"type":"Point","coordinates":[121.541306,25.002708]}},{"type":"Feature","properties":{"id":"osm:node:7725689385","name":"福德正神","category":"place_of_worship"},"geometry":{"type":"Point","coordinates":[121.511744,25.205892]}},{"type":"Feature","properties":{"id":"osm:node:7726183926","name":"七張萬善堂","category":"place_of_worship"},"geometry":{"type":"Point","coordinates":[121.547392,24.970563]}},{"type":"Feature","properties":{"id":"osm:node:7805829402","name":"慈鑾宮","category":"place_of_worship","religion":"taoist"},"geometry":{"type":"Point","coordinates":[121.577601,25.024739]}},{"type":"Feature","properties":{"id":"osm:node:7834455041","name":"啓明佛寺","category":"place_of_worship","religion":"buddhist"},"geometry":{"type":"Point","coordinates":[121.524692,25.091046]}},{"type":"Feature","properties":{"id":"osm:node:7936117361","name":"康誥坑福德廟","category":"place_of_worship"},"geometry":{"type":"Point","coordinates":[121.658841,25.045812]}},{"type":"Feature","properties":{"id":"osm:node:7936157970","name":"雲涵洞","category":"place_of_worship"},"geometry":{"type":"Point","coordinates":[121.663371,25.040781]}},{"type":"Feature","properties":{"id":"osm:node:7937080185","name":"福德宮","category":"place_of_worship"},"geometry":{"type":"Point","coordinates":[121.669974,25.035707]}},{"type":"Feature","properties":{"id":"osm:node:7965504985","name":"三寶宮","category":"place_of_worship"},"geometry":{"type":"Point","coordinates":[121.481661,25.178462]}},{"type":"Feature","properties":{"id":"osm:node:7996208985","name":"水汴頭福德宮","category":"place_of_worship"},"geometry":{"type":"Point","coordinates":[121.505038,25.151312]}},{"type":"Feature","properties":{"id":"osm:node:7996797985","name":"水梘頭山仔頂福德宮","category":"place_of_worship"},"geometry":{"type":"Point","coordinates":[121.48922,25.186749]}},{"type":"Feature","properties":{"id":"osm:node:8108639507","name":"慈雲寺","category":"place_of_worship"},"geometry":{"type":"Point","coordinates":[121.501815,25.20673]}},{"type":"Feature","properties":{"id":"osm:node:8112015881","name":"崁頂永義宮","category":"place_of_worship","address":"台北市中正區汀洲路一段117號"},"geometry":{"type":"Point","coordinates":[121.509374,25.028365]}},{"type":"Feature","properties":{"id":"osm:node:8189483578","name":"東光教會","category":"place_of_worship","address":"臺北市內湖區東湖路113巷95弄170號","religion":"christian"},"geometry":{"type":"Point","coordinates":[121.614772,25.069498]}},{"type":"Feature","properties":{"id":"osm:node:8227506994","name":"台北市召會文化大學學生中心","category":"place_of_worship","religion":"christian","denomination":"church_of_christ"},"geometry":{"type":"Point","coordinates":[121.545166,25.138008]}},{"type":"Feature","properties":{"id":"osm:node:8280854451","name":"台灣基督教道生長老會福音教會","category":"place_of_worship","address":"臺北市中正區臨沂街5號","religion":"christian"},"geometry":{"type":"Point","coordinates":[121.529767,25.040242]}},{"type":"Feature","properties":{"id":"osm:node:8397138402","name":"方濟會思高讀經推廣中心","category":"place_of_worship","address":"108台北市萬華區昆明街96巷8號一樓","religion":"christian","denomination":"catholic"},"geometry":{"type":"Point","coordinates":[121.504556,25.044789]}},{"type":"Feature","properties":{"id":"osm:node:8399696605","name":"天主教友誼教友活動中心","category":"place_of_worship","address":"100009台北市中正區中山北路一段2號8樓800室","website":"http://friendship.catholic.org.tw/","religion":"christian","denomination":"catholic"},"geometry":{"type":"Point","coordinates":[121.519319,25.046094]}},{"type":"Feature","properties":{"id":"osm:node:8414062783","name":"新城靈糧堂","category":"place_of_worship","address":"臺北市北投區承德路七段388號B1樓","phone":"+886 2 28280082","religion":"christian","denomination":"protestant"},"geometry":{"type":"Point","coordinates":[121.501914,25.119646]}},{"type":"Feature","properties":{"id":"osm:node:8420296411","name":"耶穌基督後期聖徒教會","category":"place_of_worship","address":"臺北市內湖區大湖山莊街217號","religion":"christian"},"geometry":{"type":"Point","coordinates":[121.599801,25.088296]}},{"type":"Feature","properties":{"id":"osm:node:8451598258","name":"福德宮","category":"place_of_worship"},"geometry":{"type":"Point","coordinates":[121.500351,25.102841]}},{"type":"Feature","properties":{"id":"osm:node:8477689082","name":"三清宮","category":"place_of_worship","religion":"taoist"},"geometry":{"type":"Point","coordinates":[121.481072,24.964986]}},{"type":"Feature","properties":{"id":"osm:node:848228075","name":"指南宮大成殿","category":"place_of_worship","nameEn":"Kitigarbha Shrine","religion":"buddhist"},"geometry":{"type":"Point","coordinates":[121.592654,24.977979]}},{"type":"Feature","properties":{"id":"osm:node:8491874392","name":"火把教會","category":"place_of_worship","address":"103臺北市大同區承德路三段232號-2樓","phone":"+886 2 2598 0232","website":"https://www.torchchurch.com/","religion":"christian","denomination":"protestant"},"geometry":{"type":"Point","coordinates":[121.518481,25.072331]}},{"type":"Feature","properties":{"id":"osm:node:8552501451","name":"土地公","category":"place_of_worship","nameEn":"Lord of the Soil Temple","religion":"chinese_folk"},"geometry":{"type":"Point","coordinates":[121.624436,25.157467]}},{"type":"Feature","properties":{"id":"osm:node:8552501495","name":"石棚土地公","category":"place_of_worship","religion":"chinese_folk"},"geometry":{"type":"Point","coordinates":[121.610059,25.158179]}},{"type":"Feature","properties":{"id":"osm:node:8636935117","name":"法鼓山雲來別苑","category":"place_of_worship","opening_hours":"Mo-Su 09:00-17:00","address":"台北市北投區三合街99號","phone":"+886 2 2289 6619","religion":"buddhist"},"geometry":{"type":"Point","coordinates":[121.505223,25.126821]}},{"type":"Feature","properties":{"id":"osm:node:8655030316","name":"土地公","category":"place_of_worship","religion":"chinese_folk"},"geometry":{"type":"Point","coordinates":[121.454472,24.960218]}},{"type":"Feature","properties":{"id":"osm:node:8711265713","name":"福象亭","category":"place_of_worship"},"geometry":{"type":"Point","coordinates":[121.57796,25.014683]}},{"type":"Feature","properties":{"id":"osm:node:8772841093","name":"港口通靈宮","category":"place_of_worship"},"geometry":{"type":"Point","coordinates":[121.480421,25.024739]}},{"type":"Feature","properties":{"id":"osm:node:8775634078","name":"舍人宮","category":"place_of_worship"},"geometry":{"type":"Point","coordinates":[121.477903,25.025089]}},{"type":"Feature","properties":{"id":"osm:node:8775634107","name":"合聖宮","category":"place_of_worship"},"geometry":{"type":"Point","coordinates":[121.478907,25.025055]}},{"type":"Feature","properties":{"id":"osm:node:8776014819","name":"影響力豐盛教會","category":"place_of_worship","religion":"christian"},"geometry":{"type":"Point","coordinates":[121.497561,25.062654]}},{"type":"Feature","properties":{"id":"osm:node:8823518489","name":"聚靈宮","category":"place_of_worship","address":"新北市板橋區雙玉里002鄰中山路二段303號之1","religion":"taoist"},"geometry":{"type":"Point","coordinates":[121.478608,25.018441]}},{"type":"Feature","properties":{"id":"osm:node:8918436753","name":"光明院","category":"place_of_worship"},"geometry":{"type":"Point","coordinates":[121.536678,25.088213]}},{"type":"Feature","properties":{"id":"osm:node:8926072270","name":"北天宮","category":"place_of_worship"},"geometry":{"type":"Point","coordinates":[121.587877,25.088958]}},{"type":"Feature","properties":{"id":"osm:node:8926112883","name":"雲石精舍","category":"place_of_worship","religion":"buddhist"},"geometry":{"type":"Point","coordinates":[121.587487,25.088358]}},{"type":"Feature","properties":{"id":"osm:node:8926112960","name":"誠誌堂","category":"place_of_worship"},"geometry":{"type":"Point","coordinates":[121.587449,25.092969]}},{"type":"Feature","properties":{"id":"osm:node:8926113002","name":"延文擇日館","category":"place_of_worship"},"geometry":{"type":"Point","coordinates":[121.584677,25.089435]}},{"type":"Feature","properties":{"id":"osm:node:8926113003","name":"玉義殿","category":"place_of_worship"},"geometry":{"type":"Point","coordinates":[121.583796,25.088785]}},{"type":"Feature","properties":{"id":"osm:node:8926113014","name":"新坡尾水頭福德祠","category":"place_of_worship"},"geometry":{"type":"Point","coordinates":[121.57738,25.093007]}},{"type":"Feature","properties":{"id":"osm:node:8926154524","name":"新莊龍月台","category":"place_of_worship"},"geometry":{"type":"Point","coordinates":[121.455022,25.049896]}},{"type":"Feature","properties":{"id":"osm:node:8926154525","name":"紫竹堂","category":"place_of_worship"},"geometry":{"type":"Point","coordinates":[121.454706,25.050247]}},{"type":"Feature","properties":{"id":"osm:node:8926154526","name":"開封宮","category":"place_of_worship"},"geometry":{"type":"Point","coordinates":[121.454483,25.049978]}},{"type":"Feature","properties":{"id":"osm:node:8926155434","name":"復興慈惠堂","category":"place_of_worship"},"geometry":{"type":"Point","coordinates":[121.590599,25.081688]}},{"type":"Feature","properties":{"id":"osm:node:8950483226","name":"福德廟","category":"place_of_worship"},"geometry":{"type":"Point","coordinates":[121.586656,25.091604]}},{"type":"Feature","properties":{"id":"osm:node:8950483258","name":"福德廟","category":"place_of_worship"},"geometry":{"type":"Point","coordinates":[121.586165,25.095529]}},{"type":"Feature","properties":{"id":"osm:node:8979478812","name":"貴格會 忠湖教會","category":"place_of_worship","religion":"christian"},"geometry":{"type":"Point","coordinates":[121.585344,25.068346]}},{"type":"Feature","properties":{"id":"osm:node:8995986278","name":"福德宮","category":"place_of_worship"},"geometry":{"type":"Point","coordinates":[121.658321,25.044778]}},{"type":"Feature","properties":{"id":"osm:node:903726657","name":"土地公廟","category":"place_of_worship","religion":"buddhist"},"geometry":{"type":"Point","coordinates":[121.635425,25.074387]}},{"type":"Feature","properties":{"id":"osm:node:9112345534","name":"八勢福澤宮","category":"place_of_worship","religion":"taoist"},"geometry":{"type":"Point","coordinates":[121.465863,25.157781]}},{"type":"Feature","properties":{"id":"osm:node:9141665902","name":"福德宮","category":"place_of_worship","religion":"chinese_folk"},"geometry":{"type":"Point","coordinates":[121.566486,24.979231]}},{"type":"Feature","properties":{"id":"osm:node:9234716165","name":"田寮福德宮","category":"place_of_worship","religion":"chinese_folk"},"geometry":{"type":"Point","coordinates":[121.576756,25.005828]}},{"type":"Feature","properties":{"id":"osm:node:924795681","name":"東湖慈后宮","category":"place_of_worship","religion":"taoist"},"geometry":{"type":"Point","coordinates":[121.613306,25.06647]}},{"type":"Feature","properties":{"id":"osm:node:9258856301","name":"聖觀寺","category":"place_of_worship","religion":"buddhist"},"geometry":{"type":"Point","coordinates":[121.519535,25.054273]}},{"type":"Feature","properties":{"id":"osm:node:9362238551","name":"板橋觀音廟","category":"place_of_worship"},"geometry":{"type":"Point","coordinates":[121.483639,25.026893]}},{"type":"Feature","properties":{"id":"osm:node:937594294","name":"翠湖福德宮","category":"place_of_worship","religion":"taoist"},"geometry":{"type":"Point","coordinates":[121.63127,25.08595]}},{"type":"Feature","properties":{"id":"osm:node:9391309449","name":"福山宮","category":"place_of_worship","wheelchair":"limited"},"geometry":{"type":"Point","coordinates":[121.528946,25.08985]}},{"type":"Feature","properties":{"id":"osm:node:9412207562","name":"福德宮","category":"place_of_worship"},"geometry":{"type":"Point","coordinates":[121.501595,25.077073]}},{"type":"Feature","properties":{"id":"osm:node:9412207563","name":"慈武宮","category":"place_of_worship"},"geometry":{"type":"Point","coordinates":[121.501677,25.07688]}},{"type":"Feature","properties":{"id":"osm:node:9428651535","name":"長老教會河邊教會","category":"place_of_worship","religion":"christian"},"geometry":{"type":"Point","coordinates":[121.502125,25.075821]}},{"type":"Feature","properties":{"id":"osm:node:9429953419","name":"正昇殿","category":"place_of_worship"},"geometry":{"type":"Point","coordinates":[121.498876,25.057323]}},{"type":"Feature","properties":{"id":"osm:node:9436157915","name":"福德宮","category":"place_of_worship"},"geometry":{"type":"Point","coordinates":[121.644821,25.131799]}},{"type":"Feature","properties":{"id":"osm:node:9514652341","name":"三重代天府","category":"place_of_worship"},"geometry":{"type":"Point","coordinates":[121.491915,25.07208]}},{"type":"Feature","properties":{"id":"osm:node:9655357050","name":"台北市召會第74聚會所","category":"place_of_worship","opening_hours":"Su 08:30-13:30; Tu 19:00-21:30; Fr 19:00-21:30","address":"臺北市中山區新生北路三段1號","website":"https://www.churchintaipei.org/report/zhongshan/hall-74.html","wheelchair":"limited","religion":"christian"},"geometry":{"type":"Point","coordinates":[121.528004,25.062907]}},{"type":"Feature","properties":{"id":"osm:node:9655370940","name":"台北市召會第74聚會所","category":"place_of_worship","opening_hours":"Su 08:30-13:30; Tu 19:00-21:30; Fr 19:00-21:30","address":"臺北市中山區新生北路三段1號B1號","website":"https://www.churchintaipei.org/report/zhongshan/hall-74.html","wheelchair":"limited","religion":"christian"},"geometry":{"type":"Point","coordinates":[121.528012,25.062887]}},{"type":"Feature","properties":{"id":"osm:node:9689133571","name":"玄德宮","category":"place_of_worship","religion":"taoist"},"geometry":{"type":"Point","coordinates":[121.47923,25.086227]}},{"type":"Feature","properties":{"id":"osm:node:9691112868","name":"板橋天后宮","category":"place_of_worship"},"geometry":{"type":"Point","coordinates":[121.477659,25.026064]}},{"type":"Feature","properties":{"id":"osm:node:9691369903","name":"崑龍宮","category":"place_of_worship"},"geometry":{"type":"Point","coordinates":[121.478244,25.026589]}},{"type":"Feature","properties":{"id":"osm:node:9691379553","name":"榮恩堂","category":"place_of_worship","religion":"christian"},"geometry":{"type":"Point","coordinates":[121.478513,25.027839]}},{"type":"Feature","properties":{"id":"osm:node:9691379581","name":"龍宏宮","category":"place_of_worship"},"geometry":{"type":"Point","coordinates":[121.477527,25.027684]}},{"type":"Feature","properties":{"id":"osm:node:9742830704","name":"內湖台福基督教會","category":"place_of_worship","religion":"christian"},"geometry":{"type":"Point","coordinates":[121.589641,25.087066]}},{"type":"Feature","properties":{"id":"osm:node:9742862110","name":"小祠","category":"place_of_worship"},"geometry":{"type":"Point","coordinates":[121.584325,25.085928]}},{"type":"Feature","properties":{"id":"osm:node:9748205713","name":"財神會館","category":"place_of_worship"},"geometry":{"type":"Point","coordinates":[121.513272,25.041821]}},{"type":"Feature","properties":{"id":"osm:node:9781211986","name":"山莊鎮安府","category":"place_of_worship","religion":"taoist"},"geometry":{"type":"Point","coordinates":[121.453837,25.050325]}},{"type":"Feature","properties":{"id":"osm:node:9808147156","name":"文殊院","category":"place_of_worship"},"geometry":{"type":"Point","coordinates":[121.51327,25.041802]}},{"type":"Feature","properties":{"id":"osm:node:9846220147","name":"西秦王爺廟","category":"place_of_worship","address":"新北市汐止區水源路一段3號"},"geometry":{"type":"Point","coordinates":[121.657117,25.06708]}},{"type":"Feature","properties":{"id":"osm:node:9850094588","name":"聖覺寺","category":"place_of_worship","religion":"buddhist"},"geometry":{"type":"Point","coordinates":[121.631759,25.113196]}},{"type":"Feature","properties":{"id":"osm:node:9850117636","name":"廣修禪寺","category":"place_of_worship","religion":"buddhist"},"geometry":{"type":"Point","coordinates":[121.636008,25.113811]}},{"type":"Feature","properties":{"id":"osm:node:9873701141","name":"天元無極宮","category":"place_of_worship","religion":"taoist"},"geometry":{"type":"Point","coordinates":[121.568101,25.086499]}},{"type":"Feature","properties":{"id":"osm:node:9932969711","name":"浸禮會","category":"place_of_worship","religion":"christian"},"geometry":{"type":"Point","coordinates":[121.455853,25.014725]}},{"type":"Feature","properties":{"id":"osm:node:9932969712","name":"板橋北極壇","category":"place_of_worship"},"geometry":{"type":"Point","coordinates":[121.456862,25.014718]}},{"type":"Feature","properties":{"id":"osm:node:9942307378","name":"聖航宮","category":"place_of_worship"},"geometry":{"type":"Point","coordinates":[121.481496,25.023483]}},{"type":"Feature","properties":{"id":"osm:node:9951842917","name":"焿子坪福德宮","category":"place_of_worship","religion":"chinese_folk"},"geometry":{"type":"Point","coordinates":[121.617551,25.201579]}},{"type":"Feature","properties":{"id":"osm:node:9965180058","name":"房角石教會","category":"place_of_worship","religion":"christian"},"geometry":{"type":"Point","coordinates":[121.522309,25.027653]}},{"type":"Feature","properties":{"id":"osm:node:9969480510","name":"孚聖宮","category":"place_of_worship"},"geometry":{"type":"Point","coordinates":[121.474682,25.024031]}},{"type":"Feature","properties":{"id":"osm:node:9976202752","name":"台灣基督長老教會","category":"place_of_worship","religion":"christian"},"geometry":{"type":"Point","coordinates":[121.492551,25.032338]}},{"type":"Feature","properties":{"id":"osm:relation:10025919","name":"大龍峒保安宮","category":"place_of_worship","nameEn":"Dalongdong Baoan Temple","address":"10370台北市大同區哈密街61號","phone":"+886 2 2595-1676","website":"https://www.baoan.org.tw/","wheelchair":"limited","religion":"taoist","denomination":"taoist"},"geometry":{"type":"Point","coordinates":[121.515549,25.073092]}},{"type":"Feature","properties":{"id":"osm:relation:13094674","name":"靈泉寺","category":"place_of_worship"},"geometry":{"type":"Point","coordinates":[121.609599,25.142603]}},{"type":"Feature","properties":{"id":"osm:relation:20033751","name":"新莊廣福宮","category":"place_of_worship","address":"新北市新莊區新莊路150號"},"geometry":{"type":"Point","coordinates":[121.455099,25.03577]}},{"type":"Feature","properties":{"id":"osm:relation:3963672","name":"無極明聖宮","category":"place_of_worship","address":"臺北市南港區忠孝東路七段478巷臨12號","religion":"taoist"},"geometry":{"type":"Point","coordinates":[121.609813,25.050673]}},{"type":"Feature","properties":{"id":"osm:relation:5177917","name":"景美集應廟","category":"place_of_worship","nameEn":"Jingmei Jiying Temple","address":"116臺北市文山區景美街37號","religion":"taoist"},"geometry":{"type":"Point","coordinates":[121.541964,24.991693]}},{"type":"Feature","properties":{"id":"osm:relation:5280755","name":"善導寺","category":"place_of_worship","address":"10049臺北市中正區忠孝東路一段23號","phone":"+886-2-23415758","website":"http://www.shandaotemple.org.tw/","religion":"buddhist"},"geometry":{"type":"Point","coordinates":[121.524681,25.044981]}},{"type":"Feature","properties":{"id":"osm:relation:5425991","name":"行天宮","category":"place_of_worship","nameEn":"Xingtian Temple","opening_hours":"Mo-Su 04:00-22:00","address":"10482臺北市中山區民權東路二段109號","phone":"+886-2-2502-7924","website":"https://www.ht.org.tw/","wheelchair":"limited","religion":"taoist"},"geometry":{"type":"Point","coordinates":[121.533907,25.063081]}},{"type":"Feature","properties":{"id":"osm:relation:6082933","name":"臺北孔子廟","category":"place_of_worship","nameEn":"Taipei Confucius Temple","opening_hours":"Tu-Sa 08:30-21:00; Su 08:30-17:00","address":"臺北市大同區保安里大龍街275號"},"geometry":{"type":"Point","coordinates":[121.516514,25.072697]}},{"type":"Feature","properties":{"id":"osm:relation:7377803","name":"全臺葉姓祖廟","category":"place_of_worship","address":"臺北市內湖區大湖街131巷18號"},"geometry":{"type":"Point","coordinates":[121.595845,25.092048]}},{"type":"Feature","properties":{"id":"osm:relation:9078558","name":"臺北清真寺","category":"place_of_worship","nameEn":"Taipei Grand Mosque","address":"106臺北市大安區新生南路二段62號","religion":"muslim"},"geometry":{"type":"Point","coordinates":[121.534021,25.027922]}},{"type":"Feature","properties":{"id":"osm:way:1006621701","name":"開山宮","category":"place_of_worship","religion":"taoist"},"geometry":{"type":"Point","coordinates":[121.642969,25.069095]}},{"type":"Feature","properties":{"id":"osm:way:1011344952","name":"善琴慈惠堂","category":"place_of_worship"},"geometry":{"type":"Point","coordinates":[121.629655,25.106799]}},{"type":"Feature","properties":{"id":"osm:way:1013429095","name":"福德廟","category":"place_of_worship","religion":"chinese_folk"},"geometry":{"type":"Point","coordinates":[121.52253,25.072553]}},{"type":"Feature","properties":{"id":"osm:way:1017345583","name":"龍津宮","category":"place_of_worship"},"geometry":{"type":"Point","coordinates":[121.499702,25.04128]}},{"type":"Feature","properties":{"id":"osm:way:1017345585","name":"福德宮","category":"place_of_worship"},"geometry":{"type":"Point","coordinates":[121.49982,25.041467]}},{"type":"Feature","properties":{"id":"osm:way:1025380566","name":"友蚋正方宮","category":"place_of_worship"},"geometry":{"type":"Point","coordinates":[121.669567,25.102366]}},{"type":"Feature","properties":{"id":"osm:way:1027100510","name":"無極天元宮","category":"place_of_worship","religion":"taoist"},"geometry":{"type":"Point","coordinates":[121.486215,25.185686]}},{"type":"Feature","properties":{"id":"osm:way:1038711389","name":"台北火聖廟","category":"place_of_worship","nameEn":"God of Fire Temple in Taipei","address":"106臺北市大安區光信里21鄰延吉街236巷臨17之1號"},"geometry":{"type":"Point","coordinates":[121.555299,25.036326]}},{"type":"Feature","properties":{"id":"osm:way:1041401254","name":"聖若望天主堂","category":"place_of_worship","address":"新北市板橋區板城路","religion":"christian","denomination":"catholic"},"geometry":{"type":"Point","coordinates":[121.45246,25.009814]}},{"type":"Feature","properties":{"id":"osm:way:1054825818","name":"城隍廟","category":"place_of_worship","nameEn":"Chenghuang Temple","religion":"taoist"},"geometry":{"type":"Point","coordinates":[121.48421,25.14098]}},{"type":"Feature","properties":{"id":"osm:way:1055384562","name":"新莊保元宮","category":"place_of_worship","nameEn":"Xinzhuang Baoyuan Temple","address":"242新北市新莊區中正路143號","religion":"chinese_folk"},"geometry":{"type":"Point","coordinates":[121.459774,25.038097]}},{"type":"Feature","properties":{"id":"osm:way:1060240793","name":"靈隱寺","category":"place_of_worship"},"geometry":{"type":"Point","coordinates":[121.641945,25.114218]}},{"type":"Feature","properties":{"id":"osm:way:1060408509","name":"基督教新莊浸信會","category":"place_of_worship","address":"242新北市新莊區建興街4號","religion":"christian","denomination":"baptist"},"geometry":{"type":"Point","coordinates":[121.450262,25.036388]}},{"type":"Feature","properties":{"id":"osm:way:1061337771","name":"汐止龍泉宮","category":"place_of_worship","address":"新北市汐止區民權街二段67巷17號","religion":"taoist"},"geometry":{"type":"Point","coordinates":[121.620232,25.048683]}},{"type":"Feature","properties":{"id":"osm:way:1065882645","name":"德善祠","category":"place_of_worship","religion":"taoist"},"geometry":{"type":"Point","coordinates":[121.56992,24.993978]}},{"type":"Feature","properties":{"id":"osm:way:1076530131","name":"恆光禪寺","category":"place_of_worship","address":"臺北市內湖區碧山路44-6號","religion":"buddhist"},"geometry":{"type":"Point","coordinates":[121.589135,25.106315]}},{"type":"Feature","properties":{"id":"osm:way:1085269456","name":"北天廟","category":"place_of_worship"},"geometry":{"type":"Point","coordinates":[121.483667,25.024834]}},{"type":"Feature","properties":{"id":"osm:way:1085334190","name":"灣仔庄福德堂","category":"place_of_worship","address":"臺北市內湖區石潭路28號"},"geometry":{"type":"Point","coordinates":[121.585565,25.062635]}},{"type":"Feature","properties":{"id":"osm:way:1087825211","name":"慈惠堂","category":"place_of_worship","religion":"taoist"},"geometry":{"type":"Point","coordinates":[121.584826,24.979541]}},{"type":"Feature","properties":{"id":"osm:way:1094093387","name":"玄天宮","category":"place_of_worship"},"geometry":{"type":"Point","coordinates":[121.550721,25.088784]}},{"type":"Feature","properties":{"id":"osm:way:1094374054","name":"正願禪寺","category":"place_of_worship"},"geometry":{"type":"Point","coordinates":[121.551451,25.08763]}},{"type":"Feature","properties":{"id":"osm:way:1097614387","name":"玄帝宮","category":"place_of_worship"},"geometry":{"type":"Point","coordinates":[121.512489,25.111624]}},{"type":"Feature","properties":{"id":"osm:way:1097615013","name":"民權福德宮","category":"place_of_worship","wheelchair":"yes"},"geometry":{"type":"Point","coordinates":[121.568676,25.063239]}},{"type":"Feature","properties":{"id":"osm:way:1100733860","name":"中和廣濟宮","category":"place_of_worship","address":"新北市中和區枋寮里002鄰中和路95號","phone":"+886 2 2247 2432"},"geometry":{"type":"Point","coordinates":[121.501389,25.000737]}},{"type":"Feature","properties":{"id":"osm:way:1100735212","name":"土地公廟","category":"place_of_worship","address":"242新北市新莊區中港路108號一樓","religion":"taoist"},"geometry":{"type":"Point","coordinates":[121.455509,25.03975]}},{"type":"Feature","properties":{"id":"osm:way:1102369605","name":"石軍巖","category":"place_of_worship","address":"116臺北市文山區博嘉里12鄰和平東路四段66巷80弄21號"},"geometry":{"type":"Point","coordinates":[121.565941,25.007801]}},{"type":"Feature","properties":{"id":"osm:way:1113711551","name":"福安宮","category":"place_of_worship","religion":"taoist"},"geometry":{"type":"Point","coordinates":[121.641392,25.071013]}},{"type":"Feature","properties":{"id":"osm:way:1146878414","name":"石牌聖體堂","category":"place_of_worship","religion":"christian","denomination":"catholic"},"geometry":{"type":"Point","coordinates":[121.517474,25.116836]}},{"type":"Feature","properties":{"id":"osm:way:1157829043","name":"明玄宮","category":"place_of_worship","nameEn":"MingXuan Temple","address":"112台北市北投區紗帽路62號","religion":"taoist"},"geometry":{"type":"Point","coordinates":[121.536401,25.141177]}},{"type":"Feature","properties":{"id":"osm:way:1159058319","name":"玉皇宮","category":"place_of_worship","address":"112臺北市北投區永欣里15鄰石牌路二段315巷29之13號"},"geometry":{"type":"Point","coordinates":[121.520887,25.124418]}},{"type":"Feature","properties":{"id":"osm:way:1160044949","name":"慈法禪寺","category":"place_of_worship","religion":"buddhist"},"geometry":{"type":"Point","coordinates":[121.458184,24.987133]}},{"type":"Feature","properties":{"id":"osm:way:1171995110","name":"濕水福德宮","category":"place_of_worship","religion":"taoist"},"geometry":{"type":"Point","coordinates":[121.560394,24.963124]}},{"type":"Feature","properties":{"id":"osm:way:1172781829","name":"地藏禪寺","category":"place_of_worship","address":"臺北市士林區延平北路七段189號"},"geometry":{"type":"Point","coordinates":[121.490532,25.099717]}},{"type":"Feature","properties":{"id":"osm:way:1173424216","name":"蓮光寺","category":"place_of_worship"},"geometry":{"type":"Point","coordinates":[121.50258,25.200176]}},{"type":"Feature","properties":{"id":"osm:way:1173424221","name":"北山車埕福德廟","category":"place_of_worship"},"geometry":{"type":"Point","coordinates":[121.503264,25.198685]}},{"type":"Feature","properties":{"id":"osm:way:1178596748","name":"港墘福德祠","category":"place_of_worship"},"geometry":{"type":"Point","coordinates":[121.57651,25.080783]}},{"type":"Feature","properties":{"id":"osm:way:1185640995","name":"土地公廟","category":"place_of_worship"},"geometry":{"type":"Point","coordinates":[121.632924,25.095664]}},{"type":"Feature","properties":{"id":"osm:way:1206531892","name":"淡水九天宮","category":"place_of_worship","address":"新北市淡水區行忠路136-1號","website":"https://www.facebook.com/JunTianGung","religion":"taoist"},"geometry":{"type":"Point","coordinates":[121.455505,25.199198]}},{"type":"Feature","properties":{"id":"osm:way:1208597424","name":"聖谷行道會","category":"place_of_worship","address":"231新北市新店區安興路91巷5號","phone":"+886 2 22111556","website":"https://www.sunnyvalech.org/","religion":"christian"},"geometry":{"type":"Point","coordinates":[121.514578,24.9748]}},{"type":"Feature","properties":{"id":"osm:way:1217579428","name":"老寮湖福德宮","category":"place_of_worship","religion":"taoist"},"geometry":{"type":"Point","coordinates":[121.620608,25.175488]}},{"type":"Feature","properties":{"id":"osm:way:1217579433","name":"聚福宮","category":"place_of_worship"},"geometry":{"type":"Point","coordinates":[121.616465,25.18821]}},{"type":"Feature","properties":{"id":"osm:way:1221663781","name":"張公聖君廟","category":"place_of_worship","religion":"chinese_folk"},"geometry":{"type":"Point","coordinates":[121.516094,25.149247]}},{"type":"Feature","properties":{"id":"osm:way:1224673613","name":"楒福宮","category":"place_of_worship"},"geometry":{"type":"Point","coordinates":[121.646011,24.975189]}},{"type":"Feature","properties":{"id":"osm:way:1224673614","name":"楒福宮","category":"place_of_worship"},"geometry":{"type":"Point","coordinates":[121.64725,24.971938]}},{"type":"Feature","properties":{"id":"osm:way:1224673619","name":"聚福宮","category":"place_of_worship","religion":"chinese_folk"},"geometry":{"type":"Point","coordinates":[121.65639,24.975499]}},{"type":"Feature","properties":{"id":"osm:way:1225442392","name":"五堵順玄宮","category":"place_of_worship","address":"221新北市汐止區長江街286號一樓","phone":"+886 2 8646 3049","website":"https://www.instagram.com/shun_xuan_gong","religion":"taoist"},"geometry":{"type":"Point","coordinates":[121.665328,25.080605]}},{"type":"Feature","properties":{"id":"osm:way:1226574692","name":"寶藏塔","category":"place_of_worship","religion":"buddhist"},"geometry":{"type":"Point","coordinates":[121.53208,25.010649]}},{"type":"Feature","properties":{"id":"osm:way:1231281783","name":"萬里文武廟","category":"place_of_worship","address":"207新北市萬里區加投路42-3號","religion":"taoist"},"geometry":{"type":"Point","coordinates":[121.64116,25.208348]}},{"type":"Feature","properties":{"id":"osm:way:1240453516","name":"九蓮寺","category":"place_of_worship","address":"臺北市士林區劍南路203巷6號","religion":"taoist"},"geometry":{"type":"Point","coordinates":[121.556295,25.09879]}},{"type":"Feature","properties":{"id":"osm:way:1245008353","name":"永福社","category":"place_of_worship"},"geometry":{"type":"Point","coordinates":[121.553128,25.110606]}},{"type":"Feature","properties":{"id":"osm:way:1245019471","name":"福德宮","category":"place_of_worship"},"geometry":{"type":"Point","coordinates":[121.551868,25.103793]}},{"type":"Feature","properties":{"id":"osm:way:1246071645","name":"永仁媽","category":"place_of_worship","religion":"taoist"},"geometry":{"type":"Point","coordinates":[121.489413,25.009998]}},{"type":"Feature","properties":{"id":"osm:way:1246137709","name":"天主教永和聖母升天堂","category":"place_of_worship","address":"新北市永和區永樂里008鄰自由街69號","religion":"christian"},"geometry":{"type":"Point","coordinates":[121.51362,25.005268]}},{"type":"Feature","properties":{"id":"osm:way:1254559498","name":"福德宮","category":"place_of_worship","religion":"taoist"},"geometry":{"type":"Point","coordinates":[121.57028,24.997155]}},{"type":"Feature","properties":{"id":"osm:way:1266231365","name":"受天宮","category":"place_of_worship","address":"臺北市大安區和平東路三段606巷99號","religion":"chinese_folk"},"geometry":{"type":"Point","coordinates":[121.559165,25.012466]}},{"type":"Feature","properties":{"id":"osm:way:1271427649","name":"觀音亭","category":"place_of_worship","religion":"buddhist"},"geometry":{"type":"Point","coordinates":[121.615114,25.11927]}},{"type":"Feature","properties":{"id":"osm:way:1278654413","name":"台北慈光廟","category":"place_of_worship","address":"臺北市內湖區民權東路六段206巷143弄113號","phone":"+886 2 2795 1953","religion":"taoist"},"geometry":{"type":"Point","coordinates":[121.602053,25.065193]}},{"type":"Feature","properties":{"id":"osm:way:1281159579","name":"萬里玄武宮","category":"place_of_worship","religion":"taoist"},"geometry":{"type":"Point","coordinates":[121.636713,25.168259]}},{"type":"Feature","properties":{"id":"osm:way:1282950450","name":"福德祠","category":"place_of_worship","religion":"taoist"},"geometry":{"type":"Point","coordinates":[121.556587,25.005963]}},{"type":"Feature","properties":{"id":"osm:way:1282950462","name":"東福宮","category":"place_of_worship","religion":"chinese_folk"},"geometry":{"type":"Point","coordinates":[121.555551,25.0055]}},{"type":"Feature","properties":{"id":"osm:way:1282950493","name":"廣武宮","category":"place_of_worship","address":"116076臺北市文山區興德路50號","religion":"taoist"},"geometry":{"type":"Point","coordinates":[121.556619,25.001543]}},{"type":"Feature","properties":{"id":"osm:way:1288462173","name":"福興宮","category":"place_of_worship","religion":"chinese_folk"},"geometry":{"type":"Point","coordinates":[121.563712,24.995177]}},{"type":"Feature","properties":{"id":"osm:way:1292262597","name":"萬芳福德宮","category":"place_of_worship","religion":"taoist"},"geometry":{"type":"Point","coordinates":[121.569662,25.00259]}},{"type":"Feature","properties":{"id":"osm:way:1292774779","name":"慈光寺","category":"place_of_worship","nameEn":"Ci Guang Temple","address":"臺北市文山區萬芳里萬芳路26巷5號","phone":"+886 2 2230 2306","website":"http://www.cihguangtemple.org","religion":"buddhist"},"geometry":{"type":"Point","coordinates":[121.569163,24.995194]}},{"type":"Feature","properties":{"id":"osm:way:1295106030","name":"山神廟","category":"place_of_worship"},"geometry":{"type":"Point","coordinates":[121.569554,25.01213]}},{"type":"Feature","properties":{"id":"osm:way:1302217456","name":"福德祠","category":"place_of_worship","religion":"chinese_folk"},"geometry":{"type":"Point","coordinates":[121.57461,25.128748]}},{"type":"Feature","properties":{"id":"osm:way:1302217484","name":"福德宮","category":"place_of_worship","religion":"chinese_folk"},"geometry":{"type":"Point","coordinates":[121.578313,25.132783]}},{"type":"Feature","properties":{"id":"osm:way:1302423656","name":"福德宮","category":"place_of_worship","religion":"chinese_folk"},"geometry":{"type":"Point","coordinates":[121.591276,25.135243]}},{"type":"Feature","properties":{"id":"osm:way:1302680023","name":"柚仔腳福德宮","category":"place_of_worship"},"geometry":{"type":"Point","coordinates":[121.565514,25.14143]}},{"type":"Feature","properties":{"id":"osm:way:1302680046","name":"頭湖福德宮","category":"place_of_worship"},"geometry":{"type":"Point","coordinates":[121.563556,25.147184]}},{"type":"Feature","properties":{"id":"osm:way:1305904762","name":"和德宮","category":"place_of_worship","religion":"taoist"},"geometry":{"type":"Point","coordinates":[121.640503,25.065351]}},{"type":"Feature","properties":{"id":"osm:way:1306836012","name":"尖山腳福德宮","category":"place_of_worship","opening_hours":"07:00-17:00","religion":"taoist"},"geometry":{"type":"Point","coordinates":[121.521504,24.988772]}},{"type":"Feature","properties":{"id":"osm:way:1318077120","name":"楊聖廟","category":"place_of_worship","nameEn":"Yangsheng Temple","address":"108臺北市萬華區保德里9鄰東園街154巷39號","phone":"+886 2 2303 8228","religion":"taoist"},"geometry":{"type":"Point","coordinates":[121.496108,25.022675]}},{"type":"Feature","properties":{"id":"osm:way:1323882509","name":"曹公曹媽祠","category":"place_of_worship","religion":"confucian"},"geometry":{"type":"Point","coordinates":[121.54526,25.019919]}},{"type":"Feature","properties":{"id":"osm:way:1328749413","name":"慈惠堂","category":"place_of_worship"},"geometry":{"type":"Point","coordinates":[121.514223,25.143257]}},{"type":"Feature","properties":{"id":"osm:way:1329940449","name":"天恩宮","category":"place_of_worship","address":"臺北市文山區指南路三段38巷37-2號","phone":"+886 2 2938 2888","religion":"taoist"},"geometry":{"type":"Point","coordinates":[121.592324,24.970364]}},{"type":"Feature","properties":{"id":"osm:way:1332571404","name":"觀音亭","category":"place_of_worship"},"geometry":{"type":"Point","coordinates":[121.457934,25.005543]}},{"type":"Feature","properties":{"id":"osm:way:1341570442","name":"關天師天心聖殿","category":"place_of_worship","religion":"taoist"},"geometry":{"type":"Point","coordinates":[121.568617,25.008501]}},{"type":"Feature","properties":{"id":"osm:way:1345152531","name":"三長廟","category":"place_of_worship","religion":"chinese_folk"},"geometry":{"type":"Point","coordinates":[121.569854,25.031696]}},{"type":"Feature","properties":{"id":"osm:way:1348481200","name":"慈上堂","category":"place_of_worship","religion":"chinese_folk"},"geometry":{"type":"Point","coordinates":[121.626187,25.050162]}},{"type":"Feature","properties":{"id":"osm:way:1351539676","name":"土地廟","category":"place_of_worship","religion":"chinese_folk"},"geometry":{"type":"Point","coordinates":[121.516007,25.149442]}},{"type":"Feature","properties":{"id":"osm:way:1353601690","name":"埤仔湖福德宮","category":"place_of_worship","religion":"chinese_folk"},"geometry":{"type":"Point","coordinates":[121.563327,24.978369]}},{"type":"Feature","properties":{"id":"osm:way:1354556207","name":"指南宮","category":"place_of_worship","nameEn":"Zhinan Temple","address":"116臺北市文山區指南里18鄰萬壽路115號","religion":"taoist"},"geometry":{"type":"Point","coordinates":[121.588208,24.979393]}},{"type":"Feature","properties":{"id":"osm:way:1354556211","name":"深坑鎮南宮石媽祖","category":"place_of_worship","address":"新北市深坑區阿柔里004鄰大崙脚8號"},"geometry":{"type":"Point","coordinates":[121.614995,24.991612]}},{"type":"Feature","properties":{"id":"osm:way:1358179263","name":"福德祠","category":"place_of_worship","religion":"chinese_folk"},"geometry":{"type":"Point","coordinates":[121.580626,24.983124]}},{"type":"Feature","properties":{"id":"osm:way:1362263128","name":"法華寺","category":"place_of_worship","address":"108臺北市萬華區仁德里4鄰西寧南路194號","phone":"+886 2 2312 0437","religion":"buddhist"},"geometry":{"type":"Point","coordinates":[121.505895,25.038766]}},{"type":"Feature","properties":{"id":"osm:way:1364286544","name":"西寒寺","category":"place_of_worship","religion":"chinese_folk"},"geometry":{"type":"Point","coordinates":[121.589147,25.012176]}},{"type":"Feature","properties":{"id":"osm:way:1364433756","name":"頂湖福德宮","category":"place_of_worship","religion":"chinese_folk"},"geometry":{"type":"Point","coordinates":[121.530628,25.15334]}},{"type":"Feature","properties":{"id":"osm:way:1364846194","name":"三慈宮","category":"place_of_worship","religion":"taoist"},"geometry":{"type":"Point","coordinates":[121.490191,25.155996]}},{"type":"Feature","properties":{"id":"osm:way:1366036729","name":"鎮山巖","category":"place_of_worship","religion":"buddhist"},"geometry":{"type":"Point","coordinates":[121.561302,25.020962]}},{"type":"Feature","properties":{"id":"osm:way:1366970286","name":"深坑加爾默羅聖母聖衣隱修院","category":"place_of_worship","address":"新北市深坑區昇高里008鄰向天湖1號","religion":"christian","denomination":"catholic"},"geometry":{"type":"Point","coordinates":[121.621573,24.988275]}},{"type":"Feature","properties":{"id":"osm:way:1372100411","name":"新興顯靈感應公","category":"place_of_worship","religion":"chinese_folk"},"geometry":{"type":"Point","coordinates":[121.575067,24.99263]}},{"type":"Feature","properties":{"id":"osm:way:1375724185","name":"尖山景福宮","category":"place_of_worship","address":"新北市新店區永安街109巷","religion":"土地公"},"geometry":{"type":"Point","coordinates":[121.522432,24.986164]}},{"type":"Feature","properties":{"id":"osm:way:1382836306","name":"福佛宮","category":"place_of_worship","nameEn":"Taipei Riverbank Foufu Temple","religion":"chinese_folk"},"geometry":{"type":"Point","coordinates":[121.518989,25.020714]}},{"type":"Feature","properties":{"id":"osm:way:1387166498","name":"溝子口萬善堂","category":"place_of_worship","religion":"chinese_folk"},"geometry":{"type":"Point","coordinates":[121.545373,24.986695]}},{"type":"Feature","properties":{"id":"osm:way:1387417851","name":"萬福宮","category":"place_of_worship","religion":"chinese_folk"},"geometry":{"type":"Point","coordinates":[121.596887,25.019817]}},{"type":"Feature","properties":{"id":"osm:way:1387417852","name":"石頭公","category":"place_of_worship","religion":"chinese_folk"},"geometry":{"type":"Point","coordinates":[121.59665,25.019443]}},{"type":"Feature","properties":{"id":"osm:way:1387417854","name":"無極慈鳳宮","category":"place_of_worship","address":"115031臺北市南港區九如里10研究院路三段臨265號","phone":"+886 2 2653 9096","religion":"taoist"},"geometry":{"type":"Point","coordinates":[121.609158,25.030136]}},{"type":"Feature","properties":{"id":"osm:way:1416663593","name":"妙覺寺","category":"place_of_worship","address":"新北市淡水區"},"geometry":{"type":"Point","coordinates":[121.47331,25.146242]}},{"type":"Feature","properties":{"id":"osm:way:1425587220","name":"福德宮","category":"place_of_worship","religion":"chinese_folk"},"geometry":{"type":"Point","coordinates":[121.568268,25.117656]}},{"type":"Feature","properties":{"id":"osm:way:1425587273","name":"青山精舍","category":"place_of_worship","religion":"buddhist"},"geometry":{"type":"Point","coordinates":[121.574345,25.130966]}},{"type":"Feature","properties":{"id":"osm:way:1425587288","name":"玉皇宮","category":"place_of_worship","religion":"chinese_folk"},"geometry":{"type":"Point","coordinates":[121.576292,25.133122]}},{"type":"Feature","properties":{"id":"osm:way:1426556952","name":"昭安宮","category":"place_of_worship"},"geometry":{"type":"Point","coordinates":[121.59221,25.036536]}},{"type":"Feature","properties":{"id":"osm:way:1430138512","name":"石碇行德慈惠堂","category":"place_of_worship","address":"新北市石碇區潭邊里002鄰外按18之3號"},"geometry":{"type":"Point","coordinates":[121.649477,24.99847]}},{"type":"Feature","properties":{"id":"osm:way:1433809057","name":"臺灣色拉傑雲登山寺","category":"place_of_worship","address":"新北市深坑區昇高里010鄰王軍寮7之2號"},"geometry":{"type":"Point","coordinates":[121.61437,24.985668]}},{"type":"Feature","properties":{"id":"osm:way:1433809058","name":"玉旨無極慈母宮","category":"place_of_worship","address":"新北市深坑區昇高里010鄰王軍寮7之5號"},"geometry":{"type":"Point","coordinates":[121.61417,24.985513]}},{"type":"Feature","properties":{"id":"osm:way:1436593986","name":"佛教慈濟慈善事業基金會 汐止靜思堂","category":"place_of_worship"},"geometry":{"type":"Point","coordinates":[121.627101,25.06328]}},{"type":"Feature","properties":{"id":"osm:way:1447867753","name":"穆斯林祈禱室","category":"place_of_worship","nameEn":"Muslim prayer room","religion":"muslim"},"geometry":{"type":"Point","coordinates":[121.534179,25.042744]}},{"type":"Feature","properties":{"id":"osm:way:1450869747","name":"南港玉成福德宮","category":"place_of_worship"},"geometry":{"type":"Point","coordinates":[121.585147,25.050101]}},{"type":"Feature","properties":{"id":"osm:way:1459652197","name":"淡水福澤宮","category":"place_of_worship"},"geometry":{"type":"Point","coordinates":[121.460694,25.14633]}},{"type":"Feature","properties":{"id":"osm:way:1460554825","name":"無極鳳天宮","category":"place_of_worship","religion":"chinese_folk"},"geometry":{"type":"Point","coordinates":[121.560513,25.012699]}},{"type":"Feature","properties":{"id":"osm:way:1460554850","name":"福德祠","category":"place_of_worship","religion":"chinese_folk"},"geometry":{"type":"Point","coordinates":[121.563948,25.012403]}},{"type":"Feature","properties":{"id":"osm:way:1460554860","name":"承天武聖廟","category":"place_of_worship","address":"110001臺北市信義區和平東路三段697-12號","phone":"+886 2 2735 3788","religion":"chinese_folk"},"geometry":{"type":"Point","coordinates":[121.564048,25.011681]}},{"type":"Feature","properties":{"id":"osm:way:1462077119","name":"福合宮","category":"place_of_worship","religion":"chinese_folk"},"geometry":{"type":"Point","coordinates":[121.574952,25.020204]}},{"type":"Feature","properties":{"id":"osm:way:1462565990","name":"福德宮","category":"place_of_worship","address":"士林區雨聲街","religion":"taoist"},"geometry":{"type":"Point","coordinates":[121.532536,25.103136]}},{"type":"Feature","properties":{"id":"osm:way:1462592608","name":"柴寮福德宮","category":"place_of_worship","address":"基隆市七堵區9華新二路122-2號","religion":"chinese_folk"},"geometry":{"type":"Point","coordinates":[121.660134,25.116995]}},{"type":"Feature","properties":{"id":"osm:way:1462592634","name":"靈台山靈玄宮","category":"place_of_worship","address":"基隆市七堵區華新二路105-3號","religion":"taoist"},"geometry":{"type":"Point","coordinates":[121.66456,25.128457]}},{"type":"Feature","properties":{"id":"osm:way:1462662814","name":"福安宮","category":"place_of_worship","religion":"chinese_folk"},"geometry":{"type":"Point","coordinates":[121.552173,24.995681]}},{"type":"Feature","properties":{"id":"osm:way:1465383012","name":"慶福宮","category":"place_of_worship","religion":"taoist"},"geometry":{"type":"Point","coordinates":[121.501933,25.019319]}},{"type":"Feature","properties":{"id":"osm:way:1467974171","name":"坤德宮","category":"place_of_worship","religion":"taoist"},"geometry":{"type":"Point","coordinates":[121.53334,24.967865]}},{"type":"Feature","properties":{"id":"osm:way:1467984936","name":"新店褒忠亭","category":"place_of_worship","opening_hours":"Mo-Fr 08:30-17:00","phone":"+886 2 8665 6188","website":"https://www.hakka-portal.ntpc.gov.tw/article/%E5%A4%A7%E5%8F%B0%E5%8C%97%E6%96%B0%E5%BA%97%E8%A4%92%E5%BF%A0%E4%BA%AD03114650213558767","religion":"taoist"},"geometry":{"type":"Point","coordinates":[121.53542,24.96711]}},{"type":"Feature","properties":{"id":"osm:way:1470381555","name":"萬善公","category":"place_of_worship","religion":"chinese_folk"},"geometry":{"type":"Point","coordinates":[121.603408,25.00596]}},{"type":"Feature","properties":{"id":"osm:way:1473119818","name":"貓空福德宮","category":"place_of_worship","religion":"chinese_folk"},"geometry":{"type":"Point","coordinates":[121.595905,24.969063]}},{"type":"Feature","properties":{"id":"osm:way:1475963640","name":"明心禪寺","category":"place_of_worship","address":"臺北市南港區研究院路三段280巷1號","religion":"buddhist"},"geometry":{"type":"Point","coordinates":[121.606868,25.030127]}},{"type":"Feature","properties":{"id":"osm:way:1479117105","name":"福德廟","category":"place_of_worship","religion":"taoist"},"geometry":{"type":"Point","coordinates":[121.651492,24.990648]}},{"type":"Feature","properties":{"id":"osm:way:1480010359","name":"萬善祠","category":"place_of_worship","religion":"taoist"},"geometry":{"type":"Point","coordinates":[121.534535,24.960486]}},{"type":"Feature","properties":{"id":"osm:way:1496577491","name":"關渡福德宮","category":"place_of_worship","religion":"taoist"},"geometry":{"type":"Point","coordinates":[121.465249,25.117829]}},{"type":"Feature","properties":{"id":"osm:way:1497244688","name":"埔墘福德宮","category":"place_of_worship","nameEn":"Puqian Fude Temple","address":"220079新北市板橋區中山路二段250巷1號","phone":"+886 2 2964 5591","religion":"taoist"},"geometry":{"type":"Point","coordinates":[121.478747,25.017985]}},{"type":"Feature","properties":{"id":"osm:way:1498157610","name":"聖公祠(百姓公)","category":"place_of_worship","religion":"taoist"},"geometry":{"type":"Point","coordinates":[121.514212,25.01932]}},{"type":"Feature","properties":{"id":"osm:way:1499383285","name":"木柵協天宮","category":"place_of_worship"},"geometry":{"type":"Point","coordinates":[121.576508,24.99129]}},{"type":"Feature","properties":{"id":"osm:way:1507653350","name":"錫福宮","category":"place_of_worship","religion":"taoist"},"geometry":{"type":"Point","coordinates":[121.634444,25.113658]}},{"type":"Feature","properties":{"id":"osm:way:1508163412","name":"崁腳福安宮","category":"place_of_worship","religion":"taoist"},"geometry":{"type":"Point","coordinates":[121.645153,25.156131]}},{"type":"Feature","properties":{"id":"osm:way:1539336623","name":"永和永德宮","category":"place_of_worship","opening_hours":"06:00-18:30","religion":"taoist"},"geometry":{"type":"Point","coordinates":[121.521808,25.013355]}},{"type":"Feature","properties":{"id":"osm:way:1541183904","name":"西湖福湖宮","category":"place_of_worship"},"geometry":{"type":"Point","coordinates":[121.556856,25.087052]}},{"type":"Feature","properties":{"id":"osm:way:1541183907","name":"西湖聖佑宮","category":"place_of_worship"},"geometry":{"type":"Point","coordinates":[121.558357,25.087462]}},{"type":"Feature","properties":{"id":"osm:way:154155352","name":"妙侊寺","category":"place_of_worship","religion":"buddhist"},"geometry":{"type":"Point","coordinates":[121.539586,25.095202]}},{"type":"Feature","properties":{"id":"osm:way:1544574266","name":"福景宮","category":"place_of_worship","address":"106台北市大安區光復南路698號","phone":"+886 2 2701 4369","religion":"taoist"},"geometry":{"type":"Point","coordinates":[121.557234,25.029678]}},{"type":"Feature","properties":{"id":"osm:way:1547606006","name":"健福宮","category":"place_of_worship","religion":"taoist"},"geometry":{"type":"Point","coordinates":[121.530046,25.144726]}},{"type":"Feature","properties":{"id":"osm:way:1547606018","name":"妙天寺","category":"place_of_worship","religion":"buddhist"},"geometry":{"type":"Point","coordinates":[121.53108,25.146493]}},{"type":"Feature","properties":{"id":"osm:way:1547606034","name":"龍鳳宮","category":"place_of_worship","religion":"taoist"},"geometry":{"type":"Point","coordinates":[121.531444,25.148469]}},{"type":"Feature","properties":{"id":"osm:way:177102611","name":"烘爐地南山福德宮","category":"place_of_worship","nameEn":"Nanshan Fude Temple","address":"新北市中和區內南里038鄰興南路二段399巷160號之1","religion":"taoist"},"geometry":{"type":"Point","coordinates":[121.497558,24.971807]}},{"type":"Feature","properties":{"id":"osm:way:183802204","name":"臨濟宗護國禪寺","category":"place_of_worship","religion":"buddhist"},"geometry":{"type":"Point","coordinates":[121.521106,25.072624]}},{"type":"Feature","properties":{"id":"osm:way:183981852","name":"植福宮","category":"place_of_worship"},"geometry":{"type":"Point","coordinates":[121.550505,25.081829]}},{"type":"Feature","properties":{"id":"osm:way:186157347","name":"真光禪寺","category":"place_of_worship","nameEn":"Zhengguang Temple","religion":"buddhist"},"geometry":{"type":"Point","coordinates":[121.587381,25.031849]}},{"type":"Feature","properties":{"id":"osm:way:192642995","name":"濟南長老教會","category":"place_of_worship","address":"10051臺北市中正區中山南路3號","phone":"+886 2 2321 7391","website":"https://www.chi-nanchurch.tw/","religion":"christian","denomination":"protestant"},"geometry":{"type":"Point","coordinates":[121.519498,25.043471]}},{"type":"Feature","properties":{"id":"osm:way:195837561","name":"陽明天主堂","category":"place_of_worship","address":"11192臺北市士林區華岡路2號","religion":"christian","denomination":"catholic"},"geometry":{"type":"Point","coordinates":[121.543827,25.138829]}},{"type":"Feature","properties":{"id":"osm:way:197842872","name":"松山慈祐宮","category":"place_of_worship","nameEn":"Songshan Ciyou Temple","address":"10567臺北市松山區八德路四段761號","phone":"+886 2 2766 9212","wheelchair":"yes","religion":"taoist"},"geometry":{"type":"Point","coordinates":[121.577645,25.051293]}},{"type":"Feature","properties":{"id":"osm:way:198401479","name":"艋舺龍山寺","category":"place_of_worship","nameEn":"Lungshan Temple","opening_hours":"Mo-Su 06:00-22:00","address":"10852臺北市萬華區富民里廣州街211號","phone":"+886 2 2302 5162","website":"https://www.lungshan.org.tw/","wheelchair":"no","religion":"chinese_folk;buddhist"},"geometry":{"type":"Point","coordinates":[121.499881,25.037276]}},{"type":"Feature","properties":{"id":"osm:way:200118425","name":"太和宮","category":"place_of_worship","religion":"taoist"},"geometry":{"type":"Point","coordinates":[121.660347,25.19494]}},{"type":"Feature","properties":{"id":"osm:way:201280835","name":"福興宮","category":"place_of_worship","religion":"taoist"},"geometry":{"type":"Point","coordinates":[121.512641,25.05579]}},{"type":"Feature","properties":{"id":"osm:way:201280859","name":"慈聖宮","category":"place_of_worship","religion":"taoist"},"geometry":{"type":"Point","coordinates":[121.512396,25.06024]}},{"type":"Feature","properties":{"id":"osm:way:201280862","name":"法主公廟","category":"place_of_worship","religion":"taoist"},"geometry":{"type":"Point","coordinates":[121.512173,25.05381]}},{"type":"Feature","properties":{"id":"osm:way:201280869","name":"霞海城隍廟","category":"place_of_worship","nameEn":"Xiahai City God Temple","address":"103003臺北市大同區迪化街一段61號","phone":"+886 2 2558 0346","website":"http://www.tpecitygod.org/","wheelchair":"no","religion":"taoist"},"geometry":{"type":"Point","coordinates":[121.510216,25.055597]}},{"type":"Feature","properties":{"id":"osm:way:201413879","name":"清水巖祖師廟","category":"place_of_worship","nameEn":"Qingshui Temple","address":"臺北市萬華區康定路81號","wheelchair":"no","religion":"taoist"},"geometry":{"type":"Point","coordinates":[121.502798,25.040207]}},{"type":"Feature","properties":{"id":"osm:way:201722285","name":"天祥寶塔禪寺","category":"place_of_worship","address":"新北市萬里區二坪6之2號"},"geometry":{"type":"Point","coordinates":[121.650707,25.17467]}},{"type":"Feature","properties":{"id":"osm:way:204211742","name":"菩提講堂","category":"place_of_worship","wheelchair":"yes","religion":"buddhist"},"geometry":{"type":"Point","coordinates":[121.520062,25.052205]}},{"type":"Feature","properties":{"id":"osm:way:206134516","name":"碧山巖開漳聖王廟","category":"place_of_worship","address":"臺北市台北市內湖區碧山路24號","wheelchair":"no","religion":"chinese_folk"},"geometry":{"type":"Point","coordinates":[121.587608,25.097091]}},{"type":"Feature","properties":{"id":"osm:way:207578053","name":"樟山寺","category":"place_of_worship"},"geometry":{"type":"Point","coordinates":[121.579254,24.972982]}},{"type":"Feature","properties":{"id":"osm:way:210057165","name":"北聖宮","category":"place_of_worship","religion":"taoist"},"geometry":{"type":"Point","coordinates":[121.501909,24.992406]}},{"type":"Feature","properties":{"id":"osm:way:211433833","name":"懷恩堂","category":"place_of_worship","nameEn":"Grace Baptist Church","address":"台北市新生南路三段90號","phone":"+886 2 2362 5321","website":"http://test2.gbc.org.tw/","wheelchair":"no","religion":"christian","denomination":"baptist"},"geometry":{"type":"Point","coordinates":[121.532978,25.017816]}},{"type":"Feature","properties":{"id":"osm:way:215480566","name":"艋舺集義宮","category":"place_of_worship","address":"108臺北市萬華區富福里3鄰康定路249號","religion":"taoist","denomination":"福德正神"},"geometry":{"type":"Point","coordinates":[121.501423,25.034865]}},{"type":"Feature","properties":{"id":"osm:way:216588170","name":"接雲寺","category":"place_of_worship","nameEn":"Jieyun Temple","religion":"buddhist"},"geometry":{"type":"Point","coordinates":[121.454464,25.00895]}},{"type":"Feature","properties":{"id":"osm:way:216603388","name":"慈惠宮","category":"place_of_worship","address":"22055新北市板橋區府中路81號","phone":"+886 2 29650014","website":"http://www.cihuimazu.org.tw/","wheelchair":"no","religion":"taoist"},"geometry":{"type":"Point","coordinates":[121.457403,25.009254]}},{"type":"Feature","properties":{"id":"osm:way:217431115","name":"福和宮","category":"place_of_worship","address":"新北市中和區廟美里001鄰廣福路112號","phone":"+886 2 2249 5338"},"geometry":{"type":"Point","coordinates":[121.501593,25.001641]}},{"type":"Feature","properties":{"id":"osm:way:217769935","name":"靈雲宮","category":"place_of_worship","religion":"chinese_folk"},"geometry":{"type":"Point","coordinates":[121.571133,25.027575]}},{"type":"Feature","properties":{"id":"osm:way:218466024","name":"上玄道院","category":"place_of_worship"},"geometry":{"type":"Point","coordinates":[121.456794,24.962024]}},{"type":"Feature","properties":{"id":"osm:way:218489808","name":"天寶聖道宮","category":"place_of_worship","religion":"chinese_folk"},"geometry":{"type":"Point","coordinates":[121.579249,25.027957]}},{"type":"Feature","properties":{"id":"osm:way:218489814","name":"福德宮","category":"place_of_worship","religion":"taoist"},"geometry":{"type":"Point","coordinates":[121.576168,25.032256]}},{"type":"Feature","properties":{"id":"osm:way:218489815","name":"顏子廟","category":"place_of_worship","religion":"taoist"},"geometry":{"type":"Point","coordinates":[121.576455,25.032504]}},{"type":"Feature","properties":{"id":"osm:way:218491167","name":"松山奉天宮","category":"place_of_worship","nameEn":"Fengtian Temple","address":"臺北市信義區中行里福德街221巷12號","religion":"taoist"},"geometry":{"type":"Point","coordinates":[121.58463,25.037241]}},{"type":"Feature","properties":{"id":"osm:way:218491168","name":"松山慈惠堂","category":"place_of_worship","address":"臺北市信義區福德街251巷33號","religion":"taoist"},"geometry":{"type":"Point","coordinates":[121.587682,25.036699]}},{"type":"Feature","properties":{"id":"osm:way:218721846","name":"三玄宮","category":"place_of_worship"},"geometry":{"type":"Point","coordinates":[121.588005,24.968082]}},{"type":"Feature","properties":{"id":"osm:way:220903946","name":"三聖宮","category":"place_of_worship","address":"台北市北投區復興三路520巷62號","religion":"taoist"},"geometry":{"type":"Point","coordinates":[121.505107,25.165644]}},{"type":"Feature","properties":{"id":"osm:way:220919397","name":"南港聖德宮","category":"place_of_worship","religion":"taoist"},"geometry":{"type":"Point","coordinates":[121.590267,25.021609]}},{"type":"Feature","properties":{"id":"osm:way:220919399","name":"坑頭福德宮","category":"place_of_worship"},"geometry":{"type":"Point","coordinates":[121.588141,25.016794]}},{"type":"Feature","properties":{"id":"osm:way:220999118","name":"中和禪寺","category":"place_of_worship","address":"112臺北市北投區奇岩路151號","religion":"buddhist"},"geometry":{"type":"Point","coordinates":[121.507529,25.130615]}},{"type":"Feature","properties":{"id":"osm:way:220999159","name":"照明寺","category":"place_of_worship","religion":"buddhist"},"geometry":{"type":"Point","coordinates":[121.513948,25.131809]}},{"type":"Feature","properties":{"id":"osm:way:224826100","name":"法鼓山雲來寺","category":"place_of_worship","opening_hours":"Mo-Su 08:00-20:00","address":"台北市北投區公館路186號","phone":"+886 2 2893 9966","website":"https://www.ddm.org.tw","religion":"buddhist"},"geometry":{"type":"Point","coordinates":[121.506879,25.128488]}},{"type":"Feature","properties":{"id":"osm:way:226858960","name":"北星寶宮","category":"place_of_worship","religion":"taoist"},"geometry":{"type":"Point","coordinates":[121.577828,25.025992]}},{"type":"Feature","properties":{"id":"osm:way:226858962","name":"吉福宮","category":"place_of_worship","nameEn":"Jifu Temple","website":"https://m.facebook.com/%E6%9D%BE%E5%B1%B1-%E5%90%89%E7%A6%8F%E5%AE%AE-%E6%B1%BE%E9%99%BD%E7%8E%8B%E9%83%AD%E5%AD%90%E5%84%80%E5%A4%A7%E5%85%83%E5%B8%A5-638829099598381/?ref=bookmarks","religion":"taoist"},"geometry":{"type":"Point","coordinates":[121.581851,25.035322]}},{"type":"Feature","properties":{"id":"osm:way:226858963","name":"天寶聖道院","category":"place_of_worship","wheelchair":"no","religion":"taoist"},"geometry":{"type":"Point","coordinates":[121.579125,25.02663]}},{"type":"Feature","properties":{"id":"osm:way:226858965","name":"瑤池宮","category":"place_of_worship","nameEn":"Yaochi Temple","religion":"chinese_folk"},"geometry":{"type":"Point","coordinates":[121.583687,25.029047]}},{"type":"Feature","properties":{"id":"osm:way:230730609","name":"法雨寺","category":"place_of_worship"},"geometry":{"type":"Point","coordinates":[121.517709,25.148084]}},{"type":"Feature","properties":{"id":"osm:way:230834598","name":"慈濟靜思堂","category":"place_of_worship","religion":"buddhist"},"geometry":{"type":"Point","coordinates":[121.477228,25.004929]}},{"type":"Feature","properties":{"id":"osm:way:231659462","name":"臺灣基督長老教會","category":"place_of_worship","religion":"christian","denomination":"presbyterian"},"geometry":{"type":"Point","coordinates":[121.512515,25.059601]}},{"type":"Feature","properties":{"id":"osm:way:231702831","name":"先嗇宮","category":"place_of_worship","religion":"taoist","denomination":"taoist"},"geometry":{"type":"Point","coordinates":[121.47615,25.050613]}},{"type":"Feature","properties":{"id":"osm:way:231847654","name":"福山天惠堂（天華山）","category":"place_of_worship","religion":"chinese_folk"},"geometry":{"type":"Point","coordinates":[121.472107,24.963375]}},{"type":"Feature","properties":{"id":"osm:way:231876074","name":"新海福德宮","category":"place_of_worship","address":"220新北市板橋區綠堤街38號","phone":"+886 2 22561414","religion":"taoist"},"geometry":{"type":"Point","coordinates":[121.456374,25.026708]}},{"type":"Feature","properties":{"id":"osm:way:232617277","name":"大安教會","category":"place_of_worship","religion":"christian","denomination":"presbyterian"},"geometry":{"type":"Point","coordinates":[121.546963,25.026568]}},{"type":"Feature","properties":{"id":"osm:way:232968703","name":"地藏庵(大眾廟)","category":"place_of_worship"},"geometry":{"type":"Point","coordinates":[121.456628,25.037864]}},{"type":"Feature","properties":{"id":"osm:way:233076433","name":"深丘福德宮","category":"place_of_worship","address":"220073新北市板橋區區運路77號","phone":"+886 2 2961 0359","wheelchair":"no","religion":"taoist"},"geometry":{"type":"Point","coordinates":[121.467784,25.011295]}},{"type":"Feature","properties":{"id":"osm:way:233130298","name":"山神廟","category":"place_of_worship","religion":"taoist"},"geometry":{"type":"Point","coordinates":[121.592004,25.031654]}},{"type":"Feature","properties":{"id":"osm:way:233472717","name":"坤元宮","category":"place_of_worship"},"geometry":{"type":"Point","coordinates":[121.613151,25.0603]}},{"type":"Feature","properties":{"id":"osm:way:237014531","name":"玄聖宮","category":"place_of_worship","religion":"taoist"},"geometry":{"type":"Point","coordinates":[121.532833,24.990298]}},{"type":"Feature","properties":{"id":"osm:way:240610342","name":"汐止大尖山聖德宮","category":"place_of_worship","address":"221新北市汐止區勤進路193號","phone":"+886 2 2641 9933","religion":"taoist"},"geometry":{"type":"Point","coordinates":[121.665312,25.054356]}},{"type":"Feature","properties":{"id":"osm:way:240610343","name":"五谷金聖殿","category":"place_of_worship","religion":"buddhist"},"geometry":{"type":"Point","coordinates":[121.663831,25.05403]}},{"type":"Feature","properties":{"id":"osm:way:244797167","name":"福安宮","category":"place_of_worship","nameEn":"Fuan Temple","address":"台北市公舘路85巷2弄"},"geometry":{"type":"Point","coordinates":[121.504841,25.13109]}},{"type":"Feature","properties":{"id":"osm:way:245576469","name":"真修寺","category":"place_of_worship","address":"116台北市文山區試院路134號","religion":"buddhist"},"geometry":{"type":"Point","coordinates":[121.545806,24.990616]}},{"type":"Feature","properties":{"id":"osm:way:246582235","name":"真聖堂","category":"place_of_worship"},"geometry":{"type":"Point","coordinates":[121.512149,25.055396]}},{"type":"Feature","properties":{"id":"osm:way:247419612","name":"文昌宮","category":"place_of_worship","wheelchair":"no","religion":"taoist","denomination":"10"},"geometry":{"type":"Point","coordinates":[121.521009,25.059195]}},{"type":"Feature","properties":{"id":"osm:way:250114008","name":"北興宮","category":"place_of_worship","religion":"taoist"},"geometry":{"type":"Point","coordinates":[121.590601,25.037192]}},{"type":"Feature","properties":{"id":"osm:way:251664074","name":"台北市中華基督教青年會","category":"place_of_worship","nameEn":"Young Men's Christian Association (YMCA)","address":"10047臺北市中正區許昌街19號","website":"http://www.ymca.org.tw/","religion":"christian"},"geometry":{"type":"Point","coordinates":[121.516564,25.045728]}},{"type":"Feature","properties":{"id":"osm:way:251906435","name":"濟德宮","category":"place_of_worship","religion":"taoist"},"geometry":{"type":"Point","coordinates":[121.657751,25.06843]}},{"type":"Feature","properties":{"id":"osm:way:251906436","name":"福興宮","category":"place_of_worship","religion":"taoist"},"geometry":{"type":"Point","coordinates":[121.658341,25.068985]}},{"type":"Feature","properties":{"id":"osm:way:252570492","name":"汐止長老教會","category":"place_of_worship","religion":"christian","denomination":"presbyterian"},"geometry":{"type":"Point","coordinates":[121.662441,25.069957]}},{"type":"Feature","properties":{"id":"osm:way:254447006","name":"中研福德宮","category":"place_of_worship","nameEn":"Academic Sinica Earth God Temple","address":"115臺北市南港區中研里35鄰研究院路二段102巷23弄臨1之1號","religion":"taoist"},"geometry":{"type":"Point","coordinates":[121.611481,25.04197]}},{"type":"Feature","properties":{"id":"osm:way:254982617","name":"福山巖顯應廟","category":"place_of_worship","religion":"taoist"},"geometry":{"type":"Point","coordinates":[121.618836,25.046365]}},{"type":"Feature","properties":{"id":"osm:way:255362757","name":"忠順廟","category":"place_of_worship","religion":"taoist"},"geometry":{"type":"Point","coordinates":[121.659038,25.068595]}},{"type":"Feature","properties":{"id":"osm:way:256400917","name":"南港舊莊福德宮","category":"place_of_worship","address":"115臺北市南港區舊莊里14鄰南深路2號","religion":"taoist"},"geometry":{"type":"Point","coordinates":[121.621395,25.038898]}},{"type":"Feature","properties":{"id":"osm:way:256810929","name":"慈惠堂","category":"place_of_worship"},"geometry":{"type":"Point","coordinates":[121.504912,25.118331]}},{"type":"Feature","properties":{"id":"osm:way:257236722","name":"雙連長老教會","category":"place_of_worship","address":"10448台北市中山區中山北路二段111號","phone":"+886 2 25415390","wheelchair":"no","religion":"christian","denomination":"presbyterian"},"geometry":{"type":"Point","coordinates":[121.523307,25.060153]}},{"type":"Feature","properties":{"id":"osm:way:258410880","name":"Mother of God","category":"place_of_worship","address":"111臺北市士林區中山北路六段171號","religion":"christian","denomination":"catholic"},"geometry":{"type":"Point","coordinates":[121.532293,25.124252]}},{"type":"Feature","properties":{"id":"osm:way:258432690","name":"福民宮","category":"place_of_worship","address":"104台北市大同區承德路二段3號","phone":"+886 2 25589190","religion":"taoist"},"geometry":{"type":"Point","coordinates":[121.518089,25.053629]}},{"type":"Feature","properties":{"id":"osm:way:258699148","name":"福德宮","category":"place_of_worship","religion":"taoist"},"geometry":{"type":"Point","coordinates":[121.529122,25.070841]}},{"type":"Feature","properties":{"id":"osm:way:259072392","name":"南天宮","category":"place_of_worship","nameEn":"Nantian Temple","religion":"taoist"},"geometry":{"type":"Point","coordinates":[121.586971,25.033216]}},{"type":"Feature","properties":{"id":"osm:way:259072398","name":"壽天宮","category":"place_of_worship","religion":"taoist"},"geometry":{"type":"Point","coordinates":[121.586584,25.031959]}},{"type":"Feature","properties":{"id":"osm:way:259072404","name":"明山寺","category":"place_of_worship","religion":"buddhist"},"geometry":{"type":"Point","coordinates":[121.586173,25.030077]}},{"type":"Feature","properties":{"id":"osm:way:259072408","name":"福壽宮","category":"place_of_worship"},"geometry":{"type":"Point","coordinates":[121.585153,25.036171]}},{"type":"Feature","properties":{"id":"osm:way:259072411","name":"翠華宮","category":"place_of_worship"},"geometry":{"type":"Point","coordinates":[121.586022,25.034204]}},{"type":"Feature","properties":{"id":"osm:way:259072413","name":"興南府","category":"place_of_worship","religion":"taoist"},"geometry":{"type":"Point","coordinates":[121.586506,25.033273]}},{"type":"Feature","properties":{"id":"osm:way:259084317","name":"二重萬善同","category":"place_of_worship"},"geometry":{"type":"Point","coordinates":[121.456456,25.091911]}},{"type":"Feature","properties":{"id":"osm:way:259084321","name":"延平宮","category":"place_of_worship","religion":"chinese_folk"},"geometry":{"type":"Point","coordinates":[121.507068,25.053657]}},{"type":"Feature","properties":{"id":"osm:way:259732784","name":"慈悟寺","category":"place_of_worship","religion":"buddhist"},"geometry":{"type":"Point","coordinates":[121.532712,25.133477]}},{"type":"Feature","properties":{"id":"osm:way:259861125","name":"石棚土地公","category":"place_of_worship","religion":"taoist"},"geometry":{"type":"Point","coordinates":[121.539488,25.1399]}},{"type":"Feature","properties":{"id":"osm:way:259901806","name":"芝山岩惠濟宮","category":"place_of_worship","nameEn":"Huiji Temple,Chih-Shan-Yen","religion":"taoist"},"geometry":{"type":"Point","coordinates":[121.530794,25.103124]}},{"type":"Feature","properties":{"id":"osm:way:259901826","name":"芝山岩聖祐宮","category":"place_of_worship","religion":"taoist"},"geometry":{"type":"Point","coordinates":[121.529449,25.104268]}},{"type":"Feature","properties":{"id":"osm:way:261647345","name":"許氏宗祠","category":"place_of_worship"},"geometry":{"type":"Point","coordinates":[121.577533,25.029996]}},{"type":"Feature","properties":{"id":"osm:way:261651523","name":"信義慈惠堂","category":"place_of_worship","religion":"chinese_folk"},"geometry":{"type":"Point","coordinates":[121.572845,25.025965]}},{"type":"Feature","properties":{"id":"osm:way:261651528","name":"台北福犁宮","category":"place_of_worship"},"geometry":{"type":"Point","coordinates":[121.571077,25.02503]}},{"type":"Feature","properties":{"id":"osm:way:261655998","name":"十方大法禪寺","category":"place_of_worship","address":"110台北市信義區福德街221巷248號","religion":"buddhist"},"geometry":{"type":"Point","coordinates":[121.589935,25.031393]}},{"type":"Feature","properties":{"id":"osm:way:261656000","name":"萬善公媽祠","category":"place_of_worship","religion":"taoist"},"geometry":{"type":"Point","coordinates":[121.585216,25.036041]}},{"type":"Feature","properties":{"id":"osm:way:261673073","name":"修聖寺","category":"place_of_worship","religion":"buddhist"},"geometry":{"type":"Point","coordinates":[121.579166,25.026255]}},{"type":"Feature","properties":{"id":"osm:way:261673080","name":"松山靈隱寺","category":"place_of_worship","religion":"buddhist"},"geometry":{"type":"Point","coordinates":[121.581521,25.025036]}},{"type":"Feature","properties":{"id":"osm:way:261700871","name":"北台慈惠堂","category":"place_of_worship","religion":"taoist"},"geometry":{"type":"Point","coordinates":[121.58133,25.022758]}},{"type":"Feature","properties":{"id":"osm:way:261711345","name":"寒山寺","category":"place_of_worship"},"geometry":{"type":"Point","coordinates":[121.581346,25.026628]}},{"type":"Feature","properties":{"id":"osm:way:262173462","name":"合誠宮","category":"place_of_worship","religion":"chinese_folk"},"geometry":{"type":"Point","coordinates":[121.575022,25.13042]}},{"type":"Feature","properties":{"id":"osm:way:262353899","name":"圳仔頭福德正神","category":"place_of_worship","religion":"chinese_folk"},"geometry":{"type":"Point","coordinates":[121.575398,25.131667]}},{"type":"Feature","properties":{"id":"osm:way:262488377","name":"指福宮","category":"place_of_worship","nameEn":"Zhifu Temple","address":"111台北市士林區莊頂路113號","religion":"taoist"},"geometry":{"type":"Point","coordinates":[121.55319,25.110602]}},{"type":"Feature","properties":{"id":"osm:way:262526187","name":"承德福德宮","category":"place_of_worship","address":"111臺北市士林區承德里8鄰劍潭路40號","wheelchair":"no","religion":"taoist"},"geometry":{"type":"Point","coordinates":[121.522256,25.083905]}},{"type":"Feature","properties":{"id":"osm:way:263784595","name":"玉皇宮道場","category":"place_of_worship","religion":"buddhist"},"geometry":{"type":"Point","coordinates":[121.486922,24.978708]}},{"type":"Feature","properties":{"id":"osm:way:263933126","name":"玉皇宮(天公廟)","category":"place_of_worship","religion":"buddhist"},"geometry":{"type":"Point","coordinates":[121.489028,24.980294]}},{"type":"Feature","properties":{"id":"osm:way:263933128","name":"慈雲寺","category":"place_of_worship","religion":"buddhist"},"geometry":{"type":"Point","coordinates":[121.490889,24.981353]}},{"type":"Feature","properties":{"id":"osm:way:264113196","name":"崇德文教紀念館","category":"place_of_worship","address":"235新北市中和區圓通路367巷33弄34之6號"},"geometry":{"type":"Point","coordinates":[121.4943,24.98394]}},{"type":"Feature","properties":{"id":"osm:way:266848724","name":"蘆洲湧蓮寺","category":"place_of_worship","nameEn":"Luzhong Yonglian Temple","address":"新北市蘆洲區得勝里得勝街96號","wheelchair":"no","religion":"taoist"},"geometry":{"type":"Point","coordinates":[121.471299,25.083361]}},{"type":"Feature","properties":{"id":"osm:way:266848725","name":"蘆洲保和宮","category":"place_of_worship","address":"新北市蘆洲區保和里2鄰成功路182號","wheelchair":"yes","religion":"taoist"},"geometry":{"type":"Point","coordinates":[121.471296,25.084091]}},{"type":"Feature","properties":{"id":"osm:way:268317348","name":"三介廟","category":"place_of_worship","nameEn":"Sanjie Temple","religion":"buddhist"},"geometry":{"type":"Point","coordinates":[121.516403,24.987834]}},{"type":"Feature","properties":{"id":"osm:way:268396850","name":"中國佛教會","category":"place_of_worship","address":"100臺北市中正區紹興北街6號","religion":"buddhist"},"geometry":{"type":"Point","coordinates":[121.525074,25.044985]}},{"type":"Feature","properties":{"id":"osm:way:268556267","name":"仁愛堂","category":"place_of_worship","address":"台北市八德路一段11號","phone":"+886-2-2397-1282","website":"https://renaibc.org.tw/","religion":"christian","denomination":"baptist"},"geometry":{"type":"Point","coordinates":[121.530772,25.044413]}},{"type":"Feature","properties":{"id":"osm:way:269169659","name":"東和禪寺","category":"place_of_worship","address":"臺北市中正區仁愛路一段21-33號","religion":"buddhist"},"geometry":{"type":"Point","coordinates":[121.522668,25.039453]}},{"type":"Feature","properties":{"id":"osm:way:271660311","name":"圓通禪寺","category":"place_of_worship","religion":"buddhist"},"geometry":{"type":"Point","coordinates":[121.492538,24.98245]}},{"type":"Feature","properties":{"id":"osm:way:271670269","name":"圓通巖","category":"place_of_worship","address":"台北市"},"geometry":{"type":"Point","coordinates":[121.528828,25.081576]}},{"type":"Feature","properties":{"id":"osm:way:272985485","name":"福龍宮","category":"place_of_worship","address":"221新北市汐止區水源路一段71號","phone":"+886 2 2642 6964","website":"https://www.facebook.com/pages/%E6%B1%90%E6%AD%A2%E7%A6%8F%E9%BE%8D%E5%AE%AE%E7%99%BE%E5%B9%B4%E5%9C%9F%E5%9C%B0%E5%85%AC/281046802045066?ref=stream","religion":"taoist"},"geometry":{"type":"Point","coordinates":[121.657316,25.064794]}},{"type":"Feature","properties":{"id":"osm:way:284785140","name":"台北護國延平宮","category":"place_of_worship","address":"114臺北市內湖區金瑞里18鄰內湖路三段348巷6號","phone":"+886 2 2793 4700","website":"https://koxinga.org/"},"geometry":{"type":"Point","coordinates":[121.583585,25.09165]}},{"type":"Feature","properties":{"id":"osm:way:284785879","name":"金龍禪寺","category":"place_of_worship","address":"臺北市內湖區內湖路三段256巷2號","religion":"buddhist"},"geometry":{"type":"Point","coordinates":[121.586202,25.092307]}},{"type":"Feature","properties":{"id":"osm:way:285364837","name":"鎮南宮","category":"place_of_worship","religion":"buddhist"},"geometry":{"type":"Point","coordinates":[121.470679,25.000092]}},{"type":"Feature","properties":{"id":"osm:way:291547131","name":"景福宮","category":"place_of_worship","nameEn":"Jingfu Temple","address":"104臺北市中山區圓山里9鄰德惠街11號","religion":"taoist"},"geometry":{"type":"Point","coordinates":[121.525533,25.066972]}},{"type":"Feature","properties":{"id":"osm:way:292559644","name":"仁慈寺","category":"place_of_worship","nameEn":"Benevolence temple","address":"235新北市中和區圓通路367巷68號","religion":"buddhist"},"geometry":{"type":"Point","coordinates":[121.494207,24.982051]}},{"type":"Feature","properties":{"id":"osm:way:292559650","name":"中和樂天宮","category":"place_of_worship","address":"235新北市中和區中興街236巷38號","religion":"taoist"},"geometry":{"type":"Point","coordinates":[121.499537,24.986755]}},{"type":"Feature","properties":{"id":"osm:way:293137963","name":"福壽宮","category":"place_of_worship","wheelchair":"no","religion":"buddhist","denomination":"taoist"},"geometry":{"type":"Point","coordinates":[121.52084,25.074902]}},{"type":"Feature","properties":{"id":"osm:way:294321324","name":"無極順天宮","category":"place_of_worship","address":"251新北市淡水區鄧公路23巷1-1號","wheelchair":"yes","religion":"taoist"},"geometry":{"type":"Point","coordinates":[121.450852,25.170283]}},{"type":"Feature","properties":{"id":"osm:way:296526790","name":"葫蘆寺","category":"place_of_worship","religion":"taoist"},"geometry":{"type":"Point","coordinates":[121.508497,25.085222]}},{"type":"Feature","properties":{"id":"osm:way:296989093","name":"黃帝神宮","category":"place_of_worship","address":"251新北市淡水區水源街二段177巷20號","religion":"yellow_emperor"},"geometry":{"type":"Point","coordinates":[121.454731,25.17661]}},{"type":"Feature","properties":{"id":"osm:way:298049811","name":"南港長老教會","category":"place_of_worship","address":"115台北市南港區中南街113號","religion":"christian","denomination":"protestant"},"geometry":{"type":"Point","coordinates":[121.615453,25.052387]}},{"type":"Feature","properties":{"id":"osm:way:298953640","name":"松山進安宮","category":"place_of_worship","religion":"taoist"},"geometry":{"type":"Point","coordinates":[121.580243,25.046686]}},{"type":"Feature","properties":{"id":"osm:way:300819547","name":"慈善宮","category":"place_of_worship","religion":"taoist"},"geometry":{"type":"Point","coordinates":[121.503435,25.139381]}},{"type":"Feature","properties":{"id":"osm:way:301867577","name":"大佛寺","category":"place_of_worship","religion":"taoist"},"geometry":{"type":"Point","coordinates":[121.469202,25.025919]}},{"type":"Feature","properties":{"id":"osm:way:305563768","name":"妙法寺","category":"place_of_worship","religion":"buddhist"},"geometry":{"type":"Point","coordinates":[121.537724,24.960069]}},{"type":"Feature","properties":{"id":"osm:way:307526012","name":"慈濟萬華靜思堂","category":"place_of_worship","address":"10862臺北市萬華區莒光路222號","phone":"+886 2 2336 6526","website":"https://www.tzuchi.org.tw/","religion":"buddhist"},"geometry":{"type":"Point","coordinates":[121.500224,25.031414]}},{"type":"Feature","properties":{"id":"osm:way:308170706","name":"聖女小德蘭朝聖地","category":"place_of_worship","religion":"christian","denomination":"catholic"},"geometry":{"type":"Point","coordinates":[121.499164,25.032229]}},{"type":"Feature","properties":{"id":"osm:way:308339632","name":"三元宮","category":"place_of_worship"},"geometry":{"type":"Point","coordinates":[121.452003,24.986354]}},{"type":"Feature","properties":{"id":"osm:way:308417775","name":"士林慈諴宮","category":"place_of_worship","nameEn":"Shilin Cixian Temple","address":"臺北市士林區大南路90號","wheelchair":"limited","religion":"taoist"},"geometry":{"type":"Point","coordinates":[121.524711,25.089629]}},{"type":"Feature","properties":{"id":"osm:way:310283919","name":"燕山黃大宗祠","category":"place_of_worship","religion":"taoist"},"geometry":{"type":"Point","coordinates":[121.4961,25.037045]}},{"type":"Feature","properties":{"id":"osm:way:310399676","name":"第一長老教會","category":"place_of_worship","address":"10489台北市中山區建國北路一段124巷53號","phone":"+886 2 25074559","religion":"christian","denomination":"presbyterian"},"geometry":{"type":"Point","coordinates":[121.535134,25.050707]}},{"type":"Feature","properties":{"id":"osm:way:310579754","name":"先天道院","category":"place_of_worship","phone":"+886 2 2305 6278","religion":"taoist"},"geometry":{"type":"Point","coordinates":[121.495179,25.023463]}},{"type":"Feature","properties":{"id":"osm:way:311163147","name":"艋舺福興宮","category":"place_of_worship","religion":"taoist"},"geometry":{"type":"Point","coordinates":[121.494809,25.034999]}},{"type":"Feature","properties":{"id":"osm:way:311314053","name":"三條路福德宮","category":"place_of_worship","religion":"taoist"},"geometry":{"type":"Point","coordinates":[121.48982,25.030635]}},{"type":"Feature","properties":{"id":"osm:way:312139461","name":"正義浸信會","category":"place_of_worship","address":"10656台北市大安區仁愛路三段123巷13弄1-5號","religion":"christian"},"geometry":{"type":"Point","coordinates":[121.542127,25.040025]}},{"type":"Feature","properties":{"id":"osm:way:313299015","name":"長慶廟","category":"place_of_worship","wheelchair":"no","religion":"taoist"},"geometry":{"type":"Point","coordinates":[121.521897,25.024984]}},{"type":"Feature","properties":{"id":"osm:way:313584140","name":"慈福宮","category":"place_of_worship"},"geometry":{"type":"Point","coordinates":[121.579826,25.051886]}},{"type":"Feature","properties":{"id":"osm:way:313584144","name":"松山水福宮","category":"place_of_worship","address":"10567臺北市松山區松河街3號","phone":"+886 2 2762 8030","religion":"taoist"},"geometry":{"type":"Point","coordinates":[121.571871,25.050767]}},{"type":"Feature","properties":{"id":"osm:way:313584146","name":"臺灣基督長老教會","category":"place_of_worship","religion":"christian","denomination":"presbyterian"},"geometry":{"type":"Point","coordinates":[121.581849,25.049642]}},{"type":"Feature","properties":{"id":"osm:way:313587972","name":"長老教會松山教會","category":"place_of_worship","address":"105臺北市松山區饒河街105號","religion":"christian"},"geometry":{"type":"Point","coordinates":[121.573943,25.050626]}},{"type":"Feature","properties":{"id":"osm:way:313786185","name":"通法禪寺","category":"place_of_worship","address":"100台北市中正區廈門街34巷15號","phone":"+886 2 2364 8619","religion":"buddhist"},"geometry":{"type":"Point","coordinates":[121.517048,25.026115]}},{"type":"Feature","properties":{"id":"osm:way:314284440","name":"圓覺寺","category":"place_of_worship"},"geometry":{"type":"Point","coordinates":[121.590984,25.097722]}},{"type":"Feature","properties":{"id":"osm:way:315568668","name":"新莊聖保祿天主堂","category":"place_of_worship","nameEn":"St. Paul Catholic Church","address":"242012新北市新莊區新興街1-1號","phone":"+886 2 2993-3520","website":"http://stpaulus.catholic.org.tw/","religion":"christian","denomination":"catholic"},"geometry":{"type":"Point","coordinates":[121.45055,25.036406]}},{"type":"Feature","properties":{"id":"osm:way:317136321","name":"福生宮","category":"place_of_worship","religion":"taoist"},"geometry":{"type":"Point","coordinates":[121.618092,25.070288]}},{"type":"Feature","properties":{"id":"osm:way:319526557","name":"全真東華觀","category":"place_of_worship","religion":"taoist"},"geometry":{"type":"Point","coordinates":[121.57218,25.028914]}},{"type":"Feature","properties":{"id":"osm:way:319737767","name":"慈航寺","category":"place_of_worship","religion":"buddhist"},"geometry":{"type":"Point","coordinates":[121.583252,25.025721]}},{"type":"Feature","properties":{"id":"osm:way:319737769","name":"慈航寺大悲殿","category":"place_of_worship","address":"110台北市信義區松山路677之4號","religion":"buddhist"},"geometry":{"type":"Point","coordinates":[121.582651,25.025925]}},{"type":"Feature","properties":{"id":"osm:way:319737772","name":"普陀寺","category":"place_of_worship","religion":"buddhist"},"geometry":{"type":"Point","coordinates":[121.58298,25.026063]}},{"type":"Feature","properties":{"id":"osm:way:319737774","name":"鳳山寺","category":"place_of_worship","religion":"taoist"},"geometry":{"type":"Point","coordinates":[121.584283,25.025354]}},{"type":"Feature","properties":{"id":"osm:way:319855055","name":"護國九天宮忠孝堂","category":"place_of_worship","address":"115台北市南港區南深路91巷33號","religion":"taoist"},"geometry":{"type":"Point","coordinates":[121.633311,25.02751]}},{"type":"Feature","properties":{"id":"osm:way:319855074","name":"福興宮","category":"place_of_worship","religion":"taoist"},"geometry":{"type":"Point","coordinates":[121.627522,25.036999]}},{"type":"Feature","properties":{"id":"osm:way:319855075","name":"舊莊天后宮","category":"place_of_worship","religion":"taoist"},"geometry":{"type":"Point","coordinates":[121.627679,25.037089]}},{"type":"Feature","properties":{"id":"osm:way:324139906","name":"景美會元洞清水祖師廟","category":"place_of_worship","address":"臺北市文山區興福里興隆路二段22巷9弄4號","religion":"taoist"},"geometry":{"type":"Point","coordinates":[121.545885,24.997415]}},{"type":"Feature","properties":{"id":"osm:way:324373494","name":"碧河宮","category":"place_of_worship","religion":"shinto"},"geometry":{"type":"Point","coordinates":[121.493458,24.996975]}},{"type":"Feature","properties":{"id":"osm:way:324463807","name":"行道會台北教會","category":"place_of_worship","address":"106臺北市大安區忠孝東路四段181巷17號","religion":"christian"},"geometry":{"type":"Point","coordinates":[121.55089,25.042639]}},{"type":"Feature","properties":{"id":"osm:way:325508863","name":"臺灣基督長教會","category":"place_of_worship","address":"11677台北市汀州路四段85巷2號","phone":"+886 2 2932 7941","website":"http://www.kkcpct.org","religion":"christian","denomination":"presbyterian"},"geometry":{"type":"Point","coordinates":[121.537505,25.007454]}},{"type":"Feature","properties":{"id":"osm:way:326202541","name":"河濱福德宮","category":"place_of_worship","wheelchair":"yes","religion":"taoist"},"geometry":{"type":"Point","coordinates":[121.535822,25.010423]}},{"type":"Feature","properties":{"id":"osm:way:326478139","name":"文山溪州福德宮","category":"place_of_worship","wheelchair":"limited","religion":"taoist"},"geometry":{"type":"Point","coordinates":[121.534354,25.006146]}},{"type":"Feature","properties":{"id":"osm:way:328231683","name":"忠義廟","category":"place_of_worship"},"geometry":{"type":"Point","coordinates":[121.461631,25.081421]}},{"type":"Feature","properties":{"id":"osm:way:328964943","name":"台北基督徒聚會處","category":"place_of_worship","nameEn":"Taipei Christian Assembly","address":"105台北市中正區南海路39號","phone":"+886 2 2371 0952","website":"http://www.taipeiassembly.org/tpi/","religion":"christian","denomination":"christian_assembly"},"geometry":{"type":"Point","coordinates":[121.512686,25.031738]}},{"type":"Feature","properties":{"id":"osm:way:329975356","name":"慈聖佛堂","category":"place_of_worship","religion":"buddhist"},"geometry":{"type":"Point","coordinates":[121.616242,25.11938]}},{"type":"Feature","properties":{"id":"osm:way:331098605","name":"仙巖廟","category":"place_of_worship","religion":"chinese_folk"},"geometry":{"type":"Point","coordinates":[121.548028,24.992628]}},{"type":"Feature","properties":{"id":"osm:way:331838430","name":"長老教會安坑教會","category":"place_of_worship","religion":"christian"},"geometry":{"type":"Point","coordinates":[121.514565,24.962597]}},{"type":"Feature","properties":{"id":"osm:way:333290666","name":"慈后宮","category":"place_of_worship","religion":"taoist"},"geometry":{"type":"Point","coordinates":[121.502148,25.128314]}},{"type":"Feature","properties":{"id":"osm:way:333599216","name":"永吉福德宮","category":"place_of_worship","address":"110台北市信義區永吉路120巷92號"},"geometry":{"type":"Point","coordinates":[121.570091,25.042198]}},{"type":"Feature","properties":{"id":"osm:way:333599236","name":"萬善堂","category":"place_of_worship"},"geometry":{"type":"Point","coordinates":[121.570507,25.041588]}},{"type":"Feature","properties":{"id":"osm:way:333599334","name":"興雅福德宮","category":"place_of_worship","religion":"taoist"},"geometry":{"type":"Point","coordinates":[121.568671,25.044595]}},{"type":"Feature","properties":{"id":"osm:way:334005606","name":"慈聖宮","category":"place_of_worship"},"geometry":{"type":"Point","coordinates":[121.471587,24.969161]}},{"type":"Feature","properties":{"id":"osm:way:334649027","name":"福興宮","category":"place_of_worship","wheelchair":"no","religion":"taoist"},"geometry":{"type":"Point","coordinates":[121.556984,25.033954]}},{"type":"Feature","properties":{"id":"osm:way:337379753","name":"後埔福德宮","category":"place_of_worship","address":"220067新北市板橋區重慶路67巷3之1號","phone":"+886 2 2953 4706","religion":"taoist"},"geometry":{"type":"Point","coordinates":[121.461962,25.007331]}},{"type":"Feature","properties":{"id":"osm:way:337379757","name":"妙雲宮","category":"place_of_worship","address":"220067新北市板橋區重慶路37號","phone":"+886 2 2957 9995","religion":"taoist"},"geometry":{"type":"Point","coordinates":[121.461689,25.007715]}},{"type":"Feature","properties":{"id":"osm:way:339957193","name":"三山善社","category":"place_of_worship","religion":"taoist"},"geometry":{"type":"Point","coordinates":[121.552074,25.014457]}},{"type":"Feature","properties":{"id":"osm:way:340104576","name":"慈濟靜思堂","category":"place_of_worship","religion":"buddhist"},"geometry":{"type":"Point","coordinates":[121.53865,25.043694]}},{"type":"Feature","properties":{"id":"osm:way:340572766","name":"板橋四汴頭廣厚宮","category":"place_of_worship","religion":"taoist"},"geometry":{"type":"Point","coordinates":[121.459256,24.991446]}},{"type":"Feature","properties":{"id":"osm:way:345683923","name":"基督復臨安息日會台北教會","category":"place_of_worship","address":"106臺北市大安區新生南路二段26號二樓","website":"http://taipei.sdaglobal.org/","religion":"christian"},"geometry":{"type":"Point","coordinates":[121.532722,25.032022]}},{"type":"Feature","properties":{"id":"osm:way:345839937","name":"順惠廟","category":"place_of_worship","religion":"taoist"},"geometry":{"type":"Point","coordinates":[121.617293,25.045265]}},{"type":"Feature","properties":{"id":"osm:way:347457091","name":"景美進興宮","category":"place_of_worship","religion":"taoist"},"geometry":{"type":"Point","coordinates":[121.54196,24.991526]}},{"type":"Feature","properties":{"id":"osm:way:347985923","name":"聖多福天主堂","category":"place_of_worship","nameEn":"St. Christopher's Church","address":"104台北市中山區中山北路三段51號","website":"https://www.catholic.org.tw/taipei/chi/","religion":"christian","denomination":"catholic"},"geometry":{"type":"Point","coordinates":[121.522924,25.067287]}},{"type":"Feature","properties":{"id":"osm:way:347987006","name":"崇德宮","category":"place_of_worship","address":"臺北市中山區撫順街41巷臨2之10號","phone":"+886 2 2596 6402","religion":"taoist"},"geometry":{"type":"Point","coordinates":[121.519234,25.064312]}},{"type":"Feature","properties":{"id":"osm:way:348745649","name":"臺灣基督長老教會","category":"place_of_worship","address":"臺北市中山區林森北路62號","phone":"+886-2-25518480","religion":"christian","denomination":"presbyterian"},"geometry":{"type":"Point","coordinates":[121.524205,25.049026]}},{"type":"Feature","properties":{"id":"osm:way:350363360","name":"二二八公園福德宮","category":"place_of_worship","nameEn":"228 Park Fude Temple","address":"10046臺北市中正區懷寧街109號","phone":"+886 2 2371 5624","wheelchair":"yes","religion":"taoist"},"geometry":{"type":"Point","coordinates":[121.514165,25.041128]}},{"type":"Feature","properties":{"id":"osm:way:352919292","name":"深坑集順廟","category":"place_of_worship","address":"新北市深坑區深坑里007鄰深坑街133號","religion":"taoist"},"geometry":{"type":"Point","coordinates":[121.613576,25.001216]}},{"type":"Feature","properties":{"id":"osm:way:353643707","name":"聖靈寺","category":"place_of_worship","address":"台北市中正區汀州路三段10號","religion":"buddhist"},"geometry":{"type":"Point","coordinates":[121.527721,25.01787]}},{"type":"Feature","properties":{"id":"osm:way:353651093","name":"台北文化清真寺","category":"place_of_worship","nameEn":"Taipei Cultural Mosque","address":"臺北市中正區辛亥路一段25巷3號","phone":"+886-2-2367-5421","religion":"muslim"},"geometry":{"type":"Point","coordinates":[121.527944,25.019444]}},{"type":"Feature","properties":{"id":"osm:way:353678877","name":"古亭地府陰公廟","category":"place_of_worship","wheelchair":"no","religion":"taoist"},"geometry":{"type":"Point","coordinates":[121.522636,25.026465]}},{"type":"Feature","properties":{"id":"osm:way:353808711","name":"萬慶巖清水祖師廟","category":"place_of_worship","address":"台北市文山區萬慶街124號","phone":"+886 2 2932 8612","website":"https://www.wangingyan.com/","religion":"taoist"},"geometry":{"type":"Point","coordinates":[121.536673,24.99509]}},{"type":"Feature","properties":{"id":"osm:way:355706227","name":"聖道明天主堂","category":"place_of_worship","address":"10470台北市吉林路378號","phone":"+886 2 2594 2294","website":"https://www.catholic.org.tw/dominican/sdc.htm","religion":"christian","denomination":"catholic"},"geometry":{"type":"Point","coordinates":[121.529918,25.064606]}},{"type":"Feature","properties":{"id":"osm:way:357019988","name":"大忠宮","category":"place_of_worship"},"geometry":{"type":"Point","coordinates":[121.526449,25.080592]}},{"type":"Feature","properties":{"id":"osm:way:357019989","name":"金剛寺","category":"place_of_worship"},"geometry":{"type":"Point","coordinates":[121.525941,25.08094]}},{"type":"Feature","properties":{"id":"osm:way:358494667","name":"台灣台北聖殿","category":"place_of_worship","nameEn":"Taipei Taiwan Temple","address":"106臺北市大安區愛國東路256號","website":"https://www.churchofjesuschrist.org/temples/details/taipei-taiwan-temple","religion":"christian","denomination":"latter_day_saints"},"geometry":{"type":"Point","coordinates":[121.527827,25.031307]}},{"type":"Feature","properties":{"id":"osm:way:358649612","name":"天主教聖家堂","category":"place_of_worship","nameEn":"Holy Family Catholic Church","address":"10650臺北市大安區新生南路二段50號","phone":"+886 2 2392-0701","website":"https://www.holyfamilytaipei.org/","religion":"christian","denomination":"catholic"},"geometry":{"type":"Point","coordinates":[121.533607,25.0289]}},{"type":"Feature","properties":{"id":"osm:way:358651179","name":"景美浸信會","category":"place_of_worship","address":"116台北市文山區育英街63號","phone":"+886-2-2931-4144","website":"http://cmbc.org.tw/","religion":"christian","denomination":"baptist"},"geometry":{"type":"Point","coordinates":[121.538802,24.991981]}},{"type":"Feature","properties":{"id":"osm:way:358671225","name":"石門宮盤古帝王廟","category":"place_of_worship","religion":"taoist"},"geometry":{"type":"Point","coordinates":[121.542689,24.989122]}},{"type":"Feature","properties":{"id":"osm:way:360337428","name":"南福宮","category":"place_of_worship","address":"100臺北市中正區和平西路一段55巷3號","religion":"taoist"},"geometry":{"type":"Point","coordinates":[121.519886,25.027151]}},{"type":"Feature","properties":{"id":"osm:way:361124412","name":"泰安宮","category":"place_of_worship","address":"106臺北市大安區潮州街98巷1;3號","religion":"taoist"},"geometry":{"type":"Point","coordinates":[121.525339,25.028666]}},{"type":"Feature","properties":{"id":"osm:way:362808798","name":"天帝教台北市掌院","category":"place_of_worship","address":"231 新北市新店區北新路二段153-159號","website":"http://tienti55.tw/","religion":"tiandi teachings"},"geometry":{"type":"Point","coordinates":[121.542704,24.976097]}},{"type":"Feature","properties":{"id":"osm:way:363359146","name":"真耶穌教會臺北教會","category":"place_of_worship","nameEn":"True Jesus Chruch in Taipei","religion":"christian","denomination":"protestant"},"geometry":{"type":"Point","coordinates":[121.526405,25.041807]}},{"type":"Feature","properties":{"id":"osm:way:364545992","name":"台北衛理堂","category":"place_of_worship","religion":"christian","denomination":"methodist"},"geometry":{"type":"Point","coordinates":[121.533129,25.039724]}},{"type":"Feature","properties":{"id":"osm:way:364730022","name":"圓通學苑","category":"place_of_worship","religion":"buddhist"},"geometry":{"type":"Point","coordinates":[121.523643,25.029172]}},{"type":"Feature","properties":{"id":"osm:way:365099782","name":"三張犁仙童廟","category":"place_of_worship","religion":"taoist"},"geometry":{"type":"Point","coordinates":[121.557996,25.030677]}},{"type":"Feature","properties":{"id":"osm:way:365354743","name":"基督教宣道會台北堂","category":"place_of_worship","address":"台北市遼寧街83號","phone":"+886-2-2711-5123","religion":"christian","denomination":"christian_and_missionary_alliance"},"geometry":{"type":"Point","coordinates":[121.54246,25.049747]}},{"type":"Feature","properties":{"id":"osm:way:365354751","name":"朱厝崙福聚宮","category":"place_of_worship","address":"臺北市龍江路55巷21號","wheelchair":"yes","religion":"taoist"},"geometry":{"type":"Point","coordinates":[121.542069,25.049586]}},{"type":"Feature","properties":{"id":"osm:way:365725612","name":"伯公亭","category":"place_of_worship","religion":"taoist"},"geometry":{"type":"Point","coordinates":[121.536662,25.013551]}},{"type":"Feature","properties":{"id":"osm:way:368877197","name":"福安宮","category":"place_of_worship","address":"105台北市松山區寧安街52巷16弄1號","religion":"taoist"},"geometry":{"type":"Point","coordinates":[121.553499,25.050343]}},{"type":"Feature","properties":{"id":"osm:way:368877198","name":"福德宮","category":"place_of_worship","address":"105台北市松山區八德路三段106巷13之3號","religion":"taoist"},"geometry":{"type":"Point","coordinates":[121.553854,25.047419]}},{"type":"Feature","properties":{"id":"osm:way:368877199","name":"美仁浸信會","category":"place_of_worship","address":"105台北市松山區八德路三段106巷106號","phone":"+886-2-2579-2065","religion":"christian"},"geometry":{"type":"Point","coordinates":[121.554151,25.045002]}},{"type":"Feature","properties":{"id":"osm:way:368933083","name":"游氏宗祠","category":"place_of_worship"},"geometry":{"type":"Point","coordinates":[121.499573,24.990565]}},{"type":"Feature","properties":{"id":"osm:way:369322344","name":"救千宮","category":"place_of_worship","address":"116臺北市文山區老泉里9鄰老泉街45巷25之3號","phone":"+886 2 2939 2661","website":"http://www.gcku.com.tw/","religion":"taoist"},"geometry":{"type":"Point","coordinates":[121.574632,24.973879]}},{"type":"Feature","properties":{"id":"osm:way:369322348","name":"木柵混元宮","category":"place_of_worship","address":"116臺北市文山區老泉里6鄰老泉街45巷1之1號","phone":"+886 2 2937 9088","religion":"chinese_folk"},"geometry":{"type":"Point","coordinates":[121.569154,24.977741]}},{"type":"Feature","properties":{"id":"osm:way:369954918","name":"紅檀","category":"place_of_worship","religion":"buddhist"},"geometry":{"type":"Point","coordinates":[121.539081,25.14497]}},{"type":"Feature","properties":{"id":"osm:way:370675222","name":"聖瑪竇天主堂","category":"place_of_worship","address":"104臺北市中山區建國北路二段64巷23號","phone":"+886-2-2507-0519","website":"https://www.catholic.org.tw/taipei/chi/deanery/17/","religion":"christian"},"geometry":{"type":"Point","coordinates":[121.53527,25.054422]}},{"type":"Feature","properties":{"id":"osm:way:371239214","name":"湖光基督教會","category":"place_of_worship","address":"114台北市內湖區內湖路一段608號","religion":"christian"},"geometry":{"type":"Point","coordinates":[121.578448,25.078494]}},{"type":"Feature","properties":{"id":"osm:way:371664179","name":"神農宮","category":"place_of_worship","address":"111台北市士林區前街74之1號","wheelchair":"no","religion":"taoist"},"geometry":{"type":"Point","coordinates":[121.526304,25.097882]}},{"type":"Feature","properties":{"id":"osm:way:372089053","name":"皇母宮","category":"place_of_worship","religion":"taoist"},"geometry":{"type":"Point","coordinates":[121.582556,25.026449]}},{"type":"Feature","properties":{"id":"osm:way:372366226","name":"鎮山宮","category":"place_of_worship","religion":"buddhist"},"geometry":{"type":"Point","coordinates":[121.590282,25.032384]}},{"type":"Feature","properties":{"id":"osm:way:372366227","name":"楊聖宮","category":"place_of_worship","religion":"chinese_folk"},"geometry":{"type":"Point","coordinates":[121.58401,25.028591]}},{"type":"Feature","properties":{"id":"osm:way:375469288","name":"慈生宮","category":"place_of_worship","nameEn":"Ci-sheng Temple","address":"112臺北市北投區立農街一段321號","phone":"+886 2 2822 7410","wheelchair":"no","religion":"buddhist","denomination":"taoism"},"geometry":{"type":"Point","coordinates":[121.507012,25.119773]}},{"type":"Feature","properties":{"id":"osm:way:375678688","name":"慈后宮土地公","category":"place_of_worship","religion":"buddhist","denomination":"taoist"},"geometry":{"type":"Point","coordinates":[121.501172,25.128148]}},{"type":"Feature","properties":{"id":"osm:way:375838663","name":"陳氏祠堂","category":"place_of_worship"},"geometry":{"type":"Point","coordinates":[121.499444,25.13296]}},{"type":"Feature","properties":{"id":"osm:way:375861986","name":"屈原宮","category":"place_of_worship","religion":"buddhist","denomination":"taoist"},"geometry":{"type":"Point","coordinates":[121.505667,25.099718]}},{"type":"Feature","properties":{"id":"osm:way:377243838","name":"善光寺","category":"place_of_worship","address":"台北市北投區溫泉路銀光巷20號","religion":"buddhist","denomination":"淨土宗西山深草派"},"geometry":{"type":"Point","coordinates":[121.518723,25.135544]}},{"type":"Feature","properties":{"id":"osm:way:377243840","name":"佛寶塔","category":"place_of_worship","religion":"buddhist"},"geometry":{"type":"Point","coordinates":[121.519018,25.135498]}},{"type":"Feature","properties":{"id":"osm:way:377573368","name":"台北市教會第三聚會所","category":"place_of_worship","religion":"christian"},"geometry":{"type":"Point","coordinates":[121.530756,25.026848]}},{"type":"Feature","properties":{"id":"osm:way:377623784","name":"佛光山安國寺","category":"place_of_worship","religion":"buddhist"},"geometry":{"type":"Point","coordinates":[121.503716,25.146986]}},{"type":"Feature","properties":{"id":"osm:way:377623787","name":"佛光山安國寺","category":"place_of_worship","religion":"buddhist"},"geometry":{"type":"Point","coordinates":[121.503577,25.147112]}},{"type":"Feature","properties":{"id":"osm:way:377623817","name":"祖師禪林","category":"place_of_worship","religion":"buddhist"},"geometry":{"type":"Point","coordinates":[121.505217,25.149742]}},{"type":"Feature","properties":{"id":"osm:way:377623833","name":"慈航禪寺","category":"place_of_worship","religion":"buddhist"},"geometry":{"type":"Point","coordinates":[121.496425,25.145297]}},{"type":"Feature","properties":{"id":"osm:way:378021521","name":"八仙福德宮","category":"place_of_worship","religion":"taoist"},"geometry":{"type":"Point","coordinates":[121.48307,25.114438]}},{"type":"Feature","properties":{"id":"osm:way:378459300","name":"靈惠廟","category":"place_of_worship"},"geometry":{"type":"Point","coordinates":[121.517937,25.150136]}},{"type":"Feature","properties":{"id":"osm:way:378902106","name":"北投聖高隆邦堂","category":"place_of_worship","nameEn":"St. Columban's Church","religion":"christian"},"geometry":{"type":"Point","coordinates":[121.500189,25.137423]}},{"type":"Feature","properties":{"id":"osm:way:379092826","name":"福德宮","category":"place_of_worship","religion":"buddhist","denomination":"taoism"},"geometry":{"type":"Point","coordinates":[121.500571,25.158743]}},{"type":"Feature","properties":{"id":"osm:way:379342188","name":"福壽宮","category":"place_of_worship","religion":"taoist"},"geometry":{"type":"Point","coordinates":[121.552747,24.979157]}},{"type":"Feature","properties":{"id":"osm:way:379852376","name":"吳氏宗祠","category":"place_of_worship"},"geometry":{"type":"Point","coordinates":[121.502874,25.156075]}},{"type":"Feature","properties":{"id":"osm:way:380243366","name":"劍潭天德宮","category":"place_of_worship","religion":"taoist"},"geometry":{"type":"Point","coordinates":[121.517473,25.081135]}},{"type":"Feature","properties":{"id":"osm:way:382217669","name":"福祐宮","category":"place_of_worship","nameEn":"Fu You Tample","religion":"taoist"},"geometry":{"type":"Point","coordinates":[121.467131,25.088286]}},{"type":"Feature","properties":{"id":"osm:way:382217670","name":"保祐宮","category":"place_of_worship"},"geometry":{"type":"Point","coordinates":[121.467765,25.0886]}},{"type":"Feature","properties":{"id":"osm:way:383637309","name":"新店和平福德宮","category":"place_of_worship","address":"231新北市新店區民生路158巷117之3號","religion":"taoist"},"geometry":{"type":"Point","coordinates":[121.526674,24.982441]}},{"type":"Feature","properties":{"id":"osm:way:385149397","name":"六張犁福德宮","category":"place_of_worship","religion":"taoist"},"geometry":{"type":"Point","coordinates":[121.556402,25.0237]}},{"type":"Feature","properties":{"id":"osm:way:386897076","name":"慈濟精舍","category":"place_of_worship","religion":"buddhist"},"geometry":{"type":"Point","coordinates":[121.537081,25.045765]}},{"type":"Feature","properties":{"id":"osm:way:387470344","name":"樂墘宮","category":"place_of_worship","address":"235新北市中和區安平路99號","phone":"+886 2 8942 1342","religion":"taoist"},"geometry":{"type":"Point","coordinates":[121.511153,24.996993]}},{"type":"Feature","properties":{"id":"osm:way:388166940","name":"三重天后宮","category":"place_of_worship"},"geometry":{"type":"Point","coordinates":[121.500718,25.058079]}},{"type":"Feature","properties":{"id":"osm:way:389528590","name":"三玉宮","category":"place_of_worship","address":"111台北市士林區天母東路6號","religion":"taoist"},"geometry":{"type":"Point","coordinates":[121.530717,25.117952]}},{"type":"Feature","properties":{"id":"osm:way:390780641","name":"白鬚公廟","category":"place_of_worship","address":"105台北市松山區吉祥路70號","wheelchair":"no","religion":"taoist"},"geometry":{"type":"Point","coordinates":[121.562442,25.050908]}},{"type":"Feature","properties":{"id":"osm:way:390780644","name":"雙境廟","category":"place_of_worship","address":"104台北市中山區松江路235巷22號","religion":"taoist"},"geometry":{"type":"Point","coordinates":[121.534193,25.058698]}},{"type":"Feature","properties":{"id":"osm:way:398005534","name":"聖家會","category":"place_of_worship","religion":"christian"},"geometry":{"type":"Point","coordinates":[121.539507,24.991651]}},{"type":"Feature","properties":{"id":"osm:way:399480976","name":"吳氏宗祠","category":"place_of_worship"},"geometry":{"type":"Point","coordinates":[121.516051,24.96813]}},{"type":"Feature","properties":{"id":"osm:way:400582381","name":"聖若望鮑思高天主堂","category":"place_of_worship","religion":"christian","denomination":"catholic"},"geometry":{"type":"Point","coordinates":[121.54736,25.058158]}},{"type":"Feature","properties":{"id":"osm:way:401888183","name":"聖恩衛理堂","category":"place_of_worship","address":"11053台北市信義區嘉興街214號","religion":"christian"},"geometry":{"type":"Point","coordinates":[121.556565,25.027076]}},{"type":"Feature","properties":{"id":"osm:way:404053473","name":"興安宮","category":"place_of_worship","address":"116070臺北市文山區仙岩路16巷64號","religion":"chinese_folk"},"geometry":{"type":"Point","coordinates":[121.550182,24.996357]}},{"type":"Feature","properties":{"id":"osm:way:404905850","name":"安素堂","category":"place_of_worship","address":"111臺北市士林區臨溪路70號","wheelchair":"no","religion":"christian"},"geometry":{"type":"Point","coordinates":[121.547427,25.094054]}},{"type":"Feature","properties":{"id":"osm:way:405593040","name":"芝山宮","category":"place_of_worship","religion":"taoist"},"geometry":{"type":"Point","coordinates":[121.533875,25.108109]}},{"type":"Feature","properties":{"id":"osm:way:405868490","name":"長安天主堂","category":"place_of_worship","nameEn":"Changan Catholic Church","address":"104009臺北市中山區林森北路73號","website":"http://changanchurch.weebly.com/","religion":"christian","denomination":"roman_catholic"},"geometry":{"type":"Point","coordinates":[121.524878,25.049307]}},{"type":"Feature","properties":{"id":"osm:way:409975937","name":"基督教懷寧浸信會","category":"place_of_worship","nameEn":"Hwaining Baptist Church","address":"100臺北市中正區懷寧街49號","phone":"+886-2-23610431","website":"http://www.hwaining.org.tw/","wheelchair":"limited","religion":"christian","denomination":"baptist"},"geometry":{"type":"Point","coordinates":[121.514359,25.044444]}},{"type":"Feature","properties":{"id":"osm:way:412907481","name":"浸禮聖經會台北會幕堂","category":"place_of_worship","nameEn":"The Taipei Bible Baptist Tabernacle Church","address":"10446台北市中山中山北路一段105巷19號","phone":"+886 2 2571 2150","website":"http://blog.yam.com/tbtc","religion":"christian","denomination":"baptist"},"geometry":{"type":"Point","coordinates":[121.524073,25.050725]}},{"type":"Feature","properties":{"id":"osm:way:419000202","name":"中和四面佛","category":"place_of_worship","wheelchair":"yes","religion":"hindu"},"geometry":{"type":"Point","coordinates":[121.503798,24.993333]}},{"type":"Feature","properties":{"id":"osm:way:419819692","name":"天主堂","category":"place_of_worship","address":"116臺北市文山區羅斯福路五段51號","religion":"christian","denomination":"catholic"},"geometry":{"type":"Point","coordinates":[121.539259,25.006959]}},{"type":"Feature","properties":{"id":"osm:way:420084878","name":"先靈廟","category":"place_of_worship"},"geometry":{"type":"Point","coordinates":[121.553051,25.002636]}},{"type":"Feature","properties":{"id":"osm:way:420084989","name":"福興宮","category":"place_of_worship","address":"116台北市文山區福興路5號","religion":"chinese_folk"},"geometry":{"type":"Point","coordinates":[121.551299,25.00225]}},{"type":"Feature","properties":{"id":"osm:way:420085052","name":"衛理平安堂","category":"place_of_worship","address":"116台北市文山區仙岩路16巷37號","religion":"christian","denomination":"methodist"},"geometry":{"type":"Point","coordinates":[121.550042,24.99809]}},{"type":"Feature","properties":{"id":"osm:way:420085057","name":"順天宮","category":"place_of_worship","address":"臺北市文山區興隆路一段137巷86號","religion":"taoist"},"geometry":{"type":"Point","coordinates":[121.542944,25.002501]}},{"type":"Feature","properties":{"id":"osm:way:420457746","name":"大湖土地公廟","category":"place_of_worship"},"geometry":{"type":"Point","coordinates":[121.605671,25.094002]}},{"type":"Feature","properties":{"id":"osm:way:420571782","name":"信義會生命堂","category":"place_of_worship","address":"104臺北市中山區龍江路135號","religion":"christian"},"geometry":{"type":"Point","coordinates":[121.540777,25.053471]}},{"type":"Feature","properties":{"id":"osm:way:420661162","name":"真修寺","category":"place_of_worship","religion":"buddhist"},"geometry":{"type":"Point","coordinates":[121.546104,24.990622]}},{"type":"Feature","properties":{"id":"osm:way:420672821","name":"天上聖母","category":"place_of_worship"},"geometry":{"type":"Point","coordinates":[121.527129,25.081877]}},{"type":"Feature","properties":{"id":"osm:way:420672824","name":"觀音佛祖院","category":"place_of_worship"},"geometry":{"type":"Point","coordinates":[121.527061,25.080986]}},{"type":"Feature","properties":{"id":"osm:way:420672825","name":"福安宮","category":"place_of_worship"},"geometry":{"type":"Point","coordinates":[121.527223,25.081126]}},{"type":"Feature","properties":{"id":"osm:way:420672826","name":"藥師佛","category":"place_of_worship"},"geometry":{"type":"Point","coordinates":[121.527286,25.081291]}},{"type":"Feature","properties":{"id":"osm:way:420672828","name":"觀音佛祖","category":"place_of_worship"},"geometry":{"type":"Point","coordinates":[121.527249,25.082117]}},{"type":"Feature","properties":{"id":"osm:way:420672829","name":"大佛","category":"place_of_worship"},"geometry":{"type":"Point","coordinates":[121.527263,25.082413]}},{"type":"Feature","properties":{"id":"osm:way:420672830","name":"佛祖寺","category":"place_of_worship"},"geometry":{"type":"Point","coordinates":[121.528174,25.082365]}},{"type":"Feature","properties":{"id":"osm:way:420672831","name":"增壽宮","category":"place_of_worship"},"geometry":{"type":"Point","coordinates":[121.528518,25.082528]}},{"type":"Feature","properties":{"id":"osm:way:420707835","name":"福德正神","category":"place_of_worship","wheelchair":"no"},"geometry":{"type":"Point","coordinates":[121.527637,25.08214]}},{"type":"Feature","properties":{"id":"osm:way:420720226","name":"分靈宮","category":"place_of_worship"},"geometry":{"type":"Point","coordinates":[121.526321,25.081876]}},{"type":"Feature","properties":{"id":"osm:way:420981031","name":"觀音岩","category":"place_of_worship","religion":"chinese_folk"},"geometry":{"type":"Point","coordinates":[121.578133,25.028132]}},{"type":"Feature","properties":{"id":"osm:way:420981032","name":"萬壽宮","category":"place_of_worship","religion":"chinese_folk"},"geometry":{"type":"Point","coordinates":[121.578211,25.02831]}},{"type":"Feature","properties":{"id":"osm:way:420981035","name":"山神洞","category":"place_of_worship","religion":"chinese_folk"},"geometry":{"type":"Point","coordinates":[121.578485,25.028332]}},{"type":"Feature","properties":{"id":"osm:way:420981036","name":"觀音廟","category":"place_of_worship","religion":"chinese_folk"},"geometry":{"type":"Point","coordinates":[121.578606,25.028122]}},{"type":"Feature","properties":{"id":"osm:way:420981037","name":"主母殿","category":"place_of_worship","religion":"chinese_folk"},"geometry":{"type":"Point","coordinates":[121.578407,25.028005]}},{"type":"Feature","properties":{"id":"osm:way:420981038","name":"天玉寺","category":"place_of_worship","religion":"buddhist"},"geometry":{"type":"Point","coordinates":[121.578881,25.028173]}},{"type":"Feature","properties":{"id":"osm:way:420981039","name":"福德宮","category":"place_of_worship","religion":"chinese_folk"},"geometry":{"type":"Point","coordinates":[121.578922,25.028376]}},{"type":"Feature","properties":{"id":"osm:way:420992750","name":"福德宮","category":"place_of_worship","religion":"taoist"},"geometry":{"type":"Point","coordinates":[121.578421,25.026147]}},{"type":"Feature","properties":{"id":"osm:way:421020260","name":"觀音像","category":"place_of_worship","religion":"buddhist"},"geometry":{"type":"Point","coordinates":[121.581147,25.025121]}},{"type":"Feature","properties":{"id":"osm:way:421029320","name":"福德宮","category":"place_of_worship","religion":"taoist"},"geometry":{"type":"Point","coordinates":[121.594616,25.03272]}},{"type":"Feature","properties":{"id":"osm:way:421637352","name":"混元道觀","category":"place_of_worship","address":"231新北市新店區中興路一段70號"},"geometry":{"type":"Point","coordinates":[121.539876,24.960104]}},{"type":"Feature","properties":{"id":"osm:way:421735089","name":"北天宮","category":"place_of_worship"},"geometry":{"type":"Point","coordinates":[121.622332,25.089627]}},{"type":"Feature","properties":{"id":"osm:way:421736225","name":"福祿宮","category":"place_of_worship"},"geometry":{"type":"Point","coordinates":[121.623201,25.086998]}},{"type":"Feature","properties":{"id":"osm:way:421736228","name":"三教山","category":"place_of_worship"},"geometry":{"type":"Point","coordinates":[121.618272,25.086815]}},{"type":"Feature","properties":{"id":"osm:way:422975865","name":"南港聖玫瑰天主堂","category":"place_of_worship","address":"115台北市南港區研究院路一段113號","religion":"christian","denomination":"catholic"},"geometry":{"type":"Point","coordinates":[121.616226,25.051826]}},{"type":"Feature","properties":{"id":"osm:way:423036624","name":"三聖宮","category":"place_of_worship","religion":"chinese_folk"},"geometry":{"type":"Point","coordinates":[121.622725,25.053452]}},{"type":"Feature","properties":{"id":"osm:way:423062237","name":"照明寺","category":"place_of_worship","wheelchair":"no"},"geometry":{"type":"Point","coordinates":[121.526244,25.085105]}},{"type":"Feature","properties":{"id":"osm:way:423592794","name":"福正宮","category":"place_of_worship"},"geometry":{"type":"Point","coordinates":[121.524522,25.080419]}},{"type":"Feature","properties":{"id":"osm:way:423669804","name":"虎形山福德宮","category":"place_of_worship"},"geometry":{"type":"Point","coordinates":[121.665463,25.06965]}},{"type":"Feature","properties":{"id":"osm:way:425758291","name":"蘆洲護天宮地母廟","category":"place_of_worship","address":"247新北市蘆洲區復興路227巷26號","wheelchair":"no","religion":"chinese_folk"},"geometry":{"type":"Point","coordinates":[121.479492,25.091132]}},{"type":"Feature","properties":{"id":"osm:way:426065093","name":"拱北殿","category":"place_of_worship","nameEn":"Gongbeidian","address":"新北市汐止區烘內里001鄰汐萬路三段88號"},"geometry":{"type":"Point","coordinates":[121.64205,25.094349]}},{"type":"Feature","properties":{"id":"osm:way:426157526","name":"下內埔福安宮","category":"place_of_worship","address":"106臺北市大安區臥龍街61號","religion":"taoist"},"geometry":{"type":"Point","coordinates":[121.547474,25.022163]}},{"type":"Feature","properties":{"id":"osm:way:426157527","name":"聖約翰坐堂","category":"place_of_worship","address":"106臺北市大安區復興南路二段280號","religion":"christian","denomination":"catholic"},"geometry":{"type":"Point","coordinates":[121.543086,25.02441]}},{"type":"Feature","properties":{"id":"osm:way:427461152","name":"五分埔福德宮","category":"place_of_worship","address":"臺北市信義區虎林街51-1號","religion":"taoist"},"geometry":{"type":"Point","coordinates":[121.576796,25.047568]}},{"type":"Feature","properties":{"id":"osm:way:427461153","name":"臺北府城隍廟","category":"place_of_worship","address":"臺北市松山區虎林街3號","wheelchair":"yes","religion":"taoist"},"geometry":{"type":"Point","coordinates":[121.576181,25.049562]}},{"type":"Feature","properties":{"id":"osm:way:427777825","name":"中國美生總會","category":"place_of_worship","nameEn":"grand lodge of China","address":"104臺北市中山區遼寧街63巷10號","religion":"multifaith"},"geometry":{"type":"Point","coordinates":[121.543145,25.049248]}},{"type":"Feature","properties":{"id":"osm:way:428935728","name":"八分寮福德宮","category":"place_of_worship","religion":"taoist"},"geometry":{"type":"Point","coordinates":[121.641705,25.0112]}},{"type":"Feature","properties":{"id":"osm:way:428940801","name":"福德宮","category":"place_of_worship","religion":"taoist"},"geometry":{"type":"Point","coordinates":[121.613001,25.001132]}},{"type":"Feature","properties":{"id":"osm:way:429008894","name":"光明寺","category":"place_of_worship","address":"新北市石碇區光明里001鄰碇南路二段鹿窟巷17號","phone":"+886 2 2663 1298","religion":"buddhist"},"geometry":{"type":"Point","coordinates":[121.666426,25.032376]}},{"type":"Feature","properties":{"id":"osm:way:430062396","name":"吊硞坑福德宮","category":"place_of_worship","religion":"chinese_folk"},"geometry":{"type":"Point","coordinates":[121.581333,24.979207]}},{"type":"Feature","properties":{"id":"osm:way:430062400","name":"木柵集應廟","category":"place_of_worship"},"geometry":{"type":"Point","coordinates":[121.568351,24.987262]}},{"type":"Feature","properties":{"id":"osm:way:430075117","name":"風動石頭公廟","category":"place_of_worship","religion":"chinese_folk"},"geometry":{"type":"Point","coordinates":[121.581216,25.002082]}},{"type":"Feature","properties":{"id":"osm:way:430621848","name":"景美代天宮","category":"place_of_worship","address":"116臺北市文山區景東里2鄰景興路201巷12弄8號","religion":"taoist"},"geometry":{"type":"Point","coordinates":[121.54471,24.992048]}},{"type":"Feature","properties":{"id":"osm:way:430624110","name":"天主教木柵復活堂","category":"place_of_worship","religion":"christian","denomination":"catholic"},"geometry":{"type":"Point","coordinates":[121.57041,24.987492]}},{"type":"Feature","properties":{"id":"osm:way:430624112","name":"木柵福德宮","category":"place_of_worship","religion":"taoist"},"geometry":{"type":"Point","coordinates":[121.563923,24.988391]}},{"type":"Feature","properties":{"id":"osm:way:430624114","name":"萬興福德宮","category":"place_of_worship","religion":"chinese_folk"},"geometry":{"type":"Point","coordinates":[121.574169,24.988074]}},{"type":"Feature","properties":{"id":"osm:way:430624863","name":"中崙福成宮","category":"place_of_worship"},"geometry":{"type":"Point","coordinates":[121.546828,25.045406]}},{"type":"Feature","properties":{"id":"osm:way:430624864","name":"中崙福順宮","category":"place_of_worship"},"geometry":{"type":"Point","coordinates":[121.547466,25.052725]}},{"type":"Feature","properties":{"id":"osm:way:430628147","name":"台北龍興宮","category":"place_of_worship","religion":"taoist"},"geometry":{"type":"Point","coordinates":[121.560702,25.03635]}},{"type":"Feature","properties":{"id":"osm:way:430668167","name":"土地公廟","category":"place_of_worship"},"geometry":{"type":"Point","coordinates":[121.620807,25.091697]}},{"type":"Feature","properties":{"id":"osm:way:430668168","name":"土地公廟","category":"place_of_worship"},"geometry":{"type":"Point","coordinates":[121.6169,25.09564]}},{"type":"Feature","properties":{"id":"osm:way:431035166","name":"靈德寺","category":"place_of_worship","address":"110台北市信義區崇德街288號","religion":"buddhist"},"geometry":{"type":"Point","coordinates":[121.561406,25.017843]}},{"type":"Feature","properties":{"id":"osm:way:431486691","name":"劍潭古寺","category":"place_of_worship"},"geometry":{"type":"Point","coordinates":[121.55537,25.086218]}},{"type":"Feature","properties":{"id":"osm:way:431544859","name":"永明玉龍宮","category":"place_of_worship"},"geometry":{"type":"Point","coordinates":[121.513659,25.118634]}},{"type":"Feature","properties":{"id":"osm:way:431549440","name":"士林有應公媽廟","category":"place_of_worship","wheelchair":"no"},"geometry":{"type":"Point","coordinates":[121.524533,25.097481]}},{"type":"Feature","properties":{"id":"osm:way:431550758","name":"錫安堂","category":"place_of_worship","religion":"christian"},"geometry":{"type":"Point","coordinates":[121.549797,25.149423]}},{"type":"Feature","properties":{"id":"osm:way:431551577","name":"新興宮","category":"place_of_worship","wheelchair":"yes","religion":"taoist"},"geometry":{"type":"Point","coordinates":[121.527331,25.061545]}},{"type":"Feature","properties":{"id":"osm:way:431551580","name":"無極混元聖蓮宮","category":"place_of_worship"},"geometry":{"type":"Point","coordinates":[121.529204,25.048301]}},{"type":"Feature","properties":{"id":"osm:way:433034218","name":"福安宮","category":"place_of_worship","religion":"taoist"},"geometry":{"type":"Point","coordinates":[121.492116,25.069821]}},{"type":"Feature","properties":{"id":"osm:way:433039785","name":"清南宮","category":"place_of_worship","religion":"taoist"},"geometry":{"type":"Point","coordinates":[121.468435,25.085536]}},{"type":"Feature","properties":{"id":"osm:way:435330179","name":"北峰寺","category":"place_of_worship","nameEn":"Jinlongshan Beifeng Temple","address":"221新北市汐止區湖前街110巷101號","phone":"+886 2 26950721","website":"https://www.beifengtemple.com/","religion":"buddhist"},"geometry":{"type":"Point","coordinates":[121.631277,25.074299]}},{"type":"Feature","properties":{"id":"osm:way:435786862","name":"晉德宮","category":"place_of_worship","address":"108臺北市萬華區萬壽里11鄰康定路11號","phone":"+886 2 2371 6144","wheelchair":"no","religion":"chinese_folk"},"geometry":{"type":"Point","coordinates":[121.503392,25.045889]}},{"type":"Feature","properties":{"id":"osm:way:436193100","name":"德林寺","category":"place_of_worship","religion":"buddhist"},"geometry":{"type":"Point","coordinates":[121.494702,25.072282]}},{"type":"Feature","properties":{"id":"osm:way:436266151","name":"福德宮","category":"place_of_worship"},"geometry":{"type":"Point","coordinates":[121.473736,25.140182]}},{"type":"Feature","properties":{"id":"osm:way:440053131","name":"白雲寺","category":"place_of_worship"},"geometry":{"type":"Point","coordinates":[121.652082,25.041214]}},{"type":"Feature","properties":{"id":"osm:way:440646829","name":"新店靜思堂","category":"place_of_worship","religion":"buddhist"},"geometry":{"type":"Point","coordinates":[121.535824,24.984633]}},{"type":"Feature","properties":{"id":"osm:way:442759862","name":"山主祠","category":"place_of_worship"},"geometry":{"type":"Point","coordinates":[121.622747,25.087153]}},{"type":"Feature","properties":{"id":"osm:way:442759865","name":"慶福祠","category":"place_of_worship"},"geometry":{"type":"Point","coordinates":[121.614144,25.08596]}},{"type":"Feature","properties":{"id":"osm:way:442759868","name":"靜修洞","category":"place_of_worship"},"geometry":{"type":"Point","coordinates":[121.621065,25.087155]}},{"type":"Feature","properties":{"id":"osm:way:444571921","name":"凌振宮","category":"place_of_worship","address":"116003臺北市文山區木柵路一段191巷54號","phone":"+886 2 2236 3152","religion":"chinese_folk"},"geometry":{"type":"Point","coordinates":[121.551141,24.988465]}},{"type":"Feature","properties":{"id":"osm:way:444886281","name":"包公廟","category":"place_of_worship","religion":"buddhist"},"geometry":{"type":"Point","coordinates":[121.515599,25.076617]}},{"type":"Feature","properties":{"id":"osm:way:445127788","name":"慈濟靜思堂","category":"place_of_worship","wheelchair":"yes","religion":"buddhist","denomination":"tzu_chi"},"geometry":{"type":"Point","coordinates":[121.46176,25.087625]}},{"type":"Feature","properties":{"id":"osm:way:445130010","name":"仙公廟","category":"place_of_worship","address":"241新北市三重區中正北路315巷1號","religion":"taoist"},"geometry":{"type":"Point","coordinates":[121.474404,25.072118]}},{"type":"Feature","properties":{"id":"osm:way:445130025","name":"慈濟靜思堂","category":"place_of_worship","address":"新北市三重區大有里023鄰中正北路472號"},"geometry":{"type":"Point","coordinates":[121.473182,25.07079]}},{"type":"Feature","properties":{"id":"osm:way:445131852","name":"聖賢宮天壇","category":"place_of_worship","religion":"taoist"},"geometry":{"type":"Point","coordinates":[121.488329,25.066439]}},{"type":"Feature","properties":{"id":"osm:way:445983240","name":"保安宮潮和宮","category":"place_of_worship"},"geometry":{"type":"Point","coordinates":[121.470863,25.03065]}},{"type":"Feature","properties":{"id":"osm:way:446336775","name":"竹頭公","category":"place_of_worship","religion":"taoist"},"geometry":{"type":"Point","coordinates":[121.488564,25.054714]}},{"type":"Feature","properties":{"id":"osm:way:446496579","name":"聖母宮","category":"place_of_worship","address":"新北市五股區集福里014鄰成泰路四段46號之3"},"geometry":{"type":"Point","coordinates":[121.458133,25.112278]}},{"type":"Feature","properties":{"id":"osm:way:446500366","name":"福行宮","category":"place_of_worship","religion":"taoist"},"geometry":{"type":"Point","coordinates":[121.479324,25.064164]}},{"type":"Feature","properties":{"id":"osm:way:447734846","name":"福佑宮","category":"place_of_worship","address":"106臺北市大安區安東街32號"},"geometry":{"type":"Point","coordinates":[121.542499,25.044128]}},{"type":"Feature","properties":{"id":"osm:way:449379846","name":"真如苑樂群館","category":"place_of_worship","nameEn":"Shinnyo Harmony Hall","address":"104臺北市中山區金泰里14鄰樂群三路310號","phone":"+886 2 8502 3295","website":"https://www.shinnyo-en.org.tw/","religion":"buddhist"},"geometry":{"type":"Point","coordinates":[121.560422,25.082299]}},{"type":"Feature","properties":{"id":"osm:way:452227693","name":"靜修禪院","category":"place_of_worship"},"geometry":{"type":"Point","coordinates":[121.661518,25.061683]}},{"type":"Feature","properties":{"id":"osm:way:452835761","name":"貴格會大直教會","category":"place_of_worship","address":"104臺北市中山區北安路458巷41弄50號","religion":"christian","denomination":"quaker"},"geometry":{"type":"Point","coordinates":[121.546532,25.0789]}},{"type":"Feature","properties":{"id":"osm:way:453737308","name":"橫科拱天宮","category":"place_of_worship","religion":"taoist"},"geometry":{"type":"Point","coordinates":[121.625469,25.048314]}},{"type":"Feature","properties":{"id":"osm:way:454048336","name":"慧日講堂","category":"place_of_worship","religion":"buddhist"},"geometry":{"type":"Point","coordinates":[121.541314,25.049757]}},{"type":"Feature","properties":{"id":"osm:way:454812555","name":"北后雲天宮","category":"place_of_worship","phone":"+886 2 2660 3516","religion":"taoist"},"geometry":{"type":"Point","coordinates":[121.633621,25.039772]}},{"type":"Feature","properties":{"id":"osm:way:456206407","name":"松山寺","category":"place_of_worship","address":"110台北市信義區吳興街284巷17-1號","religion":"buddhist","denomination":"佛光山"},"geometry":{"type":"Point","coordinates":[121.564233,25.023691]}},{"type":"Feature","properties":{"id":"osm:way:456513662","name":"頂坪福德宮","category":"place_of_worship"},"geometry":{"type":"Point","coordinates":[121.542417,25.156708]}},{"type":"Feature","properties":{"id":"osm:way:457101128","name":"陽明禪寺","category":"place_of_worship"},"geometry":{"type":"Point","coordinates":[121.538882,25.152974]}},{"type":"Feature","properties":{"id":"osm:way:457290966","name":"慶德宮","category":"place_of_worship","religion":"taoist"},"geometry":{"type":"Point","coordinates":[121.539084,24.96819]}},{"type":"Feature","properties":{"id":"osm:way:457726799","name":"基督復臨安息日會新店教會","category":"place_of_worship","religion":"christian"},"geometry":{"type":"Point","coordinates":[121.541086,24.969971]}},{"type":"Feature","properties":{"id":"osm:way:462741089","name":"臺灣基督長老教會","category":"place_of_worship","address":"100臺北市中正區中華路一段21巷7弄11號","religion":"christian","denomination":"presbyterian"},"geometry":{"type":"Point","coordinates":[121.51058,25.046911]}},{"type":"Feature","properties":{"id":"osm:way:462935601","name":"天水宮","category":"place_of_worship","religion":"taoist"},"geometry":{"type":"Point","coordinates":[121.508194,25.057868]}},{"type":"Feature","properties":{"id":"osm:way:468378593","name":"石碇虎爺公廟","category":"place_of_worship","address":"新北市石碇區潭邊里002鄰外按5之2號","phone":"+886 2 2663 3609","religion":"chinese_folk"},"geometry":{"type":"Point","coordinates":[121.651382,24.993984]}},{"type":"Feature","properties":{"id":"osm:way:468610702","name":"蘆洲慈惠堂","category":"place_of_worship"},"geometry":{"type":"Point","coordinates":[121.460333,25.083408]}},{"type":"Feature","properties":{"id":"osm:way:468644952","name":"三重捷興宮","category":"place_of_worship"},"geometry":{"type":"Point","coordinates":[121.48757,25.05481]}},{"type":"Feature","properties":{"id":"osm:way:469940319","name":"廣昭宮","category":"place_of_worship","wheelchair":"yes"},"geometry":{"type":"Point","coordinates":[121.500318,25.023472]}},{"type":"Feature","properties":{"id":"osm:way:473917714","name":"東湖感恩堂","category":"place_of_worship","religion":"christian"},"geometry":{"type":"Point","coordinates":[121.610567,25.074154]}},{"type":"Feature","properties":{"id":"osm:way:479868472","name":"黃石公廟","category":"place_of_worship","address":"114台北市內湖區成功路五段39號"},"geometry":{"type":"Point","coordinates":[121.606852,25.077375]}},{"type":"Feature","properties":{"id":"osm:way:483998133","name":"北海宮","category":"place_of_worship","religion":"taoist"},"geometry":{"type":"Point","coordinates":[121.471922,24.996007]}},{"type":"Feature","properties":{"id":"osm:way:484170024","name":"威武宮","category":"place_of_worship","address":"台北市南港區忠孝東路六段462巷","religion":"taoist"},"geometry":{"type":"Point","coordinates":[121.594439,25.050161]}},{"type":"Feature","properties":{"id":"osm:way:491719318","name":"天主教玫瑰堂","category":"place_of_worship","religion":"christian","denomination":"catholic"},"geometry":{"type":"Point","coordinates":[121.553228,25.027599]}},{"type":"Feature","properties":{"id":"osm:way:491726111","name":"李春生紀念教會","category":"place_of_worship","religion":"christian"},"geometry":{"type":"Point","coordinates":[121.508219,25.055129]}},{"type":"Feature","properties":{"id":"osm:way:494424580","name":"祥光寺","category":"place_of_worship","address":"116026臺北市文山區政大里2萬壽路63號","phone":"+886 2 2939 0543","religion":"buddhist"},"geometry":{"type":"Point","coordinates":[121.589004,24.988329]}},{"type":"Feature","properties":{"id":"osm:way:494737354","name":"基督教新生教團新生教會","category":"place_of_worship","address":"10469台北市中山區新生北路二段125號","religion":"christian","denomination":"evangelical"},"geometry":{"type":"Point","coordinates":[121.5281,25.059676]}},{"type":"Feature","properties":{"id":"osm:way:494749369","name":"九府先師廟","category":"place_of_worship","wheelchair":"yes","religion":"taoist"},"geometry":{"type":"Point","coordinates":[121.520218,25.061494]}},{"type":"Feature","properties":{"id":"osm:way:497482178","name":"渡船頭福德宮","category":"place_of_worship","religion":"taoist"},"geometry":{"type":"Point","coordinates":[121.570193,24.987851]}},{"type":"Feature","properties":{"id":"osm:way:498068378","name":"五福財神爺廟","category":"place_of_worship","religion":"taoist"},"geometry":{"type":"Point","coordinates":[121.534855,25.047826]}},{"type":"Feature","properties":{"id":"osm:way:499412086","name":"彌勒內院","category":"place_of_worship"},"geometry":{"type":"Point","coordinates":[121.661749,25.060355]}},{"type":"Feature","properties":{"id":"osm:way:499412088","name":"彌勒內院","category":"place_of_worship"},"geometry":{"type":"Point","coordinates":[121.662722,25.060575]}},{"type":"Feature","properties":{"id":"osm:way:504652177","name":"下塔悠福德爺宮","category":"place_of_worship","address":"104台北市中山區敬業三路196號"},"geometry":{"type":"Point","coordinates":[121.556654,25.077865]}},{"type":"Feature","properties":{"id":"osm:way:504708763","name":"寶藏巖","category":"place_of_worship","address":"臺北市中正區汀州路三段230巷14弄2號","religion":"buddhist"},"geometry":{"type":"Point","coordinates":[121.533187,25.010562]}},{"type":"Feature","properties":{"id":"osm:way:507045172","name":"新莊武聖廟","category":"place_of_worship","religion":"taoist"},"geometry":{"type":"Point","coordinates":[121.450108,25.033784]}},{"type":"Feature","properties":{"id":"osm:way:509937400","name":"和德祠","category":"place_of_worship"},"geometry":{"type":"Point","coordinates":[121.510601,25.052879]}},{"type":"Feature","properties":{"id":"osm:way:509937404","name":"福聚宮","category":"place_of_worship","address":"103012臺北市大同區延平北路一段68號","wheelchair":"yes","religion":"taoist"},"geometry":{"type":"Point","coordinates":[121.511763,25.051652]}},{"type":"Feature","properties":{"id":"osm:way:512476823","name":"溪和宮","category":"place_of_worship","religion":"chinese_folk"},"geometry":{"type":"Point","coordinates":[121.586754,25.128403]}},{"type":"Feature","properties":{"id":"osm:way:512644453","name":"溝子口福德宮","category":"place_of_worship","address":"116臺北市文山區木柵路一段59巷1號","religion":"chinese_folk"},"geometry":{"type":"Point","coordinates":[121.545864,24.986917]}},{"type":"Feature","properties":{"id":"osm:way:513086601","name":"老祖殿","category":"place_of_worship"},"geometry":{"type":"Point","coordinates":[121.609069,25.106818]}},{"type":"Feature","properties":{"id":"osm:way:513086602","name":"興善宮","category":"place_of_worship"},"geometry":{"type":"Point","coordinates":[121.609271,25.106704]}},{"type":"Feature","properties":{"id":"osm:way:513753534","name":"清天宮","category":"place_of_worship","religion":"taoist"},"geometry":{"type":"Point","coordinates":[121.500717,25.160025]}},{"type":"Feature","properties":{"id":"osm:way:514091088","name":"清靈宮","category":"place_of_worship"},"geometry":{"type":"Point","coordinates":[121.617993,25.08696]}},{"type":"Feature","properties":{"id":"osm:way:516093456","name":"天南宮","category":"place_of_worship","religion":"taoist"},"geometry":{"type":"Point","coordinates":[121.614881,24.975087]}},{"type":"Feature","properties":{"id":"osm:way:520206494","name":"水源頭福德宮","category":"place_of_worship"},"geometry":{"type":"Point","coordinates":[121.613576,25.08576]}},{"type":"Feature","properties":{"id":"osm:way:520781829","name":"地藏王廟","category":"place_of_worship"},"geometry":{"type":"Point","coordinates":[121.500809,25.036932]}},{"type":"Feature","properties":{"id":"osm:way:523193432","name":"台北市召會第三十聚會所","category":"place_of_worship","address":"116台北市文山區三福街76號1-7樓","religion":"christian","denomination":"catholic"},"geometry":{"type":"Point","coordinates":[121.544227,24.997794]}},{"type":"Feature","properties":{"id":"osm:way:523383649","name":"台灣基督長老教會艋舺教會","category":"place_of_worship","religion":"christian"},"geometry":{"type":"Point","coordinates":[121.503354,25.039584]}},{"type":"Feature","properties":{"id":"osm:way:524013584","name":"福德宮","category":"place_of_worship","religion":"taoist"},"geometry":{"type":"Point","coordinates":[121.547405,25.102171]}},{"type":"Feature","properties":{"id":"osm:way:524043970","name":"玉泉宮","category":"place_of_worship","address":"新北市汐止區長江街287-1號"},"geometry":{"type":"Point","coordinates":[121.664838,25.081629]}},{"type":"Feature","properties":{"id":"osm:way:524396342","name":"基督教衛理公會福音園","category":"place_of_worship","religion":"christian"},"geometry":{"type":"Point","coordinates":[121.550325,25.111752]}},{"type":"Feature","properties":{"id":"osm:way:524534328","name":"道祖宮","category":"place_of_worship","address":"112臺北市北投區復興三路520巷25號","religion":"taoist"},"geometry":{"type":"Point","coordinates":[121.50685,25.166058]}},{"type":"Feature","properties":{"id":"osm:way:526803075","name":"天靈宮","category":"place_of_worship","religion":"taoist"},"geometry":{"type":"Point","coordinates":[121.459715,24.962945]}},{"type":"Feature","properties":{"id":"osm:way:527996174","name":"台北天后宮","category":"place_of_worship","nameEn":"Taipei Tian Hou Temple","address":"10844台北市萬華區成都路51號","phone":"+886 2 23310421","wheelchair":"no","religion":"taoist"},"geometry":{"type":"Point","coordinates":[121.50639,25.043027]}},{"type":"Feature","properties":{"id":"osm:way:528071028","name":"無極天佛濟寺","category":"place_of_worship","religion":"taoist"},"geometry":{"type":"Point","coordinates":[121.625131,24.962897]}},{"type":"Feature","properties":{"id":"osm:way:529935295","name":"福裕宮","category":"place_of_worship"},"geometry":{"type":"Point","coordinates":[121.517338,25.102847]}},{"type":"Feature","properties":{"id":"osm:way:530280717","name":"清水宮","category":"place_of_worship","wheelchair":"no","religion":"taoist"},"geometry":{"type":"Point","coordinates":[121.501025,25.16086]}},{"type":"Feature","properties":{"id":"osm:way:530280720","name":"淨華精舍","category":"place_of_worship","religion":"buddhist"},"geometry":{"type":"Point","coordinates":[121.500914,25.160408]}},{"type":"Feature","properties":{"id":"osm:way:530305115","name":"真聖宮","category":"place_of_worship","address":"新北市淡水區樹興里005鄰興福寮6之1號","religion":"taoist"},"geometry":{"type":"Point","coordinates":[121.492047,25.165458]}},{"type":"Feature","properties":{"id":"osm:way:530305117","name":"興音寺","category":"place_of_worship","address":"新北市淡水區樹興里005鄰興福寮1之6號","religion":"buddhist"},"geometry":{"type":"Point","coordinates":[121.488262,25.16413]}},{"type":"Feature","properties":{"id":"osm:way:531361611","name":"鎮安宮","category":"place_of_worship","religion":"taoist"},"geometry":{"type":"Point","coordinates":[121.498287,25.064904]}},{"type":"Feature","properties":{"id":"osm:way:531974869","name":"東興宮","category":"place_of_worship","religion":"taoist"},"geometry":{"type":"Point","coordinates":[121.51744,24.977309]}},{"type":"Feature","properties":{"id":"osm:way:533364844","name":"聖母無原罪主教座堂","category":"place_of_worship","nameEn":"Immaculate Conception Cathedral, Taipei","address":"10358臺北市大同區民生西路245號","religion":"christian","denomination":"catholic"},"geometry":{"type":"Point","coordinates":[121.514915,25.057421]}},{"type":"Feature","properties":{"id":"osm:way:539762643","name":"汐止福恩廟","category":"place_of_worship","address":"新北市汐止區大同路一段111巷20號","phone":"+886 2 26417288"},"geometry":{"type":"Point","coordinates":[121.629896,25.055779]}},{"type":"Feature","properties":{"id":"osm:way:540064992","name":"台灣創價學會至善文化會館","category":"place_of_worship","address":"11143臺北市士林區至善路二段250號","religion":"buddhist"},"geometry":{"type":"Point","coordinates":[121.550565,25.099959]}},{"type":"Feature","properties":{"id":"osm:way:542355785","name":"大廣禪寺","category":"place_of_worship","address":"臺北市信義區信義路五段150巷483號","religion":"buddhist"},"geometry":{"type":"Point","coordinates":[121.579796,25.02092]}},{"type":"Feature","properties":{"id":"osm:way:542355800","name":"聖天宮","category":"place_of_worship","religion":"chinese_folk"},"geometry":{"type":"Point","coordinates":[121.579155,25.021821]}},{"type":"Feature","properties":{"id":"osm:way:542936130","name":"九五茅蓬","category":"place_of_worship","religion":"buddhist"},"geometry":{"type":"Point","coordinates":[121.584495,25.028875]}},{"type":"Feature","properties":{"id":"osm:way:543108291","name":"玄明宮","category":"place_of_worship"},"geometry":{"type":"Point","coordinates":[121.588687,25.098105]}},{"type":"Feature","properties":{"id":"osm:way:543208705","name":"農禪寺","category":"place_of_worship","nameEn":"Nung Chan Monastery","address":"112臺北市北投區八仙里14鄰大度路112號","religion":"buddhist"},"geometry":{"type":"Point","coordinates":[121.495358,25.122695]}},{"type":"Feature","properties":{"id":"osm:way:543517057","name":"普願宮","category":"place_of_worship"},"geometry":{"type":"Point","coordinates":[121.512916,25.058066]}},{"type":"Feature","properties":{"id":"osm:way:544516654","name":"水仙宮","category":"place_of_worship","religion":"taoist"},"geometry":{"type":"Point","coordinates":[121.468466,25.033322]}},{"type":"Feature","properties":{"id":"osm:way:545165598","name":"武身開漳聖王廟","category":"place_of_worship"},"geometry":{"type":"Point","coordinates":[121.586463,25.091293]}},{"type":"Feature","properties":{"id":"osm:way:545165602","name":"慈聖宮","category":"place_of_worship","address":"114臺北市內湖區碧山里19鄰內湖路三段256巷臨16號"},"geometry":{"type":"Point","coordinates":[121.584687,25.094098]}},{"type":"Feature","properties":{"id":"osm:way:545805290","name":"艋舺青山宮","category":"place_of_worship","religion":"taoist"},"geometry":{"type":"Point","coordinates":[121.4995,25.039818]}},{"type":"Feature","properties":{"id":"osm:way:545805291","name":"艋舺三清宮","category":"place_of_worship","religion":"taoist"},"geometry":{"type":"Point","coordinates":[121.497021,25.038977]}},{"type":"Feature","properties":{"id":"osm:way:546553721","name":"法雨山普宜苑","category":"place_of_worship","address":"臺北市士林區溪山里至善路三段181巷5弄7號","religion":"buddhist"},"geometry":{"type":"Point","coordinates":[121.57734,25.121312]}},{"type":"Feature","properties":{"id":"osm:way:546630856","name":"和平長老教會","category":"place_of_worship","address":"10649台北市大安區和平東路一段183巷9號","phone":"+886 2 2351 0087","website":"https://www.taipeihoping.org/","religion":"christian","denomination":"presbyterian"},"geometry":{"type":"Point","coordinates":[121.533206,25.027408]}},{"type":"Feature","properties":{"id":"osm:way:546647797","name":"慈祐宮","category":"place_of_worship","religion":"taoist"},"geometry":{"type":"Point","coordinates":[121.45275,25.034602]}},{"type":"Feature","properties":{"id":"osm:way:547013277","name":"秀德宮","category":"place_of_worship","religion":"taoist"},"geometry":{"type":"Point","coordinates":[121.662124,25.057677]}},{"type":"Feature","properties":{"id":"osm:way:547106391","name":"禮拜堂","category":"place_of_worship","religion":"christian"},"geometry":{"type":"Point","coordinates":[121.461364,25.131259]}},{"type":"Feature","properties":{"id":"osm:way:548212625","name":"汐止天主堂","category":"place_of_worship","nameEn":"Xizhi Catholic Church","religion":"christian","denomination":"catholic"},"geometry":{"type":"Point","coordinates":[121.664245,25.071465]}},{"type":"Feature","properties":{"id":"osm:way:548483379","name":"福慈宮","category":"place_of_worship"},"geometry":{"type":"Point","coordinates":[121.476256,25.138023]}},{"type":"Feature","properties":{"id":"osm:way:549603485","name":"仁愛天主堂","category":"place_of_worship","address":"10653臺北市大安區仁愛路三段34巷12號","religion":"christian","denomination":"catholic"},"geometry":{"type":"Point","coordinates":[121.53709,25.037336]}},{"type":"Feature","properties":{"id":"osm:way:551213056","name":"龍全宮","category":"place_of_worship"},"geometry":{"type":"Point","coordinates":[121.486949,25.084064]}},{"type":"Feature","properties":{"id":"osm:way:552620589","name":"臺灣省城隍廟","category":"place_of_worship","nameEn":"Taiwan Sheng Chenghuang Temple","address":"100003臺北市中正區武昌街一段14號","religion":"taoist"},"geometry":{"type":"Point","coordinates":[121.512681,25.043793]}},{"type":"Feature","properties":{"id":"osm:way:553200712","name":"慈天宮","category":"place_of_worship","religion":"buddhist"},"geometry":{"type":"Point","coordinates":[121.586188,25.031269]}},{"type":"Feature","properties":{"id":"osm:way:553208251","name":"朝玄宮","category":"place_of_worship","religion":"taoist"},"geometry":{"type":"Point","coordinates":[121.586672,25.031044]}},{"type":"Feature","properties":{"id":"osm:way:553208252","name":"忠義宮","category":"place_of_worship","nameEn":"Zhongyi Temple","religion":"taoist"},"geometry":{"type":"Point","coordinates":[121.586392,25.031023]}},{"type":"Feature","properties":{"id":"osm:way:553819583","name":"聖母聖心堂","category":"place_of_worship","religion":"christian","denomination":"catholic"},"geometry":{"type":"Point","coordinates":[121.544176,25.025864]}},{"type":"Feature","properties":{"id":"osm:way:554666221","name":"天主教士林耶穌君王堂","category":"place_of_worship","address":"111台北市士林區中正路264號","wheelchair":"no","religion":"christian","denomination":"catholic"},"geometry":{"type":"Point","coordinates":[121.524349,25.095449]}},{"type":"Feature","properties":{"id":"osm:way:555443856","name":"天寶聖道宮","category":"place_of_worship"},"geometry":{"type":"Point","coordinates":[121.565412,25.168442]}},{"type":"Feature","properties":{"id":"osm:way:556240760","name":"福德宮","category":"place_of_worship","religion":"taoist"},"geometry":{"type":"Point","coordinates":[121.550473,25.110265]}},{"type":"Feature","properties":{"id":"osm:way:556240790","name":"關帝聖君廟","category":"place_of_worship"},"geometry":{"type":"Point","coordinates":[121.565384,25.124199]}},{"type":"Feature","properties":{"id":"osm:way:556272869","name":"嶺頭福德宮","category":"place_of_worship","religion":"buddhist"},"geometry":{"type":"Point","coordinates":[121.540091,25.1018]}},{"type":"Feature","properties":{"id":"osm:way:556485817","name":"財神廟","category":"place_of_worship"},"geometry":{"type":"Point","coordinates":[121.507425,25.135564]}},{"type":"Feature","properties":{"id":"osm:way:556610755","name":"金龍福德宮","category":"place_of_worship","address":"114臺北市內湖區內湖路三段60巷10號"},"geometry":{"type":"Point","coordinates":[121.592134,25.087334]}},{"type":"Feature","properties":{"id":"osm:way:556611834","name":"金碧宮","category":"place_of_worship"},"geometry":{"type":"Point","coordinates":[121.591359,25.085242]}},{"type":"Feature","properties":{"id":"osm:way:556614179","name":"內湖梘頭福德祠","category":"place_of_worship","address":"114臺北市內湖區內湖路二段450號"},"geometry":{"type":"Point","coordinates":[121.592467,25.083555]}},{"type":"Feature","properties":{"id":"osm:way:556626696","name":"忠靈祠","category":"place_of_worship"},"geometry":{"type":"Point","coordinates":[121.595028,25.086563]}},{"type":"Feature","properties":{"id":"osm:way:558696353","name":"埤仔頭福德宮","category":"place_of_worship","religion":"taoist"},"geometry":{"type":"Point","coordinates":[121.506297,24.989405]}},{"type":"Feature","properties":{"id":"osm:way:560275348","name":"新莊慈惠堂","category":"place_of_worship"},"geometry":{"type":"Point","coordinates":[121.451126,25.032999]}},{"type":"Feature","properties":{"id":"osm:way:560275350","name":"潮江寺福德祠","category":"place_of_worship"},"geometry":{"type":"Point","coordinates":[121.451556,25.032976]}},{"type":"Feature","properties":{"id":"osm:way:560275359","name":"新莊文昌祠","category":"place_of_worship","address":"242新北市新莊區碧江街20號","phone":"+886229987556"},"geometry":{"type":"Point","coordinates":[121.454899,25.034567]}},{"type":"Feature","properties":{"id":"osm:way:560275360","name":"萬應公","category":"place_of_worship"},"geometry":{"type":"Point","coordinates":[121.454522,25.034208]}},{"type":"Feature","properties":{"id":"osm:way:562231366","name":"大邱田土地公廟","category":"place_of_worship"},"geometry":{"type":"Point","coordinates":[121.606805,25.101584]}},{"type":"Feature","properties":{"id":"osm:way:562920161","name":"靈菩寺","category":"place_of_worship"},"geometry":{"type":"Point","coordinates":[121.669678,25.074188]}},{"type":"Feature","properties":{"id":"osm:way:566972468","name":"奉聖宮","category":"place_of_worship","address":"110臺北市信義區黎安里5鄰和平東路三段631巷52號","religion":"taoist"},"geometry":{"type":"Point","coordinates":[121.569214,25.011676]}},{"type":"Feature","properties":{"id":"osm:way:566972470","name":"石泉巖祖師廟","category":"place_of_worship","address":"110臺北市信義區黎安里5鄰和平東路三段631巷50號","religion":"taoist"},"geometry":{"type":"Point","coordinates":[121.568833,25.011952]}},{"type":"Feature","properties":{"id":"osm:way:567901830","name":"小坑福德宮","category":"place_of_worship","address":"臺北市文山區政大一街210巷","religion":"taoist"},"geometry":{"type":"Point","coordinates":[121.583775,24.984985]}},{"type":"Feature","properties":{"id":"osm:way:570454909","name":"寶纈禪寺","category":"place_of_worship","nameEn":"Baoxie Temple","address":"248新北市五股區成泰路四段43號","website":"https://www.facebook.com/BaoXieTemple/","religion":"buddhist"},"geometry":{"type":"Point","coordinates":[121.455321,25.11028]}},{"type":"Feature","properties":{"id":"osm:way:572399896","name":"東方寺","category":"place_of_worship","religion":"buddhist"},"geometry":{"type":"Point","coordinates":[121.559231,25.123085]}},{"type":"Feature","properties":{"id":"osm:way:576057217","name":"福安宮","category":"place_of_worship","religion":"taoist"},"geometry":{"type":"Point","coordinates":[121.558143,24.987702]}},{"type":"Feature","properties":{"id":"osm:way:579883156","name":"福壽宮","category":"place_of_worship"},"geometry":{"type":"Point","coordinates":[121.581523,25.043979]}},{"type":"Feature","properties":{"id":"osm:way:580743408","name":"土城區公所靈恩塔","category":"place_of_worship"},"geometry":{"type":"Point","coordinates":[121.456776,24.976086]}},{"type":"Feature","properties":{"id":"osm:way:584924962","name":"玉成公園福德宮","category":"place_of_worship","address":"115臺北市南港區鴻福里17鄰中坡南路51號","wheelchair":"yes","religion":"taoist"},"geometry":{"type":"Point","coordinates":[121.584095,25.042659]}},{"type":"Feature","properties":{"id":"osm:way:585021155","name":"顯應聖公","category":"place_of_worship"},"geometry":{"type":"Point","coordinates":[121.58125,25.044993]}},{"type":"Feature","properties":{"id":"osm:way:587241587","name":"天秀宮","category":"place_of_worship","address":"新北市汐止區勤進路601號"},"geometry":{"type":"Point","coordinates":[121.663249,25.05275]}},{"type":"Feature","properties":{"id":"osm:way:587884366","name":"下寮福安宮","category":"place_of_worship"},"geometry":{"type":"Point","coordinates":[121.650399,25.065314]}},{"type":"Feature","properties":{"id":"osm:way:588985660","name":"耶穌基督後期聖徒教會副殿","category":"place_of_worship","address":"臺北市大安區金華街183巷24號"},"geometry":{"type":"Point","coordinates":[121.527233,25.031127]}},{"type":"Feature","properties":{"id":"osm:way:589682286","name":"觀音院","category":"place_of_worship","religion":"buddhist"},"geometry":{"type":"Point","coordinates":[121.660227,25.058762]}},{"type":"Feature","properties":{"id":"osm:way:591330759","name":"救恩堂","category":"place_of_worship","address":"100臺北市中正區文祥里21鄰杭州南路一段129號","religion":"christian"},"geometry":{"type":"Point","coordinates":[121.52507,25.036685]}},{"type":"Feature","properties":{"id":"osm:way:592159163","name":"基督教迦南會大專團契","category":"place_of_worship"},"geometry":{"type":"Point","coordinates":[121.528735,25.023946]}},{"type":"Feature","properties":{"id":"osm:way:595271571","name":"松樹宮","category":"place_of_worship"},"geometry":{"type":"Point","coordinates":[121.594698,25.078313]}},{"type":"Feature","properties":{"id":"osm:way:601741520","name":"海光宮","category":"place_of_worship","address":"111臺北市士林區葫蘆街87號","religion":"taoist"},"geometry":{"type":"Point","coordinates":[121.508286,25.081377]}},{"type":"Feature","properties":{"id":"osm:way:601895589","name":"雙福宮","category":"place_of_worship","religion":"taoist"},"geometry":{"type":"Point","coordinates":[121.495378,25.028602]}},{"type":"Feature","properties":{"id":"osm:way:603483701","name":"臺北湄洲北后宮","category":"place_of_worship"},"geometry":{"type":"Point","coordinates":[121.52321,24.972255]}},{"type":"Feature","properties":{"id":"osm:way:603654535","name":"十普寺","category":"place_of_worship","address":"100臺北市南昌路二段140號","phone":"+886 2 2365 4734","wheelchair":"no","religion":"buddhist"},"geometry":{"type":"Point","coordinates":[121.522755,25.025168]}},{"type":"Feature","properties":{"id":"osm:way:605797921","name":"慈航紀念堂","category":"place_of_worship"},"geometry":{"type":"Point","coordinates":[121.663849,25.059393]}},{"type":"Feature","properties":{"id":"osm:way:605811379","name":"汐止水德宮","category":"place_of_worship"},"geometry":{"type":"Point","coordinates":[121.659644,25.058835]}},{"type":"Feature","properties":{"id":"osm:way:605811667","name":"觀音院","category":"place_of_worship","religion":"buddhist"},"geometry":{"type":"Point","coordinates":[121.659497,25.059649]}},{"type":"Feature","properties":{"id":"osm:way:609718976","name":"汐止伍聖宮","category":"place_of_worship","address":"新北市汐止區鄉長路二段26巷25-1號"},"geometry":{"type":"Point","coordinates":[121.668702,25.085181]}},{"type":"Feature","properties":{"id":"osm:way:610513427","name":"木柵便以利教會","category":"place_of_worship","address":"11605臺北市文山區指南路二段11號","phone":"+886 2 29390544","religion":"christian","denomination":"wesleyan"},"geometry":{"type":"Point","coordinates":[121.572954,24.988571]}},{"type":"Feature","properties":{"id":"osm:way:610739983","name":"台北市中心神召會","category":"place_of_worship","religion":"christian"},"geometry":{"type":"Point","coordinates":[121.521966,25.028491]}},{"type":"Feature","properties":{"id":"osm:way:612952610","name":"天主教玫瑰堂","category":"place_of_worship","religion":"christian","denomination":"catholic"},"geometry":{"type":"Point","coordinates":[121.499323,25.021894]}},{"type":"Feature","properties":{"id":"osm:way:613406698","name":"紫竹寺","category":"place_of_worship"},"geometry":{"type":"Point","coordinates":[121.491585,24.970003]}},{"type":"Feature","properties":{"id":"osm:way:614220083","name":"普濟宮","category":"place_of_worship"},"geometry":{"type":"Point","coordinates":[121.643489,25.083454]}},{"type":"Feature","properties":{"id":"osm:way:615408922","name":"協天宮","category":"place_of_worship"},"geometry":{"type":"Point","coordinates":[121.516148,25.067161]}},{"type":"Feature","properties":{"id":"osm:way:616198942","name":"魁星宮","category":"place_of_worship","address":"251新北市淡水區中正東路二段5巷12號","phone":"+886 2 2808 1798","website":"http://lordkuixing.weebly.com/","religion":"taoist"},"geometry":{"type":"Point","coordinates":[121.458861,25.158749]}},{"type":"Feature","properties":{"id":"osm:way:617900044","name":"真元慈玄堂","category":"place_of_worship","religion":"taoist"},"geometry":{"type":"Point","coordinates":[121.460987,25.153409]}},{"type":"Feature","properties":{"id":"osm:way:618028811","name":"金山蓮社","category":"place_of_worship","religion":"buddhist"},"geometry":{"type":"Point","coordinates":[121.463922,25.155323]}},{"type":"Feature","properties":{"id":"osm:way:621056912","name":"圓明寺","category":"place_of_worship"},"geometry":{"type":"Point","coordinates":[121.556323,25.09939]}},{"type":"Feature","properties":{"id":"osm:way:621056921","name":"鼓山 湧泉寺","category":"place_of_worship"},"geometry":{"type":"Point","coordinates":[121.555143,25.098931]}},{"type":"Feature","properties":{"id":"osm:way:621351260","name":"三重義天宮","category":"place_of_worship","nameEn":"Iteingong","religion":"taoist","denomination":"媽祖"},"geometry":{"type":"Point","coordinates":[121.483719,25.076172]}},{"type":"Feature","properties":{"id":"osm:way:627042782","name":"仁德宮","category":"place_of_worship"},"geometry":{"type":"Point","coordinates":[121.661364,25.070711]}},{"type":"Feature","properties":{"id":"osm:way:627244743","name":"開天宮","category":"place_of_worship"},"geometry":{"type":"Point","coordinates":[121.586514,24.975894]}},{"type":"Feature","properties":{"id":"osm:way:629128342","name":"梘腳坑土地公廟","category":"place_of_worship","religion":"folk","denomination":"TaiwaneseFolkReligion"},"geometry":{"type":"Point","coordinates":[121.610215,24.994645]}},{"type":"Feature","properties":{"id":"osm:way:633253595","name":"木柵北后宮","category":"place_of_worship","address":"11644臺北市文山區辛亥路七段20巷10號","phone":"+886 2 2236 8461","website":"https://www.facebook.com/pg/木柵北后宮-163304000545995","religion":"taoist","denomination":"TaiwaneseFolkReligion"},"geometry":{"type":"Point","coordinates":[121.553846,24.986596]}},{"type":"Feature","properties":{"id":"osm:way:640768015","name":"名菩山聖道院","category":"place_of_worship","religion":"buddhist"},"geometry":{"type":"Point","coordinates":[121.493335,24.965146]}},{"type":"Feature","properties":{"id":"osm:way:645718078","name":"石碇蟠龍山三濟宮","category":"place_of_worship"},"geometry":{"type":"Point","coordinates":[121.648799,24.969957]}},{"type":"Feature","properties":{"id":"osm:way:655513687","name":"天寶聖道宮","category":"place_of_worship","religion":"folk","denomination":"TaiwaneseTraditionalReligion"},"geometry":{"type":"Point","coordinates":[121.653362,24.998361]}},{"type":"Feature","properties":{"id":"osm:way:655581207","name":"清水祖師廟","category":"place_of_worship","address":"新北市石碇區橫坪2-2號"},"geometry":{"type":"Point","coordinates":[121.66738,24.971997]}},{"type":"Feature","properties":{"id":"osm:way:656090628","name":"新福宮","category":"place_of_worship"},"geometry":{"type":"Point","coordinates":[121.665563,25.072001]}},{"type":"Feature","properties":{"id":"osm:way:658692869","name":"新生慈惠堂、無極紫天宮","category":"place_of_worship"},"geometry":{"type":"Point","coordinates":[121.538998,25.100867]}},{"type":"Feature","properties":{"id":"osm:way:660415081","name":"天主教聖佳蘭會院","category":"place_of_worship","address":"台北市士林區建業路73巷","religion":"christian"},"geometry":{"type":"Point","coordinates":[121.548715,25.1373]}},{"type":"Feature","properties":{"id":"osm:way:660701218","name":"無極天聖宮","category":"place_of_worship","religion":"chinese_folk"},"geometry":{"type":"Point","coordinates":[121.582131,25.135417]}},{"type":"Feature","properties":{"id":"osm:way:660701219","name":"慈雲寺","category":"place_of_worship","religion":"buddhist"},"geometry":{"type":"Point","coordinates":[121.58204,25.135809]}},{"type":"Feature","properties":{"id":"osm:way:660712052","name":"至妙寺","category":"place_of_worship"},"geometry":{"type":"Point","coordinates":[121.530641,25.148621]}},{"type":"Feature","properties":{"id":"osm:way:662016767","name":"天理教","category":"place_of_worship","address":"104台北市中山區北安路625號"},"geometry":{"type":"Point","coordinates":[121.548853,25.0832]}},{"type":"Feature","properties":{"id":"osm:way:663117278","name":"台北東門長老教會","category":"place_of_worship","address":"10063台北市中正區仁愛路二段76號","religion":"christian","denomination":"presbyterian"},"geometry":{"type":"Point","coordinates":[121.53023,25.037863]}},{"type":"Feature","properties":{"id":"osm:way:665079896","name":"華嚴聯社","category":"place_of_worship"},"geometry":{"type":"Point","coordinates":[121.530633,25.040264]}},{"type":"Feature","properties":{"id":"osm:way:666411227","name":"大安聖母宮","category":"place_of_worship","address":"台北市大安區龍淵里和平東路二段96巷7號之3"},"geometry":{"type":"Point","coordinates":[121.541502,25.024384]}},{"type":"Feature","properties":{"id":"osm:way:666911299","name":"北極府","category":"place_of_worship","address":"108台北市萬華區洛陽街9之7號","wheelchair":"limited"},"geometry":{"type":"Point","coordinates":[121.508952,25.047296]}},{"type":"Feature","properties":{"id":"osm:way:667261340","name":"基督教便以理會大安堂","category":"place_of_worship","religion":"christian"},"geometry":{"type":"Point","coordinates":[121.55562,25.025128]}},{"type":"Feature","properties":{"id":"osm:way:671166875","name":"淨光寺","category":"place_of_worship"},"geometry":{"type":"Point","coordinates":[121.536639,25.128392]}},{"type":"Feature","properties":{"id":"osm:way:671622905","name":"白馬鎮南宮","category":"place_of_worship","website":"https://www.facebook.com/p/%E7%99%BD%E9%A6%AC%E9%8E%AE%E5%8D%97%E5%AE%AE-100090251315703/","religion":"taoist"},"geometry":{"type":"Point","coordinates":[121.536633,24.967244]}},{"type":"Feature","properties":{"id":"osm:way:672307617","name":"燒粳寮福德廟","category":"place_of_worship"},"geometry":{"type":"Point","coordinates":[121.555717,25.128537]}},{"type":"Feature","properties":{"id":"osm:way:674219646","name":"妙德蘭若","category":"place_of_worship","address":"111臺北市士林區仰德大道二段41巷21號","religion":"buddhist"},"geometry":{"type":"Point","coordinates":[121.542364,25.105676]}},{"type":"Feature","properties":{"id":"osm:way:676970522","name":"宏福宮","category":"place_of_worship","religion":"chinese_folk"},"geometry":{"type":"Point","coordinates":[121.539556,25.061498]}},{"type":"Feature","properties":{"id":"osm:way:679004551","name":"台北聖道堂","category":"place_of_worship","address":"10085台北市中正區同安街26號","phone":"+886 2 2365 3341","website":"https://www.ecftaiwan.org.tw/agency-05.php","wheelchair":"no","religion":"christian"},"geometry":{"type":"Point","coordinates":[121.522033,25.024728]}},{"type":"Feature","properties":{"id":"osm:way:679004554","name":"北天宮","category":"place_of_worship"},"geometry":{"type":"Point","coordinates":[121.521269,25.023315]}},{"type":"Feature","properties":{"id":"osm:way:679004556","name":"五帝廟","category":"place_of_worship"},"geometry":{"type":"Point","coordinates":[121.520462,25.021798]}},{"type":"Feature","properties":{"id":"osm:way:679004558","name":"湄州天后宮","category":"place_of_worship"},"geometry":{"type":"Point","coordinates":[121.520191,25.021596]}},{"type":"Feature","properties":{"id":"osm:way:679017782","name":"三王宮","category":"place_of_worship","address":"112臺北市北投區福美路199號"},"geometry":{"type":"Point","coordinates":[121.505623,25.100197]}},{"type":"Feature","properties":{"id":"osm:way:683313209","name":"五路財神廟","category":"place_of_worship"},"geometry":{"type":"Point","coordinates":[121.60622,25.103168]}},{"type":"Feature","properties":{"id":"osm:way:683481747","name":"頂城福德宮","category":"place_of_worship","address":"231新北市新店區安康路一段76巷34-1號"},"geometry":{"type":"Point","coordinates":[121.528345,24.963563]}},{"type":"Feature","properties":{"id":"osm:way:684879982","name":"竹林義應公廟","category":"place_of_worship","address":"台北市文山區景興路297巷3號","religion":"chinese_folk"},"geometry":{"type":"Point","coordinates":[121.542516,24.989004]}},{"type":"Feature","properties":{"id":"osm:way:684879984","name":"紫範宮","category":"place_of_worship","religion":"chinese_folk"},"geometry":{"type":"Point","coordinates":[121.543901,24.990499]}},{"type":"Feature","properties":{"id":"osm:way:687532970","name":"萬善堂","category":"place_of_worship"},"geometry":{"type":"Point","coordinates":[121.495138,25.088235]}},{"type":"Feature","properties":{"id":"osm:way:687994724","name":"新店行道會","category":"place_of_worship","religion":"christian"},"geometry":{"type":"Point","coordinates":[121.533683,24.973241]}},{"type":"Feature","properties":{"id":"osm:way:689560365","name":"紫玄殿","category":"place_of_worship","religion":"taoist"},"geometry":{"type":"Point","coordinates":[121.49313,25.09674]}},{"type":"Feature","properties":{"id":"osm:way:689656061","name":"東山宮","category":"place_of_worship"},"geometry":{"type":"Point","coordinates":[121.474734,25.109619]}},{"type":"Feature","properties":{"id":"osm:way:691850220","name":"五港宮","category":"place_of_worship"},"geometry":{"type":"Point","coordinates":[121.521568,25.082317]}},{"type":"Feature","properties":{"id":"osm:way:697566932","name":"福德宮","category":"place_of_worship","address":"116008臺北市文山區木柵路二段67巷6號","religion":"taoist"},"geometry":{"type":"Point","coordinates":[121.560661,24.989181]}},{"type":"Feature","properties":{"id":"osm:way:708164156","name":"大稻埕千歲宮","category":"place_of_worship","phone":"+886 2 2555 7482"},"geometry":{"type":"Point","coordinates":[121.507434,25.055502]}},{"type":"Feature","properties":{"id":"osm:way:708201008","name":"萬隆集應廟","category":"place_of_worship","nameEn":"Wan Long Ji Ying Miao","address":"台北市文山區羅斯福路五段211巷1號","phone":"+886 2 2933 7257","wheelchair":"no","religion":"taoist"},"geometry":{"type":"Point","coordinates":[121.539195,25.002423]}},{"type":"Feature","properties":{"id":"osm:way:710699840","name":"木柵聖尊廟","category":"place_of_worship","address":"116臺北市文山區博嘉里18鄰木柵路四段123號"},"geometry":{"type":"Point","coordinates":[121.573879,24.997847]}},{"type":"Feature","properties":{"id":"osm:way:712414032","name":"崇德寺","category":"place_of_worship","address":"110台北市信義區崇德街297號","religion":"buddhist"},"geometry":{"type":"Point","coordinates":[121.563791,25.017299]}},{"type":"Feature","properties":{"id":"osm:way:718132106","name":"木柵忠順廟","category":"place_of_worship","address":"116臺北市文山區中崙路13號","religion":"taoist","denomination":"保儀大夫"},"geometry":{"type":"Point","coordinates":[121.564657,24.983661]}},{"type":"Feature","properties":{"id":"osm:way:718132133","name":"萬芳天祐宮","category":"place_of_worship"},"geometry":{"type":"Point","coordinates":[121.565915,24.997877]}},{"type":"Feature","properties":{"id":"osm:way:722665056","name":"臺灣道承宮","category":"place_of_worship"},"geometry":{"type":"Point","coordinates":[121.644694,25.10437]}},{"type":"Feature","properties":{"id":"osm:way:722665059","name":"南天宮","category":"place_of_worship","address":"新北市汐止區瑞松街18巷9號"},"geometry":{"type":"Point","coordinates":[121.645014,25.104053]}},{"type":"Feature","properties":{"id":"osm:way:724449072","name":"永和保福宮","category":"place_of_worship","address":"234新北市永和區仁愛路202巷11號","religion":"taoist"},"geometry":{"type":"Point","coordinates":[121.508654,25.013203]}},{"type":"Feature","properties":{"id":"osm:way:725126873","name":"福星宮","category":"place_of_worship"},"geometry":{"type":"Point","coordinates":[121.512375,25.110409]}},{"type":"Feature","properties":{"id":"osm:way:728834357","name":"福德廟","category":"place_of_worship","wheelchair":"yes"},"geometry":{"type":"Point","coordinates":[121.525848,25.12404]}},{"type":"Feature","properties":{"id":"osm:way:729335100","name":"蘆洲天主教堂","category":"place_of_worship","nameEn":"St Joseph Catholic Church","opening_hours":"24/7","address":"247新北市蘆洲區中正路70號","phone":"+886 2 8281 1038","website":"https://stjosephch.catholic.org.tw/","religion":"christian","denomination":"catholic"},"geometry":{"type":"Point","coordinates":[121.470688,25.083464]}},{"type":"Feature","properties":{"id":"osm:way:735264678","name":"天師宮","category":"place_of_worship"},"geometry":{"type":"Point","coordinates":[121.511091,25.067854]}},{"type":"Feature","properties":{"id":"osm:way:739126534","name":"慈濟潮州街靜思堂","category":"place_of_worship","religion":"buddhist"},"geometry":{"type":"Point","coordinates":[121.520854,25.029998]}},{"type":"Feature","properties":{"id":"osm:way:741034949","name":"大坪林聖三堂","category":"place_of_worship","address":"231新北市新店區寶安街26號","phone":"+886 2 29112459","website":"https://www.trinity26.tw/","religion":"christian","denomination":"catholic"},"geometry":{"type":"Point","coordinates":[121.542587,24.982291]}},{"type":"Feature","properties":{"id":"osm:way:74515749","name":"興南宮","category":"place_of_worship","address":"115臺北市南港區南港路一段138號"},"geometry":{"type":"Point","coordinates":[121.612857,25.055483]}},{"type":"Feature","properties":{"id":"osm:way:749852642","name":"真光堂","category":"place_of_worship","religion":"christian"},"geometry":{"type":"Point","coordinates":[121.523256,25.063859]}},{"type":"Feature","properties":{"id":"osm:way:751811583","name":"大直明山寺福天宮","category":"place_of_worship"},"geometry":{"type":"Point","coordinates":[121.553625,25.086346]}},{"type":"Feature","properties":{"id":"osm:way:753505379","name":"福聖宮","category":"place_of_worship"},"geometry":{"type":"Point","coordinates":[121.622513,25.029647]}},{"type":"Feature","properties":{"id":"osm:way:753544168","name":"鄭氏宗祠","category":"place_of_worship"},"geometry":{"type":"Point","coordinates":[121.554254,25.096245]}},{"type":"Feature","properties":{"id":"osm:way:756788903","name":"灸子頭福德宮","category":"place_of_worship","religion":"folk","denomination":"TaiwaneseFolkReligion"},"geometry":{"type":"Point","coordinates":[121.631052,24.987558]}},{"type":"Feature","properties":{"id":"osm:way:762746709","name":"覺風佛教藝術學院","category":"place_of_worship","religion":"buddhist"},"geometry":{"type":"Point","coordinates":[121.492505,25.147102]}},{"type":"Feature","properties":{"id":"osm:way:767906993","name":"埤墘福德宮","category":"place_of_worship","nameEn":"Piqian Fude Temple","address":"220新北市板橋區莊敬路179號","religion":"taoist"},"geometry":{"type":"Point","coordinates":[121.471425,25.023305]}},{"type":"Feature","properties":{"id":"osm:way:769172752","name":"十四張斯馨祠","category":"place_of_worship"},"geometry":{"type":"Point","coordinates":[121.529691,24.982707]}},{"type":"Feature","properties":{"id":"osm:way:772038385","name":"陳德星堂","category":"place_of_worship","address":"103臺北市大同區星明里7鄰平陽街39號","religion":"taoist"},"geometry":{"type":"Point","coordinates":[121.516168,25.055626]}},{"type":"Feature","properties":{"id":"osm:way:772155986","name":"清龍宮","category":"place_of_worship","address":"116016臺北市文山區新光路二段74巷20-1號","religion":"chinese_folk"},"geometry":{"type":"Point","coordinates":[121.598218,24.98933]}},{"type":"Feature","properties":{"id":"osm:way:772964636","name":"YMCA","category":"place_of_worship","religion":"christian"},"geometry":{"type":"Point","coordinates":[121.503662,25.038309]}},{"type":"Feature","properties":{"id":"osm:way:773559116","name":"仁德宮","category":"place_of_worship"},"geometry":{"type":"Point","coordinates":[121.568134,25.085306]}},{"type":"Feature","properties":{"id":"osm:way:782588166","name":"慶德宮","category":"place_of_worship","religion":"chinese_folk"},"geometry":{"type":"Point","coordinates":[121.553736,25.018163]}},{"type":"Feature","properties":{"id":"osm:way:783086416","name":"士林福壽宮","category":"place_of_worship","address":"111臺北市士林區福林里3鄰福林路254巷臨60之2號","phone":"+886 2 2882 6057","religion":"taoist"},"geometry":{"type":"Point","coordinates":[121.536461,25.097783]}},{"type":"Feature","properties":{"id":"osm:way:783868382","name":"百年土地公","category":"place_of_worship"},"geometry":{"type":"Point","coordinates":[121.667123,25.08408]}},{"type":"Feature","properties":{"id":"osm:way:79211506","name":"興安宮","category":"place_of_worship"},"geometry":{"type":"Point","coordinates":[121.583888,25.054613]}},{"type":"Feature","properties":{"id":"osm:way:792550954","name":"佛山寺","category":"place_of_worship","religion":"buddhist"},"geometry":{"type":"Point","coordinates":[121.582927,25.104316]}},{"type":"Feature","properties":{"id":"osm:way:796712970","name":"普濟寺","category":"place_of_worship","address":"104台北市大同區華陰街100號"},"geometry":{"type":"Point","coordinates":[121.514122,25.050435]}},{"type":"Feature","properties":{"id":"osm:way:800743712","name":"無極地海山金露天宮","category":"place_of_worship","religion":"taoist"},"geometry":{"type":"Point","coordinates":[121.547255,25.166787]}},{"type":"Feature","properties":{"id":"osm:way:807687592","name":"嶺頭喦","category":"place_of_worship","religion":"chinese_folk"},"geometry":{"type":"Point","coordinates":[121.574859,25.167076]}},{"type":"Feature","properties":{"id":"osm:way:808458657","name":"臺北市召會第十聚會所","category":"place_of_worship","religion":"christian"},"geometry":{"type":"Point","coordinates":[121.567525,24.989346]}},{"type":"Feature","properties":{"id":"osm:way:809806028","name":"關渡靜思堂","category":"place_of_worship","address":"112臺北市北投區一德里23鄰立德路8號","religion":"buddhist"},"geometry":{"type":"Point","coordinates":[121.472735,25.124168]}},{"type":"Feature","properties":{"id":"osm:way:813068152","name":"有求必應堂","category":"place_of_worship"},"geometry":{"type":"Point","coordinates":[121.540754,25.022603]}},{"type":"Feature","properties":{"id":"osm:way:813584598","name":"關渡宮","category":"place_of_worship","nameEn":"Guandu Temple","address":"臺北市北投區知行路360號","phone":"+886 2 2858 1281","website":"https://www.google.com/url?sa=t&rct=j&url=http%3A%2F%2Fwww.kuantu.org.tw%2F&source=maps&cd=1&usg=AOvVaw0nyPpDoJdqElCFVfdKPRf0&ved=1i%3A1%2Ct%3A3443%2Ce%3A0%2Cp%3AAmBEWpHhF5ayjwPurZqQBw%3A275","religion":"buddhist","denomination":"taoist"},"geometry":{"type":"Point","coordinates":[121.463968,25.117575]}},{"type":"Feature","properties":{"id":"osm:way:824474351","name":"木柵真北宮","category":"place_of_worship","address":"116臺北市文山區老泉里5鄰老泉街45巷4之1號","phone":"+886 2 2234 4726"},"geometry":{"type":"Point","coordinates":[121.568969,24.97232]}},{"type":"Feature","properties":{"id":"osm:way:824474375","name":"木柵明德宮","category":"place_of_worship","opening_hours":"07:00-17:00","address":"116026臺北市文山區老泉街45巷27-1號","phone":"+886 2 2939 4451","religion":"chinese_folk"},"geometry":{"type":"Point","coordinates":[121.5788,24.969981]}},{"type":"Feature","properties":{"id":"osm:way:827758933","name":"靜思堂","category":"place_of_worship","religion":"buddhist"},"geometry":{"type":"Point","coordinates":[121.512355,25.076063]}},{"type":"Feature","properties":{"id":"osm:way:828537553","name":"大香山慈音巖","category":"place_of_worship","religion":"taoist"},"geometry":{"type":"Point","coordinates":[121.559863,24.961016]}},{"type":"Feature","properties":{"id":"osm:way:831760162","name":"閭天宮","category":"place_of_worship","religion":"chinese_folk"},"geometry":{"type":"Point","coordinates":[121.590224,25.122955]}},{"type":"Feature","properties":{"id":"osm:way:831763848","name":"妙法寺","category":"place_of_worship","religion":"buddhist"},"geometry":{"type":"Point","coordinates":[121.586524,25.122998]}},{"type":"Feature","properties":{"id":"osm:way:833668648","name":"善德堂","category":"place_of_worship"},"geometry":{"type":"Point","coordinates":[121.596953,25.060695]}},{"type":"Feature","properties":{"id":"osm:way:837523580","name":"義聖殿","category":"place_of_worship","address":"新北市汐止區汐碇路555號","religion":"folk","denomination":"TaiwaneseFolkReligion"},"geometry":{"type":"Point","coordinates":[121.661954,25.033642]}},{"type":"Feature","properties":{"id":"osm:way:837523581","name":"白雲福德宮","category":"place_of_worship","religion":"folk","denomination":"TaiwaneseFolkReligion"},"geometry":{"type":"Point","coordinates":[121.645734,25.035714]}},{"type":"Feature","properties":{"id":"osm:way:844581938","name":"南山福德宮財神殿","category":"place_of_worship","religion":"taoist"},"geometry":{"type":"Point","coordinates":[121.497943,24.972683]}},{"type":"Feature","properties":{"id":"osm:way:851762509","name":"古聖廟行忠堂","category":"place_of_worship"},"geometry":{"type":"Point","coordinates":[121.480963,25.201889]}},{"type":"Feature","properties":{"id":"osm:way:855745117","name":"福德宮","category":"place_of_worship","religion":"buddhist"},"geometry":{"type":"Point","coordinates":[121.563235,25.121199]}},{"type":"Feature","properties":{"id":"osm:way:857153991","name":"台北市晨光早覺會（土地公廟）","category":"place_of_worship"},"geometry":{"type":"Point","coordinates":[121.527016,25.071119]}},{"type":"Feature","properties":{"id":"osm:way:857153995","name":"長青會（土地陰公廟）","category":"place_of_worship"},"geometry":{"type":"Point","coordinates":[121.527493,25.07066]}},{"type":"Feature","properties":{"id":"osm:way:887799061","name":"光興宮","category":"place_of_worship","religion":"buddhist"},"geometry":{"type":"Point","coordinates":[121.559425,25.120827]}},{"type":"Feature","properties":{"id":"osm:way:893890679","name":"竹月寺","category":"place_of_worship","religion":"buddhist"},"geometry":{"type":"Point","coordinates":[121.571592,25.089765]}},{"type":"Feature","properties":{"id":"osm:way:909674963","name":"永平寺","category":"place_of_worship"},"geometry":{"type":"Point","coordinates":[121.496139,25.200719]}},{"type":"Feature","properties":{"id":"osm:way:909674977","name":"北極信天宮","category":"place_of_worship","religion":"buddhist"},"geometry":{"type":"Point","coordinates":[121.515222,25.205792]}},{"type":"Feature","properties":{"id":"osm:way:922810409","name":"天皇宮","category":"place_of_worship","nameEn":"Tianhuang temple","religion":"taoist"},"geometry":{"type":"Point","coordinates":[121.524946,25.061591]}},{"type":"Feature","properties":{"id":"osm:way:942201068","name":"土地公廟","category":"place_of_worship"},"geometry":{"type":"Point","coordinates":[121.609013,25.035299]}},{"type":"Feature","properties":{"id":"osm:way:947631732","name":"主基督榮光教會","category":"place_of_worship","religion":"christian"},"geometry":{"type":"Point","coordinates":[121.479859,25.022589]}},{"type":"Feature","properties":{"id":"osm:way:948881123","name":"雙連長老教會","category":"place_of_worship","wheelchair":"yes","religion":"christian"},"geometry":{"type":"Point","coordinates":[121.523286,25.059963]}},{"type":"Feature","properties":{"id":"osm:way:950388567","name":"南港浸信會","category":"place_of_worship","nameEn":"Nam Gang Baptist Chruch","address":"115028臺北市南港區興華路62號","website":"https://ngbc.org.tw/","religion":"christian","denomination":"baptist"},"geometry":{"type":"Point","coordinates":[121.605688,25.055202]}},{"type":"Feature","properties":{"id":"osm:way:951581595","name":"台北浸信會我們教會","category":"place_of_worship","nameEn":"Taipei Our Baptists Chruch","address":"104003臺北市中山區中山北路一段121巷32號","phone":"+886 2 2537-5469","religion":"christian","denomination":"baptist"},"geometry":{"type":"Point","coordinates":[121.524301,25.05085]}},{"type":"Feature","properties":{"id":"osm:way:964899744","name":"碧霞宮","category":"place_of_worship"},"geometry":{"type":"Point","coordinates":[121.589015,25.094021]}},{"type":"Feature","properties":{"id":"osm:way:967852924","name":"觀音閣","category":"place_of_worship"},"geometry":{"type":"Point","coordinates":[121.595033,25.082314]}},{"type":"Feature","properties":{"id":"osm:way:970319711","name":"臺北聖化宮","category":"place_of_worship","religion":"taoist"},"geometry":{"type":"Point","coordinates":[121.585739,25.067664]}},{"type":"Feature","properties":{"id":"osm:way:971970916","name":"白雲石財神","category":"place_of_worship"},"geometry":{"type":"Point","coordinates":[121.659241,25.050395]}},{"type":"Feature","properties":{"id":"osm:way:971970931","name":"栳枋崎福德宮","category":"place_of_worship"},"geometry":{"type":"Point","coordinates":[121.65413,25.04286]}},{"type":"Feature","properties":{"id":"osm:way:979441466","name":"大慈佛社","category":"place_of_worship","religion":"buddhist"},"geometry":{"type":"Point","coordinates":[121.550427,24.989546]}},{"type":"Feature","properties":{"id":"osm:way:984778207","name":"鹽水洞萬善祠","category":"place_of_worship","religion":"taoist"},"geometry":{"type":"Point","coordinates":[121.660309,25.07624]}},{"type":"Feature","properties":{"id":"osm:way:989067754","name":"安靈堂","category":"place_of_worship"},"geometry":{"type":"Point","coordinates":[121.580296,24.978431]}},{"type":"Feature","properties":{"id":"osm:way:991517226","name":"興隆宮","category":"place_of_worship","address":"116臺北市文山區興隆路三段229巷臨5之2號","religion":"taoist"},"geometry":{"type":"Point","coordinates":[121.559714,24.992873]}},{"type":"Feature","properties":{"id":"osm:way:999820273","name":"板橋福德祠","category":"place_of_worship"},"geometry":{"type":"Point","coordinates":[121.463883,24.999568]}}]}